ISO-10303-21;
HEADER;
FILE_DESCRIPTION(('Open CASCADE Model'),'2;1');
FILE_NAME('Open CASCADE Shape Model','2026-09-30T11:40:28',('Author'),(
    'Open CASCADE'),'Open CASCADE STEP processor 7.9','Open CASCADE 7.9'
  ,'Unknown');
FILE_SCHEMA(('AUTOMOTIVE_DESIGN { 1 0 10303 214 1 1 1 1 }'));
ENDSEC;
DATA;
#1 = APPLICATION_PROTOCOL_DEFINITION('international standard',
  'automotive_design',2000,#2);
#2 = APPLICATION_CONTEXT(
  'core data for automotive mechanical design processes');
#3 = SHAPE_DEFINITION_REPRESENTATION(#4,#10);
#4 = PRODUCT_DEFINITION_SHAPE('','',#5);
#5 = PRODUCT_DEFINITION('design','',#6,#9);
#6 = PRODUCT_DEFINITION_FORMATION('','',#7);
#7 = PRODUCT('Open CASCADE STEP translator 7.9 9',
  'Open CASCADE STEP translator 7.9 9','',(#8));
#8 = PRODUCT_CONTEXT('',#2,'mechanical');
#9 = PRODUCT_DEFINITION_CONTEXT('part definition',#2,'design');
#10 = ADVANCED_BREP_SHAPE_REPRESENTATION('',(#11,#15),#6427);
#11 = AXIS2_PLACEMENT_3D('',#12,#13,#14);
#12 = CARTESIAN_POINT('',(0.,0.,0.));
#13 = DIRECTION('',(0.,0.,1.));
#14 = DIRECTION('',(1.,0.,-0.));
#15 = MANIFOLD_SOLID_BREP('',#16);
#16 = CLOSED_SHELL('',(#17,#585,#661,#1269,#1776,#1803,#1877,#1927,#1977
    ,#2002,#2076,#2126,#2176,#2201,#2275,#2325,#2375,#2400,#2474,#2524,
    #2571,#2599,#2624,#2718,#2829,#2876,#2960,#2985,#3010,#3037,#3062,
    #3069,#3124,#3171,#3198,#3225,#3232,#3306,#4028,#4735,#4760,#4815,
    #4869,#4924,#4949,#4974,#5092,#5200,#5308,#5431,#5456,#5539,#5546,
    #5647,#5748,#5797,#5871,#5920,#5994,#6001,#6008,#6012,#6016,#6065,
    #6115,#6142,#6169,#6196,#6272,#6322,#6372,#6399,#6406,#6413,#6420));
#17 = ADVANCED_FACE('',(#18,#137,#249,#361,#473),#32,.T.);
#18 = FACE_BOUND('',#19,.T.);
#19 = EDGE_LOOP('',(#20,#55,#83,#111));
#20 = ORIENTED_EDGE('',*,*,#21,.T.);
#21 = EDGE_CURVE('',#22,#24,#26,.T.);
#22 = VERTEX_POINT('',#23);
#23 = CARTESIAN_POINT('',(-40.,49.,107.));
#24 = VERTEX_POINT('',#25);
#25 = CARTESIAN_POINT('',(-40.,61.,107.));
#26 = SURFACE_CURVE('',#27,(#31,#43),.PCURVE_S1.);
#27 = LINE('',#28,#29);
#28 = CARTESIAN_POINT('',(-40.,49.,107.));
#29 = VECTOR('',#30,1.);
#30 = DIRECTION('',(-0.,1.,-0.));
#31 = PCURVE('',#32,#37);
#32 = PLANE('',#33);
#33 = AXIS2_PLACEMENT_3D('',#34,#35,#36);
#34 = CARTESIAN_POINT('',(-40.,49.,107.));
#35 = DIRECTION('',(0.,0.,-1.));
#36 = DIRECTION('',(1.,0.,0.));
#37 = DEFINITIONAL_REPRESENTATION('',(#38),#42);
#38 = LINE('',#39,#40);
#39 = CARTESIAN_POINT('',(0.,0.));
#40 = VECTOR('',#41,1.);
#41 = DIRECTION('',(0.,-1.));
#42 = ( GEOMETRIC_REPRESENTATION_CONTEXT(2) 
PARAMETRIC_REPRESENTATION_CONTEXT() REPRESENTATION_CONTEXT('2D SPACE',''
  ) );
#43 = PCURVE('',#44,#49);
#44 = PLANE('',#45);
#45 = AXIS2_PLACEMENT_3D('',#46,#47,#48);
#46 = CARTESIAN_POINT('',(-40.,49.,107.));
#47 = DIRECTION('',(1.,0.,0.));
#48 = DIRECTION('',(0.,0.,1.));
#49 = DEFINITIONAL_REPRESENTATION('',(#50),#54);
#50 = LINE('',#51,#52);
#51 = CARTESIAN_POINT('',(0.,0.));
#52 = VECTOR('',#53,1.);
#53 = DIRECTION('',(0.,-1.));
#54 = ( GEOMETRIC_REPRESENTATION_CONTEXT(2) 
PARAMETRIC_REPRESENTATION_CONTEXT() REPRESENTATION_CONTEXT('2D SPACE',''
  ) );
#55 = ORIENTED_EDGE('',*,*,#56,.T.);
#56 = EDGE_CURVE('',#24,#57,#59,.T.);
#57 = VERTEX_POINT('',#58);
#58 = CARTESIAN_POINT('',(40.,61.,107.));
#59 = SURFACE_CURVE('',#60,(#64,#71),.PCURVE_S1.);
#60 = LINE('',#61,#62);
#61 = CARTESIAN_POINT('',(-40.,61.,107.));
#62 = VECTOR('',#63,1.);
#63 = DIRECTION('',(1.,0.,0.));
#64 = PCURVE('',#32,#65);
#65 = DEFINITIONAL_REPRESENTATION('',(#66),#70);
#66 = LINE('',#67,#68);
#67 = CARTESIAN_POINT('',(0.,-12.));
#68 = VECTOR('',#69,1.);
#69 = DIRECTION('',(1.,0.));
#70 = ( GEOMETRIC_REPRESENTATION_CONTEXT(2) 
PARAMETRIC_REPRESENTATION_CONTEXT() REPRESENTATION_CONTEXT('2D SPACE',''
  ) );
#71 = PCURVE('',#72,#77);
#72 = PLANE('',#73);
#73 = AXIS2_PLACEMENT_3D('',#74,#75,#76);
#74 = CARTESIAN_POINT('',(0.,61.,153.61154671071));
#75 = DIRECTION('',(-0.,-1.,-0.));
#76 = DIRECTION('',(0.,0.,-1.));
#77 = DEFINITIONAL_REPRESENTATION('',(#78),#82);
#78 = LINE('',#79,#80);
#79 = CARTESIAN_POINT('',(46.611546710718,-40.));
#80 = VECTOR('',#81,1.);
#81 = DIRECTION('',(0.,1.));
#82 = ( GEOMETRIC_REPRESENTATION_CONTEXT(2) 
PARAMETRIC_REPRESENTATION_CONTEXT() REPRESENTATION_CONTEXT('2D SPACE',''
  ) );
#83 = ORIENTED_EDGE('',*,*,#84,.F.);
#84 = EDGE_CURVE('',#85,#57,#87,.T.);
#85 = VERTEX_POINT('',#86);
#86 = CARTESIAN_POINT('',(40.,49.,107.));
#87 = SURFACE_CURVE('',#88,(#92,#99),.PCURVE_S1.);
#88 = LINE('',#89,#90);
#89 = CARTESIAN_POINT('',(40.,49.,107.));
#90 = VECTOR('',#91,1.);
#91 = DIRECTION('',(-0.,1.,-0.));
#92 = PCURVE('',#32,#93);
#93 = DEFINITIONAL_REPRESENTATION('',(#94),#98);
#94 = LINE('',#95,#96);
#95 = CARTESIAN_POINT('',(80.,0.));
#96 = VECTOR('',#97,1.);
#97 = DIRECTION('',(0.,-1.));
#98 = ( GEOMETRIC_REPRESENTATION_CONTEXT(2) 
PARAMETRIC_REPRESENTATION_CONTEXT() REPRESENTATION_CONTEXT('2D SPACE',''
  ) );
#99 = PCURVE('',#100,#105);
#100 = PLANE('',#101);
#101 = AXIS2_PLACEMENT_3D('',#102,#103,#104);
#102 = CARTESIAN_POINT('',(40.,49.,107.));
#103 = DIRECTION('',(1.,0.,0.));
#104 = DIRECTION('',(0.,0.,1.));
#105 = DEFINITIONAL_REPRESENTATION('',(#106),#110);
#106 = LINE('',#107,#108);
#107 = CARTESIAN_POINT('',(0.,0.));
#108 = VECTOR('',#109,1.);
#109 = DIRECTION('',(0.,-1.));
#110 = ( GEOMETRIC_REPRESENTATION_CONTEXT(2) 
PARAMETRIC_REPRESENTATION_CONTEXT() REPRESENTATION_CONTEXT('2D SPACE',''
  ) );
#111 = ORIENTED_EDGE('',*,*,#112,.F.);
#112 = EDGE_CURVE('',#22,#85,#113,.T.);
#113 = SURFACE_CURVE('',#114,(#118,#125),.PCURVE_S1.);
#114 = LINE('',#115,#116);
#115 = CARTESIAN_POINT('',(-40.,49.,107.));
#116 = VECTOR('',#117,1.);
#117 = DIRECTION('',(1.,0.,0.));
#118 = PCURVE('',#32,#119);
#119 = DEFINITIONAL_REPRESENTATION('',(#120),#124);
#120 = LINE('',#121,#122);
#121 = CARTESIAN_POINT('',(0.,0.));
#122 = VECTOR('',#123,1.);
#123 = DIRECTION('',(1.,0.));
#124 = ( GEOMETRIC_REPRESENTATION_CONTEXT(2) 
PARAMETRIC_REPRESENTATION_CONTEXT() REPRESENTATION_CONTEXT('2D SPACE',''
  ) );
#125 = PCURVE('',#126,#131);
#126 = PLANE('',#127);
#127 = AXIS2_PLACEMENT_3D('',#128,#129,#130);
#128 = CARTESIAN_POINT('',(0.,49.,153.61154671071));
#129 = DIRECTION('',(-0.,-1.,-0.));
#130 = DIRECTION('',(0.,0.,-1.));
#131 = DEFINITIONAL_REPRESENTATION('',(#132),#136);
#132 = LINE('',#133,#134);
#133 = CARTESIAN_POINT('',(46.611546710718,-40.));
#134 = VECTOR('',#135,1.);
#135 = DIRECTION('',(0.,1.));
#136 = ( GEOMETRIC_REPRESENTATION_CONTEXT(2) 
PARAMETRIC_REPRESENTATION_CONTEXT() REPRESENTATION_CONTEXT('2D SPACE',''
  ) );
#137 = FACE_BOUND('',#138,.T.);
#138 = EDGE_LOOP('',(#139,#167,#196,#222));
#139 = ORIENTED_EDGE('',*,*,#140,.F.);
#140 = EDGE_CURVE('',#141,#143,#145,.T.);
#141 = VERTEX_POINT('',#142);
#142 = CARTESIAN_POINT('',(-28.15,53.5,107.));
#143 = VERTEX_POINT('',#144);
#144 = CARTESIAN_POINT('',(-28.15,56.5,107.));
#145 = SURFACE_CURVE('',#146,(#150,#156),.PCURVE_S1.);
#146 = LINE('',#147,#148);
#147 = CARTESIAN_POINT('',(-28.15,51.25,107.));
#148 = VECTOR('',#149,1.);
#149 = DIRECTION('',(1.110223024625E-16,1.,0.));
#150 = PCURVE('',#32,#151);
#151 = DEFINITIONAL_REPRESENTATION('',(#152),#155);
#152 = B_SPLINE_CURVE_WITH_KNOTS('',1,(#153,#154),.UNSPECIFIED.,.F.,.F.,
  (2,2),(2.25,5.25),.PIECEWISE_BEZIER_KNOTS.);
#153 = CARTESIAN_POINT('',(11.85,-4.5));
#154 = CARTESIAN_POINT('',(11.85,-7.5));
#155 = ( GEOMETRIC_REPRESENTATION_CONTEXT(2) 
PARAMETRIC_REPRESENTATION_CONTEXT() REPRESENTATION_CONTEXT('2D SPACE',''
  ) );
#156 = PCURVE('',#157,#162);
#157 = PLANE('',#158);
#158 = AXIS2_PLACEMENT_3D('',#159,#160,#161);
#159 = CARTESIAN_POINT('',(-28.15,53.5,106.));
#160 = DIRECTION('',(-1.,1.110223024625E-16,0.));
#161 = DIRECTION('',(1.110223024625E-16,1.,0.));
#162 = DEFINITIONAL_REPRESENTATION('',(#163),#166);
#163 = B_SPLINE_CURVE_WITH_KNOTS('',1,(#164,#165),.UNSPECIFIED.,.F.,.F.,
  (2,2),(2.25,5.25),.PIECEWISE_BEZIER_KNOTS.);
#164 = CARTESIAN_POINT('',(0.,-1.));
#165 = CARTESIAN_POINT('',(3.,-1.));
#166 = ( GEOMETRIC_REPRESENTATION_CONTEXT(2) 
PARAMETRIC_REPRESENTATION_CONTEXT() REPRESENTATION_CONTEXT('2D SPACE',''
  ) );
#167 = ORIENTED_EDGE('',*,*,#168,.F.);
#168 = EDGE_CURVE('',#169,#141,#171,.T.);
#169 = VERTEX_POINT('',#170);
#170 = CARTESIAN_POINT('',(-23.85,53.5,107.));
#171 = SURFACE_CURVE('',#172,(#177,#184),.PCURVE_S1.);
#172 = CIRCLE('',#173,2.15);
#173 = AXIS2_PLACEMENT_3D('',#174,#175,#176);
#174 = CARTESIAN_POINT('',(-26.,53.5,107.));
#175 = DIRECTION('',(0.,-0.,-1.));
#176 = DIRECTION('',(1.,-1.110223024625E-16,0.));
#177 = PCURVE('',#32,#178);
#178 = DEFINITIONAL_REPRESENTATION('',(#179),#183);
#179 = CIRCLE('',#180,2.15);
#180 = AXIS2_PLACEMENT_2D('',#181,#182);
#181 = CARTESIAN_POINT('',(14.,-4.5));
#182 = DIRECTION('',(1.,1.110223024625E-16));
#183 = ( GEOMETRIC_REPRESENTATION_CONTEXT(2) 
PARAMETRIC_REPRESENTATION_CONTEXT() REPRESENTATION_CONTEXT('2D SPACE',''
  ) );
#184 = PCURVE('',#185,#190);
#185 = CYLINDRICAL_SURFACE('',#186,2.15);
#186 = AXIS2_PLACEMENT_3D('',#187,#188,#189);
#187 = CARTESIAN_POINT('',(-26.,53.5,106.));
#188 = DIRECTION('',(0.,-0.,-1.));
#189 = DIRECTION('',(1.,-1.110223024625E-16,0.));
#190 = DEFINITIONAL_REPRESENTATION('',(#191),#195);
#191 = LINE('',#192,#193);
#192 = CARTESIAN_POINT('',(0.,-1.));
#193 = VECTOR('',#194,1.);
#194 = DIRECTION('',(1.,0.));
#195 = ( GEOMETRIC_REPRESENTATION_CONTEXT(2) 
PARAMETRIC_REPRESENTATION_CONTEXT() REPRESENTATION_CONTEXT('2D SPACE',''
  ) );
#196 = ORIENTED_EDGE('',*,*,#197,.F.);
#197 = EDGE_CURVE('',#198,#169,#200,.T.);
#198 = VERTEX_POINT('',#199);
#199 = CARTESIAN_POINT('',(-23.85,56.5,107.));
#200 = SURFACE_CURVE('',#201,(#205,#211),.PCURVE_S1.);
#201 = LINE('',#202,#203);
#202 = CARTESIAN_POINT('',(-23.85,52.75,107.));
#203 = VECTOR('',#204,1.);
#204 = DIRECTION('',(-1.110223024625E-16,-1.,-0.));
#205 = PCURVE('',#32,#206);
#206 = DEFINITIONAL_REPRESENTATION('',(#207),#210);
#207 = B_SPLINE_CURVE_WITH_KNOTS('',1,(#208,#209),.UNSPECIFIED.,.F.,.F.,
  (2,2),(-3.75,-0.75),.PIECEWISE_BEZIER_KNOTS.);
#208 = CARTESIAN_POINT('',(16.15,-7.5));
#209 = CARTESIAN_POINT('',(16.15,-4.5));
#210 = ( GEOMETRIC_REPRESENTATION_CONTEXT(2) 
PARAMETRIC_REPRESENTATION_CONTEXT() REPRESENTATION_CONTEXT('2D SPACE',''
  ) );
#211 = PCURVE('',#212,#217);
#212 = PLANE('',#213);
#213 = AXIS2_PLACEMENT_3D('',#214,#215,#216);
#214 = CARTESIAN_POINT('',(-23.85,56.5,106.));
#215 = DIRECTION('',(1.,-1.110223024625E-16,0.));
#216 = DIRECTION('',(-1.110223024625E-16,-1.,0.));
#217 = DEFINITIONAL_REPRESENTATION('',(#218),#221);
#218 = B_SPLINE_CURVE_WITH_KNOTS('',1,(#219,#220),.UNSPECIFIED.,.F.,.F.,
  (2,2),(-3.75,-0.75),.PIECEWISE_BEZIER_KNOTS.);
#219 = CARTESIAN_POINT('',(0.,-1.));
#220 = CARTESIAN_POINT('',(3.,-1.));
#221 = ( GEOMETRIC_REPRESENTATION_CONTEXT(2) 
PARAMETRIC_REPRESENTATION_CONTEXT() REPRESENTATION_CONTEXT('2D SPACE',''
  ) );
#222 = ORIENTED_EDGE('',*,*,#223,.F.);
#223 = EDGE_CURVE('',#143,#198,#224,.T.);
#224 = SURFACE_CURVE('',#225,(#230,#237),.PCURVE_S1.);
#225 = CIRCLE('',#226,2.15);
#226 = AXIS2_PLACEMENT_3D('',#227,#228,#229);
#227 = CARTESIAN_POINT('',(-26.,56.5,107.));
#228 = DIRECTION('',(0.,0.,-1.));
#229 = DIRECTION('',(-1.,1.110223024625E-16,0.));
#230 = PCURVE('',#32,#231);
#231 = DEFINITIONAL_REPRESENTATION('',(#232),#236);
#232 = CIRCLE('',#233,2.15);
#233 = AXIS2_PLACEMENT_2D('',#234,#235);
#234 = CARTESIAN_POINT('',(14.,-7.5));
#235 = DIRECTION('',(-1.,-1.110223024625E-16));
#236 = ( GEOMETRIC_REPRESENTATION_CONTEXT(2) 
PARAMETRIC_REPRESENTATION_CONTEXT() REPRESENTATION_CONTEXT('2D SPACE',''
  ) );
#237 = PCURVE('',#238,#243);
#238 = CYLINDRICAL_SURFACE('',#239,2.15);
#239 = AXIS2_PLACEMENT_3D('',#240,#241,#242);
#240 = CARTESIAN_POINT('',(-26.,56.5,106.));
#241 = DIRECTION('',(0.,0.,-1.));
#242 = DIRECTION('',(-1.,1.110223024625E-16,0.));
#243 = DEFINITIONAL_REPRESENTATION('',(#244),#248);
#244 = LINE('',#245,#246);
#245 = CARTESIAN_POINT('',(0.,-1.));
#246 = VECTOR('',#247,1.);
#247 = DIRECTION('',(1.,0.));
#248 = ( GEOMETRIC_REPRESENTATION_CONTEXT(2) 
PARAMETRIC_REPRESENTATION_CONTEXT() REPRESENTATION_CONTEXT('2D SPACE',''
  ) );
#249 = FACE_BOUND('',#250,.T.);
#250 = EDGE_LOOP('',(#251,#279,#308,#334));
#251 = ORIENTED_EDGE('',*,*,#252,.F.);
#252 = EDGE_CURVE('',#253,#255,#257,.T.);
#253 = VERTEX_POINT('',#254);
#254 = CARTESIAN_POINT('',(-10.15,53.5,107.));
#255 = VERTEX_POINT('',#256);
#256 = CARTESIAN_POINT('',(-10.15,56.5,107.));
#257 = SURFACE_CURVE('',#258,(#262,#268),.PCURVE_S1.);
#258 = LINE('',#259,#260);
#259 = CARTESIAN_POINT('',(-10.15,51.25,107.));
#260 = VECTOR('',#261,1.);
#261 = DIRECTION('',(1.110223024625E-16,1.,0.));
#262 = PCURVE('',#32,#263);
#263 = DEFINITIONAL_REPRESENTATION('',(#264),#267);
#264 = B_SPLINE_CURVE_WITH_KNOTS('',1,(#265,#266),.UNSPECIFIED.,.F.,.F.,
  (2,2),(2.25,5.25),.PIECEWISE_BEZIER_KNOTS.);
#265 = CARTESIAN_POINT('',(29.85,-4.5));
#266 = CARTESIAN_POINT('',(29.85,-7.5));
#267 = ( GEOMETRIC_REPRESENTATION_CONTEXT(2) 
PARAMETRIC_REPRESENTATION_CONTEXT() REPRESENTATION_CONTEXT('2D SPACE',''
  ) );
#268 = PCURVE('',#269,#274);
#269 = PLANE('',#270);
#270 = AXIS2_PLACEMENT_3D('',#271,#272,#273);
#271 = CARTESIAN_POINT('',(-10.15,53.5,106.));
#272 = DIRECTION('',(-1.,1.110223024625E-16,0.));
#273 = DIRECTION('',(1.110223024625E-16,1.,0.));
#274 = DEFINITIONAL_REPRESENTATION('',(#275),#278);
#275 = B_SPLINE_CURVE_WITH_KNOTS('',1,(#276,#277),.UNSPECIFIED.,.F.,.F.,
  (2,2),(2.25,5.25),.PIECEWISE_BEZIER_KNOTS.);
#276 = CARTESIAN_POINT('',(0.,-1.));
#277 = CARTESIAN_POINT('',(3.,-1.));
#278 = ( GEOMETRIC_REPRESENTATION_CONTEXT(2) 
PARAMETRIC_REPRESENTATION_CONTEXT() REPRESENTATION_CONTEXT('2D SPACE',''
  ) );
#279 = ORIENTED_EDGE('',*,*,#280,.F.);
#280 = EDGE_CURVE('',#281,#253,#283,.T.);
#281 = VERTEX_POINT('',#282);
#282 = CARTESIAN_POINT('',(-5.85,53.5,107.));
#283 = SURFACE_CURVE('',#284,(#289,#296),.PCURVE_S1.);
#284 = CIRCLE('',#285,2.15);
#285 = AXIS2_PLACEMENT_3D('',#286,#287,#288);
#286 = CARTESIAN_POINT('',(-8.,53.5,107.));
#287 = DIRECTION('',(0.,-0.,-1.));
#288 = DIRECTION('',(1.,-1.110223024625E-16,0.));
#289 = PCURVE('',#32,#290);
#290 = DEFINITIONAL_REPRESENTATION('',(#291),#295);
#291 = CIRCLE('',#292,2.15);
#292 = AXIS2_PLACEMENT_2D('',#293,#294);
#293 = CARTESIAN_POINT('',(32.,-4.5));
#294 = DIRECTION('',(1.,1.110223024625E-16));
#295 = ( GEOMETRIC_REPRESENTATION_CONTEXT(2) 
PARAMETRIC_REPRESENTATION_CONTEXT() REPRESENTATION_CONTEXT('2D SPACE',''
  ) );
#296 = PCURVE('',#297,#302);
#297 = CYLINDRICAL_SURFACE('',#298,2.15);
#298 = AXIS2_PLACEMENT_3D('',#299,#300,#301);
#299 = CARTESIAN_POINT('',(-8.,53.5,106.));
#300 = DIRECTION('',(0.,-0.,-1.));
#301 = DIRECTION('',(1.,-1.110223024625E-16,0.));
#302 = DEFINITIONAL_REPRESENTATION('',(#303),#307);
#303 = LINE('',#304,#305);
#304 = CARTESIAN_POINT('',(0.,-1.));
#305 = VECTOR('',#306,1.);
#306 = DIRECTION('',(1.,0.));
#307 = ( GEOMETRIC_REPRESENTATION_CONTEXT(2) 
PARAMETRIC_REPRESENTATION_CONTEXT() REPRESENTATION_CONTEXT('2D SPACE',''
  ) );
#308 = ORIENTED_EDGE('',*,*,#309,.F.);
#309 = EDGE_CURVE('',#310,#281,#312,.T.);
#310 = VERTEX_POINT('',#311);
#311 = CARTESIAN_POINT('',(-5.85,56.5,107.));
#312 = SURFACE_CURVE('',#313,(#317,#323),.PCURVE_S1.);
#313 = LINE('',#314,#315);
#314 = CARTESIAN_POINT('',(-5.85,52.75,107.));
#315 = VECTOR('',#316,1.);
#316 = DIRECTION('',(-1.110223024625E-16,-1.,-0.));
#317 = PCURVE('',#32,#318);
#318 = DEFINITIONAL_REPRESENTATION('',(#319),#322);
#319 = B_SPLINE_CURVE_WITH_KNOTS('',1,(#320,#321),.UNSPECIFIED.,.F.,.F.,
  (2,2),(-3.75,-0.75),.PIECEWISE_BEZIER_KNOTS.);
#320 = CARTESIAN_POINT('',(34.15,-7.5));
#321 = CARTESIAN_POINT('',(34.15,-4.5));
#322 = ( GEOMETRIC_REPRESENTATION_CONTEXT(2) 
PARAMETRIC_REPRESENTATION_CONTEXT() REPRESENTATION_CONTEXT('2D SPACE',''
  ) );
#323 = PCURVE('',#324,#329);
#324 = PLANE('',#325);
#325 = AXIS2_PLACEMENT_3D('',#326,#327,#328);
#326 = CARTESIAN_POINT('',(-5.85,56.5,106.));
#327 = DIRECTION('',(1.,-1.110223024625E-16,0.));
#328 = DIRECTION('',(-1.110223024625E-16,-1.,0.));
#329 = DEFINITIONAL_REPRESENTATION('',(#330),#333);
#330 = B_SPLINE_CURVE_WITH_KNOTS('',1,(#331,#332),.UNSPECIFIED.,.F.,.F.,
  (2,2),(-3.75,-0.75),.PIECEWISE_BEZIER_KNOTS.);
#331 = CARTESIAN_POINT('',(0.,-1.));
#332 = CARTESIAN_POINT('',(3.,-1.));
#333 = ( GEOMETRIC_REPRESENTATION_CONTEXT(2) 
PARAMETRIC_REPRESENTATION_CONTEXT() REPRESENTATION_CONTEXT('2D SPACE',''
  ) );
#334 = ORIENTED_EDGE('',*,*,#335,.F.);
#335 = EDGE_CURVE('',#255,#310,#336,.T.);
#336 = SURFACE_CURVE('',#337,(#342,#349),.PCURVE_S1.);
#337 = CIRCLE('',#338,2.15);
#338 = AXIS2_PLACEMENT_3D('',#339,#340,#341);
#339 = CARTESIAN_POINT('',(-8.,56.5,107.));
#340 = DIRECTION('',(0.,0.,-1.));
#341 = DIRECTION('',(-1.,1.110223024625E-16,0.));
#342 = PCURVE('',#32,#343);
#343 = DEFINITIONAL_REPRESENTATION('',(#344),#348);
#344 = CIRCLE('',#345,2.15);
#345 = AXIS2_PLACEMENT_2D('',#346,#347);
#346 = CARTESIAN_POINT('',(32.,-7.5));
#347 = DIRECTION('',(-1.,-1.110223024625E-16));
#348 = ( GEOMETRIC_REPRESENTATION_CONTEXT(2) 
PARAMETRIC_REPRESENTATION_CONTEXT() REPRESENTATION_CONTEXT('2D SPACE',''
  ) );
#349 = PCURVE('',#350,#355);
#350 = CYLINDRICAL_SURFACE('',#351,2.15);
#351 = AXIS2_PLACEMENT_3D('',#352,#353,#354);
#352 = CARTESIAN_POINT('',(-8.,56.5,106.));
#353 = DIRECTION('',(0.,0.,-1.));
#354 = DIRECTION('',(-1.,1.110223024625E-16,0.));
#355 = DEFINITIONAL_REPRESENTATION('',(#356),#360);
#356 = LINE('',#357,#358);
#357 = CARTESIAN_POINT('',(0.,-1.));
#358 = VECTOR('',#359,1.);
#359 = DIRECTION('',(1.,0.));
#360 = ( GEOMETRIC_REPRESENTATION_CONTEXT(2) 
PARAMETRIC_REPRESENTATION_CONTEXT() REPRESENTATION_CONTEXT('2D SPACE',''
  ) );
#361 = FACE_BOUND('',#362,.T.);
#362 = EDGE_LOOP('',(#363,#391,#420,#446));
#363 = ORIENTED_EDGE('',*,*,#364,.F.);
#364 = EDGE_CURVE('',#365,#367,#369,.T.);
#365 = VERTEX_POINT('',#366);
#366 = CARTESIAN_POINT('',(5.85,53.5,107.));
#367 = VERTEX_POINT('',#368);
#368 = CARTESIAN_POINT('',(5.85,56.5,107.));
#369 = SURFACE_CURVE('',#370,(#374,#380),.PCURVE_S1.);
#370 = LINE('',#371,#372);
#371 = CARTESIAN_POINT('',(5.85,51.25,107.));
#372 = VECTOR('',#373,1.);
#373 = DIRECTION('',(1.110223024625E-16,1.,0.));
#374 = PCURVE('',#32,#375);
#375 = DEFINITIONAL_REPRESENTATION('',(#376),#379);
#376 = B_SPLINE_CURVE_WITH_KNOTS('',1,(#377,#378),.UNSPECIFIED.,.F.,.F.,
  (2,2),(2.25,5.25),.PIECEWISE_BEZIER_KNOTS.);
#377 = CARTESIAN_POINT('',(45.85,-4.5));
#378 = CARTESIAN_POINT('',(45.85,-7.5));
#379 = ( GEOMETRIC_REPRESENTATION_CONTEXT(2) 
PARAMETRIC_REPRESENTATION_CONTEXT() REPRESENTATION_CONTEXT('2D SPACE',''
  ) );
#380 = PCURVE('',#381,#386);
#381 = PLANE('',#382);
#382 = AXIS2_PLACEMENT_3D('',#383,#384,#385);
#383 = CARTESIAN_POINT('',(5.85,53.5,106.));
#384 = DIRECTION('',(-1.,1.110223024625E-16,0.));
#385 = DIRECTION('',(1.110223024625E-16,1.,0.));
#386 = DEFINITIONAL_REPRESENTATION('',(#387),#390);
#387 = B_SPLINE_CURVE_WITH_KNOTS('',1,(#388,#389),.UNSPECIFIED.,.F.,.F.,
  (2,2),(2.25,5.25),.PIECEWISE_BEZIER_KNOTS.);
#388 = CARTESIAN_POINT('',(0.,-1.));
#389 = CARTESIAN_POINT('',(3.,-1.));
#390 = ( GEOMETRIC_REPRESENTATION_CONTEXT(2) 
PARAMETRIC_REPRESENTATION_CONTEXT() REPRESENTATION_CONTEXT('2D SPACE',''
  ) );
#391 = ORIENTED_EDGE('',*,*,#392,.F.);
#392 = EDGE_CURVE('',#393,#365,#395,.T.);
#393 = VERTEX_POINT('',#394);
#394 = CARTESIAN_POINT('',(10.15,53.5,107.));
#395 = SURFACE_CURVE('',#396,(#401,#408),.PCURVE_S1.);
#396 = CIRCLE('',#397,2.15);
#397 = AXIS2_PLACEMENT_3D('',#398,#399,#400);
#398 = CARTESIAN_POINT('',(8.,53.5,107.));
#399 = DIRECTION('',(0.,-0.,-1.));
#400 = DIRECTION('',(1.,-1.110223024625E-16,0.));
#401 = PCURVE('',#32,#402);
#402 = DEFINITIONAL_REPRESENTATION('',(#403),#407);
#403 = CIRCLE('',#404,2.15);
#404 = AXIS2_PLACEMENT_2D('',#405,#406);
#405 = CARTESIAN_POINT('',(48.,-4.5));
#406 = DIRECTION('',(1.,1.110223024625E-16));
#407 = ( GEOMETRIC_REPRESENTATION_CONTEXT(2) 
PARAMETRIC_REPRESENTATION_CONTEXT() REPRESENTATION_CONTEXT('2D SPACE',''
  ) );
#408 = PCURVE('',#409,#414);
#409 = CYLINDRICAL_SURFACE('',#410,2.15);
#410 = AXIS2_PLACEMENT_3D('',#411,#412,#413);
#411 = CARTESIAN_POINT('',(8.,53.5,106.));
#412 = DIRECTION('',(0.,-0.,-1.));
#413 = DIRECTION('',(1.,-1.110223024625E-16,0.));
#414 = DEFINITIONAL_REPRESENTATION('',(#415),#419);
#415 = LINE('',#416,#417);
#416 = CARTESIAN_POINT('',(0.,-1.));
#417 = VECTOR('',#418,1.);
#418 = DIRECTION('',(1.,0.));
#419 = ( GEOMETRIC_REPRESENTATION_CONTEXT(2) 
PARAMETRIC_REPRESENTATION_CONTEXT() REPRESENTATION_CONTEXT('2D SPACE',''
  ) );
#420 = ORIENTED_EDGE('',*,*,#421,.F.);
#421 = EDGE_CURVE('',#422,#393,#424,.T.);
#422 = VERTEX_POINT('',#423);
#423 = CARTESIAN_POINT('',(10.15,56.5,107.));
#424 = SURFACE_CURVE('',#425,(#429,#435),.PCURVE_S1.);
#425 = LINE('',#426,#427);
#426 = CARTESIAN_POINT('',(10.15,52.75,107.));
#427 = VECTOR('',#428,1.);
#428 = DIRECTION('',(-1.110223024625E-16,-1.,-0.));
#429 = PCURVE('',#32,#430);
#430 = DEFINITIONAL_REPRESENTATION('',(#431),#434);
#431 = B_SPLINE_CURVE_WITH_KNOTS('',1,(#432,#433),.UNSPECIFIED.,.F.,.F.,
  (2,2),(-3.75,-0.75),.PIECEWISE_BEZIER_KNOTS.);
#432 = CARTESIAN_POINT('',(50.15,-7.5));
#433 = CARTESIAN_POINT('',(50.15,-4.5));
#434 = ( GEOMETRIC_REPRESENTATION_CONTEXT(2) 
PARAMETRIC_REPRESENTATION_CONTEXT() REPRESENTATION_CONTEXT('2D SPACE',''
  ) );
#435 = PCURVE('',#436,#441);
#436 = PLANE('',#437);
#437 = AXIS2_PLACEMENT_3D('',#438,#439,#440);
#438 = CARTESIAN_POINT('',(10.15,56.5,106.));
#439 = DIRECTION('',(1.,-1.110223024625E-16,0.));
#440 = DIRECTION('',(-1.110223024625E-16,-1.,0.));
#441 = DEFINITIONAL_REPRESENTATION('',(#442),#445);
#442 = B_SPLINE_CURVE_WITH_KNOTS('',1,(#443,#444),.UNSPECIFIED.,.F.,.F.,
  (2,2),(-3.75,-0.75),.PIECEWISE_BEZIER_KNOTS.);
#443 = CARTESIAN_POINT('',(0.,-1.));
#444 = CARTESIAN_POINT('',(3.,-1.));
#445 = ( GEOMETRIC_REPRESENTATION_CONTEXT(2) 
PARAMETRIC_REPRESENTATION_CONTEXT() REPRESENTATION_CONTEXT('2D SPACE',''
  ) );
#446 = ORIENTED_EDGE('',*,*,#447,.F.);
#447 = EDGE_CURVE('',#367,#422,#448,.T.);
#448 = SURFACE_CURVE('',#449,(#454,#461),.PCURVE_S1.);
#449 = CIRCLE('',#450,2.15);
#450 = AXIS2_PLACEMENT_3D('',#451,#452,#453);
#451 = CARTESIAN_POINT('',(8.,56.5,107.));
#452 = DIRECTION('',(0.,0.,-1.));
#453 = DIRECTION('',(-1.,1.110223024625E-16,0.));
#454 = PCURVE('',#32,#455);
#455 = DEFINITIONAL_REPRESENTATION('',(#456),#460);
#456 = CIRCLE('',#457,2.15);
#457 = AXIS2_PLACEMENT_2D('',#458,#459);
#458 = CARTESIAN_POINT('',(48.,-7.5));
#459 = DIRECTION('',(-1.,-1.110223024625E-16));
#460 = ( GEOMETRIC_REPRESENTATION_CONTEXT(2) 
PARAMETRIC_REPRESENTATION_CONTEXT() REPRESENTATION_CONTEXT('2D SPACE',''
  ) );
#461 = PCURVE('',#462,#467);
#462 = CYLINDRICAL_SURFACE('',#463,2.15);
#463 = AXIS2_PLACEMENT_3D('',#464,#465,#466);
#464 = CARTESIAN_POINT('',(8.,56.5,106.));
#465 = DIRECTION('',(0.,0.,-1.));
#466 = DIRECTION('',(-1.,1.110223024625E-16,0.));
#467 = DEFINITIONAL_REPRESENTATION('',(#468),#472);
#468 = LINE('',#469,#470);
#469 = CARTESIAN_POINT('',(0.,-1.));
#470 = VECTOR('',#471,1.);
#471 = DIRECTION('',(1.,0.));
#472 = ( GEOMETRIC_REPRESENTATION_CONTEXT(2) 
PARAMETRIC_REPRESENTATION_CONTEXT() REPRESENTATION_CONTEXT('2D SPACE',''
  ) );
#473 = FACE_BOUND('',#474,.T.);
#474 = EDGE_LOOP('',(#475,#503,#532,#558));
#475 = ORIENTED_EDGE('',*,*,#476,.F.);
#476 = EDGE_CURVE('',#477,#479,#481,.T.);
#477 = VERTEX_POINT('',#478);
#478 = CARTESIAN_POINT('',(23.85,53.5,107.));
#479 = VERTEX_POINT('',#480);
#480 = CARTESIAN_POINT('',(23.85,56.5,107.));
#481 = SURFACE_CURVE('',#482,(#486,#492),.PCURVE_S1.);
#482 = LINE('',#483,#484);
#483 = CARTESIAN_POINT('',(23.85,51.25,107.));
#484 = VECTOR('',#485,1.);
#485 = DIRECTION('',(1.110223024625E-16,1.,0.));
#486 = PCURVE('',#32,#487);
#487 = DEFINITIONAL_REPRESENTATION('',(#488),#491);
#488 = B_SPLINE_CURVE_WITH_KNOTS('',1,(#489,#490),.UNSPECIFIED.,.F.,.F.,
  (2,2),(2.25,5.25),.PIECEWISE_BEZIER_KNOTS.);
#489 = CARTESIAN_POINT('',(63.85,-4.5));
#490 = CARTESIAN_POINT('',(63.85,-7.5));
#491 = ( GEOMETRIC_REPRESENTATION_CONTEXT(2) 
PARAMETRIC_REPRESENTATION_CONTEXT() REPRESENTATION_CONTEXT('2D SPACE',''
  ) );
#492 = PCURVE('',#493,#498);
#493 = PLANE('',#494);
#494 = AXIS2_PLACEMENT_3D('',#495,#496,#497);
#495 = CARTESIAN_POINT('',(23.85,53.5,106.));
#496 = DIRECTION('',(-1.,1.110223024625E-16,0.));
#497 = DIRECTION('',(1.110223024625E-16,1.,0.));
#498 = DEFINITIONAL_REPRESENTATION('',(#499),#502);
#499 = B_SPLINE_CURVE_WITH_KNOTS('',1,(#500,#501),.UNSPECIFIED.,.F.,.F.,
  (2,2),(2.25,5.25),.PIECEWISE_BEZIER_KNOTS.);
#500 = CARTESIAN_POINT('',(0.,-1.));
#501 = CARTESIAN_POINT('',(3.,-1.));
#502 = ( GEOMETRIC_REPRESENTATION_CONTEXT(2) 
PARAMETRIC_REPRESENTATION_CONTEXT() REPRESENTATION_CONTEXT('2D SPACE',''
  ) );
#503 = ORIENTED_EDGE('',*,*,#504,.F.);
#504 = EDGE_CURVE('',#505,#477,#507,.T.);
#505 = VERTEX_POINT('',#506);
#506 = CARTESIAN_POINT('',(28.15,53.5,107.));
#507 = SURFACE_CURVE('',#508,(#513,#520),.PCURVE_S1.);
#508 = CIRCLE('',#509,2.15);
#509 = AXIS2_PLACEMENT_3D('',#510,#511,#512);
#510 = CARTESIAN_POINT('',(26.,53.5,107.));
#511 = DIRECTION('',(0.,-0.,-1.));
#512 = DIRECTION('',(1.,-1.110223024625E-16,0.));
#513 = PCURVE('',#32,#514);
#514 = DEFINITIONAL_REPRESENTATION('',(#515),#519);
#515 = CIRCLE('',#516,2.15);
#516 = AXIS2_PLACEMENT_2D('',#517,#518);
#517 = CARTESIAN_POINT('',(66.,-4.5));
#518 = DIRECTION('',(1.,1.110223024625E-16));
#519 = ( GEOMETRIC_REPRESENTATION_CONTEXT(2) 
PARAMETRIC_REPRESENTATION_CONTEXT() REPRESENTATION_CONTEXT('2D SPACE',''
  ) );
#520 = PCURVE('',#521,#526);
#521 = CYLINDRICAL_SURFACE('',#522,2.15);
#522 = AXIS2_PLACEMENT_3D('',#523,#524,#525);
#523 = CARTESIAN_POINT('',(26.,53.5,106.));
#524 = DIRECTION('',(0.,-0.,-1.));
#525 = DIRECTION('',(1.,-1.110223024625E-16,0.));
#526 = DEFINITIONAL_REPRESENTATION('',(#527),#531);
#527 = LINE('',#528,#529);
#528 = CARTESIAN_POINT('',(0.,-1.));
#529 = VECTOR('',#530,1.);
#530 = DIRECTION('',(1.,0.));
#531 = ( GEOMETRIC_REPRESENTATION_CONTEXT(2) 
PARAMETRIC_REPRESENTATION_CONTEXT() REPRESENTATION_CONTEXT('2D SPACE',''
  ) );
#532 = ORIENTED_EDGE('',*,*,#533,.F.);
#533 = EDGE_CURVE('',#534,#505,#536,.T.);
#534 = VERTEX_POINT('',#535);
#535 = CARTESIAN_POINT('',(28.15,56.5,107.));
#536 = SURFACE_CURVE('',#537,(#541,#547),.PCURVE_S1.);
#537 = LINE('',#538,#539);
#538 = CARTESIAN_POINT('',(28.15,52.75,107.));
#539 = VECTOR('',#540,1.);
#540 = DIRECTION('',(-1.110223024625E-16,-1.,-0.));
#541 = PCURVE('',#32,#542);
#542 = DEFINITIONAL_REPRESENTATION('',(#543),#546);
#543 = B_SPLINE_CURVE_WITH_KNOTS('',1,(#544,#545),.UNSPECIFIED.,.F.,.F.,
  (2,2),(-3.75,-0.75),.PIECEWISE_BEZIER_KNOTS.);
#544 = CARTESIAN_POINT('',(68.15,-7.5));
#545 = CARTESIAN_POINT('',(68.15,-4.5));
#546 = ( GEOMETRIC_REPRESENTATION_CONTEXT(2) 
PARAMETRIC_REPRESENTATION_CONTEXT() REPRESENTATION_CONTEXT('2D SPACE',''
  ) );
#547 = PCURVE('',#548,#553);
#548 = PLANE('',#549);
#549 = AXIS2_PLACEMENT_3D('',#550,#551,#552);
#550 = CARTESIAN_POINT('',(28.15,56.5,106.));
#551 = DIRECTION('',(1.,-1.110223024625E-16,0.));
#552 = DIRECTION('',(-1.110223024625E-16,-1.,0.));
#553 = DEFINITIONAL_REPRESENTATION('',(#554),#557);
#554 = B_SPLINE_CURVE_WITH_KNOTS('',1,(#555,#556),.UNSPECIFIED.,.F.,.F.,
  (2,2),(-3.75,-0.75),.PIECEWISE_BEZIER_KNOTS.);
#555 = CARTESIAN_POINT('',(0.,-1.));
#556 = CARTESIAN_POINT('',(3.,-1.));
#557 = ( GEOMETRIC_REPRESENTATION_CONTEXT(2) 
PARAMETRIC_REPRESENTATION_CONTEXT() REPRESENTATION_CONTEXT('2D SPACE',''
  ) );
#558 = ORIENTED_EDGE('',*,*,#559,.F.);
#559 = EDGE_CURVE('',#479,#534,#560,.T.);
#560 = SURFACE_CURVE('',#561,(#566,#573),.PCURVE_S1.);
#561 = CIRCLE('',#562,2.15);
#562 = AXIS2_PLACEMENT_3D('',#563,#564,#565);
#563 = CARTESIAN_POINT('',(26.,56.5,107.));
#564 = DIRECTION('',(0.,0.,-1.));
#565 = DIRECTION('',(-1.,1.110223024625E-16,0.));
#566 = PCURVE('',#32,#567);
#567 = DEFINITIONAL_REPRESENTATION('',(#568),#572);
#568 = CIRCLE('',#569,2.15);
#569 = AXIS2_PLACEMENT_2D('',#570,#571);
#570 = CARTESIAN_POINT('',(66.,-7.5));
#571 = DIRECTION('',(-1.,-1.110223024625E-16));
#572 = ( GEOMETRIC_REPRESENTATION_CONTEXT(2) 
PARAMETRIC_REPRESENTATION_CONTEXT() REPRESENTATION_CONTEXT('2D SPACE',''
  ) );
#573 = PCURVE('',#574,#579);
#574 = CYLINDRICAL_SURFACE('',#575,2.15);
#575 = AXIS2_PLACEMENT_3D('',#576,#577,#578);
#576 = CARTESIAN_POINT('',(26.,56.5,106.));
#577 = DIRECTION('',(0.,0.,-1.));
#578 = DIRECTION('',(-1.,1.110223024625E-16,0.));
#579 = DEFINITIONAL_REPRESENTATION('',(#580),#584);
#580 = LINE('',#581,#582);
#581 = CARTESIAN_POINT('',(0.,-1.));
#582 = VECTOR('',#583,1.);
#583 = DIRECTION('',(1.,0.));
#584 = ( GEOMETRIC_REPRESENTATION_CONTEXT(2) 
PARAMETRIC_REPRESENTATION_CONTEXT() REPRESENTATION_CONTEXT('2D SPACE',''
  ) );
#585 = ADVANCED_FACE('',(#586),#44,.F.);
#586 = FACE_BOUND('',#587,.F.);
#587 = EDGE_LOOP('',(#588,#611,#612,#635));
#588 = ORIENTED_EDGE('',*,*,#589,.F.);
#589 = EDGE_CURVE('',#22,#590,#592,.T.);
#590 = VERTEX_POINT('',#591);
#591 = CARTESIAN_POINT('',(-40.,49.,117.));
#592 = SURFACE_CURVE('',#593,(#597,#604),.PCURVE_S1.);
#593 = LINE('',#594,#595);
#594 = CARTESIAN_POINT('',(-40.,49.,107.));
#595 = VECTOR('',#596,1.);
#596 = DIRECTION('',(0.,0.,1.));
#597 = PCURVE('',#44,#598);
#598 = DEFINITIONAL_REPRESENTATION('',(#599),#603);
#599 = LINE('',#600,#601);
#600 = CARTESIAN_POINT('',(0.,0.));
#601 = VECTOR('',#602,1.);
#602 = DIRECTION('',(1.,0.));
#603 = ( GEOMETRIC_REPRESENTATION_CONTEXT(2) 
PARAMETRIC_REPRESENTATION_CONTEXT() REPRESENTATION_CONTEXT('2D SPACE',''
  ) );
#604 = PCURVE('',#126,#605);
#605 = DEFINITIONAL_REPRESENTATION('',(#606),#610);
#606 = LINE('',#607,#608);
#607 = CARTESIAN_POINT('',(46.611546710718,-40.));
#608 = VECTOR('',#609,1.);
#609 = DIRECTION('',(-1.,0.));
#610 = ( GEOMETRIC_REPRESENTATION_CONTEXT(2) 
PARAMETRIC_REPRESENTATION_CONTEXT() REPRESENTATION_CONTEXT('2D SPACE',''
  ) );
#611 = ORIENTED_EDGE('',*,*,#21,.T.);
#612 = ORIENTED_EDGE('',*,*,#613,.T.);
#613 = EDGE_CURVE('',#24,#614,#616,.T.);
#614 = VERTEX_POINT('',#615);
#615 = CARTESIAN_POINT('',(-40.,61.,117.));
#616 = SURFACE_CURVE('',#617,(#621,#628),.PCURVE_S1.);
#617 = LINE('',#618,#619);
#618 = CARTESIAN_POINT('',(-40.,61.,107.));
#619 = VECTOR('',#620,1.);
#620 = DIRECTION('',(0.,0.,1.));
#621 = PCURVE('',#44,#622);
#622 = DEFINITIONAL_REPRESENTATION('',(#623),#627);
#623 = LINE('',#624,#625);
#624 = CARTESIAN_POINT('',(0.,-12.));
#625 = VECTOR('',#626,1.);
#626 = DIRECTION('',(1.,0.));
#627 = ( GEOMETRIC_REPRESENTATION_CONTEXT(2) 
PARAMETRIC_REPRESENTATION_CONTEXT() REPRESENTATION_CONTEXT('2D SPACE',''
  ) );
#628 = PCURVE('',#72,#629);
#629 = DEFINITIONAL_REPRESENTATION('',(#630),#634);
#630 = LINE('',#631,#632);
#631 = CARTESIAN_POINT('',(46.611546710718,-40.));
#632 = VECTOR('',#633,1.);
#633 = DIRECTION('',(-1.,0.));
#634 = ( GEOMETRIC_REPRESENTATION_CONTEXT(2) 
PARAMETRIC_REPRESENTATION_CONTEXT() REPRESENTATION_CONTEXT('2D SPACE',''
  ) );
#635 = ORIENTED_EDGE('',*,*,#636,.F.);
#636 = EDGE_CURVE('',#590,#614,#637,.T.);
#637 = SURFACE_CURVE('',#638,(#642,#649),.PCURVE_S1.);
#638 = LINE('',#639,#640);
#639 = CARTESIAN_POINT('',(-40.,49.,117.));
#640 = VECTOR('',#641,1.);
#641 = DIRECTION('',(0.,1.,0.));
#642 = PCURVE('',#44,#643);
#643 = DEFINITIONAL_REPRESENTATION('',(#644),#648);
#644 = LINE('',#645,#646);
#645 = CARTESIAN_POINT('',(10.,0.));
#646 = VECTOR('',#647,1.);
#647 = DIRECTION('',(0.,-1.));
#648 = ( GEOMETRIC_REPRESENTATION_CONTEXT(2) 
PARAMETRIC_REPRESENTATION_CONTEXT() REPRESENTATION_CONTEXT('2D SPACE',''
  ) );
#649 = PCURVE('',#650,#655);
#650 = PLANE('',#651);
#651 = AXIS2_PLACEMENT_3D('',#652,#653,#654);
#652 = CARTESIAN_POINT('',(-40.,49.,117.));
#653 = DIRECTION('',(0.,0.,1.));
#654 = DIRECTION('',(1.,0.,0.));
#655 = DEFINITIONAL_REPRESENTATION('',(#656),#660);
#656 = LINE('',#657,#658);
#657 = CARTESIAN_POINT('',(0.,0.));
#658 = VECTOR('',#659,1.);
#659 = DIRECTION('',(0.,1.));
#660 = ( GEOMETRIC_REPRESENTATION_CONTEXT(2) 
PARAMETRIC_REPRESENTATION_CONTEXT() REPRESENTATION_CONTEXT('2D SPACE',''
  ) );
#661 = ADVANCED_FACE('',(#662,#994,#1029,#1149),#126,.T.);
#662 = FACE_BOUND('',#663,.T.);
#663 = EDGE_LOOP('',(#664,#665,#666,#689,#717,#745,#773,#802,#830,#858,
    #891,#917,#950,#973));
#664 = ORIENTED_EDGE('',*,*,#589,.F.);
#665 = ORIENTED_EDGE('',*,*,#112,.T.);
#666 = ORIENTED_EDGE('',*,*,#667,.T.);
#667 = EDGE_CURVE('',#85,#668,#670,.T.);
#668 = VERTEX_POINT('',#669);
#669 = CARTESIAN_POINT('',(40.,49.,117.));
#670 = SURFACE_CURVE('',#671,(#675,#682),.PCURVE_S1.);
#671 = LINE('',#672,#673);
#672 = CARTESIAN_POINT('',(40.,49.,107.));
#673 = VECTOR('',#674,1.);
#674 = DIRECTION('',(0.,0.,1.));
#675 = PCURVE('',#126,#676);
#676 = DEFINITIONAL_REPRESENTATION('',(#677),#681);
#677 = LINE('',#678,#679);
#678 = CARTESIAN_POINT('',(46.611546710718,40.));
#679 = VECTOR('',#680,1.);
#680 = DIRECTION('',(-1.,0.));
#681 = ( GEOMETRIC_REPRESENTATION_CONTEXT(2) 
PARAMETRIC_REPRESENTATION_CONTEXT() REPRESENTATION_CONTEXT('2D SPACE',''
  ) );
#682 = PCURVE('',#100,#683);
#683 = DEFINITIONAL_REPRESENTATION('',(#684),#688);
#684 = LINE('',#685,#686);
#685 = CARTESIAN_POINT('',(0.,0.));
#686 = VECTOR('',#687,1.);
#687 = DIRECTION('',(1.,0.));
#688 = ( GEOMETRIC_REPRESENTATION_CONTEXT(2) 
PARAMETRIC_REPRESENTATION_CONTEXT() REPRESENTATION_CONTEXT('2D SPACE',''
  ) );
#689 = ORIENTED_EDGE('',*,*,#690,.F.);
#690 = EDGE_CURVE('',#691,#668,#693,.T.);
#691 = VERTEX_POINT('',#692);
#692 = CARTESIAN_POINT('',(38.712871287129,49.,117.));
#693 = SURFACE_CURVE('',#694,(#698,#705),.PCURVE_S1.);
#694 = LINE('',#695,#696);
#695 = CARTESIAN_POINT('',(-40.,49.,117.));
#696 = VECTOR('',#697,1.);
#697 = DIRECTION('',(1.,0.,0.));
#698 = PCURVE('',#126,#699);
#699 = DEFINITIONAL_REPRESENTATION('',(#700),#704);
#700 = LINE('',#701,#702);
#701 = CARTESIAN_POINT('',(36.611546710718,-40.));
#702 = VECTOR('',#703,1.);
#703 = DIRECTION('',(0.,1.));
#704 = ( GEOMETRIC_REPRESENTATION_CONTEXT(2) 
PARAMETRIC_REPRESENTATION_CONTEXT() REPRESENTATION_CONTEXT('2D SPACE',''
  ) );
#705 = PCURVE('',#706,#711);
#706 = PLANE('',#707);
#707 = AXIS2_PLACEMENT_3D('',#708,#709,#710);
#708 = CARTESIAN_POINT('',(-40.,49.,117.));
#709 = DIRECTION('',(0.,0.,1.));
#710 = DIRECTION('',(1.,0.,0.));
#711 = DEFINITIONAL_REPRESENTATION('',(#712),#716);
#712 = LINE('',#713,#714);
#713 = CARTESIAN_POINT('',(0.,0.));
#714 = VECTOR('',#715,1.);
#715 = DIRECTION('',(1.,0.));
#716 = ( GEOMETRIC_REPRESENTATION_CONTEXT(2) 
PARAMETRIC_REPRESENTATION_CONTEXT() REPRESENTATION_CONTEXT('2D SPACE',''
  ) );
#717 = ORIENTED_EDGE('',*,*,#718,.T.);
#718 = EDGE_CURVE('',#691,#719,#721,.T.);
#719 = VERTEX_POINT('',#720);
#720 = CARTESIAN_POINT('',(27.,49.,208.));
#721 = SURFACE_CURVE('',#722,(#726,#733),.PCURVE_S1.);
#722 = LINE('',#723,#724);
#723 = CARTESIAN_POINT('',(40.,49.,107.));
#724 = VECTOR('',#725,1.);
#725 = DIRECTION('',(-0.127659745447,0.,0.991818022317));
#726 = PCURVE('',#126,#727);
#727 = DEFINITIONAL_REPRESENTATION('',(#728),#732);
#728 = LINE('',#729,#730);
#729 = CARTESIAN_POINT('',(46.611546710718,40.));
#730 = VECTOR('',#731,1.);
#731 = DIRECTION('',(-0.991818022317,-0.127659745447));
#732 = ( GEOMETRIC_REPRESENTATION_CONTEXT(2) 
PARAMETRIC_REPRESENTATION_CONTEXT() REPRESENTATION_CONTEXT('2D SPACE',''
  ) );
#733 = PCURVE('',#734,#739);
#734 = PLANE('',#735);
#735 = AXIS2_PLACEMENT_3D('',#736,#737,#738);
#736 = CARTESIAN_POINT('',(40.,49.,107.));
#737 = DIRECTION('',(0.991818022317,0.,0.127659745447));
#738 = DIRECTION('',(-0.127659745447,0.,0.991818022317));
#739 = DEFINITIONAL_REPRESENTATION('',(#740),#744);
#740 = LINE('',#741,#742);
#741 = CARTESIAN_POINT('',(0.,0.));
#742 = VECTOR('',#743,1.);
#743 = DIRECTION('',(1.,0.));
#744 = ( GEOMETRIC_REPRESENTATION_CONTEXT(2) 
PARAMETRIC_REPRESENTATION_CONTEXT() REPRESENTATION_CONTEXT('2D SPACE',''
  ) );
#745 = ORIENTED_EDGE('',*,*,#746,.T.);
#746 = EDGE_CURVE('',#719,#747,#749,.T.);
#747 = VERTEX_POINT('',#748);
#748 = CARTESIAN_POINT('',(26.702059845637,49.,208.));
#749 = SURFACE_CURVE('',#750,(#754,#761),.PCURVE_S1.);
#750 = LINE('',#751,#752);
#751 = CARTESIAN_POINT('',(27.,49.,208.));
#752 = VECTOR('',#753,1.);
#753 = DIRECTION('',(-1.,0.,0.));
#754 = PCURVE('',#126,#755);
#755 = DEFINITIONAL_REPRESENTATION('',(#756),#760);
#756 = LINE('',#757,#758);
#757 = CARTESIAN_POINT('',(-54.38845328928,27.));
#758 = VECTOR('',#759,1.);
#759 = DIRECTION('',(0.,-1.));
#760 = ( GEOMETRIC_REPRESENTATION_CONTEXT(2) 
PARAMETRIC_REPRESENTATION_CONTEXT() REPRESENTATION_CONTEXT('2D SPACE',''
  ) );
#761 = PCURVE('',#762,#767);
#762 = PLANE('',#763);
#763 = AXIS2_PLACEMENT_3D('',#764,#765,#766);
#764 = CARTESIAN_POINT('',(27.,49.,208.));
#765 = DIRECTION('',(0.,0.,1.));
#766 = DIRECTION('',(-1.,0.,0.));
#767 = DEFINITIONAL_REPRESENTATION('',(#768),#772);
#768 = LINE('',#769,#770);
#769 = CARTESIAN_POINT('',(0.,0.));
#770 = VECTOR('',#771,1.);
#771 = DIRECTION('',(1.,0.));
#772 = ( GEOMETRIC_REPRESENTATION_CONTEXT(2) 
PARAMETRIC_REPRESENTATION_CONTEXT() REPRESENTATION_CONTEXT('2D SPACE',''
  ) );
#773 = ORIENTED_EDGE('',*,*,#774,.T.);
#774 = EDGE_CURVE('',#747,#775,#777,.T.);
#775 = VERTEX_POINT('',#776);
#776 = CARTESIAN_POINT('',(-26.70205984563,49.,208.));
#777 = SURFACE_CURVE('',#778,(#783,#790),.PCURVE_S1.);
#778 = CIRCLE('',#779,27.);
#779 = AXIS2_PLACEMENT_3D('',#780,#781,#782);
#780 = CARTESIAN_POINT('',(0.,49.,212.));
#781 = DIRECTION('',(0.,-1.,0.));
#782 = DIRECTION('',(0.988965179468,0.,-0.148148148148));
#783 = PCURVE('',#126,#784);
#784 = DEFINITIONAL_REPRESENTATION('',(#785),#789);
#785 = CIRCLE('',#786,27.);
#786 = AXIS2_PLACEMENT_2D('',#787,#788);
#787 = CARTESIAN_POINT('',(-58.38845328928,0.));
#788 = DIRECTION('',(0.148148148148,0.988965179468));
#789 = ( GEOMETRIC_REPRESENTATION_CONTEXT(2) 
PARAMETRIC_REPRESENTATION_CONTEXT() REPRESENTATION_CONTEXT('2D SPACE',''
  ) );
#790 = PCURVE('',#791,#796);
#791 = CYLINDRICAL_SURFACE('',#792,27.);
#792 = AXIS2_PLACEMENT_3D('',#793,#794,#795);
#793 = CARTESIAN_POINT('',(0.,61.,212.));
#794 = DIRECTION('',(-0.,1.,-0.));
#795 = DIRECTION('',(1.,0.,0.));
#796 = DEFINITIONAL_REPRESENTATION('',(#797),#801);
#797 = LINE('',#798,#799);
#798 = CARTESIAN_POINT('',(-6.134489812912,-12.));
#799 = VECTOR('',#800,1.);
#800 = DIRECTION('',(-1.,0.));
#801 = ( GEOMETRIC_REPRESENTATION_CONTEXT(2) 
PARAMETRIC_REPRESENTATION_CONTEXT() REPRESENTATION_CONTEXT('2D SPACE',''
  ) );
#802 = ORIENTED_EDGE('',*,*,#803,.T.);
#803 = EDGE_CURVE('',#775,#804,#806,.T.);
#804 = VERTEX_POINT('',#805);
#805 = CARTESIAN_POINT('',(-27.,49.,208.));
#806 = SURFACE_CURVE('',#807,(#811,#818),.PCURVE_S1.);
#807 = LINE('',#808,#809);
#808 = CARTESIAN_POINT('',(27.,49.,208.));
#809 = VECTOR('',#810,1.);
#810 = DIRECTION('',(-1.,0.,0.));
#811 = PCURVE('',#126,#812);
#812 = DEFINITIONAL_REPRESENTATION('',(#813),#817);
#813 = LINE('',#814,#815);
#814 = CARTESIAN_POINT('',(-54.38845328928,27.));
#815 = VECTOR('',#816,1.);
#816 = DIRECTION('',(0.,-1.));
#817 = ( GEOMETRIC_REPRESENTATION_CONTEXT(2) 
PARAMETRIC_REPRESENTATION_CONTEXT() REPRESENTATION_CONTEXT('2D SPACE',''
  ) );
#818 = PCURVE('',#819,#824);
#819 = PLANE('',#820);
#820 = AXIS2_PLACEMENT_3D('',#821,#822,#823);
#821 = CARTESIAN_POINT('',(27.,49.,208.));
#822 = DIRECTION('',(0.,0.,1.));
#823 = DIRECTION('',(-1.,0.,0.));
#824 = DEFINITIONAL_REPRESENTATION('',(#825),#829);
#825 = LINE('',#826,#827);
#826 = CARTESIAN_POINT('',(0.,0.));
#827 = VECTOR('',#828,1.);
#828 = DIRECTION('',(1.,0.));
#829 = ( GEOMETRIC_REPRESENTATION_CONTEXT(2) 
PARAMETRIC_REPRESENTATION_CONTEXT() REPRESENTATION_CONTEXT('2D SPACE',''
  ) );
#830 = ORIENTED_EDGE('',*,*,#831,.T.);
#831 = EDGE_CURVE('',#804,#832,#834,.T.);
#832 = VERTEX_POINT('',#833);
#833 = CARTESIAN_POINT('',(-35.77833025694,49.,139.79912646526));
#834 = SURFACE_CURVE('',#835,(#839,#846),.PCURVE_S1.);
#835 = LINE('',#836,#837);
#836 = CARTESIAN_POINT('',(-27.,49.,208.));
#837 = VECTOR('',#838,1.);
#838 = DIRECTION('',(-0.127659745447,0.,-0.991818022317));
#839 = PCURVE('',#126,#840);
#840 = DEFINITIONAL_REPRESENTATION('',(#841),#845);
#841 = LINE('',#842,#843);
#842 = CARTESIAN_POINT('',(-54.38845328928,-27.));
#843 = VECTOR('',#844,1.);
#844 = DIRECTION('',(0.991818022317,-0.127659745447));
#845 = ( GEOMETRIC_REPRESENTATION_CONTEXT(2) 
PARAMETRIC_REPRESENTATION_CONTEXT() REPRESENTATION_CONTEXT('2D SPACE',''
  ) );
#846 = PCURVE('',#847,#852);
#847 = PLANE('',#848);
#848 = AXIS2_PLACEMENT_3D('',#849,#850,#851);
#849 = CARTESIAN_POINT('',(-27.,49.,208.));
#850 = DIRECTION('',(-0.991818022317,0.,0.127659745447));
#851 = DIRECTION('',(-0.127659745447,0.,-0.991818022317));
#852 = DEFINITIONAL_REPRESENTATION('',(#853),#857);
#853 = LINE('',#854,#855);
#854 = CARTESIAN_POINT('',(0.,0.));
#855 = VECTOR('',#856,1.);
#856 = DIRECTION('',(1.,0.));
#857 = ( GEOMETRIC_REPRESENTATION_CONTEXT(2) 
PARAMETRIC_REPRESENTATION_CONTEXT() REPRESENTATION_CONTEXT('2D SPACE',''
  ) );
#858 = ORIENTED_EDGE('',*,*,#859,.T.);
#859 = EDGE_CURVE('',#832,#860,#862,.T.);
#860 = VERTEX_POINT('',#861);
#861 = CARTESIAN_POINT('',(-29.,49.,133.84982381612));
#862 = SURFACE_CURVE('',#863,(#868,#879),.PCURVE_S1.);
#863 = CIRCLE('',#864,6.);
#864 = AXIS2_PLACEMENT_3D('',#865,#866,#867);
#865 = CARTESIAN_POINT('',(-35.,49.,133.84982381612));
#866 = DIRECTION('',(0.,1.,-0.));
#867 = DIRECTION('',(-1.,0.,1.850371707709E-16));
#868 = PCURVE('',#126,#869);
#869 = DEFINITIONAL_REPRESENTATION('',(#870),#878);
#870 = ( BOUNDED_CURVE() B_SPLINE_CURVE(2,(#871,#872,#873,#874,#875,#876
,#877),.UNSPECIFIED.,.T.,.F.) B_SPLINE_CURVE_WITH_KNOTS((1,2,2,2,2,1),(
    -2.094395102393,0.,2.094395102393,4.188790204786,6.28318530718,
8.377580409573),.UNSPECIFIED.) CURVE() GEOMETRIC_REPRESENTATION_ITEM() 
RATIONAL_B_SPLINE_CURVE((1.,0.5,1.,0.5,1.,0.5,1.)) REPRESENTATION_ITEM(
  '') );
#871 = CARTESIAN_POINT('',(19.761722894594,-41.));
#872 = CARTESIAN_POINT('',(9.369418049181,-41.));
#873 = CARTESIAN_POINT('',(14.565570471888,-32.));
#874 = CARTESIAN_POINT('',(19.761722894594,-23.));
#875 = CARTESIAN_POINT('',(24.957875317301,-32.));
#876 = CARTESIAN_POINT('',(30.154027740008,-41.));
#877 = CARTESIAN_POINT('',(19.761722894594,-41.));
#878 = ( GEOMETRIC_REPRESENTATION_CONTEXT(2) 
PARAMETRIC_REPRESENTATION_CONTEXT() REPRESENTATION_CONTEXT('2D SPACE',''
  ) );
#879 = PCURVE('',#880,#885);
#880 = CYLINDRICAL_SURFACE('',#881,6.);
#881 = AXIS2_PLACEMENT_3D('',#882,#883,#884);
#882 = CARTESIAN_POINT('',(-35.,52.,133.84982381612));
#883 = DIRECTION('',(0.,1.,-0.));
#884 = DIRECTION('',(-1.,0.,1.850371707709E-16));
#885 = DEFINITIONAL_REPRESENTATION('',(#886),#890);
#886 = LINE('',#887,#888);
#887 = CARTESIAN_POINT('',(0.,-3.));
#888 = VECTOR('',#889,1.);
#889 = DIRECTION('',(1.,0.));
#890 = ( GEOMETRIC_REPRESENTATION_CONTEXT(2) 
PARAMETRIC_REPRESENTATION_CONTEXT() REPRESENTATION_CONTEXT('2D SPACE',''
  ) );
#891 = ORIENTED_EDGE('',*,*,#892,.F.);
#892 = EDGE_CURVE('',#893,#860,#895,.T.);
#893 = VERTEX_POINT('',#894);
#894 = CARTESIAN_POINT('',(-29.,49.,128.84982381612));
#895 = SURFACE_CURVE('',#896,(#900,#906),.PCURVE_S1.);
#896 = LINE('',#897,#898);
#897 = CARTESIAN_POINT('',(-29.,49.,143.73068526342));
#898 = VECTOR('',#899,1.);
#899 = DIRECTION('',(1.110223024625E-16,-0.,1.));
#900 = PCURVE('',#126,#901);
#901 = DEFINITIONAL_REPRESENTATION('',(#902),#905);
#902 = B_SPLINE_CURVE_WITH_KNOTS('',1,(#903,#904),.UNSPECIFIED.,.F.,.F.,
  (2,2),(-14.88086144729,-9.880861447297),.PIECEWISE_BEZIER_KNOTS.);
#903 = CARTESIAN_POINT('',(24.761722894594,-29.));
#904 = CARTESIAN_POINT('',(19.761722894594,-29.));
#905 = ( GEOMETRIC_REPRESENTATION_CONTEXT(2) 
PARAMETRIC_REPRESENTATION_CONTEXT() REPRESENTATION_CONTEXT('2D SPACE',''
  ) );
#906 = PCURVE('',#907,#912);
#907 = PLANE('',#908);
#908 = AXIS2_PLACEMENT_3D('',#909,#910,#911);
#909 = CARTESIAN_POINT('',(-29.,52.,133.84982381612));
#910 = DIRECTION('',(1.,0.,-1.110223024625E-16));
#911 = DIRECTION('',(-1.110223024625E-16,-0.,-1.));
#912 = DEFINITIONAL_REPRESENTATION('',(#913),#916);
#913 = B_SPLINE_CURVE_WITH_KNOTS('',1,(#914,#915),.UNSPECIFIED.,.F.,.F.,
  (2,2),(-14.88086144729,-9.880861447297),.PIECEWISE_BEZIER_KNOTS.);
#914 = CARTESIAN_POINT('',(5.,-3.));
#915 = CARTESIAN_POINT('',(0.,-3.));
#916 = ( GEOMETRIC_REPRESENTATION_CONTEXT(2) 
PARAMETRIC_REPRESENTATION_CONTEXT() REPRESENTATION_CONTEXT('2D SPACE',''
  ) );
#917 = ORIENTED_EDGE('',*,*,#918,.T.);
#918 = EDGE_CURVE('',#893,#919,#921,.T.);
#919 = VERTEX_POINT('',#920);
#920 = CARTESIAN_POINT('',(-37.86611566974,49.,123.5786397966));
#921 = SURFACE_CURVE('',#922,(#927,#938),.PCURVE_S1.);
#922 = CIRCLE('',#923,6.);
#923 = AXIS2_PLACEMENT_3D('',#924,#925,#926);
#924 = CARTESIAN_POINT('',(-35.,49.,128.84982381612));
#925 = DIRECTION('',(0.,1.,0.));
#926 = DIRECTION('',(1.,0.,-1.850371707709E-16));
#927 = PCURVE('',#126,#928);
#928 = DEFINITIONAL_REPRESENTATION('',(#929),#937);
#929 = ( BOUNDED_CURVE() B_SPLINE_CURVE(2,(#930,#931,#932,#933,#934,#935
,#936),.UNSPECIFIED.,.T.,.F.) B_SPLINE_CURVE_WITH_KNOTS((1,2,2,2,2,1),(
    -2.094395102393,0.,2.094395102393,4.188790204786,6.28318530718,
8.377580409573),.UNSPECIFIED.) CURVE() GEOMETRIC_REPRESENTATION_ITEM() 
RATIONAL_B_SPLINE_CURVE((1.,0.5,1.,0.5,1.,0.5,1.)) REPRESENTATION_ITEM(
  '') );
#930 = CARTESIAN_POINT('',(24.761722894594,-29.));
#931 = CARTESIAN_POINT('',(35.154027740008,-29.));
#932 = CARTESIAN_POINT('',(29.957875317301,-38.));
#933 = CARTESIAN_POINT('',(24.761722894594,-47.));
#934 = CARTESIAN_POINT('',(19.565570471888,-38.));
#935 = CARTESIAN_POINT('',(14.369418049181,-29.));
#936 = CARTESIAN_POINT('',(24.761722894594,-29.));
#937 = ( GEOMETRIC_REPRESENTATION_CONTEXT(2) 
PARAMETRIC_REPRESENTATION_CONTEXT() REPRESENTATION_CONTEXT('2D SPACE',''
  ) );
#938 = PCURVE('',#939,#944);
#939 = CYLINDRICAL_SURFACE('',#940,6.);
#940 = AXIS2_PLACEMENT_3D('',#941,#942,#943);
#941 = CARTESIAN_POINT('',(-35.,52.,128.84982381612));
#942 = DIRECTION('',(-0.,1.,0.));
#943 = DIRECTION('',(1.,0.,-1.850371707709E-16));
#944 = DEFINITIONAL_REPRESENTATION('',(#945),#949);
#945 = LINE('',#946,#947);
#946 = CARTESIAN_POINT('',(0.,-3.));
#947 = VECTOR('',#948,1.);
#948 = DIRECTION('',(1.,0.));
#949 = ( GEOMETRIC_REPRESENTATION_CONTEXT(2) 
PARAMETRIC_REPRESENTATION_CONTEXT() REPRESENTATION_CONTEXT('2D SPACE',''
  ) );
#950 = ORIENTED_EDGE('',*,*,#951,.T.);
#951 = EDGE_CURVE('',#919,#952,#954,.T.);
#952 = VERTEX_POINT('',#953);
#953 = CARTESIAN_POINT('',(-38.71287128712,49.,117.));
#954 = SURFACE_CURVE('',#955,(#959,#966),.PCURVE_S1.);
#955 = LINE('',#956,#957);
#956 = CARTESIAN_POINT('',(-27.,49.,208.));
#957 = VECTOR('',#958,1.);
#958 = DIRECTION('',(-0.127659745447,0.,-0.991818022317));
#959 = PCURVE('',#126,#960);
#960 = DEFINITIONAL_REPRESENTATION('',(#961),#965);
#961 = LINE('',#962,#963);
#962 = CARTESIAN_POINT('',(-54.38845328928,-27.));
#963 = VECTOR('',#964,1.);
#964 = DIRECTION('',(0.991818022317,-0.127659745447));
#965 = ( GEOMETRIC_REPRESENTATION_CONTEXT(2) 
PARAMETRIC_REPRESENTATION_CONTEXT() REPRESENTATION_CONTEXT('2D SPACE',''
  ) );
#966 = PCURVE('',#847,#967);
#967 = DEFINITIONAL_REPRESENTATION('',(#968),#972);
#968 = LINE('',#969,#970);
#969 = CARTESIAN_POINT('',(0.,0.));
#970 = VECTOR('',#971,1.);
#971 = DIRECTION('',(1.,0.));
#972 = ( GEOMETRIC_REPRESENTATION_CONTEXT(2) 
PARAMETRIC_REPRESENTATION_CONTEXT() REPRESENTATION_CONTEXT('2D SPACE',''
  ) );
#973 = ORIENTED_EDGE('',*,*,#974,.F.);
#974 = EDGE_CURVE('',#590,#952,#975,.T.);
#975 = SURFACE_CURVE('',#976,(#980,#987),.PCURVE_S1.);
#976 = LINE('',#977,#978);
#977 = CARTESIAN_POINT('',(-40.,49.,117.));
#978 = VECTOR('',#979,1.);
#979 = DIRECTION('',(1.,0.,0.));
#980 = PCURVE('',#126,#981);
#981 = DEFINITIONAL_REPRESENTATION('',(#982),#986);
#982 = LINE('',#983,#984);
#983 = CARTESIAN_POINT('',(36.611546710718,-40.));
#984 = VECTOR('',#985,1.);
#985 = DIRECTION('',(0.,1.));
#986 = ( GEOMETRIC_REPRESENTATION_CONTEXT(2) 
PARAMETRIC_REPRESENTATION_CONTEXT() REPRESENTATION_CONTEXT('2D SPACE',''
  ) );
#987 = PCURVE('',#650,#988);
#988 = DEFINITIONAL_REPRESENTATION('',(#989),#993);
#989 = LINE('',#990,#991);
#990 = CARTESIAN_POINT('',(0.,0.));
#991 = VECTOR('',#992,1.);
#992 = DIRECTION('',(1.,0.));
#993 = ( GEOMETRIC_REPRESENTATION_CONTEXT(2) 
PARAMETRIC_REPRESENTATION_CONTEXT() REPRESENTATION_CONTEXT('2D SPACE',''
  ) );
#994 = FACE_BOUND('',#995,.T.);
#995 = EDGE_LOOP('',(#996));
#996 = ORIENTED_EDGE('',*,*,#997,.T.);
#997 = EDGE_CURVE('',#998,#998,#1000,.T.);
#998 = VERTEX_POINT('',#999);
#999 = CARTESIAN_POINT('',(21.05,49.,212.));
#1000 = SURFACE_CURVE('',#1001,(#1006,#1017),.PCURVE_S1.);
#1001 = CIRCLE('',#1002,21.05);
#1002 = AXIS2_PLACEMENT_3D('',#1003,#1004,#1005);
#1003 = CARTESIAN_POINT('',(0.,49.,212.));
#1004 = DIRECTION('',(-0.,1.,0.));
#1005 = DIRECTION('',(1.,0.,0.));
#1006 = PCURVE('',#126,#1007);
#1007 = DEFINITIONAL_REPRESENTATION('',(#1008),#1016);
#1008 = ( BOUNDED_CURVE() B_SPLINE_CURVE(2,(#1009,#1010,#1011,#1012,
#1013,#1014,#1015),.UNSPECIFIED.,.T.,.F.) B_SPLINE_CURVE_WITH_KNOTS((1,2
    ,2,2,2,1),(-2.094395102393,0.,2.094395102393,4.188790204786,
6.28318530718,8.377580409573),.UNSPECIFIED.) CURVE() 
GEOMETRIC_REPRESENTATION_ITEM() RATIONAL_B_SPLINE_CURVE((1.,0.5,1.,0.5,
1.,0.5,1.)) REPRESENTATION_ITEM('') );
#1009 = CARTESIAN_POINT('',(-58.38845328928,21.05));
#1010 = CARTESIAN_POINT('',(-21.92878378995,21.05));
#1011 = CARTESIAN_POINT('',(-40.15861853961,-10.525));
#1012 = CARTESIAN_POINT('',(-58.38845328928,-42.1));
#1013 = CARTESIAN_POINT('',(-76.61828803894,-10.525));
#1014 = CARTESIAN_POINT('',(-94.8481227886,21.05));
#1015 = CARTESIAN_POINT('',(-58.38845328928,21.05));
#1016 = ( GEOMETRIC_REPRESENTATION_CONTEXT(2) 
PARAMETRIC_REPRESENTATION_CONTEXT() REPRESENTATION_CONTEXT('2D SPACE',''
  ) );
#1017 = PCURVE('',#1018,#1023);
#1018 = CYLINDRICAL_SURFACE('',#1019,21.05);
#1019 = AXIS2_PLACEMENT_3D('',#1020,#1021,#1022);
#1020 = CARTESIAN_POINT('',(0.,56.,212.));
#1021 = DIRECTION('',(-0.,1.,-0.));
#1022 = DIRECTION('',(1.,0.,0.));
#1023 = DEFINITIONAL_REPRESENTATION('',(#1024),#1028);
#1024 = LINE('',#1025,#1026);
#1025 = CARTESIAN_POINT('',(-6.28318530718,-7.));
#1026 = VECTOR('',#1027,1.);
#1027 = DIRECTION('',(1.,-0.));
#1028 = ( GEOMETRIC_REPRESENTATION_CONTEXT(2) 
PARAMETRIC_REPRESENTATION_CONTEXT() REPRESENTATION_CONTEXT('2D SPACE',''
  ) );
#1029 = FACE_BOUND('',#1030,.T.);
#1030 = EDGE_LOOP('',(#1031,#1059,#1092,#1118));
#1031 = ORIENTED_EDGE('',*,*,#1032,.F.);
#1032 = EDGE_CURVE('',#1033,#1035,#1037,.T.);
#1033 = VERTEX_POINT('',#1034);
#1034 = CARTESIAN_POINT('',(-6.5,49.,182.5));
#1035 = VERTEX_POINT('',#1036);
#1036 = CARTESIAN_POINT('',(-6.5,49.,171.5));
#1037 = SURFACE_CURVE('',#1038,(#1042,#1048),.PCURVE_S1.);
#1038 = LINE('',#1039,#1040);
#1039 = CARTESIAN_POINT('',(-6.5,49.,162.55577335535));
#1040 = VECTOR('',#1041,1.);
#1041 = DIRECTION('',(-1.110223024625E-16,0.,-1.));
#1042 = PCURVE('',#126,#1043);
#1043 = DEFINITIONAL_REPRESENTATION('',(#1044),#1047);
#1044 = B_SPLINE_CURVE_WITH_KNOTS('',1,(#1045,#1046),.UNSPECIFIED.,.F.,
  .F.,(2,2),(-19.94422664464,-8.944226644641),.PIECEWISE_BEZIER_KNOTS.);
#1045 = CARTESIAN_POINT('',(-28.88845328928,-6.5));
#1046 = CARTESIAN_POINT('',(-17.88845328928,-6.5));
#1047 = ( GEOMETRIC_REPRESENTATION_CONTEXT(2) 
PARAMETRIC_REPRESENTATION_CONTEXT() REPRESENTATION_CONTEXT('2D SPACE',''
  ) );
#1048 = PCURVE('',#1049,#1054);
#1049 = PLANE('',#1050);
#1050 = AXIS2_PLACEMENT_3D('',#1051,#1052,#1053);
#1051 = CARTESIAN_POINT('',(-6.5,62.,171.5));
#1052 = DIRECTION('',(-1.,0.,1.110223024625E-16));
#1053 = DIRECTION('',(1.110223024625E-16,0.,1.));
#1054 = DEFINITIONAL_REPRESENTATION('',(#1055),#1058);
#1055 = B_SPLINE_CURVE_WITH_KNOTS('',1,(#1056,#1057),.UNSPECIFIED.,.F.,
  .F.,(2,2),(-19.94422664464,-8.944226644641),.PIECEWISE_BEZIER_KNOTS.);
#1056 = CARTESIAN_POINT('',(11.,-13.));
#1057 = CARTESIAN_POINT('',(0.,-13.));
#1058 = ( GEOMETRIC_REPRESENTATION_CONTEXT(2) 
PARAMETRIC_REPRESENTATION_CONTEXT() REPRESENTATION_CONTEXT('2D SPACE',''
  ) );
#1059 = ORIENTED_EDGE('',*,*,#1060,.T.);
#1060 = EDGE_CURVE('',#1033,#1061,#1063,.T.);
#1061 = VERTEX_POINT('',#1062);
#1062 = CARTESIAN_POINT('',(6.5,49.,182.5));
#1063 = SURFACE_CURVE('',#1064,(#1069,#1080),.PCURVE_S1.);
#1064 = CIRCLE('',#1065,6.5);
#1065 = AXIS2_PLACEMENT_3D('',#1066,#1067,#1068);
#1066 = CARTESIAN_POINT('',(6.106226635438E-16,49.,182.5));
#1067 = DIRECTION('',(0.,1.,-0.));
#1068 = DIRECTION('',(-1.,0.,2.476651362625E-16));
#1069 = PCURVE('',#126,#1070);
#1070 = DEFINITIONAL_REPRESENTATION('',(#1071),#1079);
#1071 = ( BOUNDED_CURVE() B_SPLINE_CURVE(2,(#1072,#1073,#1074,#1075,
#1076,#1077,#1078),.UNSPECIFIED.,.T.,.F.) B_SPLINE_CURVE_WITH_KNOTS((1,2
    ,2,2,2,1),(-2.094395102393,0.,2.094395102393,4.188790204786,
6.28318530718,8.377580409573),.UNSPECIFIED.) CURVE() 
GEOMETRIC_REPRESENTATION_ITEM() RATIONAL_B_SPLINE_CURVE((1.,0.5,1.,0.5,
1.,0.5,1.)) REPRESENTATION_ITEM('') );
#1072 = CARTESIAN_POINT('',(-28.88845328928,-6.5));
#1073 = CARTESIAN_POINT('',(-40.14678353847,-6.5));
#1074 = CARTESIAN_POINT('',(-34.51761841388,3.25));
#1075 = CARTESIAN_POINT('',(-28.88845328928,13.));
#1076 = CARTESIAN_POINT('',(-23.25928816468,3.25));
#1077 = CARTESIAN_POINT('',(-17.63012304008,-6.5));
#1078 = CARTESIAN_POINT('',(-28.88845328928,-6.5));
#1079 = ( GEOMETRIC_REPRESENTATION_CONTEXT(2) 
PARAMETRIC_REPRESENTATION_CONTEXT() REPRESENTATION_CONTEXT('2D SPACE',''
  ) );
#1080 = PCURVE('',#1081,#1086);
#1081 = CYLINDRICAL_SURFACE('',#1082,6.5);
#1082 = AXIS2_PLACEMENT_3D('',#1083,#1084,#1085);
#1083 = CARTESIAN_POINT('',(6.106226635438E-16,62.,182.5));
#1084 = DIRECTION('',(0.,1.,-0.));
#1085 = DIRECTION('',(-1.,0.,2.476651362625E-16));
#1086 = DEFINITIONAL_REPRESENTATION('',(#1087),#1091);
#1087 = LINE('',#1088,#1089);
#1088 = CARTESIAN_POINT('',(0.,-13.));
#1089 = VECTOR('',#1090,1.);
#1090 = DIRECTION('',(1.,0.));
#1091 = ( GEOMETRIC_REPRESENTATION_CONTEXT(2) 
PARAMETRIC_REPRESENTATION_CONTEXT() REPRESENTATION_CONTEXT('2D SPACE',''
  ) );
#1092 = ORIENTED_EDGE('',*,*,#1093,.F.);
#1093 = EDGE_CURVE('',#1094,#1061,#1096,.T.);
#1094 = VERTEX_POINT('',#1095);
#1095 = CARTESIAN_POINT('',(6.5,49.,171.5));
#1096 = SURFACE_CURVE('',#1097,(#1101,#1107),.PCURVE_S1.);
#1097 = LINE('',#1098,#1099);
#1098 = CARTESIAN_POINT('',(6.5,49.,168.05577335535));
#1099 = VECTOR('',#1100,1.);
#1100 = DIRECTION('',(1.110223024625E-16,-0.,1.));
#1101 = PCURVE('',#126,#1102);
#1102 = DEFINITIONAL_REPRESENTATION('',(#1103),#1106);
#1103 = B_SPLINE_CURVE_WITH_KNOTS('',1,(#1104,#1105),.UNSPECIFIED.,.F.,
  .F.,(2,2),(3.444226644641,14.444226644641),.PIECEWISE_BEZIER_KNOTS.);
#1104 = CARTESIAN_POINT('',(-17.88845328928,6.5));
#1105 = CARTESIAN_POINT('',(-28.88845328928,6.5));
#1106 = ( GEOMETRIC_REPRESENTATION_CONTEXT(2) 
PARAMETRIC_REPRESENTATION_CONTEXT() REPRESENTATION_CONTEXT('2D SPACE',''
  ) );
#1107 = PCURVE('',#1108,#1113);
#1108 = PLANE('',#1109);
#1109 = AXIS2_PLACEMENT_3D('',#1110,#1111,#1112);
#1110 = CARTESIAN_POINT('',(6.5,62.,182.5));
#1111 = DIRECTION('',(1.,0.,-1.110223024625E-16));
#1112 = DIRECTION('',(-1.110223024625E-16,-0.,-1.));
#1113 = DEFINITIONAL_REPRESENTATION('',(#1114),#1117);
#1114 = B_SPLINE_CURVE_WITH_KNOTS('',1,(#1115,#1116),.UNSPECIFIED.,.F.,
  .F.,(2,2),(3.444226644641,14.444226644641),.PIECEWISE_BEZIER_KNOTS.);
#1115 = CARTESIAN_POINT('',(11.,-13.));
#1116 = CARTESIAN_POINT('',(0.,-13.));
#1117 = ( GEOMETRIC_REPRESENTATION_CONTEXT(2) 
PARAMETRIC_REPRESENTATION_CONTEXT() REPRESENTATION_CONTEXT('2D SPACE',''
  ) );
#1118 = ORIENTED_EDGE('',*,*,#1119,.T.);
#1119 = EDGE_CURVE('',#1094,#1035,#1120,.T.);
#1120 = SURFACE_CURVE('',#1121,(#1126,#1137),.PCURVE_S1.);
#1121 = CIRCLE('',#1122,6.5);
#1122 = AXIS2_PLACEMENT_3D('',#1123,#1124,#1125);
#1123 = CARTESIAN_POINT('',(-6.106226635438E-16,49.,171.5));
#1124 = DIRECTION('',(0.,1.,0.));
#1125 = DIRECTION('',(1.,0.,-2.476651362625E-16));
#1126 = PCURVE('',#126,#1127);
#1127 = DEFINITIONAL_REPRESENTATION('',(#1128),#1136);
#1128 = ( BOUNDED_CURVE() B_SPLINE_CURVE(2,(#1129,#1130,#1131,#1132,
#1133,#1134,#1135),.UNSPECIFIED.,.T.,.F.) B_SPLINE_CURVE_WITH_KNOTS((1,2
    ,2,2,2,1),(-2.094395102393,0.,2.094395102393,4.188790204786,
6.28318530718,8.377580409573),.UNSPECIFIED.) CURVE() 
GEOMETRIC_REPRESENTATION_ITEM() RATIONAL_B_SPLINE_CURVE((1.,0.5,1.,0.5,
1.,0.5,1.)) REPRESENTATION_ITEM('') );
#1129 = CARTESIAN_POINT('',(-17.88845328928,6.5));
#1130 = CARTESIAN_POINT('',(-6.630123040084,6.5));
#1131 = CARTESIAN_POINT('',(-12.25928816468,-3.25));
#1132 = CARTESIAN_POINT('',(-17.88845328928,-13.));
#1133 = CARTESIAN_POINT('',(-23.51761841388,-3.25));
#1134 = CARTESIAN_POINT('',(-29.14678353847,6.5));
#1135 = CARTESIAN_POINT('',(-17.88845328928,6.5));
#1136 = ( GEOMETRIC_REPRESENTATION_CONTEXT(2) 
PARAMETRIC_REPRESENTATION_CONTEXT() REPRESENTATION_CONTEXT('2D SPACE',''
  ) );
#1137 = PCURVE('',#1138,#1143);
#1138 = CYLINDRICAL_SURFACE('',#1139,6.5);
#1139 = AXIS2_PLACEMENT_3D('',#1140,#1141,#1142);
#1140 = CARTESIAN_POINT('',(-6.106226635438E-16,62.,171.5));
#1141 = DIRECTION('',(-0.,1.,0.));
#1142 = DIRECTION('',(1.,0.,-2.476651362625E-16));
#1143 = DEFINITIONAL_REPRESENTATION('',(#1144),#1148);
#1144 = LINE('',#1145,#1146);
#1145 = CARTESIAN_POINT('',(0.,-13.));
#1146 = VECTOR('',#1147,1.);
#1147 = DIRECTION('',(1.,0.));
#1148 = ( GEOMETRIC_REPRESENTATION_CONTEXT(2) 
PARAMETRIC_REPRESENTATION_CONTEXT() REPRESENTATION_CONTEXT('2D SPACE',''
  ) );
#1149 = FACE_BOUND('',#1150,.T.);
#1150 = EDGE_LOOP('',(#1151,#1179,#1212,#1238));
#1151 = ORIENTED_EDGE('',*,*,#1152,.F.);
#1152 = EDGE_CURVE('',#1153,#1155,#1157,.T.);
#1153 = VERTEX_POINT('',#1154);
#1154 = CARTESIAN_POINT('',(-6.5,49.,148.5));
#1155 = VERTEX_POINT('',#1156);
#1156 = CARTESIAN_POINT('',(-6.5,49.,137.5));
#1157 = SURFACE_CURVE('',#1158,(#1162,#1168),.PCURVE_S1.);
#1158 = LINE('',#1159,#1160);
#1159 = CARTESIAN_POINT('',(-6.5,49.,145.55577335535));
#1160 = VECTOR('',#1161,1.);
#1161 = DIRECTION('',(-1.110223024625E-16,0.,-1.));
#1162 = PCURVE('',#126,#1163);
#1163 = DEFINITIONAL_REPRESENTATION('',(#1164),#1167);
#1164 = B_SPLINE_CURVE_WITH_KNOTS('',1,(#1165,#1166),.UNSPECIFIED.,.F.,
  .F.,(2,2),(-2.944226644641,8.055773355359),.PIECEWISE_BEZIER_KNOTS.);
#1165 = CARTESIAN_POINT('',(5.111546710718,-6.5));
#1166 = CARTESIAN_POINT('',(16.111546710718,-6.5));
#1167 = ( GEOMETRIC_REPRESENTATION_CONTEXT(2) 
PARAMETRIC_REPRESENTATION_CONTEXT() REPRESENTATION_CONTEXT('2D SPACE',''
  ) );
#1168 = PCURVE('',#1169,#1174);
#1169 = PLANE('',#1170);
#1170 = AXIS2_PLACEMENT_3D('',#1171,#1172,#1173);
#1171 = CARTESIAN_POINT('',(-6.5,62.,137.5));
#1172 = DIRECTION('',(-1.,0.,1.110223024625E-16));
#1173 = DIRECTION('',(1.110223024625E-16,0.,1.));
#1174 = DEFINITIONAL_REPRESENTATION('',(#1175),#1178);
#1175 = B_SPLINE_CURVE_WITH_KNOTS('',1,(#1176,#1177),.UNSPECIFIED.,.F.,
  .F.,(2,2),(-2.944226644641,8.055773355359),.PIECEWISE_BEZIER_KNOTS.);
#1176 = CARTESIAN_POINT('',(11.,-13.));
#1177 = CARTESIAN_POINT('',(0.,-13.));
#1178 = ( GEOMETRIC_REPRESENTATION_CONTEXT(2) 
PARAMETRIC_REPRESENTATION_CONTEXT() REPRESENTATION_CONTEXT('2D SPACE',''
  ) );
#1179 = ORIENTED_EDGE('',*,*,#1180,.T.);
#1180 = EDGE_CURVE('',#1153,#1181,#1183,.T.);
#1181 = VERTEX_POINT('',#1182);
#1182 = CARTESIAN_POINT('',(6.5,49.,148.5));
#1183 = SURFACE_CURVE('',#1184,(#1189,#1200),.PCURVE_S1.);
#1184 = CIRCLE('',#1185,6.5);
#1185 = AXIS2_PLACEMENT_3D('',#1186,#1187,#1188);
#1186 = CARTESIAN_POINT('',(6.106226635438E-16,49.,148.5));
#1187 = DIRECTION('',(0.,1.,-0.));
#1188 = DIRECTION('',(-1.,0.,2.476651362625E-16));
#1189 = PCURVE('',#126,#1190);
#1190 = DEFINITIONAL_REPRESENTATION('',(#1191),#1199);
#1191 = ( BOUNDED_CURVE() B_SPLINE_CURVE(2,(#1192,#1193,#1194,#1195,
#1196,#1197,#1198),.UNSPECIFIED.,.T.,.F.) B_SPLINE_CURVE_WITH_KNOTS((1,2
    ,2,2,2,1),(-2.094395102393,0.,2.094395102393,4.188790204786,
6.28318530718,8.377580409573),.UNSPECIFIED.) CURVE() 
GEOMETRIC_REPRESENTATION_ITEM() RATIONAL_B_SPLINE_CURVE((1.,0.5,1.,0.5,
1.,0.5,1.)) REPRESENTATION_ITEM('') );
#1192 = CARTESIAN_POINT('',(5.111546710718,-6.5));
#1193 = CARTESIAN_POINT('',(-6.146783538479,-6.5));
#1194 = CARTESIAN_POINT('',(-0.517618413881,3.25));
#1195 = CARTESIAN_POINT('',(5.111546710718,13.));
#1196 = CARTESIAN_POINT('',(10.740711835317,3.25));
#1197 = CARTESIAN_POINT('',(16.369876959916,-6.5));
#1198 = CARTESIAN_POINT('',(5.111546710718,-6.5));
#1199 = ( GEOMETRIC_REPRESENTATION_CONTEXT(2) 
PARAMETRIC_REPRESENTATION_CONTEXT() REPRESENTATION_CONTEXT('2D SPACE',''
  ) );
#1200 = PCURVE('',#1201,#1206);
#1201 = CYLINDRICAL_SURFACE('',#1202,6.5);
#1202 = AXIS2_PLACEMENT_3D('',#1203,#1204,#1205);
#1203 = CARTESIAN_POINT('',(6.106226635438E-16,62.,148.5));
#1204 = DIRECTION('',(0.,1.,-0.));
#1205 = DIRECTION('',(-1.,0.,2.476651362625E-16));
#1206 = DEFINITIONAL_REPRESENTATION('',(#1207),#1211);
#1207 = LINE('',#1208,#1209);
#1208 = CARTESIAN_POINT('',(0.,-13.));
#1209 = VECTOR('',#1210,1.);
#1210 = DIRECTION('',(1.,0.));
#1211 = ( GEOMETRIC_REPRESENTATION_CONTEXT(2) 
PARAMETRIC_REPRESENTATION_CONTEXT() REPRESENTATION_CONTEXT('2D SPACE',''
  ) );
#1212 = ORIENTED_EDGE('',*,*,#1213,.F.);
#1213 = EDGE_CURVE('',#1214,#1181,#1216,.T.);
#1214 = VERTEX_POINT('',#1215);
#1215 = CARTESIAN_POINT('',(6.5,49.,137.5));
#1216 = SURFACE_CURVE('',#1217,(#1221,#1227),.PCURVE_S1.);
#1217 = LINE('',#1218,#1219);
#1218 = CARTESIAN_POINT('',(6.5,49.,151.05577335535));
#1219 = VECTOR('',#1220,1.);
#1220 = DIRECTION('',(1.110223024625E-16,-0.,1.));
#1221 = PCURVE('',#126,#1222);
#1222 = DEFINITIONAL_REPRESENTATION('',(#1223),#1226);
#1223 = B_SPLINE_CURVE_WITH_KNOTS('',1,(#1224,#1225),.UNSPECIFIED.,.F.,
  .F.,(2,2),(-13.55577335535,-2.555773355359),.PIECEWISE_BEZIER_KNOTS.);
#1224 = CARTESIAN_POINT('',(16.111546710718,6.5));
#1225 = CARTESIAN_POINT('',(5.111546710718,6.5));
#1226 = ( GEOMETRIC_REPRESENTATION_CONTEXT(2) 
PARAMETRIC_REPRESENTATION_CONTEXT() REPRESENTATION_CONTEXT('2D SPACE',''
  ) );
#1227 = PCURVE('',#1228,#1233);
#1228 = PLANE('',#1229);
#1229 = AXIS2_PLACEMENT_3D('',#1230,#1231,#1232);
#1230 = CARTESIAN_POINT('',(6.5,62.,148.5));
#1231 = DIRECTION('',(1.,0.,-1.110223024625E-16));
#1232 = DIRECTION('',(-1.110223024625E-16,-0.,-1.));
#1233 = DEFINITIONAL_REPRESENTATION('',(#1234),#1237);
#1234 = B_SPLINE_CURVE_WITH_KNOTS('',1,(#1235,#1236),.UNSPECIFIED.,.F.,
  .F.,(2,2),(-13.55577335535,-2.555773355359),.PIECEWISE_BEZIER_KNOTS.);
#1235 = CARTESIAN_POINT('',(11.,-13.));
#1236 = CARTESIAN_POINT('',(0.,-13.));
#1237 = ( GEOMETRIC_REPRESENTATION_CONTEXT(2) 
PARAMETRIC_REPRESENTATION_CONTEXT() REPRESENTATION_CONTEXT('2D SPACE',''
  ) );
#1238 = ORIENTED_EDGE('',*,*,#1239,.T.);
#1239 = EDGE_CURVE('',#1214,#1155,#1240,.T.);
#1240 = SURFACE_CURVE('',#1241,(#1246,#1257),.PCURVE_S1.);
#1241 = CIRCLE('',#1242,6.5);
#1242 = AXIS2_PLACEMENT_3D('',#1243,#1244,#1245);
#1243 = CARTESIAN_POINT('',(-6.106226635438E-16,49.,137.5));
#1244 = DIRECTION('',(0.,1.,0.));
#1245 = DIRECTION('',(1.,0.,-2.476651362625E-16));
#1246 = PCURVE('',#126,#1247);
#1247 = DEFINITIONAL_REPRESENTATION('',(#1248),#1256);
#1248 = ( BOUNDED_CURVE() B_SPLINE_CURVE(2,(#1249,#1250,#1251,#1252,
#1253,#1254,#1255),.UNSPECIFIED.,.T.,.F.) B_SPLINE_CURVE_WITH_KNOTS((1,2
    ,2,2,2,1),(-2.094395102393,0.,2.094395102393,4.188790204786,
6.28318530718,8.377580409573),.UNSPECIFIED.) CURVE() 
GEOMETRIC_REPRESENTATION_ITEM() RATIONAL_B_SPLINE_CURVE((1.,0.5,1.,0.5,
1.,0.5,1.)) REPRESENTATION_ITEM('') );
#1249 = CARTESIAN_POINT('',(16.111546710718,6.5));
#1250 = CARTESIAN_POINT('',(27.369876959916,6.5));
#1251 = CARTESIAN_POINT('',(21.740711835317,-3.25));
#1252 = CARTESIAN_POINT('',(16.111546710718,-13.));
#1253 = CARTESIAN_POINT('',(10.482381586119,-3.25));
#1254 = CARTESIAN_POINT('',(4.853216461521,6.5));
#1255 = CARTESIAN_POINT('',(16.111546710718,6.5));
#1256 = ( GEOMETRIC_REPRESENTATION_CONTEXT(2) 
PARAMETRIC_REPRESENTATION_CONTEXT() REPRESENTATION_CONTEXT('2D SPACE',''
  ) );
#1257 = PCURVE('',#1258,#1263);
#1258 = CYLINDRICAL_SURFACE('',#1259,6.5);
#1259 = AXIS2_PLACEMENT_3D('',#1260,#1261,#1262);
#1260 = CARTESIAN_POINT('',(-6.106226635438E-16,62.,137.5));
#1261 = DIRECTION('',(-0.,1.,0.));
#1262 = DIRECTION('',(1.,0.,-2.476651362625E-16));
#1263 = DEFINITIONAL_REPRESENTATION('',(#1264),#1268);
#1264 = LINE('',#1265,#1266);
#1265 = CARTESIAN_POINT('',(0.,-13.));
#1266 = VECTOR('',#1267,1.);
#1267 = DIRECTION('',(1.,0.));
#1268 = ( GEOMETRIC_REPRESENTATION_CONTEXT(2) 
PARAMETRIC_REPRESENTATION_CONTEXT() REPRESENTATION_CONTEXT('2D SPACE',''
  ) );
#1269 = ADVANCED_FACE('',(#1270,#1461,#1496,#1531,#1566,#1666),#72,.F.);
#1270 = FACE_BOUND('',#1271,.F.);
#1271 = EDGE_LOOP('',(#1272,#1273,#1296,#1319,#1342,#1365,#1393,#1416,
    #1439,#1460));
#1272 = ORIENTED_EDGE('',*,*,#56,.T.);
#1273 = ORIENTED_EDGE('',*,*,#1274,.T.);
#1274 = EDGE_CURVE('',#57,#1275,#1277,.T.);
#1275 = VERTEX_POINT('',#1276);
#1276 = CARTESIAN_POINT('',(40.,61.,117.));
#1277 = SURFACE_CURVE('',#1278,(#1282,#1289),.PCURVE_S1.);
#1278 = LINE('',#1279,#1280);
#1279 = CARTESIAN_POINT('',(40.,61.,107.));
#1280 = VECTOR('',#1281,1.);
#1281 = DIRECTION('',(0.,0.,1.));
#1282 = PCURVE('',#72,#1283);
#1283 = DEFINITIONAL_REPRESENTATION('',(#1284),#1288);
#1284 = LINE('',#1285,#1286);
#1285 = CARTESIAN_POINT('',(46.611546710718,40.));
#1286 = VECTOR('',#1287,1.);
#1287 = DIRECTION('',(-1.,0.));
#1288 = ( GEOMETRIC_REPRESENTATION_CONTEXT(2) 
PARAMETRIC_REPRESENTATION_CONTEXT() REPRESENTATION_CONTEXT('2D SPACE',''
  ) );
#1289 = PCURVE('',#100,#1290);
#1290 = DEFINITIONAL_REPRESENTATION('',(#1291),#1295);
#1291 = LINE('',#1292,#1293);
#1292 = CARTESIAN_POINT('',(0.,-12.));
#1293 = VECTOR('',#1294,1.);
#1294 = DIRECTION('',(1.,0.));
#1295 = ( GEOMETRIC_REPRESENTATION_CONTEXT(2) 
PARAMETRIC_REPRESENTATION_CONTEXT() REPRESENTATION_CONTEXT('2D SPACE',''
  ) );
#1296 = ORIENTED_EDGE('',*,*,#1297,.F.);
#1297 = EDGE_CURVE('',#1298,#1275,#1300,.T.);
#1298 = VERTEX_POINT('',#1299);
#1299 = CARTESIAN_POINT('',(38.712871287129,61.,117.));
#1300 = SURFACE_CURVE('',#1301,(#1305,#1312),.PCURVE_S1.);
#1301 = LINE('',#1302,#1303);
#1302 = CARTESIAN_POINT('',(-40.,61.,117.));
#1303 = VECTOR('',#1304,1.);
#1304 = DIRECTION('',(1.,0.,0.));
#1305 = PCURVE('',#72,#1306);
#1306 = DEFINITIONAL_REPRESENTATION('',(#1307),#1311);
#1307 = LINE('',#1308,#1309);
#1308 = CARTESIAN_POINT('',(36.611546710718,-40.));
#1309 = VECTOR('',#1310,1.);
#1310 = DIRECTION('',(0.,1.));
#1311 = ( GEOMETRIC_REPRESENTATION_CONTEXT(2) 
PARAMETRIC_REPRESENTATION_CONTEXT() REPRESENTATION_CONTEXT('2D SPACE',''
  ) );
#1312 = PCURVE('',#706,#1313);
#1313 = DEFINITIONAL_REPRESENTATION('',(#1314),#1318);
#1314 = LINE('',#1315,#1316);
#1315 = CARTESIAN_POINT('',(0.,12.));
#1316 = VECTOR('',#1317,1.);
#1317 = DIRECTION('',(1.,0.));
#1318 = ( GEOMETRIC_REPRESENTATION_CONTEXT(2) 
PARAMETRIC_REPRESENTATION_CONTEXT() REPRESENTATION_CONTEXT('2D SPACE',''
  ) );
#1319 = ORIENTED_EDGE('',*,*,#1320,.T.);
#1320 = EDGE_CURVE('',#1298,#1321,#1323,.T.);
#1321 = VERTEX_POINT('',#1322);
#1322 = CARTESIAN_POINT('',(27.,61.,208.));
#1323 = SURFACE_CURVE('',#1324,(#1328,#1335),.PCURVE_S1.);
#1324 = LINE('',#1325,#1326);
#1325 = CARTESIAN_POINT('',(40.,61.,107.));
#1326 = VECTOR('',#1327,1.);
#1327 = DIRECTION('',(-0.127659745447,0.,0.991818022317));
#1328 = PCURVE('',#72,#1329);
#1329 = DEFINITIONAL_REPRESENTATION('',(#1330),#1334);
#1330 = LINE('',#1331,#1332);
#1331 = CARTESIAN_POINT('',(46.611546710718,40.));
#1332 = VECTOR('',#1333,1.);
#1333 = DIRECTION('',(-0.991818022317,-0.127659745447));
#1334 = ( GEOMETRIC_REPRESENTATION_CONTEXT(2) 
PARAMETRIC_REPRESENTATION_CONTEXT() REPRESENTATION_CONTEXT('2D SPACE',''
  ) );
#1335 = PCURVE('',#734,#1336);
#1336 = DEFINITIONAL_REPRESENTATION('',(#1337),#1341);
#1337 = LINE('',#1338,#1339);
#1338 = CARTESIAN_POINT('',(0.,-12.));
#1339 = VECTOR('',#1340,1.);
#1340 = DIRECTION('',(1.,0.));
#1341 = ( GEOMETRIC_REPRESENTATION_CONTEXT(2) 
PARAMETRIC_REPRESENTATION_CONTEXT() REPRESENTATION_CONTEXT('2D SPACE',''
  ) );
#1342 = ORIENTED_EDGE('',*,*,#1343,.T.);
#1343 = EDGE_CURVE('',#1321,#1344,#1346,.T.);
#1344 = VERTEX_POINT('',#1345);
#1345 = CARTESIAN_POINT('',(26.702059845637,61.,208.));
#1346 = SURFACE_CURVE('',#1347,(#1351,#1358),.PCURVE_S1.);
#1347 = LINE('',#1348,#1349);
#1348 = CARTESIAN_POINT('',(27.,61.,208.));
#1349 = VECTOR('',#1350,1.);
#1350 = DIRECTION('',(-1.,0.,0.));
#1351 = PCURVE('',#72,#1352);
#1352 = DEFINITIONAL_REPRESENTATION('',(#1353),#1357);
#1353 = LINE('',#1354,#1355);
#1354 = CARTESIAN_POINT('',(-54.38845328928,27.));
#1355 = VECTOR('',#1356,1.);
#1356 = DIRECTION('',(0.,-1.));
#1357 = ( GEOMETRIC_REPRESENTATION_CONTEXT(2) 
PARAMETRIC_REPRESENTATION_CONTEXT() REPRESENTATION_CONTEXT('2D SPACE',''
  ) );
#1358 = PCURVE('',#762,#1359);
#1359 = DEFINITIONAL_REPRESENTATION('',(#1360),#1364);
#1360 = LINE('',#1361,#1362);
#1361 = CARTESIAN_POINT('',(0.,-12.));
#1362 = VECTOR('',#1363,1.);
#1363 = DIRECTION('',(1.,0.));
#1364 = ( GEOMETRIC_REPRESENTATION_CONTEXT(2) 
PARAMETRIC_REPRESENTATION_CONTEXT() REPRESENTATION_CONTEXT('2D SPACE',''
  ) );
#1365 = ORIENTED_EDGE('',*,*,#1366,.F.);
#1366 = EDGE_CURVE('',#1367,#1344,#1369,.T.);
#1367 = VERTEX_POINT('',#1368);
#1368 = CARTESIAN_POINT('',(-26.70205984563,61.,208.));
#1369 = SURFACE_CURVE('',#1370,(#1375,#1386),.PCURVE_S1.);
#1370 = CIRCLE('',#1371,27.);
#1371 = AXIS2_PLACEMENT_3D('',#1372,#1373,#1374);
#1372 = CARTESIAN_POINT('',(0.,61.,212.));
#1373 = DIRECTION('',(0.,1.,0.));
#1374 = DIRECTION('',(-0.988965179468,0.,-0.148148148148));
#1375 = PCURVE('',#72,#1376);
#1376 = DEFINITIONAL_REPRESENTATION('',(#1377),#1385);
#1377 = ( BOUNDED_CURVE() B_SPLINE_CURVE(2,(#1378,#1379,#1380,#1381,
#1382,#1383,#1384),.UNSPECIFIED.,.T.,.F.) B_SPLINE_CURVE_WITH_KNOTS((1,2
    ,2,2,2,1),(-2.094395102393,0.,2.094395102393,4.188790204786,
6.28318530718,8.377580409573),.UNSPECIFIED.) CURVE() 
GEOMETRIC_REPRESENTATION_ITEM() RATIONAL_B_SPLINE_CURVE((1.,0.5,1.,0.5,
1.,0.5,1.)) REPRESENTATION_ITEM('') );
#1378 = CARTESIAN_POINT('',(-54.38845328928,-26.70205984563));
#1379 = CARTESIAN_POINT('',(-100.6377776086,-33.63026307591));
#1380 = CARTESIAN_POINT('',(-83.51311544897,9.886928307681));
#1381 = CARTESIAN_POINT('',(-66.38845328928,53.404119691275));
#1382 = CARTESIAN_POINT('',(-37.26379112958,16.815131537957));
#1383 = CARTESIAN_POINT('',(-8.139128969893,-19.77385661536));
#1384 = CARTESIAN_POINT('',(-54.38845328928,-26.70205984563));
#1385 = ( GEOMETRIC_REPRESENTATION_CONTEXT(2) 
PARAMETRIC_REPRESENTATION_CONTEXT() REPRESENTATION_CONTEXT('2D SPACE',''
  ) );
#1386 = PCURVE('',#791,#1387);
#1387 = DEFINITIONAL_REPRESENTATION('',(#1388),#1392);
#1388 = LINE('',#1389,#1390);
#1389 = CARTESIAN_POINT('',(-9.573473455037,0.));
#1390 = VECTOR('',#1391,1.);
#1391 = DIRECTION('',(1.,-0.));
#1392 = ( GEOMETRIC_REPRESENTATION_CONTEXT(2) 
PARAMETRIC_REPRESENTATION_CONTEXT() REPRESENTATION_CONTEXT('2D SPACE',''
  ) );
#1393 = ORIENTED_EDGE('',*,*,#1394,.T.);
#1394 = EDGE_CURVE('',#1367,#1395,#1397,.T.);
#1395 = VERTEX_POINT('',#1396);
#1396 = CARTESIAN_POINT('',(-27.,61.,208.));
#1397 = SURFACE_CURVE('',#1398,(#1402,#1409),.PCURVE_S1.);
#1398 = LINE('',#1399,#1400);
#1399 = CARTESIAN_POINT('',(27.,61.,208.));
#1400 = VECTOR('',#1401,1.);
#1401 = DIRECTION('',(-1.,0.,0.));
#1402 = PCURVE('',#72,#1403);
#1403 = DEFINITIONAL_REPRESENTATION('',(#1404),#1408);
#1404 = LINE('',#1405,#1406);
#1405 = CARTESIAN_POINT('',(-54.38845328928,27.));
#1406 = VECTOR('',#1407,1.);
#1407 = DIRECTION('',(0.,-1.));
#1408 = ( GEOMETRIC_REPRESENTATION_CONTEXT(2) 
PARAMETRIC_REPRESENTATION_CONTEXT() REPRESENTATION_CONTEXT('2D SPACE',''
  ) );
#1409 = PCURVE('',#819,#1410);
#1410 = DEFINITIONAL_REPRESENTATION('',(#1411),#1415);
#1411 = LINE('',#1412,#1413);
#1412 = CARTESIAN_POINT('',(0.,-12.));
#1413 = VECTOR('',#1414,1.);
#1414 = DIRECTION('',(1.,0.));
#1415 = ( GEOMETRIC_REPRESENTATION_CONTEXT(2) 
PARAMETRIC_REPRESENTATION_CONTEXT() REPRESENTATION_CONTEXT('2D SPACE',''
  ) );
#1416 = ORIENTED_EDGE('',*,*,#1417,.T.);
#1417 = EDGE_CURVE('',#1395,#1418,#1420,.T.);
#1418 = VERTEX_POINT('',#1419);
#1419 = CARTESIAN_POINT('',(-38.71287128712,61.,117.));
#1420 = SURFACE_CURVE('',#1421,(#1425,#1432),.PCURVE_S1.);
#1421 = LINE('',#1422,#1423);
#1422 = CARTESIAN_POINT('',(-27.,61.,208.));
#1423 = VECTOR('',#1424,1.);
#1424 = DIRECTION('',(-0.127659745447,0.,-0.991818022317));
#1425 = PCURVE('',#72,#1426);
#1426 = DEFINITIONAL_REPRESENTATION('',(#1427),#1431);
#1427 = LINE('',#1428,#1429);
#1428 = CARTESIAN_POINT('',(-54.38845328928,-27.));
#1429 = VECTOR('',#1430,1.);
#1430 = DIRECTION('',(0.991818022317,-0.127659745447));
#1431 = ( GEOMETRIC_REPRESENTATION_CONTEXT(2) 
PARAMETRIC_REPRESENTATION_CONTEXT() REPRESENTATION_CONTEXT('2D SPACE',''
  ) );
#1432 = PCURVE('',#847,#1433);
#1433 = DEFINITIONAL_REPRESENTATION('',(#1434),#1438);
#1434 = LINE('',#1435,#1436);
#1435 = CARTESIAN_POINT('',(0.,-12.));
#1436 = VECTOR('',#1437,1.);
#1437 = DIRECTION('',(1.,0.));
#1438 = ( GEOMETRIC_REPRESENTATION_CONTEXT(2) 
PARAMETRIC_REPRESENTATION_CONTEXT() REPRESENTATION_CONTEXT('2D SPACE',''
  ) );
#1439 = ORIENTED_EDGE('',*,*,#1440,.F.);
#1440 = EDGE_CURVE('',#614,#1418,#1441,.T.);
#1441 = SURFACE_CURVE('',#1442,(#1446,#1453),.PCURVE_S1.);
#1442 = LINE('',#1443,#1444);
#1443 = CARTESIAN_POINT('',(-40.,61.,117.));
#1444 = VECTOR('',#1445,1.);
#1445 = DIRECTION('',(1.,0.,0.));
#1446 = PCURVE('',#72,#1447);
#1447 = DEFINITIONAL_REPRESENTATION('',(#1448),#1452);
#1448 = LINE('',#1449,#1450);
#1449 = CARTESIAN_POINT('',(36.611546710718,-40.));
#1450 = VECTOR('',#1451,1.);
#1451 = DIRECTION('',(0.,1.));
#1452 = ( GEOMETRIC_REPRESENTATION_CONTEXT(2) 
PARAMETRIC_REPRESENTATION_CONTEXT() REPRESENTATION_CONTEXT('2D SPACE',''
  ) );
#1453 = PCURVE('',#650,#1454);
#1454 = DEFINITIONAL_REPRESENTATION('',(#1455),#1459);
#1455 = LINE('',#1456,#1457);
#1456 = CARTESIAN_POINT('',(0.,12.));
#1457 = VECTOR('',#1458,1.);
#1458 = DIRECTION('',(1.,0.));
#1459 = ( GEOMETRIC_REPRESENTATION_CONTEXT(2) 
PARAMETRIC_REPRESENTATION_CONTEXT() REPRESENTATION_CONTEXT('2D SPACE',''
  ) );
#1460 = ORIENTED_EDGE('',*,*,#613,.F.);
#1461 = FACE_BOUND('',#1462,.F.);
#1462 = EDGE_LOOP('',(#1463));
#1463 = ORIENTED_EDGE('',*,*,#1464,.T.);
#1464 = EDGE_CURVE('',#1465,#1465,#1467,.T.);
#1465 = VERTEX_POINT('',#1466);
#1466 = CARTESIAN_POINT('',(-22.124,61.,212.));
#1467 = SURFACE_CURVE('',#1468,(#1473,#1484),.PCURVE_S1.);
#1468 = CIRCLE('',#1469,1.376);
#1469 = AXIS2_PLACEMENT_3D('',#1470,#1471,#1472);
#1470 = CARTESIAN_POINT('',(-23.5,61.,212.));
#1471 = DIRECTION('',(-0.,1.,0.));
#1472 = DIRECTION('',(1.,0.,0.));
#1473 = PCURVE('',#72,#1474);
#1474 = DEFINITIONAL_REPRESENTATION('',(#1475),#1483);
#1475 = ( BOUNDED_CURVE() B_SPLINE_CURVE(2,(#1476,#1477,#1478,#1479,
#1480,#1481,#1482),.UNSPECIFIED.,.T.,.F.) B_SPLINE_CURVE_WITH_KNOTS((1,2
    ,2,2,2,1),(-2.094395102393,0.,2.094395102393,4.188790204786,
6.28318530718,8.377580409573),.UNSPECIFIED.) CURVE() 
GEOMETRIC_REPRESENTATION_ITEM() RATIONAL_B_SPLINE_CURVE((1.,0.5,1.,0.5,
1.,0.5,1.)) REPRESENTATION_ITEM('') );
#1476 = CARTESIAN_POINT('',(-58.38845328928,-22.124));
#1477 = CARTESIAN_POINT('',(-56.00515137806,-22.124));
#1478 = CARTESIAN_POINT('',(-57.19680233367,-24.188));
#1479 = CARTESIAN_POINT('',(-58.38845328928,-26.252));
#1480 = CARTESIAN_POINT('',(-59.58010424488,-24.188));
#1481 = CARTESIAN_POINT('',(-60.77175520049,-22.124));
#1482 = CARTESIAN_POINT('',(-58.38845328928,-22.124));
#1483 = ( GEOMETRIC_REPRESENTATION_CONTEXT(2) 
PARAMETRIC_REPRESENTATION_CONTEXT() REPRESENTATION_CONTEXT('2D SPACE',''
  ) );
#1484 = PCURVE('',#1485,#1490);
#1485 = CYLINDRICAL_SURFACE('',#1486,1.376);
#1486 = AXIS2_PLACEMENT_3D('',#1487,#1488,#1489);
#1487 = CARTESIAN_POINT('',(-23.5,62.,212.));
#1488 = DIRECTION('',(-0.,1.,-0.));
#1489 = DIRECTION('',(1.,0.,0.));
#1490 = DEFINITIONAL_REPRESENTATION('',(#1491),#1495);
#1491 = LINE('',#1492,#1493);
#1492 = CARTESIAN_POINT('',(-6.28318530718,-1.));
#1493 = VECTOR('',#1494,1.);
#1494 = DIRECTION('',(1.,-0.));
#1495 = ( GEOMETRIC_REPRESENTATION_CONTEXT(2) 
PARAMETRIC_REPRESENTATION_CONTEXT() REPRESENTATION_CONTEXT('2D SPACE',''
  ) );
#1496 = FACE_BOUND('',#1497,.F.);
#1497 = EDGE_LOOP('',(#1498));
#1498 = ORIENTED_EDGE('',*,*,#1499,.T.);
#1499 = EDGE_CURVE('',#1500,#1500,#1502,.T.);
#1500 = VERTEX_POINT('',#1501);
#1501 = CARTESIAN_POINT('',(18.,61.,212.));
#1502 = SURFACE_CURVE('',#1503,(#1508,#1519),.PCURVE_S1.);
#1503 = CIRCLE('',#1504,18.);
#1504 = AXIS2_PLACEMENT_3D('',#1505,#1506,#1507);
#1505 = CARTESIAN_POINT('',(0.,61.,212.));
#1506 = DIRECTION('',(-0.,1.,0.));
#1507 = DIRECTION('',(1.,0.,0.));
#1508 = PCURVE('',#72,#1509);
#1509 = DEFINITIONAL_REPRESENTATION('',(#1510),#1518);
#1510 = ( BOUNDED_CURVE() B_SPLINE_CURVE(2,(#1511,#1512,#1513,#1514,
#1515,#1516,#1517),.UNSPECIFIED.,.T.,.F.) B_SPLINE_CURVE_WITH_KNOTS((1,2
    ,2,2,2,1),(-2.094395102393,0.,2.094395102393,4.188790204786,
6.28318530718,8.377580409573),.UNSPECIFIED.) CURVE() 
GEOMETRIC_REPRESENTATION_ITEM() RATIONAL_B_SPLINE_CURVE((1.,0.5,1.,0.5,
1.,0.5,1.)) REPRESENTATION_ITEM('') );
#1511 = CARTESIAN_POINT('',(-58.38845328928,18.));
#1512 = CARTESIAN_POINT('',(-27.21153875304,18.));
#1513 = CARTESIAN_POINT('',(-42.79999602116,-9.));
#1514 = CARTESIAN_POINT('',(-58.38845328928,-36.));
#1515 = CARTESIAN_POINT('',(-73.9769105574,-9.));
#1516 = CARTESIAN_POINT('',(-89.56536782552,18.));
#1517 = CARTESIAN_POINT('',(-58.38845328928,18.));
#1518 = ( GEOMETRIC_REPRESENTATION_CONTEXT(2) 
PARAMETRIC_REPRESENTATION_CONTEXT() REPRESENTATION_CONTEXT('2D SPACE',''
  ) );
#1519 = PCURVE('',#1520,#1525);
#1520 = CYLINDRICAL_SURFACE('',#1521,18.);
#1521 = AXIS2_PLACEMENT_3D('',#1522,#1523,#1524);
#1522 = CARTESIAN_POINT('',(0.,62.,212.));
#1523 = DIRECTION('',(-0.,1.,-0.));
#1524 = DIRECTION('',(1.,0.,0.));
#1525 = DEFINITIONAL_REPRESENTATION('',(#1526),#1530);
#1526 = LINE('',#1527,#1528);
#1527 = CARTESIAN_POINT('',(-6.28318530718,-1.));
#1528 = VECTOR('',#1529,1.);
#1529 = DIRECTION('',(1.,-0.));
#1530 = ( GEOMETRIC_REPRESENTATION_CONTEXT(2) 
PARAMETRIC_REPRESENTATION_CONTEXT() REPRESENTATION_CONTEXT('2D SPACE',''
  ) );
#1531 = FACE_BOUND('',#1532,.F.);
#1532 = EDGE_LOOP('',(#1533));
#1533 = ORIENTED_EDGE('',*,*,#1534,.T.);
#1534 = EDGE_CURVE('',#1535,#1535,#1537,.T.);
#1535 = VERTEX_POINT('',#1536);
#1536 = CARTESIAN_POINT('',(24.876,61.,212.));
#1537 = SURFACE_CURVE('',#1538,(#1543,#1554),.PCURVE_S1.);
#1538 = CIRCLE('',#1539,1.376);
#1539 = AXIS2_PLACEMENT_3D('',#1540,#1541,#1542);
#1540 = CARTESIAN_POINT('',(23.5,61.,212.));
#1541 = DIRECTION('',(-0.,1.,0.));
#1542 = DIRECTION('',(1.,0.,0.));
#1543 = PCURVE('',#72,#1544);
#1544 = DEFINITIONAL_REPRESENTATION('',(#1545),#1553);
#1545 = ( BOUNDED_CURVE() B_SPLINE_CURVE(2,(#1546,#1547,#1548,#1549,
#1550,#1551,#1552),.UNSPECIFIED.,.T.,.F.) B_SPLINE_CURVE_WITH_KNOTS((1,2
    ,2,2,2,1),(-2.094395102393,0.,2.094395102393,4.188790204786,
6.28318530718,8.377580409573),.UNSPECIFIED.) CURVE() 
GEOMETRIC_REPRESENTATION_ITEM() RATIONAL_B_SPLINE_CURVE((1.,0.5,1.,0.5,
1.,0.5,1.)) REPRESENTATION_ITEM('') );
#1546 = CARTESIAN_POINT('',(-58.38845328928,24.876));
#1547 = CARTESIAN_POINT('',(-56.00515137806,24.876));
#1548 = CARTESIAN_POINT('',(-57.19680233367,22.812));
#1549 = CARTESIAN_POINT('',(-58.38845328928,20.748));
#1550 = CARTESIAN_POINT('',(-59.58010424488,22.812));
#1551 = CARTESIAN_POINT('',(-60.77175520049,24.876));
#1552 = CARTESIAN_POINT('',(-58.38845328928,24.876));
#1553 = ( GEOMETRIC_REPRESENTATION_CONTEXT(2) 
PARAMETRIC_REPRESENTATION_CONTEXT() REPRESENTATION_CONTEXT('2D SPACE',''
  ) );
#1554 = PCURVE('',#1555,#1560);
#1555 = CYLINDRICAL_SURFACE('',#1556,1.376);
#1556 = AXIS2_PLACEMENT_3D('',#1557,#1558,#1559);
#1557 = CARTESIAN_POINT('',(23.5,62.,212.));
#1558 = DIRECTION('',(-0.,1.,-0.));
#1559 = DIRECTION('',(1.,0.,0.));
#1560 = DEFINITIONAL_REPRESENTATION('',(#1561),#1565);
#1561 = LINE('',#1562,#1563);
#1562 = CARTESIAN_POINT('',(-6.28318530718,-1.));
#1563 = VECTOR('',#1564,1.);
#1564 = DIRECTION('',(1.,-0.));
#1565 = ( GEOMETRIC_REPRESENTATION_CONTEXT(2) 
PARAMETRIC_REPRESENTATION_CONTEXT() REPRESENTATION_CONTEXT('2D SPACE',''
  ) );
#1566 = FACE_BOUND('',#1567,.F.);
#1567 = EDGE_LOOP('',(#1568,#1591,#1619,#1640));
#1568 = ORIENTED_EDGE('',*,*,#1569,.F.);
#1569 = EDGE_CURVE('',#1570,#1572,#1574,.T.);
#1570 = VERTEX_POINT('',#1571);
#1571 = CARTESIAN_POINT('',(-6.5,61.,182.5));
#1572 = VERTEX_POINT('',#1573);
#1573 = CARTESIAN_POINT('',(-6.5,61.,171.5));
#1574 = SURFACE_CURVE('',#1575,(#1579,#1585),.PCURVE_S1.);
#1575 = LINE('',#1576,#1577);
#1576 = CARTESIAN_POINT('',(-6.5,61.,162.55577335535));
#1577 = VECTOR('',#1578,1.);
#1578 = DIRECTION('',(-1.110223024625E-16,0.,-1.));
#1579 = PCURVE('',#72,#1580);
#1580 = DEFINITIONAL_REPRESENTATION('',(#1581),#1584);
#1581 = B_SPLINE_CURVE_WITH_KNOTS('',1,(#1582,#1583),.UNSPECIFIED.,.F.,
  .F.,(2,2),(-19.94422664464,-8.944226644641),.PIECEWISE_BEZIER_KNOTS.);
#1582 = CARTESIAN_POINT('',(-28.88845328928,-6.5));
#1583 = CARTESIAN_POINT('',(-17.88845328928,-6.5));
#1584 = ( GEOMETRIC_REPRESENTATION_CONTEXT(2) 
PARAMETRIC_REPRESENTATION_CONTEXT() REPRESENTATION_CONTEXT('2D SPACE',''
  ) );
#1585 = PCURVE('',#1049,#1586);
#1586 = DEFINITIONAL_REPRESENTATION('',(#1587),#1590);
#1587 = B_SPLINE_CURVE_WITH_KNOTS('',1,(#1588,#1589),.UNSPECIFIED.,.F.,
  .F.,(2,2),(-19.94422664464,-8.944226644641),.PIECEWISE_BEZIER_KNOTS.);
#1588 = CARTESIAN_POINT('',(11.,-1.));
#1589 = CARTESIAN_POINT('',(0.,-1.));
#1590 = ( GEOMETRIC_REPRESENTATION_CONTEXT(2) 
PARAMETRIC_REPRESENTATION_CONTEXT() REPRESENTATION_CONTEXT('2D SPACE',''
  ) );
#1591 = ORIENTED_EDGE('',*,*,#1592,.T.);
#1592 = EDGE_CURVE('',#1570,#1593,#1595,.T.);
#1593 = VERTEX_POINT('',#1594);
#1594 = CARTESIAN_POINT('',(6.5,61.,182.5));
#1595 = SURFACE_CURVE('',#1596,(#1601,#1612),.PCURVE_S1.);
#1596 = CIRCLE('',#1597,6.5);
#1597 = AXIS2_PLACEMENT_3D('',#1598,#1599,#1600);
#1598 = CARTESIAN_POINT('',(6.106226635438E-16,61.,182.5));
#1599 = DIRECTION('',(0.,1.,-0.));
#1600 = DIRECTION('',(-1.,0.,2.476651362625E-16));
#1601 = PCURVE('',#72,#1602);
#1602 = DEFINITIONAL_REPRESENTATION('',(#1603),#1611);
#1603 = ( BOUNDED_CURVE() B_SPLINE_CURVE(2,(#1604,#1605,#1606,#1607,
#1608,#1609,#1610),.UNSPECIFIED.,.T.,.F.) B_SPLINE_CURVE_WITH_KNOTS((1,2
    ,2,2,2,1),(-2.094395102393,0.,2.094395102393,4.188790204786,
6.28318530718,8.377580409573),.UNSPECIFIED.) CURVE() 
GEOMETRIC_REPRESENTATION_ITEM() RATIONAL_B_SPLINE_CURVE((1.,0.5,1.,0.5,
1.,0.5,1.)) REPRESENTATION_ITEM('') );
#1604 = CARTESIAN_POINT('',(-28.88845328928,-6.5));
#1605 = CARTESIAN_POINT('',(-40.14678353847,-6.5));
#1606 = CARTESIAN_POINT('',(-34.51761841388,3.25));
#1607 = CARTESIAN_POINT('',(-28.88845328928,13.));
#1608 = CARTESIAN_POINT('',(-23.25928816468,3.25));
#1609 = CARTESIAN_POINT('',(-17.63012304008,-6.5));
#1610 = CARTESIAN_POINT('',(-28.88845328928,-6.5));
#1611 = ( GEOMETRIC_REPRESENTATION_CONTEXT(2) 
PARAMETRIC_REPRESENTATION_CONTEXT() REPRESENTATION_CONTEXT('2D SPACE',''
  ) );
#1612 = PCURVE('',#1081,#1613);
#1613 = DEFINITIONAL_REPRESENTATION('',(#1614),#1618);
#1614 = LINE('',#1615,#1616);
#1615 = CARTESIAN_POINT('',(0.,-1.));
#1616 = VECTOR('',#1617,1.);
#1617 = DIRECTION('',(1.,0.));
#1618 = ( GEOMETRIC_REPRESENTATION_CONTEXT(2) 
PARAMETRIC_REPRESENTATION_CONTEXT() REPRESENTATION_CONTEXT('2D SPACE',''
  ) );
#1619 = ORIENTED_EDGE('',*,*,#1620,.F.);
#1620 = EDGE_CURVE('',#1621,#1593,#1623,.T.);
#1621 = VERTEX_POINT('',#1622);
#1622 = CARTESIAN_POINT('',(6.5,61.,171.5));
#1623 = SURFACE_CURVE('',#1624,(#1628,#1634),.PCURVE_S1.);
#1624 = LINE('',#1625,#1626);
#1625 = CARTESIAN_POINT('',(6.5,61.,168.05577335535));
#1626 = VECTOR('',#1627,1.);
#1627 = DIRECTION('',(1.110223024625E-16,-0.,1.));
#1628 = PCURVE('',#72,#1629);
#1629 = DEFINITIONAL_REPRESENTATION('',(#1630),#1633);
#1630 = B_SPLINE_CURVE_WITH_KNOTS('',1,(#1631,#1632),.UNSPECIFIED.,.F.,
  .F.,(2,2),(3.444226644641,14.444226644641),.PIECEWISE_BEZIER_KNOTS.);
#1631 = CARTESIAN_POINT('',(-17.88845328928,6.5));
#1632 = CARTESIAN_POINT('',(-28.88845328928,6.5));
#1633 = ( GEOMETRIC_REPRESENTATION_CONTEXT(2) 
PARAMETRIC_REPRESENTATION_CONTEXT() REPRESENTATION_CONTEXT('2D SPACE',''
  ) );
#1634 = PCURVE('',#1108,#1635);
#1635 = DEFINITIONAL_REPRESENTATION('',(#1636),#1639);
#1636 = B_SPLINE_CURVE_WITH_KNOTS('',1,(#1637,#1638),.UNSPECIFIED.,.F.,
  .F.,(2,2),(3.444226644641,14.444226644641),.PIECEWISE_BEZIER_KNOTS.);
#1637 = CARTESIAN_POINT('',(11.,-1.));
#1638 = CARTESIAN_POINT('',(0.,-1.));
#1639 = ( GEOMETRIC_REPRESENTATION_CONTEXT(2) 
PARAMETRIC_REPRESENTATION_CONTEXT() REPRESENTATION_CONTEXT('2D SPACE',''
  ) );
#1640 = ORIENTED_EDGE('',*,*,#1641,.T.);
#1641 = EDGE_CURVE('',#1621,#1572,#1642,.T.);
#1642 = SURFACE_CURVE('',#1643,(#1648,#1659),.PCURVE_S1.);
#1643 = CIRCLE('',#1644,6.5);
#1644 = AXIS2_PLACEMENT_3D('',#1645,#1646,#1647);
#1645 = CARTESIAN_POINT('',(-6.106226635438E-16,61.,171.5));
#1646 = DIRECTION('',(0.,1.,0.));
#1647 = DIRECTION('',(1.,0.,-2.476651362625E-16));
#1648 = PCURVE('',#72,#1649);
#1649 = DEFINITIONAL_REPRESENTATION('',(#1650),#1658);
#1650 = ( BOUNDED_CURVE() B_SPLINE_CURVE(2,(#1651,#1652,#1653,#1654,
#1655,#1656,#1657),.UNSPECIFIED.,.T.,.F.) B_SPLINE_CURVE_WITH_KNOTS((1,2
    ,2,2,2,1),(-2.094395102393,0.,2.094395102393,4.188790204786,
6.28318530718,8.377580409573),.UNSPECIFIED.) CURVE() 
GEOMETRIC_REPRESENTATION_ITEM() RATIONAL_B_SPLINE_CURVE((1.,0.5,1.,0.5,
1.,0.5,1.)) REPRESENTATION_ITEM('') );
#1651 = CARTESIAN_POINT('',(-17.88845328928,6.5));
#1652 = CARTESIAN_POINT('',(-6.630123040084,6.5));
#1653 = CARTESIAN_POINT('',(-12.25928816468,-3.25));
#1654 = CARTESIAN_POINT('',(-17.88845328928,-13.));
#1655 = CARTESIAN_POINT('',(-23.51761841388,-3.25));
#1656 = CARTESIAN_POINT('',(-29.14678353847,6.5));
#1657 = CARTESIAN_POINT('',(-17.88845328928,6.5));
#1658 = ( GEOMETRIC_REPRESENTATION_CONTEXT(2) 
PARAMETRIC_REPRESENTATION_CONTEXT() REPRESENTATION_CONTEXT('2D SPACE',''
  ) );
#1659 = PCURVE('',#1138,#1660);
#1660 = DEFINITIONAL_REPRESENTATION('',(#1661),#1665);
#1661 = LINE('',#1662,#1663);
#1662 = CARTESIAN_POINT('',(0.,-1.));
#1663 = VECTOR('',#1664,1.);
#1664 = DIRECTION('',(1.,0.));
#1665 = ( GEOMETRIC_REPRESENTATION_CONTEXT(2) 
PARAMETRIC_REPRESENTATION_CONTEXT() REPRESENTATION_CONTEXT('2D SPACE',''
  ) );
#1666 = FACE_BOUND('',#1667,.F.);
#1667 = EDGE_LOOP('',(#1668,#1696,#1724,#1750));
#1668 = ORIENTED_EDGE('',*,*,#1669,.F.);
#1669 = EDGE_CURVE('',#1670,#1672,#1674,.T.);
#1670 = VERTEX_POINT('',#1671);
#1671 = CARTESIAN_POINT('',(-6.5,61.,148.5));
#1672 = VERTEX_POINT('',#1673);
#1673 = CARTESIAN_POINT('',(-6.5,61.,137.5));
#1674 = SURFACE_CURVE('',#1675,(#1679,#1685),.PCURVE_S1.);
#1675 = LINE('',#1676,#1677);
#1676 = CARTESIAN_POINT('',(-6.5,61.,145.55577335535));
#1677 = VECTOR('',#1678,1.);
#1678 = DIRECTION('',(-1.110223024625E-16,0.,-1.));
#1679 = PCURVE('',#72,#1680);
#1680 = DEFINITIONAL_REPRESENTATION('',(#1681),#1684);
#1681 = B_SPLINE_CURVE_WITH_KNOTS('',1,(#1682,#1683),.UNSPECIFIED.,.F.,
  .F.,(2,2),(-2.944226644641,8.055773355359),.PIECEWISE_BEZIER_KNOTS.);
#1682 = CARTESIAN_POINT('',(5.111546710718,-6.5));
#1683 = CARTESIAN_POINT('',(16.111546710718,-6.5));
#1684 = ( GEOMETRIC_REPRESENTATION_CONTEXT(2) 
PARAMETRIC_REPRESENTATION_CONTEXT() REPRESENTATION_CONTEXT('2D SPACE',''
  ) );
#1685 = PCURVE('',#1686,#1691);
#1686 = PLANE('',#1687);
#1687 = AXIS2_PLACEMENT_3D('',#1688,#1689,#1690);
#1688 = CARTESIAN_POINT('',(-6.5,62.,137.5));
#1689 = DIRECTION('',(-1.,0.,1.110223024625E-16));
#1690 = DIRECTION('',(1.110223024625E-16,0.,1.));
#1691 = DEFINITIONAL_REPRESENTATION('',(#1692),#1695);
#1692 = B_SPLINE_CURVE_WITH_KNOTS('',1,(#1693,#1694),.UNSPECIFIED.,.F.,
  .F.,(2,2),(-2.944226644641,8.055773355359),.PIECEWISE_BEZIER_KNOTS.);
#1693 = CARTESIAN_POINT('',(11.,-1.));
#1694 = CARTESIAN_POINT('',(0.,-1.));
#1695 = ( GEOMETRIC_REPRESENTATION_CONTEXT(2) 
PARAMETRIC_REPRESENTATION_CONTEXT() REPRESENTATION_CONTEXT('2D SPACE',''
  ) );
#1696 = ORIENTED_EDGE('',*,*,#1697,.T.);
#1697 = EDGE_CURVE('',#1670,#1698,#1700,.T.);
#1698 = VERTEX_POINT('',#1699);
#1699 = CARTESIAN_POINT('',(6.5,61.,148.5));
#1700 = SURFACE_CURVE('',#1701,(#1706,#1717),.PCURVE_S1.);
#1701 = CIRCLE('',#1702,6.5);
#1702 = AXIS2_PLACEMENT_3D('',#1703,#1704,#1705);
#1703 = CARTESIAN_POINT('',(6.106226635438E-16,61.,148.5));
#1704 = DIRECTION('',(0.,1.,-0.));
#1705 = DIRECTION('',(-1.,0.,2.476651362625E-16));
#1706 = PCURVE('',#72,#1707);
#1707 = DEFINITIONAL_REPRESENTATION('',(#1708),#1716);
#1708 = ( BOUNDED_CURVE() B_SPLINE_CURVE(2,(#1709,#1710,#1711,#1712,
#1713,#1714,#1715),.UNSPECIFIED.,.T.,.F.) B_SPLINE_CURVE_WITH_KNOTS((1,2
    ,2,2,2,1),(-2.094395102393,0.,2.094395102393,4.188790204786,
6.28318530718,8.377580409573),.UNSPECIFIED.) CURVE() 
GEOMETRIC_REPRESENTATION_ITEM() RATIONAL_B_SPLINE_CURVE((1.,0.5,1.,0.5,
1.,0.5,1.)) REPRESENTATION_ITEM('') );
#1709 = CARTESIAN_POINT('',(5.111546710718,-6.5));
#1710 = CARTESIAN_POINT('',(-6.146783538479,-6.5));
#1711 = CARTESIAN_POINT('',(-0.517618413881,3.25));
#1712 = CARTESIAN_POINT('',(5.111546710718,13.));
#1713 = CARTESIAN_POINT('',(10.740711835317,3.25));
#1714 = CARTESIAN_POINT('',(16.369876959916,-6.5));
#1715 = CARTESIAN_POINT('',(5.111546710718,-6.5));
#1716 = ( GEOMETRIC_REPRESENTATION_CONTEXT(2) 
PARAMETRIC_REPRESENTATION_CONTEXT() REPRESENTATION_CONTEXT('2D SPACE',''
  ) );
#1717 = PCURVE('',#1201,#1718);
#1718 = DEFINITIONAL_REPRESENTATION('',(#1719),#1723);
#1719 = LINE('',#1720,#1721);
#1720 = CARTESIAN_POINT('',(0.,-1.));
#1721 = VECTOR('',#1722,1.);
#1722 = DIRECTION('',(1.,0.));
#1723 = ( GEOMETRIC_REPRESENTATION_CONTEXT(2) 
PARAMETRIC_REPRESENTATION_CONTEXT() REPRESENTATION_CONTEXT('2D SPACE',''
  ) );
#1724 = ORIENTED_EDGE('',*,*,#1725,.F.);
#1725 = EDGE_CURVE('',#1726,#1698,#1728,.T.);
#1726 = VERTEX_POINT('',#1727);
#1727 = CARTESIAN_POINT('',(6.5,61.,137.5));
#1728 = SURFACE_CURVE('',#1729,(#1733,#1739),.PCURVE_S1.);
#1729 = LINE('',#1730,#1731);
#1730 = CARTESIAN_POINT('',(6.5,61.,151.05577335535));
#1731 = VECTOR('',#1732,1.);
#1732 = DIRECTION('',(1.110223024625E-16,-0.,1.));
#1733 = PCURVE('',#72,#1734);
#1734 = DEFINITIONAL_REPRESENTATION('',(#1735),#1738);
#1735 = B_SPLINE_CURVE_WITH_KNOTS('',1,(#1736,#1737),.UNSPECIFIED.,.F.,
  .F.,(2,2),(-13.55577335535,-2.555773355359),.PIECEWISE_BEZIER_KNOTS.);
#1736 = CARTESIAN_POINT('',(16.111546710718,6.5));
#1737 = CARTESIAN_POINT('',(5.111546710718,6.5));
#1738 = ( GEOMETRIC_REPRESENTATION_CONTEXT(2) 
PARAMETRIC_REPRESENTATION_CONTEXT() REPRESENTATION_CONTEXT('2D SPACE',''
  ) );
#1739 = PCURVE('',#1740,#1745);
#1740 = PLANE('',#1741);
#1741 = AXIS2_PLACEMENT_3D('',#1742,#1743,#1744);
#1742 = CARTESIAN_POINT('',(6.5,62.,148.5));
#1743 = DIRECTION('',(1.,0.,-1.110223024625E-16));
#1744 = DIRECTION('',(-1.110223024625E-16,-0.,-1.));
#1745 = DEFINITIONAL_REPRESENTATION('',(#1746),#1749);
#1746 = B_SPLINE_CURVE_WITH_KNOTS('',1,(#1747,#1748),.UNSPECIFIED.,.F.,
  .F.,(2,2),(-13.55577335535,-2.555773355359),.PIECEWISE_BEZIER_KNOTS.);
#1747 = CARTESIAN_POINT('',(11.,-1.));
#1748 = CARTESIAN_POINT('',(0.,-1.));
#1749 = ( GEOMETRIC_REPRESENTATION_CONTEXT(2) 
PARAMETRIC_REPRESENTATION_CONTEXT() REPRESENTATION_CONTEXT('2D SPACE',''
  ) );
#1750 = ORIENTED_EDGE('',*,*,#1751,.T.);
#1751 = EDGE_CURVE('',#1726,#1672,#1752,.T.);
#1752 = SURFACE_CURVE('',#1753,(#1758,#1769),.PCURVE_S1.);
#1753 = CIRCLE('',#1754,6.5);
#1754 = AXIS2_PLACEMENT_3D('',#1755,#1756,#1757);
#1755 = CARTESIAN_POINT('',(-6.106226635438E-16,61.,137.5));
#1756 = DIRECTION('',(0.,1.,0.));
#1757 = DIRECTION('',(1.,0.,-2.476651362625E-16));
#1758 = PCURVE('',#72,#1759);
#1759 = DEFINITIONAL_REPRESENTATION('',(#1760),#1768);
#1760 = ( BOUNDED_CURVE() B_SPLINE_CURVE(2,(#1761,#1762,#1763,#1764,
#1765,#1766,#1767),.UNSPECIFIED.,.T.,.F.) B_SPLINE_CURVE_WITH_KNOTS((1,2
    ,2,2,2,1),(-2.094395102393,0.,2.094395102393,4.188790204786,
6.28318530718,8.377580409573),.UNSPECIFIED.) CURVE() 
GEOMETRIC_REPRESENTATION_ITEM() RATIONAL_B_SPLINE_CURVE((1.,0.5,1.,0.5,
1.,0.5,1.)) REPRESENTATION_ITEM('') );
#1761 = CARTESIAN_POINT('',(16.111546710718,6.5));
#1762 = CARTESIAN_POINT('',(27.369876959916,6.5));
#1763 = CARTESIAN_POINT('',(21.740711835317,-3.25));
#1764 = CARTESIAN_POINT('',(16.111546710718,-13.));
#1765 = CARTESIAN_POINT('',(10.482381586119,-3.25));
#1766 = CARTESIAN_POINT('',(4.853216461521,6.5));
#1767 = CARTESIAN_POINT('',(16.111546710718,6.5));
#1768 = ( GEOMETRIC_REPRESENTATION_CONTEXT(2) 
PARAMETRIC_REPRESENTATION_CONTEXT() REPRESENTATION_CONTEXT('2D SPACE',''
  ) );
#1769 = PCURVE('',#1258,#1770);
#1770 = DEFINITIONAL_REPRESENTATION('',(#1771),#1775);
#1771 = LINE('',#1772,#1773);
#1772 = CARTESIAN_POINT('',(0.,-1.));
#1773 = VECTOR('',#1774,1.);
#1774 = DIRECTION('',(1.,0.));
#1775 = ( GEOMETRIC_REPRESENTATION_CONTEXT(2) 
PARAMETRIC_REPRESENTATION_CONTEXT() REPRESENTATION_CONTEXT('2D SPACE',''
  ) );
#1776 = ADVANCED_FACE('',(#1777),#100,.T.);
#1777 = FACE_BOUND('',#1778,.T.);
#1778 = EDGE_LOOP('',(#1779,#1780,#1781,#1782));
#1779 = ORIENTED_EDGE('',*,*,#667,.F.);
#1780 = ORIENTED_EDGE('',*,*,#84,.T.);
#1781 = ORIENTED_EDGE('',*,*,#1274,.T.);
#1782 = ORIENTED_EDGE('',*,*,#1783,.F.);
#1783 = EDGE_CURVE('',#668,#1275,#1784,.T.);
#1784 = SURFACE_CURVE('',#1785,(#1789,#1796),.PCURVE_S1.);
#1785 = LINE('',#1786,#1787);
#1786 = CARTESIAN_POINT('',(40.,49.,117.));
#1787 = VECTOR('',#1788,1.);
#1788 = DIRECTION('',(0.,1.,0.));
#1789 = PCURVE('',#100,#1790);
#1790 = DEFINITIONAL_REPRESENTATION('',(#1791),#1795);
#1791 = LINE('',#1792,#1793);
#1792 = CARTESIAN_POINT('',(10.,0.));
#1793 = VECTOR('',#1794,1.);
#1794 = DIRECTION('',(0.,-1.));
#1795 = ( GEOMETRIC_REPRESENTATION_CONTEXT(2) 
PARAMETRIC_REPRESENTATION_CONTEXT() REPRESENTATION_CONTEXT('2D SPACE',''
  ) );
#1796 = PCURVE('',#706,#1797);
#1797 = DEFINITIONAL_REPRESENTATION('',(#1798),#1802);
#1798 = LINE('',#1799,#1800);
#1799 = CARTESIAN_POINT('',(80.,0.));
#1800 = VECTOR('',#1801,1.);
#1801 = DIRECTION('',(0.,1.));
#1802 = ( GEOMETRIC_REPRESENTATION_CONTEXT(2) 
PARAMETRIC_REPRESENTATION_CONTEXT() REPRESENTATION_CONTEXT('2D SPACE',''
  ) );
#1803 = ADVANCED_FACE('',(#1804),#157,.F.);
#1804 = FACE_BOUND('',#1805,.F.);
#1805 = EDGE_LOOP('',(#1806,#1807,#1830,#1856));
#1806 = ORIENTED_EDGE('',*,*,#140,.F.);
#1807 = ORIENTED_EDGE('',*,*,#1808,.T.);
#1808 = EDGE_CURVE('',#141,#1809,#1811,.T.);
#1809 = VERTEX_POINT('',#1810);
#1810 = CARTESIAN_POINT('',(-28.15,53.5,117.));
#1811 = SURFACE_CURVE('',#1812,(#1816,#1823),.PCURVE_S1.);
#1812 = LINE('',#1813,#1814);
#1813 = CARTESIAN_POINT('',(-28.15,53.5,106.));
#1814 = VECTOR('',#1815,1.);
#1815 = DIRECTION('',(0.,0.,1.));
#1816 = PCURVE('',#157,#1817);
#1817 = DEFINITIONAL_REPRESENTATION('',(#1818),#1822);
#1818 = LINE('',#1819,#1820);
#1819 = CARTESIAN_POINT('',(0.,0.));
#1820 = VECTOR('',#1821,1.);
#1821 = DIRECTION('',(0.,-1.));
#1822 = ( GEOMETRIC_REPRESENTATION_CONTEXT(2) 
PARAMETRIC_REPRESENTATION_CONTEXT() REPRESENTATION_CONTEXT('2D SPACE',''
  ) );
#1823 = PCURVE('',#185,#1824);
#1824 = DEFINITIONAL_REPRESENTATION('',(#1825),#1829);
#1825 = LINE('',#1826,#1827);
#1826 = CARTESIAN_POINT('',(3.14159265359,0.));
#1827 = VECTOR('',#1828,1.);
#1828 = DIRECTION('',(0.,-1.));
#1829 = ( GEOMETRIC_REPRESENTATION_CONTEXT(2) 
PARAMETRIC_REPRESENTATION_CONTEXT() REPRESENTATION_CONTEXT('2D SPACE',''
  ) );
#1830 = ORIENTED_EDGE('',*,*,#1831,.F.);
#1831 = EDGE_CURVE('',#1832,#1809,#1834,.T.);
#1832 = VERTEX_POINT('',#1833);
#1833 = CARTESIAN_POINT('',(-28.15,56.5,117.));
#1834 = SURFACE_CURVE('',#1835,(#1839,#1845),.PCURVE_S1.);
#1835 = LINE('',#1836,#1837);
#1836 = CARTESIAN_POINT('',(-28.15,54.25,117.));
#1837 = VECTOR('',#1838,1.);
#1838 = DIRECTION('',(-1.110223024625E-16,-1.,0.));
#1839 = PCURVE('',#157,#1840);
#1840 = DEFINITIONAL_REPRESENTATION('',(#1841),#1844);
#1841 = B_SPLINE_CURVE_WITH_KNOTS('',1,(#1842,#1843),.UNSPECIFIED.,.F.,
  .F.,(2,2),(-2.25,0.75),.PIECEWISE_BEZIER_KNOTS.);
#1842 = CARTESIAN_POINT('',(3.,-11.));
#1843 = CARTESIAN_POINT('',(0.,-11.));
#1844 = ( GEOMETRIC_REPRESENTATION_CONTEXT(2) 
PARAMETRIC_REPRESENTATION_CONTEXT() REPRESENTATION_CONTEXT('2D SPACE',''
  ) );
#1845 = PCURVE('',#1846,#1851);
#1846 = PLANE('',#1847);
#1847 = AXIS2_PLACEMENT_3D('',#1848,#1849,#1850);
#1848 = CARTESIAN_POINT('',(-26.,55.,117.));
#1849 = DIRECTION('',(-0.,-0.,-1.));
#1850 = DIRECTION('',(-1.,0.,0.));
#1851 = DEFINITIONAL_REPRESENTATION('',(#1852),#1855);
#1852 = B_SPLINE_CURVE_WITH_KNOTS('',1,(#1853,#1854),.UNSPECIFIED.,.F.,
  .F.,(2,2),(-2.25,0.75),.PIECEWISE_BEZIER_KNOTS.);
#1853 = CARTESIAN_POINT('',(2.15,1.5));
#1854 = CARTESIAN_POINT('',(2.15,-1.5));
#1855 = ( GEOMETRIC_REPRESENTATION_CONTEXT(2) 
PARAMETRIC_REPRESENTATION_CONTEXT() REPRESENTATION_CONTEXT('2D SPACE',''
  ) );
#1856 = ORIENTED_EDGE('',*,*,#1857,.F.);
#1857 = EDGE_CURVE('',#143,#1832,#1858,.T.);
#1858 = SURFACE_CURVE('',#1859,(#1863,#1870),.PCURVE_S1.);
#1859 = LINE('',#1860,#1861);
#1860 = CARTESIAN_POINT('',(-28.15,56.5,106.));
#1861 = VECTOR('',#1862,1.);
#1862 = DIRECTION('',(0.,0.,1.));
#1863 = PCURVE('',#157,#1864);
#1864 = DEFINITIONAL_REPRESENTATION('',(#1865),#1869);
#1865 = LINE('',#1866,#1867);
#1866 = CARTESIAN_POINT('',(3.,0.));
#1867 = VECTOR('',#1868,1.);
#1868 = DIRECTION('',(0.,-1.));
#1869 = ( GEOMETRIC_REPRESENTATION_CONTEXT(2) 
PARAMETRIC_REPRESENTATION_CONTEXT() REPRESENTATION_CONTEXT('2D SPACE',''
  ) );
#1870 = PCURVE('',#238,#1871);
#1871 = DEFINITIONAL_REPRESENTATION('',(#1872),#1876);
#1872 = LINE('',#1873,#1874);
#1873 = CARTESIAN_POINT('',(0.,0.));
#1874 = VECTOR('',#1875,1.);
#1875 = DIRECTION('',(0.,-1.));
#1876 = ( GEOMETRIC_REPRESENTATION_CONTEXT(2) 
PARAMETRIC_REPRESENTATION_CONTEXT() REPRESENTATION_CONTEXT('2D SPACE',''
  ) );
#1877 = ADVANCED_FACE('',(#1878),#185,.F.);
#1878 = FACE_BOUND('',#1879,.F.);
#1879 = EDGE_LOOP('',(#1880,#1881,#1904,#1926));
#1880 = ORIENTED_EDGE('',*,*,#168,.F.);
#1881 = ORIENTED_EDGE('',*,*,#1882,.T.);
#1882 = EDGE_CURVE('',#169,#1883,#1885,.T.);
#1883 = VERTEX_POINT('',#1884);
#1884 = CARTESIAN_POINT('',(-23.85,53.5,117.));
#1885 = SURFACE_CURVE('',#1886,(#1890,#1897),.PCURVE_S1.);
#1886 = LINE('',#1887,#1888);
#1887 = CARTESIAN_POINT('',(-23.85,53.5,106.));
#1888 = VECTOR('',#1889,1.);
#1889 = DIRECTION('',(0.,0.,1.));
#1890 = PCURVE('',#185,#1891);
#1891 = DEFINITIONAL_REPRESENTATION('',(#1892),#1896);
#1892 = LINE('',#1893,#1894);
#1893 = CARTESIAN_POINT('',(0.,0.));
#1894 = VECTOR('',#1895,1.);
#1895 = DIRECTION('',(0.,-1.));
#1896 = ( GEOMETRIC_REPRESENTATION_CONTEXT(2) 
PARAMETRIC_REPRESENTATION_CONTEXT() REPRESENTATION_CONTEXT('2D SPACE',''
  ) );
#1897 = PCURVE('',#212,#1898);
#1898 = DEFINITIONAL_REPRESENTATION('',(#1899),#1903);
#1899 = LINE('',#1900,#1901);
#1900 = CARTESIAN_POINT('',(3.,0.));
#1901 = VECTOR('',#1902,1.);
#1902 = DIRECTION('',(0.,-1.));
#1903 = ( GEOMETRIC_REPRESENTATION_CONTEXT(2) 
PARAMETRIC_REPRESENTATION_CONTEXT() REPRESENTATION_CONTEXT('2D SPACE',''
  ) );
#1904 = ORIENTED_EDGE('',*,*,#1905,.T.);
#1905 = EDGE_CURVE('',#1883,#1809,#1906,.T.);
#1906 = SURFACE_CURVE('',#1907,(#1912,#1919),.PCURVE_S1.);
#1907 = CIRCLE('',#1908,2.15);
#1908 = AXIS2_PLACEMENT_3D('',#1909,#1910,#1911);
#1909 = CARTESIAN_POINT('',(-26.,53.5,117.));
#1910 = DIRECTION('',(0.,-0.,-1.));
#1911 = DIRECTION('',(1.,-1.110223024625E-16,0.));
#1912 = PCURVE('',#185,#1913);
#1913 = DEFINITIONAL_REPRESENTATION('',(#1914),#1918);
#1914 = LINE('',#1915,#1916);
#1915 = CARTESIAN_POINT('',(0.,-11.));
#1916 = VECTOR('',#1917,1.);
#1917 = DIRECTION('',(1.,0.));
#1918 = ( GEOMETRIC_REPRESENTATION_CONTEXT(2) 
PARAMETRIC_REPRESENTATION_CONTEXT() REPRESENTATION_CONTEXT('2D SPACE',''
  ) );
#1919 = PCURVE('',#1846,#1920);
#1920 = DEFINITIONAL_REPRESENTATION('',(#1921),#1925);
#1921 = CIRCLE('',#1922,2.15);
#1922 = AXIS2_PLACEMENT_2D('',#1923,#1924);
#1923 = CARTESIAN_POINT('',(1.06581410364E-14,-1.5));
#1924 = DIRECTION('',(-1.,-1.110223024625E-16));
#1925 = ( GEOMETRIC_REPRESENTATION_CONTEXT(2) 
PARAMETRIC_REPRESENTATION_CONTEXT() REPRESENTATION_CONTEXT('2D SPACE',''
  ) );
#1926 = ORIENTED_EDGE('',*,*,#1808,.F.);
#1927 = ADVANCED_FACE('',(#1928),#238,.F.);
#1928 = FACE_BOUND('',#1929,.F.);
#1929 = EDGE_LOOP('',(#1930,#1931,#1932,#1956));
#1930 = ORIENTED_EDGE('',*,*,#223,.F.);
#1931 = ORIENTED_EDGE('',*,*,#1857,.T.);
#1932 = ORIENTED_EDGE('',*,*,#1933,.T.);
#1933 = EDGE_CURVE('',#1832,#1934,#1936,.T.);
#1934 = VERTEX_POINT('',#1935);
#1935 = CARTESIAN_POINT('',(-23.85,56.5,117.));
#1936 = SURFACE_CURVE('',#1937,(#1942,#1949),.PCURVE_S1.);
#1937 = CIRCLE('',#1938,2.15);
#1938 = AXIS2_PLACEMENT_3D('',#1939,#1940,#1941);
#1939 = CARTESIAN_POINT('',(-26.,56.5,117.));
#1940 = DIRECTION('',(0.,0.,-1.));
#1941 = DIRECTION('',(-1.,1.110223024625E-16,0.));
#1942 = PCURVE('',#238,#1943);
#1943 = DEFINITIONAL_REPRESENTATION('',(#1944),#1948);
#1944 = LINE('',#1945,#1946);
#1945 = CARTESIAN_POINT('',(0.,-11.));
#1946 = VECTOR('',#1947,1.);
#1947 = DIRECTION('',(1.,0.));
#1948 = ( GEOMETRIC_REPRESENTATION_CONTEXT(2) 
PARAMETRIC_REPRESENTATION_CONTEXT() REPRESENTATION_CONTEXT('2D SPACE',''
  ) );
#1949 = PCURVE('',#1846,#1950);
#1950 = DEFINITIONAL_REPRESENTATION('',(#1951),#1955);
#1951 = CIRCLE('',#1952,2.15);
#1952 = AXIS2_PLACEMENT_2D('',#1953,#1954);
#1953 = CARTESIAN_POINT('',(1.06581410364E-14,1.5));
#1954 = DIRECTION('',(1.,1.110223024625E-16));
#1955 = ( GEOMETRIC_REPRESENTATION_CONTEXT(2) 
PARAMETRIC_REPRESENTATION_CONTEXT() REPRESENTATION_CONTEXT('2D SPACE',''
  ) );
#1956 = ORIENTED_EDGE('',*,*,#1957,.F.);
#1957 = EDGE_CURVE('',#198,#1934,#1958,.T.);
#1958 = SURFACE_CURVE('',#1959,(#1963,#1970),.PCURVE_S1.);
#1959 = LINE('',#1960,#1961);
#1960 = CARTESIAN_POINT('',(-23.85,56.5,106.));
#1961 = VECTOR('',#1962,1.);
#1962 = DIRECTION('',(0.,0.,1.));
#1963 = PCURVE('',#238,#1964);
#1964 = DEFINITIONAL_REPRESENTATION('',(#1965),#1969);
#1965 = LINE('',#1966,#1967);
#1966 = CARTESIAN_POINT('',(3.14159265359,0.));
#1967 = VECTOR('',#1968,1.);
#1968 = DIRECTION('',(0.,-1.));
#1969 = ( GEOMETRIC_REPRESENTATION_CONTEXT(2) 
PARAMETRIC_REPRESENTATION_CONTEXT() REPRESENTATION_CONTEXT('2D SPACE',''
  ) );
#1970 = PCURVE('',#212,#1971);
#1971 = DEFINITIONAL_REPRESENTATION('',(#1972),#1976);
#1972 = LINE('',#1973,#1974);
#1973 = CARTESIAN_POINT('',(0.,0.));
#1974 = VECTOR('',#1975,1.);
#1975 = DIRECTION('',(0.,-1.));
#1976 = ( GEOMETRIC_REPRESENTATION_CONTEXT(2) 
PARAMETRIC_REPRESENTATION_CONTEXT() REPRESENTATION_CONTEXT('2D SPACE',''
  ) );
#1977 = ADVANCED_FACE('',(#1978),#212,.F.);
#1978 = FACE_BOUND('',#1979,.F.);
#1979 = EDGE_LOOP('',(#1980,#1981,#1982,#2001));
#1980 = ORIENTED_EDGE('',*,*,#197,.F.);
#1981 = ORIENTED_EDGE('',*,*,#1957,.T.);
#1982 = ORIENTED_EDGE('',*,*,#1983,.F.);
#1983 = EDGE_CURVE('',#1883,#1934,#1984,.T.);
#1984 = SURFACE_CURVE('',#1985,(#1989,#1995),.PCURVE_S1.);
#1985 = LINE('',#1986,#1987);
#1986 = CARTESIAN_POINT('',(-23.85,55.75,117.));
#1987 = VECTOR('',#1988,1.);
#1988 = DIRECTION('',(1.110223024625E-16,1.,-0.));
#1989 = PCURVE('',#212,#1990);
#1990 = DEFINITIONAL_REPRESENTATION('',(#1991),#1994);
#1991 = B_SPLINE_CURVE_WITH_KNOTS('',1,(#1992,#1993),.UNSPECIFIED.,.F.,
  .F.,(2,2),(-2.25,0.75),.PIECEWISE_BEZIER_KNOTS.);
#1992 = CARTESIAN_POINT('',(3.,-11.));
#1993 = CARTESIAN_POINT('',(0.,-11.));
#1994 = ( GEOMETRIC_REPRESENTATION_CONTEXT(2) 
PARAMETRIC_REPRESENTATION_CONTEXT() REPRESENTATION_CONTEXT('2D SPACE',''
  ) );
#1995 = PCURVE('',#1846,#1996);
#1996 = DEFINITIONAL_REPRESENTATION('',(#1997),#2000);
#1997 = B_SPLINE_CURVE_WITH_KNOTS('',1,(#1998,#1999),.UNSPECIFIED.,.F.,
  .F.,(2,2),(-2.25,0.75),.PIECEWISE_BEZIER_KNOTS.);
#1998 = CARTESIAN_POINT('',(-2.15,-1.5));
#1999 = CARTESIAN_POINT('',(-2.15,1.5));
#2000 = ( GEOMETRIC_REPRESENTATION_CONTEXT(2) 
PARAMETRIC_REPRESENTATION_CONTEXT() REPRESENTATION_CONTEXT('2D SPACE',''
  ) );
#2001 = ORIENTED_EDGE('',*,*,#1882,.F.);
#2002 = ADVANCED_FACE('',(#2003),#269,.F.);
#2003 = FACE_BOUND('',#2004,.F.);
#2004 = EDGE_LOOP('',(#2005,#2006,#2029,#2055));
#2005 = ORIENTED_EDGE('',*,*,#252,.F.);
#2006 = ORIENTED_EDGE('',*,*,#2007,.T.);
#2007 = EDGE_CURVE('',#253,#2008,#2010,.T.);
#2008 = VERTEX_POINT('',#2009);
#2009 = CARTESIAN_POINT('',(-10.15,53.5,117.));
#2010 = SURFACE_CURVE('',#2011,(#2015,#2022),.PCURVE_S1.);
#2011 = LINE('',#2012,#2013);
#2012 = CARTESIAN_POINT('',(-10.15,53.5,106.));
#2013 = VECTOR('',#2014,1.);
#2014 = DIRECTION('',(0.,0.,1.));
#2015 = PCURVE('',#269,#2016);
#2016 = DEFINITIONAL_REPRESENTATION('',(#2017),#2021);
#2017 = LINE('',#2018,#2019);
#2018 = CARTESIAN_POINT('',(0.,0.));
#2019 = VECTOR('',#2020,1.);
#2020 = DIRECTION('',(0.,-1.));
#2021 = ( GEOMETRIC_REPRESENTATION_CONTEXT(2) 
PARAMETRIC_REPRESENTATION_CONTEXT() REPRESENTATION_CONTEXT('2D SPACE',''
  ) );
#2022 = PCURVE('',#297,#2023);
#2023 = DEFINITIONAL_REPRESENTATION('',(#2024),#2028);
#2024 = LINE('',#2025,#2026);
#2025 = CARTESIAN_POINT('',(3.14159265359,0.));
#2026 = VECTOR('',#2027,1.);
#2027 = DIRECTION('',(0.,-1.));
#2028 = ( GEOMETRIC_REPRESENTATION_CONTEXT(2) 
PARAMETRIC_REPRESENTATION_CONTEXT() REPRESENTATION_CONTEXT('2D SPACE',''
  ) );
#2029 = ORIENTED_EDGE('',*,*,#2030,.F.);
#2030 = EDGE_CURVE('',#2031,#2008,#2033,.T.);
#2031 = VERTEX_POINT('',#2032);
#2032 = CARTESIAN_POINT('',(-10.15,56.5,117.));
#2033 = SURFACE_CURVE('',#2034,(#2038,#2044),.PCURVE_S1.);
#2034 = LINE('',#2035,#2036);
#2035 = CARTESIAN_POINT('',(-10.15,54.25,117.));
#2036 = VECTOR('',#2037,1.);
#2037 = DIRECTION('',(-1.110223024625E-16,-1.,0.));
#2038 = PCURVE('',#269,#2039);
#2039 = DEFINITIONAL_REPRESENTATION('',(#2040),#2043);
#2040 = B_SPLINE_CURVE_WITH_KNOTS('',1,(#2041,#2042),.UNSPECIFIED.,.F.,
  .F.,(2,2),(-2.25,0.75),.PIECEWISE_BEZIER_KNOTS.);
#2041 = CARTESIAN_POINT('',(3.,-11.));
#2042 = CARTESIAN_POINT('',(0.,-11.));
#2043 = ( GEOMETRIC_REPRESENTATION_CONTEXT(2) 
PARAMETRIC_REPRESENTATION_CONTEXT() REPRESENTATION_CONTEXT('2D SPACE',''
  ) );
#2044 = PCURVE('',#2045,#2050);
#2045 = PLANE('',#2046);
#2046 = AXIS2_PLACEMENT_3D('',#2047,#2048,#2049);
#2047 = CARTESIAN_POINT('',(-8.,55.,117.));
#2048 = DIRECTION('',(-0.,-0.,-1.));
#2049 = DIRECTION('',(-1.,0.,0.));
#2050 = DEFINITIONAL_REPRESENTATION('',(#2051),#2054);
#2051 = B_SPLINE_CURVE_WITH_KNOTS('',1,(#2052,#2053),.UNSPECIFIED.,.F.,
  .F.,(2,2),(-2.25,0.75),.PIECEWISE_BEZIER_KNOTS.);
#2052 = CARTESIAN_POINT('',(2.15,1.5));
#2053 = CARTESIAN_POINT('',(2.15,-1.5));
#2054 = ( GEOMETRIC_REPRESENTATION_CONTEXT(2) 
PARAMETRIC_REPRESENTATION_CONTEXT() REPRESENTATION_CONTEXT('2D SPACE',''
  ) );
#2055 = ORIENTED_EDGE('',*,*,#2056,.F.);
#2056 = EDGE_CURVE('',#255,#2031,#2057,.T.);
#2057 = SURFACE_CURVE('',#2058,(#2062,#2069),.PCURVE_S1.);
#2058 = LINE('',#2059,#2060);
#2059 = CARTESIAN_POINT('',(-10.15,56.5,106.));
#2060 = VECTOR('',#2061,1.);
#2061 = DIRECTION('',(0.,0.,1.));
#2062 = PCURVE('',#269,#2063);
#2063 = DEFINITIONAL_REPRESENTATION('',(#2064),#2068);
#2064 = LINE('',#2065,#2066);
#2065 = CARTESIAN_POINT('',(3.,0.));
#2066 = VECTOR('',#2067,1.);
#2067 = DIRECTION('',(0.,-1.));
#2068 = ( GEOMETRIC_REPRESENTATION_CONTEXT(2) 
PARAMETRIC_REPRESENTATION_CONTEXT() REPRESENTATION_CONTEXT('2D SPACE',''
  ) );
#2069 = PCURVE('',#350,#2070);
#2070 = DEFINITIONAL_REPRESENTATION('',(#2071),#2075);
#2071 = LINE('',#2072,#2073);
#2072 = CARTESIAN_POINT('',(0.,0.));
#2073 = VECTOR('',#2074,1.);
#2074 = DIRECTION('',(0.,-1.));
#2075 = ( GEOMETRIC_REPRESENTATION_CONTEXT(2) 
PARAMETRIC_REPRESENTATION_CONTEXT() REPRESENTATION_CONTEXT('2D SPACE',''
  ) );
#2076 = ADVANCED_FACE('',(#2077),#297,.F.);
#2077 = FACE_BOUND('',#2078,.F.);
#2078 = EDGE_LOOP('',(#2079,#2080,#2103,#2125));
#2079 = ORIENTED_EDGE('',*,*,#280,.F.);
#2080 = ORIENTED_EDGE('',*,*,#2081,.T.);
#2081 = EDGE_CURVE('',#281,#2082,#2084,.T.);
#2082 = VERTEX_POINT('',#2083);
#2083 = CARTESIAN_POINT('',(-5.85,53.5,117.));
#2084 = SURFACE_CURVE('',#2085,(#2089,#2096),.PCURVE_S1.);
#2085 = LINE('',#2086,#2087);
#2086 = CARTESIAN_POINT('',(-5.85,53.5,106.));
#2087 = VECTOR('',#2088,1.);
#2088 = DIRECTION('',(0.,0.,1.));
#2089 = PCURVE('',#297,#2090);
#2090 = DEFINITIONAL_REPRESENTATION('',(#2091),#2095);
#2091 = LINE('',#2092,#2093);
#2092 = CARTESIAN_POINT('',(0.,0.));
#2093 = VECTOR('',#2094,1.);
#2094 = DIRECTION('',(0.,-1.));
#2095 = ( GEOMETRIC_REPRESENTATION_CONTEXT(2) 
PARAMETRIC_REPRESENTATION_CONTEXT() REPRESENTATION_CONTEXT('2D SPACE',''
  ) );
#2096 = PCURVE('',#324,#2097);
#2097 = DEFINITIONAL_REPRESENTATION('',(#2098),#2102);
#2098 = LINE('',#2099,#2100);
#2099 = CARTESIAN_POINT('',(3.,0.));
#2100 = VECTOR('',#2101,1.);
#2101 = DIRECTION('',(0.,-1.));
#2102 = ( GEOMETRIC_REPRESENTATION_CONTEXT(2) 
PARAMETRIC_REPRESENTATION_CONTEXT() REPRESENTATION_CONTEXT('2D SPACE',''
  ) );
#2103 = ORIENTED_EDGE('',*,*,#2104,.T.);
#2104 = EDGE_CURVE('',#2082,#2008,#2105,.T.);
#2105 = SURFACE_CURVE('',#2106,(#2111,#2118),.PCURVE_S1.);
#2106 = CIRCLE('',#2107,2.15);
#2107 = AXIS2_PLACEMENT_3D('',#2108,#2109,#2110);
#2108 = CARTESIAN_POINT('',(-8.,53.5,117.));
#2109 = DIRECTION('',(0.,-0.,-1.));
#2110 = DIRECTION('',(1.,-1.110223024625E-16,0.));
#2111 = PCURVE('',#297,#2112);
#2112 = DEFINITIONAL_REPRESENTATION('',(#2113),#2117);
#2113 = LINE('',#2114,#2115);
#2114 = CARTESIAN_POINT('',(0.,-11.));
#2115 = VECTOR('',#2116,1.);
#2116 = DIRECTION('',(1.,0.));
#2117 = ( GEOMETRIC_REPRESENTATION_CONTEXT(2) 
PARAMETRIC_REPRESENTATION_CONTEXT() REPRESENTATION_CONTEXT('2D SPACE',''
  ) );
#2118 = PCURVE('',#2045,#2119);
#2119 = DEFINITIONAL_REPRESENTATION('',(#2120),#2124);
#2120 = CIRCLE('',#2121,2.15);
#2121 = AXIS2_PLACEMENT_2D('',#2122,#2123);
#2122 = CARTESIAN_POINT('',(2.6645352591E-15,-1.5));
#2123 = DIRECTION('',(-1.,-1.110223024625E-16));
#2124 = ( GEOMETRIC_REPRESENTATION_CONTEXT(2) 
PARAMETRIC_REPRESENTATION_CONTEXT() REPRESENTATION_CONTEXT('2D SPACE',''
  ) );
#2125 = ORIENTED_EDGE('',*,*,#2007,.F.);
#2126 = ADVANCED_FACE('',(#2127),#350,.F.);
#2127 = FACE_BOUND('',#2128,.F.);
#2128 = EDGE_LOOP('',(#2129,#2130,#2131,#2155));
#2129 = ORIENTED_EDGE('',*,*,#335,.F.);
#2130 = ORIENTED_EDGE('',*,*,#2056,.T.);
#2131 = ORIENTED_EDGE('',*,*,#2132,.T.);
#2132 = EDGE_CURVE('',#2031,#2133,#2135,.T.);
#2133 = VERTEX_POINT('',#2134);
#2134 = CARTESIAN_POINT('',(-5.85,56.5,117.));
#2135 = SURFACE_CURVE('',#2136,(#2141,#2148),.PCURVE_S1.);
#2136 = CIRCLE('',#2137,2.15);
#2137 = AXIS2_PLACEMENT_3D('',#2138,#2139,#2140);
#2138 = CARTESIAN_POINT('',(-8.,56.5,117.));
#2139 = DIRECTION('',(0.,0.,-1.));
#2140 = DIRECTION('',(-1.,1.110223024625E-16,0.));
#2141 = PCURVE('',#350,#2142);
#2142 = DEFINITIONAL_REPRESENTATION('',(#2143),#2147);
#2143 = LINE('',#2144,#2145);
#2144 = CARTESIAN_POINT('',(0.,-11.));
#2145 = VECTOR('',#2146,1.);
#2146 = DIRECTION('',(1.,0.));
#2147 = ( GEOMETRIC_REPRESENTATION_CONTEXT(2) 
PARAMETRIC_REPRESENTATION_CONTEXT() REPRESENTATION_CONTEXT('2D SPACE',''
  ) );
#2148 = PCURVE('',#2045,#2149);
#2149 = DEFINITIONAL_REPRESENTATION('',(#2150),#2154);
#2150 = CIRCLE('',#2151,2.15);
#2151 = AXIS2_PLACEMENT_2D('',#2152,#2153);
#2152 = CARTESIAN_POINT('',(2.6645352591E-15,1.5));
#2153 = DIRECTION('',(1.,1.110223024625E-16));
#2154 = ( GEOMETRIC_REPRESENTATION_CONTEXT(2) 
PARAMETRIC_REPRESENTATION_CONTEXT() REPRESENTATION_CONTEXT('2D SPACE',''
  ) );
#2155 = ORIENTED_EDGE('',*,*,#2156,.F.);
#2156 = EDGE_CURVE('',#310,#2133,#2157,.T.);
#2157 = SURFACE_CURVE('',#2158,(#2162,#2169),.PCURVE_S1.);
#2158 = LINE('',#2159,#2160);
#2159 = CARTESIAN_POINT('',(-5.85,56.5,106.));
#2160 = VECTOR('',#2161,1.);
#2161 = DIRECTION('',(0.,0.,1.));
#2162 = PCURVE('',#350,#2163);
#2163 = DEFINITIONAL_REPRESENTATION('',(#2164),#2168);
#2164 = LINE('',#2165,#2166);
#2165 = CARTESIAN_POINT('',(3.14159265359,0.));
#2166 = VECTOR('',#2167,1.);
#2167 = DIRECTION('',(0.,-1.));
#2168 = ( GEOMETRIC_REPRESENTATION_CONTEXT(2) 
PARAMETRIC_REPRESENTATION_CONTEXT() REPRESENTATION_CONTEXT('2D SPACE',''
  ) );
#2169 = PCURVE('',#324,#2170);
#2170 = DEFINITIONAL_REPRESENTATION('',(#2171),#2175);
#2171 = LINE('',#2172,#2173);
#2172 = CARTESIAN_POINT('',(0.,0.));
#2173 = VECTOR('',#2174,1.);
#2174 = DIRECTION('',(0.,-1.));
#2175 = ( GEOMETRIC_REPRESENTATION_CONTEXT(2) 
PARAMETRIC_REPRESENTATION_CONTEXT() REPRESENTATION_CONTEXT('2D SPACE',''
  ) );
#2176 = ADVANCED_FACE('',(#2177),#324,.F.);
#2177 = FACE_BOUND('',#2178,.F.);
#2178 = EDGE_LOOP('',(#2179,#2180,#2181,#2200));
#2179 = ORIENTED_EDGE('',*,*,#309,.F.);
#2180 = ORIENTED_EDGE('',*,*,#2156,.T.);
#2181 = ORIENTED_EDGE('',*,*,#2182,.F.);
#2182 = EDGE_CURVE('',#2082,#2133,#2183,.T.);
#2183 = SURFACE_CURVE('',#2184,(#2188,#2194),.PCURVE_S1.);
#2184 = LINE('',#2185,#2186);
#2185 = CARTESIAN_POINT('',(-5.85,55.75,117.));
#2186 = VECTOR('',#2187,1.);
#2187 = DIRECTION('',(1.110223024625E-16,1.,-0.));
#2188 = PCURVE('',#324,#2189);
#2189 = DEFINITIONAL_REPRESENTATION('',(#2190),#2193);
#2190 = B_SPLINE_CURVE_WITH_KNOTS('',1,(#2191,#2192),.UNSPECIFIED.,.F.,
  .F.,(2,2),(-2.25,0.75),.PIECEWISE_BEZIER_KNOTS.);
#2191 = CARTESIAN_POINT('',(3.,-11.));
#2192 = CARTESIAN_POINT('',(0.,-11.));
#2193 = ( GEOMETRIC_REPRESENTATION_CONTEXT(2) 
PARAMETRIC_REPRESENTATION_CONTEXT() REPRESENTATION_CONTEXT('2D SPACE',''
  ) );
#2194 = PCURVE('',#2045,#2195);
#2195 = DEFINITIONAL_REPRESENTATION('',(#2196),#2199);
#2196 = B_SPLINE_CURVE_WITH_KNOTS('',1,(#2197,#2198),.UNSPECIFIED.,.F.,
  .F.,(2,2),(-2.25,0.75),.PIECEWISE_BEZIER_KNOTS.);
#2197 = CARTESIAN_POINT('',(-2.15,-1.5));
#2198 = CARTESIAN_POINT('',(-2.15,1.5));
#2199 = ( GEOMETRIC_REPRESENTATION_CONTEXT(2) 
PARAMETRIC_REPRESENTATION_CONTEXT() REPRESENTATION_CONTEXT('2D SPACE',''
  ) );
#2200 = ORIENTED_EDGE('',*,*,#2081,.F.);
#2201 = ADVANCED_FACE('',(#2202),#381,.F.);
#2202 = FACE_BOUND('',#2203,.F.);
#2203 = EDGE_LOOP('',(#2204,#2205,#2228,#2254));
#2204 = ORIENTED_EDGE('',*,*,#364,.F.);
#2205 = ORIENTED_EDGE('',*,*,#2206,.T.);
#2206 = EDGE_CURVE('',#365,#2207,#2209,.T.);
#2207 = VERTEX_POINT('',#2208);
#2208 = CARTESIAN_POINT('',(5.85,53.5,117.));
#2209 = SURFACE_CURVE('',#2210,(#2214,#2221),.PCURVE_S1.);
#2210 = LINE('',#2211,#2212);
#2211 = CARTESIAN_POINT('',(5.85,53.5,106.));
#2212 = VECTOR('',#2213,1.);
#2213 = DIRECTION('',(0.,0.,1.));
#2214 = PCURVE('',#381,#2215);
#2215 = DEFINITIONAL_REPRESENTATION('',(#2216),#2220);
#2216 = LINE('',#2217,#2218);
#2217 = CARTESIAN_POINT('',(0.,0.));
#2218 = VECTOR('',#2219,1.);
#2219 = DIRECTION('',(0.,-1.));
#2220 = ( GEOMETRIC_REPRESENTATION_CONTEXT(2) 
PARAMETRIC_REPRESENTATION_CONTEXT() REPRESENTATION_CONTEXT('2D SPACE',''
  ) );
#2221 = PCURVE('',#409,#2222);
#2222 = DEFINITIONAL_REPRESENTATION('',(#2223),#2227);
#2223 = LINE('',#2224,#2225);
#2224 = CARTESIAN_POINT('',(3.14159265359,0.));
#2225 = VECTOR('',#2226,1.);
#2226 = DIRECTION('',(0.,-1.));
#2227 = ( GEOMETRIC_REPRESENTATION_CONTEXT(2) 
PARAMETRIC_REPRESENTATION_CONTEXT() REPRESENTATION_CONTEXT('2D SPACE',''
  ) );
#2228 = ORIENTED_EDGE('',*,*,#2229,.F.);
#2229 = EDGE_CURVE('',#2230,#2207,#2232,.T.);
#2230 = VERTEX_POINT('',#2231);
#2231 = CARTESIAN_POINT('',(5.85,56.5,117.));
#2232 = SURFACE_CURVE('',#2233,(#2237,#2243),.PCURVE_S1.);
#2233 = LINE('',#2234,#2235);
#2234 = CARTESIAN_POINT('',(5.85,54.25,117.));
#2235 = VECTOR('',#2236,1.);
#2236 = DIRECTION('',(-1.110223024625E-16,-1.,0.));
#2237 = PCURVE('',#381,#2238);
#2238 = DEFINITIONAL_REPRESENTATION('',(#2239),#2242);
#2239 = B_SPLINE_CURVE_WITH_KNOTS('',1,(#2240,#2241),.UNSPECIFIED.,.F.,
  .F.,(2,2),(-2.25,0.75),.PIECEWISE_BEZIER_KNOTS.);
#2240 = CARTESIAN_POINT('',(3.,-11.));
#2241 = CARTESIAN_POINT('',(0.,-11.));
#2242 = ( GEOMETRIC_REPRESENTATION_CONTEXT(2) 
PARAMETRIC_REPRESENTATION_CONTEXT() REPRESENTATION_CONTEXT('2D SPACE',''
  ) );
#2243 = PCURVE('',#2244,#2249);
#2244 = PLANE('',#2245);
#2245 = AXIS2_PLACEMENT_3D('',#2246,#2247,#2248);
#2246 = CARTESIAN_POINT('',(8.,55.,117.));
#2247 = DIRECTION('',(-0.,-0.,-1.));
#2248 = DIRECTION('',(-1.,0.,0.));
#2249 = DEFINITIONAL_REPRESENTATION('',(#2250),#2253);
#2250 = B_SPLINE_CURVE_WITH_KNOTS('',1,(#2251,#2252),.UNSPECIFIED.,.F.,
  .F.,(2,2),(-2.25,0.75),.PIECEWISE_BEZIER_KNOTS.);
#2251 = CARTESIAN_POINT('',(2.15,1.5));
#2252 = CARTESIAN_POINT('',(2.15,-1.5));
#2253 = ( GEOMETRIC_REPRESENTATION_CONTEXT(2) 
PARAMETRIC_REPRESENTATION_CONTEXT() REPRESENTATION_CONTEXT('2D SPACE',''
  ) );
#2254 = ORIENTED_EDGE('',*,*,#2255,.F.);
#2255 = EDGE_CURVE('',#367,#2230,#2256,.T.);
#2256 = SURFACE_CURVE('',#2257,(#2261,#2268),.PCURVE_S1.);
#2257 = LINE('',#2258,#2259);
#2258 = CARTESIAN_POINT('',(5.85,56.5,106.));
#2259 = VECTOR('',#2260,1.);
#2260 = DIRECTION('',(0.,0.,1.));
#2261 = PCURVE('',#381,#2262);
#2262 = DEFINITIONAL_REPRESENTATION('',(#2263),#2267);
#2263 = LINE('',#2264,#2265);
#2264 = CARTESIAN_POINT('',(3.,0.));
#2265 = VECTOR('',#2266,1.);
#2266 = DIRECTION('',(0.,-1.));
#2267 = ( GEOMETRIC_REPRESENTATION_CONTEXT(2) 
PARAMETRIC_REPRESENTATION_CONTEXT() REPRESENTATION_CONTEXT('2D SPACE',''
  ) );
#2268 = PCURVE('',#462,#2269);
#2269 = DEFINITIONAL_REPRESENTATION('',(#2270),#2274);
#2270 = LINE('',#2271,#2272);
#2271 = CARTESIAN_POINT('',(0.,0.));
#2272 = VECTOR('',#2273,1.);
#2273 = DIRECTION('',(0.,-1.));
#2274 = ( GEOMETRIC_REPRESENTATION_CONTEXT(2) 
PARAMETRIC_REPRESENTATION_CONTEXT() REPRESENTATION_CONTEXT('2D SPACE',''
  ) );
#2275 = ADVANCED_FACE('',(#2276),#409,.F.);
#2276 = FACE_BOUND('',#2277,.F.);
#2277 = EDGE_LOOP('',(#2278,#2279,#2302,#2324));
#2278 = ORIENTED_EDGE('',*,*,#392,.F.);
#2279 = ORIENTED_EDGE('',*,*,#2280,.T.);
#2280 = EDGE_CURVE('',#393,#2281,#2283,.T.);
#2281 = VERTEX_POINT('',#2282);
#2282 = CARTESIAN_POINT('',(10.15,53.5,117.));
#2283 = SURFACE_CURVE('',#2284,(#2288,#2295),.PCURVE_S1.);
#2284 = LINE('',#2285,#2286);
#2285 = CARTESIAN_POINT('',(10.15,53.5,106.));
#2286 = VECTOR('',#2287,1.);
#2287 = DIRECTION('',(0.,0.,1.));
#2288 = PCURVE('',#409,#2289);
#2289 = DEFINITIONAL_REPRESENTATION('',(#2290),#2294);
#2290 = LINE('',#2291,#2292);
#2291 = CARTESIAN_POINT('',(0.,0.));
#2292 = VECTOR('',#2293,1.);
#2293 = DIRECTION('',(0.,-1.));
#2294 = ( GEOMETRIC_REPRESENTATION_CONTEXT(2) 
PARAMETRIC_REPRESENTATION_CONTEXT() REPRESENTATION_CONTEXT('2D SPACE',''
  ) );
#2295 = PCURVE('',#436,#2296);
#2296 = DEFINITIONAL_REPRESENTATION('',(#2297),#2301);
#2297 = LINE('',#2298,#2299);
#2298 = CARTESIAN_POINT('',(3.,0.));
#2299 = VECTOR('',#2300,1.);
#2300 = DIRECTION('',(0.,-1.));
#2301 = ( GEOMETRIC_REPRESENTATION_CONTEXT(2) 
PARAMETRIC_REPRESENTATION_CONTEXT() REPRESENTATION_CONTEXT('2D SPACE',''
  ) );
#2302 = ORIENTED_EDGE('',*,*,#2303,.T.);
#2303 = EDGE_CURVE('',#2281,#2207,#2304,.T.);
#2304 = SURFACE_CURVE('',#2305,(#2310,#2317),.PCURVE_S1.);
#2305 = CIRCLE('',#2306,2.15);
#2306 = AXIS2_PLACEMENT_3D('',#2307,#2308,#2309);
#2307 = CARTESIAN_POINT('',(8.,53.5,117.));
#2308 = DIRECTION('',(0.,-0.,-1.));
#2309 = DIRECTION('',(1.,-1.110223024625E-16,0.));
#2310 = PCURVE('',#409,#2311);
#2311 = DEFINITIONAL_REPRESENTATION('',(#2312),#2316);
#2312 = LINE('',#2313,#2314);
#2313 = CARTESIAN_POINT('',(0.,-11.));
#2314 = VECTOR('',#2315,1.);
#2315 = DIRECTION('',(1.,0.));
#2316 = ( GEOMETRIC_REPRESENTATION_CONTEXT(2) 
PARAMETRIC_REPRESENTATION_CONTEXT() REPRESENTATION_CONTEXT('2D SPACE',''
  ) );
#2317 = PCURVE('',#2244,#2318);
#2318 = DEFINITIONAL_REPRESENTATION('',(#2319),#2323);
#2319 = CIRCLE('',#2320,2.15);
#2320 = AXIS2_PLACEMENT_2D('',#2321,#2322);
#2321 = CARTESIAN_POINT('',(-1.7763568394E-15,-1.5));
#2322 = DIRECTION('',(-1.,-1.110223024625E-16));
#2323 = ( GEOMETRIC_REPRESENTATION_CONTEXT(2) 
PARAMETRIC_REPRESENTATION_CONTEXT() REPRESENTATION_CONTEXT('2D SPACE',''
  ) );
#2324 = ORIENTED_EDGE('',*,*,#2206,.F.);
#2325 = ADVANCED_FACE('',(#2326),#462,.F.);
#2326 = FACE_BOUND('',#2327,.F.);
#2327 = EDGE_LOOP('',(#2328,#2329,#2330,#2354));
#2328 = ORIENTED_EDGE('',*,*,#447,.F.);
#2329 = ORIENTED_EDGE('',*,*,#2255,.T.);
#2330 = ORIENTED_EDGE('',*,*,#2331,.T.);
#2331 = EDGE_CURVE('',#2230,#2332,#2334,.T.);
#2332 = VERTEX_POINT('',#2333);
#2333 = CARTESIAN_POINT('',(10.15,56.5,117.));
#2334 = SURFACE_CURVE('',#2335,(#2340,#2347),.PCURVE_S1.);
#2335 = CIRCLE('',#2336,2.15);
#2336 = AXIS2_PLACEMENT_3D('',#2337,#2338,#2339);
#2337 = CARTESIAN_POINT('',(8.,56.5,117.));
#2338 = DIRECTION('',(0.,0.,-1.));
#2339 = DIRECTION('',(-1.,1.110223024625E-16,0.));
#2340 = PCURVE('',#462,#2341);
#2341 = DEFINITIONAL_REPRESENTATION('',(#2342),#2346);
#2342 = LINE('',#2343,#2344);
#2343 = CARTESIAN_POINT('',(0.,-11.));
#2344 = VECTOR('',#2345,1.);
#2345 = DIRECTION('',(1.,0.));
#2346 = ( GEOMETRIC_REPRESENTATION_CONTEXT(2) 
PARAMETRIC_REPRESENTATION_CONTEXT() REPRESENTATION_CONTEXT('2D SPACE',''
  ) );
#2347 = PCURVE('',#2244,#2348);
#2348 = DEFINITIONAL_REPRESENTATION('',(#2349),#2353);
#2349 = CIRCLE('',#2350,2.15);
#2350 = AXIS2_PLACEMENT_2D('',#2351,#2352);
#2351 = CARTESIAN_POINT('',(-1.7763568394E-15,1.5));
#2352 = DIRECTION('',(1.,1.110223024625E-16));
#2353 = ( GEOMETRIC_REPRESENTATION_CONTEXT(2) 
PARAMETRIC_REPRESENTATION_CONTEXT() REPRESENTATION_CONTEXT('2D SPACE',''
  ) );
#2354 = ORIENTED_EDGE('',*,*,#2355,.F.);
#2355 = EDGE_CURVE('',#422,#2332,#2356,.T.);
#2356 = SURFACE_CURVE('',#2357,(#2361,#2368),.PCURVE_S1.);
#2357 = LINE('',#2358,#2359);
#2358 = CARTESIAN_POINT('',(10.15,56.5,106.));
#2359 = VECTOR('',#2360,1.);
#2360 = DIRECTION('',(0.,0.,1.));
#2361 = PCURVE('',#462,#2362);
#2362 = DEFINITIONAL_REPRESENTATION('',(#2363),#2367);
#2363 = LINE('',#2364,#2365);
#2364 = CARTESIAN_POINT('',(3.14159265359,0.));
#2365 = VECTOR('',#2366,1.);
#2366 = DIRECTION('',(0.,-1.));
#2367 = ( GEOMETRIC_REPRESENTATION_CONTEXT(2) 
PARAMETRIC_REPRESENTATION_CONTEXT() REPRESENTATION_CONTEXT('2D SPACE',''
  ) );
#2368 = PCURVE('',#436,#2369);
#2369 = DEFINITIONAL_REPRESENTATION('',(#2370),#2374);
#2370 = LINE('',#2371,#2372);
#2371 = CARTESIAN_POINT('',(0.,0.));
#2372 = VECTOR('',#2373,1.);
#2373 = DIRECTION('',(0.,-1.));
#2374 = ( GEOMETRIC_REPRESENTATION_CONTEXT(2) 
PARAMETRIC_REPRESENTATION_CONTEXT() REPRESENTATION_CONTEXT('2D SPACE',''
  ) );
#2375 = ADVANCED_FACE('',(#2376),#436,.F.);
#2376 = FACE_BOUND('',#2377,.F.);
#2377 = EDGE_LOOP('',(#2378,#2379,#2380,#2399));
#2378 = ORIENTED_EDGE('',*,*,#421,.F.);
#2379 = ORIENTED_EDGE('',*,*,#2355,.T.);
#2380 = ORIENTED_EDGE('',*,*,#2381,.F.);
#2381 = EDGE_CURVE('',#2281,#2332,#2382,.T.);
#2382 = SURFACE_CURVE('',#2383,(#2387,#2393),.PCURVE_S1.);
#2383 = LINE('',#2384,#2385);
#2384 = CARTESIAN_POINT('',(10.15,55.75,117.));
#2385 = VECTOR('',#2386,1.);
#2386 = DIRECTION('',(1.110223024625E-16,1.,-0.));
#2387 = PCURVE('',#436,#2388);
#2388 = DEFINITIONAL_REPRESENTATION('',(#2389),#2392);
#2389 = B_SPLINE_CURVE_WITH_KNOTS('',1,(#2390,#2391),.UNSPECIFIED.,.F.,
  .F.,(2,2),(-2.25,0.75),.PIECEWISE_BEZIER_KNOTS.);
#2390 = CARTESIAN_POINT('',(3.,-11.));
#2391 = CARTESIAN_POINT('',(0.,-11.));
#2392 = ( GEOMETRIC_REPRESENTATION_CONTEXT(2) 
PARAMETRIC_REPRESENTATION_CONTEXT() REPRESENTATION_CONTEXT('2D SPACE',''
  ) );
#2393 = PCURVE('',#2244,#2394);
#2394 = DEFINITIONAL_REPRESENTATION('',(#2395),#2398);
#2395 = B_SPLINE_CURVE_WITH_KNOTS('',1,(#2396,#2397),.UNSPECIFIED.,.F.,
  .F.,(2,2),(-2.25,0.75),.PIECEWISE_BEZIER_KNOTS.);
#2396 = CARTESIAN_POINT('',(-2.15,-1.5));
#2397 = CARTESIAN_POINT('',(-2.15,1.5));
#2398 = ( GEOMETRIC_REPRESENTATION_CONTEXT(2) 
PARAMETRIC_REPRESENTATION_CONTEXT() REPRESENTATION_CONTEXT('2D SPACE',''
  ) );
#2399 = ORIENTED_EDGE('',*,*,#2280,.F.);
#2400 = ADVANCED_FACE('',(#2401),#493,.F.);
#2401 = FACE_BOUND('',#2402,.F.);
#2402 = EDGE_LOOP('',(#2403,#2404,#2427,#2453));
#2403 = ORIENTED_EDGE('',*,*,#476,.F.);
#2404 = ORIENTED_EDGE('',*,*,#2405,.T.);
#2405 = EDGE_CURVE('',#477,#2406,#2408,.T.);
#2406 = VERTEX_POINT('',#2407);
#2407 = CARTESIAN_POINT('',(23.85,53.5,117.));
#2408 = SURFACE_CURVE('',#2409,(#2413,#2420),.PCURVE_S1.);
#2409 = LINE('',#2410,#2411);
#2410 = CARTESIAN_POINT('',(23.85,53.5,106.));
#2411 = VECTOR('',#2412,1.);
#2412 = DIRECTION('',(0.,0.,1.));
#2413 = PCURVE('',#493,#2414);
#2414 = DEFINITIONAL_REPRESENTATION('',(#2415),#2419);
#2415 = LINE('',#2416,#2417);
#2416 = CARTESIAN_POINT('',(0.,0.));
#2417 = VECTOR('',#2418,1.);
#2418 = DIRECTION('',(0.,-1.));
#2419 = ( GEOMETRIC_REPRESENTATION_CONTEXT(2) 
PARAMETRIC_REPRESENTATION_CONTEXT() REPRESENTATION_CONTEXT('2D SPACE',''
  ) );
#2420 = PCURVE('',#521,#2421);
#2421 = DEFINITIONAL_REPRESENTATION('',(#2422),#2426);
#2422 = LINE('',#2423,#2424);
#2423 = CARTESIAN_POINT('',(3.14159265359,0.));
#2424 = VECTOR('',#2425,1.);
#2425 = DIRECTION('',(0.,-1.));
#2426 = ( GEOMETRIC_REPRESENTATION_CONTEXT(2) 
PARAMETRIC_REPRESENTATION_CONTEXT() REPRESENTATION_CONTEXT('2D SPACE',''
  ) );
#2427 = ORIENTED_EDGE('',*,*,#2428,.F.);
#2428 = EDGE_CURVE('',#2429,#2406,#2431,.T.);
#2429 = VERTEX_POINT('',#2430);
#2430 = CARTESIAN_POINT('',(23.85,56.5,117.));
#2431 = SURFACE_CURVE('',#2432,(#2436,#2442),.PCURVE_S1.);
#2432 = LINE('',#2433,#2434);
#2433 = CARTESIAN_POINT('',(23.85,54.25,117.));
#2434 = VECTOR('',#2435,1.);
#2435 = DIRECTION('',(-1.110223024625E-16,-1.,0.));
#2436 = PCURVE('',#493,#2437);
#2437 = DEFINITIONAL_REPRESENTATION('',(#2438),#2441);
#2438 = B_SPLINE_CURVE_WITH_KNOTS('',1,(#2439,#2440),.UNSPECIFIED.,.F.,
  .F.,(2,2),(-2.25,0.75),.PIECEWISE_BEZIER_KNOTS.);
#2439 = CARTESIAN_POINT('',(3.,-11.));
#2440 = CARTESIAN_POINT('',(0.,-11.));
#2441 = ( GEOMETRIC_REPRESENTATION_CONTEXT(2) 
PARAMETRIC_REPRESENTATION_CONTEXT() REPRESENTATION_CONTEXT('2D SPACE',''
  ) );
#2442 = PCURVE('',#2443,#2448);
#2443 = PLANE('',#2444);
#2444 = AXIS2_PLACEMENT_3D('',#2445,#2446,#2447);
#2445 = CARTESIAN_POINT('',(26.,55.,117.));
#2446 = DIRECTION('',(-0.,-0.,-1.));
#2447 = DIRECTION('',(-1.,0.,0.));
#2448 = DEFINITIONAL_REPRESENTATION('',(#2449),#2452);
#2449 = B_SPLINE_CURVE_WITH_KNOTS('',1,(#2450,#2451),.UNSPECIFIED.,.F.,
  .F.,(2,2),(-2.25,0.75),.PIECEWISE_BEZIER_KNOTS.);
#2450 = CARTESIAN_POINT('',(2.15,1.5));
#2451 = CARTESIAN_POINT('',(2.15,-1.5));
#2452 = ( GEOMETRIC_REPRESENTATION_CONTEXT(2) 
PARAMETRIC_REPRESENTATION_CONTEXT() REPRESENTATION_CONTEXT('2D SPACE',''
  ) );
#2453 = ORIENTED_EDGE('',*,*,#2454,.F.);
#2454 = EDGE_CURVE('',#479,#2429,#2455,.T.);
#2455 = SURFACE_CURVE('',#2456,(#2460,#2467),.PCURVE_S1.);
#2456 = LINE('',#2457,#2458);
#2457 = CARTESIAN_POINT('',(23.85,56.5,106.));
#2458 = VECTOR('',#2459,1.);
#2459 = DIRECTION('',(0.,0.,1.));
#2460 = PCURVE('',#493,#2461);
#2461 = DEFINITIONAL_REPRESENTATION('',(#2462),#2466);
#2462 = LINE('',#2463,#2464);
#2463 = CARTESIAN_POINT('',(3.,0.));
#2464 = VECTOR('',#2465,1.);
#2465 = DIRECTION('',(0.,-1.));
#2466 = ( GEOMETRIC_REPRESENTATION_CONTEXT(2) 
PARAMETRIC_REPRESENTATION_CONTEXT() REPRESENTATION_CONTEXT('2D SPACE',''
  ) );
#2467 = PCURVE('',#574,#2468);
#2468 = DEFINITIONAL_REPRESENTATION('',(#2469),#2473);
#2469 = LINE('',#2470,#2471);
#2470 = CARTESIAN_POINT('',(0.,0.));
#2471 = VECTOR('',#2472,1.);
#2472 = DIRECTION('',(0.,-1.));
#2473 = ( GEOMETRIC_REPRESENTATION_CONTEXT(2) 
PARAMETRIC_REPRESENTATION_CONTEXT() REPRESENTATION_CONTEXT('2D SPACE',''
  ) );
#2474 = ADVANCED_FACE('',(#2475),#574,.F.);
#2475 = FACE_BOUND('',#2476,.F.);
#2476 = EDGE_LOOP('',(#2477,#2478,#2479,#2503));
#2477 = ORIENTED_EDGE('',*,*,#559,.F.);
#2478 = ORIENTED_EDGE('',*,*,#2454,.T.);
#2479 = ORIENTED_EDGE('',*,*,#2480,.T.);
#2480 = EDGE_CURVE('',#2429,#2481,#2483,.T.);
#2481 = VERTEX_POINT('',#2482);
#2482 = CARTESIAN_POINT('',(28.15,56.5,117.));
#2483 = SURFACE_CURVE('',#2484,(#2489,#2496),.PCURVE_S1.);
#2484 = CIRCLE('',#2485,2.15);
#2485 = AXIS2_PLACEMENT_3D('',#2486,#2487,#2488);
#2486 = CARTESIAN_POINT('',(26.,56.5,117.));
#2487 = DIRECTION('',(0.,0.,-1.));
#2488 = DIRECTION('',(-1.,1.110223024625E-16,0.));
#2489 = PCURVE('',#574,#2490);
#2490 = DEFINITIONAL_REPRESENTATION('',(#2491),#2495);
#2491 = LINE('',#2492,#2493);
#2492 = CARTESIAN_POINT('',(0.,-11.));
#2493 = VECTOR('',#2494,1.);
#2494 = DIRECTION('',(1.,0.));
#2495 = ( GEOMETRIC_REPRESENTATION_CONTEXT(2) 
PARAMETRIC_REPRESENTATION_CONTEXT() REPRESENTATION_CONTEXT('2D SPACE',''
  ) );
#2496 = PCURVE('',#2443,#2497);
#2497 = DEFINITIONAL_REPRESENTATION('',(#2498),#2502);
#2498 = CIRCLE('',#2499,2.15);
#2499 = AXIS2_PLACEMENT_2D('',#2500,#2501);
#2500 = CARTESIAN_POINT('',(-3.552713678801E-15,1.5));
#2501 = DIRECTION('',(1.,1.110223024625E-16));
#2502 = ( GEOMETRIC_REPRESENTATION_CONTEXT(2) 
PARAMETRIC_REPRESENTATION_CONTEXT() REPRESENTATION_CONTEXT('2D SPACE',''
  ) );
#2503 = ORIENTED_EDGE('',*,*,#2504,.F.);
#2504 = EDGE_CURVE('',#534,#2481,#2505,.T.);
#2505 = SURFACE_CURVE('',#2506,(#2510,#2517),.PCURVE_S1.);
#2506 = LINE('',#2507,#2508);
#2507 = CARTESIAN_POINT('',(28.15,56.5,106.));
#2508 = VECTOR('',#2509,1.);
#2509 = DIRECTION('',(0.,0.,1.));
#2510 = PCURVE('',#574,#2511);
#2511 = DEFINITIONAL_REPRESENTATION('',(#2512),#2516);
#2512 = LINE('',#2513,#2514);
#2513 = CARTESIAN_POINT('',(3.14159265359,0.));
#2514 = VECTOR('',#2515,1.);
#2515 = DIRECTION('',(0.,-1.));
#2516 = ( GEOMETRIC_REPRESENTATION_CONTEXT(2) 
PARAMETRIC_REPRESENTATION_CONTEXT() REPRESENTATION_CONTEXT('2D SPACE',''
  ) );
#2517 = PCURVE('',#548,#2518);
#2518 = DEFINITIONAL_REPRESENTATION('',(#2519),#2523);
#2519 = LINE('',#2520,#2521);
#2520 = CARTESIAN_POINT('',(0.,0.));
#2521 = VECTOR('',#2522,1.);
#2522 = DIRECTION('',(0.,-1.));
#2523 = ( GEOMETRIC_REPRESENTATION_CONTEXT(2) 
PARAMETRIC_REPRESENTATION_CONTEXT() REPRESENTATION_CONTEXT('2D SPACE',''
  ) );
#2524 = ADVANCED_FACE('',(#2525),#548,.F.);
#2525 = FACE_BOUND('',#2526,.F.);
#2526 = EDGE_LOOP('',(#2527,#2528,#2529,#2550));
#2527 = ORIENTED_EDGE('',*,*,#533,.F.);
#2528 = ORIENTED_EDGE('',*,*,#2504,.T.);
#2529 = ORIENTED_EDGE('',*,*,#2530,.F.);
#2530 = EDGE_CURVE('',#2531,#2481,#2533,.T.);
#2531 = VERTEX_POINT('',#2532);
#2532 = CARTESIAN_POINT('',(28.15,53.5,117.));
#2533 = SURFACE_CURVE('',#2534,(#2538,#2544),.PCURVE_S1.);
#2534 = LINE('',#2535,#2536);
#2535 = CARTESIAN_POINT('',(28.15,55.75,117.));
#2536 = VECTOR('',#2537,1.);
#2537 = DIRECTION('',(1.110223024625E-16,1.,-0.));
#2538 = PCURVE('',#548,#2539);
#2539 = DEFINITIONAL_REPRESENTATION('',(#2540),#2543);
#2540 = B_SPLINE_CURVE_WITH_KNOTS('',1,(#2541,#2542),.UNSPECIFIED.,.F.,
  .F.,(2,2),(-2.25,0.75),.PIECEWISE_BEZIER_KNOTS.);
#2541 = CARTESIAN_POINT('',(3.,-11.));
#2542 = CARTESIAN_POINT('',(0.,-11.));
#2543 = ( GEOMETRIC_REPRESENTATION_CONTEXT(2) 
PARAMETRIC_REPRESENTATION_CONTEXT() REPRESENTATION_CONTEXT('2D SPACE',''
  ) );
#2544 = PCURVE('',#2443,#2545);
#2545 = DEFINITIONAL_REPRESENTATION('',(#2546),#2549);
#2546 = B_SPLINE_CURVE_WITH_KNOTS('',1,(#2547,#2548),.UNSPECIFIED.,.F.,
  .F.,(2,2),(-2.25,0.75),.PIECEWISE_BEZIER_KNOTS.);
#2547 = CARTESIAN_POINT('',(-2.15,-1.5));
#2548 = CARTESIAN_POINT('',(-2.15,1.5));
#2549 = ( GEOMETRIC_REPRESENTATION_CONTEXT(2) 
PARAMETRIC_REPRESENTATION_CONTEXT() REPRESENTATION_CONTEXT('2D SPACE',''
  ) );
#2550 = ORIENTED_EDGE('',*,*,#2551,.F.);
#2551 = EDGE_CURVE('',#505,#2531,#2552,.T.);
#2552 = SURFACE_CURVE('',#2553,(#2557,#2564),.PCURVE_S1.);
#2553 = LINE('',#2554,#2555);
#2554 = CARTESIAN_POINT('',(28.15,53.5,106.));
#2555 = VECTOR('',#2556,1.);
#2556 = DIRECTION('',(0.,0.,1.));
#2557 = PCURVE('',#548,#2558);
#2558 = DEFINITIONAL_REPRESENTATION('',(#2559),#2563);
#2559 = LINE('',#2560,#2561);
#2560 = CARTESIAN_POINT('',(3.,0.));
#2561 = VECTOR('',#2562,1.);
#2562 = DIRECTION('',(0.,-1.));
#2563 = ( GEOMETRIC_REPRESENTATION_CONTEXT(2) 
PARAMETRIC_REPRESENTATION_CONTEXT() REPRESENTATION_CONTEXT('2D SPACE',''
  ) );
#2564 = PCURVE('',#521,#2565);
#2565 = DEFINITIONAL_REPRESENTATION('',(#2566),#2570);
#2566 = LINE('',#2567,#2568);
#2567 = CARTESIAN_POINT('',(0.,0.));
#2568 = VECTOR('',#2569,1.);
#2569 = DIRECTION('',(0.,-1.));
#2570 = ( GEOMETRIC_REPRESENTATION_CONTEXT(2) 
PARAMETRIC_REPRESENTATION_CONTEXT() REPRESENTATION_CONTEXT('2D SPACE',''
  ) );
#2571 = ADVANCED_FACE('',(#2572),#521,.F.);
#2572 = FACE_BOUND('',#2573,.F.);
#2573 = EDGE_LOOP('',(#2574,#2575,#2576,#2598));
#2574 = ORIENTED_EDGE('',*,*,#504,.F.);
#2575 = ORIENTED_EDGE('',*,*,#2551,.T.);
#2576 = ORIENTED_EDGE('',*,*,#2577,.T.);
#2577 = EDGE_CURVE('',#2531,#2406,#2578,.T.);
#2578 = SURFACE_CURVE('',#2579,(#2584,#2591),.PCURVE_S1.);
#2579 = CIRCLE('',#2580,2.15);
#2580 = AXIS2_PLACEMENT_3D('',#2581,#2582,#2583);
#2581 = CARTESIAN_POINT('',(26.,53.5,117.));
#2582 = DIRECTION('',(0.,-0.,-1.));
#2583 = DIRECTION('',(1.,-1.110223024625E-16,0.));
#2584 = PCURVE('',#521,#2585);
#2585 = DEFINITIONAL_REPRESENTATION('',(#2586),#2590);
#2586 = LINE('',#2587,#2588);
#2587 = CARTESIAN_POINT('',(0.,-11.));
#2588 = VECTOR('',#2589,1.);
#2589 = DIRECTION('',(1.,0.));
#2590 = ( GEOMETRIC_REPRESENTATION_CONTEXT(2) 
PARAMETRIC_REPRESENTATION_CONTEXT() REPRESENTATION_CONTEXT('2D SPACE',''
  ) );
#2591 = PCURVE('',#2443,#2592);
#2592 = DEFINITIONAL_REPRESENTATION('',(#2593),#2597);
#2593 = CIRCLE('',#2594,2.15);
#2594 = AXIS2_PLACEMENT_2D('',#2595,#2596);
#2595 = CARTESIAN_POINT('',(-3.552713678801E-15,-1.5));
#2596 = DIRECTION('',(-1.,-1.110223024625E-16));
#2597 = ( GEOMETRIC_REPRESENTATION_CONTEXT(2) 
PARAMETRIC_REPRESENTATION_CONTEXT() REPRESENTATION_CONTEXT('2D SPACE',''
  ) );
#2598 = ORIENTED_EDGE('',*,*,#2405,.F.);
#2599 = ADVANCED_FACE('',(#2600),#650,.T.);
#2600 = FACE_BOUND('',#2601,.T.);
#2601 = EDGE_LOOP('',(#2602,#2603,#2604,#2605));
#2602 = ORIENTED_EDGE('',*,*,#1440,.F.);
#2603 = ORIENTED_EDGE('',*,*,#636,.F.);
#2604 = ORIENTED_EDGE('',*,*,#974,.T.);
#2605 = ORIENTED_EDGE('',*,*,#2606,.T.);
#2606 = EDGE_CURVE('',#952,#1418,#2607,.T.);
#2607 = SURFACE_CURVE('',#2608,(#2612,#2618),.PCURVE_S1.);
#2608 = LINE('',#2609,#2610);
#2609 = CARTESIAN_POINT('',(-38.71287128712,49.,117.));
#2610 = VECTOR('',#2611,1.);
#2611 = DIRECTION('',(0.,1.,-0.));
#2612 = PCURVE('',#650,#2613);
#2613 = DEFINITIONAL_REPRESENTATION('',(#2614),#2617);
#2614 = B_SPLINE_CURVE_WITH_KNOTS('',1,(#2615,#2616),.UNSPECIFIED.,.F.,
  .F.,(2,2),(0.,12.),.PIECEWISE_BEZIER_KNOTS.);
#2615 = CARTESIAN_POINT('',(1.287128712871,0.));
#2616 = CARTESIAN_POINT('',(1.287128712871,12.));
#2617 = ( GEOMETRIC_REPRESENTATION_CONTEXT(2) 
PARAMETRIC_REPRESENTATION_CONTEXT() REPRESENTATION_CONTEXT('2D SPACE',''
  ) );
#2618 = PCURVE('',#847,#2619);
#2619 = DEFINITIONAL_REPRESENTATION('',(#2620),#2623);
#2620 = B_SPLINE_CURVE_WITH_KNOTS('',1,(#2621,#2622),.UNSPECIFIED.,.F.,
  .F.,(2,2),(0.,12.),.PIECEWISE_BEZIER_KNOTS.);
#2621 = CARTESIAN_POINT('',(91.750702197797,0.));
#2622 = CARTESIAN_POINT('',(91.750702197797,-12.));
#2623 = ( GEOMETRIC_REPRESENTATION_CONTEXT(2) 
PARAMETRIC_REPRESENTATION_CONTEXT() REPRESENTATION_CONTEXT('2D SPACE',''
  ) );
#2624 = ADVANCED_FACE('',(#2625),#847,.T.);
#2625 = FACE_BOUND('',#2626,.T.);
#2626 = EDGE_LOOP('',(#2627,#2628,#2649,#2650,#2651,#2652,#2673,#2699));
#2627 = ORIENTED_EDGE('',*,*,#831,.F.);
#2628 = ORIENTED_EDGE('',*,*,#2629,.T.);
#2629 = EDGE_CURVE('',#804,#1395,#2630,.T.);
#2630 = SURFACE_CURVE('',#2631,(#2635,#2642),.PCURVE_S1.);
#2631 = LINE('',#2632,#2633);
#2632 = CARTESIAN_POINT('',(-27.,49.,208.));
#2633 = VECTOR('',#2634,1.);
#2634 = DIRECTION('',(-0.,1.,-0.));
#2635 = PCURVE('',#847,#2636);
#2636 = DEFINITIONAL_REPRESENTATION('',(#2637),#2641);
#2637 = LINE('',#2638,#2639);
#2638 = CARTESIAN_POINT('',(0.,0.));
#2639 = VECTOR('',#2640,1.);
#2640 = DIRECTION('',(0.,-1.));
#2641 = ( GEOMETRIC_REPRESENTATION_CONTEXT(2) 
PARAMETRIC_REPRESENTATION_CONTEXT() REPRESENTATION_CONTEXT('2D SPACE',''
  ) );
#2642 = PCURVE('',#819,#2643);
#2643 = DEFINITIONAL_REPRESENTATION('',(#2644),#2648);
#2644 = LINE('',#2645,#2646);
#2645 = CARTESIAN_POINT('',(54.,0.));
#2646 = VECTOR('',#2647,1.);
#2647 = DIRECTION('',(0.,-1.));
#2648 = ( GEOMETRIC_REPRESENTATION_CONTEXT(2) 
PARAMETRIC_REPRESENTATION_CONTEXT() REPRESENTATION_CONTEXT('2D SPACE',''
  ) );
#2649 = ORIENTED_EDGE('',*,*,#1417,.T.);
#2650 = ORIENTED_EDGE('',*,*,#2606,.F.);
#2651 = ORIENTED_EDGE('',*,*,#951,.F.);
#2652 = ORIENTED_EDGE('',*,*,#2653,.T.);
#2653 = EDGE_CURVE('',#919,#2654,#2656,.T.);
#2654 = VERTEX_POINT('',#2655);
#2655 = CARTESIAN_POINT('',(-37.86611566974,52.,123.5786397966));
#2656 = SURFACE_CURVE('',#2657,(#2661,#2667),.PCURVE_S1.);
#2657 = LINE('',#2658,#2659);
#2658 = CARTESIAN_POINT('',(-37.86611566974,52.,123.5786397966));
#2659 = VECTOR('',#2660,1.);
#2660 = DIRECTION('',(-0.,1.,0.));
#2661 = PCURVE('',#847,#2662);
#2662 = DEFINITIONAL_REPRESENTATION('',(#2663),#2666);
#2663 = B_SPLINE_CURVE_WITH_KNOTS('',1,(#2664,#2665),.UNSPECIFIED.,.F.,
  .F.,(2,2),(-4.0000006,5.999999999062E-07),.PIECEWISE_BEZIER_KNOTS.);
#2664 = CARTESIAN_POINT('',(85.117792078624,1.0000006));
#2665 = CARTESIAN_POINT('',(85.117792078624,-3.0000006));
#2666 = ( GEOMETRIC_REPRESENTATION_CONTEXT(2) 
PARAMETRIC_REPRESENTATION_CONTEXT() REPRESENTATION_CONTEXT('2D SPACE',''
  ) );
#2667 = PCURVE('',#939,#2668);
#2668 = DEFINITIONAL_REPRESENTATION('',(#2669),#2672);
#2669 = B_SPLINE_CURVE_WITH_KNOTS('',1,(#2670,#2671),.UNSPECIFIED.,.F.,
  .F.,(2,2),(-4.0000006,5.999999999062E-07),.PIECEWISE_BEZIER_KNOTS.);
#2670 = CARTESIAN_POINT('',(2.068815141247,-4.0000006));
#2671 = CARTESIAN_POINT('',(2.068815141247,5.999999999062E-07));
#2672 = ( GEOMETRIC_REPRESENTATION_CONTEXT(2) 
PARAMETRIC_REPRESENTATION_CONTEXT() REPRESENTATION_CONTEXT('2D SPACE',''
  ) );
#2673 = ORIENTED_EDGE('',*,*,#2674,.F.);
#2674 = EDGE_CURVE('',#2675,#2654,#2677,.T.);
#2675 = VERTEX_POINT('',#2676);
#2676 = CARTESIAN_POINT('',(-35.77833025694,52.,139.79912646526));
#2677 = SURFACE_CURVE('',#2678,(#2682,#2688),.PCURVE_S1.);
#2678 = LINE('',#2679,#2680);
#2679 = CARTESIAN_POINT('',(-31.91772812581,52.,169.79303533019));
#2680 = VECTOR('',#2681,1.);
#2681 = DIRECTION('',(-0.127659745447,0.,-0.991818022317));
#2682 = PCURVE('',#847,#2683);
#2683 = DEFINITIONAL_REPRESENTATION('',(#2684),#2687);
#2684 = B_SPLINE_CURVE_WITH_KNOTS('',1,(#2685,#2686),.UNSPECIFIED.,.F.,
  .F.,(2,2),(30.190227279927,47.330468349845),.PIECEWISE_BEZIER_KNOTS.);
#2685 = CARTESIAN_POINT('',(68.712379338178,-3.));
#2686 = CARTESIAN_POINT('',(85.852620408097,-3.));
#2687 = ( GEOMETRIC_REPRESENTATION_CONTEXT(2) 
PARAMETRIC_REPRESENTATION_CONTEXT() REPRESENTATION_CONTEXT('2D SPACE',''
  ) );
#2688 = PCURVE('',#2689,#2694);
#2689 = PLANE('',#2690);
#2690 = AXIS2_PLACEMENT_3D('',#2691,#2692,#2693);
#2691 = CARTESIAN_POINT('',(-35.,52.,131.34982381612));
#2692 = DIRECTION('',(0.,1.,0.));
#2693 = DIRECTION('',(0.,-0.,1.));
#2694 = DEFINITIONAL_REPRESENTATION('',(#2695),#2698);
#2695 = B_SPLINE_CURVE_WITH_KNOTS('',1,(#2696,#2697),.UNSPECIFIED.,.F.,
  .F.,(2,2),(30.190227279927,47.330468349845),.PIECEWISE_BEZIER_KNOTS.);
#2696 = CARTESIAN_POINT('',(8.5,-0.77180485535));
#2697 = CARTESIAN_POINT('',(-8.5,-2.959923667232));
#2698 = ( GEOMETRIC_REPRESENTATION_CONTEXT(2) 
PARAMETRIC_REPRESENTATION_CONTEXT() REPRESENTATION_CONTEXT('2D SPACE',''
  ) );
#2699 = ORIENTED_EDGE('',*,*,#2700,.F.);
#2700 = EDGE_CURVE('',#832,#2675,#2701,.T.);
#2701 = SURFACE_CURVE('',#2702,(#2706,#2712),.PCURVE_S1.);
#2702 = LINE('',#2703,#2704);
#2703 = CARTESIAN_POINT('',(-35.77833025694,52.,139.79912646526));
#2704 = VECTOR('',#2705,1.);
#2705 = DIRECTION('',(0.,1.,-0.));
#2706 = PCURVE('',#847,#2707);
#2707 = DEFINITIONAL_REPRESENTATION('',(#2708),#2711);
#2708 = B_SPLINE_CURVE_WITH_KNOTS('',1,(#2709,#2710),.UNSPECIFIED.,.F.,
  .F.,(2,2),(-4.0000006,5.999999999062E-07),.PIECEWISE_BEZIER_KNOTS.);
#2709 = CARTESIAN_POINT('',(68.763494915547,1.0000006));
#2710 = CARTESIAN_POINT('',(68.763494915547,-3.0000006));
#2711 = ( GEOMETRIC_REPRESENTATION_CONTEXT(2) 
PARAMETRIC_REPRESENTATION_CONTEXT() REPRESENTATION_CONTEXT('2D SPACE',''
  ) );
#2712 = PCURVE('',#880,#2713);
#2713 = DEFINITIONAL_REPRESENTATION('',(#2714),#2717);
#2714 = B_SPLINE_CURVE_WITH_KNOTS('',1,(#2715,#2716),.UNSPECIFIED.,.F.,
  .F.,(2,2),(-4.0000006,5.999999999062E-07),.PIECEWISE_BEZIER_KNOTS.);
#2715 = CARTESIAN_POINT('',(1.440708014227,-4.0000006));
#2716 = CARTESIAN_POINT('',(1.440708014227,5.999999999062E-07));
#2717 = ( GEOMETRIC_REPRESENTATION_CONTEXT(2) 
PARAMETRIC_REPRESENTATION_CONTEXT() REPRESENTATION_CONTEXT('2D SPACE',''
  ) );
#2718 = ADVANCED_FACE('',(#2719),#939,.F.);
#2719 = FACE_BOUND('',#2720,.F.);
#2720 = EDGE_LOOP('',(#2721,#2784,#2805,#2806,#2807));
#2721 = ORIENTED_EDGE('',*,*,#2722,.F.);
#2722 = EDGE_CURVE('',#2723,#2725,#2727,.T.);
#2723 = VERTEX_POINT('',#2724);
#2724 = CARTESIAN_POINT('',(-29.,50.56061230866,128.84982381612));
#2725 = VERTEX_POINT('',#2726);
#2726 = CARTESIAN_POINT('',(-29.92300904918,52.,125.6522993228));
#2727 = SURFACE_CURVE('',#2728,(#2743,#2761),.PCURVE_S1.);
#2728 = B_SPLINE_CURVE_WITH_KNOTS('',7,(#2729,#2730,#2731,#2732,#2733,
    #2734,#2735,#2736,#2737,#2738,#2739,#2740,#2741,#2742),
  .UNSPECIFIED.,.F.,.F.,(8,6,8),(0.,0.561094748803,1.),.UNSPECIFIED.);
#2729 = CARTESIAN_POINT('',(-29.,50.56061230866,128.84982381612));
#2730 = CARTESIAN_POINT('',(-29.,50.56061230866,128.55082581251));
#2731 = CARTESIAN_POINT('',(-29.0173832688,50.578353702596,
    128.2509040816));
#2732 = CARTESIAN_POINT('',(-29.05234331016,50.614036298052,
    127.95258778829));
#2733 = CARTESIAN_POINT('',(-29.10450894094,50.668595613777,
    127.65855021981));
#2734 = CARTESIAN_POINT('',(-29.17286804164,50.743744631822,
    127.37154868224));
#2735 = CARTESIAN_POINT('',(-29.25567229586,50.841984877955,
    127.09448127528));
#2736 = CARTESIAN_POINT('',(-29.42375005286,51.06424673017,
    126.6241808334));
#2737 = CARTESIAN_POINT('',(-29.50475462072,51.178254864141,
    126.42528332274));
#2738 = CARTESIAN_POINT('',(-29.59081609041,51.309380687138,
    126.23787984017));
#2739 = CARTESIAN_POINT('',(-29.67900684772,51.457853055385,
    126.06498244382));
#2740 = CARTESIAN_POINT('',(-29.76597934225,51.623319366705,
    125.90879386246));
#2741 = CARTESIAN_POINT('',(-29.84833177891,51.804693505759,
    125.77087097593));
#2742 = CARTESIAN_POINT('',(-29.9230092786,52.0000006,125.65229895854));
#2743 = PCURVE('',#939,#2744);
#2744 = DEFINITIONAL_REPRESENTATION('',(#2745),#2760);
#2745 = B_SPLINE_CURVE_WITH_KNOTS('',7,(#2746,#2747,#2748,#2749,#2750,
    #2751,#2752,#2753,#2754,#2755,#2756,#2757,#2758,#2759),
  .UNSPECIFIED.,.F.,.F.,(8,6,8),(0.,0.561094748803,1.),.UNSPECIFIED.);
#2746 = CARTESIAN_POINT('',(0.,-1.43938769134));
#2747 = CARTESIAN_POINT('',(4.983300060083E-02,-1.43938769134));
#2748 = CARTESIAN_POINT('',(9.981996730318E-02,-1.421646297404));
#2749 = CARTESIAN_POINT('',(0.149741413635,-1.385963701948));
#2750 = CARTESIAN_POINT('',(0.199359870402,-1.331404386223));
#2751 = CARTESIAN_POINT('',(0.248404003126,-1.256255368178));
#2752 = CARTESIAN_POINT('',(0.296532798811,-1.158015122045));
#2753 = CARTESIAN_POINT('',(0.379771518105,-0.93575326983));
#2754 = CARTESIAN_POINT('',(0.415530976311,-0.821745135859));
#2755 = CARTESIAN_POINT('',(0.449849874812,-0.690619312862));
#2756 = CARTESIAN_POINT('',(0.48215562628,-0.542146944615));
#2757 = CARTESIAN_POINT('',(0.511928437655,-0.376680633295));
#2758 = CARTESIAN_POINT('',(0.538693864943,-0.195306494241));
#2759 = CARTESIAN_POINT('',(0.562048648099,5.999999999062E-07));
#2760 = ( GEOMETRIC_REPRESENTATION_CONTEXT(2) 
PARAMETRIC_REPRESENTATION_CONTEXT() REPRESENTATION_CONTEXT('2D SPACE',''
  ) );
#2761 = PCURVE('',#2762,#2767);
#2762 = CYLINDRICAL_SURFACE('',#2763,4.2);
#2763 = AXIS2_PLACEMENT_3D('',#2764,#2765,#2766);
#2764 = CARTESIAN_POINT('',(-26.,53.5,117.));
#2765 = DIRECTION('',(-0.,0.,-1.));
#2766 = DIRECTION('',(1.,-2.167578286173E-16,-0.));
#2767 = DEFINITIONAL_REPRESENTATION('',(#2768),#2783);
#2768 = B_SPLINE_CURVE_WITH_KNOTS('',7,(#2769,#2770,#2771,#2772,#2773,
    #2774,#2775,#2776,#2777,#2778,#2779,#2780,#2781,#2782),
  .UNSPECIFIED.,.F.,.F.,(8,6,8),(0.,0.561094748803,1.),.UNSPECIFIED.);
#2769 = CARTESIAN_POINT('',(2.366399280279,-11.84982381612));
#2770 = CARTESIAN_POINT('',(2.366399280279,-11.55082581251));
#2771 = CARTESIAN_POINT('',(2.372313076263,-11.2509040816));
#2772 = CARTESIAN_POINT('',(2.384207279745,-10.95258778829));
#2773 = CARTESIAN_POINT('',(2.402177854044,-10.65855021981));
#2774 = CARTESIAN_POINT('',(2.426350381773,-10.37154868224));
#2775 = CARTESIAN_POINT('',(2.45689868925,-10.09448127528));
#2776 = CARTESIAN_POINT('',(2.523245910024,-9.624180833404));
#2777 = CARTESIAN_POINT('',(2.556529881677,-9.425283322746));
#2778 = CARTESIAN_POINT('',(2.593832470073,-9.23787984017));
#2779 = CARTESIAN_POINT('',(2.63486522191,-9.064982443828));
#2780 = CARTESIAN_POINT('',(2.679261742825,-8.908793862469));
#2781 = CARTESIAN_POINT('',(2.726600565538,-8.770870975931));
#2782 = CARTESIAN_POINT('',(2.776385585243,-8.652298958544));
#2783 = ( GEOMETRIC_REPRESENTATION_CONTEXT(2) 
PARAMETRIC_REPRESENTATION_CONTEXT() REPRESENTATION_CONTEXT('2D SPACE',''
  ) );
#2784 = ORIENTED_EDGE('',*,*,#2785,.T.);
#2785 = EDGE_CURVE('',#2723,#893,#2786,.T.);
#2786 = SURFACE_CURVE('',#2787,(#2791,#2798),.PCURVE_S1.);
#2787 = LINE('',#2788,#2789);
#2788 = CARTESIAN_POINT('',(-29.,52.,128.84982381612));
#2789 = VECTOR('',#2790,1.);
#2790 = DIRECTION('',(0.,-1.,0.));
#2791 = PCURVE('',#939,#2792);
#2792 = DEFINITIONAL_REPRESENTATION('',(#2793),#2797);
#2793 = LINE('',#2794,#2795);
#2794 = CARTESIAN_POINT('',(0.,0.));
#2795 = VECTOR('',#2796,1.);
#2796 = DIRECTION('',(0.,-1.));
#2797 = ( GEOMETRIC_REPRESENTATION_CONTEXT(2) 
PARAMETRIC_REPRESENTATION_CONTEXT() REPRESENTATION_CONTEXT('2D SPACE',''
  ) );
#2798 = PCURVE('',#907,#2799);
#2799 = DEFINITIONAL_REPRESENTATION('',(#2800),#2804);
#2800 = LINE('',#2801,#2802);
#2801 = CARTESIAN_POINT('',(5.,0.));
#2802 = VECTOR('',#2803,1.);
#2803 = DIRECTION('',(0.,-1.));
#2804 = ( GEOMETRIC_REPRESENTATION_CONTEXT(2) 
PARAMETRIC_REPRESENTATION_CONTEXT() REPRESENTATION_CONTEXT('2D SPACE',''
  ) );
#2805 = ORIENTED_EDGE('',*,*,#918,.T.);
#2806 = ORIENTED_EDGE('',*,*,#2653,.T.);
#2807 = ORIENTED_EDGE('',*,*,#2808,.F.);
#2808 = EDGE_CURVE('',#2725,#2654,#2809,.T.);
#2809 = SURFACE_CURVE('',#2810,(#2815,#2822),.PCURVE_S1.);
#2810 = CIRCLE('',#2811,6.);
#2811 = AXIS2_PLACEMENT_3D('',#2812,#2813,#2814);
#2812 = CARTESIAN_POINT('',(-35.,52.,128.84982381612));
#2813 = DIRECTION('',(-0.,1.,0.));
#2814 = DIRECTION('',(1.,0.,-1.850371707709E-16));
#2815 = PCURVE('',#939,#2816);
#2816 = DEFINITIONAL_REPRESENTATION('',(#2817),#2821);
#2817 = LINE('',#2818,#2819);
#2818 = CARTESIAN_POINT('',(0.,0.));
#2819 = VECTOR('',#2820,1.);
#2820 = DIRECTION('',(1.,0.));
#2821 = ( GEOMETRIC_REPRESENTATION_CONTEXT(2) 
PARAMETRIC_REPRESENTATION_CONTEXT() REPRESENTATION_CONTEXT('2D SPACE',''
  ) );
#2822 = PCURVE('',#2689,#2823);
#2823 = DEFINITIONAL_REPRESENTATION('',(#2824),#2828);
#2824 = CIRCLE('',#2825,6.);
#2825 = AXIS2_PLACEMENT_2D('',#2826,#2827);
#2826 = CARTESIAN_POINT('',(-2.5,0.));
#2827 = DIRECTION('',(-1.850371707709E-16,1.));
#2828 = ( GEOMETRIC_REPRESENTATION_CONTEXT(2) 
PARAMETRIC_REPRESENTATION_CONTEXT() REPRESENTATION_CONTEXT('2D SPACE',''
  ) );
#2829 = ADVANCED_FACE('',(#2830),#907,.F.);
#2830 = FACE_BOUND('',#2831,.F.);
#2831 = EDGE_LOOP('',(#2832,#2853,#2874,#2875));
#2832 = ORIENTED_EDGE('',*,*,#2833,.F.);
#2833 = EDGE_CURVE('',#2834,#2723,#2836,.T.);
#2834 = VERTEX_POINT('',#2835);
#2835 = CARTESIAN_POINT('',(-29.,50.56061230866,133.84982381612));
#2836 = SURFACE_CURVE('',#2837,(#2841,#2847),.PCURVE_S1.);
#2837 = LINE('',#2838,#2839);
#2838 = CARTESIAN_POINT('',(-29.,50.56061230866,117.));
#2839 = VECTOR('',#2840,1.);
#2840 = DIRECTION('',(-0.,0.,-1.));
#2841 = PCURVE('',#907,#2842);
#2842 = DEFINITIONAL_REPRESENTATION('',(#2843),#2846);
#2843 = B_SPLINE_CURVE_WITH_KNOTS('',1,(#2844,#2845),.UNSPECIFIED.,.F.,
  .F.,(2,2),(-17.34982381612,-11.34982381612),.PIECEWISE_BEZIER_KNOTS.);
#2844 = CARTESIAN_POINT('',(-0.5,-1.43938769134));
#2845 = CARTESIAN_POINT('',(5.5,-1.43938769134));
#2846 = ( GEOMETRIC_REPRESENTATION_CONTEXT(2) 
PARAMETRIC_REPRESENTATION_CONTEXT() REPRESENTATION_CONTEXT('2D SPACE',''
  ) );
#2847 = PCURVE('',#2762,#2848);
#2848 = DEFINITIONAL_REPRESENTATION('',(#2849),#2852);
#2849 = B_SPLINE_CURVE_WITH_KNOTS('',1,(#2850,#2851),.UNSPECIFIED.,.F.,
  .F.,(2,2),(-17.34982381612,-11.34982381612),.PIECEWISE_BEZIER_KNOTS.);
#2850 = CARTESIAN_POINT('',(2.366399280279,-17.34982381612));
#2851 = CARTESIAN_POINT('',(2.366399280279,-11.34982381612));
#2852 = ( GEOMETRIC_REPRESENTATION_CONTEXT(2) 
PARAMETRIC_REPRESENTATION_CONTEXT() REPRESENTATION_CONTEXT('2D SPACE',''
  ) );
#2853 = ORIENTED_EDGE('',*,*,#2854,.T.);
#2854 = EDGE_CURVE('',#2834,#860,#2855,.T.);
#2855 = SURFACE_CURVE('',#2856,(#2860,#2867),.PCURVE_S1.);
#2856 = LINE('',#2857,#2858);
#2857 = CARTESIAN_POINT('',(-29.,52.,133.84982381612));
#2858 = VECTOR('',#2859,1.);
#2859 = DIRECTION('',(0.,-1.,0.));
#2860 = PCURVE('',#907,#2861);
#2861 = DEFINITIONAL_REPRESENTATION('',(#2862),#2866);
#2862 = LINE('',#2863,#2864);
#2863 = CARTESIAN_POINT('',(-0.,0.));
#2864 = VECTOR('',#2865,1.);
#2865 = DIRECTION('',(0.,-1.));
#2866 = ( GEOMETRIC_REPRESENTATION_CONTEXT(2) 
PARAMETRIC_REPRESENTATION_CONTEXT() REPRESENTATION_CONTEXT('2D SPACE',''
  ) );
#2867 = PCURVE('',#880,#2868);
#2868 = DEFINITIONAL_REPRESENTATION('',(#2869),#2873);
#2869 = LINE('',#2870,#2871);
#2870 = CARTESIAN_POINT('',(3.14159265359,0.));
#2871 = VECTOR('',#2872,1.);
#2872 = DIRECTION('',(0.,-1.));
#2873 = ( GEOMETRIC_REPRESENTATION_CONTEXT(2) 
PARAMETRIC_REPRESENTATION_CONTEXT() REPRESENTATION_CONTEXT('2D SPACE',''
  ) );
#2874 = ORIENTED_EDGE('',*,*,#892,.F.);
#2875 = ORIENTED_EDGE('',*,*,#2785,.F.);
#2876 = ADVANCED_FACE('',(#2877),#880,.F.);
#2877 = FACE_BOUND('',#2878,.F.);
#2878 = EDGE_LOOP('',(#2879,#2903,#2904,#2905,#2906));
#2879 = ORIENTED_EDGE('',*,*,#2880,.F.);
#2880 = EDGE_CURVE('',#2675,#2881,#2883,.T.);
#2881 = VERTEX_POINT('',#2882);
#2882 = CARTESIAN_POINT('',(-29.92300904918,52.,137.04734830944));
#2883 = SURFACE_CURVE('',#2884,(#2889,#2896),.PCURVE_S1.);
#2884 = CIRCLE('',#2885,6.);
#2885 = AXIS2_PLACEMENT_3D('',#2886,#2887,#2888);
#2886 = CARTESIAN_POINT('',(-35.,52.,133.84982381612));
#2887 = DIRECTION('',(0.,1.,-0.));
#2888 = DIRECTION('',(-1.,0.,1.850371707709E-16));
#2889 = PCURVE('',#880,#2890);
#2890 = DEFINITIONAL_REPRESENTATION('',(#2891),#2895);
#2891 = LINE('',#2892,#2893);
#2892 = CARTESIAN_POINT('',(0.,0.));
#2893 = VECTOR('',#2894,1.);
#2894 = DIRECTION('',(1.,0.));
#2895 = ( GEOMETRIC_REPRESENTATION_CONTEXT(2) 
PARAMETRIC_REPRESENTATION_CONTEXT() REPRESENTATION_CONTEXT('2D SPACE',''
  ) );
#2896 = PCURVE('',#2689,#2897);
#2897 = DEFINITIONAL_REPRESENTATION('',(#2898),#2902);
#2898 = CIRCLE('',#2899,6.);
#2899 = AXIS2_PLACEMENT_2D('',#2900,#2901);
#2900 = CARTESIAN_POINT('',(2.5,0.));
#2901 = DIRECTION('',(1.850371707709E-16,-1.));
#2902 = ( GEOMETRIC_REPRESENTATION_CONTEXT(2) 
PARAMETRIC_REPRESENTATION_CONTEXT() REPRESENTATION_CONTEXT('2D SPACE',''
  ) );
#2903 = ORIENTED_EDGE('',*,*,#2700,.F.);
#2904 = ORIENTED_EDGE('',*,*,#859,.T.);
#2905 = ORIENTED_EDGE('',*,*,#2854,.F.);
#2906 = ORIENTED_EDGE('',*,*,#2907,.T.);
#2907 = EDGE_CURVE('',#2834,#2881,#2908,.T.);
#2908 = SURFACE_CURVE('',#2909,(#2924,#2942),.PCURVE_S1.);
#2909 = B_SPLINE_CURVE_WITH_KNOTS('',7,(#2910,#2911,#2912,#2913,#2914,
    #2915,#2916,#2917,#2918,#2919,#2920,#2921,#2922,#2923),
  .UNSPECIFIED.,.F.,.F.,(8,6,8),(0.,0.561094748803,1.),.UNSPECIFIED.);
#2910 = CARTESIAN_POINT('',(-29.,50.56061230866,133.84982381612));
#2911 = CARTESIAN_POINT('',(-29.,50.56061230866,134.14882181972));
#2912 = CARTESIAN_POINT('',(-29.0173832688,50.578353702596,
    134.44874355064));
#2913 = CARTESIAN_POINT('',(-29.05234331016,50.614036298052,
    134.74705984395));
#2914 = CARTESIAN_POINT('',(-29.10450894094,50.668595613777,
    135.04109741243));
#2915 = CARTESIAN_POINT('',(-29.17286804164,50.743744631822,135.32809895
    ));
#2916 = CARTESIAN_POINT('',(-29.25567229586,50.841984877955,
    135.60516635696));
#2917 = CARTESIAN_POINT('',(-29.42375005286,51.06424673017,
    136.07546679884));
#2918 = CARTESIAN_POINT('',(-29.50475462072,51.178254864142,
    136.2743643095));
#2919 = CARTESIAN_POINT('',(-29.59081609041,51.309380687138,
    136.46176779207));
#2920 = CARTESIAN_POINT('',(-29.67900684772,51.457853055385,
    136.63466518841));
#2921 = CARTESIAN_POINT('',(-29.76597934225,51.623319366706,
    136.79085376977));
#2922 = CARTESIAN_POINT('',(-29.84833177891,51.804693505759,
    136.92877665631));
#2923 = CARTESIAN_POINT('',(-29.9230092786,52.0000006,137.0473486737));
#2924 = PCURVE('',#880,#2925);
#2925 = DEFINITIONAL_REPRESENTATION('',(#2926),#2941);
#2926 = B_SPLINE_CURVE_WITH_KNOTS('',7,(#2927,#2928,#2929,#2930,#2931,
    #2932,#2933,#2934,#2935,#2936,#2937,#2938,#2939,#2940),
  .UNSPECIFIED.,.F.,.F.,(8,6,8),(0.,0.561094748803,1.),.UNSPECIFIED.);
#2927 = CARTESIAN_POINT('',(3.14159265359,-1.43938769134));
#2928 = CARTESIAN_POINT('',(3.091759652989,-1.43938769134));
#2929 = CARTESIAN_POINT('',(3.041772686286,-1.421646297404));
#2930 = CARTESIAN_POINT('',(2.991851239955,-1.385963701948));
#2931 = CARTESIAN_POINT('',(2.942232783187,-1.331404386223));
#2932 = CARTESIAN_POINT('',(2.893188650464,-1.256255368178));
#2933 = CARTESIAN_POINT('',(2.845059854779,-1.158015122045));
#2934 = CARTESIAN_POINT('',(2.761821135485,-0.93575326983));
#2935 = CARTESIAN_POINT('',(2.726061677279,-0.821745135858));
#2936 = CARTESIAN_POINT('',(2.691742778778,-0.690619312862));
#2937 = CARTESIAN_POINT('',(2.65943702731,-0.542146944615));
#2938 = CARTESIAN_POINT('',(2.629664215934,-0.376680633294));
#2939 = CARTESIAN_POINT('',(2.602898788647,-0.195306494241));
#2940 = CARTESIAN_POINT('',(2.57954400549,5.999999999062E-07));
#2941 = ( GEOMETRIC_REPRESENTATION_CONTEXT(2) 
PARAMETRIC_REPRESENTATION_CONTEXT() REPRESENTATION_CONTEXT('2D SPACE',''
  ) );
#2942 = PCURVE('',#2762,#2943);
#2943 = DEFINITIONAL_REPRESENTATION('',(#2944),#2959);
#2944 = B_SPLINE_CURVE_WITH_KNOTS('',7,(#2945,#2946,#2947,#2948,#2949,
    #2950,#2951,#2952,#2953,#2954,#2955,#2956,#2957,#2958),
  .UNSPECIFIED.,.F.,.F.,(8,6,8),(0.,0.561094748803,1.),.UNSPECIFIED.);
#2945 = CARTESIAN_POINT('',(2.366399280279,-16.84982381612));
#2946 = CARTESIAN_POINT('',(2.366399280279,-17.14882181972));
#2947 = CARTESIAN_POINT('',(2.372313076263,-17.44874355064));
#2948 = CARTESIAN_POINT('',(2.384207279745,-17.74705984395));
#2949 = CARTESIAN_POINT('',(2.402177854045,-18.04109741243));
#2950 = CARTESIAN_POINT('',(2.426350381773,-18.32809895));
#2951 = CARTESIAN_POINT('',(2.45689868925,-18.60516635696));
#2952 = CARTESIAN_POINT('',(2.523245910024,-19.07546679884));
#2953 = CARTESIAN_POINT('',(2.556529881677,-19.2743643095));
#2954 = CARTESIAN_POINT('',(2.593832470072,-19.46176779207));
#2955 = CARTESIAN_POINT('',(2.63486522191,-19.63466518841));
#2956 = CARTESIAN_POINT('',(2.679261742825,-19.79085376977));
#2957 = CARTESIAN_POINT('',(2.726600565538,-19.92877665631));
#2958 = CARTESIAN_POINT('',(2.776385585243,-20.0473486737));
#2959 = ( GEOMETRIC_REPRESENTATION_CONTEXT(2) 
PARAMETRIC_REPRESENTATION_CONTEXT() REPRESENTATION_CONTEXT('2D SPACE',''
  ) );
#2960 = ADVANCED_FACE('',(#2961),#819,.T.);
#2961 = FACE_BOUND('',#2962,.T.);
#2962 = EDGE_LOOP('',(#2963,#2964,#2983,#2984));
#2963 = ORIENTED_EDGE('',*,*,#803,.F.);
#2964 = ORIENTED_EDGE('',*,*,#2965,.T.);
#2965 = EDGE_CURVE('',#775,#1367,#2966,.T.);
#2966 = SURFACE_CURVE('',#2967,(#2971,#2977),.PCURVE_S1.);
#2967 = LINE('',#2968,#2969);
#2968 = CARTESIAN_POINT('',(-26.70205984563,61.,208.));
#2969 = VECTOR('',#2970,1.);
#2970 = DIRECTION('',(-0.,1.,-0.));
#2971 = PCURVE('',#819,#2972);
#2972 = DEFINITIONAL_REPRESENTATION('',(#2973),#2976);
#2973 = B_SPLINE_CURVE_WITH_KNOTS('',1,(#2974,#2975),.UNSPECIFIED.,.F.,
  .F.,(2,2),(-12.0000006,5.999999999062E-07),.PIECEWISE_BEZIER_KNOTS.);
#2974 = CARTESIAN_POINT('',(53.702059845637,5.999999999062E-07));
#2975 = CARTESIAN_POINT('',(53.702059845637,-12.0000006));
#2976 = ( GEOMETRIC_REPRESENTATION_CONTEXT(2) 
PARAMETRIC_REPRESENTATION_CONTEXT() REPRESENTATION_CONTEXT('2D SPACE',''
  ) );
#2977 = PCURVE('',#791,#2978);
#2978 = DEFINITIONAL_REPRESENTATION('',(#2979),#2982);
#2979 = B_SPLINE_CURVE_WITH_KNOTS('',1,(#2980,#2981),.UNSPECIFIED.,.F.,
  .F.,(2,2),(-12.,0.),.PIECEWISE_BEZIER_KNOTS.);
#2980 = CARTESIAN_POINT('',(-9.573473455037,-12.));
#2981 = CARTESIAN_POINT('',(-9.573473455037,0.));
#2982 = ( GEOMETRIC_REPRESENTATION_CONTEXT(2) 
PARAMETRIC_REPRESENTATION_CONTEXT() REPRESENTATION_CONTEXT('2D SPACE',''
  ) );
#2983 = ORIENTED_EDGE('',*,*,#1394,.T.);
#2984 = ORIENTED_EDGE('',*,*,#2629,.F.);
#2985 = ADVANCED_FACE('',(#2986),#791,.T.);
#2986 = FACE_BOUND('',#2987,.F.);
#2987 = EDGE_LOOP('',(#2988,#2989,#3008,#3009));
#2988 = ORIENTED_EDGE('',*,*,#1366,.T.);
#2989 = ORIENTED_EDGE('',*,*,#2990,.F.);
#2990 = EDGE_CURVE('',#747,#1344,#2991,.T.);
#2991 = SURFACE_CURVE('',#2992,(#2996,#3002),.PCURVE_S1.);
#2992 = LINE('',#2993,#2994);
#2993 = CARTESIAN_POINT('',(26.702059845637,61.,208.));
#2994 = VECTOR('',#2995,1.);
#2995 = DIRECTION('',(-0.,1.,-0.));
#2996 = PCURVE('',#791,#2997);
#2997 = DEFINITIONAL_REPRESENTATION('',(#2998),#3001);
#2998 = B_SPLINE_CURVE_WITH_KNOTS('',1,(#2999,#3000),.UNSPECIFIED.,.F.,
  .F.,(2,2),(-12.,0.),.PIECEWISE_BEZIER_KNOTS.);
#2999 = CARTESIAN_POINT('',(-6.134489812912,-12.));
#3000 = CARTESIAN_POINT('',(-6.134489812912,0.));
#3001 = ( GEOMETRIC_REPRESENTATION_CONTEXT(2) 
PARAMETRIC_REPRESENTATION_CONTEXT() REPRESENTATION_CONTEXT('2D SPACE',''
  ) );
#3002 = PCURVE('',#762,#3003);
#3003 = DEFINITIONAL_REPRESENTATION('',(#3004),#3007);
#3004 = B_SPLINE_CURVE_WITH_KNOTS('',1,(#3005,#3006),.UNSPECIFIED.,.F.,
  .F.,(2,2),(-12.0000006,5.999999999062E-07),.PIECEWISE_BEZIER_KNOTS.);
#3005 = CARTESIAN_POINT('',(0.297940154363,5.999999999062E-07));
#3006 = CARTESIAN_POINT('',(0.297940154363,-12.0000006));
#3007 = ( GEOMETRIC_REPRESENTATION_CONTEXT(2) 
PARAMETRIC_REPRESENTATION_CONTEXT() REPRESENTATION_CONTEXT('2D SPACE',''
  ) );
#3008 = ORIENTED_EDGE('',*,*,#774,.T.);
#3009 = ORIENTED_EDGE('',*,*,#2965,.T.);
#3010 = ADVANCED_FACE('',(#3011),#762,.T.);
#3011 = FACE_BOUND('',#3012,.T.);
#3012 = EDGE_LOOP('',(#3013,#3014,#3035,#3036));
#3013 = ORIENTED_EDGE('',*,*,#746,.F.);
#3014 = ORIENTED_EDGE('',*,*,#3015,.T.);
#3015 = EDGE_CURVE('',#719,#1321,#3016,.T.);
#3016 = SURFACE_CURVE('',#3017,(#3021,#3028),.PCURVE_S1.);
#3017 = LINE('',#3018,#3019);
#3018 = CARTESIAN_POINT('',(27.,49.,208.));
#3019 = VECTOR('',#3020,1.);
#3020 = DIRECTION('',(-0.,1.,-0.));
#3021 = PCURVE('',#762,#3022);
#3022 = DEFINITIONAL_REPRESENTATION('',(#3023),#3027);
#3023 = LINE('',#3024,#3025);
#3024 = CARTESIAN_POINT('',(0.,0.));
#3025 = VECTOR('',#3026,1.);
#3026 = DIRECTION('',(0.,-1.));
#3027 = ( GEOMETRIC_REPRESENTATION_CONTEXT(2) 
PARAMETRIC_REPRESENTATION_CONTEXT() REPRESENTATION_CONTEXT('2D SPACE',''
  ) );
#3028 = PCURVE('',#734,#3029);
#3029 = DEFINITIONAL_REPRESENTATION('',(#3030),#3034);
#3030 = LINE('',#3031,#3032);
#3031 = CARTESIAN_POINT('',(101.8331969448,0.));
#3032 = VECTOR('',#3033,1.);
#3033 = DIRECTION('',(0.,-1.));
#3034 = ( GEOMETRIC_REPRESENTATION_CONTEXT(2) 
PARAMETRIC_REPRESENTATION_CONTEXT() REPRESENTATION_CONTEXT('2D SPACE',''
  ) );
#3035 = ORIENTED_EDGE('',*,*,#1343,.T.);
#3036 = ORIENTED_EDGE('',*,*,#2990,.F.);
#3037 = ADVANCED_FACE('',(#3038),#734,.T.);
#3038 = FACE_BOUND('',#3039,.T.);
#3039 = EDGE_LOOP('',(#3040,#3041,#3060,#3061));
#3040 = ORIENTED_EDGE('',*,*,#718,.F.);
#3041 = ORIENTED_EDGE('',*,*,#3042,.F.);
#3042 = EDGE_CURVE('',#1298,#691,#3043,.T.);
#3043 = SURFACE_CURVE('',#3044,(#3048,#3054),.PCURVE_S1.);
#3044 = LINE('',#3045,#3046);
#3045 = CARTESIAN_POINT('',(38.712871287129,49.,117.));
#3046 = VECTOR('',#3047,1.);
#3047 = DIRECTION('',(0.,-1.,0.));
#3048 = PCURVE('',#734,#3049);
#3049 = DEFINITIONAL_REPRESENTATION('',(#3050),#3053);
#3050 = B_SPLINE_CURVE_WITH_KNOTS('',1,(#3051,#3052),.UNSPECIFIED.,.F.,
  .F.,(2,2),(-12.,0.),.PIECEWISE_BEZIER_KNOTS.);
#3051 = CARTESIAN_POINT('',(10.082494747011,-12.));
#3052 = CARTESIAN_POINT('',(10.082494747011,0.));
#3053 = ( GEOMETRIC_REPRESENTATION_CONTEXT(2) 
PARAMETRIC_REPRESENTATION_CONTEXT() REPRESENTATION_CONTEXT('2D SPACE',''
  ) );
#3054 = PCURVE('',#706,#3055);
#3055 = DEFINITIONAL_REPRESENTATION('',(#3056),#3059);
#3056 = B_SPLINE_CURVE_WITH_KNOTS('',1,(#3057,#3058),.UNSPECIFIED.,.F.,
  .F.,(2,2),(-12.,0.),.PIECEWISE_BEZIER_KNOTS.);
#3057 = CARTESIAN_POINT('',(78.712871287129,12.));
#3058 = CARTESIAN_POINT('',(78.712871287129,0.));
#3059 = ( GEOMETRIC_REPRESENTATION_CONTEXT(2) 
PARAMETRIC_REPRESENTATION_CONTEXT() REPRESENTATION_CONTEXT('2D SPACE',''
  ) );
#3060 = ORIENTED_EDGE('',*,*,#1320,.T.);
#3061 = ORIENTED_EDGE('',*,*,#3015,.F.);
#3062 = ADVANCED_FACE('',(#3063),#706,.T.);
#3063 = FACE_BOUND('',#3064,.T.);
#3064 = EDGE_LOOP('',(#3065,#3066,#3067,#3068));
#3065 = ORIENTED_EDGE('',*,*,#1297,.F.);
#3066 = ORIENTED_EDGE('',*,*,#3042,.T.);
#3067 = ORIENTED_EDGE('',*,*,#690,.T.);
#3068 = ORIENTED_EDGE('',*,*,#1783,.T.);
#3069 = ADVANCED_FACE('',(#3070),#1018,.F.);
#3070 = FACE_BOUND('',#3071,.T.);
#3071 = EDGE_LOOP('',(#3072,#3101,#3122,#3123));
#3072 = ORIENTED_EDGE('',*,*,#3073,.F.);
#3073 = EDGE_CURVE('',#3074,#3074,#3076,.T.);
#3074 = VERTEX_POINT('',#3075);
#3075 = CARTESIAN_POINT('',(21.05,56.,212.));
#3076 = SURFACE_CURVE('',#3077,(#3082,#3089),.PCURVE_S1.);
#3077 = CIRCLE('',#3078,21.05);
#3078 = AXIS2_PLACEMENT_3D('',#3079,#3080,#3081);
#3079 = CARTESIAN_POINT('',(0.,56.,212.));
#3080 = DIRECTION('',(0.,-1.,0.));
#3081 = DIRECTION('',(1.,0.,0.));
#3082 = PCURVE('',#1018,#3083);
#3083 = DEFINITIONAL_REPRESENTATION('',(#3084),#3088);
#3084 = LINE('',#3085,#3086);
#3085 = CARTESIAN_POINT('',(-0.,0.));
#3086 = VECTOR('',#3087,1.);
#3087 = DIRECTION('',(-1.,0.));
#3088 = ( GEOMETRIC_REPRESENTATION_CONTEXT(2) 
PARAMETRIC_REPRESENTATION_CONTEXT() REPRESENTATION_CONTEXT('2D SPACE',''
  ) );
#3089 = PCURVE('',#3090,#3095);
#3090 = PLANE('',#3091);
#3091 = AXIS2_PLACEMENT_3D('',#3092,#3093,#3094);
#3092 = CARTESIAN_POINT('',(5.196922118915E-16,56.,212.));
#3093 = DIRECTION('',(-0.,-1.,-0.));
#3094 = DIRECTION('',(0.,0.,-1.));
#3095 = DEFINITIONAL_REPRESENTATION('',(#3096),#3100);
#3096 = CIRCLE('',#3097,21.05);
#3097 = AXIS2_PLACEMENT_2D('',#3098,#3099);
#3098 = CARTESIAN_POINT('',(2.84217094304E-14,-5.196922118915E-16));
#3099 = DIRECTION('',(0.,1.));
#3100 = ( GEOMETRIC_REPRESENTATION_CONTEXT(2) 
PARAMETRIC_REPRESENTATION_CONTEXT() REPRESENTATION_CONTEXT('2D SPACE',''
  ) );
#3101 = ORIENTED_EDGE('',*,*,#3102,.T.);
#3102 = EDGE_CURVE('',#3074,#998,#3103,.T.);
#3103 = SEAM_CURVE('',#3104,(#3108,#3115),.PCURVE_S1.);
#3104 = LINE('',#3105,#3106);
#3105 = CARTESIAN_POINT('',(21.05,56.,212.));
#3106 = VECTOR('',#3107,1.);
#3107 = DIRECTION('',(0.,-1.,0.));
#3108 = PCURVE('',#1018,#3109);
#3109 = DEFINITIONAL_REPRESENTATION('',(#3110),#3114);
#3110 = LINE('',#3111,#3112);
#3111 = CARTESIAN_POINT('',(-6.28318530718,0.));
#3112 = VECTOR('',#3113,1.);
#3113 = DIRECTION('',(-0.,-1.));
#3114 = ( GEOMETRIC_REPRESENTATION_CONTEXT(2) 
PARAMETRIC_REPRESENTATION_CONTEXT() REPRESENTATION_CONTEXT('2D SPACE',''
  ) );
#3115 = PCURVE('',#1018,#3116);
#3116 = DEFINITIONAL_REPRESENTATION('',(#3117),#3121);
#3117 = LINE('',#3118,#3119);
#3118 = CARTESIAN_POINT('',(-0.,0.));
#3119 = VECTOR('',#3120,1.);
#3120 = DIRECTION('',(-0.,-1.));
#3121 = ( GEOMETRIC_REPRESENTATION_CONTEXT(2) 
PARAMETRIC_REPRESENTATION_CONTEXT() REPRESENTATION_CONTEXT('2D SPACE',''
  ) );
#3122 = ORIENTED_EDGE('',*,*,#997,.F.);
#3123 = ORIENTED_EDGE('',*,*,#3102,.F.);
#3124 = ADVANCED_FACE('',(#3125),#1049,.F.);
#3125 = FACE_BOUND('',#3126,.F.);
#3126 = EDGE_LOOP('',(#3127,#3128,#3149,#3150));
#3127 = ORIENTED_EDGE('',*,*,#1569,.T.);
#3128 = ORIENTED_EDGE('',*,*,#3129,.T.);
#3129 = EDGE_CURVE('',#1572,#1035,#3130,.T.);
#3130 = SURFACE_CURVE('',#3131,(#3135,#3142),.PCURVE_S1.);
#3131 = LINE('',#3132,#3133);
#3132 = CARTESIAN_POINT('',(-6.5,62.,171.5));
#3133 = VECTOR('',#3134,1.);
#3134 = DIRECTION('',(0.,-1.,0.));
#3135 = PCURVE('',#1049,#3136);
#3136 = DEFINITIONAL_REPRESENTATION('',(#3137),#3141);
#3137 = LINE('',#3138,#3139);
#3138 = CARTESIAN_POINT('',(0.,0.));
#3139 = VECTOR('',#3140,1.);
#3140 = DIRECTION('',(0.,-1.));
#3141 = ( GEOMETRIC_REPRESENTATION_CONTEXT(2) 
PARAMETRIC_REPRESENTATION_CONTEXT() REPRESENTATION_CONTEXT('2D SPACE',''
  ) );
#3142 = PCURVE('',#1138,#3143);
#3143 = DEFINITIONAL_REPRESENTATION('',(#3144),#3148);
#3144 = LINE('',#3145,#3146);
#3145 = CARTESIAN_POINT('',(3.14159265359,0.));
#3146 = VECTOR('',#3147,1.);
#3147 = DIRECTION('',(0.,-1.));
#3148 = ( GEOMETRIC_REPRESENTATION_CONTEXT(2) 
PARAMETRIC_REPRESENTATION_CONTEXT() REPRESENTATION_CONTEXT('2D SPACE',''
  ) );
#3149 = ORIENTED_EDGE('',*,*,#1032,.F.);
#3150 = ORIENTED_EDGE('',*,*,#3151,.F.);
#3151 = EDGE_CURVE('',#1570,#1033,#3152,.T.);
#3152 = SURFACE_CURVE('',#3153,(#3157,#3164),.PCURVE_S1.);
#3153 = LINE('',#3154,#3155);
#3154 = CARTESIAN_POINT('',(-6.5,62.,182.5));
#3155 = VECTOR('',#3156,1.);
#3156 = DIRECTION('',(0.,-1.,0.));
#3157 = PCURVE('',#1049,#3158);
#3158 = DEFINITIONAL_REPRESENTATION('',(#3159),#3163);
#3159 = LINE('',#3160,#3161);
#3160 = CARTESIAN_POINT('',(11.,0.));
#3161 = VECTOR('',#3162,1.);
#3162 = DIRECTION('',(0.,-1.));
#3163 = ( GEOMETRIC_REPRESENTATION_CONTEXT(2) 
PARAMETRIC_REPRESENTATION_CONTEXT() REPRESENTATION_CONTEXT('2D SPACE',''
  ) );
#3164 = PCURVE('',#1081,#3165);
#3165 = DEFINITIONAL_REPRESENTATION('',(#3166),#3170);
#3166 = LINE('',#3167,#3168);
#3167 = CARTESIAN_POINT('',(0.,0.));
#3168 = VECTOR('',#3169,1.);
#3169 = DIRECTION('',(0.,-1.));
#3170 = ( GEOMETRIC_REPRESENTATION_CONTEXT(2) 
PARAMETRIC_REPRESENTATION_CONTEXT() REPRESENTATION_CONTEXT('2D SPACE',''
  ) );
#3171 = ADVANCED_FACE('',(#3172),#1081,.F.);
#3172 = FACE_BOUND('',#3173,.F.);
#3173 = EDGE_LOOP('',(#3174,#3175,#3176,#3177));
#3174 = ORIENTED_EDGE('',*,*,#1592,.F.);
#3175 = ORIENTED_EDGE('',*,*,#3151,.T.);
#3176 = ORIENTED_EDGE('',*,*,#1060,.T.);
#3177 = ORIENTED_EDGE('',*,*,#3178,.F.);
#3178 = EDGE_CURVE('',#1593,#1061,#3179,.T.);
#3179 = SURFACE_CURVE('',#3180,(#3184,#3191),.PCURVE_S1.);
#3180 = LINE('',#3181,#3182);
#3181 = CARTESIAN_POINT('',(6.5,62.,182.5));
#3182 = VECTOR('',#3183,1.);
#3183 = DIRECTION('',(0.,-1.,0.));
#3184 = PCURVE('',#1081,#3185);
#3185 = DEFINITIONAL_REPRESENTATION('',(#3186),#3190);
#3186 = LINE('',#3187,#3188);
#3187 = CARTESIAN_POINT('',(3.14159265359,0.));
#3188 = VECTOR('',#3189,1.);
#3189 = DIRECTION('',(0.,-1.));
#3190 = ( GEOMETRIC_REPRESENTATION_CONTEXT(2) 
PARAMETRIC_REPRESENTATION_CONTEXT() REPRESENTATION_CONTEXT('2D SPACE',''
  ) );
#3191 = PCURVE('',#1108,#3192);
#3192 = DEFINITIONAL_REPRESENTATION('',(#3193),#3197);
#3193 = LINE('',#3194,#3195);
#3194 = CARTESIAN_POINT('',(-0.,0.));
#3195 = VECTOR('',#3196,1.);
#3196 = DIRECTION('',(0.,-1.));
#3197 = ( GEOMETRIC_REPRESENTATION_CONTEXT(2) 
PARAMETRIC_REPRESENTATION_CONTEXT() REPRESENTATION_CONTEXT('2D SPACE',''
  ) );
#3198 = ADVANCED_FACE('',(#3199),#1138,.F.);
#3199 = FACE_BOUND('',#3200,.F.);
#3200 = EDGE_LOOP('',(#3201,#3202,#3223,#3224));
#3201 = ORIENTED_EDGE('',*,*,#1641,.F.);
#3202 = ORIENTED_EDGE('',*,*,#3203,.T.);
#3203 = EDGE_CURVE('',#1621,#1094,#3204,.T.);
#3204 = SURFACE_CURVE('',#3205,(#3209,#3216),.PCURVE_S1.);
#3205 = LINE('',#3206,#3207);
#3206 = CARTESIAN_POINT('',(6.5,62.,171.5));
#3207 = VECTOR('',#3208,1.);
#3208 = DIRECTION('',(0.,-1.,0.));
#3209 = PCURVE('',#1138,#3210);
#3210 = DEFINITIONAL_REPRESENTATION('',(#3211),#3215);
#3211 = LINE('',#3212,#3213);
#3212 = CARTESIAN_POINT('',(0.,0.));
#3213 = VECTOR('',#3214,1.);
#3214 = DIRECTION('',(0.,-1.));
#3215 = ( GEOMETRIC_REPRESENTATION_CONTEXT(2) 
PARAMETRIC_REPRESENTATION_CONTEXT() REPRESENTATION_CONTEXT('2D SPACE',''
  ) );
#3216 = PCURVE('',#1108,#3217);
#3217 = DEFINITIONAL_REPRESENTATION('',(#3218),#3222);
#3218 = LINE('',#3219,#3220);
#3219 = CARTESIAN_POINT('',(11.,0.));
#3220 = VECTOR('',#3221,1.);
#3221 = DIRECTION('',(0.,-1.));
#3222 = ( GEOMETRIC_REPRESENTATION_CONTEXT(2) 
PARAMETRIC_REPRESENTATION_CONTEXT() REPRESENTATION_CONTEXT('2D SPACE',''
  ) );
#3223 = ORIENTED_EDGE('',*,*,#1119,.T.);
#3224 = ORIENTED_EDGE('',*,*,#3129,.F.);
#3225 = ADVANCED_FACE('',(#3226),#1108,.F.);
#3226 = FACE_BOUND('',#3227,.F.);
#3227 = EDGE_LOOP('',(#3228,#3229,#3230,#3231));
#3228 = ORIENTED_EDGE('',*,*,#1620,.T.);
#3229 = ORIENTED_EDGE('',*,*,#3178,.T.);
#3230 = ORIENTED_EDGE('',*,*,#1093,.F.);
#3231 = ORIENTED_EDGE('',*,*,#3203,.F.);
#3232 = ADVANCED_FACE('',(#3233),#1169,.F.);
#3233 = FACE_BOUND('',#3234,.F.);
#3234 = EDGE_LOOP('',(#3235,#3263,#3284,#3285));
#3235 = ORIENTED_EDGE('',*,*,#3236,.T.);
#3236 = EDGE_CURVE('',#3237,#3239,#3241,.T.);
#3237 = VERTEX_POINT('',#3238);
#3238 = CARTESIAN_POINT('',(-6.5,49.576990950813,148.5));
#3239 = VERTEX_POINT('',#3240);
#3240 = CARTESIAN_POINT('',(-6.5,49.576990950813,137.5));
#3241 = SURFACE_CURVE('',#3242,(#3246,#3252),.PCURVE_S1.);
#3242 = LINE('',#3243,#3244);
#3243 = CARTESIAN_POINT('',(-6.5,49.576990950813,117.));
#3244 = VECTOR('',#3245,1.);
#3245 = DIRECTION('',(-0.,0.,-1.));
#3246 = PCURVE('',#1169,#3247);
#3247 = DEFINITIONAL_REPRESENTATION('',(#3248),#3251);
#3248 = B_SPLINE_CURVE_WITH_KNOTS('',1,(#3249,#3250),.UNSPECIFIED.,.F.,
  .F.,(2,2),(-32.6,-19.4),.PIECEWISE_BEZIER_KNOTS.);
#3249 = CARTESIAN_POINT('',(12.1,-12.42300904918));
#3250 = CARTESIAN_POINT('',(-1.1,-12.42300904918));
#3251 = ( GEOMETRIC_REPRESENTATION_CONTEXT(2) 
PARAMETRIC_REPRESENTATION_CONTEXT() REPRESENTATION_CONTEXT('2D SPACE',''
  ) );
#3252 = PCURVE('',#3253,#3258);
#3253 = CYLINDRICAL_SURFACE('',#3254,4.2);
#3254 = AXIS2_PLACEMENT_3D('',#3255,#3256,#3257);
#3255 = CARTESIAN_POINT('',(-8.,53.5,117.));
#3256 = DIRECTION('',(-0.,0.,-1.));
#3257 = DIRECTION('',(1.,-2.167578286173E-16,-0.));
#3258 = DEFINITIONAL_REPRESENTATION('',(#3259),#3262);
#3259 = B_SPLINE_CURVE_WITH_KNOTS('',1,(#3260,#3261),.UNSPECIFIED.,.F.,
  .F.,(2,2),(-32.6,-19.4),.PIECEWISE_BEZIER_KNOTS.);
#3260 = CARTESIAN_POINT('',(1.205589105505,-32.6));
#3261 = CARTESIAN_POINT('',(1.205589105505,-19.4));
#3262 = ( GEOMETRIC_REPRESENTATION_CONTEXT(2) 
PARAMETRIC_REPRESENTATION_CONTEXT() REPRESENTATION_CONTEXT('2D SPACE',''
  ) );
#3263 = ORIENTED_EDGE('',*,*,#3264,.T.);
#3264 = EDGE_CURVE('',#3239,#1155,#3265,.T.);
#3265 = SURFACE_CURVE('',#3266,(#3270,#3277),.PCURVE_S1.);
#3266 = LINE('',#3267,#3268);
#3267 = CARTESIAN_POINT('',(-6.5,62.,137.5));
#3268 = VECTOR('',#3269,1.);
#3269 = DIRECTION('',(0.,-1.,0.));
#3270 = PCURVE('',#1169,#3271);
#3271 = DEFINITIONAL_REPRESENTATION('',(#3272),#3276);
#3272 = LINE('',#3273,#3274);
#3273 = CARTESIAN_POINT('',(0.,0.));
#3274 = VECTOR('',#3275,1.);
#3275 = DIRECTION('',(0.,-1.));
#3276 = ( GEOMETRIC_REPRESENTATION_CONTEXT(2) 
PARAMETRIC_REPRESENTATION_CONTEXT() REPRESENTATION_CONTEXT('2D SPACE',''
  ) );
#3277 = PCURVE('',#1258,#3278);
#3278 = DEFINITIONAL_REPRESENTATION('',(#3279),#3283);
#3279 = LINE('',#3280,#3281);
#3280 = CARTESIAN_POINT('',(3.14159265359,0.));
#3281 = VECTOR('',#3282,1.);
#3282 = DIRECTION('',(0.,-1.));
#3283 = ( GEOMETRIC_REPRESENTATION_CONTEXT(2) 
PARAMETRIC_REPRESENTATION_CONTEXT() REPRESENTATION_CONTEXT('2D SPACE',''
  ) );
#3284 = ORIENTED_EDGE('',*,*,#1152,.F.);
#3285 = ORIENTED_EDGE('',*,*,#3286,.F.);
#3286 = EDGE_CURVE('',#3237,#1153,#3287,.T.);
#3287 = SURFACE_CURVE('',#3288,(#3292,#3299),.PCURVE_S1.);
#3288 = LINE('',#3289,#3290);
#3289 = CARTESIAN_POINT('',(-6.5,62.,148.5));
#3290 = VECTOR('',#3291,1.);
#3291 = DIRECTION('',(0.,-1.,0.));
#3292 = PCURVE('',#1169,#3293);
#3293 = DEFINITIONAL_REPRESENTATION('',(#3294),#3298);
#3294 = LINE('',#3295,#3296);
#3295 = CARTESIAN_POINT('',(11.,0.));
#3296 = VECTOR('',#3297,1.);
#3297 = DIRECTION('',(0.,-1.));
#3298 = ( GEOMETRIC_REPRESENTATION_CONTEXT(2) 
PARAMETRIC_REPRESENTATION_CONTEXT() REPRESENTATION_CONTEXT('2D SPACE',''
  ) );
#3299 = PCURVE('',#1201,#3300);
#3300 = DEFINITIONAL_REPRESENTATION('',(#3301),#3305);
#3301 = LINE('',#3302,#3303);
#3302 = CARTESIAN_POINT('',(0.,0.));
#3303 = VECTOR('',#3304,1.);
#3304 = DIRECTION('',(0.,-1.));
#3305 = ( GEOMETRIC_REPRESENTATION_CONTEXT(2) 
PARAMETRIC_REPRESENTATION_CONTEXT() REPRESENTATION_CONTEXT('2D SPACE',''
  ) );
#3306 = ADVANCED_FACE('',(#3307),#1201,.F.);
#3307 = FACE_BOUND('',#3308,.F.);
#3308 = EDGE_LOOP('',(#3309,#3310,#3333,#3484,#3510,#3654,#3655,#3656,
    #3679,#3830,#3856,#4007));
#3309 = ORIENTED_EDGE('',*,*,#1697,.F.);
#3310 = ORIENTED_EDGE('',*,*,#3311,.T.);
#3311 = EDGE_CURVE('',#1670,#3312,#3314,.T.);
#3312 = VERTEX_POINT('',#3313);
#3313 = CARTESIAN_POINT('',(-6.5,60.423009049187,148.5));
#3314 = SURFACE_CURVE('',#3315,(#3319,#3326),.PCURVE_S1.);
#3315 = LINE('',#3316,#3317);
#3316 = CARTESIAN_POINT('',(-6.5,62.,148.5));
#3317 = VECTOR('',#3318,1.);
#3318 = DIRECTION('',(0.,-1.,0.));
#3319 = PCURVE('',#1201,#3320);
#3320 = DEFINITIONAL_REPRESENTATION('',(#3321),#3325);
#3321 = LINE('',#3322,#3323);
#3322 = CARTESIAN_POINT('',(0.,0.));
#3323 = VECTOR('',#3324,1.);
#3324 = DIRECTION('',(0.,-1.));
#3325 = ( GEOMETRIC_REPRESENTATION_CONTEXT(2) 
PARAMETRIC_REPRESENTATION_CONTEXT() REPRESENTATION_CONTEXT('2D SPACE',''
  ) );
#3326 = PCURVE('',#1686,#3327);
#3327 = DEFINITIONAL_REPRESENTATION('',(#3328),#3332);
#3328 = LINE('',#3329,#3330);
#3329 = CARTESIAN_POINT('',(11.,0.));
#3330 = VECTOR('',#3331,1.);
#3331 = DIRECTION('',(0.,-1.));
#3332 = ( GEOMETRIC_REPRESENTATION_CONTEXT(2) 
PARAMETRIC_REPRESENTATION_CONTEXT() REPRESENTATION_CONTEXT('2D SPACE',''
  ) );
#3333 = ORIENTED_EDGE('',*,*,#3334,.T.);
#3334 = EDGE_CURVE('',#3312,#3335,#3337,.T.);
#3335 = VERTEX_POINT('',#3336);
#3336 = CARTESIAN_POINT('',(-3.8,56.5,153.77351874937));
#3337 = SURFACE_CURVE('',#3338,(#3383,#3431),.PCURVE_S1.);
#3338 = B_SPLINE_CURVE_WITH_KNOTS('',8,(#3339,#3340,#3341,#3342,#3343,
    #3344,#3345,#3346,#3347,#3348,#3349,#3350,#3351,#3352,#3353,#3354,
    #3355,#3356,#3357,#3358,#3359,#3360,#3361,#3362,#3363,#3364,#3365,
    #3366,#3367,#3368,#3369,#3370,#3371,#3372,#3373,#3374,#3375,#3376,
    #3377,#3378,#3379,#3380,#3381,#3382),.UNSPECIFIED.,.F.,.F.,(9,7,7,7,
    7,7,9),(0.,0.403528176799,0.540061845069,0.643893388918,
    0.743227073398,0.800862869285,1.),.UNSPECIFIED.);
#3339 = CARTESIAN_POINT('',(-6.5,60.423009049187,148.5));
#3340 = CARTESIAN_POINT('',(-6.5,60.423009049187,148.89920368021));
#3341 = CARTESIAN_POINT('',(-6.471980136438,60.412295189731,
    149.2992129756));
#3342 = CARTESIAN_POINT('',(-6.415741685949,60.390793005126,
    149.69812246807));
#3343 = CARTESIAN_POINT('',(-6.331161689537,60.357165228507,
    150.09389130072));
#3344 = CARTESIAN_POINT('',(-6.218245104832,60.308813319343,
    150.48411444776));
#3345 = CARTESIAN_POINT('',(-6.077435676951,60.241682922226,
    150.86594226879));
#3346 = CARTESIAN_POINT('',(-5.90985793258,60.150116335371,
    151.23602981862));
#3347 = CARTESIAN_POINT('',(-5.653523496888,59.984251131429,
    151.71033486908));
#3348 = CARTESIAN_POINT('',(-5.586017627989,59.938639538833,
    151.82837295475));
#3349 = CARTESIAN_POINT('',(-5.51605771304,59.889135142102,
    151.9441461558));
#3350 = CARTESIAN_POINT('',(-5.443925744308,59.835526805714,
    152.05730710337));
#3351 = CARTESIAN_POINT('',(-5.369935095757,59.7776092603,
    152.16755079788));
#3352 = CARTESIAN_POINT('',(-5.294427526092,59.715186316107,
    152.27461099285));
#3353 = CARTESIAN_POINT('',(-5.217770181804,59.648074076451,
    152.37825657872));
#3354 = CARTESIAN_POINT('',(-5.081477839736,59.521372241126,
    152.55436014407));
#3355 = CARTESIAN_POINT('',(-5.022205469778,59.46387010064,
    152.62828799517));
#3356 = CARTESIAN_POINT('',(-4.962762836569,59.403581021933,
    152.69991783359));
#3357 = CARTESIAN_POINT('',(-4.903384952122,59.340507921125,
    152.76912045596));
#3358 = CARTESIAN_POINT('',(-4.844310629824,59.274674170809,
    152.83579000865));
#3359 = CARTESIAN_POINT('',(-4.785778620028,59.20612443262,
    152.89984285465));
#3360 = CARTESIAN_POINT('',(-4.728023745636,59.134925489797,
    152.96121644039));
#3361 = CARTESIAN_POINT('',(-4.616980703131,58.990603796579,
    153.07597916174));
#3362 = CARTESIAN_POINT('',(-4.56363558889,58.917734498972,
    153.12956981316));
#3363 = CARTESIAN_POINT('',(-4.511425412696,58.842629198066,
    153.18061672667));
#3364 = CARTESIAN_POINT('',(-4.460533421237,58.765376600315,
    153.22910855158));
#3365 = CARTESIAN_POINT('',(-4.411135786871,58.686084368491,
    153.27504498843));
#3366 = CARTESIAN_POINT('',(-4.363399004331,58.604879382683,
    153.31843580076));
#3367 = CARTESIAN_POINT('',(-4.317477287429,58.521908001297,
    153.35929982683));
#3368 = CARTESIAN_POINT('',(-4.247999066911,58.388265797094,
    153.41992380354));
#3369 = CARTESIAN_POINT('',(-4.223141952985,58.33864859901,
    153.44134556204));
#3370 = CARTESIAN_POINT('',(-4.198961134117,58.288506804588,
    153.46193868275));
#3371 = CARTESIAN_POINT('',(-4.17547786844,58.237863716086,
    153.48171265509));
#3372 = CARTESIAN_POINT('',(-4.15271216209,58.186743861227,
    153.50067704195));
#3373 = CARTESIAN_POINT('',(-4.130682769209,58.135172993201,
    153.51884147974));
#3374 = CARTESIAN_POINT('',(-4.109407191938,58.083178090663,
    153.53621567837));
#3375 = CARTESIAN_POINT('',(-4.018053197043,57.84977241605,
    153.61014237382));
#3376 = CARTESIAN_POINT('',(-3.956501237848,57.664299374107,
    153.65807364377));
#3377 = CARTESIAN_POINT('',(-3.904677551571,57.475084088108,
    153.69720114028));
#3378 = CARTESIAN_POINT('',(-3.862918876837,57.282879401068,
    153.7280035486));
#3379 = CARTESIAN_POINT('',(-3.831468480948,57.088465979606,
    153.7508433466));
#3380 = CARTESIAN_POINT('',(-3.81047663138,56.892642975677,
    153.76596934474));
#3381 = CARTESIAN_POINT('',(-3.8,56.696218513263,153.77351874937));
#3382 = CARTESIAN_POINT('',(-3.8,56.5,153.77351874937));
#3383 = PCURVE('',#1201,#3384);
#3384 = DEFINITIONAL_REPRESENTATION('',(#3385),#3430);
#3385 = B_SPLINE_CURVE_WITH_KNOTS('',8,(#3386,#3387,#3388,#3389,#3390,
    #3391,#3392,#3393,#3394,#3395,#3396,#3397,#3398,#3399,#3400,#3401,
    #3402,#3403,#3404,#3405,#3406,#3407,#3408,#3409,#3410,#3411,#3412,
    #3413,#3414,#3415,#3416,#3417,#3418,#3419,#3420,#3421,#3422,#3423,
    #3424,#3425,#3426,#3427,#3428,#3429),.UNSPECIFIED.,.F.,.F.,(9,7,7,7,
    7,7,9),(0.,0.403528176799,0.540061845069,0.643893388918,
    0.743227073398,0.800862869285,1.),.UNSPECIFIED.);
#3386 = CARTESIAN_POINT('',(0.,-1.576990950813));
#3387 = CARTESIAN_POINT('',(6.14159508026E-02,-1.576990950813));
#3388 = CARTESIAN_POINT('',(0.122955814989,-1.587704810269));
#3389 = CARTESIAN_POINT('',(0.184679665752,-1.609206994873));
#3390 = CARTESIAN_POINT('',(0.246631687693,-1.642834771494));
#3391 = CARTESIAN_POINT('',(0.308811977713,-1.691186680656));
#3392 = CARTESIAN_POINT('',(0.371152992946,-1.758317077774));
#3393 = CARTESIAN_POINT('',(0.433500155638,-1.849883664629));
#3394 = CARTESIAN_POINT('',(0.516444868645,-2.015748868571));
#3395 = CARTESIAN_POINT('',(0.537358498266,-2.061360461167));
#3396 = CARTESIAN_POINT('',(0.558159216474,-2.110864857898));
#3397 = CARTESIAN_POINT('',(0.578793034183,-2.164473194286));
#3398 = CARTESIAN_POINT('',(0.59920829736,-2.2223907397));
#3399 = CARTESIAN_POINT('',(0.619354820266,-2.284813683893));
#3400 = CARTESIAN_POINT('',(0.639183018706,-2.351925923549));
#3401 = CARTESIAN_POINT('',(0.673442062599,-2.478627758874));
#3402 = CARTESIAN_POINT('',(0.688017610891,-2.53612989936));
#3403 = CARTESIAN_POINT('',(0.702334586593,-2.596418978067));
#3404 = CARTESIAN_POINT('',(0.716359404482,-2.659492078875));
#3405 = CARTESIAN_POINT('',(0.730060143428,-2.725325829191));
#3406 = CARTESIAN_POINT('',(0.743406694149,-2.79387556738));
#3407 = CARTESIAN_POINT('',(0.756370906963,-2.865074510203));
#3408 = CARTESIAN_POINT('',(0.780938668347,-3.009396203421));
#3409 = CARTESIAN_POINT('',(0.792570598549,-3.082265501028));
#3410 = CARTESIAN_POINT('',(0.803802533358,-3.157370801934));
#3411 = CARTESIAN_POINT('',(0.81461552938,-3.234623399685));
#3412 = CARTESIAN_POINT('',(0.82499193455,-3.313915631509));
#3413 = CARTESIAN_POINT('',(0.83491562607,-3.395120617317));
#3414 = CARTESIAN_POINT('',(0.844372248341,-3.478091998703));
#3415 = CARTESIAN_POINT('',(0.858558239997,-3.611734202906));
#3416 = CARTESIAN_POINT('',(0.863606480521,-3.66135140099));
#3417 = CARTESIAN_POINT('',(0.868492717992,-3.711493195412));
#3418 = CARTESIAN_POINT('',(0.873215607498,-3.762136283914));
#3419 = CARTESIAN_POINT('',(0.877773913682,-3.813256138773));
#3420 = CARTESIAN_POINT('',(0.882166510744,-3.864827006799));
#3421 = CARTESIAN_POINT('',(0.886392382442,-3.916821909337));
#3422 = CARTESIAN_POINT('',(0.904472224225,-4.15022758395));
#3423 = CARTESIAN_POINT('',(0.916472145119,-4.335700625893));
#3424 = CARTESIAN_POINT('',(0.92646080554,-4.524915911892));
#3425 = CARTESIAN_POINT('',(0.934443396645,-4.717120598932));
#3426 = CARTESIAN_POINT('',(0.940423173526,-4.911534020394));
#3427 = CARTESIAN_POINT('',(0.944403753166,-5.107357024323));
#3428 = CARTESIAN_POINT('',(0.946390416821,-5.303781486737));
#3429 = CARTESIAN_POINT('',(0.946390416821,-5.5));
#3430 = ( GEOMETRIC_REPRESENTATION_CONTEXT(2) 
PARAMETRIC_REPRESENTATION_CONTEXT() REPRESENTATION_CONTEXT('2D SPACE',''
  ) );
#3431 = PCURVE('',#3432,#3437);
#3432 = CYLINDRICAL_SURFACE('',#3433,4.2);
#3433 = AXIS2_PLACEMENT_3D('',#3434,#3435,#3436);
#3434 = CARTESIAN_POINT('',(-8.,56.5,117.));
#3435 = DIRECTION('',(0.,0.,-1.));
#3436 = DIRECTION('',(-1.,2.167578286173E-16,0.));
#3437 = DEFINITIONAL_REPRESENTATION('',(#3438),#3483);
#3438 = B_SPLINE_CURVE_WITH_KNOTS('',8,(#3439,#3440,#3441,#3442,#3443,
    #3444,#3445,#3446,#3447,#3448,#3449,#3450,#3451,#3452,#3453,#3454,
    #3455,#3456,#3457,#3458,#3459,#3460,#3461,#3462,#3463,#3464,#3465,
    #3466,#3467,#3468,#3469,#3470,#3471,#3472,#3473,#3474,#3475,#3476,
    #3477,#3478,#3479,#3480,#3481,#3482),.UNSPECIFIED.,.F.,.F.,(9,7,7,7,
    7,7,9),(0.,0.403528176799,0.540061845069,0.643893388918,
    0.743227073398,0.800862869285,1.),.UNSPECIFIED.);
#3439 = CARTESIAN_POINT('',(1.936003548085,-31.5));
#3440 = CARTESIAN_POINT('',(1.936003548085,-31.89920368021));
#3441 = CARTESIAN_POINT('',(1.943146078115,-32.2992129756));
#3442 = CARTESIAN_POINT('',(1.957481118831,-32.69812246807));
#3443 = CARTESIAN_POINT('',(1.979151722125,-33.09389130072));
#3444 = CARTESIAN_POINT('',(2.008373036414,-33.48411444776));
#3445 = CARTESIAN_POINT('',(2.04544719262,-33.86594226879));
#3446 = CARTESIAN_POINT('',(2.090789380636,-34.23602981862));
#3447 = CARTESIAN_POINT('',(2.163483958375,-34.71033486908));
#3448 = CARTESIAN_POINT('',(2.182877902471,-34.82837295475));
#3449 = CARTESIAN_POINT('',(2.203275336403,-34.9441461558));
#3450 = CARTESIAN_POINT('',(2.224661100927,-35.05730710337));
#3451 = CARTESIAN_POINT('',(2.247018303135,-35.16755079788));
#3452 = CARTESIAN_POINT('',(2.270329289198,-35.27461099285));
#3453 = CARTESIAN_POINT('',(2.294576617116,-35.37825657872));
#3454 = CARTESIAN_POINT('',(2.338883420582,-35.55436014407));
#3455 = CARTESIAN_POINT('',(2.358541271871,-35.62828799517));
#3456 = CARTESIAN_POINT('',(2.378691209223,-35.69991783359));
#3457 = CARTESIAN_POINT('',(2.399304986774,-35.76912045596));
#3458 = CARTESIAN_POINT('',(2.420352741156,-35.83579000865));
#3459 = CARTESIAN_POINT('',(2.441803245763,-35.89984285465));
#3460 = CARTESIAN_POINT('',(2.463624165015,-35.96121644039));
#3461 = CARTESIAN_POINT('',(2.506980587711,-36.07597916174));
#3462 = CARTESIAN_POINT('',(2.528476519478,-36.12956981316));
#3463 = CARTESIAN_POINT('',(2.550244065326,-36.18061672667));
#3464 = CARTESIAN_POINT('',(2.572256174495,-36.22910855158));
#3465 = CARTESIAN_POINT('',(2.594484644539,-36.27504498843));
#3466 = CARTESIAN_POINT('',(2.616899981811,-36.31843580076));
#3467 = CARTESIAN_POINT('',(2.63947126195,-36.35929982683));
#3468 = CARTESIAN_POINT('',(2.675334018317,-36.41992380354));
#3469 = CARTESIAN_POINT('',(2.688545706256,-36.44134556204));
#3470 = CARTESIAN_POINT('',(2.701797443197,-36.46193868275));
#3471 = CARTESIAN_POINT('',(2.715085549141,-36.48171265509));
#3472 = CARTESIAN_POINT('',(2.728406275075,-36.50067704195));
#3473 = CARTESIAN_POINT('',(2.74175580297,-36.51884147974));
#3474 = CARTESIAN_POINT('',(2.755130245779,-36.53621567837));
#3475 = CARTESIAN_POINT('',(2.814808028218,-36.61014237382));
#3476 = CARTESIAN_POINT('',(2.861272092258,-36.65807364377));
#3477 = CARTESIAN_POINT('',(2.907872770263,-36.69720114028));
#3478 = CARTESIAN_POINT('',(2.954569893638,-36.7280035486));
#3479 = CARTESIAN_POINT('',(3.001326306542,-36.7508433466));
#3480 = CARTESIAN_POINT('',(3.0481062417,-36.76596934474));
#3481 = CARTESIAN_POINT('',(3.094873959956,-36.77351874937));
#3482 = CARTESIAN_POINT('',(3.14159265359,-36.77351874937));
#3483 = ( GEOMETRIC_REPRESENTATION_CONTEXT(2) 
PARAMETRIC_REPRESENTATION_CONTEXT() REPRESENTATION_CONTEXT('2D SPACE',''
  ) );
#3484 = ORIENTED_EDGE('',*,*,#3485,.F.);
#3485 = EDGE_CURVE('',#3486,#3335,#3488,.T.);
#3486 = VERTEX_POINT('',#3487);
#3487 = CARTESIAN_POINT('',(-3.8,53.5,153.77351874937));
#3488 = SURFACE_CURVE('',#3489,(#3493,#3499),.PCURVE_S1.);
#3489 = LINE('',#3490,#3491);
#3490 = CARTESIAN_POINT('',(-3.8,62.,153.77351874937));
#3491 = VECTOR('',#3492,1.);
#3492 = DIRECTION('',(0.,1.,-0.));
#3493 = PCURVE('',#1201,#3494);
#3494 = DEFINITIONAL_REPRESENTATION('',(#3495),#3498);
#3495 = B_SPLINE_CURVE_WITH_KNOTS('',1,(#3496,#3497),.UNSPECIFIED.,.F.,
  .F.,(2,2),(-8.8,-5.2),.PIECEWISE_BEZIER_KNOTS.);
#3496 = CARTESIAN_POINT('',(0.946390416821,-8.8));
#3497 = CARTESIAN_POINT('',(0.946390416821,-5.2));
#3498 = ( GEOMETRIC_REPRESENTATION_CONTEXT(2) 
PARAMETRIC_REPRESENTATION_CONTEXT() REPRESENTATION_CONTEXT('2D SPACE',''
  ) );
#3499 = PCURVE('',#3500,#3505);
#3500 = PLANE('',#3501);
#3501 = AXIS2_PLACEMENT_3D('',#3502,#3503,#3504);
#3502 = CARTESIAN_POINT('',(-3.8,56.5,117.));
#3503 = DIRECTION('',(1.,-1.110223024625E-16,0.));
#3504 = DIRECTION('',(-1.110223024625E-16,-1.,0.));
#3505 = DEFINITIONAL_REPRESENTATION('',(#3506),#3509);
#3506 = B_SPLINE_CURVE_WITH_KNOTS('',1,(#3507,#3508),.UNSPECIFIED.,.F.,
  .F.,(2,2),(-8.8,-5.2),.PIECEWISE_BEZIER_KNOTS.);
#3507 = CARTESIAN_POINT('',(3.3,-36.77351874937));
#3508 = CARTESIAN_POINT('',(-0.3,-36.77351874937));
#3509 = ( GEOMETRIC_REPRESENTATION_CONTEXT(2) 
PARAMETRIC_REPRESENTATION_CONTEXT() REPRESENTATION_CONTEXT('2D SPACE',''
  ) );
#3510 = ORIENTED_EDGE('',*,*,#3511,.T.);
#3511 = EDGE_CURVE('',#3486,#3237,#3512,.T.);
#3512 = SURFACE_CURVE('',#3513,(#3558,#3606),.PCURVE_S1.);
#3513 = B_SPLINE_CURVE_WITH_KNOTS('',8,(#3514,#3515,#3516,#3517,#3518,
    #3519,#3520,#3521,#3522,#3523,#3524,#3525,#3526,#3527,#3528,#3529,
    #3530,#3531,#3532,#3533,#3534,#3535,#3536,#3537,#3538,#3539,#3540,
    #3541,#3542,#3543,#3544,#3545,#3546,#3547,#3548,#3549,#3550,#3551,
    #3552,#3553,#3554,#3555,#3556,#3557),.UNSPECIFIED.,.F.,.F.,(9,7,7,7,
    7,7,9),(0.,0.198546040016,0.255915900185,0.356527332212,
    0.460856131033,0.595069400536,1.),.UNSPECIFIED.);
#3514 = CARTESIAN_POINT('',(-3.8,53.5,153.77351874937));
#3515 = CARTESIAN_POINT('',(-3.8,53.304361693738,153.77351874937));
#3516 = CARTESIAN_POINT('',(-3.810415003796,53.10851858786,
    153.76601403216));
#3517 = CARTESIAN_POINT('',(-3.831282496838,52.913271055175,
    153.75097730367));
#3518 = CARTESIAN_POINT('',(-3.862547194715,52.719419902362,
    153.72827314956));
#3519 = CARTESIAN_POINT('',(-3.904061120572,52.527757099865,
    153.69765575265));
#3520 = CARTESIAN_POINT('',(-3.95558368251,52.339056511779,
    153.65876661036));
#3521 = CARTESIAN_POINT('',(-4.016781751004,52.154064625746,
    153.61113225205));
#3522 = CARTESIAN_POINT('',(-4.107585675238,51.921314631872,
    153.5377003948));
#3523 = CARTESIAN_POINT('',(-4.128705439726,51.869528730649,
    153.52046625435));
#3524 = CARTESIAN_POINT('',(-4.150573104378,51.818161342474,
    153.50244986826));
#3525 = CARTESIAN_POINT('',(-4.173171516303,51.76723903686,
    153.48364163384));
#3526 = CARTESIAN_POINT('',(-4.196482295112,51.716787189541,
    153.46403201256));
#3527 = CARTESIAN_POINT('',(-4.220485832919,51.666829982469,
    153.44361153007));
#3528 = CARTESIAN_POINT('',(-4.245161294339,51.617390403814,
    153.42237077618));
#3529 = CARTESIAN_POINT('',(-4.31490047632,51.482732418121,
    153.36159486069));
#3530 = CARTESIAN_POINT('',(-4.36132636056,51.398608270243,
    153.32032644313));
#3531 = CARTESIAN_POINT('',(-4.409620207223,51.316291016213,
    153.27646679193));
#3532 = CARTESIAN_POINT('',(-4.459622224033,51.235933113187,
    153.22999599798));
#3533 = CARTESIAN_POINT('',(-4.511159658393,51.157666541708,
    153.18090365367));
#3534 = CARTESIAN_POINT('',(-4.564049567354,51.081603083808,
    153.1291899032));
#3535 = CARTESIAN_POINT('',(-4.618101587588,51.007834601116,
    153.0748664928));
#3536 = CARTESIAN_POINT('',(-4.730172656141,50.862393907342,
    152.95894650158));
#3537 = CARTESIAN_POINT('',(-4.788232216864,50.790941621864,
    152.89718882239));
#3538 = CARTESIAN_POINT('',(-4.847069151609,50.722166583067,
    152.83272821588));
#3539 = CARTESIAN_POINT('',(-4.906445340696,50.656135630961,
    152.76562846064));
#3540 = CARTESIAN_POINT('',(-4.966118734766,50.59289316129,
    152.69597483058));
#3541 = CARTESIAN_POINT('',(-5.025847308871,50.532461967794,
    152.62387524391));
#3542 = CARTESIAN_POINT('',(-5.08539301656,50.474844084467,
    152.54946141225));
#3543 = CARTESIAN_POINT('',(-5.22059674995,50.349495548417,
    152.37438506004));
#3544 = CARTESIAN_POINT('',(-5.295917918593,50.283657350335,
    152.27239499729));
#3545 = CARTESIAN_POINT('',(-5.370119680122,50.2223467855,
    152.16711070838));
#3546 = CARTESIAN_POINT('',(-5.442853411335,50.165389160435,
    152.05875272326));
#3547 = CARTESIAN_POINT('',(-5.513794200678,50.112598291608,
    151.94757455988));
#3548 = CARTESIAN_POINT('',(-5.582643613316,50.063779460768,
    151.83386608941));
#3549 = CARTESIAN_POINT('',(-5.649132456216,50.018732370298,
    151.71795690136));
#3550 = CARTESIAN_POINT('',(-5.905787315812,49.852111320176,
    151.24499839777));
#3551 = CARTESIAN_POINT('',(-6.074501613696,49.759716764349,
    150.87388155392));
#3552 = CARTESIAN_POINT('',(-6.216286397756,49.692025313807,
    150.49087431794));
#3553 = CARTESIAN_POINT('',(-6.329991242736,49.643300037149,
    150.09936753276));
#3554 = CARTESIAN_POINT('',(-6.415160581344,49.60942914093,
    149.70225042792));
#3555 = CARTESIAN_POINT('',(-6.471788423126,49.587778125677,
    149.30196108219));
#3556 = CARTESIAN_POINT('',(-6.5,49.576990950813,148.90056706642));
#3557 = CARTESIAN_POINT('',(-6.5,49.576990950813,148.5));
#3558 = PCURVE('',#1201,#3559);
#3559 = DEFINITIONAL_REPRESENTATION('',(#3560),#3605);
#3560 = B_SPLINE_CURVE_WITH_KNOTS('',8,(#3561,#3562,#3563,#3564,#3565,
    #3566,#3567,#3568,#3569,#3570,#3571,#3572,#3573,#3574,#3575,#3576,
    #3577,#3578,#3579,#3580,#3581,#3582,#3583,#3584,#3585,#3586,#3587,
    #3588,#3589,#3590,#3591,#3592,#3593,#3594,#3595,#3596,#3597,#3598,
    #3599,#3600,#3601,#3602,#3603,#3604),.UNSPECIFIED.,.F.,.F.,(9,7,7,7,
    7,7,9),(0.,0.198546040016,0.255915900185,0.356527332212,
    0.460856131033,0.595069400536,1.),.UNSPECIFIED.);
#3561 = CARTESIAN_POINT('',(0.946390416821,-8.5));
#3562 = CARTESIAN_POINT('',(0.946390416821,-8.695638306262));
#3563 = CARTESIAN_POINT('',(0.944415706538,-8.89148141214));
#3564 = CARTESIAN_POINT('',(0.940458386715,-9.086728944825));
#3565 = CARTESIAN_POINT('',(0.934513765583,-9.280580097638));
#3566 = CARTESIAN_POINT('',(0.926578587019,-9.472242900135));
#3567 = CARTESIAN_POINT('',(0.91664925872,-9.660943488221));
#3568 = CARTESIAN_POINT('',(0.904720080361,-9.845935374254));
#3569 = CARTESIAN_POINT('',(0.88675391208,-10.07868536812));
#3570 = CARTESIAN_POINT('',(0.882560235202,-10.13047126935));
#3571 = CARTESIAN_POINT('',(0.878201323178,-10.18183865752));
#3572 = CARTESIAN_POINT('',(0.873678164935,-10.23276096314));
#3573 = CARTESIAN_POINT('',(0.868991856281,-10.28321281045));
#3574 = CARTESIAN_POINT('',(0.864143599902,-10.33317001753));
#3575 = CARTESIAN_POINT('',(0.859134705364,-10.38260959618));
#3576 = CARTESIAN_POINT('',(0.844903091745,-10.51726758187));
#3577 = CARTESIAN_POINT('',(0.835347177697,-10.60139172975));
#3578 = CARTESIAN_POINT('',(0.82531158209,-10.68370898378));
#3579 = CARTESIAN_POINT('',(0.814811153613,-10.76406688681));
#3580 = CARTESIAN_POINT('',(0.803862601053,-10.84233345829));
#3581 = CARTESIAN_POINT('',(0.792484239817,-10.91839691619));
#3582 = CARTESIAN_POINT('',(0.780695738456,-10.99216539888));
#3583 = CARTESIAN_POINT('',(0.755890046816,-11.13760609265));
#3584 = CARTESIAN_POINT('',(0.742850696658,-11.20905837813));
#3585 = CARTESIAN_POINT('',(0.729426232032,-11.27783341693));
#3586 = CARTESIAN_POINT('',(0.715645213374,-11.34386436903));
#3587 = CARTESIAN_POINT('',(0.70153819308,-11.40710683871));
#3588 = CARTESIAN_POINT('',(0.687137564349,-11.4675380322));
#3589 = CARTESIAN_POINT('',(0.672477410022,-11.52515591553));
#3590 = CARTESIAN_POINT('',(0.638445827536,-11.65050445158));
#3591 = CARTESIAN_POINT('',(0.618944415563,-11.71634264966));
#3592 = CARTESIAN_POINT('',(0.599136523795,-11.7776532145));
#3593 = CARTESIAN_POINT('',(0.579069346803,-11.83461083956));
#3594 = CARTESIAN_POINT('',(0.558790667694,-11.88740170839));
#3595 = CARTESIAN_POINT('',(0.53834966036,-11.93622053923));
#3596 = CARTESIAN_POINT('',(0.517797691726,-11.9812676297));
#3597 = CARTESIAN_POINT('',(0.435011667826,-12.14788867982));
#3598 = CARTESIAN_POINT('',(0.37244954095,-12.24028323565));
#3599 = CARTESIAN_POINT('',(0.309889205131,-12.30797468619));
#3600 = CARTESIAN_POINT('',(0.247488889573,-12.35669996285));
#3601 = CARTESIAN_POINT('',(0.185318371264,-12.39057085907));
#3602 = CARTESIAN_POINT('',(0.12337859913,-12.41222187432));
#3603 = CARTESIAN_POINT('',(6.16257025264E-02,-12.42300904918));
#3604 = CARTESIAN_POINT('',(0.,-12.42300904918));
#3605 = ( GEOMETRIC_REPRESENTATION_CONTEXT(2) 
PARAMETRIC_REPRESENTATION_CONTEXT() REPRESENTATION_CONTEXT('2D SPACE',''
  ) );
#3606 = PCURVE('',#3253,#3607);
#3607 = DEFINITIONAL_REPRESENTATION('',(#3608),#3653);
#3608 = B_SPLINE_CURVE_WITH_KNOTS('',8,(#3609,#3610,#3611,#3612,#3613,
    #3614,#3615,#3616,#3617,#3618,#3619,#3620,#3621,#3622,#3623,#3624,
    #3625,#3626,#3627,#3628,#3629,#3630,#3631,#3632,#3633,#3634,#3635,
    #3636,#3637,#3638,#3639,#3640,#3641,#3642,#3643,#3644,#3645,#3646,
    #3647,#3648,#3649,#3650,#3651,#3652),.UNSPECIFIED.,.F.,.F.,(9,7,7,7,
    7,7,9),(0.,0.198546040016,0.255915900185,0.356527332212,
    0.460856131033,0.595069400536,1.),.UNSPECIFIED.);
#3609 = CARTESIAN_POINT('',(0.,-36.77351874937));
#3610 = CARTESIAN_POINT('',(4.658054911007E-02,-36.77351874937));
#3611 = CARTESIAN_POINT('',(9.320989835736E-02,-36.76601403216));
#3612 = CARTESIAN_POINT('',(0.139851382791,-36.75097730367));
#3613 = CARTESIAN_POINT('',(0.186469738532,-36.72827314956));
#3614 = CARTESIAN_POINT('',(0.233029631906,-36.69765575265));
#3615 = CARTESIAN_POINT('',(0.279494188571,-36.65876661036));
#3616 = CARTESIAN_POINT('',(0.32582352265,-36.61113225205));
#3617 = CARTESIAN_POINT('',(0.385308229951,-36.5377003948));
#3618 = CARTESIAN_POINT('',(0.398622598397,-36.52046625435));
#3619 = CARTESIAN_POINT('',(0.411912491764,-36.50244986826));
#3620 = CARTESIAN_POINT('',(0.425174097632,-36.48364163384));
#3621 = CARTESIAN_POINT('',(0.438403670593,-36.46403201256));
#3622 = CARTESIAN_POINT('',(0.451597532251,-36.44361153007));
#3623 = CARTESIAN_POINT('',(0.464752071219,-36.42237077618));
#3624 = CARTESIAN_POINT('',(0.500858118268,-36.36159486069));
#3625 = CARTESIAN_POINT('',(0.523727374486,-36.32032644313));
#3626 = CARTESIAN_POINT('',(0.546437735408,-36.27646679193));
#3627 = CARTESIAN_POINT('',(0.568957079088,-36.22999599798));
#3628 = CARTESIAN_POINT('',(0.591254789366,-36.18090365367));
#3629 = CARTESIAN_POINT('',(0.613301607222,-36.1291899032));
#3630 = CARTESIAN_POINT('',(0.635069482134,-36.0748664928));
#3631 = CARTESIAN_POINT('',(0.678786335345,-35.95894650158));
#3632 = CARTESIAN_POINT('',(0.70069971224,-35.89718882239));
#3633 = CARTESIAN_POINT('',(0.72223802348,-35.83272821588));
#3634 = CARTESIAN_POINT('',(0.743368588582,-35.76562846064));
#3635 = CARTESIAN_POINT('',(0.764059842748,-35.69597483058));
#3636 = CARTESIAN_POINT('',(0.784281602389,-35.62387524391));
#3637 = CARTESIAN_POINT('',(0.804005330651,-35.54946141225));
#3638 = CARTESIAN_POINT('',(0.847902954936,-35.37438506004));
#3639 = CARTESIAN_POINT('',(0.871711709339,-35.27239499729));
#3640 = CARTESIAN_POINT('',(0.894615113192,-35.16711070838));
#3641 = CARTESIAN_POINT('',(0.916596529639,-35.05875272326));
#3642 = CARTESIAN_POINT('',(0.937639132451,-34.94757455988));
#3643 = CARTESIAN_POINT('',(0.957726800558,-34.83386608941));
#3644 = CARTESIAN_POINT('',(0.976845012582,-34.71795690136));
#3645 = CARTESIAN_POINT('',(1.049701490675,-34.24499839777));
#3646 = CARTESIAN_POINT('',(1.095372872759,-33.87388155392));
#3647 = CARTESIAN_POINT('',(1.13271274902,-33.49087431794));
#3648 = CARTESIAN_POINT('',(1.162141038713,-33.09936753276));
#3649 = CARTESIAN_POINT('',(1.183963426607,-32.70225042792));
#3650 = CARTESIAN_POINT('',(1.198397701291,-32.30196108219));
#3651 = CARTESIAN_POINT('',(1.205589105505,-31.90056706642));
#3652 = CARTESIAN_POINT('',(1.205589105505,-31.5));
#3653 = ( GEOMETRIC_REPRESENTATION_CONTEXT(2) 
PARAMETRIC_REPRESENTATION_CONTEXT() REPRESENTATION_CONTEXT('2D SPACE',''
  ) );
#3654 = ORIENTED_EDGE('',*,*,#3286,.T.);
#3655 = ORIENTED_EDGE('',*,*,#1180,.T.);
#3656 = ORIENTED_EDGE('',*,*,#3657,.F.);
#3657 = EDGE_CURVE('',#3658,#1181,#3660,.T.);
#3658 = VERTEX_POINT('',#3659);
#3659 = CARTESIAN_POINT('',(6.5,49.576990950813,148.5));
#3660 = SURFACE_CURVE('',#3661,(#3665,#3672),.PCURVE_S1.);
#3661 = LINE('',#3662,#3663);
#3662 = CARTESIAN_POINT('',(6.5,62.,148.5));
#3663 = VECTOR('',#3664,1.);
#3664 = DIRECTION('',(0.,-1.,0.));
#3665 = PCURVE('',#1201,#3666);
#3666 = DEFINITIONAL_REPRESENTATION('',(#3667),#3671);
#3667 = LINE('',#3668,#3669);
#3668 = CARTESIAN_POINT('',(3.14159265359,0.));
#3669 = VECTOR('',#3670,1.);
#3670 = DIRECTION('',(0.,-1.));
#3671 = ( GEOMETRIC_REPRESENTATION_CONTEXT(2) 
PARAMETRIC_REPRESENTATION_CONTEXT() REPRESENTATION_CONTEXT('2D SPACE',''
  ) );
#3672 = PCURVE('',#1228,#3673);
#3673 = DEFINITIONAL_REPRESENTATION('',(#3674),#3678);
#3674 = LINE('',#3675,#3676);
#3675 = CARTESIAN_POINT('',(-0.,0.));
#3676 = VECTOR('',#3677,1.);
#3677 = DIRECTION('',(0.,-1.));
#3678 = ( GEOMETRIC_REPRESENTATION_CONTEXT(2) 
PARAMETRIC_REPRESENTATION_CONTEXT() REPRESENTATION_CONTEXT('2D SPACE',''
  ) );
#3679 = ORIENTED_EDGE('',*,*,#3680,.T.);
#3680 = EDGE_CURVE('',#3658,#3681,#3683,.T.);
#3681 = VERTEX_POINT('',#3682);
#3682 = CARTESIAN_POINT('',(3.8,53.5,153.77351874937));
#3683 = SURFACE_CURVE('',#3684,(#3729,#3777),.PCURVE_S1.);
#3684 = B_SPLINE_CURVE_WITH_KNOTS('',8,(#3685,#3686,#3687,#3688,#3689,
    #3690,#3691,#3692,#3693,#3694,#3695,#3696,#3697,#3698,#3699,#3700,
    #3701,#3702,#3703,#3704,#3705,#3706,#3707,#3708,#3709,#3710,#3711,
    #3712,#3713,#3714,#3715,#3716,#3717,#3718,#3719,#3720,#3721,#3722,
    #3723,#3724,#3725,#3726,#3727,#3728),.UNSPECIFIED.,.F.,.F.,(9,7,7,7,
    7,7,9),(0.,0.40352818756,0.540061856022,0.643893403179,
    0.743227090824,0.800862885338,1.),.UNSPECIFIED.);
#3685 = CARTESIAN_POINT('',(6.5,49.576990950813,148.5));
#3686 = CARTESIAN_POINT('',(6.5,49.576990950813,148.89920368021));
#3687 = CARTESIAN_POINT('',(6.471980136438,49.587704810269,
    149.2992129756));
#3688 = CARTESIAN_POINT('',(6.415741685949,49.609206994873,
    149.69812246807));
#3689 = CARTESIAN_POINT('',(6.331161689537,49.642834771494,
    150.09389130072));
#3690 = CARTESIAN_POINT('',(6.218245104832,49.691186680656,
    150.48411444776));
#3691 = CARTESIAN_POINT('',(6.07743567695,49.758317077775,
    150.86594226879));
#3692 = CARTESIAN_POINT('',(5.90985793258,49.849883664628,
    151.23602981862));
#3693 = CARTESIAN_POINT('',(5.653523498525,50.015748867511,
    151.71033486605));
#3694 = CARTESIAN_POINT('',(5.586017626591,50.061360462396,
    151.82837295666));
#3695 = CARTESIAN_POINT('',(5.516057711099,50.110864859329,
    151.94414615902));
#3696 = CARTESIAN_POINT('',(5.443925744605,50.164473193812,
    152.05730710338));
#3697 = CARTESIAN_POINT('',(5.369935098021,50.222390737749,
    152.16755079468));
#3698 = CARTESIAN_POINT('',(5.294427527187,50.284813683133,
    152.27461099095));
#3699 = CARTESIAN_POINT('',(5.217770179446,50.351925925741,
    152.37825658176));
#3700 = CARTESIAN_POINT('',(5.081477839736,50.478627758874,
    152.55436014407));
#3701 = CARTESIAN_POINT('',(5.022205469778,50.53612989936,
    152.62828799517));
#3702 = CARTESIAN_POINT('',(4.962762836569,50.596418978067,
    152.69991783359));
#3703 = CARTESIAN_POINT('',(4.903384952122,50.659492078875,
    152.76912045596));
#3704 = CARTESIAN_POINT('',(4.844310629824,50.725325829191,
    152.83579000865));
#3705 = CARTESIAN_POINT('',(4.785778620028,50.79387556738,
    152.89984285465));
#3706 = CARTESIAN_POINT('',(4.728023745636,50.865074510203,
    152.96121644039));
#3707 = CARTESIAN_POINT('',(4.61698070313,51.009396203421,
    153.07597916174));
#3708 = CARTESIAN_POINT('',(4.56363558889,51.082265501028,
    153.12956981316));
#3709 = CARTESIAN_POINT('',(4.511425412696,51.157370801934,
    153.18061672667));
#3710 = CARTESIAN_POINT('',(4.460533421237,51.234623399685,
    153.22910855158));
#3711 = CARTESIAN_POINT('',(4.411135786871,51.313915631509,
    153.27504498843));
#3712 = CARTESIAN_POINT('',(4.363399004331,51.395120617317,
    153.31843580076));
#3713 = CARTESIAN_POINT('',(4.317477287429,51.478091998703,
    153.35929982683));
#3714 = CARTESIAN_POINT('',(4.247999068331,51.611734200173,
    153.4199238023));
#3715 = CARTESIAN_POINT('',(4.22314195362,51.661351400051,
    153.44134556145));
#3716 = CARTESIAN_POINT('',(4.198961133525,51.711493197012,
    153.46193868322));
#3717 = CARTESIAN_POINT('',(4.175477867251,51.762136286543,
    153.48171265609));
#3718 = CARTESIAN_POINT('',(4.152712161318,51.813256140193,
    153.50067704263));
#3719 = CARTESIAN_POINT('',(4.130682769556,51.864827005572,
    153.51884147949));
#3720 = CARTESIAN_POINT('',(4.109407193106,51.916821906352,
    153.53621567743));
#3721 = CARTESIAN_POINT('',(4.018053197029,52.150227583986,
    153.61014237383));
#3722 = CARTESIAN_POINT('',(3.956501237846,52.33570062591,
    153.65807364377));
#3723 = CARTESIAN_POINT('',(3.904677551578,52.524915911876,
    153.69720114027));
#3724 = CARTESIAN_POINT('',(3.862918876844,52.717120598898,
    153.72800354859));
#3725 = CARTESIAN_POINT('',(3.831468480948,52.911534020373,
    153.7508433466));
#3726 = CARTESIAN_POINT('',(3.810476631376,53.107357024335,
    153.76596934475));
#3727 = CARTESIAN_POINT('',(3.8,53.303781486775,153.77351874937));
#3728 = CARTESIAN_POINT('',(3.8,53.5,153.77351874937));
#3729 = PCURVE('',#1201,#3730);
#3730 = DEFINITIONAL_REPRESENTATION('',(#3731),#3776);
#3731 = B_SPLINE_CURVE_WITH_KNOTS('',8,(#3732,#3733,#3734,#3735,#3736,
    #3737,#3738,#3739,#3740,#3741,#3742,#3743,#3744,#3745,#3746,#3747,
    #3748,#3749,#3750,#3751,#3752,#3753,#3754,#3755,#3756,#3757,#3758,
    #3759,#3760,#3761,#3762,#3763,#3764,#3765,#3766,#3767,#3768,#3769,
    #3770,#3771,#3772,#3773,#3774,#3775),.UNSPECIFIED.,.F.,.F.,(9,7,7,7,
    7,7,9),(0.,0.40352818756,0.540061856022,0.643893403179,
    0.743227090824,0.800862885338,1.),.UNSPECIFIED.);
#3732 = CARTESIAN_POINT('',(3.14159265359,-12.42300904918));
#3733 = CARTESIAN_POINT('',(3.080176702787,-12.42300904918));
#3734 = CARTESIAN_POINT('',(3.018636838601,-12.41229518973));
#3735 = CARTESIAN_POINT('',(2.956912987838,-12.39079300512));
#3736 = CARTESIAN_POINT('',(2.894960965896,-12.3571652285));
#3737 = CARTESIAN_POINT('',(2.832780675877,-12.30881331934));
#3738 = CARTESIAN_POINT('',(2.770439660644,-12.24168292222));
#3739 = CARTESIAN_POINT('',(2.708092497952,-12.15011633537));
#3740 = CARTESIAN_POINT('',(2.625147785475,-11.98425113248));
#3741 = CARTESIAN_POINT('',(2.604234154959,-11.9386395376));
#3742 = CARTESIAN_POINT('',(2.583433436537,-11.88913514067));
#3743 = CARTESIAN_POINT('',(2.56279961943,-11.83552680618));
#3744 = CARTESIAN_POINT('',(2.542384356834,-11.77760926225));
#3745 = CARTESIAN_POINT('',(2.522237833661,-11.71518631686));
#3746 = CARTESIAN_POINT('',(2.502409634291,-11.64807407425));
#3747 = CARTESIAN_POINT('',(2.46815059099,-11.52137224112));
#3748 = CARTESIAN_POINT('',(2.453575042699,-11.46387010064));
#3749 = CARTESIAN_POINT('',(2.439258066997,-11.40358102193));
#3750 = CARTESIAN_POINT('',(2.425233249108,-11.34050792112));
#3751 = CARTESIAN_POINT('',(2.411532510162,-11.2746741708));
#3752 = CARTESIAN_POINT('',(2.398185959441,-11.20612443262));
#3753 = CARTESIAN_POINT('',(2.385221746627,-11.13492548979));
#3754 = CARTESIAN_POINT('',(2.360653985243,-10.99060379657));
#3755 = CARTESIAN_POINT('',(2.349022055041,-10.91773449897));
#3756 = CARTESIAN_POINT('',(2.337790120231,-10.84262919806));
#3757 = CARTESIAN_POINT('',(2.32697712421,-10.76537660031));
#3758 = CARTESIAN_POINT('',(2.31660071904,-10.68608436849));
#3759 = CARTESIAN_POINT('',(2.306677027519,-10.60487938268));
#3760 = CARTESIAN_POINT('',(2.297220405249,-10.52190800129));
#3761 = CARTESIAN_POINT('',(2.283034413883,-10.38826579982));
#3762 = CARTESIAN_POINT('',(2.277986173201,-10.33864859994));
#3763 = CARTESIAN_POINT('',(2.273099935482,-10.28850680298));
#3764 = CARTESIAN_POINT('',(2.268377045853,-10.23786371345));
#3765 = CARTESIAN_POINT('',(2.26381873975,-10.1867438598));
#3766 = CARTESIAN_POINT('',(2.259426142911,-10.13517299442));
#3767 = CARTESIAN_POINT('',(2.255200271379,-10.08317809364));
#3768 = CARTESIAN_POINT('',(2.237120429362,-9.849772416014));
#3769 = CARTESIAN_POINT('',(2.22512050847,-9.66429937409));
#3770 = CARTESIAN_POINT('',(2.215131848052,-9.475084088124));
#3771 = CARTESIAN_POINT('',(2.207149256946,-9.282879401102));
#3772 = CARTESIAN_POINT('',(2.201169480064,-9.088465979627));
#3773 = CARTESIAN_POINT('',(2.197188900423,-8.892642975665));
#3774 = CARTESIAN_POINT('',(2.195202236769,-8.696218513225));
#3775 = CARTESIAN_POINT('',(2.195202236769,-8.5));
#3776 = ( GEOMETRIC_REPRESENTATION_CONTEXT(2) 
PARAMETRIC_REPRESENTATION_CONTEXT() REPRESENTATION_CONTEXT('2D SPACE',''
  ) );
#3777 = PCURVE('',#3778,#3783);
#3778 = CYLINDRICAL_SURFACE('',#3779,4.2);
#3779 = AXIS2_PLACEMENT_3D('',#3780,#3781,#3782);
#3780 = CARTESIAN_POINT('',(8.,53.5,117.));
#3781 = DIRECTION('',(-0.,0.,-1.));
#3782 = DIRECTION('',(1.,-2.167578286173E-16,-0.));
#3783 = DEFINITIONAL_REPRESENTATION('',(#3784),#3829);
#3784 = B_SPLINE_CURVE_WITH_KNOTS('',8,(#3785,#3786,#3787,#3788,#3789,
    #3790,#3791,#3792,#3793,#3794,#3795,#3796,#3797,#3798,#3799,#3800,
    #3801,#3802,#3803,#3804,#3805,#3806,#3807,#3808,#3809,#3810,#3811,
    #3812,#3813,#3814,#3815,#3816,#3817,#3818,#3819,#3820,#3821,#3822,
    #3823,#3824,#3825,#3826,#3827,#3828),.UNSPECIFIED.,.F.,.F.,(9,7,7,7,
    7,7,9),(0.,0.40352818756,0.540061856022,0.643893403179,
    0.743227090824,0.800862885338,1.),.UNSPECIFIED.);
#3785 = CARTESIAN_POINT('',(1.936003548085,-31.5));
#3786 = CARTESIAN_POINT('',(1.936003548085,-31.89920368021));
#3787 = CARTESIAN_POINT('',(1.943146078115,-32.2992129756));
#3788 = CARTESIAN_POINT('',(1.957481118831,-32.69812246806));
#3789 = CARTESIAN_POINT('',(1.979151722126,-33.09389130072));
#3790 = CARTESIAN_POINT('',(2.008373036414,-33.48411444776));
#3791 = CARTESIAN_POINT('',(2.04544719262,-33.86594226879));
#3792 = CARTESIAN_POINT('',(2.090789380636,-34.23602981862));
#3793 = CARTESIAN_POINT('',(2.163483957911,-34.71033486605));
#3794 = CARTESIAN_POINT('',(2.182877902915,-34.82837295666));
#3795 = CARTESIAN_POINT('',(2.203275336979,-34.94414615902));
#3796 = CARTESIAN_POINT('',(2.224661100802,-35.05730710338));
#3797 = CARTESIAN_POINT('',(2.247018302422,-35.16755079468));
#3798 = CARTESIAN_POINT('',(2.270329288881,-35.27461099095));
#3799 = CARTESIAN_POINT('',(2.294576617883,-35.37825658176));
#3800 = CARTESIAN_POINT('',(2.338883420582,-35.55436014407));
#3801 = CARTESIAN_POINT('',(2.358541271871,-35.62828799517));
#3802 = CARTESIAN_POINT('',(2.378691209223,-35.69991783359));
#3803 = CARTESIAN_POINT('',(2.399304986774,-35.76912045596));
#3804 = CARTESIAN_POINT('',(2.420352741156,-35.83579000865));
#3805 = CARTESIAN_POINT('',(2.441803245763,-35.89984285465));
#3806 = CARTESIAN_POINT('',(2.463624165015,-35.96121644039));
#3807 = CARTESIAN_POINT('',(2.506980587711,-36.07597916174));
#3808 = CARTESIAN_POINT('',(2.528476519478,-36.12956981316));
#3809 = CARTESIAN_POINT('',(2.550244065326,-36.18061672667));
#3810 = CARTESIAN_POINT('',(2.572256174495,-36.22910855158));
#3811 = CARTESIAN_POINT('',(2.594484644539,-36.27504498843));
#3812 = CARTESIAN_POINT('',(2.616899981811,-36.31843580076));
#3813 = CARTESIAN_POINT('',(2.63947126195,-36.35929982683));
#3814 = CARTESIAN_POINT('',(2.675334017584,-36.4199238023));
#3815 = CARTESIAN_POINT('',(2.68854570599,-36.44134556145));
#3816 = CARTESIAN_POINT('',(2.701797443602,-36.46193868322));
#3817 = CARTESIAN_POINT('',(2.715085549829,-36.48171265609));
#3818 = CARTESIAN_POINT('',(2.728406275459,-36.50067704263));
#3819 = CARTESIAN_POINT('',(2.741755802669,-36.51884147949));
#3820 = CARTESIAN_POINT('',(2.755130245016,-36.53621567743));
#3821 = CARTESIAN_POINT('',(2.814808028227,-36.61014237383));
#3822 = CARTESIAN_POINT('',(2.861272092262,-36.65807364377));
#3823 = CARTESIAN_POINT('',(2.907872770259,-36.69720114027));
#3824 = CARTESIAN_POINT('',(2.95456989363,-36.72800354859));
#3825 = CARTESIAN_POINT('',(3.001326306537,-36.7508433466));
#3826 = CARTESIAN_POINT('',(3.048106241703,-36.76596934475));
#3827 = CARTESIAN_POINT('',(3.094873959965,-36.77351874937));
#3828 = CARTESIAN_POINT('',(3.14159265359,-36.77351874937));
#3829 = ( GEOMETRIC_REPRESENTATION_CONTEXT(2) 
PARAMETRIC_REPRESENTATION_CONTEXT() REPRESENTATION_CONTEXT('2D SPACE',''
  ) );
#3830 = ORIENTED_EDGE('',*,*,#3831,.T.);
#3831 = EDGE_CURVE('',#3681,#3832,#3834,.T.);
#3832 = VERTEX_POINT('',#3833);
#3833 = CARTESIAN_POINT('',(3.8,56.5,153.77351874937));
#3834 = SURFACE_CURVE('',#3835,(#3839,#3845),.PCURVE_S1.);
#3835 = LINE('',#3836,#3837);
#3836 = CARTESIAN_POINT('',(3.8,62.,153.77351874937));
#3837 = VECTOR('',#3838,1.);
#3838 = DIRECTION('',(0.,1.,-0.));
#3839 = PCURVE('',#1201,#3840);
#3840 = DEFINITIONAL_REPRESENTATION('',(#3841),#3844);
#3841 = B_SPLINE_CURVE_WITH_KNOTS('',1,(#3842,#3843),.UNSPECIFIED.,.F.,
  .F.,(2,2),(-8.8,-5.2),.PIECEWISE_BEZIER_KNOTS.);
#3842 = CARTESIAN_POINT('',(2.195202236769,-8.8));
#3843 = CARTESIAN_POINT('',(2.195202236769,-5.2));
#3844 = ( GEOMETRIC_REPRESENTATION_CONTEXT(2) 
PARAMETRIC_REPRESENTATION_CONTEXT() REPRESENTATION_CONTEXT('2D SPACE',''
  ) );
#3845 = PCURVE('',#3846,#3851);
#3846 = PLANE('',#3847);
#3847 = AXIS2_PLACEMENT_3D('',#3848,#3849,#3850);
#3848 = CARTESIAN_POINT('',(3.8,53.5,117.));
#3849 = DIRECTION('',(-1.,1.110223024625E-16,0.));
#3850 = DIRECTION('',(1.110223024625E-16,1.,0.));
#3851 = DEFINITIONAL_REPRESENTATION('',(#3852),#3855);
#3852 = B_SPLINE_CURVE_WITH_KNOTS('',1,(#3853,#3854),.UNSPECIFIED.,.F.,
  .F.,(2,2),(-8.8,-5.2),.PIECEWISE_BEZIER_KNOTS.);
#3853 = CARTESIAN_POINT('',(-0.3,-36.77351874937));
#3854 = CARTESIAN_POINT('',(3.3,-36.77351874937));
#3855 = ( GEOMETRIC_REPRESENTATION_CONTEXT(2) 
PARAMETRIC_REPRESENTATION_CONTEXT() REPRESENTATION_CONTEXT('2D SPACE',''
  ) );
#3856 = ORIENTED_EDGE('',*,*,#3857,.T.);
#3857 = EDGE_CURVE('',#3832,#3858,#3860,.T.);
#3858 = VERTEX_POINT('',#3859);
#3859 = CARTESIAN_POINT('',(6.5,60.423009049187,148.5));
#3860 = SURFACE_CURVE('',#3861,(#3906,#3954),.PCURVE_S1.);
#3861 = B_SPLINE_CURVE_WITH_KNOTS('',8,(#3862,#3863,#3864,#3865,#3866,
    #3867,#3868,#3869,#3870,#3871,#3872,#3873,#3874,#3875,#3876,#3877,
    #3878,#3879,#3880,#3881,#3882,#3883,#3884,#3885,#3886,#3887,#3888,
    #3889,#3890,#3891,#3892,#3893,#3894,#3895,#3896,#3897,#3898,#3899,
    #3900,#3901,#3902,#3903,#3904,#3905),.UNSPECIFIED.,.F.,.F.,(9,7,7,7,
    7,7,9),(0.,0.198546039144,0.255915899058,0.356527330633,
    0.460856128987,0.595069401628,1.),.UNSPECIFIED.);
#3862 = CARTESIAN_POINT('',(3.8,56.5,153.77351874937));
#3863 = CARTESIAN_POINT('',(3.8,56.695638306262,153.77351874937));
#3864 = CARTESIAN_POINT('',(3.810415003796,56.89148141214,
    153.76601403216));
#3865 = CARTESIAN_POINT('',(3.831282496838,57.086728944825,
    153.75097730367));
#3866 = CARTESIAN_POINT('',(3.862547194715,57.280580097638,
    153.72827314956));
#3867 = CARTESIAN_POINT('',(3.904061120572,57.472242900135,
    153.69765575265));
#3868 = CARTESIAN_POINT('',(3.95558368251,57.660943488221,
    153.65876661036));
#3869 = CARTESIAN_POINT('',(4.016781751004,57.845935374253,
    153.61113225205));
#3870 = CARTESIAN_POINT('',(4.107585675237,58.078685368126,
    153.5377003948));
#3871 = CARTESIAN_POINT('',(4.128705439726,58.13047126935,
    153.52046625435));
#3872 = CARTESIAN_POINT('',(4.150573104378,58.181838657528,
    153.50244986826));
#3873 = CARTESIAN_POINT('',(4.173171516303,58.232760963142,
    153.48364163384));
#3874 = CARTESIAN_POINT('',(4.196482295112,58.28321281046,
    153.46403201256));
#3875 = CARTESIAN_POINT('',(4.220485832918,58.33317001753,
    153.44361153007));
#3876 = CARTESIAN_POINT('',(4.245161294338,58.382609596184,
    153.42237077619));
#3877 = CARTESIAN_POINT('',(4.31490047632,58.517267581879,
    153.36159486069));
#3878 = CARTESIAN_POINT('',(4.36132636056,58.601391729757,
    153.32032644313));
#3879 = CARTESIAN_POINT('',(4.409620207223,58.683708983787,
    153.27646679193));
#3880 = CARTESIAN_POINT('',(4.459622224033,58.764066886813,
    153.22999599798));
#3881 = CARTESIAN_POINT('',(4.511159658393,58.842333458292,
    153.18090365367));
#3882 = CARTESIAN_POINT('',(4.564049567354,58.918396916192,
    153.1291899032));
#3883 = CARTESIAN_POINT('',(4.618101587588,58.992165398884,
    153.0748664928));
#3884 = CARTESIAN_POINT('',(4.730172656141,59.137606092658,
    152.95894650158));
#3885 = CARTESIAN_POINT('',(4.788232216864,59.209058378136,
    152.89718882239));
#3886 = CARTESIAN_POINT('',(4.847069151609,59.277833416933,
    152.83272821588));
#3887 = CARTESIAN_POINT('',(4.906445340696,59.343864369039,
    152.76562846064));
#3888 = CARTESIAN_POINT('',(4.966118734766,59.40710683871,
    152.69597483058));
#3889 = CARTESIAN_POINT('',(5.025847308871,59.467538032206,
    152.62387524391));
#3890 = CARTESIAN_POINT('',(5.08539301656,59.525155915533,
    152.54946141225));
#3891 = CARTESIAN_POINT('',(5.22059675207,59.650504453547,152.3743850573
    ));
#3892 = CARTESIAN_POINT('',(5.295917917574,59.716342648972,
    152.27239499907));
#3893 = CARTESIAN_POINT('',(5.370119678086,59.777653212761,
    152.16711071128));
#3894 = CARTESIAN_POINT('',(5.442853411127,59.834610839175,
    152.05875272314));
#3895 = CARTESIAN_POINT('',(5.513794202475,59.887401709691,
    151.94757455686));
#3896 = CARTESIAN_POINT('',(5.582643614507,59.936220540272,
    151.83386608777));
#3897 = CARTESIAN_POINT('',(5.64913245455,59.98126762862,151.71795690443
    ));
#3898 = CARTESIAN_POINT('',(5.905787315812,60.147888679825,
    151.24499839777));
#3899 = CARTESIAN_POINT('',(6.074501613695,60.240283235651,
    150.87388155392));
#3900 = CARTESIAN_POINT('',(6.216286397756,60.307974686193,
    150.49087431794));
#3901 = CARTESIAN_POINT('',(6.329991242736,60.35669996285,
    150.09936753276));
#3902 = CARTESIAN_POINT('',(6.415160581343,60.39057085907,
    149.70225042793));
#3903 = CARTESIAN_POINT('',(6.471788423126,60.412221874323,
    149.30196108219));
#3904 = CARTESIAN_POINT('',(6.5,60.423009049187,148.90056706642));
#3905 = CARTESIAN_POINT('',(6.5,60.423009049187,148.5));
#3906 = PCURVE('',#1201,#3907);
#3907 = DEFINITIONAL_REPRESENTATION('',(#3908),#3953);
#3908 = B_SPLINE_CURVE_WITH_KNOTS('',8,(#3909,#3910,#3911,#3912,#3913,
    #3914,#3915,#3916,#3917,#3918,#3919,#3920,#3921,#3922,#3923,#3924,
    #3925,#3926,#3927,#3928,#3929,#3930,#3931,#3932,#3933,#3934,#3935,
    #3936,#3937,#3938,#3939,#3940,#3941,#3942,#3943,#3944,#3945,#3946,
    #3947,#3948,#3949,#3950,#3951,#3952),.UNSPECIFIED.,.F.,.F.,(9,7,7,7,
    7,7,9),(0.,0.198546039144,0.255915899058,0.356527330633,
    0.460856128987,0.595069401628,1.),.UNSPECIFIED.);
#3909 = CARTESIAN_POINT('',(2.195202236769,-5.5));
#3910 = CARTESIAN_POINT('',(2.195202236769,-5.304361693738));
#3911 = CARTESIAN_POINT('',(2.197176947052,-5.10851858786));
#3912 = CARTESIAN_POINT('',(2.201134266874,-4.913271055175));
#3913 = CARTESIAN_POINT('',(2.207078888007,-4.719419902362));
#3914 = CARTESIAN_POINT('',(2.21501406657,-4.527757099865));
#3915 = CARTESIAN_POINT('',(2.22494339487,-4.339056511779));
#3916 = CARTESIAN_POINT('',(2.236872573229,-4.154064625747));
#3917 = CARTESIAN_POINT('',(2.25483874151,-3.921314631874));
#3918 = CARTESIAN_POINT('',(2.259032418388,-3.86952873065));
#3919 = CARTESIAN_POINT('',(2.263391330412,-3.818161342472));
#3920 = CARTESIAN_POINT('',(2.267914488655,-3.767239036858));
#3921 = CARTESIAN_POINT('',(2.272600797309,-3.71678718954));
#3922 = CARTESIAN_POINT('',(2.277449053688,-3.66682998247));
#3923 = CARTESIAN_POINT('',(2.282457948226,-3.617390403816));
#3924 = CARTESIAN_POINT('',(2.296689561845,-3.482732418121));
#3925 = CARTESIAN_POINT('',(2.306245475893,-3.398608270243));
#3926 = CARTESIAN_POINT('',(2.3162810715,-3.316291016213));
#3927 = CARTESIAN_POINT('',(2.326781499977,-3.235933113187));
#3928 = CARTESIAN_POINT('',(2.337730052537,-3.157666541708));
#3929 = CARTESIAN_POINT('',(2.349108413773,-3.081603083808));
#3930 = CARTESIAN_POINT('',(2.360896915134,-3.007834601116));
#3931 = CARTESIAN_POINT('',(2.385702606774,-2.862393907342));
#3932 = CARTESIAN_POINT('',(2.398741956932,-2.790941621864));
#3933 = CARTESIAN_POINT('',(2.412166421557,-2.722166583067));
#3934 = CARTESIAN_POINT('',(2.425947440216,-2.656135630961));
#3935 = CARTESIAN_POINT('',(2.44005446051,-2.59289316129));
#3936 = CARTESIAN_POINT('',(2.454455089241,-2.532461967794));
#3937 = CARTESIAN_POINT('',(2.469115243568,-2.474844084467));
#3938 = CARTESIAN_POINT('',(2.503146826587,-2.349495546453));
#3939 = CARTESIAN_POINT('',(2.52264823771,-2.283657351028));
#3940 = CARTESIAN_POINT('',(2.542456129249,-2.222346787239));
#3941 = CARTESIAN_POINT('',(2.562523306785,-2.165389160825));
#3942 = CARTESIAN_POINT('',(2.582801986438,-2.112598290309));
#3943 = CARTESIAN_POINT('',(2.603242993542,-2.063779459728));
#3944 = CARTESIAN_POINT('',(2.623794961326,-2.01873237138));
#3945 = CARTESIAN_POINT('',(2.706580985764,-1.852111320175));
#3946 = CARTESIAN_POINT('',(2.769143112639,-1.75971676435));
#3947 = CARTESIAN_POINT('',(2.831703448459,-1.692025313805));
#3948 = CARTESIAN_POINT('',(2.894103764017,-1.643300037153));
#3949 = CARTESIAN_POINT('',(2.956274282326,-1.609429140928));
#3950 = CARTESIAN_POINT('',(3.018214054459,-1.587778125678));
#3951 = CARTESIAN_POINT('',(3.079966951064,-1.576990950813));
#3952 = CARTESIAN_POINT('',(3.14159265359,-1.576990950813));
#3953 = ( GEOMETRIC_REPRESENTATION_CONTEXT(2) 
PARAMETRIC_REPRESENTATION_CONTEXT() REPRESENTATION_CONTEXT('2D SPACE',''
  ) );
#3954 = PCURVE('',#3955,#3960);
#3955 = CYLINDRICAL_SURFACE('',#3956,4.2);
#3956 = AXIS2_PLACEMENT_3D('',#3957,#3958,#3959);
#3957 = CARTESIAN_POINT('',(8.,56.5,117.));
#3958 = DIRECTION('',(0.,0.,-1.));
#3959 = DIRECTION('',(-1.,2.167578286173E-16,0.));
#3960 = DEFINITIONAL_REPRESENTATION('',(#3961),#4006);
#3961 = B_SPLINE_CURVE_WITH_KNOTS('',8,(#3962,#3963,#3964,#3965,#3966,
    #3967,#3968,#3969,#3970,#3971,#3972,#3973,#3974,#3975,#3976,#3977,
    #3978,#3979,#3980,#3981,#3982,#3983,#3984,#3985,#3986,#3987,#3988,
    #3989,#3990,#3991,#3992,#3993,#3994,#3995,#3996,#3997,#3998,#3999,
    #4000,#4001,#4002,#4003,#4004,#4005),.UNSPECIFIED.,.F.,.F.,(9,7,7,7,
    7,7,9),(0.,0.198546039144,0.255915899058,0.356527330633,
    0.460856128987,0.595069401628,1.),.UNSPECIFIED.);
#3962 = CARTESIAN_POINT('',(0.,-36.77351874937));
#3963 = CARTESIAN_POINT('',(4.658054911004E-02,-36.77351874937));
#3964 = CARTESIAN_POINT('',(9.320989835735E-02,-36.76601403216));
#3965 = CARTESIAN_POINT('',(0.139851382791,-36.75097730367));
#3966 = CARTESIAN_POINT('',(0.186469738532,-36.72827314956));
#3967 = CARTESIAN_POINT('',(0.233029631906,-36.69765575265));
#3968 = CARTESIAN_POINT('',(0.279494188571,-36.65876661036));
#3969 = CARTESIAN_POINT('',(0.32582352265,-36.61113225205));
#3970 = CARTESIAN_POINT('',(0.385308229951,-36.5377003948));
#3971 = CARTESIAN_POINT('',(0.398622598397,-36.52046625435));
#3972 = CARTESIAN_POINT('',(0.411912491764,-36.50244986826));
#3973 = CARTESIAN_POINT('',(0.425174097632,-36.48364163384));
#3974 = CARTESIAN_POINT('',(0.438403670594,-36.46403201256));
#3975 = CARTESIAN_POINT('',(0.451597532251,-36.44361153007));
#3976 = CARTESIAN_POINT('',(0.464752071219,-36.42237077619));
#3977 = CARTESIAN_POINT('',(0.500858118268,-36.36159486069));
#3978 = CARTESIAN_POINT('',(0.523727374486,-36.32032644313));
#3979 = CARTESIAN_POINT('',(0.546437735408,-36.27646679193));
#3980 = CARTESIAN_POINT('',(0.568957079088,-36.22999599798));
#3981 = CARTESIAN_POINT('',(0.591254789366,-36.18090365367));
#3982 = CARTESIAN_POINT('',(0.613301607222,-36.1291899032));
#3983 = CARTESIAN_POINT('',(0.635069482134,-36.0748664928));
#3984 = CARTESIAN_POINT('',(0.678786335345,-35.95894650158));
#3985 = CARTESIAN_POINT('',(0.70069971224,-35.89718882239));
#3986 = CARTESIAN_POINT('',(0.72223802348,-35.83272821588));
#3987 = CARTESIAN_POINT('',(0.743368588582,-35.76562846064));
#3988 = CARTESIAN_POINT('',(0.764059842748,-35.69597483058));
#3989 = CARTESIAN_POINT('',(0.784281602389,-35.62387524391));
#3990 = CARTESIAN_POINT('',(0.80400533065,-35.54946141225));
#3991 = CARTESIAN_POINT('',(0.847902955624,-35.3743850573));
#3992 = CARTESIAN_POINT('',(0.871711709045,-35.27239499907));
#3993 = CARTESIAN_POINT('',(0.894615112553,-35.16711071128));
#3994 = CARTESIAN_POINT('',(0.916596529543,-35.05875272314));
#3995 = CARTESIAN_POINT('',(0.937639132981,-34.94757455686));
#3996 = CARTESIAN_POINT('',(0.957726800935,-34.83386608777));
#3997 = CARTESIAN_POINT('',(0.97684501211,-34.71795690443));
#3998 = CARTESIAN_POINT('',(1.049701490676,-34.24499839777));
#3999 = CARTESIAN_POINT('',(1.095372872759,-33.87388155392));
#4000 = CARTESIAN_POINT('',(1.13271274902,-33.49087431794));
#4001 = CARTESIAN_POINT('',(1.162141038714,-33.09936753276));
#4002 = CARTESIAN_POINT('',(1.183963426606,-32.70225042793));
#4003 = CARTESIAN_POINT('',(1.198397701292,-32.30196108219));
#4004 = CARTESIAN_POINT('',(1.205589105505,-31.90056706642));
#4005 = CARTESIAN_POINT('',(1.205589105505,-31.5));
#4006 = ( GEOMETRIC_REPRESENTATION_CONTEXT(2) 
PARAMETRIC_REPRESENTATION_CONTEXT() REPRESENTATION_CONTEXT('2D SPACE',''
  ) );
#4007 = ORIENTED_EDGE('',*,*,#4008,.F.);
#4008 = EDGE_CURVE('',#1698,#3858,#4009,.T.);
#4009 = SURFACE_CURVE('',#4010,(#4014,#4021),.PCURVE_S1.);
#4010 = LINE('',#4011,#4012);
#4011 = CARTESIAN_POINT('',(6.5,62.,148.5));
#4012 = VECTOR('',#4013,1.);
#4013 = DIRECTION('',(0.,-1.,0.));
#4014 = PCURVE('',#1201,#4015);
#4015 = DEFINITIONAL_REPRESENTATION('',(#4016),#4020);
#4016 = LINE('',#4017,#4018);
#4017 = CARTESIAN_POINT('',(3.14159265359,0.));
#4018 = VECTOR('',#4019,1.);
#4019 = DIRECTION('',(0.,-1.));
#4020 = ( GEOMETRIC_REPRESENTATION_CONTEXT(2) 
PARAMETRIC_REPRESENTATION_CONTEXT() REPRESENTATION_CONTEXT('2D SPACE',''
  ) );
#4021 = PCURVE('',#1740,#4022);
#4022 = DEFINITIONAL_REPRESENTATION('',(#4023),#4027);
#4023 = LINE('',#4024,#4025);
#4024 = CARTESIAN_POINT('',(-0.,0.));
#4025 = VECTOR('',#4026,1.);
#4026 = DIRECTION('',(0.,-1.));
#4027 = ( GEOMETRIC_REPRESENTATION_CONTEXT(2) 
PARAMETRIC_REPRESENTATION_CONTEXT() REPRESENTATION_CONTEXT('2D SPACE',''
  ) );
#4028 = ADVANCED_FACE('',(#4029),#1258,.F.);
#4029 = FACE_BOUND('',#4030,.F.);
#4030 = EDGE_LOOP('',(#4031,#4032,#4055,#4201,#4227,#4373,#4394,#4395,
    #4396,#4542,#4568,#4714));
#4031 = ORIENTED_EDGE('',*,*,#1751,.F.);
#4032 = ORIENTED_EDGE('',*,*,#4033,.T.);
#4033 = EDGE_CURVE('',#1726,#4034,#4036,.T.);
#4034 = VERTEX_POINT('',#4035);
#4035 = CARTESIAN_POINT('',(6.5,60.423009049187,137.5));
#4036 = SURFACE_CURVE('',#4037,(#4041,#4048),.PCURVE_S1.);
#4037 = LINE('',#4038,#4039);
#4038 = CARTESIAN_POINT('',(6.5,62.,137.5));
#4039 = VECTOR('',#4040,1.);
#4040 = DIRECTION('',(0.,-1.,0.));
#4041 = PCURVE('',#1258,#4042);
#4042 = DEFINITIONAL_REPRESENTATION('',(#4043),#4047);
#4043 = LINE('',#4044,#4045);
#4044 = CARTESIAN_POINT('',(0.,0.));
#4045 = VECTOR('',#4046,1.);
#4046 = DIRECTION('',(0.,-1.));
#4047 = ( GEOMETRIC_REPRESENTATION_CONTEXT(2) 
PARAMETRIC_REPRESENTATION_CONTEXT() REPRESENTATION_CONTEXT('2D SPACE',''
  ) );
#4048 = PCURVE('',#1740,#4049);
#4049 = DEFINITIONAL_REPRESENTATION('',(#4050),#4054);
#4050 = LINE('',#4051,#4052);
#4051 = CARTESIAN_POINT('',(11.,0.));
#4052 = VECTOR('',#4053,1.);
#4053 = DIRECTION('',(0.,-1.));
#4054 = ( GEOMETRIC_REPRESENTATION_CONTEXT(2) 
PARAMETRIC_REPRESENTATION_CONTEXT() REPRESENTATION_CONTEXT('2D SPACE',''
  ) );
#4055 = ORIENTED_EDGE('',*,*,#4056,.F.);
#4056 = EDGE_CURVE('',#4057,#4034,#4059,.T.);
#4057 = VERTEX_POINT('',#4058);
#4058 = CARTESIAN_POINT('',(3.8,56.5,132.22648125062));
#4059 = SURFACE_CURVE('',#4060,(#4105,#4153),.PCURVE_S1.);
#4060 = B_SPLINE_CURVE_WITH_KNOTS('',8,(#4061,#4062,#4063,#4064,#4065,
    #4066,#4067,#4068,#4069,#4070,#4071,#4072,#4073,#4074,#4075,#4076,
    #4077,#4078,#4079,#4080,#4081,#4082,#4083,#4084,#4085,#4086,#4087,
    #4088,#4089,#4090,#4091,#4092,#4093,#4094,#4095,#4096,#4097,#4098,
    #4099,#4100,#4101,#4102,#4103,#4104),.UNSPECIFIED.,.F.,.F.,(9,7,7,7,
    7,7,9),(0.,0.198546043963,0.255915903576,0.356527334624,
    0.460856132431,0.595069404281,1.),.UNSPECIFIED.);
#4061 = CARTESIAN_POINT('',(3.8,56.5,132.22648125062));
#4062 = CARTESIAN_POINT('',(3.8,56.695638311728,132.22648125062));
#4063 = CARTESIAN_POINT('',(3.810415002779,56.891481409054,
    132.23398596702));
#4064 = CARTESIAN_POINT('',(3.83128249628,57.086728939366,
    132.24902269588));
#4065 = CARTESIAN_POINT('',(3.862547195579,57.280580097581,
    132.27172685113));
#4066 = CARTESIAN_POINT('',(3.904061122075,57.472242905531,
    132.30234424854));
#4067 = CARTESIAN_POINT('',(3.955583682663,57.660943491363,
    132.34123338974));
#4068 = CARTESIAN_POINT('',(4.016781748925,57.845935368923,
    132.38886774626));
#4069 = CARTESIAN_POINT('',(4.107585675237,58.078685368126,
    132.46229960519));
#4070 = CARTESIAN_POINT('',(4.128705439726,58.13047126935,
    132.47953374564));
#4071 = CARTESIAN_POINT('',(4.150573104378,58.181838657527,
    132.49755013173));
#4072 = CARTESIAN_POINT('',(4.173171516303,58.232760963142,
    132.51635836615));
#4073 = CARTESIAN_POINT('',(4.196482295112,58.28321281046,
    132.53596798743));
#4074 = CARTESIAN_POINT('',(4.220485832918,58.33317001753,
    132.55638846992));
#4075 = CARTESIAN_POINT('',(4.245161294338,58.382609596184,
    132.57762922381));
#4076 = CARTESIAN_POINT('',(4.31490047632,58.517267581879,132.6384051393
    ));
#4077 = CARTESIAN_POINT('',(4.36132636056,58.601391729757,
    132.67967355686));
#4078 = CARTESIAN_POINT('',(4.409620207223,58.683708983787,
    132.72353320806));
#4079 = CARTESIAN_POINT('',(4.459622224033,58.764066886813,
    132.77000400201));
#4080 = CARTESIAN_POINT('',(4.511159658393,58.842333458292,
    132.81909634632));
#4081 = CARTESIAN_POINT('',(4.564049567354,58.918396916192,
    132.87081009679));
#4082 = CARTESIAN_POINT('',(4.618101587588,58.992165398884,
    132.92513350719));
#4083 = CARTESIAN_POINT('',(4.730172656141,59.137606092658,
    133.04105349841));
#4084 = CARTESIAN_POINT('',(4.788232216864,59.209058378136,
    133.1028111776));
#4085 = CARTESIAN_POINT('',(4.847069151609,59.277833416933,
    133.16727178411));
#4086 = CARTESIAN_POINT('',(4.906445340696,59.343864369039,
    133.23437153935));
#4087 = CARTESIAN_POINT('',(4.966118734766,59.40710683871,
    133.30402516941));
#4088 = CARTESIAN_POINT('',(5.025847308871,59.467538032206,
    133.37612475608));
#4089 = CARTESIAN_POINT('',(5.08539301656,59.525155915533,
    133.45053858774));
#4090 = CARTESIAN_POINT('',(5.22059675202,59.650504453502,
    133.62561494263));
#4091 = CARTESIAN_POINT('',(5.295917917554,59.716342648958,
    133.72760500088));
#4092 = CARTESIAN_POINT('',(5.37011967811,59.777653212784,
    133.83288928874));
#4093 = CARTESIAN_POINT('',(5.442853411171,59.834610839209,
    133.94124727692));
#4094 = CARTESIAN_POINT('',(5.513794202502,59.887401709708,
    134.05242544318));
#4095 = CARTESIAN_POINT('',(5.582643614493,59.936220540259,
    134.1661339122));
#4096 = CARTESIAN_POINT('',(5.649132454507,59.981267628592,
    134.28204309548));
#4097 = CARTESIAN_POINT('',(5.905787315813,60.147888679825,
    134.75500160222));
#4098 = CARTESIAN_POINT('',(6.074501613695,60.240283235651,
    135.12611844607));
#4099 = CARTESIAN_POINT('',(6.216286397756,60.307974686193,
    135.50912568205));
#4100 = CARTESIAN_POINT('',(6.329991242736,60.356699962851,
    135.90063246722));
#4101 = CARTESIAN_POINT('',(6.415160581345,60.39057085907,
    136.29774957207));
#4102 = CARTESIAN_POINT('',(6.471788423125,60.412221874323,
    136.6980389178));
#4103 = CARTESIAN_POINT('',(6.5,60.423009049187,137.09943293357));
#4104 = CARTESIAN_POINT('',(6.5,60.423009049187,137.5));
#4105 = PCURVE('',#1258,#4106);
#4106 = DEFINITIONAL_REPRESENTATION('',(#4107),#4152);
#4107 = B_SPLINE_CURVE_WITH_KNOTS('',8,(#4108,#4109,#4110,#4111,#4112,
    #4113,#4114,#4115,#4116,#4117,#4118,#4119,#4120,#4121,#4122,#4123,
    #4124,#4125,#4126,#4127,#4128,#4129,#4130,#4131,#4132,#4133,#4134,
    #4135,#4136,#4137,#4138,#4139,#4140,#4141,#4142,#4143,#4144,#4145,
    #4146,#4147,#4148,#4149,#4150,#4151),.UNSPECIFIED.,.F.,.F.,(9,7,7,7,
    7,7,9),(0.,0.198546043963,0.255915903576,0.356527334624,
    0.460856132431,0.595069404281,1.),.UNSPECIFIED.);
#4108 = CARTESIAN_POINT('',(0.946390416821,-5.5));
#4109 = CARTESIAN_POINT('',(0.946390416821,-5.304361688272));
#4110 = CARTESIAN_POINT('',(0.944415706738,-5.108518590946));
#4111 = CARTESIAN_POINT('',(0.940458386825,-4.913271060634));
#4112 = CARTESIAN_POINT('',(0.934513765412,-4.719419902419));
#4113 = CARTESIAN_POINT('',(0.926578586723,-4.527757094469));
#4114 = CARTESIAN_POINT('',(0.916649258691,-4.339056508637));
#4115 = CARTESIAN_POINT('',(0.904720080773,-4.154064631077));
#4116 = CARTESIAN_POINT('',(0.88675391208,-3.921314631874));
#4117 = CARTESIAN_POINT('',(0.882560235202,-3.86952873065));
#4118 = CARTESIAN_POINT('',(0.878201323178,-3.818161342473));
#4119 = CARTESIAN_POINT('',(0.873678164935,-3.767239036858));
#4120 = CARTESIAN_POINT('',(0.868991856281,-3.71678718954));
#4121 = CARTESIAN_POINT('',(0.864143599902,-3.66682998247));
#4122 = CARTESIAN_POINT('',(0.859134705364,-3.617390403816));
#4123 = CARTESIAN_POINT('',(0.844903091745,-3.482732418121));
#4124 = CARTESIAN_POINT('',(0.835347177697,-3.398608270243));
#4125 = CARTESIAN_POINT('',(0.82531158209,-3.316291016213));
#4126 = CARTESIAN_POINT('',(0.814811153613,-3.235933113187));
#4127 = CARTESIAN_POINT('',(0.803862601053,-3.157666541708));
#4128 = CARTESIAN_POINT('',(0.792484239817,-3.081603083808));
#4129 = CARTESIAN_POINT('',(0.780695738456,-3.007834601116));
#4130 = CARTESIAN_POINT('',(0.755890046816,-2.862393907342));
#4131 = CARTESIAN_POINT('',(0.742850696658,-2.790941621864));
#4132 = CARTESIAN_POINT('',(0.729426232032,-2.722166583067));
#4133 = CARTESIAN_POINT('',(0.715645213374,-2.656135630961));
#4134 = CARTESIAN_POINT('',(0.70153819308,-2.59289316129));
#4135 = CARTESIAN_POINT('',(0.687137564349,-2.532461967794));
#4136 = CARTESIAN_POINT('',(0.672477410022,-2.474844084467));
#4137 = CARTESIAN_POINT('',(0.638445827015,-2.349495546498));
#4138 = CARTESIAN_POINT('',(0.618944415886,-2.283657351042));
#4139 = CARTESIAN_POINT('',(0.599136524335,-2.222346787216));
#4140 = CARTESIAN_POINT('',(0.579069346792,-2.165389160791));
#4141 = CARTESIAN_POINT('',(0.558790667143,-2.112598290292));
#4142 = CARTESIAN_POINT('',(0.538349660051,-2.063779459741));
#4143 = CARTESIAN_POINT('',(0.517797692278,-2.018732371408));
#4144 = CARTESIAN_POINT('',(0.435011667825,-1.852111320175));
#4145 = CARTESIAN_POINT('',(0.372449540951,-1.759716764349));
#4146 = CARTESIAN_POINT('',(0.30988920513,-1.692025313807));
#4147 = CARTESIAN_POINT('',(0.247488889573,-1.64330003715));
#4148 = CARTESIAN_POINT('',(0.185318371263,-1.609429140929));
#4149 = CARTESIAN_POINT('',(0.12337859913,-1.587778125677));
#4150 = CARTESIAN_POINT('',(6.162570252685E-02,-1.576990950813));
#4151 = CARTESIAN_POINT('',(0.,-1.576990950813));
#4152 = ( GEOMETRIC_REPRESENTATION_CONTEXT(2) 
PARAMETRIC_REPRESENTATION_CONTEXT() REPRESENTATION_CONTEXT('2D SPACE',''
  ) );
#4153 = PCURVE('',#3955,#4154);
#4154 = DEFINITIONAL_REPRESENTATION('',(#4155),#4200);
#4155 = B_SPLINE_CURVE_WITH_KNOTS('',8,(#4156,#4157,#4158,#4159,#4160,
    #4161,#4162,#4163,#4164,#4165,#4166,#4167,#4168,#4169,#4170,#4171,
    #4172,#4173,#4174,#4175,#4176,#4177,#4178,#4179,#4180,#4181,#4182,
    #4183,#4184,#4185,#4186,#4187,#4188,#4189,#4190,#4191,#4192,#4193,
    #4194,#4195,#4196,#4197,#4198,#4199),.UNSPECIFIED.,.F.,.F.,(9,7,7,7,
    7,7,9),(0.,0.198546043963,0.255915903576,0.356527334624,
    0.460856132431,0.595069404281,1.),.UNSPECIFIED.);
#4156 = CARTESIAN_POINT('',(0.,-15.22648125062));
#4157 = CARTESIAN_POINT('',(4.658055041134E-02,-15.22648125062));
#4158 = CARTESIAN_POINT('',(9.320989758133E-02,-15.23398596702));
#4159 = CARTESIAN_POINT('',(0.13985138147,-15.24902269588));
#4160 = CARTESIAN_POINT('',(0.186469738557,-15.27172685113));
#4161 = CARTESIAN_POINT('',(0.233029633253,-15.30234424854));
#4162 = CARTESIAN_POINT('',(0.279494189322,-15.34123338974));
#4163 = CARTESIAN_POINT('',(0.325823521288,-15.38886774626));
#4164 = CARTESIAN_POINT('',(0.385308229951,-15.46229960519));
#4165 = CARTESIAN_POINT('',(0.398622598397,-15.47953374564));
#4166 = CARTESIAN_POINT('',(0.411912491764,-15.49755013173));
#4167 = CARTESIAN_POINT('',(0.425174097632,-15.51635836615));
#4168 = CARTESIAN_POINT('',(0.438403670593,-15.53596798743));
#4169 = CARTESIAN_POINT('',(0.451597532251,-15.55638846992));
#4170 = CARTESIAN_POINT('',(0.464752071219,-15.57762922381));
#4171 = CARTESIAN_POINT('',(0.500858118268,-15.6384051393));
#4172 = CARTESIAN_POINT('',(0.523727374486,-15.67967355686));
#4173 = CARTESIAN_POINT('',(0.546437735408,-15.72353320806));
#4174 = CARTESIAN_POINT('',(0.568957079088,-15.77000400201));
#4175 = CARTESIAN_POINT('',(0.591254789366,-15.81909634632));
#4176 = CARTESIAN_POINT('',(0.613301607222,-15.87081009679));
#4177 = CARTESIAN_POINT('',(0.635069482134,-15.92513350719));
#4178 = CARTESIAN_POINT('',(0.678786335345,-16.04105349841));
#4179 = CARTESIAN_POINT('',(0.70069971224,-16.1028111776));
#4180 = CARTESIAN_POINT('',(0.72223802348,-16.16727178411));
#4181 = CARTESIAN_POINT('',(0.743368588582,-16.23437153935));
#4182 = CARTESIAN_POINT('',(0.764059842748,-16.30402516941));
#4183 = CARTESIAN_POINT('',(0.784281602389,-16.37612475608));
#4184 = CARTESIAN_POINT('',(0.80400533065,-16.45053858774));
#4185 = CARTESIAN_POINT('',(0.847902955608,-16.62561494263));
#4186 = CARTESIAN_POINT('',(0.871711709039,-16.72760500088));
#4187 = CARTESIAN_POINT('',(0.894615112561,-16.83288928874));
#4188 = CARTESIAN_POINT('',(0.916596529556,-16.94124727692));
#4189 = CARTESIAN_POINT('',(0.937639132988,-17.05242544318));
#4190 = CARTESIAN_POINT('',(0.957726800931,-17.1661339122));
#4191 = CARTESIAN_POINT('',(0.976845012097,-17.28204309548));
#4192 = CARTESIAN_POINT('',(1.049701490676,-17.75500160222));
#4193 = CARTESIAN_POINT('',(1.095372872759,-18.12611844607));
#4194 = CARTESIAN_POINT('',(1.13271274902,-18.50912568205));
#4195 = CARTESIAN_POINT('',(1.162141038714,-18.90063246722));
#4196 = CARTESIAN_POINT('',(1.183963426606,-19.29774957207));
#4197 = CARTESIAN_POINT('',(1.198397701291,-19.6980389178));
#4198 = CARTESIAN_POINT('',(1.205589105505,-20.09943293357));
#4199 = CARTESIAN_POINT('',(1.205589105505,-20.5));
#4200 = ( GEOMETRIC_REPRESENTATION_CONTEXT(2) 
PARAMETRIC_REPRESENTATION_CONTEXT() REPRESENTATION_CONTEXT('2D SPACE',''
  ) );
#4201 = ORIENTED_EDGE('',*,*,#4202,.F.);
#4202 = EDGE_CURVE('',#4203,#4057,#4205,.T.);
#4203 = VERTEX_POINT('',#4204);
#4204 = CARTESIAN_POINT('',(3.8,53.5,132.22648125062));
#4205 = SURFACE_CURVE('',#4206,(#4210,#4216),.PCURVE_S1.);
#4206 = LINE('',#4207,#4208);
#4207 = CARTESIAN_POINT('',(3.8,62.,132.22648125062));
#4208 = VECTOR('',#4209,1.);
#4209 = DIRECTION('',(-0.,1.,0.));
#4210 = PCURVE('',#1258,#4211);
#4211 = DEFINITIONAL_REPRESENTATION('',(#4212),#4215);
#4212 = B_SPLINE_CURVE_WITH_KNOTS('',1,(#4213,#4214),.UNSPECIFIED.,.F.,
  .F.,(2,2),(-8.8,-5.2),.PIECEWISE_BEZIER_KNOTS.);
#4213 = CARTESIAN_POINT('',(0.946390416821,-8.8));
#4214 = CARTESIAN_POINT('',(0.946390416821,-5.2));
#4215 = ( GEOMETRIC_REPRESENTATION_CONTEXT(2) 
PARAMETRIC_REPRESENTATION_CONTEXT() REPRESENTATION_CONTEXT('2D SPACE',''
  ) );
#4216 = PCURVE('',#4217,#4222);
#4217 = PLANE('',#4218);
#4218 = AXIS2_PLACEMENT_3D('',#4219,#4220,#4221);
#4219 = CARTESIAN_POINT('',(3.8,53.5,117.));
#4220 = DIRECTION('',(-1.,1.110223024625E-16,0.));
#4221 = DIRECTION('',(1.110223024625E-16,1.,0.));
#4222 = DEFINITIONAL_REPRESENTATION('',(#4223),#4226);
#4223 = B_SPLINE_CURVE_WITH_KNOTS('',1,(#4224,#4225),.UNSPECIFIED.,.F.,
  .F.,(2,2),(-8.8,-5.2),.PIECEWISE_BEZIER_KNOTS.);
#4224 = CARTESIAN_POINT('',(-0.3,-15.22648125062));
#4225 = CARTESIAN_POINT('',(3.3,-15.22648125062));
#4226 = ( GEOMETRIC_REPRESENTATION_CONTEXT(2) 
PARAMETRIC_REPRESENTATION_CONTEXT() REPRESENTATION_CONTEXT('2D SPACE',''
  ) );
#4227 = ORIENTED_EDGE('',*,*,#4228,.F.);
#4228 = EDGE_CURVE('',#4229,#4203,#4231,.T.);
#4229 = VERTEX_POINT('',#4230);
#4230 = CARTESIAN_POINT('',(6.5,49.576990950813,137.5));
#4231 = SURFACE_CURVE('',#4232,(#4277,#4325),.PCURVE_S1.);
#4232 = B_SPLINE_CURVE_WITH_KNOTS('',8,(#4233,#4234,#4235,#4236,#4237,
    #4238,#4239,#4240,#4241,#4242,#4243,#4244,#4245,#4246,#4247,#4248,
    #4249,#4250,#4251,#4252,#4253,#4254,#4255,#4256,#4257,#4258,#4259,
    #4260,#4261,#4262,#4263,#4264,#4265,#4266,#4267,#4268,#4269,#4270,
    #4271,#4272,#4273,#4274,#4275,#4276),.UNSPECIFIED.,.F.,.F.,(9,7,7,7,
    7,7,9),(0.,0.403528187149,0.540061858921,0.643893405432,
    0.74322709246,0.800862886615,1.),.UNSPECIFIED.);
#4233 = CARTESIAN_POINT('',(6.5,49.576990950813,137.5));
#4234 = CARTESIAN_POINT('',(6.5,49.576990950813,137.10079631978));
#4235 = CARTESIAN_POINT('',(6.471980136438,49.587704810269,
    136.70078702439));
#4236 = CARTESIAN_POINT('',(6.415741685949,49.609206994873,
    136.30187753193));
#4237 = CARTESIAN_POINT('',(6.331161689537,49.642834771494,
    135.90610869927));
#4238 = CARTESIAN_POINT('',(6.218245104832,49.691186680656,
    135.51588555223));
#4239 = CARTESIAN_POINT('',(6.07743567695,49.758317077774,135.1340577312
    ));
#4240 = CARTESIAN_POINT('',(5.90985793258,49.849883664628,
    134.76397018137));
#4241 = CARTESIAN_POINT('',(5.653523496888,50.015748868571,
    134.28966513091));
#4242 = CARTESIAN_POINT('',(5.586017627989,50.061360461167,
    134.17162704524));
#4243 = CARTESIAN_POINT('',(5.51605771304,50.110864857898,
    134.05585384419));
#4244 = CARTESIAN_POINT('',(5.443925744308,50.164473194286,
    133.94269289662));
#4245 = CARTESIAN_POINT('',(5.369935095757,50.2223907397,133.83244920211
    ));
#4246 = CARTESIAN_POINT('',(5.294427526092,50.284813683893,
    133.72538900714));
#4247 = CARTESIAN_POINT('',(5.217770181804,50.351925923549,
    133.62174342128));
#4248 = CARTESIAN_POINT('',(5.081477839736,50.478627758874,
    133.44563985592));
#4249 = CARTESIAN_POINT('',(5.022205469778,50.53612989936,
    133.37171200482));
#4250 = CARTESIAN_POINT('',(4.962762836569,50.596418978067,
    133.3000821664));
#4251 = CARTESIAN_POINT('',(4.903384952122,50.659492078875,
    133.23087954403));
#4252 = CARTESIAN_POINT('',(4.844310629824,50.725325829191,
    133.16420999134));
#4253 = CARTESIAN_POINT('',(4.785778620028,50.79387556738,
    133.10015714534));
#4254 = CARTESIAN_POINT('',(4.728023745636,50.865074510203,
    133.0387835596));
#4255 = CARTESIAN_POINT('',(4.61698070313,51.009396203421,
    132.92402083825));
#4256 = CARTESIAN_POINT('',(4.56363558889,51.082265501028,
    132.87043018683));
#4257 = CARTESIAN_POINT('',(4.511425412696,51.157370801934,
    132.81938327332));
#4258 = CARTESIAN_POINT('',(4.460533421237,51.234623399685,
    132.77089144841));
#4259 = CARTESIAN_POINT('',(4.411135786871,51.313915631509,
    132.72495501156));
#4260 = CARTESIAN_POINT('',(4.363399004331,51.395120617317,
    132.68156419923));
#4261 = CARTESIAN_POINT('',(4.317477287429,51.478091998703,
    132.64070017317));
#4262 = CARTESIAN_POINT('',(4.247999068331,51.611734200173,
    132.58007619769));
#4263 = CARTESIAN_POINT('',(4.22314195362,51.661351400051,
    132.55865443854));
#4264 = CARTESIAN_POINT('',(4.198961133525,51.711493197012,
    132.53806131677));
#4265 = CARTESIAN_POINT('',(4.175477867251,51.762136286544,
    132.5182873439));
#4266 = CARTESIAN_POINT('',(4.152712161318,51.813256140193,
    132.49932295736));
#4267 = CARTESIAN_POINT('',(4.130682769556,51.864827005572,
    132.4811585205));
#4268 = CARTESIAN_POINT('',(4.109407193106,51.916821906352,
    132.46378432256));
#4269 = CARTESIAN_POINT('',(4.018053197043,52.15022758395,
    132.38985762617));
#4270 = CARTESIAN_POINT('',(3.956501237848,52.335700625893,
    132.34192635622));
#4271 = CARTESIAN_POINT('',(3.904677551571,52.524915911892,
    132.30279885971));
#4272 = CARTESIAN_POINT('',(3.862918876837,52.717120598931,
    132.27199645139));
#4273 = CARTESIAN_POINT('',(3.831468480948,52.911534020394,
    132.24915665339));
#4274 = CARTESIAN_POINT('',(3.81047663138,53.107357024323,
    132.23403065525));
#4275 = CARTESIAN_POINT('',(3.8,53.303781486737,132.22648125062));
#4276 = CARTESIAN_POINT('',(3.8,53.5,132.22648125062));
#4277 = PCURVE('',#1258,#4278);
#4278 = DEFINITIONAL_REPRESENTATION('',(#4279),#4324);
#4279 = B_SPLINE_CURVE_WITH_KNOTS('',8,(#4280,#4281,#4282,#4283,#4284,
    #4285,#4286,#4287,#4288,#4289,#4290,#4291,#4292,#4293,#4294,#4295,
    #4296,#4297,#4298,#4299,#4300,#4301,#4302,#4303,#4304,#4305,#4306,
    #4307,#4308,#4309,#4310,#4311,#4312,#4313,#4314,#4315,#4316,#4317,
    #4318,#4319,#4320,#4321,#4322,#4323),.UNSPECIFIED.,.F.,.F.,(9,7,7,7,
    7,7,9),(0.,0.403528187149,0.540061858921,0.643893405432,
    0.74322709246,0.800862886615,1.),.UNSPECIFIED.);
#4280 = CARTESIAN_POINT('',(0.,-12.42300904918));
#4281 = CARTESIAN_POINT('',(6.141595080272E-02,-12.42300904918));
#4282 = CARTESIAN_POINT('',(0.122955814989,-12.41229518973));
#4283 = CARTESIAN_POINT('',(0.184679665752,-12.39079300512));
#4284 = CARTESIAN_POINT('',(0.246631687694,-12.3571652285));
#4285 = CARTESIAN_POINT('',(0.308811977713,-12.30881331934));
#4286 = CARTESIAN_POINT('',(0.371152992946,-12.24168292222));
#4287 = CARTESIAN_POINT('',(0.433500155638,-12.15011633537));
#4288 = CARTESIAN_POINT('',(0.516444868645,-11.98425113142));
#4289 = CARTESIAN_POINT('',(0.537358498266,-11.93863953883));
#4290 = CARTESIAN_POINT('',(0.558159216474,-11.8891351421));
#4291 = CARTESIAN_POINT('',(0.578793034183,-11.83552680571));
#4292 = CARTESIAN_POINT('',(0.59920829736,-11.7776092603));
#4293 = CARTESIAN_POINT('',(0.619354820266,-11.7151863161));
#4294 = CARTESIAN_POINT('',(0.639183018706,-11.64807407645));
#4295 = CARTESIAN_POINT('',(0.673442062599,-11.52137224112));
#4296 = CARTESIAN_POINT('',(0.688017610891,-11.46387010064));
#4297 = CARTESIAN_POINT('',(0.702334586593,-11.40358102193));
#4298 = CARTESIAN_POINT('',(0.716359404482,-11.34050792112));
#4299 = CARTESIAN_POINT('',(0.730060143428,-11.2746741708));
#4300 = CARTESIAN_POINT('',(0.743406694149,-11.20612443262));
#4301 = CARTESIAN_POINT('',(0.756370906963,-11.13492548979));
#4302 = CARTESIAN_POINT('',(0.780938668347,-10.99060379657));
#4303 = CARTESIAN_POINT('',(0.792570598549,-10.91773449897));
#4304 = CARTESIAN_POINT('',(0.803802533358,-10.84262919806));
#4305 = CARTESIAN_POINT('',(0.81461552938,-10.76537660031));
#4306 = CARTESIAN_POINT('',(0.82499193455,-10.68608436849));
#4307 = CARTESIAN_POINT('',(0.83491562607,-10.60487938268));
#4308 = CARTESIAN_POINT('',(0.844372248341,-10.52190800129));
#4309 = CARTESIAN_POINT('',(0.858558239707,-10.38826579982));
#4310 = CARTESIAN_POINT('',(0.863606480388,-10.33864859994));
#4311 = CARTESIAN_POINT('',(0.868492718108,-10.28850680298));
#4312 = CARTESIAN_POINT('',(0.873215607737,-10.23786371345));
#4313 = CARTESIAN_POINT('',(0.87777391384,-10.1867438598));
#4314 = CARTESIAN_POINT('',(0.882166510679,-10.13517299442));
#4315 = CARTESIAN_POINT('',(0.886392382211,-10.08317809364));
#4316 = CARTESIAN_POINT('',(0.904472224225,-9.84977241605));
#4317 = CARTESIAN_POINT('',(0.916472145119,-9.664299374107));
#4318 = CARTESIAN_POINT('',(0.92646080554,-9.475084088108));
#4319 = CARTESIAN_POINT('',(0.934443396645,-9.282879401069));
#4320 = CARTESIAN_POINT('',(0.940423173526,-9.088465979606));
#4321 = CARTESIAN_POINT('',(0.944403753166,-8.892642975677));
#4322 = CARTESIAN_POINT('',(0.946390416821,-8.696218513263));
#4323 = CARTESIAN_POINT('',(0.946390416821,-8.5));
#4324 = ( GEOMETRIC_REPRESENTATION_CONTEXT(2) 
PARAMETRIC_REPRESENTATION_CONTEXT() REPRESENTATION_CONTEXT('2D SPACE',''
  ) );
#4325 = PCURVE('',#3778,#4326);
#4326 = DEFINITIONAL_REPRESENTATION('',(#4327),#4372);
#4327 = B_SPLINE_CURVE_WITH_KNOTS('',8,(#4328,#4329,#4330,#4331,#4332,
    #4333,#4334,#4335,#4336,#4337,#4338,#4339,#4340,#4341,#4342,#4343,
    #4344,#4345,#4346,#4347,#4348,#4349,#4350,#4351,#4352,#4353,#4354,
    #4355,#4356,#4357,#4358,#4359,#4360,#4361,#4362,#4363,#4364,#4365,
    #4366,#4367,#4368,#4369,#4370,#4371),.UNSPECIFIED.,.F.,.F.,(9,7,7,7,
    7,7,9),(0.,0.403528187149,0.540061858921,0.643893405432,
    0.74322709246,0.800862886615,1.),.UNSPECIFIED.);
#4328 = CARTESIAN_POINT('',(1.936003548085,-20.5));
#4329 = CARTESIAN_POINT('',(1.936003548085,-20.10079631978));
#4330 = CARTESIAN_POINT('',(1.943146078115,-19.70078702439));
#4331 = CARTESIAN_POINT('',(1.957481118831,-19.30187753193));
#4332 = CARTESIAN_POINT('',(1.979151722126,-18.90610869927));
#4333 = CARTESIAN_POINT('',(2.008373036414,-18.51588555223));
#4334 = CARTESIAN_POINT('',(2.04544719262,-18.1340577312));
#4335 = CARTESIAN_POINT('',(2.090789380636,-17.76397018137));
#4336 = CARTESIAN_POINT('',(2.163483958375,-17.28966513091));
#4337 = CARTESIAN_POINT('',(2.182877902471,-17.17162704524));
#4338 = CARTESIAN_POINT('',(2.203275336403,-17.05585384419));
#4339 = CARTESIAN_POINT('',(2.224661100927,-16.94269289662));
#4340 = CARTESIAN_POINT('',(2.247018303135,-16.83244920211));
#4341 = CARTESIAN_POINT('',(2.270329289198,-16.72538900714));
#4342 = CARTESIAN_POINT('',(2.294576617116,-16.62174342128));
#4343 = CARTESIAN_POINT('',(2.338883420582,-16.44563985592));
#4344 = CARTESIAN_POINT('',(2.358541271871,-16.37171200482));
#4345 = CARTESIAN_POINT('',(2.378691209223,-16.3000821664));
#4346 = CARTESIAN_POINT('',(2.399304986774,-16.23087954403));
#4347 = CARTESIAN_POINT('',(2.420352741156,-16.16420999134));
#4348 = CARTESIAN_POINT('',(2.441803245763,-16.10015714534));
#4349 = CARTESIAN_POINT('',(2.463624165015,-16.0387835596));
#4350 = CARTESIAN_POINT('',(2.506980587711,-15.92402083825));
#4351 = CARTESIAN_POINT('',(2.528476519478,-15.87043018683));
#4352 = CARTESIAN_POINT('',(2.550244065326,-15.81938327332));
#4353 = CARTESIAN_POINT('',(2.572256174495,-15.77089144841));
#4354 = CARTESIAN_POINT('',(2.594484644539,-15.72495501156));
#4355 = CARTESIAN_POINT('',(2.616899981811,-15.68156419923));
#4356 = CARTESIAN_POINT('',(2.63947126195,-15.64070017317));
#4357 = CARTESIAN_POINT('',(2.675334017584,-15.58007619769));
#4358 = CARTESIAN_POINT('',(2.68854570599,-15.55865443854));
#4359 = CARTESIAN_POINT('',(2.701797443603,-15.53806131677));
#4360 = CARTESIAN_POINT('',(2.715085549829,-15.5182873439));
#4361 = CARTESIAN_POINT('',(2.728406275459,-15.49932295736));
#4362 = CARTESIAN_POINT('',(2.741755802669,-15.4811585205));
#4363 = CARTESIAN_POINT('',(2.755130245016,-15.46378432256));
#4364 = CARTESIAN_POINT('',(2.814808028218,-15.38985762617));
#4365 = CARTESIAN_POINT('',(2.861272092258,-15.34192635622));
#4366 = CARTESIAN_POINT('',(2.907872770263,-15.30279885971));
#4367 = CARTESIAN_POINT('',(2.954569893638,-15.27199645139));
#4368 = CARTESIAN_POINT('',(3.001326306542,-15.24915665339));
#4369 = CARTESIAN_POINT('',(3.0481062417,-15.23403065525));
#4370 = CARTESIAN_POINT('',(3.094873959956,-15.22648125062));
#4371 = CARTESIAN_POINT('',(3.14159265359,-15.22648125062));
#4372 = ( GEOMETRIC_REPRESENTATION_CONTEXT(2) 
PARAMETRIC_REPRESENTATION_CONTEXT() REPRESENTATION_CONTEXT('2D SPACE',''
  ) );
#4373 = ORIENTED_EDGE('',*,*,#4374,.T.);
#4374 = EDGE_CURVE('',#4229,#1214,#4375,.T.);
#4375 = SURFACE_CURVE('',#4376,(#4380,#4387),.PCURVE_S1.);
#4376 = LINE('',#4377,#4378);
#4377 = CARTESIAN_POINT('',(6.5,62.,137.5));
#4378 = VECTOR('',#4379,1.);
#4379 = DIRECTION('',(0.,-1.,0.));
#4380 = PCURVE('',#1258,#4381);
#4381 = DEFINITIONAL_REPRESENTATION('',(#4382),#4386);
#4382 = LINE('',#4383,#4384);
#4383 = CARTESIAN_POINT('',(0.,0.));
#4384 = VECTOR('',#4385,1.);
#4385 = DIRECTION('',(0.,-1.));
#4386 = ( GEOMETRIC_REPRESENTATION_CONTEXT(2) 
PARAMETRIC_REPRESENTATION_CONTEXT() REPRESENTATION_CONTEXT('2D SPACE',''
  ) );
#4387 = PCURVE('',#1228,#4388);
#4388 = DEFINITIONAL_REPRESENTATION('',(#4389),#4393);
#4389 = LINE('',#4390,#4391);
#4390 = CARTESIAN_POINT('',(11.,0.));
#4391 = VECTOR('',#4392,1.);
#4392 = DIRECTION('',(0.,-1.));
#4393 = ( GEOMETRIC_REPRESENTATION_CONTEXT(2) 
PARAMETRIC_REPRESENTATION_CONTEXT() REPRESENTATION_CONTEXT('2D SPACE',''
  ) );
#4394 = ORIENTED_EDGE('',*,*,#1239,.T.);
#4395 = ORIENTED_EDGE('',*,*,#3264,.F.);
#4396 = ORIENTED_EDGE('',*,*,#4397,.F.);
#4397 = EDGE_CURVE('',#4398,#3239,#4400,.T.);
#4398 = VERTEX_POINT('',#4399);
#4399 = CARTESIAN_POINT('',(-3.8,53.5,132.22648125062));
#4400 = SURFACE_CURVE('',#4401,(#4446,#4494),.PCURVE_S1.);
#4401 = B_SPLINE_CURVE_WITH_KNOTS('',8,(#4402,#4403,#4404,#4405,#4406,
    #4407,#4408,#4409,#4410,#4411,#4412,#4413,#4414,#4415,#4416,#4417,
    #4418,#4419,#4420,#4421,#4422,#4423,#4424,#4425,#4426,#4427,#4428,
    #4429,#4430,#4431,#4432,#4433,#4434,#4435,#4436,#4437,#4438,#4439,
    #4440,#4441,#4442,#4443,#4444,#4445),.UNSPECIFIED.,.F.,.F.,(9,7,7,7,
    7,7,9),(0.,0.198546026429,0.255915884279,0.356527317853,
    0.460856118278,0.595069393584,1.),.UNSPECIFIED.);
#4402 = CARTESIAN_POINT('',(-3.8,53.5,132.22648125062));
#4403 = CARTESIAN_POINT('',(-3.8,53.304361688354,132.22648125062));
#4404 = CARTESIAN_POINT('',(-3.810415002794,53.1085185909,
    132.23398596703));
#4405 = CARTESIAN_POINT('',(-3.831282496288,52.913271060552,
    132.24902269589));
#4406 = CARTESIAN_POINT('',(-3.862547195566,52.719419902419,
    132.27172685112));
#4407 = CARTESIAN_POINT('',(-3.904061122052,52.52775709455,
    132.30234424852));
#4408 = CARTESIAN_POINT('',(-3.955583682661,52.339056508684,
    132.34123338974));
#4409 = CARTESIAN_POINT('',(-4.016781748956,52.154064630997,
    132.38886774628));
#4410 = CARTESIAN_POINT('',(-4.1075856764,51.921314628892,
    132.46229960613));
#4411 = CARTESIAN_POINT('',(-4.128705440079,51.869528729406,
    132.4795337459));
#4412 = CARTESIAN_POINT('',(-4.150573103626,51.818161343854,
    132.49755013107));
#4413 = CARTESIAN_POINT('',(-4.17317151514,51.76723903944,
    132.51635836517));
#4414 = CARTESIAN_POINT('',(-4.196482294539,51.716787191102,
    132.53596798698));
#4415 = CARTESIAN_POINT('',(-4.220485833558,51.666829981514,
    132.55638847051));
#4416 = CARTESIAN_POINT('',(-4.245161295752,51.617390401086,
    132.57762922504));
#4417 = CARTESIAN_POINT('',(-4.31490047632,51.482732418121,
    132.6384051393));
#4418 = CARTESIAN_POINT('',(-4.36132636056,51.398608270243,
    132.67967355686));
#4419 = CARTESIAN_POINT('',(-4.409620207223,51.316291016213,
    132.72353320806));
#4420 = CARTESIAN_POINT('',(-4.459622224033,51.235933113187,
    132.77000400201));
#4421 = CARTESIAN_POINT('',(-4.511159658393,51.157666541708,
    132.81909634632));
#4422 = CARTESIAN_POINT('',(-4.564049567354,51.081603083808,
    132.87081009679));
#4423 = CARTESIAN_POINT('',(-4.618101587588,51.007834601116,
    132.92513350719));
#4424 = CARTESIAN_POINT('',(-4.730172656141,50.862393907342,
    133.04105349841));
#4425 = CARTESIAN_POINT('',(-4.788232216864,50.790941621864,
    133.1028111776));
#4426 = CARTESIAN_POINT('',(-4.847069151609,50.722166583067,
    133.16727178411));
#4427 = CARTESIAN_POINT('',(-4.906445340696,50.656135630961,
    133.23437153935));
#4428 = CARTESIAN_POINT('',(-4.966118734766,50.59289316129,
    133.30402516941));
#4429 = CARTESIAN_POINT('',(-5.025847308871,50.532461967794,
    133.37612475608));
#4430 = CARTESIAN_POINT('',(-5.08539301656,50.474844084467,
    133.45053858774));
#4431 = CARTESIAN_POINT('',(-5.22059675207,50.349495546453,
    133.62561494269));
#4432 = CARTESIAN_POINT('',(-5.295917917574,50.283657351028,
    133.72760500092));
#4433 = CARTESIAN_POINT('',(-5.370119678086,50.222346787239,
    133.83288928871));
#4434 = CARTESIAN_POINT('',(-5.442853411127,50.165389160825,
    133.94124727685));
#4435 = CARTESIAN_POINT('',(-5.513794202475,50.112598290309,
    134.05242544313));
#4436 = CARTESIAN_POINT('',(-5.582643614507,50.063779459728,
    134.16613391222));
#4437 = CARTESIAN_POINT('',(-5.64913245455,50.01873237138,
    134.28204309556));
#4438 = CARTESIAN_POINT('',(-5.905787315813,49.852111320175,
    134.75500160222));
#4439 = CARTESIAN_POINT('',(-6.074501613694,49.75971676435,
    135.12611844607));
#4440 = CARTESIAN_POINT('',(-6.216286397758,49.692025313805,
    135.50912568206));
#4441 = CARTESIAN_POINT('',(-6.329991242734,49.643300037151,
    135.90063246722));
#4442 = CARTESIAN_POINT('',(-6.415160581345,49.609429140929,
    136.29774957208));
#4443 = CARTESIAN_POINT('',(-6.471788423125,49.587778125677,
    136.6980389178));
#4444 = CARTESIAN_POINT('',(-6.5,49.576990950813,137.09943293357));
#4445 = CARTESIAN_POINT('',(-6.5,49.576990950813,137.5));
#4446 = PCURVE('',#1258,#4447);
#4447 = DEFINITIONAL_REPRESENTATION('',(#4448),#4493);
#4448 = B_SPLINE_CURVE_WITH_KNOTS('',8,(#4449,#4450,#4451,#4452,#4453,
    #4454,#4455,#4456,#4457,#4458,#4459,#4460,#4461,#4462,#4463,#4464,
    #4465,#4466,#4467,#4468,#4469,#4470,#4471,#4472,#4473,#4474,#4475,
    #4476,#4477,#4478,#4479,#4480,#4481,#4482,#4483,#4484,#4485,#4486,
    #4487,#4488,#4489,#4490,#4491,#4492),.UNSPECIFIED.,.F.,.F.,(9,7,7,7,
    7,7,9),(0.,0.198546026429,0.255915884279,0.356527317853,
    0.460856118278,0.595069393584,1.),.UNSPECIFIED.);
#4449 = CARTESIAN_POINT('',(2.195202236769,-8.5));
#4450 = CARTESIAN_POINT('',(2.195202236769,-8.695638311646));
#4451 = CARTESIAN_POINT('',(2.197176946855,-8.8914814091));
#4452 = CARTESIAN_POINT('',(2.201134266767,-9.086728939448));
#4453 = CARTESIAN_POINT('',(2.207078888175,-9.280580097581));
#4454 = CARTESIAN_POINT('',(2.215014066862,-9.47224290545));
#4455 = CARTESIAN_POINT('',(2.224943394898,-9.660943491316));
#4456 = CARTESIAN_POINT('',(2.236872572823,-9.845935369003));
#4457 = CARTESIAN_POINT('',(2.25483874174,-10.0786853711));
#4458 = CARTESIAN_POINT('',(2.259032418455,-10.13047127059));
#4459 = CARTESIAN_POINT('',(2.263391330258,-10.18183865614));
#4460 = CARTESIAN_POINT('',(2.267914488421,-10.23276096056));
#4461 = CARTESIAN_POINT('',(2.272600797197,-10.28321280889));
#4462 = CARTESIAN_POINT('',(2.277449053822,-10.33317001848));
#4463 = CARTESIAN_POINT('',(2.282457948514,-10.38260959891));
#4464 = CARTESIAN_POINT('',(2.296689561845,-10.51726758187));
#4465 = CARTESIAN_POINT('',(2.306245475893,-10.60139172975));
#4466 = CARTESIAN_POINT('',(2.3162810715,-10.68370898378));
#4467 = CARTESIAN_POINT('',(2.326781499977,-10.76406688681));
#4468 = CARTESIAN_POINT('',(2.337730052537,-10.84233345829));
#4469 = CARTESIAN_POINT('',(2.349108413773,-10.91839691619));
#4470 = CARTESIAN_POINT('',(2.360896915134,-10.99216539888));
#4471 = CARTESIAN_POINT('',(2.385702606774,-11.13760609265));
#4472 = CARTESIAN_POINT('',(2.398741956932,-11.20905837813));
#4473 = CARTESIAN_POINT('',(2.412166421557,-11.27783341693));
#4474 = CARTESIAN_POINT('',(2.425947440216,-11.34386436903));
#4475 = CARTESIAN_POINT('',(2.44005446051,-11.40710683871));
#4476 = CARTESIAN_POINT('',(2.454455089241,-11.4675380322));
#4477 = CARTESIAN_POINT('',(2.469115243568,-11.52515591553));
#4478 = CARTESIAN_POINT('',(2.503146826587,-11.65050445354));
#4479 = CARTESIAN_POINT('',(2.52264823771,-11.71634264897));
#4480 = CARTESIAN_POINT('',(2.542456129249,-11.77765321276));
#4481 = CARTESIAN_POINT('',(2.562523306785,-11.83461083917));
#4482 = CARTESIAN_POINT('',(2.582801986438,-11.88740170969));
#4483 = CARTESIAN_POINT('',(2.603242993542,-11.93622054027));
#4484 = CARTESIAN_POINT('',(2.623794961326,-11.98126762862));
#4485 = CARTESIAN_POINT('',(2.706580985764,-12.14788867982));
#4486 = CARTESIAN_POINT('',(2.769143112639,-12.24028323565));
#4487 = CARTESIAN_POINT('',(2.831703448461,-12.30797468619));
#4488 = CARTESIAN_POINT('',(2.894103764015,-12.35669996284));
#4489 = CARTESIAN_POINT('',(2.956274282327,-12.39057085907));
#4490 = CARTESIAN_POINT('',(3.018214054459,-12.41222187432));
#4491 = CARTESIAN_POINT('',(3.079966951063,-12.42300904918));
#4492 = CARTESIAN_POINT('',(3.14159265359,-12.42300904918));
#4493 = ( GEOMETRIC_REPRESENTATION_CONTEXT(2) 
PARAMETRIC_REPRESENTATION_CONTEXT() REPRESENTATION_CONTEXT('2D SPACE',''
  ) );
#4494 = PCURVE('',#3253,#4495);
#4495 = DEFINITIONAL_REPRESENTATION('',(#4496),#4541);
#4496 = B_SPLINE_CURVE_WITH_KNOTS('',8,(#4497,#4498,#4499,#4500,#4501,
    #4502,#4503,#4504,#4505,#4506,#4507,#4508,#4509,#4510,#4511,#4512,
    #4513,#4514,#4515,#4516,#4517,#4518,#4519,#4520,#4521,#4522,#4523,
    #4524,#4525,#4526,#4527,#4528,#4529,#4530,#4531,#4532,#4533,#4534,
    #4535,#4536,#4537,#4538,#4539,#4540),.UNSPECIFIED.,.F.,.F.,(9,7,7,7,
    7,7,9),(0.,0.198546026429,0.255915884279,0.356527317853,
    0.460856118278,0.595069393584,1.),.UNSPECIFIED.);
#4497 = CARTESIAN_POINT('',(0.,-15.22648125062));
#4498 = CARTESIAN_POINT('',(4.658055039191E-02,-15.22648125062));
#4499 = CARTESIAN_POINT('',(9.320989759292E-02,-15.23398596703));
#4500 = CARTESIAN_POINT('',(0.13985138149,-15.24902269589));
#4501 = CARTESIAN_POINT('',(0.186469738557,-15.27172685112));
#4502 = CARTESIAN_POINT('',(0.233029633233,-15.30234424852));
#4503 = CARTESIAN_POINT('',(0.27949418931,-15.34123338974));
#4504 = CARTESIAN_POINT('',(0.325823521308,-15.38886774628));
#4505 = CARTESIAN_POINT('',(0.385308230713,-15.46229960613));
#4506 = CARTESIAN_POINT('',(0.398622598702,-15.4795337459));
#4507 = CARTESIAN_POINT('',(0.41191249139,-15.49755013107));
#4508 = CARTESIAN_POINT('',(0.425174096957,-15.51635836517));
#4509 = CARTESIAN_POINT('',(0.438403670198,-15.53596798698));
#4510 = CARTESIAN_POINT('',(0.451597532521,-15.55638847051));
#4511 = CARTESIAN_POINT('',(0.464752071951,-15.57762922504));
#4512 = CARTESIAN_POINT('',(0.500858118268,-15.6384051393));
#4513 = CARTESIAN_POINT('',(0.523727374486,-15.67967355686));
#4514 = CARTESIAN_POINT('',(0.546437735408,-15.72353320806));
#4515 = CARTESIAN_POINT('',(0.568957079088,-15.77000400201));
#4516 = CARTESIAN_POINT('',(0.591254789366,-15.81909634632));
#4517 = CARTESIAN_POINT('',(0.613301607222,-15.87081009679));
#4518 = CARTESIAN_POINT('',(0.635069482134,-15.92513350719));
#4519 = CARTESIAN_POINT('',(0.678786335345,-16.04105349841));
#4520 = CARTESIAN_POINT('',(0.70069971224,-16.1028111776));
#4521 = CARTESIAN_POINT('',(0.72223802348,-16.16727178411));
#4522 = CARTESIAN_POINT('',(0.743368588582,-16.23437153935));
#4523 = CARTESIAN_POINT('',(0.764059842748,-16.30402516941));
#4524 = CARTESIAN_POINT('',(0.784281602389,-16.37612475608));
#4525 = CARTESIAN_POINT('',(0.80400533065,-16.45053858774));
#4526 = CARTESIAN_POINT('',(0.847902955624,-16.62561494269));
#4527 = CARTESIAN_POINT('',(0.871711709045,-16.72760500092));
#4528 = CARTESIAN_POINT('',(0.894615112553,-16.83288928871));
#4529 = CARTESIAN_POINT('',(0.916596529543,-16.94124727685));
#4530 = CARTESIAN_POINT('',(0.937639132981,-17.05242544313));
#4531 = CARTESIAN_POINT('',(0.957726800935,-17.16613391222));
#4532 = CARTESIAN_POINT('',(0.97684501211,-17.28204309556));
#4533 = CARTESIAN_POINT('',(1.049701490676,-17.75500160222));
#4534 = CARTESIAN_POINT('',(1.095372872759,-18.12611844607));
#4535 = CARTESIAN_POINT('',(1.132712749021,-18.50912568206));
#4536 = CARTESIAN_POINT('',(1.162141038713,-18.90063246722));
#4537 = CARTESIAN_POINT('',(1.183963426607,-19.29774957207));
#4538 = CARTESIAN_POINT('',(1.198397701291,-19.6980389178));
#4539 = CARTESIAN_POINT('',(1.205589105505,-20.09943293357));
#4540 = CARTESIAN_POINT('',(1.205589105505,-20.5));
#4541 = ( GEOMETRIC_REPRESENTATION_CONTEXT(2) 
PARAMETRIC_REPRESENTATION_CONTEXT() REPRESENTATION_CONTEXT('2D SPACE',''
  ) );
#4542 = ORIENTED_EDGE('',*,*,#4543,.T.);
#4543 = EDGE_CURVE('',#4398,#4544,#4546,.T.);
#4544 = VERTEX_POINT('',#4545);
#4545 = CARTESIAN_POINT('',(-3.8,56.5,132.22648125062));
#4546 = SURFACE_CURVE('',#4547,(#4551,#4557),.PCURVE_S1.);
#4547 = LINE('',#4548,#4549);
#4548 = CARTESIAN_POINT('',(-3.8,62.,132.22648125062));
#4549 = VECTOR('',#4550,1.);
#4550 = DIRECTION('',(-0.,1.,0.));
#4551 = PCURVE('',#1258,#4552);
#4552 = DEFINITIONAL_REPRESENTATION('',(#4553),#4556);
#4553 = B_SPLINE_CURVE_WITH_KNOTS('',1,(#4554,#4555),.UNSPECIFIED.,.F.,
  .F.,(2,2),(-8.8,-5.2),.PIECEWISE_BEZIER_KNOTS.);
#4554 = CARTESIAN_POINT('',(2.195202236769,-8.8));
#4555 = CARTESIAN_POINT('',(2.195202236769,-5.2));
#4556 = ( GEOMETRIC_REPRESENTATION_CONTEXT(2) 
PARAMETRIC_REPRESENTATION_CONTEXT() REPRESENTATION_CONTEXT('2D SPACE',''
  ) );
#4557 = PCURVE('',#4558,#4563);
#4558 = PLANE('',#4559);
#4559 = AXIS2_PLACEMENT_3D('',#4560,#4561,#4562);
#4560 = CARTESIAN_POINT('',(-3.8,56.5,117.));
#4561 = DIRECTION('',(1.,-1.110223024625E-16,0.));
#4562 = DIRECTION('',(-1.110223024625E-16,-1.,0.));
#4563 = DEFINITIONAL_REPRESENTATION('',(#4564),#4567);
#4564 = B_SPLINE_CURVE_WITH_KNOTS('',1,(#4565,#4566),.UNSPECIFIED.,.F.,
  .F.,(2,2),(-8.8,-5.2),.PIECEWISE_BEZIER_KNOTS.);
#4565 = CARTESIAN_POINT('',(3.3,-15.22648125062));
#4566 = CARTESIAN_POINT('',(-0.3,-15.22648125062));
#4567 = ( GEOMETRIC_REPRESENTATION_CONTEXT(2) 
PARAMETRIC_REPRESENTATION_CONTEXT() REPRESENTATION_CONTEXT('2D SPACE',''
  ) );
#4568 = ORIENTED_EDGE('',*,*,#4569,.F.);
#4569 = EDGE_CURVE('',#4570,#4544,#4572,.T.);
#4570 = VERTEX_POINT('',#4571);
#4571 = CARTESIAN_POINT('',(-6.5,60.423009049187,137.5));
#4572 = SURFACE_CURVE('',#4573,(#4618,#4666),.PCURVE_S1.);
#4573 = B_SPLINE_CURVE_WITH_KNOTS('',8,(#4574,#4575,#4576,#4577,#4578,
    #4579,#4580,#4581,#4582,#4583,#4584,#4585,#4586,#4587,#4588,#4589,
    #4590,#4591,#4592,#4593,#4594,#4595,#4596,#4597,#4598,#4599,#4600,
    #4601,#4602,#4603,#4604,#4605,#4606,#4607,#4608,#4609,#4610,#4611,
    #4612,#4613,#4614,#4615,#4616,#4617),.UNSPECIFIED.,.F.,.F.,(9,7,7,7,
    7,7,9),(0.,0.403528187133,0.5400618589,0.643893405407,0.743227092431
    ,0.800862886584,1.),.UNSPECIFIED.);
#4574 = CARTESIAN_POINT('',(-6.5,60.423009049187,137.5));
#4575 = CARTESIAN_POINT('',(-6.5,60.423009049187,137.10079631978));
#4576 = CARTESIAN_POINT('',(-6.471980136437,60.412295189731,
    136.7007870244));
#4577 = CARTESIAN_POINT('',(-6.41574168595,60.390793005126,
    136.30187753192));
#4578 = CARTESIAN_POINT('',(-6.331161689536,60.357165228507,
    135.90610869927));
#4579 = CARTESIAN_POINT('',(-6.218245104832,60.308813319343,
    135.51588555223));
#4580 = CARTESIAN_POINT('',(-6.07743567695,60.241682922226,
    135.1340577312));
#4581 = CARTESIAN_POINT('',(-5.90985793258,60.150116335372,
    134.76397018137));
#4582 = CARTESIAN_POINT('',(-5.653523496888,59.984251131429,
    134.28966513091));
#4583 = CARTESIAN_POINT('',(-5.586017627989,59.938639538833,
    134.17162704524));
#4584 = CARTESIAN_POINT('',(-5.51605771304,59.889135142102,
    134.05585384419));
#4585 = CARTESIAN_POINT('',(-5.443925744308,59.835526805714,
    133.94269289662));
#4586 = CARTESIAN_POINT('',(-5.369935095757,59.7776092603,
    133.83244920211));
#4587 = CARTESIAN_POINT('',(-5.294427526092,59.715186316107,
    133.72538900714));
#4588 = CARTESIAN_POINT('',(-5.217770181804,59.648074076451,
    133.62174342128));
#4589 = CARTESIAN_POINT('',(-5.081477839736,59.521372241126,
    133.44563985592));
#4590 = CARTESIAN_POINT('',(-5.022205469778,59.46387010064,
    133.37171200482));
#4591 = CARTESIAN_POINT('',(-4.962762836569,59.403581021933,
    133.3000821664));
#4592 = CARTESIAN_POINT('',(-4.903384952122,59.340507921125,
    133.23087954403));
#4593 = CARTESIAN_POINT('',(-4.844310629824,59.274674170809,
    133.16420999134));
#4594 = CARTESIAN_POINT('',(-4.785778620028,59.20612443262,
    133.10015714534));
#4595 = CARTESIAN_POINT('',(-4.728023745636,59.134925489797,
    133.0387835596));
#4596 = CARTESIAN_POINT('',(-4.61698070313,58.990603796579,
    132.92402083825));
#4597 = CARTESIAN_POINT('',(-4.56363558889,58.917734498972,
    132.87043018683));
#4598 = CARTESIAN_POINT('',(-4.511425412696,58.842629198066,
    132.81938327332));
#4599 = CARTESIAN_POINT('',(-4.460533421237,58.765376600315,
    132.77089144841));
#4600 = CARTESIAN_POINT('',(-4.411135786871,58.686084368491,
    132.72495501156));
#4601 = CARTESIAN_POINT('',(-4.363399004331,58.604879382683,
    132.68156419923));
#4602 = CARTESIAN_POINT('',(-4.317477287429,58.521908001297,
    132.64070017317));
#4603 = CARTESIAN_POINT('',(-4.247999068331,58.388265799827,
    132.58007619769));
#4604 = CARTESIAN_POINT('',(-4.22314195362,58.338648599949,
    132.55865443854));
#4605 = CARTESIAN_POINT('',(-4.198961133525,58.288506802988,
    132.53806131677));
#4606 = CARTESIAN_POINT('',(-4.175477867251,58.237863713456,
    132.5182873439));
#4607 = CARTESIAN_POINT('',(-4.152712161318,58.186743859807,
    132.49932295736));
#4608 = CARTESIAN_POINT('',(-4.130682769556,58.135172994428,
    132.4811585205));
#4609 = CARTESIAN_POINT('',(-4.109407193106,58.083178093648,
    132.46378432256));
#4610 = CARTESIAN_POINT('',(-4.018053197029,57.849772416014,
    132.38985762616));
#4611 = CARTESIAN_POINT('',(-3.956501237846,57.66429937409,
    132.34192635622));
#4612 = CARTESIAN_POINT('',(-3.904677551578,57.475084088124,
    132.30279885972));
#4613 = CARTESIAN_POINT('',(-3.862918876844,57.282879401102,
    132.2719964514));
#4614 = CARTESIAN_POINT('',(-3.831468480948,57.088465979627,
    132.24915665339));
#4615 = CARTESIAN_POINT('',(-3.810476631376,56.892642975665,
    132.23403065525));
#4616 = CARTESIAN_POINT('',(-3.8,56.696218513225,132.22648125062));
#4617 = CARTESIAN_POINT('',(-3.8,56.5,132.22648125062));
#4618 = PCURVE('',#1258,#4619);
#4619 = DEFINITIONAL_REPRESENTATION('',(#4620),#4665);
#4620 = B_SPLINE_CURVE_WITH_KNOTS('',8,(#4621,#4622,#4623,#4624,#4625,
    #4626,#4627,#4628,#4629,#4630,#4631,#4632,#4633,#4634,#4635,#4636,
    #4637,#4638,#4639,#4640,#4641,#4642,#4643,#4644,#4645,#4646,#4647,
    #4648,#4649,#4650,#4651,#4652,#4653,#4654,#4655,#4656,#4657,#4658,
    #4659,#4660,#4661,#4662,#4663,#4664),.UNSPECIFIED.,.F.,.F.,(9,7,7,7,
    7,7,9),(0.,0.403528187133,0.5400618589,0.643893405407,0.743227092431
    ,0.800862886584,1.),.UNSPECIFIED.);
#4621 = CARTESIAN_POINT('',(3.14159265359,-1.576990950813));
#4622 = CARTESIAN_POINT('',(3.080176702787,-1.576990950813));
#4623 = CARTESIAN_POINT('',(3.018636838601,-1.587704810269));
#4624 = CARTESIAN_POINT('',(2.956912987838,-1.609206994874));
#4625 = CARTESIAN_POINT('',(2.894960965897,-1.642834771492));
#4626 = CARTESIAN_POINT('',(2.832780675877,-1.691186680658));
#4627 = CARTESIAN_POINT('',(2.770439660644,-1.758317077774));
#4628 = CARTESIAN_POINT('',(2.708092497952,-1.849883664628));
#4629 = CARTESIAN_POINT('',(2.625147784945,-2.015748868571));
#4630 = CARTESIAN_POINT('',(2.604234155324,-2.061360461167));
#4631 = CARTESIAN_POINT('',(2.583433437116,-2.110864857898));
#4632 = CARTESIAN_POINT('',(2.562799619406,-2.164473194286));
#4633 = CARTESIAN_POINT('',(2.54238435623,-2.2223907397));
#4634 = CARTESIAN_POINT('',(2.522237833324,-2.284813683893));
#4635 = CARTESIAN_POINT('',(2.502409634883,-2.351925923549));
#4636 = CARTESIAN_POINT('',(2.46815059099,-2.478627758874));
#4637 = CARTESIAN_POINT('',(2.453575042699,-2.53612989936));
#4638 = CARTESIAN_POINT('',(2.439258066997,-2.596418978067));
#4639 = CARTESIAN_POINT('',(2.425233249108,-2.659492078875));
#4640 = CARTESIAN_POINT('',(2.411532510162,-2.725325829191));
#4641 = CARTESIAN_POINT('',(2.398185959441,-2.79387556738));
#4642 = CARTESIAN_POINT('',(2.385221746627,-2.865074510203));
#4643 = CARTESIAN_POINT('',(2.360653985243,-3.009396203421));
#4644 = CARTESIAN_POINT('',(2.349022055041,-3.082265501028));
#4645 = CARTESIAN_POINT('',(2.337790120231,-3.157370801934));
#4646 = CARTESIAN_POINT('',(2.32697712421,-3.234623399685));
#4647 = CARTESIAN_POINT('',(2.31660071904,-3.313915631509));
#4648 = CARTESIAN_POINT('',(2.306677027519,-3.395120617317));
#4649 = CARTESIAN_POINT('',(2.297220405249,-3.478091998703));
#4650 = CARTESIAN_POINT('',(2.283034413883,-3.611734200173));
#4651 = CARTESIAN_POINT('',(2.277986173201,-3.661351400051));
#4652 = CARTESIAN_POINT('',(2.273099935482,-3.711493197012));
#4653 = CARTESIAN_POINT('',(2.268377045853,-3.762136286544));
#4654 = CARTESIAN_POINT('',(2.26381873975,-3.813256140193));
#4655 = CARTESIAN_POINT('',(2.259426142911,-3.864827005572));
#4656 = CARTESIAN_POINT('',(2.255200271379,-3.916821906352));
#4657 = CARTESIAN_POINT('',(2.237120429362,-4.150227583986));
#4658 = CARTESIAN_POINT('',(2.22512050847,-4.33570062591));
#4659 = CARTESIAN_POINT('',(2.215131848052,-4.524915911876));
#4660 = CARTESIAN_POINT('',(2.207149256946,-4.717120598898));
#4661 = CARTESIAN_POINT('',(2.201169480064,-4.911534020373));
#4662 = CARTESIAN_POINT('',(2.197188900423,-5.107357024335));
#4663 = CARTESIAN_POINT('',(2.195202236769,-5.303781486775));
#4664 = CARTESIAN_POINT('',(2.195202236769,-5.5));
#4665 = ( GEOMETRIC_REPRESENTATION_CONTEXT(2) 
PARAMETRIC_REPRESENTATION_CONTEXT() REPRESENTATION_CONTEXT('2D SPACE',''
  ) );
#4666 = PCURVE('',#3432,#4667);
#4667 = DEFINITIONAL_REPRESENTATION('',(#4668),#4713);
#4668 = B_SPLINE_CURVE_WITH_KNOTS('',8,(#4669,#4670,#4671,#4672,#4673,
    #4674,#4675,#4676,#4677,#4678,#4679,#4680,#4681,#4682,#4683,#4684,
    #4685,#4686,#4687,#4688,#4689,#4690,#4691,#4692,#4693,#4694,#4695,
    #4696,#4697,#4698,#4699,#4700,#4701,#4702,#4703,#4704,#4705,#4706,
    #4707,#4708,#4709,#4710,#4711,#4712),.UNSPECIFIED.,.F.,.F.,(9,7,7,7,
    7,7,9),(0.,0.403528187133,0.5400618589,0.643893405407,0.743227092431
    ,0.800862886584,1.),.UNSPECIFIED.);
#4669 = CARTESIAN_POINT('',(1.936003548085,-20.5));
#4670 = CARTESIAN_POINT('',(1.936003548085,-20.10079631978));
#4671 = CARTESIAN_POINT('',(1.943146078115,-19.7007870244));
#4672 = CARTESIAN_POINT('',(1.957481118831,-19.30187753192));
#4673 = CARTESIAN_POINT('',(1.979151722126,-18.90610869927));
#4674 = CARTESIAN_POINT('',(2.008373036414,-18.51588555223));
#4675 = CARTESIAN_POINT('',(2.04544719262,-18.1340577312));
#4676 = CARTESIAN_POINT('',(2.090789380636,-17.76397018137));
#4677 = CARTESIAN_POINT('',(2.163483958375,-17.28966513091));
#4678 = CARTESIAN_POINT('',(2.182877902471,-17.17162704524));
#4679 = CARTESIAN_POINT('',(2.203275336403,-17.05585384419));
#4680 = CARTESIAN_POINT('',(2.224661100927,-16.94269289662));
#4681 = CARTESIAN_POINT('',(2.247018303135,-16.83244920211));
#4682 = CARTESIAN_POINT('',(2.270329289198,-16.72538900714));
#4683 = CARTESIAN_POINT('',(2.294576617116,-16.62174342128));
#4684 = CARTESIAN_POINT('',(2.338883420582,-16.44563985592));
#4685 = CARTESIAN_POINT('',(2.358541271871,-16.37171200482));
#4686 = CARTESIAN_POINT('',(2.378691209223,-16.3000821664));
#4687 = CARTESIAN_POINT('',(2.399304986774,-16.23087954403));
#4688 = CARTESIAN_POINT('',(2.420352741156,-16.16420999134));
#4689 = CARTESIAN_POINT('',(2.441803245763,-16.10015714534));
#4690 = CARTESIAN_POINT('',(2.463624165015,-16.0387835596));
#4691 = CARTESIAN_POINT('',(2.506980587711,-15.92402083825));
#4692 = CARTESIAN_POINT('',(2.528476519478,-15.87043018683));
#4693 = CARTESIAN_POINT('',(2.550244065326,-15.81938327332));
#4694 = CARTESIAN_POINT('',(2.572256174495,-15.77089144841));
#4695 = CARTESIAN_POINT('',(2.594484644539,-15.72495501156));
#4696 = CARTESIAN_POINT('',(2.616899981811,-15.68156419923));
#4697 = CARTESIAN_POINT('',(2.63947126195,-15.64070017317));
#4698 = CARTESIAN_POINT('',(2.675334017584,-15.58007619769));
#4699 = CARTESIAN_POINT('',(2.68854570599,-15.55865443854));
#4700 = CARTESIAN_POINT('',(2.701797443603,-15.53806131677));
#4701 = CARTESIAN_POINT('',(2.715085549829,-15.5182873439));
#4702 = CARTESIAN_POINT('',(2.728406275459,-15.49932295736));
#4703 = CARTESIAN_POINT('',(2.741755802669,-15.4811585205));
#4704 = CARTESIAN_POINT('',(2.755130245016,-15.46378432256));
#4705 = CARTESIAN_POINT('',(2.814808028227,-15.38985762616));
#4706 = CARTESIAN_POINT('',(2.861272092262,-15.34192635622));
#4707 = CARTESIAN_POINT('',(2.907872770259,-15.30279885972));
#4708 = CARTESIAN_POINT('',(2.95456989363,-15.2719964514));
#4709 = CARTESIAN_POINT('',(3.001326306537,-15.24915665339));
#4710 = CARTESIAN_POINT('',(3.048106241703,-15.23403065525));
#4711 = CARTESIAN_POINT('',(3.094873959965,-15.22648125062));
#4712 = CARTESIAN_POINT('',(3.14159265359,-15.22648125062));
#4713 = ( GEOMETRIC_REPRESENTATION_CONTEXT(2) 
PARAMETRIC_REPRESENTATION_CONTEXT() REPRESENTATION_CONTEXT('2D SPACE',''
  ) );
#4714 = ORIENTED_EDGE('',*,*,#4715,.F.);
#4715 = EDGE_CURVE('',#1672,#4570,#4716,.T.);
#4716 = SURFACE_CURVE('',#4717,(#4721,#4728),.PCURVE_S1.);
#4717 = LINE('',#4718,#4719);
#4718 = CARTESIAN_POINT('',(-6.5,62.,137.5));
#4719 = VECTOR('',#4720,1.);
#4720 = DIRECTION('',(0.,-1.,0.));
#4721 = PCURVE('',#1258,#4722);
#4722 = DEFINITIONAL_REPRESENTATION('',(#4723),#4727);
#4723 = LINE('',#4724,#4725);
#4724 = CARTESIAN_POINT('',(3.14159265359,0.));
#4725 = VECTOR('',#4726,1.);
#4726 = DIRECTION('',(0.,-1.));
#4727 = ( GEOMETRIC_REPRESENTATION_CONTEXT(2) 
PARAMETRIC_REPRESENTATION_CONTEXT() REPRESENTATION_CONTEXT('2D SPACE',''
  ) );
#4728 = PCURVE('',#1686,#4729);
#4729 = DEFINITIONAL_REPRESENTATION('',(#4730),#4734);
#4730 = LINE('',#4731,#4732);
#4731 = CARTESIAN_POINT('',(0.,0.));
#4732 = VECTOR('',#4733,1.);
#4733 = DIRECTION('',(0.,-1.));
#4734 = ( GEOMETRIC_REPRESENTATION_CONTEXT(2) 
PARAMETRIC_REPRESENTATION_CONTEXT() REPRESENTATION_CONTEXT('2D SPACE',''
  ) );
#4735 = ADVANCED_FACE('',(#4736),#1228,.F.);
#4736 = FACE_BOUND('',#4737,.F.);
#4737 = EDGE_LOOP('',(#4738,#4757,#4758,#4759));
#4738 = ORIENTED_EDGE('',*,*,#4739,.F.);
#4739 = EDGE_CURVE('',#3658,#4229,#4740,.T.);
#4740 = SURFACE_CURVE('',#4741,(#4745,#4751),.PCURVE_S1.);
#4741 = LINE('',#4742,#4743);
#4742 = CARTESIAN_POINT('',(6.5,49.576990950813,117.));
#4743 = VECTOR('',#4744,1.);
#4744 = DIRECTION('',(-0.,0.,-1.));
#4745 = PCURVE('',#1228,#4746);
#4746 = DEFINITIONAL_REPRESENTATION('',(#4747),#4750);
#4747 = B_SPLINE_CURVE_WITH_KNOTS('',1,(#4748,#4749),.UNSPECIFIED.,.F.,
  .F.,(2,2),(-32.6,-19.4),.PIECEWISE_BEZIER_KNOTS.);
#4748 = CARTESIAN_POINT('',(-1.1,-12.42300904918));
#4749 = CARTESIAN_POINT('',(12.1,-12.42300904918));
#4750 = ( GEOMETRIC_REPRESENTATION_CONTEXT(2) 
PARAMETRIC_REPRESENTATION_CONTEXT() REPRESENTATION_CONTEXT('2D SPACE',''
  ) );
#4751 = PCURVE('',#3778,#4752);
#4752 = DEFINITIONAL_REPRESENTATION('',(#4753),#4756);
#4753 = B_SPLINE_CURVE_WITH_KNOTS('',1,(#4754,#4755),.UNSPECIFIED.,.F.,
  .F.,(2,2),(-32.6,-19.4),.PIECEWISE_BEZIER_KNOTS.);
#4754 = CARTESIAN_POINT('',(1.936003548085,-32.6));
#4755 = CARTESIAN_POINT('',(1.936003548085,-19.4));
#4756 = ( GEOMETRIC_REPRESENTATION_CONTEXT(2) 
PARAMETRIC_REPRESENTATION_CONTEXT() REPRESENTATION_CONTEXT('2D SPACE',''
  ) );
#4757 = ORIENTED_EDGE('',*,*,#3657,.T.);
#4758 = ORIENTED_EDGE('',*,*,#1213,.F.);
#4759 = ORIENTED_EDGE('',*,*,#4374,.F.);
#4760 = ADVANCED_FACE('',(#4761),#1485,.F.);
#4761 = FACE_BOUND('',#4762,.T.);
#4762 = EDGE_LOOP('',(#4763,#4764,#4787,#4814));
#4763 = ORIENTED_EDGE('',*,*,#1464,.T.);
#4764 = ORIENTED_EDGE('',*,*,#4765,.T.);
#4765 = EDGE_CURVE('',#1465,#4766,#4768,.T.);
#4766 = VERTEX_POINT('',#4767);
#4767 = CARTESIAN_POINT('',(-22.124,51.,212.));
#4768 = SEAM_CURVE('',#4769,(#4773,#4780),.PCURVE_S1.);
#4769 = LINE('',#4770,#4771);
#4770 = CARTESIAN_POINT('',(-22.124,62.,212.));
#4771 = VECTOR('',#4772,1.);
#4772 = DIRECTION('',(0.,-1.,0.));
#4773 = PCURVE('',#1485,#4774);
#4774 = DEFINITIONAL_REPRESENTATION('',(#4775),#4779);
#4775 = LINE('',#4776,#4777);
#4776 = CARTESIAN_POINT('',(-6.28318530718,0.));
#4777 = VECTOR('',#4778,1.);
#4778 = DIRECTION('',(-0.,-1.));
#4779 = ( GEOMETRIC_REPRESENTATION_CONTEXT(2) 
PARAMETRIC_REPRESENTATION_CONTEXT() REPRESENTATION_CONTEXT('2D SPACE',''
  ) );
#4780 = PCURVE('',#1485,#4781);
#4781 = DEFINITIONAL_REPRESENTATION('',(#4782),#4786);
#4782 = LINE('',#4783,#4784);
#4783 = CARTESIAN_POINT('',(-0.,0.));
#4784 = VECTOR('',#4785,1.);
#4785 = DIRECTION('',(-0.,-1.));
#4786 = ( GEOMETRIC_REPRESENTATION_CONTEXT(2) 
PARAMETRIC_REPRESENTATION_CONTEXT() REPRESENTATION_CONTEXT('2D SPACE',''
  ) );
#4787 = ORIENTED_EDGE('',*,*,#4788,.T.);
#4788 = EDGE_CURVE('',#4766,#4766,#4789,.T.);
#4789 = SURFACE_CURVE('',#4790,(#4795,#4802),.PCURVE_S1.);
#4790 = CIRCLE('',#4791,1.376);
#4791 = AXIS2_PLACEMENT_3D('',#4792,#4793,#4794);
#4792 = CARTESIAN_POINT('',(-23.5,51.,212.));
#4793 = DIRECTION('',(0.,-1.,0.));
#4794 = DIRECTION('',(1.,0.,0.));
#4795 = PCURVE('',#1485,#4796);
#4796 = DEFINITIONAL_REPRESENTATION('',(#4797),#4801);
#4797 = LINE('',#4798,#4799);
#4798 = CARTESIAN_POINT('',(-0.,-11.));
#4799 = VECTOR('',#4800,1.);
#4800 = DIRECTION('',(-1.,0.));
#4801 = ( GEOMETRIC_REPRESENTATION_CONTEXT(2) 
PARAMETRIC_REPRESENTATION_CONTEXT() REPRESENTATION_CONTEXT('2D SPACE',''
  ) );
#4802 = PCURVE('',#4803,#4808);
#4803 = PLANE('',#4804);
#4804 = AXIS2_PLACEMENT_3D('',#4805,#4806,#4807);
#4805 = CARTESIAN_POINT('',(-23.5,51.,212.));
#4806 = DIRECTION('',(-0.,-1.,-0.));
#4807 = DIRECTION('',(0.,0.,-1.));
#4808 = DEFINITIONAL_REPRESENTATION('',(#4809),#4813);
#4809 = CIRCLE('',#4810,1.376);
#4810 = AXIS2_PLACEMENT_2D('',#4811,#4812);
#4811 = CARTESIAN_POINT('',(0.,0.));
#4812 = DIRECTION('',(0.,1.));
#4813 = ( GEOMETRIC_REPRESENTATION_CONTEXT(2) 
PARAMETRIC_REPRESENTATION_CONTEXT() REPRESENTATION_CONTEXT('2D SPACE',''
  ) );
#4814 = ORIENTED_EDGE('',*,*,#4765,.F.);
#4815 = ADVANCED_FACE('',(#4816),#1520,.F.);
#4816 = FACE_BOUND('',#4817,.T.);
#4817 = EDGE_LOOP('',(#4818,#4819,#4842,#4868));
#4818 = ORIENTED_EDGE('',*,*,#1499,.T.);
#4819 = ORIENTED_EDGE('',*,*,#4820,.T.);
#4820 = EDGE_CURVE('',#1500,#4821,#4823,.T.);
#4821 = VERTEX_POINT('',#4822);
#4822 = CARTESIAN_POINT('',(18.,56.,212.));
#4823 = SEAM_CURVE('',#4824,(#4828,#4835),.PCURVE_S1.);
#4824 = LINE('',#4825,#4826);
#4825 = CARTESIAN_POINT('',(18.,62.,212.));
#4826 = VECTOR('',#4827,1.);
#4827 = DIRECTION('',(0.,-1.,0.));
#4828 = PCURVE('',#1520,#4829);
#4829 = DEFINITIONAL_REPRESENTATION('',(#4830),#4834);
#4830 = LINE('',#4831,#4832);
#4831 = CARTESIAN_POINT('',(-6.28318530718,0.));
#4832 = VECTOR('',#4833,1.);
#4833 = DIRECTION('',(-0.,-1.));
#4834 = ( GEOMETRIC_REPRESENTATION_CONTEXT(2) 
PARAMETRIC_REPRESENTATION_CONTEXT() REPRESENTATION_CONTEXT('2D SPACE',''
  ) );
#4835 = PCURVE('',#1520,#4836);
#4836 = DEFINITIONAL_REPRESENTATION('',(#4837),#4841);
#4837 = LINE('',#4838,#4839);
#4838 = CARTESIAN_POINT('',(-0.,0.));
#4839 = VECTOR('',#4840,1.);
#4840 = DIRECTION('',(-0.,-1.));
#4841 = ( GEOMETRIC_REPRESENTATION_CONTEXT(2) 
PARAMETRIC_REPRESENTATION_CONTEXT() REPRESENTATION_CONTEXT('2D SPACE',''
  ) );
#4842 = ORIENTED_EDGE('',*,*,#4843,.F.);
#4843 = EDGE_CURVE('',#4821,#4821,#4844,.T.);
#4844 = SURFACE_CURVE('',#4845,(#4850,#4857),.PCURVE_S1.);
#4845 = CIRCLE('',#4846,18.);
#4846 = AXIS2_PLACEMENT_3D('',#4847,#4848,#4849);
#4847 = CARTESIAN_POINT('',(0.,56.,212.));
#4848 = DIRECTION('',(-0.,1.,0.));
#4849 = DIRECTION('',(1.,0.,0.));
#4850 = PCURVE('',#1520,#4851);
#4851 = DEFINITIONAL_REPRESENTATION('',(#4852),#4856);
#4852 = LINE('',#4853,#4854);
#4853 = CARTESIAN_POINT('',(-6.28318530718,-6.));
#4854 = VECTOR('',#4855,1.);
#4855 = DIRECTION('',(1.,-0.));
#4856 = ( GEOMETRIC_REPRESENTATION_CONTEXT(2) 
PARAMETRIC_REPRESENTATION_CONTEXT() REPRESENTATION_CONTEXT('2D SPACE',''
  ) );
#4857 = PCURVE('',#3090,#4858);
#4858 = DEFINITIONAL_REPRESENTATION('',(#4859),#4867);
#4859 = ( BOUNDED_CURVE() B_SPLINE_CURVE(2,(#4860,#4861,#4862,#4863,
#4864,#4865,#4866),.UNSPECIFIED.,.T.,.F.) B_SPLINE_CURVE_WITH_KNOTS((1,2
    ,2,2,2,1),(-2.094395102393,0.,2.094395102393,4.188790204786,
6.28318530718,8.377580409573),.UNSPECIFIED.) CURVE() 
GEOMETRIC_REPRESENTATION_ITEM() RATIONAL_B_SPLINE_CURVE((1.,0.5,1.,0.5,
1.,0.5,1.)) REPRESENTATION_ITEM('') );
#4860 = CARTESIAN_POINT('',(2.84217094304E-14,18.));
#4861 = CARTESIAN_POINT('',(31.17691453624,18.));
#4862 = CARTESIAN_POINT('',(15.58845726812,-9.));
#4863 = CARTESIAN_POINT('',(3.283043790733E-14,-36.));
#4864 = CARTESIAN_POINT('',(-15.58845726812,-9.));
#4865 = CARTESIAN_POINT('',(-31.17691453624,18.));
#4866 = CARTESIAN_POINT('',(2.84217094304E-14,18.));
#4867 = ( GEOMETRIC_REPRESENTATION_CONTEXT(2) 
PARAMETRIC_REPRESENTATION_CONTEXT() REPRESENTATION_CONTEXT('2D SPACE',''
  ) );
#4868 = ORIENTED_EDGE('',*,*,#4820,.F.);
#4869 = ADVANCED_FACE('',(#4870),#1555,.F.);
#4870 = FACE_BOUND('',#4871,.T.);
#4871 = EDGE_LOOP('',(#4872,#4873,#4896,#4923));
#4872 = ORIENTED_EDGE('',*,*,#1534,.T.);
#4873 = ORIENTED_EDGE('',*,*,#4874,.T.);
#4874 = EDGE_CURVE('',#1535,#4875,#4877,.T.);
#4875 = VERTEX_POINT('',#4876);
#4876 = CARTESIAN_POINT('',(24.876,51.,212.));
#4877 = SEAM_CURVE('',#4878,(#4882,#4889),.PCURVE_S1.);
#4878 = LINE('',#4879,#4880);
#4879 = CARTESIAN_POINT('',(24.876,62.,212.));
#4880 = VECTOR('',#4881,1.);
#4881 = DIRECTION('',(0.,-1.,0.));
#4882 = PCURVE('',#1555,#4883);
#4883 = DEFINITIONAL_REPRESENTATION('',(#4884),#4888);
#4884 = LINE('',#4885,#4886);
#4885 = CARTESIAN_POINT('',(-6.28318530718,0.));
#4886 = VECTOR('',#4887,1.);
#4887 = DIRECTION('',(-0.,-1.));
#4888 = ( GEOMETRIC_REPRESENTATION_CONTEXT(2) 
PARAMETRIC_REPRESENTATION_CONTEXT() REPRESENTATION_CONTEXT('2D SPACE',''
  ) );
#4889 = PCURVE('',#1555,#4890);
#4890 = DEFINITIONAL_REPRESENTATION('',(#4891),#4895);
#4891 = LINE('',#4892,#4893);
#4892 = CARTESIAN_POINT('',(-0.,0.));
#4893 = VECTOR('',#4894,1.);
#4894 = DIRECTION('',(-0.,-1.));
#4895 = ( GEOMETRIC_REPRESENTATION_CONTEXT(2) 
PARAMETRIC_REPRESENTATION_CONTEXT() REPRESENTATION_CONTEXT('2D SPACE',''
  ) );
#4896 = ORIENTED_EDGE('',*,*,#4897,.T.);
#4897 = EDGE_CURVE('',#4875,#4875,#4898,.T.);
#4898 = SURFACE_CURVE('',#4899,(#4904,#4911),.PCURVE_S1.);
#4899 = CIRCLE('',#4900,1.376);
#4900 = AXIS2_PLACEMENT_3D('',#4901,#4902,#4903);
#4901 = CARTESIAN_POINT('',(23.5,51.,212.));
#4902 = DIRECTION('',(0.,-1.,0.));
#4903 = DIRECTION('',(1.,0.,0.));
#4904 = PCURVE('',#1555,#4905);
#4905 = DEFINITIONAL_REPRESENTATION('',(#4906),#4910);
#4906 = LINE('',#4907,#4908);
#4907 = CARTESIAN_POINT('',(-0.,-11.));
#4908 = VECTOR('',#4909,1.);
#4909 = DIRECTION('',(-1.,0.));
#4910 = ( GEOMETRIC_REPRESENTATION_CONTEXT(2) 
PARAMETRIC_REPRESENTATION_CONTEXT() REPRESENTATION_CONTEXT('2D SPACE',''
  ) );
#4911 = PCURVE('',#4912,#4917);
#4912 = PLANE('',#4913);
#4913 = AXIS2_PLACEMENT_3D('',#4914,#4915,#4916);
#4914 = CARTESIAN_POINT('',(23.5,51.,212.));
#4915 = DIRECTION('',(-0.,-1.,-0.));
#4916 = DIRECTION('',(0.,0.,-1.));
#4917 = DEFINITIONAL_REPRESENTATION('',(#4918),#4922);
#4918 = CIRCLE('',#4919,1.376);
#4919 = AXIS2_PLACEMENT_2D('',#4920,#4921);
#4920 = CARTESIAN_POINT('',(0.,3.552713678801E-15));
#4921 = DIRECTION('',(0.,1.));
#4922 = ( GEOMETRIC_REPRESENTATION_CONTEXT(2) 
PARAMETRIC_REPRESENTATION_CONTEXT() REPRESENTATION_CONTEXT('2D SPACE',''
  ) );
#4923 = ORIENTED_EDGE('',*,*,#4874,.F.);
#4924 = ADVANCED_FACE('',(#4925),#1686,.F.);
#4925 = FACE_BOUND('',#4926,.F.);
#4926 = EDGE_LOOP('',(#4927,#4928,#4929,#4948));
#4927 = ORIENTED_EDGE('',*,*,#1669,.T.);
#4928 = ORIENTED_EDGE('',*,*,#4715,.T.);
#4929 = ORIENTED_EDGE('',*,*,#4930,.F.);
#4930 = EDGE_CURVE('',#3312,#4570,#4931,.T.);
#4931 = SURFACE_CURVE('',#4932,(#4936,#4942),.PCURVE_S1.);
#4932 = LINE('',#4933,#4934);
#4933 = CARTESIAN_POINT('',(-6.5,60.423009049187,117.));
#4934 = VECTOR('',#4935,1.);
#4935 = DIRECTION('',(0.,0.,-1.));
#4936 = PCURVE('',#1686,#4937);
#4937 = DEFINITIONAL_REPRESENTATION('',(#4938),#4941);
#4938 = B_SPLINE_CURVE_WITH_KNOTS('',1,(#4939,#4940),.UNSPECIFIED.,.F.,
  .F.,(2,2),(-32.6,-19.4),.PIECEWISE_BEZIER_KNOTS.);
#4939 = CARTESIAN_POINT('',(12.1,-1.576990950813));
#4940 = CARTESIAN_POINT('',(-1.1,-1.576990950813));
#4941 = ( GEOMETRIC_REPRESENTATION_CONTEXT(2) 
PARAMETRIC_REPRESENTATION_CONTEXT() REPRESENTATION_CONTEXT('2D SPACE',''
  ) );
#4942 = PCURVE('',#3432,#4943);
#4943 = DEFINITIONAL_REPRESENTATION('',(#4944),#4947);
#4944 = B_SPLINE_CURVE_WITH_KNOTS('',1,(#4945,#4946),.UNSPECIFIED.,.F.,
  .F.,(2,2),(-32.6,-19.4),.PIECEWISE_BEZIER_KNOTS.);
#4945 = CARTESIAN_POINT('',(1.936003548085,-32.6));
#4946 = CARTESIAN_POINT('',(1.936003548085,-19.4));
#4947 = ( GEOMETRIC_REPRESENTATION_CONTEXT(2) 
PARAMETRIC_REPRESENTATION_CONTEXT() REPRESENTATION_CONTEXT('2D SPACE',''
  ) );
#4948 = ORIENTED_EDGE('',*,*,#3311,.F.);
#4949 = ADVANCED_FACE('',(#4950),#1740,.F.);
#4950 = FACE_BOUND('',#4951,.F.);
#4951 = EDGE_LOOP('',(#4952,#4953,#4954,#4973));
#4952 = ORIENTED_EDGE('',*,*,#1725,.T.);
#4953 = ORIENTED_EDGE('',*,*,#4008,.T.);
#4954 = ORIENTED_EDGE('',*,*,#4955,.T.);
#4955 = EDGE_CURVE('',#3858,#4034,#4956,.T.);
#4956 = SURFACE_CURVE('',#4957,(#4961,#4967),.PCURVE_S1.);
#4957 = LINE('',#4958,#4959);
#4958 = CARTESIAN_POINT('',(6.5,60.423009049187,117.));
#4959 = VECTOR('',#4960,1.);
#4960 = DIRECTION('',(0.,0.,-1.));
#4961 = PCURVE('',#1740,#4962);
#4962 = DEFINITIONAL_REPRESENTATION('',(#4963),#4966);
#4963 = B_SPLINE_CURVE_WITH_KNOTS('',1,(#4964,#4965),.UNSPECIFIED.,.F.,
  .F.,(2,2),(-32.6,-19.4),.PIECEWISE_BEZIER_KNOTS.);
#4964 = CARTESIAN_POINT('',(-1.1,-1.576990950813));
#4965 = CARTESIAN_POINT('',(12.1,-1.576990950813));
#4966 = ( GEOMETRIC_REPRESENTATION_CONTEXT(2) 
PARAMETRIC_REPRESENTATION_CONTEXT() REPRESENTATION_CONTEXT('2D SPACE',''
  ) );
#4967 = PCURVE('',#3955,#4968);
#4968 = DEFINITIONAL_REPRESENTATION('',(#4969),#4972);
#4969 = B_SPLINE_CURVE_WITH_KNOTS('',1,(#4970,#4971),.UNSPECIFIED.,.F.,
  .F.,(2,2),(-32.6,-19.4),.PIECEWISE_BEZIER_KNOTS.);
#4970 = CARTESIAN_POINT('',(1.205589105505,-32.6));
#4971 = CARTESIAN_POINT('',(1.205589105505,-19.4));
#4972 = ( GEOMETRIC_REPRESENTATION_CONTEXT(2) 
PARAMETRIC_REPRESENTATION_CONTEXT() REPRESENTATION_CONTEXT('2D SPACE',''
  ) );
#4973 = ORIENTED_EDGE('',*,*,#4033,.F.);
#4974 = ADVANCED_FACE('',(#4975,#5086),#1846,.F.);
#4975 = FACE_BOUND('',#4976,.F.);
#4976 = EDGE_LOOP('',(#4977,#5007,#5036,#5064));
#4977 = ORIENTED_EDGE('',*,*,#4978,.T.);
#4978 = EDGE_CURVE('',#4979,#4981,#4983,.T.);
#4979 = VERTEX_POINT('',#4980);
#4980 = CARTESIAN_POINT('',(-30.2,53.5,117.));
#4981 = VERTEX_POINT('',#4982);
#4982 = CARTESIAN_POINT('',(-30.2,56.5,117.));
#4983 = SURFACE_CURVE('',#4984,(#4988,#4995),.PCURVE_S1.);
#4984 = LINE('',#4985,#4986);
#4985 = CARTESIAN_POINT('',(-30.2,53.5,117.));
#4986 = VECTOR('',#4987,1.);
#4987 = DIRECTION('',(1.110223024625E-16,1.,0.));
#4988 = PCURVE('',#1846,#4989);
#4989 = DEFINITIONAL_REPRESENTATION('',(#4990),#4994);
#4990 = LINE('',#4991,#4992);
#4991 = CARTESIAN_POINT('',(4.2,-1.5));
#4992 = VECTOR('',#4993,1.);
#4993 = DIRECTION('',(-1.110223024625E-16,1.));
#4994 = ( GEOMETRIC_REPRESENTATION_CONTEXT(2) 
PARAMETRIC_REPRESENTATION_CONTEXT() REPRESENTATION_CONTEXT('2D SPACE',''
  ) );
#4995 = PCURVE('',#4996,#5001);
#4996 = PLANE('',#4997);
#4997 = AXIS2_PLACEMENT_3D('',#4998,#4999,#5000);
#4998 = CARTESIAN_POINT('',(-30.2,53.5,117.));
#4999 = DIRECTION('',(-1.,1.110223024625E-16,0.));
#5000 = DIRECTION('',(1.110223024625E-16,1.,0.));
#5001 = DEFINITIONAL_REPRESENTATION('',(#5002),#5006);
#5002 = LINE('',#5003,#5004);
#5003 = CARTESIAN_POINT('',(0.,0.));
#5004 = VECTOR('',#5005,1.);
#5005 = DIRECTION('',(1.,0.));
#5006 = ( GEOMETRIC_REPRESENTATION_CONTEXT(2) 
PARAMETRIC_REPRESENTATION_CONTEXT() REPRESENTATION_CONTEXT('2D SPACE',''
  ) );
#5007 = ORIENTED_EDGE('',*,*,#5008,.T.);
#5008 = EDGE_CURVE('',#4981,#5009,#5011,.T.);
#5009 = VERTEX_POINT('',#5010);
#5010 = CARTESIAN_POINT('',(-21.8,56.5,117.));
#5011 = SURFACE_CURVE('',#5012,(#5017,#5024),.PCURVE_S1.);
#5012 = CIRCLE('',#5013,4.2);
#5013 = AXIS2_PLACEMENT_3D('',#5014,#5015,#5016);
#5014 = CARTESIAN_POINT('',(-26.,56.5,117.));
#5015 = DIRECTION('',(0.,0.,-1.));
#5016 = DIRECTION('',(-1.,2.167578286173E-16,0.));
#5017 = PCURVE('',#1846,#5018);
#5018 = DEFINITIONAL_REPRESENTATION('',(#5019),#5023);
#5019 = CIRCLE('',#5020,4.2);
#5020 = AXIS2_PLACEMENT_2D('',#5021,#5022);
#5021 = CARTESIAN_POINT('',(1.06581410364E-14,1.5));
#5022 = DIRECTION('',(1.,2.167578286173E-16));
#5023 = ( GEOMETRIC_REPRESENTATION_CONTEXT(2) 
PARAMETRIC_REPRESENTATION_CONTEXT() REPRESENTATION_CONTEXT('2D SPACE',''
  ) );
#5024 = PCURVE('',#5025,#5030);
#5025 = CYLINDRICAL_SURFACE('',#5026,4.2);
#5026 = AXIS2_PLACEMENT_3D('',#5027,#5028,#5029);
#5027 = CARTESIAN_POINT('',(-26.,56.5,117.));
#5028 = DIRECTION('',(0.,0.,-1.));
#5029 = DIRECTION('',(-1.,2.167578286173E-16,0.));
#5030 = DEFINITIONAL_REPRESENTATION('',(#5031),#5035);
#5031 = LINE('',#5032,#5033);
#5032 = CARTESIAN_POINT('',(0.,0.));
#5033 = VECTOR('',#5034,1.);
#5034 = DIRECTION('',(1.,0.));
#5035 = ( GEOMETRIC_REPRESENTATION_CONTEXT(2) 
PARAMETRIC_REPRESENTATION_CONTEXT() REPRESENTATION_CONTEXT('2D SPACE',''
  ) );
#5036 = ORIENTED_EDGE('',*,*,#5037,.T.);
#5037 = EDGE_CURVE('',#5009,#5038,#5040,.T.);
#5038 = VERTEX_POINT('',#5039);
#5039 = CARTESIAN_POINT('',(-21.8,53.5,117.));
#5040 = SURFACE_CURVE('',#5041,(#5045,#5052),.PCURVE_S1.);
#5041 = LINE('',#5042,#5043);
#5042 = CARTESIAN_POINT('',(-21.8,56.5,117.));
#5043 = VECTOR('',#5044,1.);
#5044 = DIRECTION('',(-1.110223024625E-16,-1.,0.));
#5045 = PCURVE('',#1846,#5046);
#5046 = DEFINITIONAL_REPRESENTATION('',(#5047),#5051);
#5047 = LINE('',#5048,#5049);
#5048 = CARTESIAN_POINT('',(-4.2,1.5));
#5049 = VECTOR('',#5050,1.);
#5050 = DIRECTION('',(1.110223024625E-16,-1.));
#5051 = ( GEOMETRIC_REPRESENTATION_CONTEXT(2) 
PARAMETRIC_REPRESENTATION_CONTEXT() REPRESENTATION_CONTEXT('2D SPACE',''
  ) );
#5052 = PCURVE('',#5053,#5058);
#5053 = PLANE('',#5054);
#5054 = AXIS2_PLACEMENT_3D('',#5055,#5056,#5057);
#5055 = CARTESIAN_POINT('',(-21.8,56.5,117.));
#5056 = DIRECTION('',(1.,-1.110223024625E-16,0.));
#5057 = DIRECTION('',(-1.110223024625E-16,-1.,0.));
#5058 = DEFINITIONAL_REPRESENTATION('',(#5059),#5063);
#5059 = LINE('',#5060,#5061);
#5060 = CARTESIAN_POINT('',(0.,0.));
#5061 = VECTOR('',#5062,1.);
#5062 = DIRECTION('',(1.,0.));
#5063 = ( GEOMETRIC_REPRESENTATION_CONTEXT(2) 
PARAMETRIC_REPRESENTATION_CONTEXT() REPRESENTATION_CONTEXT('2D SPACE',''
  ) );
#5064 = ORIENTED_EDGE('',*,*,#5065,.T.);
#5065 = EDGE_CURVE('',#5038,#4979,#5066,.T.);
#5066 = SURFACE_CURVE('',#5067,(#5072,#5079),.PCURVE_S1.);
#5067 = CIRCLE('',#5068,4.2);
#5068 = AXIS2_PLACEMENT_3D('',#5069,#5070,#5071);
#5069 = CARTESIAN_POINT('',(-26.,53.5,117.));
#5070 = DIRECTION('',(-0.,0.,-1.));
#5071 = DIRECTION('',(1.,-2.167578286173E-16,-0.));
#5072 = PCURVE('',#1846,#5073);
#5073 = DEFINITIONAL_REPRESENTATION('',(#5074),#5078);
#5074 = CIRCLE('',#5075,4.2);
#5075 = AXIS2_PLACEMENT_2D('',#5076,#5077);
#5076 = CARTESIAN_POINT('',(1.06581410364E-14,-1.5));
#5077 = DIRECTION('',(-1.,-2.167578286173E-16));
#5078 = ( GEOMETRIC_REPRESENTATION_CONTEXT(2) 
PARAMETRIC_REPRESENTATION_CONTEXT() REPRESENTATION_CONTEXT('2D SPACE',''
  ) );
#5079 = PCURVE('',#2762,#5080);
#5080 = DEFINITIONAL_REPRESENTATION('',(#5081),#5085);
#5081 = LINE('',#5082,#5083);
#5082 = CARTESIAN_POINT('',(0.,0.));
#5083 = VECTOR('',#5084,1.);
#5084 = DIRECTION('',(1.,0.));
#5085 = ( GEOMETRIC_REPRESENTATION_CONTEXT(2) 
PARAMETRIC_REPRESENTATION_CONTEXT() REPRESENTATION_CONTEXT('2D SPACE',''
  ) );
#5086 = FACE_BOUND('',#5087,.F.);
#5087 = EDGE_LOOP('',(#5088,#5089,#5090,#5091));
#5088 = ORIENTED_EDGE('',*,*,#1933,.F.);
#5089 = ORIENTED_EDGE('',*,*,#1831,.T.);
#5090 = ORIENTED_EDGE('',*,*,#1905,.F.);
#5091 = ORIENTED_EDGE('',*,*,#1983,.T.);
#5092 = ADVANCED_FACE('',(#5093,#5194),#2045,.F.);
#5093 = FACE_BOUND('',#5094,.F.);
#5094 = EDGE_LOOP('',(#5095,#5125,#5149,#5172));
#5095 = ORIENTED_EDGE('',*,*,#5096,.T.);
#5096 = EDGE_CURVE('',#5097,#5099,#5101,.T.);
#5097 = VERTEX_POINT('',#5098);
#5098 = CARTESIAN_POINT('',(-12.2,53.5,117.));
#5099 = VERTEX_POINT('',#5100);
#5100 = CARTESIAN_POINT('',(-12.2,56.5,117.));
#5101 = SURFACE_CURVE('',#5102,(#5106,#5113),.PCURVE_S1.);
#5102 = LINE('',#5103,#5104);
#5103 = CARTESIAN_POINT('',(-12.2,53.5,117.));
#5104 = VECTOR('',#5105,1.);
#5105 = DIRECTION('',(1.110223024625E-16,1.,0.));
#5106 = PCURVE('',#2045,#5107);
#5107 = DEFINITIONAL_REPRESENTATION('',(#5108),#5112);
#5108 = LINE('',#5109,#5110);
#5109 = CARTESIAN_POINT('',(4.2,-1.5));
#5110 = VECTOR('',#5111,1.);
#5111 = DIRECTION('',(-1.110223024625E-16,1.));
#5112 = ( GEOMETRIC_REPRESENTATION_CONTEXT(2) 
PARAMETRIC_REPRESENTATION_CONTEXT() REPRESENTATION_CONTEXT('2D SPACE',''
  ) );
#5113 = PCURVE('',#5114,#5119);
#5114 = PLANE('',#5115);
#5115 = AXIS2_PLACEMENT_3D('',#5116,#5117,#5118);
#5116 = CARTESIAN_POINT('',(-12.2,53.5,117.));
#5117 = DIRECTION('',(-1.,1.110223024625E-16,0.));
#5118 = DIRECTION('',(1.110223024625E-16,1.,0.));
#5119 = DEFINITIONAL_REPRESENTATION('',(#5120),#5124);
#5120 = LINE('',#5121,#5122);
#5121 = CARTESIAN_POINT('',(0.,0.));
#5122 = VECTOR('',#5123,1.);
#5123 = DIRECTION('',(1.,0.));
#5124 = ( GEOMETRIC_REPRESENTATION_CONTEXT(2) 
PARAMETRIC_REPRESENTATION_CONTEXT() REPRESENTATION_CONTEXT('2D SPACE',''
  ) );
#5125 = ORIENTED_EDGE('',*,*,#5126,.T.);
#5126 = EDGE_CURVE('',#5099,#5127,#5129,.T.);
#5127 = VERTEX_POINT('',#5128);
#5128 = CARTESIAN_POINT('',(-3.8,56.5,117.));
#5129 = SURFACE_CURVE('',#5130,(#5135,#5142),.PCURVE_S1.);
#5130 = CIRCLE('',#5131,4.2);
#5131 = AXIS2_PLACEMENT_3D('',#5132,#5133,#5134);
#5132 = CARTESIAN_POINT('',(-8.,56.5,117.));
#5133 = DIRECTION('',(0.,0.,-1.));
#5134 = DIRECTION('',(-1.,2.167578286173E-16,0.));
#5135 = PCURVE('',#2045,#5136);
#5136 = DEFINITIONAL_REPRESENTATION('',(#5137),#5141);
#5137 = CIRCLE('',#5138,4.2);
#5138 = AXIS2_PLACEMENT_2D('',#5139,#5140);
#5139 = CARTESIAN_POINT('',(2.6645352591E-15,1.5));
#5140 = DIRECTION('',(1.,2.167578286173E-16));
#5141 = ( GEOMETRIC_REPRESENTATION_CONTEXT(2) 
PARAMETRIC_REPRESENTATION_CONTEXT() REPRESENTATION_CONTEXT('2D SPACE',''
  ) );
#5142 = PCURVE('',#3432,#5143);
#5143 = DEFINITIONAL_REPRESENTATION('',(#5144),#5148);
#5144 = LINE('',#5145,#5146);
#5145 = CARTESIAN_POINT('',(0.,0.));
#5146 = VECTOR('',#5147,1.);
#5147 = DIRECTION('',(1.,0.));
#5148 = ( GEOMETRIC_REPRESENTATION_CONTEXT(2) 
PARAMETRIC_REPRESENTATION_CONTEXT() REPRESENTATION_CONTEXT('2D SPACE',''
  ) );
#5149 = ORIENTED_EDGE('',*,*,#5150,.T.);
#5150 = EDGE_CURVE('',#5127,#5151,#5153,.T.);
#5151 = VERTEX_POINT('',#5152);
#5152 = CARTESIAN_POINT('',(-3.8,53.5,117.));
#5153 = SURFACE_CURVE('',#5154,(#5158,#5165),.PCURVE_S1.);
#5154 = LINE('',#5155,#5156);
#5155 = CARTESIAN_POINT('',(-3.8,56.5,117.));
#5156 = VECTOR('',#5157,1.);
#5157 = DIRECTION('',(-1.110223024625E-16,-1.,0.));
#5158 = PCURVE('',#2045,#5159);
#5159 = DEFINITIONAL_REPRESENTATION('',(#5160),#5164);
#5160 = LINE('',#5161,#5162);
#5161 = CARTESIAN_POINT('',(-4.2,1.5));
#5162 = VECTOR('',#5163,1.);
#5163 = DIRECTION('',(1.110223024625E-16,-1.));
#5164 = ( GEOMETRIC_REPRESENTATION_CONTEXT(2) 
PARAMETRIC_REPRESENTATION_CONTEXT() REPRESENTATION_CONTEXT('2D SPACE',''
  ) );
#5165 = PCURVE('',#4558,#5166);
#5166 = DEFINITIONAL_REPRESENTATION('',(#5167),#5171);
#5167 = LINE('',#5168,#5169);
#5168 = CARTESIAN_POINT('',(0.,0.));
#5169 = VECTOR('',#5170,1.);
#5170 = DIRECTION('',(1.,0.));
#5171 = ( GEOMETRIC_REPRESENTATION_CONTEXT(2) 
PARAMETRIC_REPRESENTATION_CONTEXT() REPRESENTATION_CONTEXT('2D SPACE',''
  ) );
#5172 = ORIENTED_EDGE('',*,*,#5173,.T.);
#5173 = EDGE_CURVE('',#5151,#5097,#5174,.T.);
#5174 = SURFACE_CURVE('',#5175,(#5180,#5187),.PCURVE_S1.);
#5175 = CIRCLE('',#5176,4.2);
#5176 = AXIS2_PLACEMENT_3D('',#5177,#5178,#5179);
#5177 = CARTESIAN_POINT('',(-8.,53.5,117.));
#5178 = DIRECTION('',(-0.,0.,-1.));
#5179 = DIRECTION('',(1.,-2.167578286173E-16,-0.));
#5180 = PCURVE('',#2045,#5181);
#5181 = DEFINITIONAL_REPRESENTATION('',(#5182),#5186);
#5182 = CIRCLE('',#5183,4.2);
#5183 = AXIS2_PLACEMENT_2D('',#5184,#5185);
#5184 = CARTESIAN_POINT('',(2.6645352591E-15,-1.5));
#5185 = DIRECTION('',(-1.,-2.167578286173E-16));
#5186 = ( GEOMETRIC_REPRESENTATION_CONTEXT(2) 
PARAMETRIC_REPRESENTATION_CONTEXT() REPRESENTATION_CONTEXT('2D SPACE',''
  ) );
#5187 = PCURVE('',#3253,#5188);
#5188 = DEFINITIONAL_REPRESENTATION('',(#5189),#5193);
#5189 = LINE('',#5190,#5191);
#5190 = CARTESIAN_POINT('',(0.,0.));
#5191 = VECTOR('',#5192,1.);
#5192 = DIRECTION('',(1.,0.));
#5193 = ( GEOMETRIC_REPRESENTATION_CONTEXT(2) 
PARAMETRIC_REPRESENTATION_CONTEXT() REPRESENTATION_CONTEXT('2D SPACE',''
  ) );
#5194 = FACE_BOUND('',#5195,.F.);
#5195 = EDGE_LOOP('',(#5196,#5197,#5198,#5199));
#5196 = ORIENTED_EDGE('',*,*,#2132,.F.);
#5197 = ORIENTED_EDGE('',*,*,#2030,.T.);
#5198 = ORIENTED_EDGE('',*,*,#2104,.F.);
#5199 = ORIENTED_EDGE('',*,*,#2182,.T.);
#5200 = ADVANCED_FACE('',(#5201,#5302),#2244,.F.);
#5201 = FACE_BOUND('',#5202,.F.);
#5202 = EDGE_LOOP('',(#5203,#5228,#5252,#5280));
#5203 = ORIENTED_EDGE('',*,*,#5204,.T.);
#5204 = EDGE_CURVE('',#5205,#5207,#5209,.T.);
#5205 = VERTEX_POINT('',#5206);
#5206 = CARTESIAN_POINT('',(3.8,53.5,117.));
#5207 = VERTEX_POINT('',#5208);
#5208 = CARTESIAN_POINT('',(3.8,56.5,117.));
#5209 = SURFACE_CURVE('',#5210,(#5214,#5221),.PCURVE_S1.);
#5210 = LINE('',#5211,#5212);
#5211 = CARTESIAN_POINT('',(3.8,53.5,117.));
#5212 = VECTOR('',#5213,1.);
#5213 = DIRECTION('',(1.110223024625E-16,1.,0.));
#5214 = PCURVE('',#2244,#5215);
#5215 = DEFINITIONAL_REPRESENTATION('',(#5216),#5220);
#5216 = LINE('',#5217,#5218);
#5217 = CARTESIAN_POINT('',(4.2,-1.5));
#5218 = VECTOR('',#5219,1.);
#5219 = DIRECTION('',(-1.110223024625E-16,1.));
#5220 = ( GEOMETRIC_REPRESENTATION_CONTEXT(2) 
PARAMETRIC_REPRESENTATION_CONTEXT() REPRESENTATION_CONTEXT('2D SPACE',''
  ) );
#5221 = PCURVE('',#4217,#5222);
#5222 = DEFINITIONAL_REPRESENTATION('',(#5223),#5227);
#5223 = LINE('',#5224,#5225);
#5224 = CARTESIAN_POINT('',(0.,0.));
#5225 = VECTOR('',#5226,1.);
#5226 = DIRECTION('',(1.,0.));
#5227 = ( GEOMETRIC_REPRESENTATION_CONTEXT(2) 
PARAMETRIC_REPRESENTATION_CONTEXT() REPRESENTATION_CONTEXT('2D SPACE',''
  ) );
#5228 = ORIENTED_EDGE('',*,*,#5229,.T.);
#5229 = EDGE_CURVE('',#5207,#5230,#5232,.T.);
#5230 = VERTEX_POINT('',#5231);
#5231 = CARTESIAN_POINT('',(12.2,56.5,117.));
#5232 = SURFACE_CURVE('',#5233,(#5238,#5245),.PCURVE_S1.);
#5233 = CIRCLE('',#5234,4.2);
#5234 = AXIS2_PLACEMENT_3D('',#5235,#5236,#5237);
#5235 = CARTESIAN_POINT('',(8.,56.5,117.));
#5236 = DIRECTION('',(0.,0.,-1.));
#5237 = DIRECTION('',(-1.,2.167578286173E-16,0.));
#5238 = PCURVE('',#2244,#5239);
#5239 = DEFINITIONAL_REPRESENTATION('',(#5240),#5244);
#5240 = CIRCLE('',#5241,4.2);
#5241 = AXIS2_PLACEMENT_2D('',#5242,#5243);
#5242 = CARTESIAN_POINT('',(-1.7763568394E-15,1.5));
#5243 = DIRECTION('',(1.,2.167578286173E-16));
#5244 = ( GEOMETRIC_REPRESENTATION_CONTEXT(2) 
PARAMETRIC_REPRESENTATION_CONTEXT() REPRESENTATION_CONTEXT('2D SPACE',''
  ) );
#5245 = PCURVE('',#3955,#5246);
#5246 = DEFINITIONAL_REPRESENTATION('',(#5247),#5251);
#5247 = LINE('',#5248,#5249);
#5248 = CARTESIAN_POINT('',(0.,0.));
#5249 = VECTOR('',#5250,1.);
#5250 = DIRECTION('',(1.,0.));
#5251 = ( GEOMETRIC_REPRESENTATION_CONTEXT(2) 
PARAMETRIC_REPRESENTATION_CONTEXT() REPRESENTATION_CONTEXT('2D SPACE',''
  ) );
#5252 = ORIENTED_EDGE('',*,*,#5253,.T.);
#5253 = EDGE_CURVE('',#5230,#5254,#5256,.T.);
#5254 = VERTEX_POINT('',#5255);
#5255 = CARTESIAN_POINT('',(12.2,53.5,117.));
#5256 = SURFACE_CURVE('',#5257,(#5261,#5268),.PCURVE_S1.);
#5257 = LINE('',#5258,#5259);
#5258 = CARTESIAN_POINT('',(12.2,56.5,117.));
#5259 = VECTOR('',#5260,1.);
#5260 = DIRECTION('',(-1.110223024625E-16,-1.,0.));
#5261 = PCURVE('',#2244,#5262);
#5262 = DEFINITIONAL_REPRESENTATION('',(#5263),#5267);
#5263 = LINE('',#5264,#5265);
#5264 = CARTESIAN_POINT('',(-4.2,1.5));
#5265 = VECTOR('',#5266,1.);
#5266 = DIRECTION('',(1.110223024625E-16,-1.));
#5267 = ( GEOMETRIC_REPRESENTATION_CONTEXT(2) 
PARAMETRIC_REPRESENTATION_CONTEXT() REPRESENTATION_CONTEXT('2D SPACE',''
  ) );
#5268 = PCURVE('',#5269,#5274);
#5269 = PLANE('',#5270);
#5270 = AXIS2_PLACEMENT_3D('',#5271,#5272,#5273);
#5271 = CARTESIAN_POINT('',(12.2,56.5,117.));
#5272 = DIRECTION('',(1.,-1.110223024625E-16,0.));
#5273 = DIRECTION('',(-1.110223024625E-16,-1.,0.));
#5274 = DEFINITIONAL_REPRESENTATION('',(#5275),#5279);
#5275 = LINE('',#5276,#5277);
#5276 = CARTESIAN_POINT('',(0.,0.));
#5277 = VECTOR('',#5278,1.);
#5278 = DIRECTION('',(1.,0.));
#5279 = ( GEOMETRIC_REPRESENTATION_CONTEXT(2) 
PARAMETRIC_REPRESENTATION_CONTEXT() REPRESENTATION_CONTEXT('2D SPACE',''
  ) );
#5280 = ORIENTED_EDGE('',*,*,#5281,.T.);
#5281 = EDGE_CURVE('',#5254,#5205,#5282,.T.);
#5282 = SURFACE_CURVE('',#5283,(#5288,#5295),.PCURVE_S1.);
#5283 = CIRCLE('',#5284,4.2);
#5284 = AXIS2_PLACEMENT_3D('',#5285,#5286,#5287);
#5285 = CARTESIAN_POINT('',(8.,53.5,117.));
#5286 = DIRECTION('',(-0.,0.,-1.));
#5287 = DIRECTION('',(1.,-2.167578286173E-16,-0.));
#5288 = PCURVE('',#2244,#5289);
#5289 = DEFINITIONAL_REPRESENTATION('',(#5290),#5294);
#5290 = CIRCLE('',#5291,4.2);
#5291 = AXIS2_PLACEMENT_2D('',#5292,#5293);
#5292 = CARTESIAN_POINT('',(-1.7763568394E-15,-1.5));
#5293 = DIRECTION('',(-1.,-2.167578286173E-16));
#5294 = ( GEOMETRIC_REPRESENTATION_CONTEXT(2) 
PARAMETRIC_REPRESENTATION_CONTEXT() REPRESENTATION_CONTEXT('2D SPACE',''
  ) );
#5295 = PCURVE('',#3778,#5296);
#5296 = DEFINITIONAL_REPRESENTATION('',(#5297),#5301);
#5297 = LINE('',#5298,#5299);
#5298 = CARTESIAN_POINT('',(0.,0.));
#5299 = VECTOR('',#5300,1.);
#5300 = DIRECTION('',(1.,0.));
#5301 = ( GEOMETRIC_REPRESENTATION_CONTEXT(2) 
PARAMETRIC_REPRESENTATION_CONTEXT() REPRESENTATION_CONTEXT('2D SPACE',''
  ) );
#5302 = FACE_BOUND('',#5303,.F.);
#5303 = EDGE_LOOP('',(#5304,#5305,#5306,#5307));
#5304 = ORIENTED_EDGE('',*,*,#2331,.F.);
#5305 = ORIENTED_EDGE('',*,*,#2229,.T.);
#5306 = ORIENTED_EDGE('',*,*,#2303,.F.);
#5307 = ORIENTED_EDGE('',*,*,#2381,.T.);
#5308 = ADVANCED_FACE('',(#5309,#5425),#2443,.F.);
#5309 = FACE_BOUND('',#5310,.F.);
#5310 = EDGE_LOOP('',(#5311,#5341,#5370,#5398));
#5311 = ORIENTED_EDGE('',*,*,#5312,.T.);
#5312 = EDGE_CURVE('',#5313,#5315,#5317,.T.);
#5313 = VERTEX_POINT('',#5314);
#5314 = CARTESIAN_POINT('',(21.8,53.5,117.));
#5315 = VERTEX_POINT('',#5316);
#5316 = CARTESIAN_POINT('',(21.8,56.5,117.));
#5317 = SURFACE_CURVE('',#5318,(#5322,#5329),.PCURVE_S1.);
#5318 = LINE('',#5319,#5320);
#5319 = CARTESIAN_POINT('',(21.8,53.5,117.));
#5320 = VECTOR('',#5321,1.);
#5321 = DIRECTION('',(1.110223024625E-16,1.,0.));
#5322 = PCURVE('',#2443,#5323);
#5323 = DEFINITIONAL_REPRESENTATION('',(#5324),#5328);
#5324 = LINE('',#5325,#5326);
#5325 = CARTESIAN_POINT('',(4.2,-1.5));
#5326 = VECTOR('',#5327,1.);
#5327 = DIRECTION('',(-1.110223024625E-16,1.));
#5328 = ( GEOMETRIC_REPRESENTATION_CONTEXT(2) 
PARAMETRIC_REPRESENTATION_CONTEXT() REPRESENTATION_CONTEXT('2D SPACE',''
  ) );
#5329 = PCURVE('',#5330,#5335);
#5330 = PLANE('',#5331);
#5331 = AXIS2_PLACEMENT_3D('',#5332,#5333,#5334);
#5332 = CARTESIAN_POINT('',(21.8,53.5,117.));
#5333 = DIRECTION('',(-1.,1.110223024625E-16,0.));
#5334 = DIRECTION('',(1.110223024625E-16,1.,0.));
#5335 = DEFINITIONAL_REPRESENTATION('',(#5336),#5340);
#5336 = LINE('',#5337,#5338);
#5337 = CARTESIAN_POINT('',(0.,0.));
#5338 = VECTOR('',#5339,1.);
#5339 = DIRECTION('',(1.,0.));
#5340 = ( GEOMETRIC_REPRESENTATION_CONTEXT(2) 
PARAMETRIC_REPRESENTATION_CONTEXT() REPRESENTATION_CONTEXT('2D SPACE',''
  ) );
#5341 = ORIENTED_EDGE('',*,*,#5342,.T.);
#5342 = EDGE_CURVE('',#5315,#5343,#5345,.T.);
#5343 = VERTEX_POINT('',#5344);
#5344 = CARTESIAN_POINT('',(30.2,56.5,117.));
#5345 = SURFACE_CURVE('',#5346,(#5351,#5358),.PCURVE_S1.);
#5346 = CIRCLE('',#5347,4.2);
#5347 = AXIS2_PLACEMENT_3D('',#5348,#5349,#5350);
#5348 = CARTESIAN_POINT('',(26.,56.5,117.));
#5349 = DIRECTION('',(0.,0.,-1.));
#5350 = DIRECTION('',(-1.,2.167578286173E-16,0.));
#5351 = PCURVE('',#2443,#5352);
#5352 = DEFINITIONAL_REPRESENTATION('',(#5353),#5357);
#5353 = CIRCLE('',#5354,4.2);
#5354 = AXIS2_PLACEMENT_2D('',#5355,#5356);
#5355 = CARTESIAN_POINT('',(-3.552713678801E-15,1.5));
#5356 = DIRECTION('',(1.,2.167578286173E-16));
#5357 = ( GEOMETRIC_REPRESENTATION_CONTEXT(2) 
PARAMETRIC_REPRESENTATION_CONTEXT() REPRESENTATION_CONTEXT('2D SPACE',''
  ) );
#5358 = PCURVE('',#5359,#5364);
#5359 = CYLINDRICAL_SURFACE('',#5360,4.2);
#5360 = AXIS2_PLACEMENT_3D('',#5361,#5362,#5363);
#5361 = CARTESIAN_POINT('',(26.,56.5,117.));
#5362 = DIRECTION('',(0.,0.,-1.));
#5363 = DIRECTION('',(-1.,2.167578286173E-16,0.));
#5364 = DEFINITIONAL_REPRESENTATION('',(#5365),#5369);
#5365 = LINE('',#5366,#5367);
#5366 = CARTESIAN_POINT('',(0.,0.));
#5367 = VECTOR('',#5368,1.);
#5368 = DIRECTION('',(1.,0.));
#5369 = ( GEOMETRIC_REPRESENTATION_CONTEXT(2) 
PARAMETRIC_REPRESENTATION_CONTEXT() REPRESENTATION_CONTEXT('2D SPACE',''
  ) );
#5370 = ORIENTED_EDGE('',*,*,#5371,.T.);
#5371 = EDGE_CURVE('',#5343,#5372,#5374,.T.);
#5372 = VERTEX_POINT('',#5373);
#5373 = CARTESIAN_POINT('',(30.2,53.5,117.));
#5374 = SURFACE_CURVE('',#5375,(#5379,#5386),.PCURVE_S1.);
#5375 = LINE('',#5376,#5377);
#5376 = CARTESIAN_POINT('',(30.2,56.5,117.));
#5377 = VECTOR('',#5378,1.);
#5378 = DIRECTION('',(-1.110223024625E-16,-1.,0.));
#5379 = PCURVE('',#2443,#5380);
#5380 = DEFINITIONAL_REPRESENTATION('',(#5381),#5385);
#5381 = LINE('',#5382,#5383);
#5382 = CARTESIAN_POINT('',(-4.2,1.5));
#5383 = VECTOR('',#5384,1.);
#5384 = DIRECTION('',(1.110223024625E-16,-1.));
#5385 = ( GEOMETRIC_REPRESENTATION_CONTEXT(2) 
PARAMETRIC_REPRESENTATION_CONTEXT() REPRESENTATION_CONTEXT('2D SPACE',''
  ) );
#5386 = PCURVE('',#5387,#5392);
#5387 = PLANE('',#5388);
#5388 = AXIS2_PLACEMENT_3D('',#5389,#5390,#5391);
#5389 = CARTESIAN_POINT('',(30.2,56.5,117.));
#5390 = DIRECTION('',(1.,-1.110223024625E-16,0.));
#5391 = DIRECTION('',(-1.110223024625E-16,-1.,0.));
#5392 = DEFINITIONAL_REPRESENTATION('',(#5393),#5397);
#5393 = LINE('',#5394,#5395);
#5394 = CARTESIAN_POINT('',(0.,0.));
#5395 = VECTOR('',#5396,1.);
#5396 = DIRECTION('',(1.,0.));
#5397 = ( GEOMETRIC_REPRESENTATION_CONTEXT(2) 
PARAMETRIC_REPRESENTATION_CONTEXT() REPRESENTATION_CONTEXT('2D SPACE',''
  ) );
#5398 = ORIENTED_EDGE('',*,*,#5399,.T.);
#5399 = EDGE_CURVE('',#5372,#5313,#5400,.T.);
#5400 = SURFACE_CURVE('',#5401,(#5406,#5413),.PCURVE_S1.);
#5401 = CIRCLE('',#5402,4.2);
#5402 = AXIS2_PLACEMENT_3D('',#5403,#5404,#5405);
#5403 = CARTESIAN_POINT('',(26.,53.5,117.));
#5404 = DIRECTION('',(-0.,0.,-1.));
#5405 = DIRECTION('',(1.,-2.167578286173E-16,-0.));
#5406 = PCURVE('',#2443,#5407);
#5407 = DEFINITIONAL_REPRESENTATION('',(#5408),#5412);
#5408 = CIRCLE('',#5409,4.2);
#5409 = AXIS2_PLACEMENT_2D('',#5410,#5411);
#5410 = CARTESIAN_POINT('',(-3.552713678801E-15,-1.5));
#5411 = DIRECTION('',(-1.,-2.167578286173E-16));
#5412 = ( GEOMETRIC_REPRESENTATION_CONTEXT(2) 
PARAMETRIC_REPRESENTATION_CONTEXT() REPRESENTATION_CONTEXT('2D SPACE',''
  ) );
#5413 = PCURVE('',#5414,#5419);
#5414 = CYLINDRICAL_SURFACE('',#5415,4.2);
#5415 = AXIS2_PLACEMENT_3D('',#5416,#5417,#5418);
#5416 = CARTESIAN_POINT('',(26.,53.5,117.));
#5417 = DIRECTION('',(-0.,0.,-1.));
#5418 = DIRECTION('',(1.,-2.167578286173E-16,-0.));
#5419 = DEFINITIONAL_REPRESENTATION('',(#5420),#5424);
#5420 = LINE('',#5421,#5422);
#5421 = CARTESIAN_POINT('',(0.,0.));
#5422 = VECTOR('',#5423,1.);
#5423 = DIRECTION('',(1.,0.));
#5424 = ( GEOMETRIC_REPRESENTATION_CONTEXT(2) 
PARAMETRIC_REPRESENTATION_CONTEXT() REPRESENTATION_CONTEXT('2D SPACE',''
  ) );
#5425 = FACE_BOUND('',#5426,.F.);
#5426 = EDGE_LOOP('',(#5427,#5428,#5429,#5430));
#5427 = ORIENTED_EDGE('',*,*,#2480,.F.);
#5428 = ORIENTED_EDGE('',*,*,#2428,.T.);
#5429 = ORIENTED_EDGE('',*,*,#2577,.F.);
#5430 = ORIENTED_EDGE('',*,*,#2530,.T.);
#5431 = ADVANCED_FACE('',(#5432),#2689,.F.);
#5432 = FACE_BOUND('',#5433,.F.);
#5433 = EDGE_LOOP('',(#5434,#5435,#5436,#5437));
#5434 = ORIENTED_EDGE('',*,*,#2808,.T.);
#5435 = ORIENTED_EDGE('',*,*,#2674,.F.);
#5436 = ORIENTED_EDGE('',*,*,#2880,.T.);
#5437 = ORIENTED_EDGE('',*,*,#5438,.T.);
#5438 = EDGE_CURVE('',#2881,#2725,#5439,.T.);
#5439 = SURFACE_CURVE('',#5440,(#5444,#5450),.PCURVE_S1.);
#5440 = LINE('',#5441,#5442);
#5441 = CARTESIAN_POINT('',(-29.92300904918,52.,117.));
#5442 = VECTOR('',#5443,1.);
#5443 = DIRECTION('',(-0.,0.,-1.));
#5444 = PCURVE('',#2689,#5445);
#5445 = DEFINITIONAL_REPRESENTATION('',(#5446),#5449);
#5446 = B_SPLINE_CURVE_WITH_KNOTS('',1,(#5447,#5448),.UNSPECIFIED.,.F.,
  .F.,(2,2),(-24.54982381612,-4.149823816124),.PIECEWISE_BEZIER_KNOTS.);
#5447 = CARTESIAN_POINT('',(10.2,5.076990950813));
#5448 = CARTESIAN_POINT('',(-10.2,5.076990950813));
#5449 = ( GEOMETRIC_REPRESENTATION_CONTEXT(2) 
PARAMETRIC_REPRESENTATION_CONTEXT() REPRESENTATION_CONTEXT('2D SPACE',''
  ) );
#5450 = PCURVE('',#2762,#5451);
#5451 = DEFINITIONAL_REPRESENTATION('',(#5452),#5455);
#5452 = B_SPLINE_CURVE_WITH_KNOTS('',1,(#5453,#5454),.UNSPECIFIED.,.F.,
  .F.,(2,2),(-24.54982381612,-4.149823816124),.PIECEWISE_BEZIER_KNOTS.);
#5453 = CARTESIAN_POINT('',(2.776385432299,-24.54982381612));
#5454 = CARTESIAN_POINT('',(2.776385432299,-4.149823816124));
#5455 = ( GEOMETRIC_REPRESENTATION_CONTEXT(2) 
PARAMETRIC_REPRESENTATION_CONTEXT() REPRESENTATION_CONTEXT('2D SPACE',''
  ) );
#5456 = ADVANCED_FACE('',(#5457,#5533),#2762,.F.);
#5457 = FACE_BOUND('',#5458,.F.);
#5458 = EDGE_LOOP('',(#5459,#5482,#5511,#5532));
#5459 = ORIENTED_EDGE('',*,*,#5460,.T.);
#5460 = EDGE_CURVE('',#5038,#5461,#5463,.T.);
#5461 = VERTEX_POINT('',#5462);
#5462 = CARTESIAN_POINT('',(-21.8,53.5,157.));
#5463 = SURFACE_CURVE('',#5464,(#5468,#5475),.PCURVE_S1.);
#5464 = LINE('',#5465,#5466);
#5465 = CARTESIAN_POINT('',(-21.8,53.5,117.));
#5466 = VECTOR('',#5467,1.);
#5467 = DIRECTION('',(0.,0.,1.));
#5468 = PCURVE('',#2762,#5469);
#5469 = DEFINITIONAL_REPRESENTATION('',(#5470),#5474);
#5470 = LINE('',#5471,#5472);
#5471 = CARTESIAN_POINT('',(0.,0.));
#5472 = VECTOR('',#5473,1.);
#5473 = DIRECTION('',(0.,-1.));
#5474 = ( GEOMETRIC_REPRESENTATION_CONTEXT(2) 
PARAMETRIC_REPRESENTATION_CONTEXT() REPRESENTATION_CONTEXT('2D SPACE',''
  ) );
#5475 = PCURVE('',#5053,#5476);
#5476 = DEFINITIONAL_REPRESENTATION('',(#5477),#5481);
#5477 = LINE('',#5478,#5479);
#5478 = CARTESIAN_POINT('',(3.,0.));
#5479 = VECTOR('',#5480,1.);
#5480 = DIRECTION('',(0.,-1.));
#5481 = ( GEOMETRIC_REPRESENTATION_CONTEXT(2) 
PARAMETRIC_REPRESENTATION_CONTEXT() REPRESENTATION_CONTEXT('2D SPACE',''
  ) );
#5482 = ORIENTED_EDGE('',*,*,#5483,.T.);
#5483 = EDGE_CURVE('',#5461,#5484,#5486,.T.);
#5484 = VERTEX_POINT('',#5485);
#5485 = CARTESIAN_POINT('',(-30.2,53.5,157.));
#5486 = SURFACE_CURVE('',#5487,(#5492,#5499),.PCURVE_S1.);
#5487 = CIRCLE('',#5488,4.2);
#5488 = AXIS2_PLACEMENT_3D('',#5489,#5490,#5491);
#5489 = CARTESIAN_POINT('',(-26.,53.5,157.));
#5490 = DIRECTION('',(-0.,0.,-1.));
#5491 = DIRECTION('',(1.,-2.167578286173E-16,-0.));
#5492 = PCURVE('',#2762,#5493);
#5493 = DEFINITIONAL_REPRESENTATION('',(#5494),#5498);
#5494 = LINE('',#5495,#5496);
#5495 = CARTESIAN_POINT('',(0.,-40.));
#5496 = VECTOR('',#5497,1.);
#5497 = DIRECTION('',(1.,0.));
#5498 = ( GEOMETRIC_REPRESENTATION_CONTEXT(2) 
PARAMETRIC_REPRESENTATION_CONTEXT() REPRESENTATION_CONTEXT('2D SPACE',''
  ) );
#5499 = PCURVE('',#5500,#5505);
#5500 = PLANE('',#5501);
#5501 = AXIS2_PLACEMENT_3D('',#5502,#5503,#5504);
#5502 = CARTESIAN_POINT('',(-26.,55.,157.));
#5503 = DIRECTION('',(-0.,-0.,-1.));
#5504 = DIRECTION('',(-1.,0.,0.));
#5505 = DEFINITIONAL_REPRESENTATION('',(#5506),#5510);
#5506 = CIRCLE('',#5507,4.2);
#5507 = AXIS2_PLACEMENT_2D('',#5508,#5509);
#5508 = CARTESIAN_POINT('',(1.06581410364E-14,-1.5));
#5509 = DIRECTION('',(-1.,-2.167578286173E-16));
#5510 = ( GEOMETRIC_REPRESENTATION_CONTEXT(2) 
PARAMETRIC_REPRESENTATION_CONTEXT() REPRESENTATION_CONTEXT('2D SPACE',''
  ) );
#5511 = ORIENTED_EDGE('',*,*,#5512,.F.);
#5512 = EDGE_CURVE('',#4979,#5484,#5513,.T.);
#5513 = SURFACE_CURVE('',#5514,(#5518,#5525),.PCURVE_S1.);
#5514 = LINE('',#5515,#5516);
#5515 = CARTESIAN_POINT('',(-30.2,53.5,117.));
#5516 = VECTOR('',#5517,1.);
#5517 = DIRECTION('',(0.,0.,1.));
#5518 = PCURVE('',#2762,#5519);
#5519 = DEFINITIONAL_REPRESENTATION('',(#5520),#5524);
#5520 = LINE('',#5521,#5522);
#5521 = CARTESIAN_POINT('',(3.14159265359,0.));
#5522 = VECTOR('',#5523,1.);
#5523 = DIRECTION('',(0.,-1.));
#5524 = ( GEOMETRIC_REPRESENTATION_CONTEXT(2) 
PARAMETRIC_REPRESENTATION_CONTEXT() REPRESENTATION_CONTEXT('2D SPACE',''
  ) );
#5525 = PCURVE('',#4996,#5526);
#5526 = DEFINITIONAL_REPRESENTATION('',(#5527),#5531);
#5527 = LINE('',#5528,#5529);
#5528 = CARTESIAN_POINT('',(0.,0.));
#5529 = VECTOR('',#5530,1.);
#5530 = DIRECTION('',(0.,-1.));
#5531 = ( GEOMETRIC_REPRESENTATION_CONTEXT(2) 
PARAMETRIC_REPRESENTATION_CONTEXT() REPRESENTATION_CONTEXT('2D SPACE',''
  ) );
#5532 = ORIENTED_EDGE('',*,*,#5065,.F.);
#5533 = FACE_BOUND('',#5534,.F.);
#5534 = EDGE_LOOP('',(#5535,#5536,#5537,#5538));
#5535 = ORIENTED_EDGE('',*,*,#2907,.F.);
#5536 = ORIENTED_EDGE('',*,*,#2833,.T.);
#5537 = ORIENTED_EDGE('',*,*,#2722,.T.);
#5538 = ORIENTED_EDGE('',*,*,#5438,.F.);
#5539 = ADVANCED_FACE('',(#5540,#5543),#3090,.T.);
#5540 = FACE_BOUND('',#5541,.T.);
#5541 = EDGE_LOOP('',(#5542));
#5542 = ORIENTED_EDGE('',*,*,#3073,.T.);
#5543 = FACE_BOUND('',#5544,.T.);
#5544 = EDGE_LOOP('',(#5545));
#5545 = ORIENTED_EDGE('',*,*,#4843,.T.);
#5546 = ADVANCED_FACE('',(#5547),#3253,.F.);
#5547 = FACE_BOUND('',#5548,.F.);
#5548 = EDGE_LOOP('',(#5549,#5550,#5571,#5572,#5573,#5574,#5597,#5626));
#5549 = ORIENTED_EDGE('',*,*,#5173,.F.);
#5550 = ORIENTED_EDGE('',*,*,#5551,.T.);
#5551 = EDGE_CURVE('',#5151,#4398,#5552,.T.);
#5552 = SURFACE_CURVE('',#5553,(#5557,#5564),.PCURVE_S1.);
#5553 = LINE('',#5554,#5555);
#5554 = CARTESIAN_POINT('',(-3.8,53.5,117.));
#5555 = VECTOR('',#5556,1.);
#5556 = DIRECTION('',(0.,0.,1.));
#5557 = PCURVE('',#3253,#5558);
#5558 = DEFINITIONAL_REPRESENTATION('',(#5559),#5563);
#5559 = LINE('',#5560,#5561);
#5560 = CARTESIAN_POINT('',(0.,0.));
#5561 = VECTOR('',#5562,1.);
#5562 = DIRECTION('',(0.,-1.));
#5563 = ( GEOMETRIC_REPRESENTATION_CONTEXT(2) 
PARAMETRIC_REPRESENTATION_CONTEXT() REPRESENTATION_CONTEXT('2D SPACE',''
  ) );
#5564 = PCURVE('',#4558,#5565);
#5565 = DEFINITIONAL_REPRESENTATION('',(#5566),#5570);
#5566 = LINE('',#5567,#5568);
#5567 = CARTESIAN_POINT('',(3.,0.));
#5568 = VECTOR('',#5569,1.);
#5569 = DIRECTION('',(0.,-1.));
#5570 = ( GEOMETRIC_REPRESENTATION_CONTEXT(2) 
PARAMETRIC_REPRESENTATION_CONTEXT() REPRESENTATION_CONTEXT('2D SPACE',''
  ) );
#5571 = ORIENTED_EDGE('',*,*,#4397,.T.);
#5572 = ORIENTED_EDGE('',*,*,#3236,.F.);
#5573 = ORIENTED_EDGE('',*,*,#3511,.F.);
#5574 = ORIENTED_EDGE('',*,*,#5575,.T.);
#5575 = EDGE_CURVE('',#3486,#5576,#5578,.T.);
#5576 = VERTEX_POINT('',#5577);
#5577 = CARTESIAN_POINT('',(-3.8,53.5,157.));
#5578 = SURFACE_CURVE('',#5579,(#5583,#5590),.PCURVE_S1.);
#5579 = LINE('',#5580,#5581);
#5580 = CARTESIAN_POINT('',(-3.8,53.5,117.));
#5581 = VECTOR('',#5582,1.);
#5582 = DIRECTION('',(0.,0.,1.));
#5583 = PCURVE('',#3253,#5584);
#5584 = DEFINITIONAL_REPRESENTATION('',(#5585),#5589);
#5585 = LINE('',#5586,#5587);
#5586 = CARTESIAN_POINT('',(0.,0.));
#5587 = VECTOR('',#5588,1.);
#5588 = DIRECTION('',(0.,-1.));
#5589 = ( GEOMETRIC_REPRESENTATION_CONTEXT(2) 
PARAMETRIC_REPRESENTATION_CONTEXT() REPRESENTATION_CONTEXT('2D SPACE',''
  ) );
#5590 = PCURVE('',#3500,#5591);
#5591 = DEFINITIONAL_REPRESENTATION('',(#5592),#5596);
#5592 = LINE('',#5593,#5594);
#5593 = CARTESIAN_POINT('',(3.,0.));
#5594 = VECTOR('',#5595,1.);
#5595 = DIRECTION('',(0.,-1.));
#5596 = ( GEOMETRIC_REPRESENTATION_CONTEXT(2) 
PARAMETRIC_REPRESENTATION_CONTEXT() REPRESENTATION_CONTEXT('2D SPACE',''
  ) );
#5597 = ORIENTED_EDGE('',*,*,#5598,.T.);
#5598 = EDGE_CURVE('',#5576,#5599,#5601,.T.);
#5599 = VERTEX_POINT('',#5600);
#5600 = CARTESIAN_POINT('',(-12.2,53.5,157.));
#5601 = SURFACE_CURVE('',#5602,(#5607,#5614),.PCURVE_S1.);
#5602 = CIRCLE('',#5603,4.2);
#5603 = AXIS2_PLACEMENT_3D('',#5604,#5605,#5606);
#5604 = CARTESIAN_POINT('',(-8.,53.5,157.));
#5605 = DIRECTION('',(-0.,0.,-1.));
#5606 = DIRECTION('',(1.,-2.167578286173E-16,-0.));
#5607 = PCURVE('',#3253,#5608);
#5608 = DEFINITIONAL_REPRESENTATION('',(#5609),#5613);
#5609 = LINE('',#5610,#5611);
#5610 = CARTESIAN_POINT('',(0.,-40.));
#5611 = VECTOR('',#5612,1.);
#5612 = DIRECTION('',(1.,0.));
#5613 = ( GEOMETRIC_REPRESENTATION_CONTEXT(2) 
PARAMETRIC_REPRESENTATION_CONTEXT() REPRESENTATION_CONTEXT('2D SPACE',''
  ) );
#5614 = PCURVE('',#5615,#5620);
#5615 = PLANE('',#5616);
#5616 = AXIS2_PLACEMENT_3D('',#5617,#5618,#5619);
#5617 = CARTESIAN_POINT('',(-8.,55.,157.));
#5618 = DIRECTION('',(-0.,-0.,-1.));
#5619 = DIRECTION('',(-1.,0.,0.));
#5620 = DEFINITIONAL_REPRESENTATION('',(#5621),#5625);
#5621 = CIRCLE('',#5622,4.2);
#5622 = AXIS2_PLACEMENT_2D('',#5623,#5624);
#5623 = CARTESIAN_POINT('',(2.6645352591E-15,-1.5));
#5624 = DIRECTION('',(-1.,-2.167578286173E-16));
#5625 = ( GEOMETRIC_REPRESENTATION_CONTEXT(2) 
PARAMETRIC_REPRESENTATION_CONTEXT() REPRESENTATION_CONTEXT('2D SPACE',''
  ) );
#5626 = ORIENTED_EDGE('',*,*,#5627,.F.);
#5627 = EDGE_CURVE('',#5097,#5599,#5628,.T.);
#5628 = SURFACE_CURVE('',#5629,(#5633,#5640),.PCURVE_S1.);
#5629 = LINE('',#5630,#5631);
#5630 = CARTESIAN_POINT('',(-12.2,53.5,117.));
#5631 = VECTOR('',#5632,1.);
#5632 = DIRECTION('',(0.,0.,1.));
#5633 = PCURVE('',#3253,#5634);
#5634 = DEFINITIONAL_REPRESENTATION('',(#5635),#5639);
#5635 = LINE('',#5636,#5637);
#5636 = CARTESIAN_POINT('',(3.14159265359,0.));
#5637 = VECTOR('',#5638,1.);
#5638 = DIRECTION('',(0.,-1.));
#5639 = ( GEOMETRIC_REPRESENTATION_CONTEXT(2) 
PARAMETRIC_REPRESENTATION_CONTEXT() REPRESENTATION_CONTEXT('2D SPACE',''
  ) );
#5640 = PCURVE('',#5114,#5641);
#5641 = DEFINITIONAL_REPRESENTATION('',(#5642),#5646);
#5642 = LINE('',#5643,#5644);
#5643 = CARTESIAN_POINT('',(0.,0.));
#5644 = VECTOR('',#5645,1.);
#5645 = DIRECTION('',(0.,-1.));
#5646 = ( GEOMETRIC_REPRESENTATION_CONTEXT(2) 
PARAMETRIC_REPRESENTATION_CONTEXT() REPRESENTATION_CONTEXT('2D SPACE',''
  ) );
#5647 = ADVANCED_FACE('',(#5648),#3955,.F.);
#5648 = FACE_BOUND('',#5649,.F.);
#5649 = EDGE_LOOP('',(#5650,#5651,#5672,#5673,#5674,#5675,#5698,#5727));
#5650 = ORIENTED_EDGE('',*,*,#5229,.F.);
#5651 = ORIENTED_EDGE('',*,*,#5652,.T.);
#5652 = EDGE_CURVE('',#5207,#4057,#5653,.T.);
#5653 = SURFACE_CURVE('',#5654,(#5658,#5665),.PCURVE_S1.);
#5654 = LINE('',#5655,#5656);
#5655 = CARTESIAN_POINT('',(3.8,56.5,117.));
#5656 = VECTOR('',#5657,1.);
#5657 = DIRECTION('',(0.,0.,1.));
#5658 = PCURVE('',#3955,#5659);
#5659 = DEFINITIONAL_REPRESENTATION('',(#5660),#5664);
#5660 = LINE('',#5661,#5662);
#5661 = CARTESIAN_POINT('',(0.,0.));
#5662 = VECTOR('',#5663,1.);
#5663 = DIRECTION('',(0.,-1.));
#5664 = ( GEOMETRIC_REPRESENTATION_CONTEXT(2) 
PARAMETRIC_REPRESENTATION_CONTEXT() REPRESENTATION_CONTEXT('2D SPACE',''
  ) );
#5665 = PCURVE('',#4217,#5666);
#5666 = DEFINITIONAL_REPRESENTATION('',(#5667),#5671);
#5667 = LINE('',#5668,#5669);
#5668 = CARTESIAN_POINT('',(3.,0.));
#5669 = VECTOR('',#5670,1.);
#5670 = DIRECTION('',(0.,-1.));
#5671 = ( GEOMETRIC_REPRESENTATION_CONTEXT(2) 
PARAMETRIC_REPRESENTATION_CONTEXT() REPRESENTATION_CONTEXT('2D SPACE',''
  ) );
#5672 = ORIENTED_EDGE('',*,*,#4056,.T.);
#5673 = ORIENTED_EDGE('',*,*,#4955,.F.);
#5674 = ORIENTED_EDGE('',*,*,#3857,.F.);
#5675 = ORIENTED_EDGE('',*,*,#5676,.T.);
#5676 = EDGE_CURVE('',#3832,#5677,#5679,.T.);
#5677 = VERTEX_POINT('',#5678);
#5678 = CARTESIAN_POINT('',(3.8,56.5,157.));
#5679 = SURFACE_CURVE('',#5680,(#5684,#5691),.PCURVE_S1.);
#5680 = LINE('',#5681,#5682);
#5681 = CARTESIAN_POINT('',(3.8,56.5,117.));
#5682 = VECTOR('',#5683,1.);
#5683 = DIRECTION('',(0.,0.,1.));
#5684 = PCURVE('',#3955,#5685);
#5685 = DEFINITIONAL_REPRESENTATION('',(#5686),#5690);
#5686 = LINE('',#5687,#5688);
#5687 = CARTESIAN_POINT('',(0.,0.));
#5688 = VECTOR('',#5689,1.);
#5689 = DIRECTION('',(0.,-1.));
#5690 = ( GEOMETRIC_REPRESENTATION_CONTEXT(2) 
PARAMETRIC_REPRESENTATION_CONTEXT() REPRESENTATION_CONTEXT('2D SPACE',''
  ) );
#5691 = PCURVE('',#3846,#5692);
#5692 = DEFINITIONAL_REPRESENTATION('',(#5693),#5697);
#5693 = LINE('',#5694,#5695);
#5694 = CARTESIAN_POINT('',(3.,0.));
#5695 = VECTOR('',#5696,1.);
#5696 = DIRECTION('',(0.,-1.));
#5697 = ( GEOMETRIC_REPRESENTATION_CONTEXT(2) 
PARAMETRIC_REPRESENTATION_CONTEXT() REPRESENTATION_CONTEXT('2D SPACE',''
  ) );
#5698 = ORIENTED_EDGE('',*,*,#5699,.T.);
#5699 = EDGE_CURVE('',#5677,#5700,#5702,.T.);
#5700 = VERTEX_POINT('',#5701);
#5701 = CARTESIAN_POINT('',(12.2,56.5,157.));
#5702 = SURFACE_CURVE('',#5703,(#5708,#5715),.PCURVE_S1.);
#5703 = CIRCLE('',#5704,4.2);
#5704 = AXIS2_PLACEMENT_3D('',#5705,#5706,#5707);
#5705 = CARTESIAN_POINT('',(8.,56.5,157.));
#5706 = DIRECTION('',(0.,0.,-1.));
#5707 = DIRECTION('',(-1.,2.167578286173E-16,0.));
#5708 = PCURVE('',#3955,#5709);
#5709 = DEFINITIONAL_REPRESENTATION('',(#5710),#5714);
#5710 = LINE('',#5711,#5712);
#5711 = CARTESIAN_POINT('',(0.,-40.));
#5712 = VECTOR('',#5713,1.);
#5713 = DIRECTION('',(1.,0.));
#5714 = ( GEOMETRIC_REPRESENTATION_CONTEXT(2) 
PARAMETRIC_REPRESENTATION_CONTEXT() REPRESENTATION_CONTEXT('2D SPACE',''
  ) );
#5715 = PCURVE('',#5716,#5721);
#5716 = PLANE('',#5717);
#5717 = AXIS2_PLACEMENT_3D('',#5718,#5719,#5720);
#5718 = CARTESIAN_POINT('',(8.,55.,157.));
#5719 = DIRECTION('',(-0.,-0.,-1.));
#5720 = DIRECTION('',(-1.,0.,0.));
#5721 = DEFINITIONAL_REPRESENTATION('',(#5722),#5726);
#5722 = CIRCLE('',#5723,4.2);
#5723 = AXIS2_PLACEMENT_2D('',#5724,#5725);
#5724 = CARTESIAN_POINT('',(-1.7763568394E-15,1.5));
#5725 = DIRECTION('',(1.,2.167578286173E-16));
#5726 = ( GEOMETRIC_REPRESENTATION_CONTEXT(2) 
PARAMETRIC_REPRESENTATION_CONTEXT() REPRESENTATION_CONTEXT('2D SPACE',''
  ) );
#5727 = ORIENTED_EDGE('',*,*,#5728,.F.);
#5728 = EDGE_CURVE('',#5230,#5700,#5729,.T.);
#5729 = SURFACE_CURVE('',#5730,(#5734,#5741),.PCURVE_S1.);
#5730 = LINE('',#5731,#5732);
#5731 = CARTESIAN_POINT('',(12.2,56.5,117.));
#5732 = VECTOR('',#5733,1.);
#5733 = DIRECTION('',(0.,0.,1.));
#5734 = PCURVE('',#3955,#5735);
#5735 = DEFINITIONAL_REPRESENTATION('',(#5736),#5740);
#5736 = LINE('',#5737,#5738);
#5737 = CARTESIAN_POINT('',(3.14159265359,0.));
#5738 = VECTOR('',#5739,1.);
#5739 = DIRECTION('',(0.,-1.));
#5740 = ( GEOMETRIC_REPRESENTATION_CONTEXT(2) 
PARAMETRIC_REPRESENTATION_CONTEXT() REPRESENTATION_CONTEXT('2D SPACE',''
  ) );
#5741 = PCURVE('',#5269,#5742);
#5742 = DEFINITIONAL_REPRESENTATION('',(#5743),#5747);
#5743 = LINE('',#5744,#5745);
#5744 = CARTESIAN_POINT('',(0.,0.));
#5745 = VECTOR('',#5746,1.);
#5746 = DIRECTION('',(0.,-1.));
#5747 = ( GEOMETRIC_REPRESENTATION_CONTEXT(2) 
PARAMETRIC_REPRESENTATION_CONTEXT() REPRESENTATION_CONTEXT('2D SPACE',''
  ) );
#5748 = ADVANCED_FACE('',(#5749),#3846,.F.);
#5749 = FACE_BOUND('',#5750,.F.);
#5750 = EDGE_LOOP('',(#5751,#5752,#5775,#5796));
#5751 = ORIENTED_EDGE('',*,*,#3831,.F.);
#5752 = ORIENTED_EDGE('',*,*,#5753,.T.);
#5753 = EDGE_CURVE('',#3681,#5754,#5756,.T.);
#5754 = VERTEX_POINT('',#5755);
#5755 = CARTESIAN_POINT('',(3.8,53.5,157.));
#5756 = SURFACE_CURVE('',#5757,(#5761,#5768),.PCURVE_S1.);
#5757 = LINE('',#5758,#5759);
#5758 = CARTESIAN_POINT('',(3.8,53.5,117.));
#5759 = VECTOR('',#5760,1.);
#5760 = DIRECTION('',(0.,0.,1.));
#5761 = PCURVE('',#3846,#5762);
#5762 = DEFINITIONAL_REPRESENTATION('',(#5763),#5767);
#5763 = LINE('',#5764,#5765);
#5764 = CARTESIAN_POINT('',(0.,0.));
#5765 = VECTOR('',#5766,1.);
#5766 = DIRECTION('',(0.,-1.));
#5767 = ( GEOMETRIC_REPRESENTATION_CONTEXT(2) 
PARAMETRIC_REPRESENTATION_CONTEXT() REPRESENTATION_CONTEXT('2D SPACE',''
  ) );
#5768 = PCURVE('',#3778,#5769);
#5769 = DEFINITIONAL_REPRESENTATION('',(#5770),#5774);
#5770 = LINE('',#5771,#5772);
#5771 = CARTESIAN_POINT('',(3.14159265359,0.));
#5772 = VECTOR('',#5773,1.);
#5773 = DIRECTION('',(0.,-1.));
#5774 = ( GEOMETRIC_REPRESENTATION_CONTEXT(2) 
PARAMETRIC_REPRESENTATION_CONTEXT() REPRESENTATION_CONTEXT('2D SPACE',''
  ) );
#5775 = ORIENTED_EDGE('',*,*,#5776,.T.);
#5776 = EDGE_CURVE('',#5754,#5677,#5777,.T.);
#5777 = SURFACE_CURVE('',#5778,(#5782,#5789),.PCURVE_S1.);
#5778 = LINE('',#5779,#5780);
#5779 = CARTESIAN_POINT('',(3.8,53.5,157.));
#5780 = VECTOR('',#5781,1.);
#5781 = DIRECTION('',(1.110223024625E-16,1.,0.));
#5782 = PCURVE('',#3846,#5783);
#5783 = DEFINITIONAL_REPRESENTATION('',(#5784),#5788);
#5784 = LINE('',#5785,#5786);
#5785 = CARTESIAN_POINT('',(0.,-40.));
#5786 = VECTOR('',#5787,1.);
#5787 = DIRECTION('',(1.,0.));
#5788 = ( GEOMETRIC_REPRESENTATION_CONTEXT(2) 
PARAMETRIC_REPRESENTATION_CONTEXT() REPRESENTATION_CONTEXT('2D SPACE',''
  ) );
#5789 = PCURVE('',#5716,#5790);
#5790 = DEFINITIONAL_REPRESENTATION('',(#5791),#5795);
#5791 = LINE('',#5792,#5793);
#5792 = CARTESIAN_POINT('',(4.2,-1.5));
#5793 = VECTOR('',#5794,1.);
#5794 = DIRECTION('',(-1.110223024625E-16,1.));
#5795 = ( GEOMETRIC_REPRESENTATION_CONTEXT(2) 
PARAMETRIC_REPRESENTATION_CONTEXT() REPRESENTATION_CONTEXT('2D SPACE',''
  ) );
#5796 = ORIENTED_EDGE('',*,*,#5676,.F.);
#5797 = ADVANCED_FACE('',(#5798),#3778,.F.);
#5798 = FACE_BOUND('',#5799,.F.);
#5799 = EDGE_LOOP('',(#5800,#5801,#5824,#5846,#5847,#5848,#5849,#5850));
#5800 = ORIENTED_EDGE('',*,*,#5281,.F.);
#5801 = ORIENTED_EDGE('',*,*,#5802,.T.);
#5802 = EDGE_CURVE('',#5254,#5803,#5805,.T.);
#5803 = VERTEX_POINT('',#5804);
#5804 = CARTESIAN_POINT('',(12.2,53.5,157.));
#5805 = SURFACE_CURVE('',#5806,(#5810,#5817),.PCURVE_S1.);
#5806 = LINE('',#5807,#5808);
#5807 = CARTESIAN_POINT('',(12.2,53.5,117.));
#5808 = VECTOR('',#5809,1.);
#5809 = DIRECTION('',(0.,0.,1.));
#5810 = PCURVE('',#3778,#5811);
#5811 = DEFINITIONAL_REPRESENTATION('',(#5812),#5816);
#5812 = LINE('',#5813,#5814);
#5813 = CARTESIAN_POINT('',(0.,0.));
#5814 = VECTOR('',#5815,1.);
#5815 = DIRECTION('',(0.,-1.));
#5816 = ( GEOMETRIC_REPRESENTATION_CONTEXT(2) 
PARAMETRIC_REPRESENTATION_CONTEXT() REPRESENTATION_CONTEXT('2D SPACE',''
  ) );
#5817 = PCURVE('',#5269,#5818);
#5818 = DEFINITIONAL_REPRESENTATION('',(#5819),#5823);
#5819 = LINE('',#5820,#5821);
#5820 = CARTESIAN_POINT('',(3.,0.));
#5821 = VECTOR('',#5822,1.);
#5822 = DIRECTION('',(0.,-1.));
#5823 = ( GEOMETRIC_REPRESENTATION_CONTEXT(2) 
PARAMETRIC_REPRESENTATION_CONTEXT() REPRESENTATION_CONTEXT('2D SPACE',''
  ) );
#5824 = ORIENTED_EDGE('',*,*,#5825,.T.);
#5825 = EDGE_CURVE('',#5803,#5754,#5826,.T.);
#5826 = SURFACE_CURVE('',#5827,(#5832,#5839),.PCURVE_S1.);
#5827 = CIRCLE('',#5828,4.2);
#5828 = AXIS2_PLACEMENT_3D('',#5829,#5830,#5831);
#5829 = CARTESIAN_POINT('',(8.,53.5,157.));
#5830 = DIRECTION('',(-0.,0.,-1.));
#5831 = DIRECTION('',(1.,-2.167578286173E-16,-0.));
#5832 = PCURVE('',#3778,#5833);
#5833 = DEFINITIONAL_REPRESENTATION('',(#5834),#5838);
#5834 = LINE('',#5835,#5836);
#5835 = CARTESIAN_POINT('',(0.,-40.));
#5836 = VECTOR('',#5837,1.);
#5837 = DIRECTION('',(1.,0.));
#5838 = ( GEOMETRIC_REPRESENTATION_CONTEXT(2) 
PARAMETRIC_REPRESENTATION_CONTEXT() REPRESENTATION_CONTEXT('2D SPACE',''
  ) );
#5839 = PCURVE('',#5716,#5840);
#5840 = DEFINITIONAL_REPRESENTATION('',(#5841),#5845);
#5841 = CIRCLE('',#5842,4.2);
#5842 = AXIS2_PLACEMENT_2D('',#5843,#5844);
#5843 = CARTESIAN_POINT('',(-1.7763568394E-15,-1.5));
#5844 = DIRECTION('',(-1.,-2.167578286173E-16));
#5845 = ( GEOMETRIC_REPRESENTATION_CONTEXT(2) 
PARAMETRIC_REPRESENTATION_CONTEXT() REPRESENTATION_CONTEXT('2D SPACE',''
  ) );
#5846 = ORIENTED_EDGE('',*,*,#5753,.F.);
#5847 = ORIENTED_EDGE('',*,*,#3680,.F.);
#5848 = ORIENTED_EDGE('',*,*,#4739,.T.);
#5849 = ORIENTED_EDGE('',*,*,#4228,.T.);
#5850 = ORIENTED_EDGE('',*,*,#5851,.F.);
#5851 = EDGE_CURVE('',#5205,#4203,#5852,.T.);
#5852 = SURFACE_CURVE('',#5853,(#5857,#5864),.PCURVE_S1.);
#5853 = LINE('',#5854,#5855);
#5854 = CARTESIAN_POINT('',(3.8,53.5,117.));
#5855 = VECTOR('',#5856,1.);
#5856 = DIRECTION('',(0.,0.,1.));
#5857 = PCURVE('',#3778,#5858);
#5858 = DEFINITIONAL_REPRESENTATION('',(#5859),#5863);
#5859 = LINE('',#5860,#5861);
#5860 = CARTESIAN_POINT('',(3.14159265359,0.));
#5861 = VECTOR('',#5862,1.);
#5862 = DIRECTION('',(0.,-1.));
#5863 = ( GEOMETRIC_REPRESENTATION_CONTEXT(2) 
PARAMETRIC_REPRESENTATION_CONTEXT() REPRESENTATION_CONTEXT('2D SPACE',''
  ) );
#5864 = PCURVE('',#4217,#5865);
#5865 = DEFINITIONAL_REPRESENTATION('',(#5866),#5870);
#5866 = LINE('',#5867,#5868);
#5867 = CARTESIAN_POINT('',(0.,0.));
#5868 = VECTOR('',#5869,1.);
#5869 = DIRECTION('',(0.,-1.));
#5870 = ( GEOMETRIC_REPRESENTATION_CONTEXT(2) 
PARAMETRIC_REPRESENTATION_CONTEXT() REPRESENTATION_CONTEXT('2D SPACE',''
  ) );
#5871 = ADVANCED_FACE('',(#5872),#3500,.F.);
#5872 = FACE_BOUND('',#5873,.F.);
#5873 = EDGE_LOOP('',(#5874,#5875,#5898,#5919));
#5874 = ORIENTED_EDGE('',*,*,#3485,.T.);
#5875 = ORIENTED_EDGE('',*,*,#5876,.T.);
#5876 = EDGE_CURVE('',#3335,#5877,#5879,.T.);
#5877 = VERTEX_POINT('',#5878);
#5878 = CARTESIAN_POINT('',(-3.8,56.5,157.));
#5879 = SURFACE_CURVE('',#5880,(#5884,#5891),.PCURVE_S1.);
#5880 = LINE('',#5881,#5882);
#5881 = CARTESIAN_POINT('',(-3.8,56.5,117.));
#5882 = VECTOR('',#5883,1.);
#5883 = DIRECTION('',(0.,0.,1.));
#5884 = PCURVE('',#3500,#5885);
#5885 = DEFINITIONAL_REPRESENTATION('',(#5886),#5890);
#5886 = LINE('',#5887,#5888);
#5887 = CARTESIAN_POINT('',(0.,0.));
#5888 = VECTOR('',#5889,1.);
#5889 = DIRECTION('',(0.,-1.));
#5890 = ( GEOMETRIC_REPRESENTATION_CONTEXT(2) 
PARAMETRIC_REPRESENTATION_CONTEXT() REPRESENTATION_CONTEXT('2D SPACE',''
  ) );
#5891 = PCURVE('',#3432,#5892);
#5892 = DEFINITIONAL_REPRESENTATION('',(#5893),#5897);
#5893 = LINE('',#5894,#5895);
#5894 = CARTESIAN_POINT('',(3.14159265359,0.));
#5895 = VECTOR('',#5896,1.);
#5896 = DIRECTION('',(0.,-1.));
#5897 = ( GEOMETRIC_REPRESENTATION_CONTEXT(2) 
PARAMETRIC_REPRESENTATION_CONTEXT() REPRESENTATION_CONTEXT('2D SPACE',''
  ) );
#5898 = ORIENTED_EDGE('',*,*,#5899,.T.);
#5899 = EDGE_CURVE('',#5877,#5576,#5900,.T.);
#5900 = SURFACE_CURVE('',#5901,(#5905,#5912),.PCURVE_S1.);
#5901 = LINE('',#5902,#5903);
#5902 = CARTESIAN_POINT('',(-3.8,56.5,157.));
#5903 = VECTOR('',#5904,1.);
#5904 = DIRECTION('',(-1.110223024625E-16,-1.,0.));
#5905 = PCURVE('',#3500,#5906);
#5906 = DEFINITIONAL_REPRESENTATION('',(#5907),#5911);
#5907 = LINE('',#5908,#5909);
#5908 = CARTESIAN_POINT('',(0.,-40.));
#5909 = VECTOR('',#5910,1.);
#5910 = DIRECTION('',(1.,0.));
#5911 = ( GEOMETRIC_REPRESENTATION_CONTEXT(2) 
PARAMETRIC_REPRESENTATION_CONTEXT() REPRESENTATION_CONTEXT('2D SPACE',''
  ) );
#5912 = PCURVE('',#5615,#5913);
#5913 = DEFINITIONAL_REPRESENTATION('',(#5914),#5918);
#5914 = LINE('',#5915,#5916);
#5915 = CARTESIAN_POINT('',(-4.2,1.5));
#5916 = VECTOR('',#5917,1.);
#5917 = DIRECTION('',(1.110223024625E-16,-1.));
#5918 = ( GEOMETRIC_REPRESENTATION_CONTEXT(2) 
PARAMETRIC_REPRESENTATION_CONTEXT() REPRESENTATION_CONTEXT('2D SPACE',''
  ) );
#5919 = ORIENTED_EDGE('',*,*,#5575,.F.);
#5920 = ADVANCED_FACE('',(#5921),#3432,.F.);
#5921 = FACE_BOUND('',#5922,.F.);
#5922 = EDGE_LOOP('',(#5923,#5924,#5947,#5969,#5970,#5971,#5972,#5973));
#5923 = ORIENTED_EDGE('',*,*,#5126,.F.);
#5924 = ORIENTED_EDGE('',*,*,#5925,.T.);
#5925 = EDGE_CURVE('',#5099,#5926,#5928,.T.);
#5926 = VERTEX_POINT('',#5927);
#5927 = CARTESIAN_POINT('',(-12.2,56.5,157.));
#5928 = SURFACE_CURVE('',#5929,(#5933,#5940),.PCURVE_S1.);
#5929 = LINE('',#5930,#5931);
#5930 = CARTESIAN_POINT('',(-12.2,56.5,117.));
#5931 = VECTOR('',#5932,1.);
#5932 = DIRECTION('',(0.,0.,1.));
#5933 = PCURVE('',#3432,#5934);
#5934 = DEFINITIONAL_REPRESENTATION('',(#5935),#5939);
#5935 = LINE('',#5936,#5937);
#5936 = CARTESIAN_POINT('',(0.,0.));
#5937 = VECTOR('',#5938,1.);
#5938 = DIRECTION('',(0.,-1.));
#5939 = ( GEOMETRIC_REPRESENTATION_CONTEXT(2) 
PARAMETRIC_REPRESENTATION_CONTEXT() REPRESENTATION_CONTEXT('2D SPACE',''
  ) );
#5940 = PCURVE('',#5114,#5941);
#5941 = DEFINITIONAL_REPRESENTATION('',(#5942),#5946);
#5942 = LINE('',#5943,#5944);
#5943 = CARTESIAN_POINT('',(3.,0.));
#5944 = VECTOR('',#5945,1.);
#5945 = DIRECTION('',(0.,-1.));
#5946 = ( GEOMETRIC_REPRESENTATION_CONTEXT(2) 
PARAMETRIC_REPRESENTATION_CONTEXT() REPRESENTATION_CONTEXT('2D SPACE',''
  ) );
#5947 = ORIENTED_EDGE('',*,*,#5948,.T.);
#5948 = EDGE_CURVE('',#5926,#5877,#5949,.T.);
#5949 = SURFACE_CURVE('',#5950,(#5955,#5962),.PCURVE_S1.);
#5950 = CIRCLE('',#5951,4.2);
#5951 = AXIS2_PLACEMENT_3D('',#5952,#5953,#5954);
#5952 = CARTESIAN_POINT('',(-8.,56.5,157.));
#5953 = DIRECTION('',(0.,0.,-1.));
#5954 = DIRECTION('',(-1.,2.167578286173E-16,0.));
#5955 = PCURVE('',#3432,#5956);
#5956 = DEFINITIONAL_REPRESENTATION('',(#5957),#5961);
#5957 = LINE('',#5958,#5959);
#5958 = CARTESIAN_POINT('',(0.,-40.));
#5959 = VECTOR('',#5960,1.);
#5960 = DIRECTION('',(1.,0.));
#5961 = ( GEOMETRIC_REPRESENTATION_CONTEXT(2) 
PARAMETRIC_REPRESENTATION_CONTEXT() REPRESENTATION_CONTEXT('2D SPACE',''
  ) );
#5962 = PCURVE('',#5615,#5963);
#5963 = DEFINITIONAL_REPRESENTATION('',(#5964),#5968);
#5964 = CIRCLE('',#5965,4.2);
#5965 = AXIS2_PLACEMENT_2D('',#5966,#5967);
#5966 = CARTESIAN_POINT('',(2.6645352591E-15,1.5));
#5967 = DIRECTION('',(1.,2.167578286173E-16));
#5968 = ( GEOMETRIC_REPRESENTATION_CONTEXT(2) 
PARAMETRIC_REPRESENTATION_CONTEXT() REPRESENTATION_CONTEXT('2D SPACE',''
  ) );
#5969 = ORIENTED_EDGE('',*,*,#5876,.F.);
#5970 = ORIENTED_EDGE('',*,*,#3334,.F.);
#5971 = ORIENTED_EDGE('',*,*,#4930,.T.);
#5972 = ORIENTED_EDGE('',*,*,#4569,.T.);
#5973 = ORIENTED_EDGE('',*,*,#5974,.F.);
#5974 = EDGE_CURVE('',#5127,#4544,#5975,.T.);
#5975 = SURFACE_CURVE('',#5976,(#5980,#5987),.PCURVE_S1.);
#5976 = LINE('',#5977,#5978);
#5977 = CARTESIAN_POINT('',(-3.8,56.5,117.));
#5978 = VECTOR('',#5979,1.);
#5979 = DIRECTION('',(0.,0.,1.));
#5980 = PCURVE('',#3432,#5981);
#5981 = DEFINITIONAL_REPRESENTATION('',(#5982),#5986);
#5982 = LINE('',#5983,#5984);
#5983 = CARTESIAN_POINT('',(3.14159265359,0.));
#5984 = VECTOR('',#5985,1.);
#5985 = DIRECTION('',(0.,-1.));
#5986 = ( GEOMETRIC_REPRESENTATION_CONTEXT(2) 
PARAMETRIC_REPRESENTATION_CONTEXT() REPRESENTATION_CONTEXT('2D SPACE',''
  ) );
#5987 = PCURVE('',#4558,#5988);
#5988 = DEFINITIONAL_REPRESENTATION('',(#5989),#5993);
#5989 = LINE('',#5990,#5991);
#5990 = CARTESIAN_POINT('',(0.,0.));
#5991 = VECTOR('',#5992,1.);
#5992 = DIRECTION('',(0.,-1.));
#5993 = ( GEOMETRIC_REPRESENTATION_CONTEXT(2) 
PARAMETRIC_REPRESENTATION_CONTEXT() REPRESENTATION_CONTEXT('2D SPACE',''
  ) );
#5994 = ADVANCED_FACE('',(#5995),#4558,.F.);
#5995 = FACE_BOUND('',#5996,.F.);
#5996 = EDGE_LOOP('',(#5997,#5998,#5999,#6000));
#5997 = ORIENTED_EDGE('',*,*,#5150,.F.);
#5998 = ORIENTED_EDGE('',*,*,#5974,.T.);
#5999 = ORIENTED_EDGE('',*,*,#4543,.F.);
#6000 = ORIENTED_EDGE('',*,*,#5551,.F.);
#6001 = ADVANCED_FACE('',(#6002),#4217,.F.);
#6002 = FACE_BOUND('',#6003,.F.);
#6003 = EDGE_LOOP('',(#6004,#6005,#6006,#6007));
#6004 = ORIENTED_EDGE('',*,*,#5204,.F.);
#6005 = ORIENTED_EDGE('',*,*,#5851,.T.);
#6006 = ORIENTED_EDGE('',*,*,#4202,.T.);
#6007 = ORIENTED_EDGE('',*,*,#5652,.F.);
#6008 = ADVANCED_FACE('',(#6009),#4803,.F.);
#6009 = FACE_BOUND('',#6010,.F.);
#6010 = EDGE_LOOP('',(#6011));
#6011 = ORIENTED_EDGE('',*,*,#4788,.T.);
#6012 = ADVANCED_FACE('',(#6013),#4912,.F.);
#6013 = FACE_BOUND('',#6014,.F.);
#6014 = EDGE_LOOP('',(#6015));
#6015 = ORIENTED_EDGE('',*,*,#4897,.T.);
#6016 = ADVANCED_FACE('',(#6017),#4996,.F.);
#6017 = FACE_BOUND('',#6018,.F.);
#6018 = EDGE_LOOP('',(#6019,#6020,#6043,#6064));
#6019 = ORIENTED_EDGE('',*,*,#5512,.T.);
#6020 = ORIENTED_EDGE('',*,*,#6021,.T.);
#6021 = EDGE_CURVE('',#5484,#6022,#6024,.T.);
#6022 = VERTEX_POINT('',#6023);
#6023 = CARTESIAN_POINT('',(-30.2,56.5,157.));
#6024 = SURFACE_CURVE('',#6025,(#6029,#6036),.PCURVE_S1.);
#6025 = LINE('',#6026,#6027);
#6026 = CARTESIAN_POINT('',(-30.2,53.5,157.));
#6027 = VECTOR('',#6028,1.);
#6028 = DIRECTION('',(1.110223024625E-16,1.,0.));
#6029 = PCURVE('',#4996,#6030);
#6030 = DEFINITIONAL_REPRESENTATION('',(#6031),#6035);
#6031 = LINE('',#6032,#6033);
#6032 = CARTESIAN_POINT('',(0.,-40.));
#6033 = VECTOR('',#6034,1.);
#6034 = DIRECTION('',(1.,0.));
#6035 = ( GEOMETRIC_REPRESENTATION_CONTEXT(2) 
PARAMETRIC_REPRESENTATION_CONTEXT() REPRESENTATION_CONTEXT('2D SPACE',''
  ) );
#6036 = PCURVE('',#5500,#6037);
#6037 = DEFINITIONAL_REPRESENTATION('',(#6038),#6042);
#6038 = LINE('',#6039,#6040);
#6039 = CARTESIAN_POINT('',(4.2,-1.5));
#6040 = VECTOR('',#6041,1.);
#6041 = DIRECTION('',(-1.110223024625E-16,1.));
#6042 = ( GEOMETRIC_REPRESENTATION_CONTEXT(2) 
PARAMETRIC_REPRESENTATION_CONTEXT() REPRESENTATION_CONTEXT('2D SPACE',''
  ) );
#6043 = ORIENTED_EDGE('',*,*,#6044,.F.);
#6044 = EDGE_CURVE('',#4981,#6022,#6045,.T.);
#6045 = SURFACE_CURVE('',#6046,(#6050,#6057),.PCURVE_S1.);
#6046 = LINE('',#6047,#6048);
#6047 = CARTESIAN_POINT('',(-30.2,56.5,117.));
#6048 = VECTOR('',#6049,1.);
#6049 = DIRECTION('',(0.,0.,1.));
#6050 = PCURVE('',#4996,#6051);
#6051 = DEFINITIONAL_REPRESENTATION('',(#6052),#6056);
#6052 = LINE('',#6053,#6054);
#6053 = CARTESIAN_POINT('',(3.,0.));
#6054 = VECTOR('',#6055,1.);
#6055 = DIRECTION('',(0.,-1.));
#6056 = ( GEOMETRIC_REPRESENTATION_CONTEXT(2) 
PARAMETRIC_REPRESENTATION_CONTEXT() REPRESENTATION_CONTEXT('2D SPACE',''
  ) );
#6057 = PCURVE('',#5025,#6058);
#6058 = DEFINITIONAL_REPRESENTATION('',(#6059),#6063);
#6059 = LINE('',#6060,#6061);
#6060 = CARTESIAN_POINT('',(0.,0.));
#6061 = VECTOR('',#6062,1.);
#6062 = DIRECTION('',(0.,-1.));
#6063 = ( GEOMETRIC_REPRESENTATION_CONTEXT(2) 
PARAMETRIC_REPRESENTATION_CONTEXT() REPRESENTATION_CONTEXT('2D SPACE',''
  ) );
#6064 = ORIENTED_EDGE('',*,*,#4978,.F.);
#6065 = ADVANCED_FACE('',(#6066),#5025,.F.);
#6066 = FACE_BOUND('',#6067,.F.);
#6067 = EDGE_LOOP('',(#6068,#6069,#6093,#6114));
#6068 = ORIENTED_EDGE('',*,*,#6044,.T.);
#6069 = ORIENTED_EDGE('',*,*,#6070,.T.);
#6070 = EDGE_CURVE('',#6022,#6071,#6073,.T.);
#6071 = VERTEX_POINT('',#6072);
#6072 = CARTESIAN_POINT('',(-21.8,56.5,157.));
#6073 = SURFACE_CURVE('',#6074,(#6079,#6086),.PCURVE_S1.);
#6074 = CIRCLE('',#6075,4.2);
#6075 = AXIS2_PLACEMENT_3D('',#6076,#6077,#6078);
#6076 = CARTESIAN_POINT('',(-26.,56.5,157.));
#6077 = DIRECTION('',(0.,0.,-1.));
#6078 = DIRECTION('',(-1.,2.167578286173E-16,0.));
#6079 = PCURVE('',#5025,#6080);
#6080 = DEFINITIONAL_REPRESENTATION('',(#6081),#6085);
#6081 = LINE('',#6082,#6083);
#6082 = CARTESIAN_POINT('',(0.,-40.));
#6083 = VECTOR('',#6084,1.);
#6084 = DIRECTION('',(1.,0.));
#6085 = ( GEOMETRIC_REPRESENTATION_CONTEXT(2) 
PARAMETRIC_REPRESENTATION_CONTEXT() REPRESENTATION_CONTEXT('2D SPACE',''
  ) );
#6086 = PCURVE('',#5500,#6087);
#6087 = DEFINITIONAL_REPRESENTATION('',(#6088),#6092);
#6088 = CIRCLE('',#6089,4.2);
#6089 = AXIS2_PLACEMENT_2D('',#6090,#6091);
#6090 = CARTESIAN_POINT('',(1.06581410364E-14,1.5));
#6091 = DIRECTION('',(1.,2.167578286173E-16));
#6092 = ( GEOMETRIC_REPRESENTATION_CONTEXT(2) 
PARAMETRIC_REPRESENTATION_CONTEXT() REPRESENTATION_CONTEXT('2D SPACE',''
  ) );
#6093 = ORIENTED_EDGE('',*,*,#6094,.F.);
#6094 = EDGE_CURVE('',#5009,#6071,#6095,.T.);
#6095 = SURFACE_CURVE('',#6096,(#6100,#6107),.PCURVE_S1.);
#6096 = LINE('',#6097,#6098);
#6097 = CARTESIAN_POINT('',(-21.8,56.5,117.));
#6098 = VECTOR('',#6099,1.);
#6099 = DIRECTION('',(0.,0.,1.));
#6100 = PCURVE('',#5025,#6101);
#6101 = DEFINITIONAL_REPRESENTATION('',(#6102),#6106);
#6102 = LINE('',#6103,#6104);
#6103 = CARTESIAN_POINT('',(3.14159265359,0.));
#6104 = VECTOR('',#6105,1.);
#6105 = DIRECTION('',(0.,-1.));
#6106 = ( GEOMETRIC_REPRESENTATION_CONTEXT(2) 
PARAMETRIC_REPRESENTATION_CONTEXT() REPRESENTATION_CONTEXT('2D SPACE',''
  ) );
#6107 = PCURVE('',#5053,#6108);
#6108 = DEFINITIONAL_REPRESENTATION('',(#6109),#6113);
#6109 = LINE('',#6110,#6111);
#6110 = CARTESIAN_POINT('',(0.,0.));
#6111 = VECTOR('',#6112,1.);
#6112 = DIRECTION('',(0.,-1.));
#6113 = ( GEOMETRIC_REPRESENTATION_CONTEXT(2) 
PARAMETRIC_REPRESENTATION_CONTEXT() REPRESENTATION_CONTEXT('2D SPACE',''
  ) );
#6114 = ORIENTED_EDGE('',*,*,#5008,.F.);
#6115 = ADVANCED_FACE('',(#6116),#5053,.F.);
#6116 = FACE_BOUND('',#6117,.F.);
#6117 = EDGE_LOOP('',(#6118,#6119,#6140,#6141));
#6118 = ORIENTED_EDGE('',*,*,#6094,.T.);
#6119 = ORIENTED_EDGE('',*,*,#6120,.T.);
#6120 = EDGE_CURVE('',#6071,#5461,#6121,.T.);
#6121 = SURFACE_CURVE('',#6122,(#6126,#6133),.PCURVE_S1.);
#6122 = LINE('',#6123,#6124);
#6123 = CARTESIAN_POINT('',(-21.8,56.5,157.));
#6124 = VECTOR('',#6125,1.);
#6125 = DIRECTION('',(-1.110223024625E-16,-1.,0.));
#6126 = PCURVE('',#5053,#6127);
#6127 = DEFINITIONAL_REPRESENTATION('',(#6128),#6132);
#6128 = LINE('',#6129,#6130);
#6129 = CARTESIAN_POINT('',(0.,-40.));
#6130 = VECTOR('',#6131,1.);
#6131 = DIRECTION('',(1.,0.));
#6132 = ( GEOMETRIC_REPRESENTATION_CONTEXT(2) 
PARAMETRIC_REPRESENTATION_CONTEXT() REPRESENTATION_CONTEXT('2D SPACE',''
  ) );
#6133 = PCURVE('',#5500,#6134);
#6134 = DEFINITIONAL_REPRESENTATION('',(#6135),#6139);
#6135 = LINE('',#6136,#6137);
#6136 = CARTESIAN_POINT('',(-4.2,1.5));
#6137 = VECTOR('',#6138,1.);
#6138 = DIRECTION('',(1.110223024625E-16,-1.));
#6139 = ( GEOMETRIC_REPRESENTATION_CONTEXT(2) 
PARAMETRIC_REPRESENTATION_CONTEXT() REPRESENTATION_CONTEXT('2D SPACE',''
  ) );
#6140 = ORIENTED_EDGE('',*,*,#5460,.F.);
#6141 = ORIENTED_EDGE('',*,*,#5037,.F.);
#6142 = ADVANCED_FACE('',(#6143),#5114,.F.);
#6143 = FACE_BOUND('',#6144,.F.);
#6144 = EDGE_LOOP('',(#6145,#6146,#6167,#6168));
#6145 = ORIENTED_EDGE('',*,*,#5627,.T.);
#6146 = ORIENTED_EDGE('',*,*,#6147,.T.);
#6147 = EDGE_CURVE('',#5599,#5926,#6148,.T.);
#6148 = SURFACE_CURVE('',#6149,(#6153,#6160),.PCURVE_S1.);
#6149 = LINE('',#6150,#6151);
#6150 = CARTESIAN_POINT('',(-12.2,53.5,157.));
#6151 = VECTOR('',#6152,1.);
#6152 = DIRECTION('',(1.110223024625E-16,1.,0.));
#6153 = PCURVE('',#5114,#6154);
#6154 = DEFINITIONAL_REPRESENTATION('',(#6155),#6159);
#6155 = LINE('',#6156,#6157);
#6156 = CARTESIAN_POINT('',(0.,-40.));
#6157 = VECTOR('',#6158,1.);
#6158 = DIRECTION('',(1.,0.));
#6159 = ( GEOMETRIC_REPRESENTATION_CONTEXT(2) 
PARAMETRIC_REPRESENTATION_CONTEXT() REPRESENTATION_CONTEXT('2D SPACE',''
  ) );
#6160 = PCURVE('',#5615,#6161);
#6161 = DEFINITIONAL_REPRESENTATION('',(#6162),#6166);
#6162 = LINE('',#6163,#6164);
#6163 = CARTESIAN_POINT('',(4.2,-1.5));
#6164 = VECTOR('',#6165,1.);
#6165 = DIRECTION('',(-1.110223024625E-16,1.));
#6166 = ( GEOMETRIC_REPRESENTATION_CONTEXT(2) 
PARAMETRIC_REPRESENTATION_CONTEXT() REPRESENTATION_CONTEXT('2D SPACE',''
  ) );
#6167 = ORIENTED_EDGE('',*,*,#5925,.F.);
#6168 = ORIENTED_EDGE('',*,*,#5096,.F.);
#6169 = ADVANCED_FACE('',(#6170),#5269,.F.);
#6170 = FACE_BOUND('',#6171,.F.);
#6171 = EDGE_LOOP('',(#6172,#6173,#6194,#6195));
#6172 = ORIENTED_EDGE('',*,*,#5728,.T.);
#6173 = ORIENTED_EDGE('',*,*,#6174,.T.);
#6174 = EDGE_CURVE('',#5700,#5803,#6175,.T.);
#6175 = SURFACE_CURVE('',#6176,(#6180,#6187),.PCURVE_S1.);
#6176 = LINE('',#6177,#6178);
#6177 = CARTESIAN_POINT('',(12.2,56.5,157.));
#6178 = VECTOR('',#6179,1.);
#6179 = DIRECTION('',(-1.110223024625E-16,-1.,0.));
#6180 = PCURVE('',#5269,#6181);
#6181 = DEFINITIONAL_REPRESENTATION('',(#6182),#6186);
#6182 = LINE('',#6183,#6184);
#6183 = CARTESIAN_POINT('',(0.,-40.));
#6184 = VECTOR('',#6185,1.);
#6185 = DIRECTION('',(1.,0.));
#6186 = ( GEOMETRIC_REPRESENTATION_CONTEXT(2) 
PARAMETRIC_REPRESENTATION_CONTEXT() REPRESENTATION_CONTEXT('2D SPACE',''
  ) );
#6187 = PCURVE('',#5716,#6188);
#6188 = DEFINITIONAL_REPRESENTATION('',(#6189),#6193);
#6189 = LINE('',#6190,#6191);
#6190 = CARTESIAN_POINT('',(-4.2,1.5));
#6191 = VECTOR('',#6192,1.);
#6192 = DIRECTION('',(1.110223024625E-16,-1.));
#6193 = ( GEOMETRIC_REPRESENTATION_CONTEXT(2) 
PARAMETRIC_REPRESENTATION_CONTEXT() REPRESENTATION_CONTEXT('2D SPACE',''
  ) );
#6194 = ORIENTED_EDGE('',*,*,#5802,.F.);
#6195 = ORIENTED_EDGE('',*,*,#5253,.F.);
#6196 = ADVANCED_FACE('',(#6197),#5330,.F.);
#6197 = FACE_BOUND('',#6198,.F.);
#6198 = EDGE_LOOP('',(#6199,#6222,#6250,#6271));
#6199 = ORIENTED_EDGE('',*,*,#6200,.T.);
#6200 = EDGE_CURVE('',#5313,#6201,#6203,.T.);
#6201 = VERTEX_POINT('',#6202);
#6202 = CARTESIAN_POINT('',(21.8,53.5,157.));
#6203 = SURFACE_CURVE('',#6204,(#6208,#6215),.PCURVE_S1.);
#6204 = LINE('',#6205,#6206);
#6205 = CARTESIAN_POINT('',(21.8,53.5,117.));
#6206 = VECTOR('',#6207,1.);
#6207 = DIRECTION('',(0.,0.,1.));
#6208 = PCURVE('',#5330,#6209);
#6209 = DEFINITIONAL_REPRESENTATION('',(#6210),#6214);
#6210 = LINE('',#6211,#6212);
#6211 = CARTESIAN_POINT('',(0.,0.));
#6212 = VECTOR('',#6213,1.);
#6213 = DIRECTION('',(0.,-1.));
#6214 = ( GEOMETRIC_REPRESENTATION_CONTEXT(2) 
PARAMETRIC_REPRESENTATION_CONTEXT() REPRESENTATION_CONTEXT('2D SPACE',''
  ) );
#6215 = PCURVE('',#5414,#6216);
#6216 = DEFINITIONAL_REPRESENTATION('',(#6217),#6221);
#6217 = LINE('',#6218,#6219);
#6218 = CARTESIAN_POINT('',(3.14159265359,0.));
#6219 = VECTOR('',#6220,1.);
#6220 = DIRECTION('',(0.,-1.));
#6221 = ( GEOMETRIC_REPRESENTATION_CONTEXT(2) 
PARAMETRIC_REPRESENTATION_CONTEXT() REPRESENTATION_CONTEXT('2D SPACE',''
  ) );
#6222 = ORIENTED_EDGE('',*,*,#6223,.T.);
#6223 = EDGE_CURVE('',#6201,#6224,#6226,.T.);
#6224 = VERTEX_POINT('',#6225);
#6225 = CARTESIAN_POINT('',(21.8,56.5,157.));
#6226 = SURFACE_CURVE('',#6227,(#6231,#6238),.PCURVE_S1.);
#6227 = LINE('',#6228,#6229);
#6228 = CARTESIAN_POINT('',(21.8,53.5,157.));
#6229 = VECTOR('',#6230,1.);
#6230 = DIRECTION('',(1.110223024625E-16,1.,0.));
#6231 = PCURVE('',#5330,#6232);
#6232 = DEFINITIONAL_REPRESENTATION('',(#6233),#6237);
#6233 = LINE('',#6234,#6235);
#6234 = CARTESIAN_POINT('',(0.,-40.));
#6235 = VECTOR('',#6236,1.);
#6236 = DIRECTION('',(1.,0.));
#6237 = ( GEOMETRIC_REPRESENTATION_CONTEXT(2) 
PARAMETRIC_REPRESENTATION_CONTEXT() REPRESENTATION_CONTEXT('2D SPACE',''
  ) );
#6238 = PCURVE('',#6239,#6244);
#6239 = PLANE('',#6240);
#6240 = AXIS2_PLACEMENT_3D('',#6241,#6242,#6243);
#6241 = CARTESIAN_POINT('',(26.,55.,157.));
#6242 = DIRECTION('',(-0.,-0.,-1.));
#6243 = DIRECTION('',(-1.,0.,0.));
#6244 = DEFINITIONAL_REPRESENTATION('',(#6245),#6249);
#6245 = LINE('',#6246,#6247);
#6246 = CARTESIAN_POINT('',(4.2,-1.5));
#6247 = VECTOR('',#6248,1.);
#6248 = DIRECTION('',(-1.110223024625E-16,1.));
#6249 = ( GEOMETRIC_REPRESENTATION_CONTEXT(2) 
PARAMETRIC_REPRESENTATION_CONTEXT() REPRESENTATION_CONTEXT('2D SPACE',''
  ) );
#6250 = ORIENTED_EDGE('',*,*,#6251,.F.);
#6251 = EDGE_CURVE('',#5315,#6224,#6252,.T.);
#6252 = SURFACE_CURVE('',#6253,(#6257,#6264),.PCURVE_S1.);
#6253 = LINE('',#6254,#6255);
#6254 = CARTESIAN_POINT('',(21.8,56.5,117.));
#6255 = VECTOR('',#6256,1.);
#6256 = DIRECTION('',(0.,0.,1.));
#6257 = PCURVE('',#5330,#6258);
#6258 = DEFINITIONAL_REPRESENTATION('',(#6259),#6263);
#6259 = LINE('',#6260,#6261);
#6260 = CARTESIAN_POINT('',(3.,0.));
#6261 = VECTOR('',#6262,1.);
#6262 = DIRECTION('',(0.,-1.));
#6263 = ( GEOMETRIC_REPRESENTATION_CONTEXT(2) 
PARAMETRIC_REPRESENTATION_CONTEXT() REPRESENTATION_CONTEXT('2D SPACE',''
  ) );
#6264 = PCURVE('',#5359,#6265);
#6265 = DEFINITIONAL_REPRESENTATION('',(#6266),#6270);
#6266 = LINE('',#6267,#6268);
#6267 = CARTESIAN_POINT('',(0.,0.));
#6268 = VECTOR('',#6269,1.);
#6269 = DIRECTION('',(0.,-1.));
#6270 = ( GEOMETRIC_REPRESENTATION_CONTEXT(2) 
PARAMETRIC_REPRESENTATION_CONTEXT() REPRESENTATION_CONTEXT('2D SPACE',''
  ) );
#6271 = ORIENTED_EDGE('',*,*,#5312,.F.);
#6272 = ADVANCED_FACE('',(#6273),#5414,.F.);
#6273 = FACE_BOUND('',#6274,.F.);
#6274 = EDGE_LOOP('',(#6275,#6298,#6320,#6321));
#6275 = ORIENTED_EDGE('',*,*,#6276,.T.);
#6276 = EDGE_CURVE('',#5372,#6277,#6279,.T.);
#6277 = VERTEX_POINT('',#6278);
#6278 = CARTESIAN_POINT('',(30.2,53.5,157.));
#6279 = SURFACE_CURVE('',#6280,(#6284,#6291),.PCURVE_S1.);
#6280 = LINE('',#6281,#6282);
#6281 = CARTESIAN_POINT('',(30.2,53.5,117.));
#6282 = VECTOR('',#6283,1.);
#6283 = DIRECTION('',(0.,0.,1.));
#6284 = PCURVE('',#5414,#6285);
#6285 = DEFINITIONAL_REPRESENTATION('',(#6286),#6290);
#6286 = LINE('',#6287,#6288);
#6287 = CARTESIAN_POINT('',(0.,0.));
#6288 = VECTOR('',#6289,1.);
#6289 = DIRECTION('',(0.,-1.));
#6290 = ( GEOMETRIC_REPRESENTATION_CONTEXT(2) 
PARAMETRIC_REPRESENTATION_CONTEXT() REPRESENTATION_CONTEXT('2D SPACE',''
  ) );
#6291 = PCURVE('',#5387,#6292);
#6292 = DEFINITIONAL_REPRESENTATION('',(#6293),#6297);
#6293 = LINE('',#6294,#6295);
#6294 = CARTESIAN_POINT('',(3.,0.));
#6295 = VECTOR('',#6296,1.);
#6296 = DIRECTION('',(0.,-1.));
#6297 = ( GEOMETRIC_REPRESENTATION_CONTEXT(2) 
PARAMETRIC_REPRESENTATION_CONTEXT() REPRESENTATION_CONTEXT('2D SPACE',''
  ) );
#6298 = ORIENTED_EDGE('',*,*,#6299,.T.);
#6299 = EDGE_CURVE('',#6277,#6201,#6300,.T.);
#6300 = SURFACE_CURVE('',#6301,(#6306,#6313),.PCURVE_S1.);
#6301 = CIRCLE('',#6302,4.2);
#6302 = AXIS2_PLACEMENT_3D('',#6303,#6304,#6305);
#6303 = CARTESIAN_POINT('',(26.,53.5,157.));
#6304 = DIRECTION('',(-0.,0.,-1.));
#6305 = DIRECTION('',(1.,-2.167578286173E-16,-0.));
#6306 = PCURVE('',#5414,#6307);
#6307 = DEFINITIONAL_REPRESENTATION('',(#6308),#6312);
#6308 = LINE('',#6309,#6310);
#6309 = CARTESIAN_POINT('',(0.,-40.));
#6310 = VECTOR('',#6311,1.);
#6311 = DIRECTION('',(1.,0.));
#6312 = ( GEOMETRIC_REPRESENTATION_CONTEXT(2) 
PARAMETRIC_REPRESENTATION_CONTEXT() REPRESENTATION_CONTEXT('2D SPACE',''
  ) );
#6313 = PCURVE('',#6239,#6314);
#6314 = DEFINITIONAL_REPRESENTATION('',(#6315),#6319);
#6315 = CIRCLE('',#6316,4.2);
#6316 = AXIS2_PLACEMENT_2D('',#6317,#6318);
#6317 = CARTESIAN_POINT('',(-3.552713678801E-15,-1.5));
#6318 = DIRECTION('',(-1.,-2.167578286173E-16));
#6319 = ( GEOMETRIC_REPRESENTATION_CONTEXT(2) 
PARAMETRIC_REPRESENTATION_CONTEXT() REPRESENTATION_CONTEXT('2D SPACE',''
  ) );
#6320 = ORIENTED_EDGE('',*,*,#6200,.F.);
#6321 = ORIENTED_EDGE('',*,*,#5399,.F.);
#6322 = ADVANCED_FACE('',(#6323),#5359,.F.);
#6323 = FACE_BOUND('',#6324,.F.);
#6324 = EDGE_LOOP('',(#6325,#6326,#6350,#6371));
#6325 = ORIENTED_EDGE('',*,*,#6251,.T.);
#6326 = ORIENTED_EDGE('',*,*,#6327,.T.);
#6327 = EDGE_CURVE('',#6224,#6328,#6330,.T.);
#6328 = VERTEX_POINT('',#6329);
#6329 = CARTESIAN_POINT('',(30.2,56.5,157.));
#6330 = SURFACE_CURVE('',#6331,(#6336,#6343),.PCURVE_S1.);
#6331 = CIRCLE('',#6332,4.2);
#6332 = AXIS2_PLACEMENT_3D('',#6333,#6334,#6335);
#6333 = CARTESIAN_POINT('',(26.,56.5,157.));
#6334 = DIRECTION('',(0.,0.,-1.));
#6335 = DIRECTION('',(-1.,2.167578286173E-16,0.));
#6336 = PCURVE('',#5359,#6337);
#6337 = DEFINITIONAL_REPRESENTATION('',(#6338),#6342);
#6338 = LINE('',#6339,#6340);
#6339 = CARTESIAN_POINT('',(0.,-40.));
#6340 = VECTOR('',#6341,1.);
#6341 = DIRECTION('',(1.,0.));
#6342 = ( GEOMETRIC_REPRESENTATION_CONTEXT(2) 
PARAMETRIC_REPRESENTATION_CONTEXT() REPRESENTATION_CONTEXT('2D SPACE',''
  ) );
#6343 = PCURVE('',#6239,#6344);
#6344 = DEFINITIONAL_REPRESENTATION('',(#6345),#6349);
#6345 = CIRCLE('',#6346,4.2);
#6346 = AXIS2_PLACEMENT_2D('',#6347,#6348);
#6347 = CARTESIAN_POINT('',(-3.552713678801E-15,1.5));
#6348 = DIRECTION('',(1.,2.167578286173E-16));
#6349 = ( GEOMETRIC_REPRESENTATION_CONTEXT(2) 
PARAMETRIC_REPRESENTATION_CONTEXT() REPRESENTATION_CONTEXT('2D SPACE',''
  ) );
#6350 = ORIENTED_EDGE('',*,*,#6351,.F.);
#6351 = EDGE_CURVE('',#5343,#6328,#6352,.T.);
#6352 = SURFACE_CURVE('',#6353,(#6357,#6364),.PCURVE_S1.);
#6353 = LINE('',#6354,#6355);
#6354 = CARTESIAN_POINT('',(30.2,56.5,117.));
#6355 = VECTOR('',#6356,1.);
#6356 = DIRECTION('',(0.,0.,1.));
#6357 = PCURVE('',#5359,#6358);
#6358 = DEFINITIONAL_REPRESENTATION('',(#6359),#6363);
#6359 = LINE('',#6360,#6361);
#6360 = CARTESIAN_POINT('',(3.14159265359,0.));
#6361 = VECTOR('',#6362,1.);
#6362 = DIRECTION('',(0.,-1.));
#6363 = ( GEOMETRIC_REPRESENTATION_CONTEXT(2) 
PARAMETRIC_REPRESENTATION_CONTEXT() REPRESENTATION_CONTEXT('2D SPACE',''
  ) );
#6364 = PCURVE('',#5387,#6365);
#6365 = DEFINITIONAL_REPRESENTATION('',(#6366),#6370);
#6366 = LINE('',#6367,#6368);
#6367 = CARTESIAN_POINT('',(0.,0.));
#6368 = VECTOR('',#6369,1.);
#6369 = DIRECTION('',(0.,-1.));
#6370 = ( GEOMETRIC_REPRESENTATION_CONTEXT(2) 
PARAMETRIC_REPRESENTATION_CONTEXT() REPRESENTATION_CONTEXT('2D SPACE',''
  ) );
#6371 = ORIENTED_EDGE('',*,*,#5342,.F.);
#6372 = ADVANCED_FACE('',(#6373),#5387,.F.);
#6373 = FACE_BOUND('',#6374,.F.);
#6374 = EDGE_LOOP('',(#6375,#6376,#6397,#6398));
#6375 = ORIENTED_EDGE('',*,*,#6351,.T.);
#6376 = ORIENTED_EDGE('',*,*,#6377,.T.);
#6377 = EDGE_CURVE('',#6328,#6277,#6378,.T.);
#6378 = SURFACE_CURVE('',#6379,(#6383,#6390),.PCURVE_S1.);
#6379 = LINE('',#6380,#6381);
#6380 = CARTESIAN_POINT('',(30.2,56.5,157.));
#6381 = VECTOR('',#6382,1.);
#6382 = DIRECTION('',(-1.110223024625E-16,-1.,0.));
#6383 = PCURVE('',#5387,#6384);
#6384 = DEFINITIONAL_REPRESENTATION('',(#6385),#6389);
#6385 = LINE('',#6386,#6387);
#6386 = CARTESIAN_POINT('',(0.,-40.));
#6387 = VECTOR('',#6388,1.);
#6388 = DIRECTION('',(1.,0.));
#6389 = ( GEOMETRIC_REPRESENTATION_CONTEXT(2) 
PARAMETRIC_REPRESENTATION_CONTEXT() REPRESENTATION_CONTEXT('2D SPACE',''
  ) );
#6390 = PCURVE('',#6239,#6391);
#6391 = DEFINITIONAL_REPRESENTATION('',(#6392),#6396);
#6392 = LINE('',#6393,#6394);
#6393 = CARTESIAN_POINT('',(-4.2,1.5));
#6394 = VECTOR('',#6395,1.);
#6395 = DIRECTION('',(1.110223024625E-16,-1.));
#6396 = ( GEOMETRIC_REPRESENTATION_CONTEXT(2) 
PARAMETRIC_REPRESENTATION_CONTEXT() REPRESENTATION_CONTEXT('2D SPACE',''
  ) );
#6397 = ORIENTED_EDGE('',*,*,#6276,.F.);
#6398 = ORIENTED_EDGE('',*,*,#5371,.F.);
#6399 = ADVANCED_FACE('',(#6400),#5500,.T.);
#6400 = FACE_BOUND('',#6401,.T.);
#6401 = EDGE_LOOP('',(#6402,#6403,#6404,#6405));
#6402 = ORIENTED_EDGE('',*,*,#6021,.T.);
#6403 = ORIENTED_EDGE('',*,*,#6070,.T.);
#6404 = ORIENTED_EDGE('',*,*,#6120,.T.);
#6405 = ORIENTED_EDGE('',*,*,#5483,.T.);
#6406 = ADVANCED_FACE('',(#6407),#5615,.T.);
#6407 = FACE_BOUND('',#6408,.T.);
#6408 = EDGE_LOOP('',(#6409,#6410,#6411,#6412));
#6409 = ORIENTED_EDGE('',*,*,#6147,.T.);
#6410 = ORIENTED_EDGE('',*,*,#5948,.T.);
#6411 = ORIENTED_EDGE('',*,*,#5899,.T.);
#6412 = ORIENTED_EDGE('',*,*,#5598,.T.);
#6413 = ADVANCED_FACE('',(#6414),#5716,.T.);
#6414 = FACE_BOUND('',#6415,.T.);
#6415 = EDGE_LOOP('',(#6416,#6417,#6418,#6419));
#6416 = ORIENTED_EDGE('',*,*,#5776,.T.);
#6417 = ORIENTED_EDGE('',*,*,#5699,.T.);
#6418 = ORIENTED_EDGE('',*,*,#6174,.T.);
#6419 = ORIENTED_EDGE('',*,*,#5825,.T.);
#6420 = ADVANCED_FACE('',(#6421),#6239,.T.);
#6421 = FACE_BOUND('',#6422,.T.);
#6422 = EDGE_LOOP('',(#6423,#6424,#6425,#6426));
#6423 = ORIENTED_EDGE('',*,*,#6223,.T.);
#6424 = ORIENTED_EDGE('',*,*,#6327,.T.);
#6425 = ORIENTED_EDGE('',*,*,#6377,.T.);
#6426 = ORIENTED_EDGE('',*,*,#6299,.T.);
#6427 = ( GEOMETRIC_REPRESENTATION_CONTEXT(3) 
GLOBAL_UNCERTAINTY_ASSIGNED_CONTEXT((#6431)) 
GLOBAL_UNIT_ASSIGNED_CONTEXT((#6428,#6429,#6430)) REPRESENTATION_CONTEXT
('Context #1','3D Context with UNIT and UNCERTAINTY') );
#6428 = ( LENGTH_UNIT() NAMED_UNIT(*) SI_UNIT(.MILLI.,.METRE.) );
#6429 = ( NAMED_UNIT(*) PLANE_ANGLE_UNIT() SI_UNIT($,.RADIAN.) );
#6430 = ( NAMED_UNIT(*) SI_UNIT($,.STERADIAN.) SOLID_ANGLE_UNIT() );
#6431 = UNCERTAINTY_MEASURE_WITH_UNIT(LENGTH_MEASURE(1.E-07),#6428,
  'distance_accuracy_value','confusion accuracy');
#6432 = PRODUCT_RELATED_PRODUCT_CATEGORY('part',$,(#7));
ENDSEC;
END-ISO-10303-21;
