ISO-10303-21;
HEADER;
FILE_DESCRIPTION(('Open CASCADE Model'),'2;1');
FILE_NAME('Open CASCADE Shape Model','2026-09-30T11:40:28',('Author'),(
    'Open CASCADE'),'Open CASCADE STEP processor 7.9','Open CASCADE 7.9'
  ,'Unknown');
FILE_SCHEMA(('AUTOMOTIVE_DESIGN { 1 0 10303 214 1 1 1 1 }'));
ENDSEC;
DATA;
#1 = APPLICATION_PROTOCOL_DEFINITION('international standard',
  'automotive_design',2000,#2);
#2 = APPLICATION_CONTEXT(
  'core data for automotive mechanical design processes');
#3 = SHAPE_DEFINITION_REPRESENTATION(#4,#10);
#4 = PRODUCT_DEFINITION_SHAPE('','',#5);
#5 = PRODUCT_DEFINITION('design','',#6,#9);
#6 = PRODUCT_DEFINITION_FORMATION('','',#7);
#7 = PRODUCT('Open CASCADE STEP translator 7.9 10',
  'Open CASCADE STEP translator 7.9 10','',(#8));
#8 = PRODUCT_CONTEXT('',#2,'mechanical');
#9 = PRODUCT_DEFINITION_CONTEXT('part definition',#2,'design');
#10 = ADVANCED_BREP_SHAPE_REPRESENTATION('',(#11,#15),#5789);
#11 = AXIS2_PLACEMENT_3D('',#12,#13,#14);
#12 = CARTESIAN_POINT('',(0.,0.,0.));
#13 = DIRECTION('',(0.,0.,1.));
#14 = DIRECTION('',(1.,0.,-0.));
#15 = MANIFOLD_SOLID_BREP('',#16);
#16 = CLOSED_SHELL('',(#17,#585,#661,#1154,#1591,#1618,#1692,#1742,#1792
    ,#1817,#1891,#1941,#1991,#2016,#2090,#2140,#2190,#2215,#2289,#2339,
    #2386,#2414,#2439,#2464,#2491,#2518,#2543,#2568,#2575,#2634,#2681,
    #2708,#2735,#2742,#2816,#3538,#4245,#4270,#4320,#4345,#4370,#4493,
    #4601,#4709,#4832,#4839,#4940,#5041,#5090,#5164,#5213,#5287,#5294,
    #5301,#5377,#5427,#5477,#5504,#5531,#5558,#5634,#5684,#5734,#5761,
    #5768,#5775,#5782));
#17 = ADVANCED_FACE('',(#18,#137,#249,#361,#473),#32,.T.);
#18 = FACE_BOUND('',#19,.T.);
#19 = EDGE_LOOP('',(#20,#55,#83,#111));
#20 = ORIENTED_EDGE('',*,*,#21,.T.);
#21 = EDGE_CURVE('',#22,#24,#26,.T.);
#22 = VERTEX_POINT('',#23);
#23 = CARTESIAN_POINT('',(-40.,-51.,107.));
#24 = VERTEX_POINT('',#25);
#25 = CARTESIAN_POINT('',(-40.,-39.,107.));
#26 = SURFACE_CURVE('',#27,(#31,#43),.PCURVE_S1.);
#27 = LINE('',#28,#29);
#28 = CARTESIAN_POINT('',(-40.,-51.,107.));
#29 = VECTOR('',#30,1.);
#30 = DIRECTION('',(-0.,1.,-0.));
#31 = PCURVE('',#32,#37);
#32 = PLANE('',#33);
#33 = AXIS2_PLACEMENT_3D('',#34,#35,#36);
#34 = CARTESIAN_POINT('',(-40.,-51.,107.));
#35 = DIRECTION('',(0.,0.,-1.));
#36 = DIRECTION('',(1.,0.,0.));
#37 = DEFINITIONAL_REPRESENTATION('',(#38),#42);
#38 = LINE('',#39,#40);
#39 = CARTESIAN_POINT('',(0.,0.));
#40 = VECTOR('',#41,1.);
#41 = DIRECTION('',(0.,-1.));
#42 = ( GEOMETRIC_REPRESENTATION_CONTEXT(2) 
PARAMETRIC_REPRESENTATION_CONTEXT() REPRESENTATION_CONTEXT('2D SPACE',''
  ) );
#43 = PCURVE('',#44,#49);
#44 = PLANE('',#45);
#45 = AXIS2_PLACEMENT_3D('',#46,#47,#48);
#46 = CARTESIAN_POINT('',(-40.,-51.,107.));
#47 = DIRECTION('',(1.,0.,0.));
#48 = DIRECTION('',(0.,0.,1.));
#49 = DEFINITIONAL_REPRESENTATION('',(#50),#54);
#50 = LINE('',#51,#52);
#51 = CARTESIAN_POINT('',(0.,0.));
#52 = VECTOR('',#53,1.);
#53 = DIRECTION('',(0.,-1.));
#54 = ( GEOMETRIC_REPRESENTATION_CONTEXT(2) 
PARAMETRIC_REPRESENTATION_CONTEXT() REPRESENTATION_CONTEXT('2D SPACE',''
  ) );
#55 = ORIENTED_EDGE('',*,*,#56,.T.);
#56 = EDGE_CURVE('',#24,#57,#59,.T.);
#57 = VERTEX_POINT('',#58);
#58 = CARTESIAN_POINT('',(40.,-39.,107.));
#59 = SURFACE_CURVE('',#60,(#64,#71),.PCURVE_S1.);
#60 = LINE('',#61,#62);
#61 = CARTESIAN_POINT('',(-40.,-39.,107.));
#62 = VECTOR('',#63,1.);
#63 = DIRECTION('',(1.,0.,0.));
#64 = PCURVE('',#32,#65);
#65 = DEFINITIONAL_REPRESENTATION('',(#66),#70);
#66 = LINE('',#67,#68);
#67 = CARTESIAN_POINT('',(0.,-12.));
#68 = VECTOR('',#69,1.);
#69 = DIRECTION('',(1.,0.));
#70 = ( GEOMETRIC_REPRESENTATION_CONTEXT(2) 
PARAMETRIC_REPRESENTATION_CONTEXT() REPRESENTATION_CONTEXT('2D SPACE',''
  ) );
#71 = PCURVE('',#72,#77);
#72 = PLANE('',#73);
#73 = AXIS2_PLACEMENT_3D('',#74,#75,#76);
#74 = CARTESIAN_POINT('',(0.,-39.,153.61154671071));
#75 = DIRECTION('',(-0.,-1.,-0.));
#76 = DIRECTION('',(0.,0.,-1.));
#77 = DEFINITIONAL_REPRESENTATION('',(#78),#82);
#78 = LINE('',#79,#80);
#79 = CARTESIAN_POINT('',(46.611546710718,-40.));
#80 = VECTOR('',#81,1.);
#81 = DIRECTION('',(0.,1.));
#82 = ( GEOMETRIC_REPRESENTATION_CONTEXT(2) 
PARAMETRIC_REPRESENTATION_CONTEXT() REPRESENTATION_CONTEXT('2D SPACE',''
  ) );
#83 = ORIENTED_EDGE('',*,*,#84,.F.);
#84 = EDGE_CURVE('',#85,#57,#87,.T.);
#85 = VERTEX_POINT('',#86);
#86 = CARTESIAN_POINT('',(40.,-51.,107.));
#87 = SURFACE_CURVE('',#88,(#92,#99),.PCURVE_S1.);
#88 = LINE('',#89,#90);
#89 = CARTESIAN_POINT('',(40.,-51.,107.));
#90 = VECTOR('',#91,1.);
#91 = DIRECTION('',(-0.,1.,-0.));
#92 = PCURVE('',#32,#93);
#93 = DEFINITIONAL_REPRESENTATION('',(#94),#98);
#94 = LINE('',#95,#96);
#95 = CARTESIAN_POINT('',(80.,0.));
#96 = VECTOR('',#97,1.);
#97 = DIRECTION('',(0.,-1.));
#98 = ( GEOMETRIC_REPRESENTATION_CONTEXT(2) 
PARAMETRIC_REPRESENTATION_CONTEXT() REPRESENTATION_CONTEXT('2D SPACE',''
  ) );
#99 = PCURVE('',#100,#105);
#100 = PLANE('',#101);
#101 = AXIS2_PLACEMENT_3D('',#102,#103,#104);
#102 = CARTESIAN_POINT('',(40.,-51.,107.));
#103 = DIRECTION('',(1.,0.,0.));
#104 = DIRECTION('',(0.,0.,1.));
#105 = DEFINITIONAL_REPRESENTATION('',(#106),#110);
#106 = LINE('',#107,#108);
#107 = CARTESIAN_POINT('',(0.,0.));
#108 = VECTOR('',#109,1.);
#109 = DIRECTION('',(0.,-1.));
#110 = ( GEOMETRIC_REPRESENTATION_CONTEXT(2) 
PARAMETRIC_REPRESENTATION_CONTEXT() REPRESENTATION_CONTEXT('2D SPACE',''
  ) );
#111 = ORIENTED_EDGE('',*,*,#112,.F.);
#112 = EDGE_CURVE('',#22,#85,#113,.T.);
#113 = SURFACE_CURVE('',#114,(#118,#125),.PCURVE_S1.);
#114 = LINE('',#115,#116);
#115 = CARTESIAN_POINT('',(-40.,-51.,107.));
#116 = VECTOR('',#117,1.);
#117 = DIRECTION('',(1.,0.,0.));
#118 = PCURVE('',#32,#119);
#119 = DEFINITIONAL_REPRESENTATION('',(#120),#124);
#120 = LINE('',#121,#122);
#121 = CARTESIAN_POINT('',(0.,0.));
#122 = VECTOR('',#123,1.);
#123 = DIRECTION('',(1.,0.));
#124 = ( GEOMETRIC_REPRESENTATION_CONTEXT(2) 
PARAMETRIC_REPRESENTATION_CONTEXT() REPRESENTATION_CONTEXT('2D SPACE',''
  ) );
#125 = PCURVE('',#126,#131);
#126 = PLANE('',#127);
#127 = AXIS2_PLACEMENT_3D('',#128,#129,#130);
#128 = CARTESIAN_POINT('',(0.,-51.,153.61154671071));
#129 = DIRECTION('',(-0.,-1.,-0.));
#130 = DIRECTION('',(0.,0.,-1.));
#131 = DEFINITIONAL_REPRESENTATION('',(#132),#136);
#132 = LINE('',#133,#134);
#133 = CARTESIAN_POINT('',(46.611546710718,-40.));
#134 = VECTOR('',#135,1.);
#135 = DIRECTION('',(0.,1.));
#136 = ( GEOMETRIC_REPRESENTATION_CONTEXT(2) 
PARAMETRIC_REPRESENTATION_CONTEXT() REPRESENTATION_CONTEXT('2D SPACE',''
  ) );
#137 = FACE_BOUND('',#138,.T.);
#138 = EDGE_LOOP('',(#139,#167,#196,#222));
#139 = ORIENTED_EDGE('',*,*,#140,.F.);
#140 = EDGE_CURVE('',#141,#143,#145,.T.);
#141 = VERTEX_POINT('',#142);
#142 = CARTESIAN_POINT('',(-28.15,-46.5,107.));
#143 = VERTEX_POINT('',#144);
#144 = CARTESIAN_POINT('',(-28.15,-43.5,107.));
#145 = SURFACE_CURVE('',#146,(#150,#156),.PCURVE_S1.);
#146 = LINE('',#147,#148);
#147 = CARTESIAN_POINT('',(-28.15,-48.75,107.));
#148 = VECTOR('',#149,1.);
#149 = DIRECTION('',(1.110223024625E-16,1.,0.));
#150 = PCURVE('',#32,#151);
#151 = DEFINITIONAL_REPRESENTATION('',(#152),#155);
#152 = B_SPLINE_CURVE_WITH_KNOTS('',1,(#153,#154),.UNSPECIFIED.,.F.,.F.,
  (2,2),(2.25,5.25),.PIECEWISE_BEZIER_KNOTS.);
#153 = CARTESIAN_POINT('',(11.85,-4.5));
#154 = CARTESIAN_POINT('',(11.85,-7.5));
#155 = ( GEOMETRIC_REPRESENTATION_CONTEXT(2) 
PARAMETRIC_REPRESENTATION_CONTEXT() REPRESENTATION_CONTEXT('2D SPACE',''
  ) );
#156 = PCURVE('',#157,#162);
#157 = PLANE('',#158);
#158 = AXIS2_PLACEMENT_3D('',#159,#160,#161);
#159 = CARTESIAN_POINT('',(-28.15,-46.5,106.));
#160 = DIRECTION('',(-1.,1.110223024625E-16,0.));
#161 = DIRECTION('',(1.110223024625E-16,1.,0.));
#162 = DEFINITIONAL_REPRESENTATION('',(#163),#166);
#163 = B_SPLINE_CURVE_WITH_KNOTS('',1,(#164,#165),.UNSPECIFIED.,.F.,.F.,
  (2,2),(2.25,5.25),.PIECEWISE_BEZIER_KNOTS.);
#164 = CARTESIAN_POINT('',(0.,-1.));
#165 = CARTESIAN_POINT('',(3.,-1.));
#166 = ( GEOMETRIC_REPRESENTATION_CONTEXT(2) 
PARAMETRIC_REPRESENTATION_CONTEXT() REPRESENTATION_CONTEXT('2D SPACE',''
  ) );
#167 = ORIENTED_EDGE('',*,*,#168,.F.);
#168 = EDGE_CURVE('',#169,#141,#171,.T.);
#169 = VERTEX_POINT('',#170);
#170 = CARTESIAN_POINT('',(-23.85,-46.5,107.));
#171 = SURFACE_CURVE('',#172,(#177,#184),.PCURVE_S1.);
#172 = CIRCLE('',#173,2.15);
#173 = AXIS2_PLACEMENT_3D('',#174,#175,#176);
#174 = CARTESIAN_POINT('',(-26.,-46.5,107.));
#175 = DIRECTION('',(0.,-0.,-1.));
#176 = DIRECTION('',(1.,-1.110223024625E-16,0.));
#177 = PCURVE('',#32,#178);
#178 = DEFINITIONAL_REPRESENTATION('',(#179),#183);
#179 = CIRCLE('',#180,2.15);
#180 = AXIS2_PLACEMENT_2D('',#181,#182);
#181 = CARTESIAN_POINT('',(14.,-4.5));
#182 = DIRECTION('',(1.,1.110223024625E-16));
#183 = ( GEOMETRIC_REPRESENTATION_CONTEXT(2) 
PARAMETRIC_REPRESENTATION_CONTEXT() REPRESENTATION_CONTEXT('2D SPACE',''
  ) );
#184 = PCURVE('',#185,#190);
#185 = CYLINDRICAL_SURFACE('',#186,2.15);
#186 = AXIS2_PLACEMENT_3D('',#187,#188,#189);
#187 = CARTESIAN_POINT('',(-26.,-46.5,106.));
#188 = DIRECTION('',(0.,-0.,-1.));
#189 = DIRECTION('',(1.,-1.110223024625E-16,0.));
#190 = DEFINITIONAL_REPRESENTATION('',(#191),#195);
#191 = LINE('',#192,#193);
#192 = CARTESIAN_POINT('',(0.,-1.));
#193 = VECTOR('',#194,1.);
#194 = DIRECTION('',(1.,0.));
#195 = ( GEOMETRIC_REPRESENTATION_CONTEXT(2) 
PARAMETRIC_REPRESENTATION_CONTEXT() REPRESENTATION_CONTEXT('2D SPACE',''
  ) );
#196 = ORIENTED_EDGE('',*,*,#197,.F.);
#197 = EDGE_CURVE('',#198,#169,#200,.T.);
#198 = VERTEX_POINT('',#199);
#199 = CARTESIAN_POINT('',(-23.85,-43.5,107.));
#200 = SURFACE_CURVE('',#201,(#205,#211),.PCURVE_S1.);
#201 = LINE('',#202,#203);
#202 = CARTESIAN_POINT('',(-23.85,-47.25,107.));
#203 = VECTOR('',#204,1.);
#204 = DIRECTION('',(-1.110223024625E-16,-1.,-0.));
#205 = PCURVE('',#32,#206);
#206 = DEFINITIONAL_REPRESENTATION('',(#207),#210);
#207 = B_SPLINE_CURVE_WITH_KNOTS('',1,(#208,#209),.UNSPECIFIED.,.F.,.F.,
  (2,2),(-3.75,-0.75),.PIECEWISE_BEZIER_KNOTS.);
#208 = CARTESIAN_POINT('',(16.15,-7.5));
#209 = CARTESIAN_POINT('',(16.15,-4.5));
#210 = ( GEOMETRIC_REPRESENTATION_CONTEXT(2) 
PARAMETRIC_REPRESENTATION_CONTEXT() REPRESENTATION_CONTEXT('2D SPACE',''
  ) );
#211 = PCURVE('',#212,#217);
#212 = PLANE('',#213);
#213 = AXIS2_PLACEMENT_3D('',#214,#215,#216);
#214 = CARTESIAN_POINT('',(-23.85,-43.5,106.));
#215 = DIRECTION('',(1.,-1.110223024625E-16,0.));
#216 = DIRECTION('',(-1.110223024625E-16,-1.,0.));
#217 = DEFINITIONAL_REPRESENTATION('',(#218),#221);
#218 = B_SPLINE_CURVE_WITH_KNOTS('',1,(#219,#220),.UNSPECIFIED.,.F.,.F.,
  (2,2),(-3.75,-0.75),.PIECEWISE_BEZIER_KNOTS.);
#219 = CARTESIAN_POINT('',(0.,-1.));
#220 = CARTESIAN_POINT('',(3.,-1.));
#221 = ( GEOMETRIC_REPRESENTATION_CONTEXT(2) 
PARAMETRIC_REPRESENTATION_CONTEXT() REPRESENTATION_CONTEXT('2D SPACE',''
  ) );
#222 = ORIENTED_EDGE('',*,*,#223,.F.);
#223 = EDGE_CURVE('',#143,#198,#224,.T.);
#224 = SURFACE_CURVE('',#225,(#230,#237),.PCURVE_S1.);
#225 = CIRCLE('',#226,2.15);
#226 = AXIS2_PLACEMENT_3D('',#227,#228,#229);
#227 = CARTESIAN_POINT('',(-26.,-43.5,107.));
#228 = DIRECTION('',(0.,0.,-1.));
#229 = DIRECTION('',(-1.,1.110223024625E-16,0.));
#230 = PCURVE('',#32,#231);
#231 = DEFINITIONAL_REPRESENTATION('',(#232),#236);
#232 = CIRCLE('',#233,2.15);
#233 = AXIS2_PLACEMENT_2D('',#234,#235);
#234 = CARTESIAN_POINT('',(14.,-7.5));
#235 = DIRECTION('',(-1.,-1.110223024625E-16));
#236 = ( GEOMETRIC_REPRESENTATION_CONTEXT(2) 
PARAMETRIC_REPRESENTATION_CONTEXT() REPRESENTATION_CONTEXT('2D SPACE',''
  ) );
#237 = PCURVE('',#238,#243);
#238 = CYLINDRICAL_SURFACE('',#239,2.15);
#239 = AXIS2_PLACEMENT_3D('',#240,#241,#242);
#240 = CARTESIAN_POINT('',(-26.,-43.5,106.));
#241 = DIRECTION('',(0.,0.,-1.));
#242 = DIRECTION('',(-1.,1.110223024625E-16,0.));
#243 = DEFINITIONAL_REPRESENTATION('',(#244),#248);
#244 = LINE('',#245,#246);
#245 = CARTESIAN_POINT('',(0.,-1.));
#246 = VECTOR('',#247,1.);
#247 = DIRECTION('',(1.,0.));
#248 = ( GEOMETRIC_REPRESENTATION_CONTEXT(2) 
PARAMETRIC_REPRESENTATION_CONTEXT() REPRESENTATION_CONTEXT('2D SPACE',''
  ) );
#249 = FACE_BOUND('',#250,.T.);
#250 = EDGE_LOOP('',(#251,#279,#308,#334));
#251 = ORIENTED_EDGE('',*,*,#252,.F.);
#252 = EDGE_CURVE('',#253,#255,#257,.T.);
#253 = VERTEX_POINT('',#254);
#254 = CARTESIAN_POINT('',(-10.15,-46.5,107.));
#255 = VERTEX_POINT('',#256);
#256 = CARTESIAN_POINT('',(-10.15,-43.5,107.));
#257 = SURFACE_CURVE('',#258,(#262,#268),.PCURVE_S1.);
#258 = LINE('',#259,#260);
#259 = CARTESIAN_POINT('',(-10.15,-48.75,107.));
#260 = VECTOR('',#261,1.);
#261 = DIRECTION('',(1.110223024625E-16,1.,0.));
#262 = PCURVE('',#32,#263);
#263 = DEFINITIONAL_REPRESENTATION('',(#264),#267);
#264 = B_SPLINE_CURVE_WITH_KNOTS('',1,(#265,#266),.UNSPECIFIED.,.F.,.F.,
  (2,2),(2.25,5.25),.PIECEWISE_BEZIER_KNOTS.);
#265 = CARTESIAN_POINT('',(29.85,-4.5));
#266 = CARTESIAN_POINT('',(29.85,-7.5));
#267 = ( GEOMETRIC_REPRESENTATION_CONTEXT(2) 
PARAMETRIC_REPRESENTATION_CONTEXT() REPRESENTATION_CONTEXT('2D SPACE',''
  ) );
#268 = PCURVE('',#269,#274);
#269 = PLANE('',#270);
#270 = AXIS2_PLACEMENT_3D('',#271,#272,#273);
#271 = CARTESIAN_POINT('',(-10.15,-46.5,106.));
#272 = DIRECTION('',(-1.,1.110223024625E-16,0.));
#273 = DIRECTION('',(1.110223024625E-16,1.,0.));
#274 = DEFINITIONAL_REPRESENTATION('',(#275),#278);
#275 = B_SPLINE_CURVE_WITH_KNOTS('',1,(#276,#277),.UNSPECIFIED.,.F.,.F.,
  (2,2),(2.25,5.25),.PIECEWISE_BEZIER_KNOTS.);
#276 = CARTESIAN_POINT('',(0.,-1.));
#277 = CARTESIAN_POINT('',(3.,-1.));
#278 = ( GEOMETRIC_REPRESENTATION_CONTEXT(2) 
PARAMETRIC_REPRESENTATION_CONTEXT() REPRESENTATION_CONTEXT('2D SPACE',''
  ) );
#279 = ORIENTED_EDGE('',*,*,#280,.F.);
#280 = EDGE_CURVE('',#281,#253,#283,.T.);
#281 = VERTEX_POINT('',#282);
#282 = CARTESIAN_POINT('',(-5.85,-46.5,107.));
#283 = SURFACE_CURVE('',#284,(#289,#296),.PCURVE_S1.);
#284 = CIRCLE('',#285,2.15);
#285 = AXIS2_PLACEMENT_3D('',#286,#287,#288);
#286 = CARTESIAN_POINT('',(-8.,-46.5,107.));
#287 = DIRECTION('',(0.,-0.,-1.));
#288 = DIRECTION('',(1.,-1.110223024625E-16,0.));
#289 = PCURVE('',#32,#290);
#290 = DEFINITIONAL_REPRESENTATION('',(#291),#295);
#291 = CIRCLE('',#292,2.15);
#292 = AXIS2_PLACEMENT_2D('',#293,#294);
#293 = CARTESIAN_POINT('',(32.,-4.5));
#294 = DIRECTION('',(1.,1.110223024625E-16));
#295 = ( GEOMETRIC_REPRESENTATION_CONTEXT(2) 
PARAMETRIC_REPRESENTATION_CONTEXT() REPRESENTATION_CONTEXT('2D SPACE',''
  ) );
#296 = PCURVE('',#297,#302);
#297 = CYLINDRICAL_SURFACE('',#298,2.15);
#298 = AXIS2_PLACEMENT_3D('',#299,#300,#301);
#299 = CARTESIAN_POINT('',(-8.,-46.5,106.));
#300 = DIRECTION('',(0.,-0.,-1.));
#301 = DIRECTION('',(1.,-1.110223024625E-16,0.));
#302 = DEFINITIONAL_REPRESENTATION('',(#303),#307);
#303 = LINE('',#304,#305);
#304 = CARTESIAN_POINT('',(0.,-1.));
#305 = VECTOR('',#306,1.);
#306 = DIRECTION('',(1.,0.));
#307 = ( GEOMETRIC_REPRESENTATION_CONTEXT(2) 
PARAMETRIC_REPRESENTATION_CONTEXT() REPRESENTATION_CONTEXT('2D SPACE',''
  ) );
#308 = ORIENTED_EDGE('',*,*,#309,.F.);
#309 = EDGE_CURVE('',#310,#281,#312,.T.);
#310 = VERTEX_POINT('',#311);
#311 = CARTESIAN_POINT('',(-5.85,-43.5,107.));
#312 = SURFACE_CURVE('',#313,(#317,#323),.PCURVE_S1.);
#313 = LINE('',#314,#315);
#314 = CARTESIAN_POINT('',(-5.85,-47.25,107.));
#315 = VECTOR('',#316,1.);
#316 = DIRECTION('',(-1.110223024625E-16,-1.,-0.));
#317 = PCURVE('',#32,#318);
#318 = DEFINITIONAL_REPRESENTATION('',(#319),#322);
#319 = B_SPLINE_CURVE_WITH_KNOTS('',1,(#320,#321),.UNSPECIFIED.,.F.,.F.,
  (2,2),(-3.75,-0.75),.PIECEWISE_BEZIER_KNOTS.);
#320 = CARTESIAN_POINT('',(34.15,-7.5));
#321 = CARTESIAN_POINT('',(34.15,-4.5));
#322 = ( GEOMETRIC_REPRESENTATION_CONTEXT(2) 
PARAMETRIC_REPRESENTATION_CONTEXT() REPRESENTATION_CONTEXT('2D SPACE',''
  ) );
#323 = PCURVE('',#324,#329);
#324 = PLANE('',#325);
#325 = AXIS2_PLACEMENT_3D('',#326,#327,#328);
#326 = CARTESIAN_POINT('',(-5.85,-43.5,106.));
#327 = DIRECTION('',(1.,-1.110223024625E-16,0.));
#328 = DIRECTION('',(-1.110223024625E-16,-1.,0.));
#329 = DEFINITIONAL_REPRESENTATION('',(#330),#333);
#330 = B_SPLINE_CURVE_WITH_KNOTS('',1,(#331,#332),.UNSPECIFIED.,.F.,.F.,
  (2,2),(-3.75,-0.75),.PIECEWISE_BEZIER_KNOTS.);
#331 = CARTESIAN_POINT('',(0.,-1.));
#332 = CARTESIAN_POINT('',(3.,-1.));
#333 = ( GEOMETRIC_REPRESENTATION_CONTEXT(2) 
PARAMETRIC_REPRESENTATION_CONTEXT() REPRESENTATION_CONTEXT('2D SPACE',''
  ) );
#334 = ORIENTED_EDGE('',*,*,#335,.F.);
#335 = EDGE_CURVE('',#255,#310,#336,.T.);
#336 = SURFACE_CURVE('',#337,(#342,#349),.PCURVE_S1.);
#337 = CIRCLE('',#338,2.15);
#338 = AXIS2_PLACEMENT_3D('',#339,#340,#341);
#339 = CARTESIAN_POINT('',(-8.,-43.5,107.));
#340 = DIRECTION('',(0.,0.,-1.));
#341 = DIRECTION('',(-1.,1.110223024625E-16,0.));
#342 = PCURVE('',#32,#343);
#343 = DEFINITIONAL_REPRESENTATION('',(#344),#348);
#344 = CIRCLE('',#345,2.15);
#345 = AXIS2_PLACEMENT_2D('',#346,#347);
#346 = CARTESIAN_POINT('',(32.,-7.5));
#347 = DIRECTION('',(-1.,-1.110223024625E-16));
#348 = ( GEOMETRIC_REPRESENTATION_CONTEXT(2) 
PARAMETRIC_REPRESENTATION_CONTEXT() REPRESENTATION_CONTEXT('2D SPACE',''
  ) );
#349 = PCURVE('',#350,#355);
#350 = CYLINDRICAL_SURFACE('',#351,2.15);
#351 = AXIS2_PLACEMENT_3D('',#352,#353,#354);
#352 = CARTESIAN_POINT('',(-8.,-43.5,106.));
#353 = DIRECTION('',(0.,0.,-1.));
#354 = DIRECTION('',(-1.,1.110223024625E-16,0.));
#355 = DEFINITIONAL_REPRESENTATION('',(#356),#360);
#356 = LINE('',#357,#358);
#357 = CARTESIAN_POINT('',(0.,-1.));
#358 = VECTOR('',#359,1.);
#359 = DIRECTION('',(1.,0.));
#360 = ( GEOMETRIC_REPRESENTATION_CONTEXT(2) 
PARAMETRIC_REPRESENTATION_CONTEXT() REPRESENTATION_CONTEXT('2D SPACE',''
  ) );
#361 = FACE_BOUND('',#362,.T.);
#362 = EDGE_LOOP('',(#363,#391,#420,#446));
#363 = ORIENTED_EDGE('',*,*,#364,.F.);
#364 = EDGE_CURVE('',#365,#367,#369,.T.);
#365 = VERTEX_POINT('',#366);
#366 = CARTESIAN_POINT('',(5.85,-46.5,107.));
#367 = VERTEX_POINT('',#368);
#368 = CARTESIAN_POINT('',(5.85,-43.5,107.));
#369 = SURFACE_CURVE('',#370,(#374,#380),.PCURVE_S1.);
#370 = LINE('',#371,#372);
#371 = CARTESIAN_POINT('',(5.85,-48.75,107.));
#372 = VECTOR('',#373,1.);
#373 = DIRECTION('',(1.110223024625E-16,1.,0.));
#374 = PCURVE('',#32,#375);
#375 = DEFINITIONAL_REPRESENTATION('',(#376),#379);
#376 = B_SPLINE_CURVE_WITH_KNOTS('',1,(#377,#378),.UNSPECIFIED.,.F.,.F.,
  (2,2),(2.25,5.25),.PIECEWISE_BEZIER_KNOTS.);
#377 = CARTESIAN_POINT('',(45.85,-4.5));
#378 = CARTESIAN_POINT('',(45.85,-7.5));
#379 = ( GEOMETRIC_REPRESENTATION_CONTEXT(2) 
PARAMETRIC_REPRESENTATION_CONTEXT() REPRESENTATION_CONTEXT('2D SPACE',''
  ) );
#380 = PCURVE('',#381,#386);
#381 = PLANE('',#382);
#382 = AXIS2_PLACEMENT_3D('',#383,#384,#385);
#383 = CARTESIAN_POINT('',(5.85,-46.5,106.));
#384 = DIRECTION('',(-1.,1.110223024625E-16,0.));
#385 = DIRECTION('',(1.110223024625E-16,1.,0.));
#386 = DEFINITIONAL_REPRESENTATION('',(#387),#390);
#387 = B_SPLINE_CURVE_WITH_KNOTS('',1,(#388,#389),.UNSPECIFIED.,.F.,.F.,
  (2,2),(2.25,5.25),.PIECEWISE_BEZIER_KNOTS.);
#388 = CARTESIAN_POINT('',(0.,-1.));
#389 = CARTESIAN_POINT('',(3.,-1.));
#390 = ( GEOMETRIC_REPRESENTATION_CONTEXT(2) 
PARAMETRIC_REPRESENTATION_CONTEXT() REPRESENTATION_CONTEXT('2D SPACE',''
  ) );
#391 = ORIENTED_EDGE('',*,*,#392,.F.);
#392 = EDGE_CURVE('',#393,#365,#395,.T.);
#393 = VERTEX_POINT('',#394);
#394 = CARTESIAN_POINT('',(10.15,-46.5,107.));
#395 = SURFACE_CURVE('',#396,(#401,#408),.PCURVE_S1.);
#396 = CIRCLE('',#397,2.15);
#397 = AXIS2_PLACEMENT_3D('',#398,#399,#400);
#398 = CARTESIAN_POINT('',(8.,-46.5,107.));
#399 = DIRECTION('',(0.,-0.,-1.));
#400 = DIRECTION('',(1.,-1.110223024625E-16,0.));
#401 = PCURVE('',#32,#402);
#402 = DEFINITIONAL_REPRESENTATION('',(#403),#407);
#403 = CIRCLE('',#404,2.15);
#404 = AXIS2_PLACEMENT_2D('',#405,#406);
#405 = CARTESIAN_POINT('',(48.,-4.5));
#406 = DIRECTION('',(1.,1.110223024625E-16));
#407 = ( GEOMETRIC_REPRESENTATION_CONTEXT(2) 
PARAMETRIC_REPRESENTATION_CONTEXT() REPRESENTATION_CONTEXT('2D SPACE',''
  ) );
#408 = PCURVE('',#409,#414);
#409 = CYLINDRICAL_SURFACE('',#410,2.15);
#410 = AXIS2_PLACEMENT_3D('',#411,#412,#413);
#411 = CARTESIAN_POINT('',(8.,-46.5,106.));
#412 = DIRECTION('',(0.,-0.,-1.));
#413 = DIRECTION('',(1.,-1.110223024625E-16,0.));
#414 = DEFINITIONAL_REPRESENTATION('',(#415),#419);
#415 = LINE('',#416,#417);
#416 = CARTESIAN_POINT('',(0.,-1.));
#417 = VECTOR('',#418,1.);
#418 = DIRECTION('',(1.,0.));
#419 = ( GEOMETRIC_REPRESENTATION_CONTEXT(2) 
PARAMETRIC_REPRESENTATION_CONTEXT() REPRESENTATION_CONTEXT('2D SPACE',''
  ) );
#420 = ORIENTED_EDGE('',*,*,#421,.F.);
#421 = EDGE_CURVE('',#422,#393,#424,.T.);
#422 = VERTEX_POINT('',#423);
#423 = CARTESIAN_POINT('',(10.15,-43.5,107.));
#424 = SURFACE_CURVE('',#425,(#429,#435),.PCURVE_S1.);
#425 = LINE('',#426,#427);
#426 = CARTESIAN_POINT('',(10.15,-47.25,107.));
#427 = VECTOR('',#428,1.);
#428 = DIRECTION('',(-1.110223024625E-16,-1.,-0.));
#429 = PCURVE('',#32,#430);
#430 = DEFINITIONAL_REPRESENTATION('',(#431),#434);
#431 = B_SPLINE_CURVE_WITH_KNOTS('',1,(#432,#433),.UNSPECIFIED.,.F.,.F.,
  (2,2),(-3.75,-0.75),.PIECEWISE_BEZIER_KNOTS.);
#432 = CARTESIAN_POINT('',(50.15,-7.5));
#433 = CARTESIAN_POINT('',(50.15,-4.5));
#434 = ( GEOMETRIC_REPRESENTATION_CONTEXT(2) 
PARAMETRIC_REPRESENTATION_CONTEXT() REPRESENTATION_CONTEXT('2D SPACE',''
  ) );
#435 = PCURVE('',#436,#441);
#436 = PLANE('',#437);
#437 = AXIS2_PLACEMENT_3D('',#438,#439,#440);
#438 = CARTESIAN_POINT('',(10.15,-43.5,106.));
#439 = DIRECTION('',(1.,-1.110223024625E-16,0.));
#440 = DIRECTION('',(-1.110223024625E-16,-1.,0.));
#441 = DEFINITIONAL_REPRESENTATION('',(#442),#445);
#442 = B_SPLINE_CURVE_WITH_KNOTS('',1,(#443,#444),.UNSPECIFIED.,.F.,.F.,
  (2,2),(-3.75,-0.75),.PIECEWISE_BEZIER_KNOTS.);
#443 = CARTESIAN_POINT('',(0.,-1.));
#444 = CARTESIAN_POINT('',(3.,-1.));
#445 = ( GEOMETRIC_REPRESENTATION_CONTEXT(2) 
PARAMETRIC_REPRESENTATION_CONTEXT() REPRESENTATION_CONTEXT('2D SPACE',''
  ) );
#446 = ORIENTED_EDGE('',*,*,#447,.F.);
#447 = EDGE_CURVE('',#367,#422,#448,.T.);
#448 = SURFACE_CURVE('',#449,(#454,#461),.PCURVE_S1.);
#449 = CIRCLE('',#450,2.15);
#450 = AXIS2_PLACEMENT_3D('',#451,#452,#453);
#451 = CARTESIAN_POINT('',(8.,-43.5,107.));
#452 = DIRECTION('',(0.,0.,-1.));
#453 = DIRECTION('',(-1.,1.110223024625E-16,0.));
#454 = PCURVE('',#32,#455);
#455 = DEFINITIONAL_REPRESENTATION('',(#456),#460);
#456 = CIRCLE('',#457,2.15);
#457 = AXIS2_PLACEMENT_2D('',#458,#459);
#458 = CARTESIAN_POINT('',(48.,-7.5));
#459 = DIRECTION('',(-1.,-1.110223024625E-16));
#460 = ( GEOMETRIC_REPRESENTATION_CONTEXT(2) 
PARAMETRIC_REPRESENTATION_CONTEXT() REPRESENTATION_CONTEXT('2D SPACE',''
  ) );
#461 = PCURVE('',#462,#467);
#462 = CYLINDRICAL_SURFACE('',#463,2.15);
#463 = AXIS2_PLACEMENT_3D('',#464,#465,#466);
#464 = CARTESIAN_POINT('',(8.,-43.5,106.));
#465 = DIRECTION('',(0.,0.,-1.));
#466 = DIRECTION('',(-1.,1.110223024625E-16,0.));
#467 = DEFINITIONAL_REPRESENTATION('',(#468),#472);
#468 = LINE('',#469,#470);
#469 = CARTESIAN_POINT('',(0.,-1.));
#470 = VECTOR('',#471,1.);
#471 = DIRECTION('',(1.,0.));
#472 = ( GEOMETRIC_REPRESENTATION_CONTEXT(2) 
PARAMETRIC_REPRESENTATION_CONTEXT() REPRESENTATION_CONTEXT('2D SPACE',''
  ) );
#473 = FACE_BOUND('',#474,.T.);
#474 = EDGE_LOOP('',(#475,#503,#532,#558));
#475 = ORIENTED_EDGE('',*,*,#476,.F.);
#476 = EDGE_CURVE('',#477,#479,#481,.T.);
#477 = VERTEX_POINT('',#478);
#478 = CARTESIAN_POINT('',(23.85,-46.5,107.));
#479 = VERTEX_POINT('',#480);
#480 = CARTESIAN_POINT('',(23.85,-43.5,107.));
#481 = SURFACE_CURVE('',#482,(#486,#492),.PCURVE_S1.);
#482 = LINE('',#483,#484);
#483 = CARTESIAN_POINT('',(23.85,-48.75,107.));
#484 = VECTOR('',#485,1.);
#485 = DIRECTION('',(1.110223024625E-16,1.,0.));
#486 = PCURVE('',#32,#487);
#487 = DEFINITIONAL_REPRESENTATION('',(#488),#491);
#488 = B_SPLINE_CURVE_WITH_KNOTS('',1,(#489,#490),.UNSPECIFIED.,.F.,.F.,
  (2,2),(2.25,5.25),.PIECEWISE_BEZIER_KNOTS.);
#489 = CARTESIAN_POINT('',(63.85,-4.5));
#490 = CARTESIAN_POINT('',(63.85,-7.5));
#491 = ( GEOMETRIC_REPRESENTATION_CONTEXT(2) 
PARAMETRIC_REPRESENTATION_CONTEXT() REPRESENTATION_CONTEXT('2D SPACE',''
  ) );
#492 = PCURVE('',#493,#498);
#493 = PLANE('',#494);
#494 = AXIS2_PLACEMENT_3D('',#495,#496,#497);
#495 = CARTESIAN_POINT('',(23.85,-46.5,106.));
#496 = DIRECTION('',(-1.,1.110223024625E-16,0.));
#497 = DIRECTION('',(1.110223024625E-16,1.,0.));
#498 = DEFINITIONAL_REPRESENTATION('',(#499),#502);
#499 = B_SPLINE_CURVE_WITH_KNOTS('',1,(#500,#501),.UNSPECIFIED.,.F.,.F.,
  (2,2),(2.25,5.25),.PIECEWISE_BEZIER_KNOTS.);
#500 = CARTESIAN_POINT('',(0.,-1.));
#501 = CARTESIAN_POINT('',(3.,-1.));
#502 = ( GEOMETRIC_REPRESENTATION_CONTEXT(2) 
PARAMETRIC_REPRESENTATION_CONTEXT() REPRESENTATION_CONTEXT('2D SPACE',''
  ) );
#503 = ORIENTED_EDGE('',*,*,#504,.F.);
#504 = EDGE_CURVE('',#505,#477,#507,.T.);
#505 = VERTEX_POINT('',#506);
#506 = CARTESIAN_POINT('',(28.15,-46.5,107.));
#507 = SURFACE_CURVE('',#508,(#513,#520),.PCURVE_S1.);
#508 = CIRCLE('',#509,2.15);
#509 = AXIS2_PLACEMENT_3D('',#510,#511,#512);
#510 = CARTESIAN_POINT('',(26.,-46.5,107.));
#511 = DIRECTION('',(0.,-0.,-1.));
#512 = DIRECTION('',(1.,-1.110223024625E-16,0.));
#513 = PCURVE('',#32,#514);
#514 = DEFINITIONAL_REPRESENTATION('',(#515),#519);
#515 = CIRCLE('',#516,2.15);
#516 = AXIS2_PLACEMENT_2D('',#517,#518);
#517 = CARTESIAN_POINT('',(66.,-4.5));
#518 = DIRECTION('',(1.,1.110223024625E-16));
#519 = ( GEOMETRIC_REPRESENTATION_CONTEXT(2) 
PARAMETRIC_REPRESENTATION_CONTEXT() REPRESENTATION_CONTEXT('2D SPACE',''
  ) );
#520 = PCURVE('',#521,#526);
#521 = CYLINDRICAL_SURFACE('',#522,2.15);
#522 = AXIS2_PLACEMENT_3D('',#523,#524,#525);
#523 = CARTESIAN_POINT('',(26.,-46.5,106.));
#524 = DIRECTION('',(0.,-0.,-1.));
#525 = DIRECTION('',(1.,-1.110223024625E-16,0.));
#526 = DEFINITIONAL_REPRESENTATION('',(#527),#531);
#527 = LINE('',#528,#529);
#528 = CARTESIAN_POINT('',(0.,-1.));
#529 = VECTOR('',#530,1.);
#530 = DIRECTION('',(1.,0.));
#531 = ( GEOMETRIC_REPRESENTATION_CONTEXT(2) 
PARAMETRIC_REPRESENTATION_CONTEXT() REPRESENTATION_CONTEXT('2D SPACE',''
  ) );
#532 = ORIENTED_EDGE('',*,*,#533,.F.);
#533 = EDGE_CURVE('',#534,#505,#536,.T.);
#534 = VERTEX_POINT('',#535);
#535 = CARTESIAN_POINT('',(28.15,-43.5,107.));
#536 = SURFACE_CURVE('',#537,(#541,#547),.PCURVE_S1.);
#537 = LINE('',#538,#539);
#538 = CARTESIAN_POINT('',(28.15,-47.25,107.));
#539 = VECTOR('',#540,1.);
#540 = DIRECTION('',(-1.110223024625E-16,-1.,-0.));
#541 = PCURVE('',#32,#542);
#542 = DEFINITIONAL_REPRESENTATION('',(#543),#546);
#543 = B_SPLINE_CURVE_WITH_KNOTS('',1,(#544,#545),.UNSPECIFIED.,.F.,.F.,
  (2,2),(-3.75,-0.75),.PIECEWISE_BEZIER_KNOTS.);
#544 = CARTESIAN_POINT('',(68.15,-7.5));
#545 = CARTESIAN_POINT('',(68.15,-4.5));
#546 = ( GEOMETRIC_REPRESENTATION_CONTEXT(2) 
PARAMETRIC_REPRESENTATION_CONTEXT() REPRESENTATION_CONTEXT('2D SPACE',''
  ) );
#547 = PCURVE('',#548,#553);
#548 = PLANE('',#549);
#549 = AXIS2_PLACEMENT_3D('',#550,#551,#552);
#550 = CARTESIAN_POINT('',(28.15,-43.5,106.));
#551 = DIRECTION('',(1.,-1.110223024625E-16,0.));
#552 = DIRECTION('',(-1.110223024625E-16,-1.,0.));
#553 = DEFINITIONAL_REPRESENTATION('',(#554),#557);
#554 = B_SPLINE_CURVE_WITH_KNOTS('',1,(#555,#556),.UNSPECIFIED.,.F.,.F.,
  (2,2),(-3.75,-0.75),.PIECEWISE_BEZIER_KNOTS.);
#555 = CARTESIAN_POINT('',(0.,-1.));
#556 = CARTESIAN_POINT('',(3.,-1.));
#557 = ( GEOMETRIC_REPRESENTATION_CONTEXT(2) 
PARAMETRIC_REPRESENTATION_CONTEXT() REPRESENTATION_CONTEXT('2D SPACE',''
  ) );
#558 = ORIENTED_EDGE('',*,*,#559,.F.);
#559 = EDGE_CURVE('',#479,#534,#560,.T.);
#560 = SURFACE_CURVE('',#561,(#566,#573),.PCURVE_S1.);
#561 = CIRCLE('',#562,2.15);
#562 = AXIS2_PLACEMENT_3D('',#563,#564,#565);
#563 = CARTESIAN_POINT('',(26.,-43.5,107.));
#564 = DIRECTION('',(0.,0.,-1.));
#565 = DIRECTION('',(-1.,1.110223024625E-16,0.));
#566 = PCURVE('',#32,#567);
#567 = DEFINITIONAL_REPRESENTATION('',(#568),#572);
#568 = CIRCLE('',#569,2.15);
#569 = AXIS2_PLACEMENT_2D('',#570,#571);
#570 = CARTESIAN_POINT('',(66.,-7.5));
#571 = DIRECTION('',(-1.,-1.110223024625E-16));
#572 = ( GEOMETRIC_REPRESENTATION_CONTEXT(2) 
PARAMETRIC_REPRESENTATION_CONTEXT() REPRESENTATION_CONTEXT('2D SPACE',''
  ) );
#573 = PCURVE('',#574,#579);
#574 = CYLINDRICAL_SURFACE('',#575,2.15);
#575 = AXIS2_PLACEMENT_3D('',#576,#577,#578);
#576 = CARTESIAN_POINT('',(26.,-43.5,106.));
#577 = DIRECTION('',(0.,0.,-1.));
#578 = DIRECTION('',(-1.,1.110223024625E-16,0.));
#579 = DEFINITIONAL_REPRESENTATION('',(#580),#584);
#580 = LINE('',#581,#582);
#581 = CARTESIAN_POINT('',(0.,-1.));
#582 = VECTOR('',#583,1.);
#583 = DIRECTION('',(1.,0.));
#584 = ( GEOMETRIC_REPRESENTATION_CONTEXT(2) 
PARAMETRIC_REPRESENTATION_CONTEXT() REPRESENTATION_CONTEXT('2D SPACE',''
  ) );
#585 = ADVANCED_FACE('',(#586),#44,.F.);
#586 = FACE_BOUND('',#587,.F.);
#587 = EDGE_LOOP('',(#588,#611,#612,#635));
#588 = ORIENTED_EDGE('',*,*,#589,.F.);
#589 = EDGE_CURVE('',#22,#590,#592,.T.);
#590 = VERTEX_POINT('',#591);
#591 = CARTESIAN_POINT('',(-40.,-51.,117.));
#592 = SURFACE_CURVE('',#593,(#597,#604),.PCURVE_S1.);
#593 = LINE('',#594,#595);
#594 = CARTESIAN_POINT('',(-40.,-51.,107.));
#595 = VECTOR('',#596,1.);
#596 = DIRECTION('',(0.,0.,1.));
#597 = PCURVE('',#44,#598);
#598 = DEFINITIONAL_REPRESENTATION('',(#599),#603);
#599 = LINE('',#600,#601);
#600 = CARTESIAN_POINT('',(0.,0.));
#601 = VECTOR('',#602,1.);
#602 = DIRECTION('',(1.,0.));
#603 = ( GEOMETRIC_REPRESENTATION_CONTEXT(2) 
PARAMETRIC_REPRESENTATION_CONTEXT() REPRESENTATION_CONTEXT('2D SPACE',''
  ) );
#604 = PCURVE('',#126,#605);
#605 = DEFINITIONAL_REPRESENTATION('',(#606),#610);
#606 = LINE('',#607,#608);
#607 = CARTESIAN_POINT('',(46.611546710718,-40.));
#608 = VECTOR('',#609,1.);
#609 = DIRECTION('',(-1.,0.));
#610 = ( GEOMETRIC_REPRESENTATION_CONTEXT(2) 
PARAMETRIC_REPRESENTATION_CONTEXT() REPRESENTATION_CONTEXT('2D SPACE',''
  ) );
#611 = ORIENTED_EDGE('',*,*,#21,.T.);
#612 = ORIENTED_EDGE('',*,*,#613,.T.);
#613 = EDGE_CURVE('',#24,#614,#616,.T.);
#614 = VERTEX_POINT('',#615);
#615 = CARTESIAN_POINT('',(-40.,-39.,117.));
#616 = SURFACE_CURVE('',#617,(#621,#628),.PCURVE_S1.);
#617 = LINE('',#618,#619);
#618 = CARTESIAN_POINT('',(-40.,-39.,107.));
#619 = VECTOR('',#620,1.);
#620 = DIRECTION('',(0.,0.,1.));
#621 = PCURVE('',#44,#622);
#622 = DEFINITIONAL_REPRESENTATION('',(#623),#627);
#623 = LINE('',#624,#625);
#624 = CARTESIAN_POINT('',(0.,-12.));
#625 = VECTOR('',#626,1.);
#626 = DIRECTION('',(1.,0.));
#627 = ( GEOMETRIC_REPRESENTATION_CONTEXT(2) 
PARAMETRIC_REPRESENTATION_CONTEXT() REPRESENTATION_CONTEXT('2D SPACE',''
  ) );
#628 = PCURVE('',#72,#629);
#629 = DEFINITIONAL_REPRESENTATION('',(#630),#634);
#630 = LINE('',#631,#632);
#631 = CARTESIAN_POINT('',(46.611546710718,-40.));
#632 = VECTOR('',#633,1.);
#633 = DIRECTION('',(-1.,0.));
#634 = ( GEOMETRIC_REPRESENTATION_CONTEXT(2) 
PARAMETRIC_REPRESENTATION_CONTEXT() REPRESENTATION_CONTEXT('2D SPACE',''
  ) );
#635 = ORIENTED_EDGE('',*,*,#636,.F.);
#636 = EDGE_CURVE('',#590,#614,#637,.T.);
#637 = SURFACE_CURVE('',#638,(#642,#649),.PCURVE_S1.);
#638 = LINE('',#639,#640);
#639 = CARTESIAN_POINT('',(-40.,-51.,117.));
#640 = VECTOR('',#641,1.);
#641 = DIRECTION('',(0.,1.,0.));
#642 = PCURVE('',#44,#643);
#643 = DEFINITIONAL_REPRESENTATION('',(#644),#648);
#644 = LINE('',#645,#646);
#645 = CARTESIAN_POINT('',(10.,0.));
#646 = VECTOR('',#647,1.);
#647 = DIRECTION('',(0.,-1.));
#648 = ( GEOMETRIC_REPRESENTATION_CONTEXT(2) 
PARAMETRIC_REPRESENTATION_CONTEXT() REPRESENTATION_CONTEXT('2D SPACE',''
  ) );
#649 = PCURVE('',#650,#655);
#650 = PLANE('',#651);
#651 = AXIS2_PLACEMENT_3D('',#652,#653,#654);
#652 = CARTESIAN_POINT('',(-40.,-51.,117.));
#653 = DIRECTION('',(0.,0.,1.));
#654 = DIRECTION('',(1.,0.,0.));
#655 = DEFINITIONAL_REPRESENTATION('',(#656),#660);
#656 = LINE('',#657,#658);
#657 = CARTESIAN_POINT('',(0.,0.));
#658 = VECTOR('',#659,1.);
#659 = DIRECTION('',(0.,1.));
#660 = ( GEOMETRIC_REPRESENTATION_CONTEXT(2) 
PARAMETRIC_REPRESENTATION_CONTEXT() REPRESENTATION_CONTEXT('2D SPACE',''
  ) );
#661 = ADVANCED_FACE('',(#662,#879,#914,#1034),#126,.T.);
#662 = FACE_BOUND('',#663,.T.);
#663 = EDGE_LOOP('',(#664,#665,#688,#716,#744,#772,#801,#829,#857,#878)
  );
#664 = ORIENTED_EDGE('',*,*,#112,.T.);
#665 = ORIENTED_EDGE('',*,*,#666,.T.);
#666 = EDGE_CURVE('',#85,#667,#669,.T.);
#667 = VERTEX_POINT('',#668);
#668 = CARTESIAN_POINT('',(40.,-51.,117.));
#669 = SURFACE_CURVE('',#670,(#674,#681),.PCURVE_S1.);
#670 = LINE('',#671,#672);
#671 = CARTESIAN_POINT('',(40.,-51.,107.));
#672 = VECTOR('',#673,1.);
#673 = DIRECTION('',(0.,0.,1.));
#674 = PCURVE('',#126,#675);
#675 = DEFINITIONAL_REPRESENTATION('',(#676),#680);
#676 = LINE('',#677,#678);
#677 = CARTESIAN_POINT('',(46.611546710718,40.));
#678 = VECTOR('',#679,1.);
#679 = DIRECTION('',(-1.,0.));
#680 = ( GEOMETRIC_REPRESENTATION_CONTEXT(2) 
PARAMETRIC_REPRESENTATION_CONTEXT() REPRESENTATION_CONTEXT('2D SPACE',''
  ) );
#681 = PCURVE('',#100,#682);
#682 = DEFINITIONAL_REPRESENTATION('',(#683),#687);
#683 = LINE('',#684,#685);
#684 = CARTESIAN_POINT('',(0.,0.));
#685 = VECTOR('',#686,1.);
#686 = DIRECTION('',(1.,0.));
#687 = ( GEOMETRIC_REPRESENTATION_CONTEXT(2) 
PARAMETRIC_REPRESENTATION_CONTEXT() REPRESENTATION_CONTEXT('2D SPACE',''
  ) );
#688 = ORIENTED_EDGE('',*,*,#689,.F.);
#689 = EDGE_CURVE('',#690,#667,#692,.T.);
#690 = VERTEX_POINT('',#691);
#691 = CARTESIAN_POINT('',(38.712871287129,-51.,117.));
#692 = SURFACE_CURVE('',#693,(#697,#704),.PCURVE_S1.);
#693 = LINE('',#694,#695);
#694 = CARTESIAN_POINT('',(-40.,-51.,117.));
#695 = VECTOR('',#696,1.);
#696 = DIRECTION('',(1.,0.,0.));
#697 = PCURVE('',#126,#698);
#698 = DEFINITIONAL_REPRESENTATION('',(#699),#703);
#699 = LINE('',#700,#701);
#700 = CARTESIAN_POINT('',(36.611546710718,-40.));
#701 = VECTOR('',#702,1.);
#702 = DIRECTION('',(0.,1.));
#703 = ( GEOMETRIC_REPRESENTATION_CONTEXT(2) 
PARAMETRIC_REPRESENTATION_CONTEXT() REPRESENTATION_CONTEXT('2D SPACE',''
  ) );
#704 = PCURVE('',#705,#710);
#705 = PLANE('',#706);
#706 = AXIS2_PLACEMENT_3D('',#707,#708,#709);
#707 = CARTESIAN_POINT('',(-40.,-51.,117.));
#708 = DIRECTION('',(0.,0.,1.));
#709 = DIRECTION('',(1.,0.,0.));
#710 = DEFINITIONAL_REPRESENTATION('',(#711),#715);
#711 = LINE('',#712,#713);
#712 = CARTESIAN_POINT('',(0.,0.));
#713 = VECTOR('',#714,1.);
#714 = DIRECTION('',(1.,0.));
#715 = ( GEOMETRIC_REPRESENTATION_CONTEXT(2) 
PARAMETRIC_REPRESENTATION_CONTEXT() REPRESENTATION_CONTEXT('2D SPACE',''
  ) );
#716 = ORIENTED_EDGE('',*,*,#717,.T.);
#717 = EDGE_CURVE('',#690,#718,#720,.T.);
#718 = VERTEX_POINT('',#719);
#719 = CARTESIAN_POINT('',(27.,-51.,208.));
#720 = SURFACE_CURVE('',#721,(#725,#732),.PCURVE_S1.);
#721 = LINE('',#722,#723);
#722 = CARTESIAN_POINT('',(40.,-51.,107.));
#723 = VECTOR('',#724,1.);
#724 = DIRECTION('',(-0.127659745447,0.,0.991818022317));
#725 = PCURVE('',#126,#726);
#726 = DEFINITIONAL_REPRESENTATION('',(#727),#731);
#727 = LINE('',#728,#729);
#728 = CARTESIAN_POINT('',(46.611546710718,40.));
#729 = VECTOR('',#730,1.);
#730 = DIRECTION('',(-0.991818022317,-0.127659745447));
#731 = ( GEOMETRIC_REPRESENTATION_CONTEXT(2) 
PARAMETRIC_REPRESENTATION_CONTEXT() REPRESENTATION_CONTEXT('2D SPACE',''
  ) );
#732 = PCURVE('',#733,#738);
#733 = PLANE('',#734);
#734 = AXIS2_PLACEMENT_3D('',#735,#736,#737);
#735 = CARTESIAN_POINT('',(40.,-51.,107.));
#736 = DIRECTION('',(0.991818022317,0.,0.127659745447));
#737 = DIRECTION('',(-0.127659745447,0.,0.991818022317));
#738 = DEFINITIONAL_REPRESENTATION('',(#739),#743);
#739 = LINE('',#740,#741);
#740 = CARTESIAN_POINT('',(0.,0.));
#741 = VECTOR('',#742,1.);
#742 = DIRECTION('',(1.,0.));
#743 = ( GEOMETRIC_REPRESENTATION_CONTEXT(2) 
PARAMETRIC_REPRESENTATION_CONTEXT() REPRESENTATION_CONTEXT('2D SPACE',''
  ) );
#744 = ORIENTED_EDGE('',*,*,#745,.T.);
#745 = EDGE_CURVE('',#718,#746,#748,.T.);
#746 = VERTEX_POINT('',#747);
#747 = CARTESIAN_POINT('',(26.702059845637,-51.,208.));
#748 = SURFACE_CURVE('',#749,(#753,#760),.PCURVE_S1.);
#749 = LINE('',#750,#751);
#750 = CARTESIAN_POINT('',(27.,-51.,208.));
#751 = VECTOR('',#752,1.);
#752 = DIRECTION('',(-1.,0.,0.));
#753 = PCURVE('',#126,#754);
#754 = DEFINITIONAL_REPRESENTATION('',(#755),#759);
#755 = LINE('',#756,#757);
#756 = CARTESIAN_POINT('',(-54.38845328928,27.));
#757 = VECTOR('',#758,1.);
#758 = DIRECTION('',(0.,-1.));
#759 = ( GEOMETRIC_REPRESENTATION_CONTEXT(2) 
PARAMETRIC_REPRESENTATION_CONTEXT() REPRESENTATION_CONTEXT('2D SPACE',''
  ) );
#760 = PCURVE('',#761,#766);
#761 = PLANE('',#762);
#762 = AXIS2_PLACEMENT_3D('',#763,#764,#765);
#763 = CARTESIAN_POINT('',(27.,-51.,208.));
#764 = DIRECTION('',(0.,0.,1.));
#765 = DIRECTION('',(-1.,0.,0.));
#766 = DEFINITIONAL_REPRESENTATION('',(#767),#771);
#767 = LINE('',#768,#769);
#768 = CARTESIAN_POINT('',(0.,0.));
#769 = VECTOR('',#770,1.);
#770 = DIRECTION('',(1.,0.));
#771 = ( GEOMETRIC_REPRESENTATION_CONTEXT(2) 
PARAMETRIC_REPRESENTATION_CONTEXT() REPRESENTATION_CONTEXT('2D SPACE',''
  ) );
#772 = ORIENTED_EDGE('',*,*,#773,.T.);
#773 = EDGE_CURVE('',#746,#774,#776,.T.);
#774 = VERTEX_POINT('',#775);
#775 = CARTESIAN_POINT('',(-26.70205984563,-51.,208.));
#776 = SURFACE_CURVE('',#777,(#782,#789),.PCURVE_S1.);
#777 = CIRCLE('',#778,27.);
#778 = AXIS2_PLACEMENT_3D('',#779,#780,#781);
#779 = CARTESIAN_POINT('',(0.,-51.,212.));
#780 = DIRECTION('',(0.,-1.,0.));
#781 = DIRECTION('',(0.988965179468,0.,-0.148148148148));
#782 = PCURVE('',#126,#783);
#783 = DEFINITIONAL_REPRESENTATION('',(#784),#788);
#784 = CIRCLE('',#785,27.);
#785 = AXIS2_PLACEMENT_2D('',#786,#787);
#786 = CARTESIAN_POINT('',(-58.38845328928,0.));
#787 = DIRECTION('',(0.148148148148,0.988965179468));
#788 = ( GEOMETRIC_REPRESENTATION_CONTEXT(2) 
PARAMETRIC_REPRESENTATION_CONTEXT() REPRESENTATION_CONTEXT('2D SPACE',''
  ) );
#789 = PCURVE('',#790,#795);
#790 = CYLINDRICAL_SURFACE('',#791,27.);
#791 = AXIS2_PLACEMENT_3D('',#792,#793,#794);
#792 = CARTESIAN_POINT('',(0.,-39.,212.));
#793 = DIRECTION('',(-0.,1.,-0.));
#794 = DIRECTION('',(1.,0.,0.));
#795 = DEFINITIONAL_REPRESENTATION('',(#796),#800);
#796 = LINE('',#797,#798);
#797 = CARTESIAN_POINT('',(-6.134489812912,-12.));
#798 = VECTOR('',#799,1.);
#799 = DIRECTION('',(-1.,0.));
#800 = ( GEOMETRIC_REPRESENTATION_CONTEXT(2) 
PARAMETRIC_REPRESENTATION_CONTEXT() REPRESENTATION_CONTEXT('2D SPACE',''
  ) );
#801 = ORIENTED_EDGE('',*,*,#802,.T.);
#802 = EDGE_CURVE('',#774,#803,#805,.T.);
#803 = VERTEX_POINT('',#804);
#804 = CARTESIAN_POINT('',(-27.,-51.,208.));
#805 = SURFACE_CURVE('',#806,(#810,#817),.PCURVE_S1.);
#806 = LINE('',#807,#808);
#807 = CARTESIAN_POINT('',(27.,-51.,208.));
#808 = VECTOR('',#809,1.);
#809 = DIRECTION('',(-1.,0.,0.));
#810 = PCURVE('',#126,#811);
#811 = DEFINITIONAL_REPRESENTATION('',(#812),#816);
#812 = LINE('',#813,#814);
#813 = CARTESIAN_POINT('',(-54.38845328928,27.));
#814 = VECTOR('',#815,1.);
#815 = DIRECTION('',(0.,-1.));
#816 = ( GEOMETRIC_REPRESENTATION_CONTEXT(2) 
PARAMETRIC_REPRESENTATION_CONTEXT() REPRESENTATION_CONTEXT('2D SPACE',''
  ) );
#817 = PCURVE('',#818,#823);
#818 = PLANE('',#819);
#819 = AXIS2_PLACEMENT_3D('',#820,#821,#822);
#820 = CARTESIAN_POINT('',(27.,-51.,208.));
#821 = DIRECTION('',(0.,0.,1.));
#822 = DIRECTION('',(-1.,0.,0.));
#823 = DEFINITIONAL_REPRESENTATION('',(#824),#828);
#824 = LINE('',#825,#826);
#825 = CARTESIAN_POINT('',(0.,0.));
#826 = VECTOR('',#827,1.);
#827 = DIRECTION('',(1.,0.));
#828 = ( GEOMETRIC_REPRESENTATION_CONTEXT(2) 
PARAMETRIC_REPRESENTATION_CONTEXT() REPRESENTATION_CONTEXT('2D SPACE',''
  ) );
#829 = ORIENTED_EDGE('',*,*,#830,.T.);
#830 = EDGE_CURVE('',#803,#831,#833,.T.);
#831 = VERTEX_POINT('',#832);
#832 = CARTESIAN_POINT('',(-38.71287128712,-51.,117.));
#833 = SURFACE_CURVE('',#834,(#838,#845),.PCURVE_S1.);
#834 = LINE('',#835,#836);
#835 = CARTESIAN_POINT('',(-27.,-51.,208.));
#836 = VECTOR('',#837,1.);
#837 = DIRECTION('',(-0.127659745447,0.,-0.991818022317));
#838 = PCURVE('',#126,#839);
#839 = DEFINITIONAL_REPRESENTATION('',(#840),#844);
#840 = LINE('',#841,#842);
#841 = CARTESIAN_POINT('',(-54.38845328928,-27.));
#842 = VECTOR('',#843,1.);
#843 = DIRECTION('',(0.991818022317,-0.127659745447));
#844 = ( GEOMETRIC_REPRESENTATION_CONTEXT(2) 
PARAMETRIC_REPRESENTATION_CONTEXT() REPRESENTATION_CONTEXT('2D SPACE',''
  ) );
#845 = PCURVE('',#846,#851);
#846 = PLANE('',#847);
#847 = AXIS2_PLACEMENT_3D('',#848,#849,#850);
#848 = CARTESIAN_POINT('',(-27.,-51.,208.));
#849 = DIRECTION('',(-0.991818022317,0.,0.127659745447));
#850 = DIRECTION('',(-0.127659745447,0.,-0.991818022317));
#851 = DEFINITIONAL_REPRESENTATION('',(#852),#856);
#852 = LINE('',#853,#854);
#853 = CARTESIAN_POINT('',(0.,0.));
#854 = VECTOR('',#855,1.);
#855 = DIRECTION('',(1.,0.));
#856 = ( GEOMETRIC_REPRESENTATION_CONTEXT(2) 
PARAMETRIC_REPRESENTATION_CONTEXT() REPRESENTATION_CONTEXT('2D SPACE',''
  ) );
#857 = ORIENTED_EDGE('',*,*,#858,.F.);
#858 = EDGE_CURVE('',#590,#831,#859,.T.);
#859 = SURFACE_CURVE('',#860,(#864,#871),.PCURVE_S1.);
#860 = LINE('',#861,#862);
#861 = CARTESIAN_POINT('',(-40.,-51.,117.));
#862 = VECTOR('',#863,1.);
#863 = DIRECTION('',(1.,0.,0.));
#864 = PCURVE('',#126,#865);
#865 = DEFINITIONAL_REPRESENTATION('',(#866),#870);
#866 = LINE('',#867,#868);
#867 = CARTESIAN_POINT('',(36.611546710718,-40.));
#868 = VECTOR('',#869,1.);
#869 = DIRECTION('',(0.,1.));
#870 = ( GEOMETRIC_REPRESENTATION_CONTEXT(2) 
PARAMETRIC_REPRESENTATION_CONTEXT() REPRESENTATION_CONTEXT('2D SPACE',''
  ) );
#871 = PCURVE('',#650,#872);
#872 = DEFINITIONAL_REPRESENTATION('',(#873),#877);
#873 = LINE('',#874,#875);
#874 = CARTESIAN_POINT('',(0.,0.));
#875 = VECTOR('',#876,1.);
#876 = DIRECTION('',(1.,0.));
#877 = ( GEOMETRIC_REPRESENTATION_CONTEXT(2) 
PARAMETRIC_REPRESENTATION_CONTEXT() REPRESENTATION_CONTEXT('2D SPACE',''
  ) );
#878 = ORIENTED_EDGE('',*,*,#589,.F.);
#879 = FACE_BOUND('',#880,.T.);
#880 = EDGE_LOOP('',(#881));
#881 = ORIENTED_EDGE('',*,*,#882,.T.);
#882 = EDGE_CURVE('',#883,#883,#885,.T.);
#883 = VERTEX_POINT('',#884);
#884 = CARTESIAN_POINT('',(18.,-51.,212.));
#885 = SURFACE_CURVE('',#886,(#891,#902),.PCURVE_S1.);
#886 = CIRCLE('',#887,18.);
#887 = AXIS2_PLACEMENT_3D('',#888,#889,#890);
#888 = CARTESIAN_POINT('',(0.,-51.,212.));
#889 = DIRECTION('',(-0.,1.,0.));
#890 = DIRECTION('',(1.,0.,0.));
#891 = PCURVE('',#126,#892);
#892 = DEFINITIONAL_REPRESENTATION('',(#893),#901);
#893 = ( BOUNDED_CURVE() B_SPLINE_CURVE(2,(#894,#895,#896,#897,#898,#899
,#900),.UNSPECIFIED.,.T.,.F.) B_SPLINE_CURVE_WITH_KNOTS((1,2,2,2,2,1),(
    -2.094395102393,0.,2.094395102393,4.188790204786,6.28318530718,
8.377580409573),.UNSPECIFIED.) CURVE() GEOMETRIC_REPRESENTATION_ITEM() 
RATIONAL_B_SPLINE_CURVE((1.,0.5,1.,0.5,1.,0.5,1.)) REPRESENTATION_ITEM(
  '') );
#894 = CARTESIAN_POINT('',(-58.38845328928,18.));
#895 = CARTESIAN_POINT('',(-27.21153875304,18.));
#896 = CARTESIAN_POINT('',(-42.79999602116,-9.));
#897 = CARTESIAN_POINT('',(-58.38845328928,-36.));
#898 = CARTESIAN_POINT('',(-73.9769105574,-9.));
#899 = CARTESIAN_POINT('',(-89.56536782552,18.));
#900 = CARTESIAN_POINT('',(-58.38845328928,18.));
#901 = ( GEOMETRIC_REPRESENTATION_CONTEXT(2) 
PARAMETRIC_REPRESENTATION_CONTEXT() REPRESENTATION_CONTEXT('2D SPACE',''
  ) );
#902 = PCURVE('',#903,#908);
#903 = CYLINDRICAL_SURFACE('',#904,18.);
#904 = AXIS2_PLACEMENT_3D('',#905,#906,#907);
#905 = CARTESIAN_POINT('',(0.,-38.,212.));
#906 = DIRECTION('',(-0.,1.,-0.));
#907 = DIRECTION('',(1.,0.,0.));
#908 = DEFINITIONAL_REPRESENTATION('',(#909),#913);
#909 = LINE('',#910,#911);
#910 = CARTESIAN_POINT('',(-6.28318530718,-13.));
#911 = VECTOR('',#912,1.);
#912 = DIRECTION('',(1.,-0.));
#913 = ( GEOMETRIC_REPRESENTATION_CONTEXT(2) 
PARAMETRIC_REPRESENTATION_CONTEXT() REPRESENTATION_CONTEXT('2D SPACE',''
  ) );
#914 = FACE_BOUND('',#915,.T.);
#915 = EDGE_LOOP('',(#916,#944,#977,#1003));
#916 = ORIENTED_EDGE('',*,*,#917,.F.);
#917 = EDGE_CURVE('',#918,#920,#922,.T.);
#918 = VERTEX_POINT('',#919);
#919 = CARTESIAN_POINT('',(-6.5,-51.,182.5));
#920 = VERTEX_POINT('',#921);
#921 = CARTESIAN_POINT('',(-6.5,-51.,171.5));
#922 = SURFACE_CURVE('',#923,(#927,#933),.PCURVE_S1.);
#923 = LINE('',#924,#925);
#924 = CARTESIAN_POINT('',(-6.5,-51.,162.55577335535));
#925 = VECTOR('',#926,1.);
#926 = DIRECTION('',(-1.110223024625E-16,0.,-1.));
#927 = PCURVE('',#126,#928);
#928 = DEFINITIONAL_REPRESENTATION('',(#929),#932);
#929 = B_SPLINE_CURVE_WITH_KNOTS('',1,(#930,#931),.UNSPECIFIED.,.F.,.F.,
  (2,2),(-19.94422664464,-8.944226644641),.PIECEWISE_BEZIER_KNOTS.);
#930 = CARTESIAN_POINT('',(-28.88845328928,-6.5));
#931 = CARTESIAN_POINT('',(-17.88845328928,-6.5));
#932 = ( GEOMETRIC_REPRESENTATION_CONTEXT(2) 
PARAMETRIC_REPRESENTATION_CONTEXT() REPRESENTATION_CONTEXT('2D SPACE',''
  ) );
#933 = PCURVE('',#934,#939);
#934 = PLANE('',#935);
#935 = AXIS2_PLACEMENT_3D('',#936,#937,#938);
#936 = CARTESIAN_POINT('',(-6.5,-38.,171.5));
#937 = DIRECTION('',(-1.,0.,1.110223024625E-16));
#938 = DIRECTION('',(1.110223024625E-16,0.,1.));
#939 = DEFINITIONAL_REPRESENTATION('',(#940),#943);
#940 = B_SPLINE_CURVE_WITH_KNOTS('',1,(#941,#942),.UNSPECIFIED.,.F.,.F.,
  (2,2),(-19.94422664464,-8.944226644641),.PIECEWISE_BEZIER_KNOTS.);
#941 = CARTESIAN_POINT('',(11.,-13.));
#942 = CARTESIAN_POINT('',(0.,-13.));
#943 = ( GEOMETRIC_REPRESENTATION_CONTEXT(2) 
PARAMETRIC_REPRESENTATION_CONTEXT() REPRESENTATION_CONTEXT('2D SPACE',''
  ) );
#944 = ORIENTED_EDGE('',*,*,#945,.T.);
#945 = EDGE_CURVE('',#918,#946,#948,.T.);
#946 = VERTEX_POINT('',#947);
#947 = CARTESIAN_POINT('',(6.5,-51.,182.5));
#948 = SURFACE_CURVE('',#949,(#954,#965),.PCURVE_S1.);
#949 = CIRCLE('',#950,6.5);
#950 = AXIS2_PLACEMENT_3D('',#951,#952,#953);
#951 = CARTESIAN_POINT('',(6.106226635438E-16,-51.,182.5));
#952 = DIRECTION('',(0.,1.,-0.));
#953 = DIRECTION('',(-1.,0.,2.476651362625E-16));
#954 = PCURVE('',#126,#955);
#955 = DEFINITIONAL_REPRESENTATION('',(#956),#964);
#956 = ( BOUNDED_CURVE() B_SPLINE_CURVE(2,(#957,#958,#959,#960,#961,#962
,#963),.UNSPECIFIED.,.T.,.F.) B_SPLINE_CURVE_WITH_KNOTS((1,2,2,2,2,1),(
    -2.094395102393,0.,2.094395102393,4.188790204786,6.28318530718,
8.377580409573),.UNSPECIFIED.) CURVE() GEOMETRIC_REPRESENTATION_ITEM() 
RATIONAL_B_SPLINE_CURVE((1.,0.5,1.,0.5,1.,0.5,1.)) REPRESENTATION_ITEM(
  '') );
#957 = CARTESIAN_POINT('',(-28.88845328928,-6.5));
#958 = CARTESIAN_POINT('',(-40.14678353847,-6.5));
#959 = CARTESIAN_POINT('',(-34.51761841388,3.25));
#960 = CARTESIAN_POINT('',(-28.88845328928,13.));
#961 = CARTESIAN_POINT('',(-23.25928816468,3.25));
#962 = CARTESIAN_POINT('',(-17.63012304008,-6.5));
#963 = CARTESIAN_POINT('',(-28.88845328928,-6.5));
#964 = ( GEOMETRIC_REPRESENTATION_CONTEXT(2) 
PARAMETRIC_REPRESENTATION_CONTEXT() REPRESENTATION_CONTEXT('2D SPACE',''
  ) );
#965 = PCURVE('',#966,#971);
#966 = CYLINDRICAL_SURFACE('',#967,6.5);
#967 = AXIS2_PLACEMENT_3D('',#968,#969,#970);
#968 = CARTESIAN_POINT('',(6.106226635438E-16,-38.,182.5));
#969 = DIRECTION('',(0.,1.,-0.));
#970 = DIRECTION('',(-1.,0.,2.476651362625E-16));
#971 = DEFINITIONAL_REPRESENTATION('',(#972),#976);
#972 = LINE('',#973,#974);
#973 = CARTESIAN_POINT('',(0.,-13.));
#974 = VECTOR('',#975,1.);
#975 = DIRECTION('',(1.,0.));
#976 = ( GEOMETRIC_REPRESENTATION_CONTEXT(2) 
PARAMETRIC_REPRESENTATION_CONTEXT() REPRESENTATION_CONTEXT('2D SPACE',''
  ) );
#977 = ORIENTED_EDGE('',*,*,#978,.F.);
#978 = EDGE_CURVE('',#979,#946,#981,.T.);
#979 = VERTEX_POINT('',#980);
#980 = CARTESIAN_POINT('',(6.5,-51.,171.5));
#981 = SURFACE_CURVE('',#982,(#986,#992),.PCURVE_S1.);
#982 = LINE('',#983,#984);
#983 = CARTESIAN_POINT('',(6.5,-51.,168.05577335535));
#984 = VECTOR('',#985,1.);
#985 = DIRECTION('',(1.110223024625E-16,-0.,1.));
#986 = PCURVE('',#126,#987);
#987 = DEFINITIONAL_REPRESENTATION('',(#988),#991);
#988 = B_SPLINE_CURVE_WITH_KNOTS('',1,(#989,#990),.UNSPECIFIED.,.F.,.F.,
  (2,2),(3.444226644641,14.444226644641),.PIECEWISE_BEZIER_KNOTS.);
#989 = CARTESIAN_POINT('',(-17.88845328928,6.5));
#990 = CARTESIAN_POINT('',(-28.88845328928,6.5));
#991 = ( GEOMETRIC_REPRESENTATION_CONTEXT(2) 
PARAMETRIC_REPRESENTATION_CONTEXT() REPRESENTATION_CONTEXT('2D SPACE',''
  ) );
#992 = PCURVE('',#993,#998);
#993 = PLANE('',#994);
#994 = AXIS2_PLACEMENT_3D('',#995,#996,#997);
#995 = CARTESIAN_POINT('',(6.5,-38.,182.5));
#996 = DIRECTION('',(1.,0.,-1.110223024625E-16));
#997 = DIRECTION('',(-1.110223024625E-16,-0.,-1.));
#998 = DEFINITIONAL_REPRESENTATION('',(#999),#1002);
#999 = B_SPLINE_CURVE_WITH_KNOTS('',1,(#1000,#1001),.UNSPECIFIED.,.F.,
  .F.,(2,2),(3.444226644641,14.444226644641),.PIECEWISE_BEZIER_KNOTS.);
#1000 = CARTESIAN_POINT('',(11.,-13.));
#1001 = CARTESIAN_POINT('',(0.,-13.));
#1002 = ( GEOMETRIC_REPRESENTATION_CONTEXT(2) 
PARAMETRIC_REPRESENTATION_CONTEXT() REPRESENTATION_CONTEXT('2D SPACE',''
  ) );
#1003 = ORIENTED_EDGE('',*,*,#1004,.T.);
#1004 = EDGE_CURVE('',#979,#920,#1005,.T.);
#1005 = SURFACE_CURVE('',#1006,(#1011,#1022),.PCURVE_S1.);
#1006 = CIRCLE('',#1007,6.5);
#1007 = AXIS2_PLACEMENT_3D('',#1008,#1009,#1010);
#1008 = CARTESIAN_POINT('',(-6.106226635438E-16,-51.,171.5));
#1009 = DIRECTION('',(0.,1.,0.));
#1010 = DIRECTION('',(1.,0.,-2.476651362625E-16));
#1011 = PCURVE('',#126,#1012);
#1012 = DEFINITIONAL_REPRESENTATION('',(#1013),#1021);
#1013 = ( BOUNDED_CURVE() B_SPLINE_CURVE(2,(#1014,#1015,#1016,#1017,
#1018,#1019,#1020),.UNSPECIFIED.,.T.,.F.) B_SPLINE_CURVE_WITH_KNOTS((1,2
    ,2,2,2,1),(-2.094395102393,0.,2.094395102393,4.188790204786,
6.28318530718,8.377580409573),.UNSPECIFIED.) CURVE() 
GEOMETRIC_REPRESENTATION_ITEM() RATIONAL_B_SPLINE_CURVE((1.,0.5,1.,0.5,
1.,0.5,1.)) REPRESENTATION_ITEM('') );
#1014 = CARTESIAN_POINT('',(-17.88845328928,6.5));
#1015 = CARTESIAN_POINT('',(-6.630123040084,6.5));
#1016 = CARTESIAN_POINT('',(-12.25928816468,-3.25));
#1017 = CARTESIAN_POINT('',(-17.88845328928,-13.));
#1018 = CARTESIAN_POINT('',(-23.51761841388,-3.25));
#1019 = CARTESIAN_POINT('',(-29.14678353847,6.5));
#1020 = CARTESIAN_POINT('',(-17.88845328928,6.5));
#1021 = ( GEOMETRIC_REPRESENTATION_CONTEXT(2) 
PARAMETRIC_REPRESENTATION_CONTEXT() REPRESENTATION_CONTEXT('2D SPACE',''
  ) );
#1022 = PCURVE('',#1023,#1028);
#1023 = CYLINDRICAL_SURFACE('',#1024,6.5);
#1024 = AXIS2_PLACEMENT_3D('',#1025,#1026,#1027);
#1025 = CARTESIAN_POINT('',(-6.106226635438E-16,-38.,171.5));
#1026 = DIRECTION('',(-0.,1.,0.));
#1027 = DIRECTION('',(1.,0.,-2.476651362625E-16));
#1028 = DEFINITIONAL_REPRESENTATION('',(#1029),#1033);
#1029 = LINE('',#1030,#1031);
#1030 = CARTESIAN_POINT('',(0.,-13.));
#1031 = VECTOR('',#1032,1.);
#1032 = DIRECTION('',(1.,0.));
#1033 = ( GEOMETRIC_REPRESENTATION_CONTEXT(2) 
PARAMETRIC_REPRESENTATION_CONTEXT() REPRESENTATION_CONTEXT('2D SPACE',''
  ) );
#1034 = FACE_BOUND('',#1035,.T.);
#1035 = EDGE_LOOP('',(#1036,#1064,#1097,#1123));
#1036 = ORIENTED_EDGE('',*,*,#1037,.F.);
#1037 = EDGE_CURVE('',#1038,#1040,#1042,.T.);
#1038 = VERTEX_POINT('',#1039);
#1039 = CARTESIAN_POINT('',(-6.5,-51.,148.5));
#1040 = VERTEX_POINT('',#1041);
#1041 = CARTESIAN_POINT('',(-6.5,-51.,137.5));
#1042 = SURFACE_CURVE('',#1043,(#1047,#1053),.PCURVE_S1.);
#1043 = LINE('',#1044,#1045);
#1044 = CARTESIAN_POINT('',(-6.5,-51.,145.55577335535));
#1045 = VECTOR('',#1046,1.);
#1046 = DIRECTION('',(-1.110223024625E-16,0.,-1.));
#1047 = PCURVE('',#126,#1048);
#1048 = DEFINITIONAL_REPRESENTATION('',(#1049),#1052);
#1049 = B_SPLINE_CURVE_WITH_KNOTS('',1,(#1050,#1051),.UNSPECIFIED.,.F.,
  .F.,(2,2),(-2.944226644641,8.055773355359),.PIECEWISE_BEZIER_KNOTS.);
#1050 = CARTESIAN_POINT('',(5.111546710718,-6.5));
#1051 = CARTESIAN_POINT('',(16.111546710718,-6.5));
#1052 = ( GEOMETRIC_REPRESENTATION_CONTEXT(2) 
PARAMETRIC_REPRESENTATION_CONTEXT() REPRESENTATION_CONTEXT('2D SPACE',''
  ) );
#1053 = PCURVE('',#1054,#1059);
#1054 = PLANE('',#1055);
#1055 = AXIS2_PLACEMENT_3D('',#1056,#1057,#1058);
#1056 = CARTESIAN_POINT('',(-6.5,-38.,137.5));
#1057 = DIRECTION('',(-1.,0.,1.110223024625E-16));
#1058 = DIRECTION('',(1.110223024625E-16,0.,1.));
#1059 = DEFINITIONAL_REPRESENTATION('',(#1060),#1063);
#1060 = B_SPLINE_CURVE_WITH_KNOTS('',1,(#1061,#1062),.UNSPECIFIED.,.F.,
  .F.,(2,2),(-2.944226644641,8.055773355359),.PIECEWISE_BEZIER_KNOTS.);
#1061 = CARTESIAN_POINT('',(11.,-13.));
#1062 = CARTESIAN_POINT('',(0.,-13.));
#1063 = ( GEOMETRIC_REPRESENTATION_CONTEXT(2) 
PARAMETRIC_REPRESENTATION_CONTEXT() REPRESENTATION_CONTEXT('2D SPACE',''
  ) );
#1064 = ORIENTED_EDGE('',*,*,#1065,.T.);
#1065 = EDGE_CURVE('',#1038,#1066,#1068,.T.);
#1066 = VERTEX_POINT('',#1067);
#1067 = CARTESIAN_POINT('',(6.5,-51.,148.5));
#1068 = SURFACE_CURVE('',#1069,(#1074,#1085),.PCURVE_S1.);
#1069 = CIRCLE('',#1070,6.5);
#1070 = AXIS2_PLACEMENT_3D('',#1071,#1072,#1073);
#1071 = CARTESIAN_POINT('',(6.106226635438E-16,-51.,148.5));
#1072 = DIRECTION('',(0.,1.,-0.));
#1073 = DIRECTION('',(-1.,0.,2.476651362625E-16));
#1074 = PCURVE('',#126,#1075);
#1075 = DEFINITIONAL_REPRESENTATION('',(#1076),#1084);
#1076 = ( BOUNDED_CURVE() B_SPLINE_CURVE(2,(#1077,#1078,#1079,#1080,
#1081,#1082,#1083),.UNSPECIFIED.,.T.,.F.) B_SPLINE_CURVE_WITH_KNOTS((1,2
    ,2,2,2,1),(-2.094395102393,0.,2.094395102393,4.188790204786,
6.28318530718,8.377580409573),.UNSPECIFIED.) CURVE() 
GEOMETRIC_REPRESENTATION_ITEM() RATIONAL_B_SPLINE_CURVE((1.,0.5,1.,0.5,
1.,0.5,1.)) REPRESENTATION_ITEM('') );
#1077 = CARTESIAN_POINT('',(5.111546710718,-6.5));
#1078 = CARTESIAN_POINT('',(-6.146783538479,-6.5));
#1079 = CARTESIAN_POINT('',(-0.517618413881,3.25));
#1080 = CARTESIAN_POINT('',(5.111546710718,13.));
#1081 = CARTESIAN_POINT('',(10.740711835317,3.25));
#1082 = CARTESIAN_POINT('',(16.369876959916,-6.5));
#1083 = CARTESIAN_POINT('',(5.111546710718,-6.5));
#1084 = ( GEOMETRIC_REPRESENTATION_CONTEXT(2) 
PARAMETRIC_REPRESENTATION_CONTEXT() REPRESENTATION_CONTEXT('2D SPACE',''
  ) );
#1085 = PCURVE('',#1086,#1091);
#1086 = CYLINDRICAL_SURFACE('',#1087,6.5);
#1087 = AXIS2_PLACEMENT_3D('',#1088,#1089,#1090);
#1088 = CARTESIAN_POINT('',(6.106226635438E-16,-38.,148.5));
#1089 = DIRECTION('',(0.,1.,-0.));
#1090 = DIRECTION('',(-1.,0.,2.476651362625E-16));
#1091 = DEFINITIONAL_REPRESENTATION('',(#1092),#1096);
#1092 = LINE('',#1093,#1094);
#1093 = CARTESIAN_POINT('',(0.,-13.));
#1094 = VECTOR('',#1095,1.);
#1095 = DIRECTION('',(1.,0.));
#1096 = ( GEOMETRIC_REPRESENTATION_CONTEXT(2) 
PARAMETRIC_REPRESENTATION_CONTEXT() REPRESENTATION_CONTEXT('2D SPACE',''
  ) );
#1097 = ORIENTED_EDGE('',*,*,#1098,.F.);
#1098 = EDGE_CURVE('',#1099,#1066,#1101,.T.);
#1099 = VERTEX_POINT('',#1100);
#1100 = CARTESIAN_POINT('',(6.5,-51.,137.5));
#1101 = SURFACE_CURVE('',#1102,(#1106,#1112),.PCURVE_S1.);
#1102 = LINE('',#1103,#1104);
#1103 = CARTESIAN_POINT('',(6.5,-51.,151.05577335535));
#1104 = VECTOR('',#1105,1.);
#1105 = DIRECTION('',(1.110223024625E-16,-0.,1.));
#1106 = PCURVE('',#126,#1107);
#1107 = DEFINITIONAL_REPRESENTATION('',(#1108),#1111);
#1108 = B_SPLINE_CURVE_WITH_KNOTS('',1,(#1109,#1110),.UNSPECIFIED.,.F.,
  .F.,(2,2),(-13.55577335535,-2.555773355359),.PIECEWISE_BEZIER_KNOTS.);
#1109 = CARTESIAN_POINT('',(16.111546710718,6.5));
#1110 = CARTESIAN_POINT('',(5.111546710718,6.5));
#1111 = ( GEOMETRIC_REPRESENTATION_CONTEXT(2) 
PARAMETRIC_REPRESENTATION_CONTEXT() REPRESENTATION_CONTEXT('2D SPACE',''
  ) );
#1112 = PCURVE('',#1113,#1118);
#1113 = PLANE('',#1114);
#1114 = AXIS2_PLACEMENT_3D('',#1115,#1116,#1117);
#1115 = CARTESIAN_POINT('',(6.5,-38.,148.5));
#1116 = DIRECTION('',(1.,0.,-1.110223024625E-16));
#1117 = DIRECTION('',(-1.110223024625E-16,-0.,-1.));
#1118 = DEFINITIONAL_REPRESENTATION('',(#1119),#1122);
#1119 = B_SPLINE_CURVE_WITH_KNOTS('',1,(#1120,#1121),.UNSPECIFIED.,.F.,
  .F.,(2,2),(-13.55577335535,-2.555773355359),.PIECEWISE_BEZIER_KNOTS.);
#1120 = CARTESIAN_POINT('',(11.,-13.));
#1121 = CARTESIAN_POINT('',(0.,-13.));
#1122 = ( GEOMETRIC_REPRESENTATION_CONTEXT(2) 
PARAMETRIC_REPRESENTATION_CONTEXT() REPRESENTATION_CONTEXT('2D SPACE',''
  ) );
#1123 = ORIENTED_EDGE('',*,*,#1124,.T.);
#1124 = EDGE_CURVE('',#1099,#1040,#1125,.T.);
#1125 = SURFACE_CURVE('',#1126,(#1131,#1142),.PCURVE_S1.);
#1126 = CIRCLE('',#1127,6.5);
#1127 = AXIS2_PLACEMENT_3D('',#1128,#1129,#1130);
#1128 = CARTESIAN_POINT('',(-6.106226635438E-16,-51.,137.5));
#1129 = DIRECTION('',(0.,1.,0.));
#1130 = DIRECTION('',(1.,0.,-2.476651362625E-16));
#1131 = PCURVE('',#126,#1132);
#1132 = DEFINITIONAL_REPRESENTATION('',(#1133),#1141);
#1133 = ( BOUNDED_CURVE() B_SPLINE_CURVE(2,(#1134,#1135,#1136,#1137,
#1138,#1139,#1140),.UNSPECIFIED.,.T.,.F.) B_SPLINE_CURVE_WITH_KNOTS((1,2
    ,2,2,2,1),(-2.094395102393,0.,2.094395102393,4.188790204786,
6.28318530718,8.377580409573),.UNSPECIFIED.) CURVE() 
GEOMETRIC_REPRESENTATION_ITEM() RATIONAL_B_SPLINE_CURVE((1.,0.5,1.,0.5,
1.,0.5,1.)) REPRESENTATION_ITEM('') );
#1134 = CARTESIAN_POINT('',(16.111546710718,6.5));
#1135 = CARTESIAN_POINT('',(27.369876959916,6.5));
#1136 = CARTESIAN_POINT('',(21.740711835317,-3.25));
#1137 = CARTESIAN_POINT('',(16.111546710718,-13.));
#1138 = CARTESIAN_POINT('',(10.482381586119,-3.25));
#1139 = CARTESIAN_POINT('',(4.853216461521,6.5));
#1140 = CARTESIAN_POINT('',(16.111546710718,6.5));
#1141 = ( GEOMETRIC_REPRESENTATION_CONTEXT(2) 
PARAMETRIC_REPRESENTATION_CONTEXT() REPRESENTATION_CONTEXT('2D SPACE',''
  ) );
#1142 = PCURVE('',#1143,#1148);
#1143 = CYLINDRICAL_SURFACE('',#1144,6.5);
#1144 = AXIS2_PLACEMENT_3D('',#1145,#1146,#1147);
#1145 = CARTESIAN_POINT('',(-6.106226635438E-16,-38.,137.5));
#1146 = DIRECTION('',(-0.,1.,0.));
#1147 = DIRECTION('',(1.,0.,-2.476651362625E-16));
#1148 = DEFINITIONAL_REPRESENTATION('',(#1149),#1153);
#1149 = LINE('',#1150,#1151);
#1150 = CARTESIAN_POINT('',(0.,-13.));
#1151 = VECTOR('',#1152,1.);
#1152 = DIRECTION('',(1.,0.));
#1153 = ( GEOMETRIC_REPRESENTATION_CONTEXT(2) 
PARAMETRIC_REPRESENTATION_CONTEXT() REPRESENTATION_CONTEXT('2D SPACE',''
  ) );
#1154 = ADVANCED_FACE('',(#1155,#1346,#1381,#1481),#72,.F.);
#1155 = FACE_BOUND('',#1156,.F.);
#1156 = EDGE_LOOP('',(#1157,#1158,#1181,#1204,#1227,#1250,#1278,#1301,
    #1324,#1345));
#1157 = ORIENTED_EDGE('',*,*,#56,.T.);
#1158 = ORIENTED_EDGE('',*,*,#1159,.T.);
#1159 = EDGE_CURVE('',#57,#1160,#1162,.T.);
#1160 = VERTEX_POINT('',#1161);
#1161 = CARTESIAN_POINT('',(40.,-39.,117.));
#1162 = SURFACE_CURVE('',#1163,(#1167,#1174),.PCURVE_S1.);
#1163 = LINE('',#1164,#1165);
#1164 = CARTESIAN_POINT('',(40.,-39.,107.));
#1165 = VECTOR('',#1166,1.);
#1166 = DIRECTION('',(0.,0.,1.));
#1167 = PCURVE('',#72,#1168);
#1168 = DEFINITIONAL_REPRESENTATION('',(#1169),#1173);
#1169 = LINE('',#1170,#1171);
#1170 = CARTESIAN_POINT('',(46.611546710718,40.));
#1171 = VECTOR('',#1172,1.);
#1172 = DIRECTION('',(-1.,0.));
#1173 = ( GEOMETRIC_REPRESENTATION_CONTEXT(2) 
PARAMETRIC_REPRESENTATION_CONTEXT() REPRESENTATION_CONTEXT('2D SPACE',''
  ) );
#1174 = PCURVE('',#100,#1175);
#1175 = DEFINITIONAL_REPRESENTATION('',(#1176),#1180);
#1176 = LINE('',#1177,#1178);
#1177 = CARTESIAN_POINT('',(0.,-12.));
#1178 = VECTOR('',#1179,1.);
#1179 = DIRECTION('',(1.,0.));
#1180 = ( GEOMETRIC_REPRESENTATION_CONTEXT(2) 
PARAMETRIC_REPRESENTATION_CONTEXT() REPRESENTATION_CONTEXT('2D SPACE',''
  ) );
#1181 = ORIENTED_EDGE('',*,*,#1182,.F.);
#1182 = EDGE_CURVE('',#1183,#1160,#1185,.T.);
#1183 = VERTEX_POINT('',#1184);
#1184 = CARTESIAN_POINT('',(38.712871287129,-39.,117.));
#1185 = SURFACE_CURVE('',#1186,(#1190,#1197),.PCURVE_S1.);
#1186 = LINE('',#1187,#1188);
#1187 = CARTESIAN_POINT('',(-40.,-39.,117.));
#1188 = VECTOR('',#1189,1.);
#1189 = DIRECTION('',(1.,0.,0.));
#1190 = PCURVE('',#72,#1191);
#1191 = DEFINITIONAL_REPRESENTATION('',(#1192),#1196);
#1192 = LINE('',#1193,#1194);
#1193 = CARTESIAN_POINT('',(36.611546710718,-40.));
#1194 = VECTOR('',#1195,1.);
#1195 = DIRECTION('',(0.,1.));
#1196 = ( GEOMETRIC_REPRESENTATION_CONTEXT(2) 
PARAMETRIC_REPRESENTATION_CONTEXT() REPRESENTATION_CONTEXT('2D SPACE',''
  ) );
#1197 = PCURVE('',#705,#1198);
#1198 = DEFINITIONAL_REPRESENTATION('',(#1199),#1203);
#1199 = LINE('',#1200,#1201);
#1200 = CARTESIAN_POINT('',(0.,12.));
#1201 = VECTOR('',#1202,1.);
#1202 = DIRECTION('',(1.,0.));
#1203 = ( GEOMETRIC_REPRESENTATION_CONTEXT(2) 
PARAMETRIC_REPRESENTATION_CONTEXT() REPRESENTATION_CONTEXT('2D SPACE',''
  ) );
#1204 = ORIENTED_EDGE('',*,*,#1205,.T.);
#1205 = EDGE_CURVE('',#1183,#1206,#1208,.T.);
#1206 = VERTEX_POINT('',#1207);
#1207 = CARTESIAN_POINT('',(27.,-39.,208.));
#1208 = SURFACE_CURVE('',#1209,(#1213,#1220),.PCURVE_S1.);
#1209 = LINE('',#1210,#1211);
#1210 = CARTESIAN_POINT('',(40.,-39.,107.));
#1211 = VECTOR('',#1212,1.);
#1212 = DIRECTION('',(-0.127659745447,0.,0.991818022317));
#1213 = PCURVE('',#72,#1214);
#1214 = DEFINITIONAL_REPRESENTATION('',(#1215),#1219);
#1215 = LINE('',#1216,#1217);
#1216 = CARTESIAN_POINT('',(46.611546710718,40.));
#1217 = VECTOR('',#1218,1.);
#1218 = DIRECTION('',(-0.991818022317,-0.127659745447));
#1219 = ( GEOMETRIC_REPRESENTATION_CONTEXT(2) 
PARAMETRIC_REPRESENTATION_CONTEXT() REPRESENTATION_CONTEXT('2D SPACE',''
  ) );
#1220 = PCURVE('',#733,#1221);
#1221 = DEFINITIONAL_REPRESENTATION('',(#1222),#1226);
#1222 = LINE('',#1223,#1224);
#1223 = CARTESIAN_POINT('',(0.,-12.));
#1224 = VECTOR('',#1225,1.);
#1225 = DIRECTION('',(1.,0.));
#1226 = ( GEOMETRIC_REPRESENTATION_CONTEXT(2) 
PARAMETRIC_REPRESENTATION_CONTEXT() REPRESENTATION_CONTEXT('2D SPACE',''
  ) );
#1227 = ORIENTED_EDGE('',*,*,#1228,.T.);
#1228 = EDGE_CURVE('',#1206,#1229,#1231,.T.);
#1229 = VERTEX_POINT('',#1230);
#1230 = CARTESIAN_POINT('',(26.702059845637,-39.,208.));
#1231 = SURFACE_CURVE('',#1232,(#1236,#1243),.PCURVE_S1.);
#1232 = LINE('',#1233,#1234);
#1233 = CARTESIAN_POINT('',(27.,-39.,208.));
#1234 = VECTOR('',#1235,1.);
#1235 = DIRECTION('',(-1.,0.,0.));
#1236 = PCURVE('',#72,#1237);
#1237 = DEFINITIONAL_REPRESENTATION('',(#1238),#1242);
#1238 = LINE('',#1239,#1240);
#1239 = CARTESIAN_POINT('',(-54.38845328928,27.));
#1240 = VECTOR('',#1241,1.);
#1241 = DIRECTION('',(0.,-1.));
#1242 = ( GEOMETRIC_REPRESENTATION_CONTEXT(2) 
PARAMETRIC_REPRESENTATION_CONTEXT() REPRESENTATION_CONTEXT('2D SPACE',''
  ) );
#1243 = PCURVE('',#761,#1244);
#1244 = DEFINITIONAL_REPRESENTATION('',(#1245),#1249);
#1245 = LINE('',#1246,#1247);
#1246 = CARTESIAN_POINT('',(0.,-12.));
#1247 = VECTOR('',#1248,1.);
#1248 = DIRECTION('',(1.,0.));
#1249 = ( GEOMETRIC_REPRESENTATION_CONTEXT(2) 
PARAMETRIC_REPRESENTATION_CONTEXT() REPRESENTATION_CONTEXT('2D SPACE',''
  ) );
#1250 = ORIENTED_EDGE('',*,*,#1251,.F.);
#1251 = EDGE_CURVE('',#1252,#1229,#1254,.T.);
#1252 = VERTEX_POINT('',#1253);
#1253 = CARTESIAN_POINT('',(-26.70205984563,-39.,208.));
#1254 = SURFACE_CURVE('',#1255,(#1260,#1271),.PCURVE_S1.);
#1255 = CIRCLE('',#1256,27.);
#1256 = AXIS2_PLACEMENT_3D('',#1257,#1258,#1259);
#1257 = CARTESIAN_POINT('',(0.,-39.,212.));
#1258 = DIRECTION('',(0.,1.,0.));
#1259 = DIRECTION('',(-0.988965179468,0.,-0.148148148148));
#1260 = PCURVE('',#72,#1261);
#1261 = DEFINITIONAL_REPRESENTATION('',(#1262),#1270);
#1262 = ( BOUNDED_CURVE() B_SPLINE_CURVE(2,(#1263,#1264,#1265,#1266,
#1267,#1268,#1269),.UNSPECIFIED.,.T.,.F.) B_SPLINE_CURVE_WITH_KNOTS((1,2
    ,2,2,2,1),(-2.094395102393,0.,2.094395102393,4.188790204786,
6.28318530718,8.377580409573),.UNSPECIFIED.) CURVE() 
GEOMETRIC_REPRESENTATION_ITEM() RATIONAL_B_SPLINE_CURVE((1.,0.5,1.,0.5,
1.,0.5,1.)) REPRESENTATION_ITEM('') );
#1263 = CARTESIAN_POINT('',(-54.38845328928,-26.70205984563));
#1264 = CARTESIAN_POINT('',(-100.6377776086,-33.63026307591));
#1265 = CARTESIAN_POINT('',(-83.51311544897,9.886928307681));
#1266 = CARTESIAN_POINT('',(-66.38845328928,53.404119691275));
#1267 = CARTESIAN_POINT('',(-37.26379112958,16.815131537957));
#1268 = CARTESIAN_POINT('',(-8.139128969893,-19.77385661536));
#1269 = CARTESIAN_POINT('',(-54.38845328928,-26.70205984563));
#1270 = ( GEOMETRIC_REPRESENTATION_CONTEXT(2) 
PARAMETRIC_REPRESENTATION_CONTEXT() REPRESENTATION_CONTEXT('2D SPACE',''
  ) );
#1271 = PCURVE('',#790,#1272);
#1272 = DEFINITIONAL_REPRESENTATION('',(#1273),#1277);
#1273 = LINE('',#1274,#1275);
#1274 = CARTESIAN_POINT('',(-9.573473455037,0.));
#1275 = VECTOR('',#1276,1.);
#1276 = DIRECTION('',(1.,-0.));
#1277 = ( GEOMETRIC_REPRESENTATION_CONTEXT(2) 
PARAMETRIC_REPRESENTATION_CONTEXT() REPRESENTATION_CONTEXT('2D SPACE',''
  ) );
#1278 = ORIENTED_EDGE('',*,*,#1279,.T.);
#1279 = EDGE_CURVE('',#1252,#1280,#1282,.T.);
#1280 = VERTEX_POINT('',#1281);
#1281 = CARTESIAN_POINT('',(-27.,-39.,208.));
#1282 = SURFACE_CURVE('',#1283,(#1287,#1294),.PCURVE_S1.);
#1283 = LINE('',#1284,#1285);
#1284 = CARTESIAN_POINT('',(27.,-39.,208.));
#1285 = VECTOR('',#1286,1.);
#1286 = DIRECTION('',(-1.,0.,0.));
#1287 = PCURVE('',#72,#1288);
#1288 = DEFINITIONAL_REPRESENTATION('',(#1289),#1293);
#1289 = LINE('',#1290,#1291);
#1290 = CARTESIAN_POINT('',(-54.38845328928,27.));
#1291 = VECTOR('',#1292,1.);
#1292 = DIRECTION('',(0.,-1.));
#1293 = ( GEOMETRIC_REPRESENTATION_CONTEXT(2) 
PARAMETRIC_REPRESENTATION_CONTEXT() REPRESENTATION_CONTEXT('2D SPACE',''
  ) );
#1294 = PCURVE('',#818,#1295);
#1295 = DEFINITIONAL_REPRESENTATION('',(#1296),#1300);
#1296 = LINE('',#1297,#1298);
#1297 = CARTESIAN_POINT('',(0.,-12.));
#1298 = VECTOR('',#1299,1.);
#1299 = DIRECTION('',(1.,0.));
#1300 = ( GEOMETRIC_REPRESENTATION_CONTEXT(2) 
PARAMETRIC_REPRESENTATION_CONTEXT() REPRESENTATION_CONTEXT('2D SPACE',''
  ) );
#1301 = ORIENTED_EDGE('',*,*,#1302,.T.);
#1302 = EDGE_CURVE('',#1280,#1303,#1305,.T.);
#1303 = VERTEX_POINT('',#1304);
#1304 = CARTESIAN_POINT('',(-38.71287128712,-39.,117.));
#1305 = SURFACE_CURVE('',#1306,(#1310,#1317),.PCURVE_S1.);
#1306 = LINE('',#1307,#1308);
#1307 = CARTESIAN_POINT('',(-27.,-39.,208.));
#1308 = VECTOR('',#1309,1.);
#1309 = DIRECTION('',(-0.127659745447,0.,-0.991818022317));
#1310 = PCURVE('',#72,#1311);
#1311 = DEFINITIONAL_REPRESENTATION('',(#1312),#1316);
#1312 = LINE('',#1313,#1314);
#1313 = CARTESIAN_POINT('',(-54.38845328928,-27.));
#1314 = VECTOR('',#1315,1.);
#1315 = DIRECTION('',(0.991818022317,-0.127659745447));
#1316 = ( GEOMETRIC_REPRESENTATION_CONTEXT(2) 
PARAMETRIC_REPRESENTATION_CONTEXT() REPRESENTATION_CONTEXT('2D SPACE',''
  ) );
#1317 = PCURVE('',#846,#1318);
#1318 = DEFINITIONAL_REPRESENTATION('',(#1319),#1323);
#1319 = LINE('',#1320,#1321);
#1320 = CARTESIAN_POINT('',(0.,-12.));
#1321 = VECTOR('',#1322,1.);
#1322 = DIRECTION('',(1.,0.));
#1323 = ( GEOMETRIC_REPRESENTATION_CONTEXT(2) 
PARAMETRIC_REPRESENTATION_CONTEXT() REPRESENTATION_CONTEXT('2D SPACE',''
  ) );
#1324 = ORIENTED_EDGE('',*,*,#1325,.F.);
#1325 = EDGE_CURVE('',#614,#1303,#1326,.T.);
#1326 = SURFACE_CURVE('',#1327,(#1331,#1338),.PCURVE_S1.);
#1327 = LINE('',#1328,#1329);
#1328 = CARTESIAN_POINT('',(-40.,-39.,117.));
#1329 = VECTOR('',#1330,1.);
#1330 = DIRECTION('',(1.,0.,0.));
#1331 = PCURVE('',#72,#1332);
#1332 = DEFINITIONAL_REPRESENTATION('',(#1333),#1337);
#1333 = LINE('',#1334,#1335);
#1334 = CARTESIAN_POINT('',(36.611546710718,-40.));
#1335 = VECTOR('',#1336,1.);
#1336 = DIRECTION('',(0.,1.));
#1337 = ( GEOMETRIC_REPRESENTATION_CONTEXT(2) 
PARAMETRIC_REPRESENTATION_CONTEXT() REPRESENTATION_CONTEXT('2D SPACE',''
  ) );
#1338 = PCURVE('',#650,#1339);
#1339 = DEFINITIONAL_REPRESENTATION('',(#1340),#1344);
#1340 = LINE('',#1341,#1342);
#1341 = CARTESIAN_POINT('',(0.,12.));
#1342 = VECTOR('',#1343,1.);
#1343 = DIRECTION('',(1.,0.));
#1344 = ( GEOMETRIC_REPRESENTATION_CONTEXT(2) 
PARAMETRIC_REPRESENTATION_CONTEXT() REPRESENTATION_CONTEXT('2D SPACE',''
  ) );
#1345 = ORIENTED_EDGE('',*,*,#613,.F.);
#1346 = FACE_BOUND('',#1347,.F.);
#1347 = EDGE_LOOP('',(#1348));
#1348 = ORIENTED_EDGE('',*,*,#1349,.T.);
#1349 = EDGE_CURVE('',#1350,#1350,#1352,.T.);
#1350 = VERTEX_POINT('',#1351);
#1351 = CARTESIAN_POINT('',(21.05,-39.,212.));
#1352 = SURFACE_CURVE('',#1353,(#1358,#1369),.PCURVE_S1.);
#1353 = CIRCLE('',#1354,21.05);
#1354 = AXIS2_PLACEMENT_3D('',#1355,#1356,#1357);
#1355 = CARTESIAN_POINT('',(0.,-39.,212.));
#1356 = DIRECTION('',(-0.,1.,0.));
#1357 = DIRECTION('',(1.,0.,0.));
#1358 = PCURVE('',#72,#1359);
#1359 = DEFINITIONAL_REPRESENTATION('',(#1360),#1368);
#1360 = ( BOUNDED_CURVE() B_SPLINE_CURVE(2,(#1361,#1362,#1363,#1364,
#1365,#1366,#1367),.UNSPECIFIED.,.T.,.F.) B_SPLINE_CURVE_WITH_KNOTS((1,2
    ,2,2,2,1),(-2.094395102393,0.,2.094395102393,4.188790204786,
6.28318530718,8.377580409573),.UNSPECIFIED.) CURVE() 
GEOMETRIC_REPRESENTATION_ITEM() RATIONAL_B_SPLINE_CURVE((1.,0.5,1.,0.5,
1.,0.5,1.)) REPRESENTATION_ITEM('') );
#1361 = CARTESIAN_POINT('',(-58.38845328928,21.05));
#1362 = CARTESIAN_POINT('',(-21.92878378995,21.05));
#1363 = CARTESIAN_POINT('',(-40.15861853961,-10.525));
#1364 = CARTESIAN_POINT('',(-58.38845328928,-42.1));
#1365 = CARTESIAN_POINT('',(-76.61828803894,-10.525));
#1366 = CARTESIAN_POINT('',(-94.8481227886,21.05));
#1367 = CARTESIAN_POINT('',(-58.38845328928,21.05));
#1368 = ( GEOMETRIC_REPRESENTATION_CONTEXT(2) 
PARAMETRIC_REPRESENTATION_CONTEXT() REPRESENTATION_CONTEXT('2D SPACE',''
  ) );
#1369 = PCURVE('',#1370,#1375);
#1370 = CYLINDRICAL_SURFACE('',#1371,21.05);
#1371 = AXIS2_PLACEMENT_3D('',#1372,#1373,#1374);
#1372 = CARTESIAN_POINT('',(0.,-38.,212.));
#1373 = DIRECTION('',(-0.,1.,-0.));
#1374 = DIRECTION('',(1.,0.,0.));
#1375 = DEFINITIONAL_REPRESENTATION('',(#1376),#1380);
#1376 = LINE('',#1377,#1378);
#1377 = CARTESIAN_POINT('',(-6.28318530718,-1.));
#1378 = VECTOR('',#1379,1.);
#1379 = DIRECTION('',(1.,-0.));
#1380 = ( GEOMETRIC_REPRESENTATION_CONTEXT(2) 
PARAMETRIC_REPRESENTATION_CONTEXT() REPRESENTATION_CONTEXT('2D SPACE',''
  ) );
#1381 = FACE_BOUND('',#1382,.F.);
#1382 = EDGE_LOOP('',(#1383,#1406,#1434,#1455));
#1383 = ORIENTED_EDGE('',*,*,#1384,.F.);
#1384 = EDGE_CURVE('',#1385,#1387,#1389,.T.);
#1385 = VERTEX_POINT('',#1386);
#1386 = CARTESIAN_POINT('',(-6.5,-39.,182.5));
#1387 = VERTEX_POINT('',#1388);
#1388 = CARTESIAN_POINT('',(-6.5,-39.,171.5));
#1389 = SURFACE_CURVE('',#1390,(#1394,#1400),.PCURVE_S1.);
#1390 = LINE('',#1391,#1392);
#1391 = CARTESIAN_POINT('',(-6.5,-39.,162.55577335535));
#1392 = VECTOR('',#1393,1.);
#1393 = DIRECTION('',(-1.110223024625E-16,0.,-1.));
#1394 = PCURVE('',#72,#1395);
#1395 = DEFINITIONAL_REPRESENTATION('',(#1396),#1399);
#1396 = B_SPLINE_CURVE_WITH_KNOTS('',1,(#1397,#1398),.UNSPECIFIED.,.F.,
  .F.,(2,2),(-19.94422664464,-8.944226644641),.PIECEWISE_BEZIER_KNOTS.);
#1397 = CARTESIAN_POINT('',(-28.88845328928,-6.5));
#1398 = CARTESIAN_POINT('',(-17.88845328928,-6.5));
#1399 = ( GEOMETRIC_REPRESENTATION_CONTEXT(2) 
PARAMETRIC_REPRESENTATION_CONTEXT() REPRESENTATION_CONTEXT('2D SPACE',''
  ) );
#1400 = PCURVE('',#934,#1401);
#1401 = DEFINITIONAL_REPRESENTATION('',(#1402),#1405);
#1402 = B_SPLINE_CURVE_WITH_KNOTS('',1,(#1403,#1404),.UNSPECIFIED.,.F.,
  .F.,(2,2),(-19.94422664464,-8.944226644641),.PIECEWISE_BEZIER_KNOTS.);
#1403 = CARTESIAN_POINT('',(11.,-1.));
#1404 = CARTESIAN_POINT('',(0.,-1.));
#1405 = ( GEOMETRIC_REPRESENTATION_CONTEXT(2) 
PARAMETRIC_REPRESENTATION_CONTEXT() REPRESENTATION_CONTEXT('2D SPACE',''
  ) );
#1406 = ORIENTED_EDGE('',*,*,#1407,.T.);
#1407 = EDGE_CURVE('',#1385,#1408,#1410,.T.);
#1408 = VERTEX_POINT('',#1409);
#1409 = CARTESIAN_POINT('',(6.5,-39.,182.5));
#1410 = SURFACE_CURVE('',#1411,(#1416,#1427),.PCURVE_S1.);
#1411 = CIRCLE('',#1412,6.5);
#1412 = AXIS2_PLACEMENT_3D('',#1413,#1414,#1415);
#1413 = CARTESIAN_POINT('',(6.106226635438E-16,-39.,182.5));
#1414 = DIRECTION('',(0.,1.,-0.));
#1415 = DIRECTION('',(-1.,0.,2.476651362625E-16));
#1416 = PCURVE('',#72,#1417);
#1417 = DEFINITIONAL_REPRESENTATION('',(#1418),#1426);
#1418 = ( BOUNDED_CURVE() B_SPLINE_CURVE(2,(#1419,#1420,#1421,#1422,
#1423,#1424,#1425),.UNSPECIFIED.,.T.,.F.) B_SPLINE_CURVE_WITH_KNOTS((1,2
    ,2,2,2,1),(-2.094395102393,0.,2.094395102393,4.188790204786,
6.28318530718,8.377580409573),.UNSPECIFIED.) CURVE() 
GEOMETRIC_REPRESENTATION_ITEM() RATIONAL_B_SPLINE_CURVE((1.,0.5,1.,0.5,
1.,0.5,1.)) REPRESENTATION_ITEM('') );
#1419 = CARTESIAN_POINT('',(-28.88845328928,-6.5));
#1420 = CARTESIAN_POINT('',(-40.14678353847,-6.5));
#1421 = CARTESIAN_POINT('',(-34.51761841388,3.25));
#1422 = CARTESIAN_POINT('',(-28.88845328928,13.));
#1423 = CARTESIAN_POINT('',(-23.25928816468,3.25));
#1424 = CARTESIAN_POINT('',(-17.63012304008,-6.5));
#1425 = CARTESIAN_POINT('',(-28.88845328928,-6.5));
#1426 = ( GEOMETRIC_REPRESENTATION_CONTEXT(2) 
PARAMETRIC_REPRESENTATION_CONTEXT() REPRESENTATION_CONTEXT('2D SPACE',''
  ) );
#1427 = PCURVE('',#966,#1428);
#1428 = DEFINITIONAL_REPRESENTATION('',(#1429),#1433);
#1429 = LINE('',#1430,#1431);
#1430 = CARTESIAN_POINT('',(0.,-1.));
#1431 = VECTOR('',#1432,1.);
#1432 = DIRECTION('',(1.,0.));
#1433 = ( GEOMETRIC_REPRESENTATION_CONTEXT(2) 
PARAMETRIC_REPRESENTATION_CONTEXT() REPRESENTATION_CONTEXT('2D SPACE',''
  ) );
#1434 = ORIENTED_EDGE('',*,*,#1435,.F.);
#1435 = EDGE_CURVE('',#1436,#1408,#1438,.T.);
#1436 = VERTEX_POINT('',#1437);
#1437 = CARTESIAN_POINT('',(6.5,-39.,171.5));
#1438 = SURFACE_CURVE('',#1439,(#1443,#1449),.PCURVE_S1.);
#1439 = LINE('',#1440,#1441);
#1440 = CARTESIAN_POINT('',(6.5,-39.,168.05577335535));
#1441 = VECTOR('',#1442,1.);
#1442 = DIRECTION('',(1.110223024625E-16,-0.,1.));
#1443 = PCURVE('',#72,#1444);
#1444 = DEFINITIONAL_REPRESENTATION('',(#1445),#1448);
#1445 = B_SPLINE_CURVE_WITH_KNOTS('',1,(#1446,#1447),.UNSPECIFIED.,.F.,
  .F.,(2,2),(3.444226644641,14.444226644641),.PIECEWISE_BEZIER_KNOTS.);
#1446 = CARTESIAN_POINT('',(-17.88845328928,6.5));
#1447 = CARTESIAN_POINT('',(-28.88845328928,6.5));
#1448 = ( GEOMETRIC_REPRESENTATION_CONTEXT(2) 
PARAMETRIC_REPRESENTATION_CONTEXT() REPRESENTATION_CONTEXT('2D SPACE',''
  ) );
#1449 = PCURVE('',#993,#1450);
#1450 = DEFINITIONAL_REPRESENTATION('',(#1451),#1454);
#1451 = B_SPLINE_CURVE_WITH_KNOTS('',1,(#1452,#1453),.UNSPECIFIED.,.F.,
  .F.,(2,2),(3.444226644641,14.444226644641),.PIECEWISE_BEZIER_KNOTS.);
#1452 = CARTESIAN_POINT('',(11.,-1.));
#1453 = CARTESIAN_POINT('',(0.,-1.));
#1454 = ( GEOMETRIC_REPRESENTATION_CONTEXT(2) 
PARAMETRIC_REPRESENTATION_CONTEXT() REPRESENTATION_CONTEXT('2D SPACE',''
  ) );
#1455 = ORIENTED_EDGE('',*,*,#1456,.T.);
#1456 = EDGE_CURVE('',#1436,#1387,#1457,.T.);
#1457 = SURFACE_CURVE('',#1458,(#1463,#1474),.PCURVE_S1.);
#1458 = CIRCLE('',#1459,6.5);
#1459 = AXIS2_PLACEMENT_3D('',#1460,#1461,#1462);
#1460 = CARTESIAN_POINT('',(-6.106226635438E-16,-39.,171.5));
#1461 = DIRECTION('',(0.,1.,0.));
#1462 = DIRECTION('',(1.,0.,-2.476651362625E-16));
#1463 = PCURVE('',#72,#1464);
#1464 = DEFINITIONAL_REPRESENTATION('',(#1465),#1473);
#1465 = ( BOUNDED_CURVE() B_SPLINE_CURVE(2,(#1466,#1467,#1468,#1469,
#1470,#1471,#1472),.UNSPECIFIED.,.T.,.F.) B_SPLINE_CURVE_WITH_KNOTS((1,2
    ,2,2,2,1),(-2.094395102393,0.,2.094395102393,4.188790204786,
6.28318530718,8.377580409573),.UNSPECIFIED.) CURVE() 
GEOMETRIC_REPRESENTATION_ITEM() RATIONAL_B_SPLINE_CURVE((1.,0.5,1.,0.5,
1.,0.5,1.)) REPRESENTATION_ITEM('') );
#1466 = CARTESIAN_POINT('',(-17.88845328928,6.5));
#1467 = CARTESIAN_POINT('',(-6.630123040084,6.5));
#1468 = CARTESIAN_POINT('',(-12.25928816468,-3.25));
#1469 = CARTESIAN_POINT('',(-17.88845328928,-13.));
#1470 = CARTESIAN_POINT('',(-23.51761841388,-3.25));
#1471 = CARTESIAN_POINT('',(-29.14678353847,6.5));
#1472 = CARTESIAN_POINT('',(-17.88845328928,6.5));
#1473 = ( GEOMETRIC_REPRESENTATION_CONTEXT(2) 
PARAMETRIC_REPRESENTATION_CONTEXT() REPRESENTATION_CONTEXT('2D SPACE',''
  ) );
#1474 = PCURVE('',#1023,#1475);
#1475 = DEFINITIONAL_REPRESENTATION('',(#1476),#1480);
#1476 = LINE('',#1477,#1478);
#1477 = CARTESIAN_POINT('',(0.,-1.));
#1478 = VECTOR('',#1479,1.);
#1479 = DIRECTION('',(1.,0.));
#1480 = ( GEOMETRIC_REPRESENTATION_CONTEXT(2) 
PARAMETRIC_REPRESENTATION_CONTEXT() REPRESENTATION_CONTEXT('2D SPACE',''
  ) );
#1481 = FACE_BOUND('',#1482,.F.);
#1482 = EDGE_LOOP('',(#1483,#1511,#1539,#1565));
#1483 = ORIENTED_EDGE('',*,*,#1484,.F.);
#1484 = EDGE_CURVE('',#1485,#1487,#1489,.T.);
#1485 = VERTEX_POINT('',#1486);
#1486 = CARTESIAN_POINT('',(-6.5,-39.,148.5));
#1487 = VERTEX_POINT('',#1488);
#1488 = CARTESIAN_POINT('',(-6.5,-39.,137.5));
#1489 = SURFACE_CURVE('',#1490,(#1494,#1500),.PCURVE_S1.);
#1490 = LINE('',#1491,#1492);
#1491 = CARTESIAN_POINT('',(-6.5,-39.,145.55577335535));
#1492 = VECTOR('',#1493,1.);
#1493 = DIRECTION('',(-1.110223024625E-16,0.,-1.));
#1494 = PCURVE('',#72,#1495);
#1495 = DEFINITIONAL_REPRESENTATION('',(#1496),#1499);
#1496 = B_SPLINE_CURVE_WITH_KNOTS('',1,(#1497,#1498),.UNSPECIFIED.,.F.,
  .F.,(2,2),(-2.944226644641,8.055773355359),.PIECEWISE_BEZIER_KNOTS.);
#1497 = CARTESIAN_POINT('',(5.111546710718,-6.5));
#1498 = CARTESIAN_POINT('',(16.111546710718,-6.5));
#1499 = ( GEOMETRIC_REPRESENTATION_CONTEXT(2) 
PARAMETRIC_REPRESENTATION_CONTEXT() REPRESENTATION_CONTEXT('2D SPACE',''
  ) );
#1500 = PCURVE('',#1501,#1506);
#1501 = PLANE('',#1502);
#1502 = AXIS2_PLACEMENT_3D('',#1503,#1504,#1505);
#1503 = CARTESIAN_POINT('',(-6.5,-38.,137.5));
#1504 = DIRECTION('',(-1.,0.,1.110223024625E-16));
#1505 = DIRECTION('',(1.110223024625E-16,0.,1.));
#1506 = DEFINITIONAL_REPRESENTATION('',(#1507),#1510);
#1507 = B_SPLINE_CURVE_WITH_KNOTS('',1,(#1508,#1509),.UNSPECIFIED.,.F.,
  .F.,(2,2),(-2.944226644641,8.055773355359),.PIECEWISE_BEZIER_KNOTS.);
#1508 = CARTESIAN_POINT('',(11.,-1.));
#1509 = CARTESIAN_POINT('',(0.,-1.));
#1510 = ( GEOMETRIC_REPRESENTATION_CONTEXT(2) 
PARAMETRIC_REPRESENTATION_CONTEXT() REPRESENTATION_CONTEXT('2D SPACE',''
  ) );
#1511 = ORIENTED_EDGE('',*,*,#1512,.T.);
#1512 = EDGE_CURVE('',#1485,#1513,#1515,.T.);
#1513 = VERTEX_POINT('',#1514);
#1514 = CARTESIAN_POINT('',(6.5,-39.,148.5));
#1515 = SURFACE_CURVE('',#1516,(#1521,#1532),.PCURVE_S1.);
#1516 = CIRCLE('',#1517,6.5);
#1517 = AXIS2_PLACEMENT_3D('',#1518,#1519,#1520);
#1518 = CARTESIAN_POINT('',(6.106226635438E-16,-39.,148.5));
#1519 = DIRECTION('',(0.,1.,-0.));
#1520 = DIRECTION('',(-1.,0.,2.476651362625E-16));
#1521 = PCURVE('',#72,#1522);
#1522 = DEFINITIONAL_REPRESENTATION('',(#1523),#1531);
#1523 = ( BOUNDED_CURVE() B_SPLINE_CURVE(2,(#1524,#1525,#1526,#1527,
#1528,#1529,#1530),.UNSPECIFIED.,.T.,.F.) B_SPLINE_CURVE_WITH_KNOTS((1,2
    ,2,2,2,1),(-2.094395102393,0.,2.094395102393,4.188790204786,
6.28318530718,8.377580409573),.UNSPECIFIED.) CURVE() 
GEOMETRIC_REPRESENTATION_ITEM() RATIONAL_B_SPLINE_CURVE((1.,0.5,1.,0.5,
1.,0.5,1.)) REPRESENTATION_ITEM('') );
#1524 = CARTESIAN_POINT('',(5.111546710718,-6.5));
#1525 = CARTESIAN_POINT('',(-6.146783538479,-6.5));
#1526 = CARTESIAN_POINT('',(-0.517618413881,3.25));
#1527 = CARTESIAN_POINT('',(5.111546710718,13.));
#1528 = CARTESIAN_POINT('',(10.740711835317,3.25));
#1529 = CARTESIAN_POINT('',(16.369876959916,-6.5));
#1530 = CARTESIAN_POINT('',(5.111546710718,-6.5));
#1531 = ( GEOMETRIC_REPRESENTATION_CONTEXT(2) 
PARAMETRIC_REPRESENTATION_CONTEXT() REPRESENTATION_CONTEXT('2D SPACE',''
  ) );
#1532 = PCURVE('',#1086,#1533);
#1533 = DEFINITIONAL_REPRESENTATION('',(#1534),#1538);
#1534 = LINE('',#1535,#1536);
#1535 = CARTESIAN_POINT('',(0.,-1.));
#1536 = VECTOR('',#1537,1.);
#1537 = DIRECTION('',(1.,0.));
#1538 = ( GEOMETRIC_REPRESENTATION_CONTEXT(2) 
PARAMETRIC_REPRESENTATION_CONTEXT() REPRESENTATION_CONTEXT('2D SPACE',''
  ) );
#1539 = ORIENTED_EDGE('',*,*,#1540,.F.);
#1540 = EDGE_CURVE('',#1541,#1513,#1543,.T.);
#1541 = VERTEX_POINT('',#1542);
#1542 = CARTESIAN_POINT('',(6.5,-39.,137.5));
#1543 = SURFACE_CURVE('',#1544,(#1548,#1554),.PCURVE_S1.);
#1544 = LINE('',#1545,#1546);
#1545 = CARTESIAN_POINT('',(6.5,-39.,151.05577335535));
#1546 = VECTOR('',#1547,1.);
#1547 = DIRECTION('',(1.110223024625E-16,-0.,1.));
#1548 = PCURVE('',#72,#1549);
#1549 = DEFINITIONAL_REPRESENTATION('',(#1550),#1553);
#1550 = B_SPLINE_CURVE_WITH_KNOTS('',1,(#1551,#1552),.UNSPECIFIED.,.F.,
  .F.,(2,2),(-13.55577335535,-2.555773355359),.PIECEWISE_BEZIER_KNOTS.);
#1551 = CARTESIAN_POINT('',(16.111546710718,6.5));
#1552 = CARTESIAN_POINT('',(5.111546710718,6.5));
#1553 = ( GEOMETRIC_REPRESENTATION_CONTEXT(2) 
PARAMETRIC_REPRESENTATION_CONTEXT() REPRESENTATION_CONTEXT('2D SPACE',''
  ) );
#1554 = PCURVE('',#1555,#1560);
#1555 = PLANE('',#1556);
#1556 = AXIS2_PLACEMENT_3D('',#1557,#1558,#1559);
#1557 = CARTESIAN_POINT('',(6.5,-38.,148.5));
#1558 = DIRECTION('',(1.,0.,-1.110223024625E-16));
#1559 = DIRECTION('',(-1.110223024625E-16,-0.,-1.));
#1560 = DEFINITIONAL_REPRESENTATION('',(#1561),#1564);
#1561 = B_SPLINE_CURVE_WITH_KNOTS('',1,(#1562,#1563),.UNSPECIFIED.,.F.,
  .F.,(2,2),(-13.55577335535,-2.555773355359),.PIECEWISE_BEZIER_KNOTS.);
#1562 = CARTESIAN_POINT('',(11.,-1.));
#1563 = CARTESIAN_POINT('',(0.,-1.));
#1564 = ( GEOMETRIC_REPRESENTATION_CONTEXT(2) 
PARAMETRIC_REPRESENTATION_CONTEXT() REPRESENTATION_CONTEXT('2D SPACE',''
  ) );
#1565 = ORIENTED_EDGE('',*,*,#1566,.T.);
#1566 = EDGE_CURVE('',#1541,#1487,#1567,.T.);
#1567 = SURFACE_CURVE('',#1568,(#1573,#1584),.PCURVE_S1.);
#1568 = CIRCLE('',#1569,6.5);
#1569 = AXIS2_PLACEMENT_3D('',#1570,#1571,#1572);
#1570 = CARTESIAN_POINT('',(-6.106226635438E-16,-39.,137.5));
#1571 = DIRECTION('',(0.,1.,0.));
#1572 = DIRECTION('',(1.,0.,-2.476651362625E-16));
#1573 = PCURVE('',#72,#1574);
#1574 = DEFINITIONAL_REPRESENTATION('',(#1575),#1583);
#1575 = ( BOUNDED_CURVE() B_SPLINE_CURVE(2,(#1576,#1577,#1578,#1579,
#1580,#1581,#1582),.UNSPECIFIED.,.T.,.F.) B_SPLINE_CURVE_WITH_KNOTS((1,2
    ,2,2,2,1),(-2.094395102393,0.,2.094395102393,4.188790204786,
6.28318530718,8.377580409573),.UNSPECIFIED.) CURVE() 
GEOMETRIC_REPRESENTATION_ITEM() RATIONAL_B_SPLINE_CURVE((1.,0.5,1.,0.5,
1.,0.5,1.)) REPRESENTATION_ITEM('') );
#1576 = CARTESIAN_POINT('',(16.111546710718,6.5));
#1577 = CARTESIAN_POINT('',(27.369876959916,6.5));
#1578 = CARTESIAN_POINT('',(21.740711835317,-3.25));
#1579 = CARTESIAN_POINT('',(16.111546710718,-13.));
#1580 = CARTESIAN_POINT('',(10.482381586119,-3.25));
#1581 = CARTESIAN_POINT('',(4.853216461521,6.5));
#1582 = CARTESIAN_POINT('',(16.111546710718,6.5));
#1583 = ( GEOMETRIC_REPRESENTATION_CONTEXT(2) 
PARAMETRIC_REPRESENTATION_CONTEXT() REPRESENTATION_CONTEXT('2D SPACE',''
  ) );
#1584 = PCURVE('',#1143,#1585);
#1585 = DEFINITIONAL_REPRESENTATION('',(#1586),#1590);
#1586 = LINE('',#1587,#1588);
#1587 = CARTESIAN_POINT('',(0.,-1.));
#1588 = VECTOR('',#1589,1.);
#1589 = DIRECTION('',(1.,0.));
#1590 = ( GEOMETRIC_REPRESENTATION_CONTEXT(2) 
PARAMETRIC_REPRESENTATION_CONTEXT() REPRESENTATION_CONTEXT('2D SPACE',''
  ) );
#1591 = ADVANCED_FACE('',(#1592),#100,.T.);
#1592 = FACE_BOUND('',#1593,.T.);
#1593 = EDGE_LOOP('',(#1594,#1595,#1596,#1597));
#1594 = ORIENTED_EDGE('',*,*,#666,.F.);
#1595 = ORIENTED_EDGE('',*,*,#84,.T.);
#1596 = ORIENTED_EDGE('',*,*,#1159,.T.);
#1597 = ORIENTED_EDGE('',*,*,#1598,.F.);
#1598 = EDGE_CURVE('',#667,#1160,#1599,.T.);
#1599 = SURFACE_CURVE('',#1600,(#1604,#1611),.PCURVE_S1.);
#1600 = LINE('',#1601,#1602);
#1601 = CARTESIAN_POINT('',(40.,-51.,117.));
#1602 = VECTOR('',#1603,1.);
#1603 = DIRECTION('',(0.,1.,0.));
#1604 = PCURVE('',#100,#1605);
#1605 = DEFINITIONAL_REPRESENTATION('',(#1606),#1610);
#1606 = LINE('',#1607,#1608);
#1607 = CARTESIAN_POINT('',(10.,0.));
#1608 = VECTOR('',#1609,1.);
#1609 = DIRECTION('',(0.,-1.));
#1610 = ( GEOMETRIC_REPRESENTATION_CONTEXT(2) 
PARAMETRIC_REPRESENTATION_CONTEXT() REPRESENTATION_CONTEXT('2D SPACE',''
  ) );
#1611 = PCURVE('',#705,#1612);
#1612 = DEFINITIONAL_REPRESENTATION('',(#1613),#1617);
#1613 = LINE('',#1614,#1615);
#1614 = CARTESIAN_POINT('',(80.,0.));
#1615 = VECTOR('',#1616,1.);
#1616 = DIRECTION('',(0.,1.));
#1617 = ( GEOMETRIC_REPRESENTATION_CONTEXT(2) 
PARAMETRIC_REPRESENTATION_CONTEXT() REPRESENTATION_CONTEXT('2D SPACE',''
  ) );
#1618 = ADVANCED_FACE('',(#1619),#157,.F.);
#1619 = FACE_BOUND('',#1620,.F.);
#1620 = EDGE_LOOP('',(#1621,#1622,#1645,#1671));
#1621 = ORIENTED_EDGE('',*,*,#140,.F.);
#1622 = ORIENTED_EDGE('',*,*,#1623,.T.);
#1623 = EDGE_CURVE('',#141,#1624,#1626,.T.);
#1624 = VERTEX_POINT('',#1625);
#1625 = CARTESIAN_POINT('',(-28.15,-46.5,117.));
#1626 = SURFACE_CURVE('',#1627,(#1631,#1638),.PCURVE_S1.);
#1627 = LINE('',#1628,#1629);
#1628 = CARTESIAN_POINT('',(-28.15,-46.5,106.));
#1629 = VECTOR('',#1630,1.);
#1630 = DIRECTION('',(0.,0.,1.));
#1631 = PCURVE('',#157,#1632);
#1632 = DEFINITIONAL_REPRESENTATION('',(#1633),#1637);
#1633 = LINE('',#1634,#1635);
#1634 = CARTESIAN_POINT('',(0.,0.));
#1635 = VECTOR('',#1636,1.);
#1636 = DIRECTION('',(0.,-1.));
#1637 = ( GEOMETRIC_REPRESENTATION_CONTEXT(2) 
PARAMETRIC_REPRESENTATION_CONTEXT() REPRESENTATION_CONTEXT('2D SPACE',''
  ) );
#1638 = PCURVE('',#185,#1639);
#1639 = DEFINITIONAL_REPRESENTATION('',(#1640),#1644);
#1640 = LINE('',#1641,#1642);
#1641 = CARTESIAN_POINT('',(3.14159265359,0.));
#1642 = VECTOR('',#1643,1.);
#1643 = DIRECTION('',(0.,-1.));
#1644 = ( GEOMETRIC_REPRESENTATION_CONTEXT(2) 
PARAMETRIC_REPRESENTATION_CONTEXT() REPRESENTATION_CONTEXT('2D SPACE',''
  ) );
#1645 = ORIENTED_EDGE('',*,*,#1646,.F.);
#1646 = EDGE_CURVE('',#1647,#1624,#1649,.T.);
#1647 = VERTEX_POINT('',#1648);
#1648 = CARTESIAN_POINT('',(-28.15,-43.5,117.));
#1649 = SURFACE_CURVE('',#1650,(#1654,#1660),.PCURVE_S1.);
#1650 = LINE('',#1651,#1652);
#1651 = CARTESIAN_POINT('',(-28.15,-45.75,117.));
#1652 = VECTOR('',#1653,1.);
#1653 = DIRECTION('',(-1.110223024625E-16,-1.,0.));
#1654 = PCURVE('',#157,#1655);
#1655 = DEFINITIONAL_REPRESENTATION('',(#1656),#1659);
#1656 = B_SPLINE_CURVE_WITH_KNOTS('',1,(#1657,#1658),.UNSPECIFIED.,.F.,
  .F.,(2,2),(-2.25,0.75),.PIECEWISE_BEZIER_KNOTS.);
#1657 = CARTESIAN_POINT('',(3.,-11.));
#1658 = CARTESIAN_POINT('',(0.,-11.));
#1659 = ( GEOMETRIC_REPRESENTATION_CONTEXT(2) 
PARAMETRIC_REPRESENTATION_CONTEXT() REPRESENTATION_CONTEXT('2D SPACE',''
  ) );
#1660 = PCURVE('',#1661,#1666);
#1661 = PLANE('',#1662);
#1662 = AXIS2_PLACEMENT_3D('',#1663,#1664,#1665);
#1663 = CARTESIAN_POINT('',(-26.,-45.,117.));
#1664 = DIRECTION('',(-0.,-0.,-1.));
#1665 = DIRECTION('',(-1.,0.,0.));
#1666 = DEFINITIONAL_REPRESENTATION('',(#1667),#1670);
#1667 = B_SPLINE_CURVE_WITH_KNOTS('',1,(#1668,#1669),.UNSPECIFIED.,.F.,
  .F.,(2,2),(-2.25,0.75),.PIECEWISE_BEZIER_KNOTS.);
#1668 = CARTESIAN_POINT('',(2.15,1.5));
#1669 = CARTESIAN_POINT('',(2.15,-1.5));
#1670 = ( GEOMETRIC_REPRESENTATION_CONTEXT(2) 
PARAMETRIC_REPRESENTATION_CONTEXT() REPRESENTATION_CONTEXT('2D SPACE',''
  ) );
#1671 = ORIENTED_EDGE('',*,*,#1672,.F.);
#1672 = EDGE_CURVE('',#143,#1647,#1673,.T.);
#1673 = SURFACE_CURVE('',#1674,(#1678,#1685),.PCURVE_S1.);
#1674 = LINE('',#1675,#1676);
#1675 = CARTESIAN_POINT('',(-28.15,-43.5,106.));
#1676 = VECTOR('',#1677,1.);
#1677 = DIRECTION('',(0.,0.,1.));
#1678 = PCURVE('',#157,#1679);
#1679 = DEFINITIONAL_REPRESENTATION('',(#1680),#1684);
#1680 = LINE('',#1681,#1682);
#1681 = CARTESIAN_POINT('',(3.,0.));
#1682 = VECTOR('',#1683,1.);
#1683 = DIRECTION('',(0.,-1.));
#1684 = ( GEOMETRIC_REPRESENTATION_CONTEXT(2) 
PARAMETRIC_REPRESENTATION_CONTEXT() REPRESENTATION_CONTEXT('2D SPACE',''
  ) );
#1685 = PCURVE('',#238,#1686);
#1686 = DEFINITIONAL_REPRESENTATION('',(#1687),#1691);
#1687 = LINE('',#1688,#1689);
#1688 = CARTESIAN_POINT('',(0.,0.));
#1689 = VECTOR('',#1690,1.);
#1690 = DIRECTION('',(0.,-1.));
#1691 = ( GEOMETRIC_REPRESENTATION_CONTEXT(2) 
PARAMETRIC_REPRESENTATION_CONTEXT() REPRESENTATION_CONTEXT('2D SPACE',''
  ) );
#1692 = ADVANCED_FACE('',(#1693),#185,.F.);
#1693 = FACE_BOUND('',#1694,.F.);
#1694 = EDGE_LOOP('',(#1695,#1696,#1719,#1741));
#1695 = ORIENTED_EDGE('',*,*,#168,.F.);
#1696 = ORIENTED_EDGE('',*,*,#1697,.T.);
#1697 = EDGE_CURVE('',#169,#1698,#1700,.T.);
#1698 = VERTEX_POINT('',#1699);
#1699 = CARTESIAN_POINT('',(-23.85,-46.5,117.));
#1700 = SURFACE_CURVE('',#1701,(#1705,#1712),.PCURVE_S1.);
#1701 = LINE('',#1702,#1703);
#1702 = CARTESIAN_POINT('',(-23.85,-46.5,106.));
#1703 = VECTOR('',#1704,1.);
#1704 = DIRECTION('',(0.,0.,1.));
#1705 = PCURVE('',#185,#1706);
#1706 = DEFINITIONAL_REPRESENTATION('',(#1707),#1711);
#1707 = LINE('',#1708,#1709);
#1708 = CARTESIAN_POINT('',(0.,0.));
#1709 = VECTOR('',#1710,1.);
#1710 = DIRECTION('',(0.,-1.));
#1711 = ( GEOMETRIC_REPRESENTATION_CONTEXT(2) 
PARAMETRIC_REPRESENTATION_CONTEXT() REPRESENTATION_CONTEXT('2D SPACE',''
  ) );
#1712 = PCURVE('',#212,#1713);
#1713 = DEFINITIONAL_REPRESENTATION('',(#1714),#1718);
#1714 = LINE('',#1715,#1716);
#1715 = CARTESIAN_POINT('',(3.,0.));
#1716 = VECTOR('',#1717,1.);
#1717 = DIRECTION('',(0.,-1.));
#1718 = ( GEOMETRIC_REPRESENTATION_CONTEXT(2) 
PARAMETRIC_REPRESENTATION_CONTEXT() REPRESENTATION_CONTEXT('2D SPACE',''
  ) );
#1719 = ORIENTED_EDGE('',*,*,#1720,.T.);
#1720 = EDGE_CURVE('',#1698,#1624,#1721,.T.);
#1721 = SURFACE_CURVE('',#1722,(#1727,#1734),.PCURVE_S1.);
#1722 = CIRCLE('',#1723,2.15);
#1723 = AXIS2_PLACEMENT_3D('',#1724,#1725,#1726);
#1724 = CARTESIAN_POINT('',(-26.,-46.5,117.));
#1725 = DIRECTION('',(0.,-0.,-1.));
#1726 = DIRECTION('',(1.,-1.110223024625E-16,0.));
#1727 = PCURVE('',#185,#1728);
#1728 = DEFINITIONAL_REPRESENTATION('',(#1729),#1733);
#1729 = LINE('',#1730,#1731);
#1730 = CARTESIAN_POINT('',(0.,-11.));
#1731 = VECTOR('',#1732,1.);
#1732 = DIRECTION('',(1.,0.));
#1733 = ( GEOMETRIC_REPRESENTATION_CONTEXT(2) 
PARAMETRIC_REPRESENTATION_CONTEXT() REPRESENTATION_CONTEXT('2D SPACE',''
  ) );
#1734 = PCURVE('',#1661,#1735);
#1735 = DEFINITIONAL_REPRESENTATION('',(#1736),#1740);
#1736 = CIRCLE('',#1737,2.15);
#1737 = AXIS2_PLACEMENT_2D('',#1738,#1739);
#1738 = CARTESIAN_POINT('',(1.06581410364E-14,-1.5));
#1739 = DIRECTION('',(-1.,-1.110223024625E-16));
#1740 = ( GEOMETRIC_REPRESENTATION_CONTEXT(2) 
PARAMETRIC_REPRESENTATION_CONTEXT() REPRESENTATION_CONTEXT('2D SPACE',''
  ) );
#1741 = ORIENTED_EDGE('',*,*,#1623,.F.);
#1742 = ADVANCED_FACE('',(#1743),#238,.F.);
#1743 = FACE_BOUND('',#1744,.F.);
#1744 = EDGE_LOOP('',(#1745,#1746,#1747,#1771));
#1745 = ORIENTED_EDGE('',*,*,#223,.F.);
#1746 = ORIENTED_EDGE('',*,*,#1672,.T.);
#1747 = ORIENTED_EDGE('',*,*,#1748,.T.);
#1748 = EDGE_CURVE('',#1647,#1749,#1751,.T.);
#1749 = VERTEX_POINT('',#1750);
#1750 = CARTESIAN_POINT('',(-23.85,-43.5,117.));
#1751 = SURFACE_CURVE('',#1752,(#1757,#1764),.PCURVE_S1.);
#1752 = CIRCLE('',#1753,2.15);
#1753 = AXIS2_PLACEMENT_3D('',#1754,#1755,#1756);
#1754 = CARTESIAN_POINT('',(-26.,-43.5,117.));
#1755 = DIRECTION('',(0.,0.,-1.));
#1756 = DIRECTION('',(-1.,1.110223024625E-16,0.));
#1757 = PCURVE('',#238,#1758);
#1758 = DEFINITIONAL_REPRESENTATION('',(#1759),#1763);
#1759 = LINE('',#1760,#1761);
#1760 = CARTESIAN_POINT('',(0.,-11.));
#1761 = VECTOR('',#1762,1.);
#1762 = DIRECTION('',(1.,0.));
#1763 = ( GEOMETRIC_REPRESENTATION_CONTEXT(2) 
PARAMETRIC_REPRESENTATION_CONTEXT() REPRESENTATION_CONTEXT('2D SPACE',''
  ) );
#1764 = PCURVE('',#1661,#1765);
#1765 = DEFINITIONAL_REPRESENTATION('',(#1766),#1770);
#1766 = CIRCLE('',#1767,2.15);
#1767 = AXIS2_PLACEMENT_2D('',#1768,#1769);
#1768 = CARTESIAN_POINT('',(1.06581410364E-14,1.5));
#1769 = DIRECTION('',(1.,1.110223024625E-16));
#1770 = ( GEOMETRIC_REPRESENTATION_CONTEXT(2) 
PARAMETRIC_REPRESENTATION_CONTEXT() REPRESENTATION_CONTEXT('2D SPACE',''
  ) );
#1771 = ORIENTED_EDGE('',*,*,#1772,.F.);
#1772 = EDGE_CURVE('',#198,#1749,#1773,.T.);
#1773 = SURFACE_CURVE('',#1774,(#1778,#1785),.PCURVE_S1.);
#1774 = LINE('',#1775,#1776);
#1775 = CARTESIAN_POINT('',(-23.85,-43.5,106.));
#1776 = VECTOR('',#1777,1.);
#1777 = DIRECTION('',(0.,0.,1.));
#1778 = PCURVE('',#238,#1779);
#1779 = DEFINITIONAL_REPRESENTATION('',(#1780),#1784);
#1780 = LINE('',#1781,#1782);
#1781 = CARTESIAN_POINT('',(3.14159265359,0.));
#1782 = VECTOR('',#1783,1.);
#1783 = DIRECTION('',(0.,-1.));
#1784 = ( GEOMETRIC_REPRESENTATION_CONTEXT(2) 
PARAMETRIC_REPRESENTATION_CONTEXT() REPRESENTATION_CONTEXT('2D SPACE',''
  ) );
#1785 = PCURVE('',#212,#1786);
#1786 = DEFINITIONAL_REPRESENTATION('',(#1787),#1791);
#1787 = LINE('',#1788,#1789);
#1788 = CARTESIAN_POINT('',(0.,0.));
#1789 = VECTOR('',#1790,1.);
#1790 = DIRECTION('',(0.,-1.));
#1791 = ( GEOMETRIC_REPRESENTATION_CONTEXT(2) 
PARAMETRIC_REPRESENTATION_CONTEXT() REPRESENTATION_CONTEXT('2D SPACE',''
  ) );
#1792 = ADVANCED_FACE('',(#1793),#212,.F.);
#1793 = FACE_BOUND('',#1794,.F.);
#1794 = EDGE_LOOP('',(#1795,#1796,#1797,#1816));
#1795 = ORIENTED_EDGE('',*,*,#197,.F.);
#1796 = ORIENTED_EDGE('',*,*,#1772,.T.);
#1797 = ORIENTED_EDGE('',*,*,#1798,.F.);
#1798 = EDGE_CURVE('',#1698,#1749,#1799,.T.);
#1799 = SURFACE_CURVE('',#1800,(#1804,#1810),.PCURVE_S1.);
#1800 = LINE('',#1801,#1802);
#1801 = CARTESIAN_POINT('',(-23.85,-44.25,117.));
#1802 = VECTOR('',#1803,1.);
#1803 = DIRECTION('',(1.110223024625E-16,1.,-0.));
#1804 = PCURVE('',#212,#1805);
#1805 = DEFINITIONAL_REPRESENTATION('',(#1806),#1809);
#1806 = B_SPLINE_CURVE_WITH_KNOTS('',1,(#1807,#1808),.UNSPECIFIED.,.F.,
  .F.,(2,2),(-2.25,0.75),.PIECEWISE_BEZIER_KNOTS.);
#1807 = CARTESIAN_POINT('',(3.,-11.));
#1808 = CARTESIAN_POINT('',(0.,-11.));
#1809 = ( GEOMETRIC_REPRESENTATION_CONTEXT(2) 
PARAMETRIC_REPRESENTATION_CONTEXT() REPRESENTATION_CONTEXT('2D SPACE',''
  ) );
#1810 = PCURVE('',#1661,#1811);
#1811 = DEFINITIONAL_REPRESENTATION('',(#1812),#1815);
#1812 = B_SPLINE_CURVE_WITH_KNOTS('',1,(#1813,#1814),.UNSPECIFIED.,.F.,
  .F.,(2,2),(-2.25,0.75),.PIECEWISE_BEZIER_KNOTS.);
#1813 = CARTESIAN_POINT('',(-2.15,-1.5));
#1814 = CARTESIAN_POINT('',(-2.15,1.5));
#1815 = ( GEOMETRIC_REPRESENTATION_CONTEXT(2) 
PARAMETRIC_REPRESENTATION_CONTEXT() REPRESENTATION_CONTEXT('2D SPACE',''
  ) );
#1816 = ORIENTED_EDGE('',*,*,#1697,.F.);
#1817 = ADVANCED_FACE('',(#1818),#269,.F.);
#1818 = FACE_BOUND('',#1819,.F.);
#1819 = EDGE_LOOP('',(#1820,#1821,#1844,#1870));
#1820 = ORIENTED_EDGE('',*,*,#252,.F.);
#1821 = ORIENTED_EDGE('',*,*,#1822,.T.);
#1822 = EDGE_CURVE('',#253,#1823,#1825,.T.);
#1823 = VERTEX_POINT('',#1824);
#1824 = CARTESIAN_POINT('',(-10.15,-46.5,117.));
#1825 = SURFACE_CURVE('',#1826,(#1830,#1837),.PCURVE_S1.);
#1826 = LINE('',#1827,#1828);
#1827 = CARTESIAN_POINT('',(-10.15,-46.5,106.));
#1828 = VECTOR('',#1829,1.);
#1829 = DIRECTION('',(0.,0.,1.));
#1830 = PCURVE('',#269,#1831);
#1831 = DEFINITIONAL_REPRESENTATION('',(#1832),#1836);
#1832 = LINE('',#1833,#1834);
#1833 = CARTESIAN_POINT('',(0.,0.));
#1834 = VECTOR('',#1835,1.);
#1835 = DIRECTION('',(0.,-1.));
#1836 = ( GEOMETRIC_REPRESENTATION_CONTEXT(2) 
PARAMETRIC_REPRESENTATION_CONTEXT() REPRESENTATION_CONTEXT('2D SPACE',''
  ) );
#1837 = PCURVE('',#297,#1838);
#1838 = DEFINITIONAL_REPRESENTATION('',(#1839),#1843);
#1839 = LINE('',#1840,#1841);
#1840 = CARTESIAN_POINT('',(3.14159265359,0.));
#1841 = VECTOR('',#1842,1.);
#1842 = DIRECTION('',(0.,-1.));
#1843 = ( GEOMETRIC_REPRESENTATION_CONTEXT(2) 
PARAMETRIC_REPRESENTATION_CONTEXT() REPRESENTATION_CONTEXT('2D SPACE',''
  ) );
#1844 = ORIENTED_EDGE('',*,*,#1845,.F.);
#1845 = EDGE_CURVE('',#1846,#1823,#1848,.T.);
#1846 = VERTEX_POINT('',#1847);
#1847 = CARTESIAN_POINT('',(-10.15,-43.5,117.));
#1848 = SURFACE_CURVE('',#1849,(#1853,#1859),.PCURVE_S1.);
#1849 = LINE('',#1850,#1851);
#1850 = CARTESIAN_POINT('',(-10.15,-45.75,117.));
#1851 = VECTOR('',#1852,1.);
#1852 = DIRECTION('',(-1.110223024625E-16,-1.,0.));
#1853 = PCURVE('',#269,#1854);
#1854 = DEFINITIONAL_REPRESENTATION('',(#1855),#1858);
#1855 = B_SPLINE_CURVE_WITH_KNOTS('',1,(#1856,#1857),.UNSPECIFIED.,.F.,
  .F.,(2,2),(-2.25,0.75),.PIECEWISE_BEZIER_KNOTS.);
#1856 = CARTESIAN_POINT('',(3.,-11.));
#1857 = CARTESIAN_POINT('',(0.,-11.));
#1858 = ( GEOMETRIC_REPRESENTATION_CONTEXT(2) 
PARAMETRIC_REPRESENTATION_CONTEXT() REPRESENTATION_CONTEXT('2D SPACE',''
  ) );
#1859 = PCURVE('',#1860,#1865);
#1860 = PLANE('',#1861);
#1861 = AXIS2_PLACEMENT_3D('',#1862,#1863,#1864);
#1862 = CARTESIAN_POINT('',(-8.,-45.,117.));
#1863 = DIRECTION('',(-0.,-0.,-1.));
#1864 = DIRECTION('',(-1.,0.,0.));
#1865 = DEFINITIONAL_REPRESENTATION('',(#1866),#1869);
#1866 = B_SPLINE_CURVE_WITH_KNOTS('',1,(#1867,#1868),.UNSPECIFIED.,.F.,
  .F.,(2,2),(-2.25,0.75),.PIECEWISE_BEZIER_KNOTS.);
#1867 = CARTESIAN_POINT('',(2.15,1.5));
#1868 = CARTESIAN_POINT('',(2.15,-1.5));
#1869 = ( GEOMETRIC_REPRESENTATION_CONTEXT(2) 
PARAMETRIC_REPRESENTATION_CONTEXT() REPRESENTATION_CONTEXT('2D SPACE',''
  ) );
#1870 = ORIENTED_EDGE('',*,*,#1871,.F.);
#1871 = EDGE_CURVE('',#255,#1846,#1872,.T.);
#1872 = SURFACE_CURVE('',#1873,(#1877,#1884),.PCURVE_S1.);
#1873 = LINE('',#1874,#1875);
#1874 = CARTESIAN_POINT('',(-10.15,-43.5,106.));
#1875 = VECTOR('',#1876,1.);
#1876 = DIRECTION('',(0.,0.,1.));
#1877 = PCURVE('',#269,#1878);
#1878 = DEFINITIONAL_REPRESENTATION('',(#1879),#1883);
#1879 = LINE('',#1880,#1881);
#1880 = CARTESIAN_POINT('',(3.,0.));
#1881 = VECTOR('',#1882,1.);
#1882 = DIRECTION('',(0.,-1.));
#1883 = ( GEOMETRIC_REPRESENTATION_CONTEXT(2) 
PARAMETRIC_REPRESENTATION_CONTEXT() REPRESENTATION_CONTEXT('2D SPACE',''
  ) );
#1884 = PCURVE('',#350,#1885);
#1885 = DEFINITIONAL_REPRESENTATION('',(#1886),#1890);
#1886 = LINE('',#1887,#1888);
#1887 = CARTESIAN_POINT('',(0.,0.));
#1888 = VECTOR('',#1889,1.);
#1889 = DIRECTION('',(0.,-1.));
#1890 = ( GEOMETRIC_REPRESENTATION_CONTEXT(2) 
PARAMETRIC_REPRESENTATION_CONTEXT() REPRESENTATION_CONTEXT('2D SPACE',''
  ) );
#1891 = ADVANCED_FACE('',(#1892),#297,.F.);
#1892 = FACE_BOUND('',#1893,.F.);
#1893 = EDGE_LOOP('',(#1894,#1895,#1918,#1940));
#1894 = ORIENTED_EDGE('',*,*,#280,.F.);
#1895 = ORIENTED_EDGE('',*,*,#1896,.T.);
#1896 = EDGE_CURVE('',#281,#1897,#1899,.T.);
#1897 = VERTEX_POINT('',#1898);
#1898 = CARTESIAN_POINT('',(-5.85,-46.5,117.));
#1899 = SURFACE_CURVE('',#1900,(#1904,#1911),.PCURVE_S1.);
#1900 = LINE('',#1901,#1902);
#1901 = CARTESIAN_POINT('',(-5.85,-46.5,106.));
#1902 = VECTOR('',#1903,1.);
#1903 = DIRECTION('',(0.,0.,1.));
#1904 = PCURVE('',#297,#1905);
#1905 = DEFINITIONAL_REPRESENTATION('',(#1906),#1910);
#1906 = LINE('',#1907,#1908);
#1907 = CARTESIAN_POINT('',(0.,0.));
#1908 = VECTOR('',#1909,1.);
#1909 = DIRECTION('',(0.,-1.));
#1910 = ( GEOMETRIC_REPRESENTATION_CONTEXT(2) 
PARAMETRIC_REPRESENTATION_CONTEXT() REPRESENTATION_CONTEXT('2D SPACE',''
  ) );
#1911 = PCURVE('',#324,#1912);
#1912 = DEFINITIONAL_REPRESENTATION('',(#1913),#1917);
#1913 = LINE('',#1914,#1915);
#1914 = CARTESIAN_POINT('',(3.,0.));
#1915 = VECTOR('',#1916,1.);
#1916 = DIRECTION('',(0.,-1.));
#1917 = ( GEOMETRIC_REPRESENTATION_CONTEXT(2) 
PARAMETRIC_REPRESENTATION_CONTEXT() REPRESENTATION_CONTEXT('2D SPACE',''
  ) );
#1918 = ORIENTED_EDGE('',*,*,#1919,.T.);
#1919 = EDGE_CURVE('',#1897,#1823,#1920,.T.);
#1920 = SURFACE_CURVE('',#1921,(#1926,#1933),.PCURVE_S1.);
#1921 = CIRCLE('',#1922,2.15);
#1922 = AXIS2_PLACEMENT_3D('',#1923,#1924,#1925);
#1923 = CARTESIAN_POINT('',(-8.,-46.5,117.));
#1924 = DIRECTION('',(0.,-0.,-1.));
#1925 = DIRECTION('',(1.,-1.110223024625E-16,0.));
#1926 = PCURVE('',#297,#1927);
#1927 = DEFINITIONAL_REPRESENTATION('',(#1928),#1932);
#1928 = LINE('',#1929,#1930);
#1929 = CARTESIAN_POINT('',(0.,-11.));
#1930 = VECTOR('',#1931,1.);
#1931 = DIRECTION('',(1.,0.));
#1932 = ( GEOMETRIC_REPRESENTATION_CONTEXT(2) 
PARAMETRIC_REPRESENTATION_CONTEXT() REPRESENTATION_CONTEXT('2D SPACE',''
  ) );
#1933 = PCURVE('',#1860,#1934);
#1934 = DEFINITIONAL_REPRESENTATION('',(#1935),#1939);
#1935 = CIRCLE('',#1936,2.15);
#1936 = AXIS2_PLACEMENT_2D('',#1937,#1938);
#1937 = CARTESIAN_POINT('',(2.6645352591E-15,-1.5));
#1938 = DIRECTION('',(-1.,-1.110223024625E-16));
#1939 = ( GEOMETRIC_REPRESENTATION_CONTEXT(2) 
PARAMETRIC_REPRESENTATION_CONTEXT() REPRESENTATION_CONTEXT('2D SPACE',''
  ) );
#1940 = ORIENTED_EDGE('',*,*,#1822,.F.);
#1941 = ADVANCED_FACE('',(#1942),#350,.F.);
#1942 = FACE_BOUND('',#1943,.F.);
#1943 = EDGE_LOOP('',(#1944,#1945,#1946,#1970));
#1944 = ORIENTED_EDGE('',*,*,#335,.F.);
#1945 = ORIENTED_EDGE('',*,*,#1871,.T.);
#1946 = ORIENTED_EDGE('',*,*,#1947,.T.);
#1947 = EDGE_CURVE('',#1846,#1948,#1950,.T.);
#1948 = VERTEX_POINT('',#1949);
#1949 = CARTESIAN_POINT('',(-5.85,-43.5,117.));
#1950 = SURFACE_CURVE('',#1951,(#1956,#1963),.PCURVE_S1.);
#1951 = CIRCLE('',#1952,2.15);
#1952 = AXIS2_PLACEMENT_3D('',#1953,#1954,#1955);
#1953 = CARTESIAN_POINT('',(-8.,-43.5,117.));
#1954 = DIRECTION('',(0.,0.,-1.));
#1955 = DIRECTION('',(-1.,1.110223024625E-16,0.));
#1956 = PCURVE('',#350,#1957);
#1957 = DEFINITIONAL_REPRESENTATION('',(#1958),#1962);
#1958 = LINE('',#1959,#1960);
#1959 = CARTESIAN_POINT('',(0.,-11.));
#1960 = VECTOR('',#1961,1.);
#1961 = DIRECTION('',(1.,0.));
#1962 = ( GEOMETRIC_REPRESENTATION_CONTEXT(2) 
PARAMETRIC_REPRESENTATION_CONTEXT() REPRESENTATION_CONTEXT('2D SPACE',''
  ) );
#1963 = PCURVE('',#1860,#1964);
#1964 = DEFINITIONAL_REPRESENTATION('',(#1965),#1969);
#1965 = CIRCLE('',#1966,2.15);
#1966 = AXIS2_PLACEMENT_2D('',#1967,#1968);
#1967 = CARTESIAN_POINT('',(2.6645352591E-15,1.5));
#1968 = DIRECTION('',(1.,1.110223024625E-16));
#1969 = ( GEOMETRIC_REPRESENTATION_CONTEXT(2) 
PARAMETRIC_REPRESENTATION_CONTEXT() REPRESENTATION_CONTEXT('2D SPACE',''
  ) );
#1970 = ORIENTED_EDGE('',*,*,#1971,.F.);
#1971 = EDGE_CURVE('',#310,#1948,#1972,.T.);
#1972 = SURFACE_CURVE('',#1973,(#1977,#1984),.PCURVE_S1.);
#1973 = LINE('',#1974,#1975);
#1974 = CARTESIAN_POINT('',(-5.85,-43.5,106.));
#1975 = VECTOR('',#1976,1.);
#1976 = DIRECTION('',(0.,0.,1.));
#1977 = PCURVE('',#350,#1978);
#1978 = DEFINITIONAL_REPRESENTATION('',(#1979),#1983);
#1979 = LINE('',#1980,#1981);
#1980 = CARTESIAN_POINT('',(3.14159265359,0.));
#1981 = VECTOR('',#1982,1.);
#1982 = DIRECTION('',(0.,-1.));
#1983 = ( GEOMETRIC_REPRESENTATION_CONTEXT(2) 
PARAMETRIC_REPRESENTATION_CONTEXT() REPRESENTATION_CONTEXT('2D SPACE',''
  ) );
#1984 = PCURVE('',#324,#1985);
#1985 = DEFINITIONAL_REPRESENTATION('',(#1986),#1990);
#1986 = LINE('',#1987,#1988);
#1987 = CARTESIAN_POINT('',(0.,0.));
#1988 = VECTOR('',#1989,1.);
#1989 = DIRECTION('',(0.,-1.));
#1990 = ( GEOMETRIC_REPRESENTATION_CONTEXT(2) 
PARAMETRIC_REPRESENTATION_CONTEXT() REPRESENTATION_CONTEXT('2D SPACE',''
  ) );
#1991 = ADVANCED_FACE('',(#1992),#324,.F.);
#1992 = FACE_BOUND('',#1993,.F.);
#1993 = EDGE_LOOP('',(#1994,#1995,#1996,#2015));
#1994 = ORIENTED_EDGE('',*,*,#309,.F.);
#1995 = ORIENTED_EDGE('',*,*,#1971,.T.);
#1996 = ORIENTED_EDGE('',*,*,#1997,.F.);
#1997 = EDGE_CURVE('',#1897,#1948,#1998,.T.);
#1998 = SURFACE_CURVE('',#1999,(#2003,#2009),.PCURVE_S1.);
#1999 = LINE('',#2000,#2001);
#2000 = CARTESIAN_POINT('',(-5.85,-44.25,117.));
#2001 = VECTOR('',#2002,1.);
#2002 = DIRECTION('',(1.110223024625E-16,1.,-0.));
#2003 = PCURVE('',#324,#2004);
#2004 = DEFINITIONAL_REPRESENTATION('',(#2005),#2008);
#2005 = B_SPLINE_CURVE_WITH_KNOTS('',1,(#2006,#2007),.UNSPECIFIED.,.F.,
  .F.,(2,2),(-2.25,0.75),.PIECEWISE_BEZIER_KNOTS.);
#2006 = CARTESIAN_POINT('',(3.,-11.));
#2007 = CARTESIAN_POINT('',(0.,-11.));
#2008 = ( GEOMETRIC_REPRESENTATION_CONTEXT(2) 
PARAMETRIC_REPRESENTATION_CONTEXT() REPRESENTATION_CONTEXT('2D SPACE',''
  ) );
#2009 = PCURVE('',#1860,#2010);
#2010 = DEFINITIONAL_REPRESENTATION('',(#2011),#2014);
#2011 = B_SPLINE_CURVE_WITH_KNOTS('',1,(#2012,#2013),.UNSPECIFIED.,.F.,
  .F.,(2,2),(-2.25,0.75),.PIECEWISE_BEZIER_KNOTS.);
#2012 = CARTESIAN_POINT('',(-2.15,-1.5));
#2013 = CARTESIAN_POINT('',(-2.15,1.5));
#2014 = ( GEOMETRIC_REPRESENTATION_CONTEXT(2) 
PARAMETRIC_REPRESENTATION_CONTEXT() REPRESENTATION_CONTEXT('2D SPACE',''
  ) );
#2015 = ORIENTED_EDGE('',*,*,#1896,.F.);
#2016 = ADVANCED_FACE('',(#2017),#381,.F.);
#2017 = FACE_BOUND('',#2018,.F.);
#2018 = EDGE_LOOP('',(#2019,#2020,#2043,#2069));
#2019 = ORIENTED_EDGE('',*,*,#364,.F.);
#2020 = ORIENTED_EDGE('',*,*,#2021,.T.);
#2021 = EDGE_CURVE('',#365,#2022,#2024,.T.);
#2022 = VERTEX_POINT('',#2023);
#2023 = CARTESIAN_POINT('',(5.85,-46.5,117.));
#2024 = SURFACE_CURVE('',#2025,(#2029,#2036),.PCURVE_S1.);
#2025 = LINE('',#2026,#2027);
#2026 = CARTESIAN_POINT('',(5.85,-46.5,106.));
#2027 = VECTOR('',#2028,1.);
#2028 = DIRECTION('',(0.,0.,1.));
#2029 = PCURVE('',#381,#2030);
#2030 = DEFINITIONAL_REPRESENTATION('',(#2031),#2035);
#2031 = LINE('',#2032,#2033);
#2032 = CARTESIAN_POINT('',(0.,0.));
#2033 = VECTOR('',#2034,1.);
#2034 = DIRECTION('',(0.,-1.));
#2035 = ( GEOMETRIC_REPRESENTATION_CONTEXT(2) 
PARAMETRIC_REPRESENTATION_CONTEXT() REPRESENTATION_CONTEXT('2D SPACE',''
  ) );
#2036 = PCURVE('',#409,#2037);
#2037 = DEFINITIONAL_REPRESENTATION('',(#2038),#2042);
#2038 = LINE('',#2039,#2040);
#2039 = CARTESIAN_POINT('',(3.14159265359,0.));
#2040 = VECTOR('',#2041,1.);
#2041 = DIRECTION('',(0.,-1.));
#2042 = ( GEOMETRIC_REPRESENTATION_CONTEXT(2) 
PARAMETRIC_REPRESENTATION_CONTEXT() REPRESENTATION_CONTEXT('2D SPACE',''
  ) );
#2043 = ORIENTED_EDGE('',*,*,#2044,.F.);
#2044 = EDGE_CURVE('',#2045,#2022,#2047,.T.);
#2045 = VERTEX_POINT('',#2046);
#2046 = CARTESIAN_POINT('',(5.85,-43.5,117.));
#2047 = SURFACE_CURVE('',#2048,(#2052,#2058),.PCURVE_S1.);
#2048 = LINE('',#2049,#2050);
#2049 = CARTESIAN_POINT('',(5.85,-45.75,117.));
#2050 = VECTOR('',#2051,1.);
#2051 = DIRECTION('',(-1.110223024625E-16,-1.,0.));
#2052 = PCURVE('',#381,#2053);
#2053 = DEFINITIONAL_REPRESENTATION('',(#2054),#2057);
#2054 = B_SPLINE_CURVE_WITH_KNOTS('',1,(#2055,#2056),.UNSPECIFIED.,.F.,
  .F.,(2,2),(-2.25,0.75),.PIECEWISE_BEZIER_KNOTS.);
#2055 = CARTESIAN_POINT('',(3.,-11.));
#2056 = CARTESIAN_POINT('',(0.,-11.));
#2057 = ( GEOMETRIC_REPRESENTATION_CONTEXT(2) 
PARAMETRIC_REPRESENTATION_CONTEXT() REPRESENTATION_CONTEXT('2D SPACE',''
  ) );
#2058 = PCURVE('',#2059,#2064);
#2059 = PLANE('',#2060);
#2060 = AXIS2_PLACEMENT_3D('',#2061,#2062,#2063);
#2061 = CARTESIAN_POINT('',(8.,-45.,117.));
#2062 = DIRECTION('',(-0.,-0.,-1.));
#2063 = DIRECTION('',(-1.,0.,0.));
#2064 = DEFINITIONAL_REPRESENTATION('',(#2065),#2068);
#2065 = B_SPLINE_CURVE_WITH_KNOTS('',1,(#2066,#2067),.UNSPECIFIED.,.F.,
  .F.,(2,2),(-2.25,0.75),.PIECEWISE_BEZIER_KNOTS.);
#2066 = CARTESIAN_POINT('',(2.15,1.5));
#2067 = CARTESIAN_POINT('',(2.15,-1.5));
#2068 = ( GEOMETRIC_REPRESENTATION_CONTEXT(2) 
PARAMETRIC_REPRESENTATION_CONTEXT() REPRESENTATION_CONTEXT('2D SPACE',''
  ) );
#2069 = ORIENTED_EDGE('',*,*,#2070,.F.);
#2070 = EDGE_CURVE('',#367,#2045,#2071,.T.);
#2071 = SURFACE_CURVE('',#2072,(#2076,#2083),.PCURVE_S1.);
#2072 = LINE('',#2073,#2074);
#2073 = CARTESIAN_POINT('',(5.85,-43.5,106.));
#2074 = VECTOR('',#2075,1.);
#2075 = DIRECTION('',(0.,0.,1.));
#2076 = PCURVE('',#381,#2077);
#2077 = DEFINITIONAL_REPRESENTATION('',(#2078),#2082);
#2078 = LINE('',#2079,#2080);
#2079 = CARTESIAN_POINT('',(3.,0.));
#2080 = VECTOR('',#2081,1.);
#2081 = DIRECTION('',(0.,-1.));
#2082 = ( GEOMETRIC_REPRESENTATION_CONTEXT(2) 
PARAMETRIC_REPRESENTATION_CONTEXT() REPRESENTATION_CONTEXT('2D SPACE',''
  ) );
#2083 = PCURVE('',#462,#2084);
#2084 = DEFINITIONAL_REPRESENTATION('',(#2085),#2089);
#2085 = LINE('',#2086,#2087);
#2086 = CARTESIAN_POINT('',(0.,0.));
#2087 = VECTOR('',#2088,1.);
#2088 = DIRECTION('',(0.,-1.));
#2089 = ( GEOMETRIC_REPRESENTATION_CONTEXT(2) 
PARAMETRIC_REPRESENTATION_CONTEXT() REPRESENTATION_CONTEXT('2D SPACE',''
  ) );
#2090 = ADVANCED_FACE('',(#2091),#409,.F.);
#2091 = FACE_BOUND('',#2092,.F.);
#2092 = EDGE_LOOP('',(#2093,#2094,#2117,#2139));
#2093 = ORIENTED_EDGE('',*,*,#392,.F.);
#2094 = ORIENTED_EDGE('',*,*,#2095,.T.);
#2095 = EDGE_CURVE('',#393,#2096,#2098,.T.);
#2096 = VERTEX_POINT('',#2097);
#2097 = CARTESIAN_POINT('',(10.15,-46.5,117.));
#2098 = SURFACE_CURVE('',#2099,(#2103,#2110),.PCURVE_S1.);
#2099 = LINE('',#2100,#2101);
#2100 = CARTESIAN_POINT('',(10.15,-46.5,106.));
#2101 = VECTOR('',#2102,1.);
#2102 = DIRECTION('',(0.,0.,1.));
#2103 = PCURVE('',#409,#2104);
#2104 = DEFINITIONAL_REPRESENTATION('',(#2105),#2109);
#2105 = LINE('',#2106,#2107);
#2106 = CARTESIAN_POINT('',(0.,0.));
#2107 = VECTOR('',#2108,1.);
#2108 = DIRECTION('',(0.,-1.));
#2109 = ( GEOMETRIC_REPRESENTATION_CONTEXT(2) 
PARAMETRIC_REPRESENTATION_CONTEXT() REPRESENTATION_CONTEXT('2D SPACE',''
  ) );
#2110 = PCURVE('',#436,#2111);
#2111 = DEFINITIONAL_REPRESENTATION('',(#2112),#2116);
#2112 = LINE('',#2113,#2114);
#2113 = CARTESIAN_POINT('',(3.,0.));
#2114 = VECTOR('',#2115,1.);
#2115 = DIRECTION('',(0.,-1.));
#2116 = ( GEOMETRIC_REPRESENTATION_CONTEXT(2) 
PARAMETRIC_REPRESENTATION_CONTEXT() REPRESENTATION_CONTEXT('2D SPACE',''
  ) );
#2117 = ORIENTED_EDGE('',*,*,#2118,.T.);
#2118 = EDGE_CURVE('',#2096,#2022,#2119,.T.);
#2119 = SURFACE_CURVE('',#2120,(#2125,#2132),.PCURVE_S1.);
#2120 = CIRCLE('',#2121,2.15);
#2121 = AXIS2_PLACEMENT_3D('',#2122,#2123,#2124);
#2122 = CARTESIAN_POINT('',(8.,-46.5,117.));
#2123 = DIRECTION('',(0.,-0.,-1.));
#2124 = DIRECTION('',(1.,-1.110223024625E-16,0.));
#2125 = PCURVE('',#409,#2126);
#2126 = DEFINITIONAL_REPRESENTATION('',(#2127),#2131);
#2127 = LINE('',#2128,#2129);
#2128 = CARTESIAN_POINT('',(0.,-11.));
#2129 = VECTOR('',#2130,1.);
#2130 = DIRECTION('',(1.,0.));
#2131 = ( GEOMETRIC_REPRESENTATION_CONTEXT(2) 
PARAMETRIC_REPRESENTATION_CONTEXT() REPRESENTATION_CONTEXT('2D SPACE',''
  ) );
#2132 = PCURVE('',#2059,#2133);
#2133 = DEFINITIONAL_REPRESENTATION('',(#2134),#2138);
#2134 = CIRCLE('',#2135,2.15);
#2135 = AXIS2_PLACEMENT_2D('',#2136,#2137);
#2136 = CARTESIAN_POINT('',(-1.7763568394E-15,-1.5));
#2137 = DIRECTION('',(-1.,-1.110223024625E-16));
#2138 = ( GEOMETRIC_REPRESENTATION_CONTEXT(2) 
PARAMETRIC_REPRESENTATION_CONTEXT() REPRESENTATION_CONTEXT('2D SPACE',''
  ) );
#2139 = ORIENTED_EDGE('',*,*,#2021,.F.);
#2140 = ADVANCED_FACE('',(#2141),#462,.F.);
#2141 = FACE_BOUND('',#2142,.F.);
#2142 = EDGE_LOOP('',(#2143,#2144,#2145,#2169));
#2143 = ORIENTED_EDGE('',*,*,#447,.F.);
#2144 = ORIENTED_EDGE('',*,*,#2070,.T.);
#2145 = ORIENTED_EDGE('',*,*,#2146,.T.);
#2146 = EDGE_CURVE('',#2045,#2147,#2149,.T.);
#2147 = VERTEX_POINT('',#2148);
#2148 = CARTESIAN_POINT('',(10.15,-43.5,117.));
#2149 = SURFACE_CURVE('',#2150,(#2155,#2162),.PCURVE_S1.);
#2150 = CIRCLE('',#2151,2.15);
#2151 = AXIS2_PLACEMENT_3D('',#2152,#2153,#2154);
#2152 = CARTESIAN_POINT('',(8.,-43.5,117.));
#2153 = DIRECTION('',(0.,0.,-1.));
#2154 = DIRECTION('',(-1.,1.110223024625E-16,0.));
#2155 = PCURVE('',#462,#2156);
#2156 = DEFINITIONAL_REPRESENTATION('',(#2157),#2161);
#2157 = LINE('',#2158,#2159);
#2158 = CARTESIAN_POINT('',(0.,-11.));
#2159 = VECTOR('',#2160,1.);
#2160 = DIRECTION('',(1.,0.));
#2161 = ( GEOMETRIC_REPRESENTATION_CONTEXT(2) 
PARAMETRIC_REPRESENTATION_CONTEXT() REPRESENTATION_CONTEXT('2D SPACE',''
  ) );
#2162 = PCURVE('',#2059,#2163);
#2163 = DEFINITIONAL_REPRESENTATION('',(#2164),#2168);
#2164 = CIRCLE('',#2165,2.15);
#2165 = AXIS2_PLACEMENT_2D('',#2166,#2167);
#2166 = CARTESIAN_POINT('',(-1.7763568394E-15,1.5));
#2167 = DIRECTION('',(1.,1.110223024625E-16));
#2168 = ( GEOMETRIC_REPRESENTATION_CONTEXT(2) 
PARAMETRIC_REPRESENTATION_CONTEXT() REPRESENTATION_CONTEXT('2D SPACE',''
  ) );
#2169 = ORIENTED_EDGE('',*,*,#2170,.F.);
#2170 = EDGE_CURVE('',#422,#2147,#2171,.T.);
#2171 = SURFACE_CURVE('',#2172,(#2176,#2183),.PCURVE_S1.);
#2172 = LINE('',#2173,#2174);
#2173 = CARTESIAN_POINT('',(10.15,-43.5,106.));
#2174 = VECTOR('',#2175,1.);
#2175 = DIRECTION('',(0.,0.,1.));
#2176 = PCURVE('',#462,#2177);
#2177 = DEFINITIONAL_REPRESENTATION('',(#2178),#2182);
#2178 = LINE('',#2179,#2180);
#2179 = CARTESIAN_POINT('',(3.14159265359,0.));
#2180 = VECTOR('',#2181,1.);
#2181 = DIRECTION('',(0.,-1.));
#2182 = ( GEOMETRIC_REPRESENTATION_CONTEXT(2) 
PARAMETRIC_REPRESENTATION_CONTEXT() REPRESENTATION_CONTEXT('2D SPACE',''
  ) );
#2183 = PCURVE('',#436,#2184);
#2184 = DEFINITIONAL_REPRESENTATION('',(#2185),#2189);
#2185 = LINE('',#2186,#2187);
#2186 = CARTESIAN_POINT('',(0.,0.));
#2187 = VECTOR('',#2188,1.);
#2188 = DIRECTION('',(0.,-1.));
#2189 = ( GEOMETRIC_REPRESENTATION_CONTEXT(2) 
PARAMETRIC_REPRESENTATION_CONTEXT() REPRESENTATION_CONTEXT('2D SPACE',''
  ) );
#2190 = ADVANCED_FACE('',(#2191),#436,.F.);
#2191 = FACE_BOUND('',#2192,.F.);
#2192 = EDGE_LOOP('',(#2193,#2194,#2195,#2214));
#2193 = ORIENTED_EDGE('',*,*,#421,.F.);
#2194 = ORIENTED_EDGE('',*,*,#2170,.T.);
#2195 = ORIENTED_EDGE('',*,*,#2196,.F.);
#2196 = EDGE_CURVE('',#2096,#2147,#2197,.T.);
#2197 = SURFACE_CURVE('',#2198,(#2202,#2208),.PCURVE_S1.);
#2198 = LINE('',#2199,#2200);
#2199 = CARTESIAN_POINT('',(10.15,-44.25,117.));
#2200 = VECTOR('',#2201,1.);
#2201 = DIRECTION('',(1.110223024625E-16,1.,-0.));
#2202 = PCURVE('',#436,#2203);
#2203 = DEFINITIONAL_REPRESENTATION('',(#2204),#2207);
#2204 = B_SPLINE_CURVE_WITH_KNOTS('',1,(#2205,#2206),.UNSPECIFIED.,.F.,
  .F.,(2,2),(-2.25,0.75),.PIECEWISE_BEZIER_KNOTS.);
#2205 = CARTESIAN_POINT('',(3.,-11.));
#2206 = CARTESIAN_POINT('',(0.,-11.));
#2207 = ( GEOMETRIC_REPRESENTATION_CONTEXT(2) 
PARAMETRIC_REPRESENTATION_CONTEXT() REPRESENTATION_CONTEXT('2D SPACE',''
  ) );
#2208 = PCURVE('',#2059,#2209);
#2209 = DEFINITIONAL_REPRESENTATION('',(#2210),#2213);
#2210 = B_SPLINE_CURVE_WITH_KNOTS('',1,(#2211,#2212),.UNSPECIFIED.,.F.,
  .F.,(2,2),(-2.25,0.75),.PIECEWISE_BEZIER_KNOTS.);
#2211 = CARTESIAN_POINT('',(-2.15,-1.5));
#2212 = CARTESIAN_POINT('',(-2.15,1.5));
#2213 = ( GEOMETRIC_REPRESENTATION_CONTEXT(2) 
PARAMETRIC_REPRESENTATION_CONTEXT() REPRESENTATION_CONTEXT('2D SPACE',''
  ) );
#2214 = ORIENTED_EDGE('',*,*,#2095,.F.);
#2215 = ADVANCED_FACE('',(#2216),#493,.F.);
#2216 = FACE_BOUND('',#2217,.F.);
#2217 = EDGE_LOOP('',(#2218,#2219,#2242,#2268));
#2218 = ORIENTED_EDGE('',*,*,#476,.F.);
#2219 = ORIENTED_EDGE('',*,*,#2220,.T.);
#2220 = EDGE_CURVE('',#477,#2221,#2223,.T.);
#2221 = VERTEX_POINT('',#2222);
#2222 = CARTESIAN_POINT('',(23.85,-46.5,117.));
#2223 = SURFACE_CURVE('',#2224,(#2228,#2235),.PCURVE_S1.);
#2224 = LINE('',#2225,#2226);
#2225 = CARTESIAN_POINT('',(23.85,-46.5,106.));
#2226 = VECTOR('',#2227,1.);
#2227 = DIRECTION('',(0.,0.,1.));
#2228 = PCURVE('',#493,#2229);
#2229 = DEFINITIONAL_REPRESENTATION('',(#2230),#2234);
#2230 = LINE('',#2231,#2232);
#2231 = CARTESIAN_POINT('',(0.,0.));
#2232 = VECTOR('',#2233,1.);
#2233 = DIRECTION('',(0.,-1.));
#2234 = ( GEOMETRIC_REPRESENTATION_CONTEXT(2) 
PARAMETRIC_REPRESENTATION_CONTEXT() REPRESENTATION_CONTEXT('2D SPACE',''
  ) );
#2235 = PCURVE('',#521,#2236);
#2236 = DEFINITIONAL_REPRESENTATION('',(#2237),#2241);
#2237 = LINE('',#2238,#2239);
#2238 = CARTESIAN_POINT('',(3.14159265359,0.));
#2239 = VECTOR('',#2240,1.);
#2240 = DIRECTION('',(0.,-1.));
#2241 = ( GEOMETRIC_REPRESENTATION_CONTEXT(2) 
PARAMETRIC_REPRESENTATION_CONTEXT() REPRESENTATION_CONTEXT('2D SPACE',''
  ) );
#2242 = ORIENTED_EDGE('',*,*,#2243,.F.);
#2243 = EDGE_CURVE('',#2244,#2221,#2246,.T.);
#2244 = VERTEX_POINT('',#2245);
#2245 = CARTESIAN_POINT('',(23.85,-43.5,117.));
#2246 = SURFACE_CURVE('',#2247,(#2251,#2257),.PCURVE_S1.);
#2247 = LINE('',#2248,#2249);
#2248 = CARTESIAN_POINT('',(23.85,-45.75,117.));
#2249 = VECTOR('',#2250,1.);
#2250 = DIRECTION('',(-1.110223024625E-16,-1.,0.));
#2251 = PCURVE('',#493,#2252);
#2252 = DEFINITIONAL_REPRESENTATION('',(#2253),#2256);
#2253 = B_SPLINE_CURVE_WITH_KNOTS('',1,(#2254,#2255),.UNSPECIFIED.,.F.,
  .F.,(2,2),(-2.25,0.75),.PIECEWISE_BEZIER_KNOTS.);
#2254 = CARTESIAN_POINT('',(3.,-11.));
#2255 = CARTESIAN_POINT('',(0.,-11.));
#2256 = ( GEOMETRIC_REPRESENTATION_CONTEXT(2) 
PARAMETRIC_REPRESENTATION_CONTEXT() REPRESENTATION_CONTEXT('2D SPACE',''
  ) );
#2257 = PCURVE('',#2258,#2263);
#2258 = PLANE('',#2259);
#2259 = AXIS2_PLACEMENT_3D('',#2260,#2261,#2262);
#2260 = CARTESIAN_POINT('',(26.,-45.,117.));
#2261 = DIRECTION('',(-0.,-0.,-1.));
#2262 = DIRECTION('',(-1.,0.,0.));
#2263 = DEFINITIONAL_REPRESENTATION('',(#2264),#2267);
#2264 = B_SPLINE_CURVE_WITH_KNOTS('',1,(#2265,#2266),.UNSPECIFIED.,.F.,
  .F.,(2,2),(-2.25,0.75),.PIECEWISE_BEZIER_KNOTS.);
#2265 = CARTESIAN_POINT('',(2.15,1.5));
#2266 = CARTESIAN_POINT('',(2.15,-1.5));
#2267 = ( GEOMETRIC_REPRESENTATION_CONTEXT(2) 
PARAMETRIC_REPRESENTATION_CONTEXT() REPRESENTATION_CONTEXT('2D SPACE',''
  ) );
#2268 = ORIENTED_EDGE('',*,*,#2269,.F.);
#2269 = EDGE_CURVE('',#479,#2244,#2270,.T.);
#2270 = SURFACE_CURVE('',#2271,(#2275,#2282),.PCURVE_S1.);
#2271 = LINE('',#2272,#2273);
#2272 = CARTESIAN_POINT('',(23.85,-43.5,106.));
#2273 = VECTOR('',#2274,1.);
#2274 = DIRECTION('',(0.,0.,1.));
#2275 = PCURVE('',#493,#2276);
#2276 = DEFINITIONAL_REPRESENTATION('',(#2277),#2281);
#2277 = LINE('',#2278,#2279);
#2278 = CARTESIAN_POINT('',(3.,0.));
#2279 = VECTOR('',#2280,1.);
#2280 = DIRECTION('',(0.,-1.));
#2281 = ( GEOMETRIC_REPRESENTATION_CONTEXT(2) 
PARAMETRIC_REPRESENTATION_CONTEXT() REPRESENTATION_CONTEXT('2D SPACE',''
  ) );
#2282 = PCURVE('',#574,#2283);
#2283 = DEFINITIONAL_REPRESENTATION('',(#2284),#2288);
#2284 = LINE('',#2285,#2286);
#2285 = CARTESIAN_POINT('',(0.,0.));
#2286 = VECTOR('',#2287,1.);
#2287 = DIRECTION('',(0.,-1.));
#2288 = ( GEOMETRIC_REPRESENTATION_CONTEXT(2) 
PARAMETRIC_REPRESENTATION_CONTEXT() REPRESENTATION_CONTEXT('2D SPACE',''
  ) );
#2289 = ADVANCED_FACE('',(#2290),#574,.F.);
#2290 = FACE_BOUND('',#2291,.F.);
#2291 = EDGE_LOOP('',(#2292,#2293,#2294,#2318));
#2292 = ORIENTED_EDGE('',*,*,#559,.F.);
#2293 = ORIENTED_EDGE('',*,*,#2269,.T.);
#2294 = ORIENTED_EDGE('',*,*,#2295,.T.);
#2295 = EDGE_CURVE('',#2244,#2296,#2298,.T.);
#2296 = VERTEX_POINT('',#2297);
#2297 = CARTESIAN_POINT('',(28.15,-43.5,117.));
#2298 = SURFACE_CURVE('',#2299,(#2304,#2311),.PCURVE_S1.);
#2299 = CIRCLE('',#2300,2.15);
#2300 = AXIS2_PLACEMENT_3D('',#2301,#2302,#2303);
#2301 = CARTESIAN_POINT('',(26.,-43.5,117.));
#2302 = DIRECTION('',(0.,0.,-1.));
#2303 = DIRECTION('',(-1.,1.110223024625E-16,0.));
#2304 = PCURVE('',#574,#2305);
#2305 = DEFINITIONAL_REPRESENTATION('',(#2306),#2310);
#2306 = LINE('',#2307,#2308);
#2307 = CARTESIAN_POINT('',(0.,-11.));
#2308 = VECTOR('',#2309,1.);
#2309 = DIRECTION('',(1.,0.));
#2310 = ( GEOMETRIC_REPRESENTATION_CONTEXT(2) 
PARAMETRIC_REPRESENTATION_CONTEXT() REPRESENTATION_CONTEXT('2D SPACE',''
  ) );
#2311 = PCURVE('',#2258,#2312);
#2312 = DEFINITIONAL_REPRESENTATION('',(#2313),#2317);
#2313 = CIRCLE('',#2314,2.15);
#2314 = AXIS2_PLACEMENT_2D('',#2315,#2316);
#2315 = CARTESIAN_POINT('',(-3.552713678801E-15,1.5));
#2316 = DIRECTION('',(1.,1.110223024625E-16));
#2317 = ( GEOMETRIC_REPRESENTATION_CONTEXT(2) 
PARAMETRIC_REPRESENTATION_CONTEXT() REPRESENTATION_CONTEXT('2D SPACE',''
  ) );
#2318 = ORIENTED_EDGE('',*,*,#2319,.F.);
#2319 = EDGE_CURVE('',#534,#2296,#2320,.T.);
#2320 = SURFACE_CURVE('',#2321,(#2325,#2332),.PCURVE_S1.);
#2321 = LINE('',#2322,#2323);
#2322 = CARTESIAN_POINT('',(28.15,-43.5,106.));
#2323 = VECTOR('',#2324,1.);
#2324 = DIRECTION('',(0.,0.,1.));
#2325 = PCURVE('',#574,#2326);
#2326 = DEFINITIONAL_REPRESENTATION('',(#2327),#2331);
#2327 = LINE('',#2328,#2329);
#2328 = CARTESIAN_POINT('',(3.14159265359,0.));
#2329 = VECTOR('',#2330,1.);
#2330 = DIRECTION('',(0.,-1.));
#2331 = ( GEOMETRIC_REPRESENTATION_CONTEXT(2) 
PARAMETRIC_REPRESENTATION_CONTEXT() REPRESENTATION_CONTEXT('2D SPACE',''
  ) );
#2332 = PCURVE('',#548,#2333);
#2333 = DEFINITIONAL_REPRESENTATION('',(#2334),#2338);
#2334 = LINE('',#2335,#2336);
#2335 = CARTESIAN_POINT('',(0.,0.));
#2336 = VECTOR('',#2337,1.);
#2337 = DIRECTION('',(0.,-1.));
#2338 = ( GEOMETRIC_REPRESENTATION_CONTEXT(2) 
PARAMETRIC_REPRESENTATION_CONTEXT() REPRESENTATION_CONTEXT('2D SPACE',''
  ) );
#2339 = ADVANCED_FACE('',(#2340),#548,.F.);
#2340 = FACE_BOUND('',#2341,.F.);
#2341 = EDGE_LOOP('',(#2342,#2343,#2344,#2365));
#2342 = ORIENTED_EDGE('',*,*,#533,.F.);
#2343 = ORIENTED_EDGE('',*,*,#2319,.T.);
#2344 = ORIENTED_EDGE('',*,*,#2345,.F.);
#2345 = EDGE_CURVE('',#2346,#2296,#2348,.T.);
#2346 = VERTEX_POINT('',#2347);
#2347 = CARTESIAN_POINT('',(28.15,-46.5,117.));
#2348 = SURFACE_CURVE('',#2349,(#2353,#2359),.PCURVE_S1.);
#2349 = LINE('',#2350,#2351);
#2350 = CARTESIAN_POINT('',(28.15,-44.25,117.));
#2351 = VECTOR('',#2352,1.);
#2352 = DIRECTION('',(1.110223024625E-16,1.,-0.));
#2353 = PCURVE('',#548,#2354);
#2354 = DEFINITIONAL_REPRESENTATION('',(#2355),#2358);
#2355 = B_SPLINE_CURVE_WITH_KNOTS('',1,(#2356,#2357),.UNSPECIFIED.,.F.,
  .F.,(2,2),(-2.25,0.75),.PIECEWISE_BEZIER_KNOTS.);
#2356 = CARTESIAN_POINT('',(3.,-11.));
#2357 = CARTESIAN_POINT('',(0.,-11.));
#2358 = ( GEOMETRIC_REPRESENTATION_CONTEXT(2) 
PARAMETRIC_REPRESENTATION_CONTEXT() REPRESENTATION_CONTEXT('2D SPACE',''
  ) );
#2359 = PCURVE('',#2258,#2360);
#2360 = DEFINITIONAL_REPRESENTATION('',(#2361),#2364);
#2361 = B_SPLINE_CURVE_WITH_KNOTS('',1,(#2362,#2363),.UNSPECIFIED.,.F.,
  .F.,(2,2),(-2.25,0.75),.PIECEWISE_BEZIER_KNOTS.);
#2362 = CARTESIAN_POINT('',(-2.15,-1.5));
#2363 = CARTESIAN_POINT('',(-2.15,1.5));
#2364 = ( GEOMETRIC_REPRESENTATION_CONTEXT(2) 
PARAMETRIC_REPRESENTATION_CONTEXT() REPRESENTATION_CONTEXT('2D SPACE',''
  ) );
#2365 = ORIENTED_EDGE('',*,*,#2366,.F.);
#2366 = EDGE_CURVE('',#505,#2346,#2367,.T.);
#2367 = SURFACE_CURVE('',#2368,(#2372,#2379),.PCURVE_S1.);
#2368 = LINE('',#2369,#2370);
#2369 = CARTESIAN_POINT('',(28.15,-46.5,106.));
#2370 = VECTOR('',#2371,1.);
#2371 = DIRECTION('',(0.,0.,1.));
#2372 = PCURVE('',#548,#2373);
#2373 = DEFINITIONAL_REPRESENTATION('',(#2374),#2378);
#2374 = LINE('',#2375,#2376);
#2375 = CARTESIAN_POINT('',(3.,0.));
#2376 = VECTOR('',#2377,1.);
#2377 = DIRECTION('',(0.,-1.));
#2378 = ( GEOMETRIC_REPRESENTATION_CONTEXT(2) 
PARAMETRIC_REPRESENTATION_CONTEXT() REPRESENTATION_CONTEXT('2D SPACE',''
  ) );
#2379 = PCURVE('',#521,#2380);
#2380 = DEFINITIONAL_REPRESENTATION('',(#2381),#2385);
#2381 = LINE('',#2382,#2383);
#2382 = CARTESIAN_POINT('',(0.,0.));
#2383 = VECTOR('',#2384,1.);
#2384 = DIRECTION('',(0.,-1.));
#2385 = ( GEOMETRIC_REPRESENTATION_CONTEXT(2) 
PARAMETRIC_REPRESENTATION_CONTEXT() REPRESENTATION_CONTEXT('2D SPACE',''
  ) );
#2386 = ADVANCED_FACE('',(#2387),#521,.F.);
#2387 = FACE_BOUND('',#2388,.F.);
#2388 = EDGE_LOOP('',(#2389,#2390,#2391,#2413));
#2389 = ORIENTED_EDGE('',*,*,#504,.F.);
#2390 = ORIENTED_EDGE('',*,*,#2366,.T.);
#2391 = ORIENTED_EDGE('',*,*,#2392,.T.);
#2392 = EDGE_CURVE('',#2346,#2221,#2393,.T.);
#2393 = SURFACE_CURVE('',#2394,(#2399,#2406),.PCURVE_S1.);
#2394 = CIRCLE('',#2395,2.15);
#2395 = AXIS2_PLACEMENT_3D('',#2396,#2397,#2398);
#2396 = CARTESIAN_POINT('',(26.,-46.5,117.));
#2397 = DIRECTION('',(0.,-0.,-1.));
#2398 = DIRECTION('',(1.,-1.110223024625E-16,0.));
#2399 = PCURVE('',#521,#2400);
#2400 = DEFINITIONAL_REPRESENTATION('',(#2401),#2405);
#2401 = LINE('',#2402,#2403);
#2402 = CARTESIAN_POINT('',(0.,-11.));
#2403 = VECTOR('',#2404,1.);
#2404 = DIRECTION('',(1.,0.));
#2405 = ( GEOMETRIC_REPRESENTATION_CONTEXT(2) 
PARAMETRIC_REPRESENTATION_CONTEXT() REPRESENTATION_CONTEXT('2D SPACE',''
  ) );
#2406 = PCURVE('',#2258,#2407);
#2407 = DEFINITIONAL_REPRESENTATION('',(#2408),#2412);
#2408 = CIRCLE('',#2409,2.15);
#2409 = AXIS2_PLACEMENT_2D('',#2410,#2411);
#2410 = CARTESIAN_POINT('',(-3.552713678801E-15,-1.5));
#2411 = DIRECTION('',(-1.,-1.110223024625E-16));
#2412 = ( GEOMETRIC_REPRESENTATION_CONTEXT(2) 
PARAMETRIC_REPRESENTATION_CONTEXT() REPRESENTATION_CONTEXT('2D SPACE',''
  ) );
#2413 = ORIENTED_EDGE('',*,*,#2220,.F.);
#2414 = ADVANCED_FACE('',(#2415),#650,.T.);
#2415 = FACE_BOUND('',#2416,.T.);
#2416 = EDGE_LOOP('',(#2417,#2418,#2419,#2420));
#2417 = ORIENTED_EDGE('',*,*,#1325,.F.);
#2418 = ORIENTED_EDGE('',*,*,#636,.F.);
#2419 = ORIENTED_EDGE('',*,*,#858,.T.);
#2420 = ORIENTED_EDGE('',*,*,#2421,.T.);
#2421 = EDGE_CURVE('',#831,#1303,#2422,.T.);
#2422 = SURFACE_CURVE('',#2423,(#2427,#2433),.PCURVE_S1.);
#2423 = LINE('',#2424,#2425);
#2424 = CARTESIAN_POINT('',(-38.71287128712,-51.,117.));
#2425 = VECTOR('',#2426,1.);
#2426 = DIRECTION('',(0.,1.,-0.));
#2427 = PCURVE('',#650,#2428);
#2428 = DEFINITIONAL_REPRESENTATION('',(#2429),#2432);
#2429 = B_SPLINE_CURVE_WITH_KNOTS('',1,(#2430,#2431),.UNSPECIFIED.,.F.,
  .F.,(2,2),(0.,12.),.PIECEWISE_BEZIER_KNOTS.);
#2430 = CARTESIAN_POINT('',(1.287128712871,0.));
#2431 = CARTESIAN_POINT('',(1.287128712871,12.));
#2432 = ( GEOMETRIC_REPRESENTATION_CONTEXT(2) 
PARAMETRIC_REPRESENTATION_CONTEXT() REPRESENTATION_CONTEXT('2D SPACE',''
  ) );
#2433 = PCURVE('',#846,#2434);
#2434 = DEFINITIONAL_REPRESENTATION('',(#2435),#2438);
#2435 = B_SPLINE_CURVE_WITH_KNOTS('',1,(#2436,#2437),.UNSPECIFIED.,.F.,
  .F.,(2,2),(0.,12.),.PIECEWISE_BEZIER_KNOTS.);
#2436 = CARTESIAN_POINT('',(91.750702197797,0.));
#2437 = CARTESIAN_POINT('',(91.750702197797,-12.));
#2438 = ( GEOMETRIC_REPRESENTATION_CONTEXT(2) 
PARAMETRIC_REPRESENTATION_CONTEXT() REPRESENTATION_CONTEXT('2D SPACE',''
  ) );
#2439 = ADVANCED_FACE('',(#2440),#705,.T.);
#2440 = FACE_BOUND('',#2441,.T.);
#2441 = EDGE_LOOP('',(#2442,#2443,#2462,#2463));
#2442 = ORIENTED_EDGE('',*,*,#1182,.F.);
#2443 = ORIENTED_EDGE('',*,*,#2444,.T.);
#2444 = EDGE_CURVE('',#1183,#690,#2445,.T.);
#2445 = SURFACE_CURVE('',#2446,(#2450,#2456),.PCURVE_S1.);
#2446 = LINE('',#2447,#2448);
#2447 = CARTESIAN_POINT('',(38.712871287129,-51.,117.));
#2448 = VECTOR('',#2449,1.);
#2449 = DIRECTION('',(0.,-1.,0.));
#2450 = PCURVE('',#705,#2451);
#2451 = DEFINITIONAL_REPRESENTATION('',(#2452),#2455);
#2452 = B_SPLINE_CURVE_WITH_KNOTS('',1,(#2453,#2454),.UNSPECIFIED.,.F.,
  .F.,(2,2),(-12.,0.),.PIECEWISE_BEZIER_KNOTS.);
#2453 = CARTESIAN_POINT('',(78.712871287129,12.));
#2454 = CARTESIAN_POINT('',(78.712871287129,0.));
#2455 = ( GEOMETRIC_REPRESENTATION_CONTEXT(2) 
PARAMETRIC_REPRESENTATION_CONTEXT() REPRESENTATION_CONTEXT('2D SPACE',''
  ) );
#2456 = PCURVE('',#733,#2457);
#2457 = DEFINITIONAL_REPRESENTATION('',(#2458),#2461);
#2458 = B_SPLINE_CURVE_WITH_KNOTS('',1,(#2459,#2460),.UNSPECIFIED.,.F.,
  .F.,(2,2),(-12.,0.),.PIECEWISE_BEZIER_KNOTS.);
#2459 = CARTESIAN_POINT('',(10.082494747011,-12.));
#2460 = CARTESIAN_POINT('',(10.082494747011,0.));
#2461 = ( GEOMETRIC_REPRESENTATION_CONTEXT(2) 
PARAMETRIC_REPRESENTATION_CONTEXT() REPRESENTATION_CONTEXT('2D SPACE',''
  ) );
#2462 = ORIENTED_EDGE('',*,*,#689,.T.);
#2463 = ORIENTED_EDGE('',*,*,#1598,.T.);
#2464 = ADVANCED_FACE('',(#2465),#846,.T.);
#2465 = FACE_BOUND('',#2466,.T.);
#2466 = EDGE_LOOP('',(#2467,#2468,#2489,#2490));
#2467 = ORIENTED_EDGE('',*,*,#830,.F.);
#2468 = ORIENTED_EDGE('',*,*,#2469,.T.);
#2469 = EDGE_CURVE('',#803,#1280,#2470,.T.);
#2470 = SURFACE_CURVE('',#2471,(#2475,#2482),.PCURVE_S1.);
#2471 = LINE('',#2472,#2473);
#2472 = CARTESIAN_POINT('',(-27.,-51.,208.));
#2473 = VECTOR('',#2474,1.);
#2474 = DIRECTION('',(-0.,1.,-0.));
#2475 = PCURVE('',#846,#2476);
#2476 = DEFINITIONAL_REPRESENTATION('',(#2477),#2481);
#2477 = LINE('',#2478,#2479);
#2478 = CARTESIAN_POINT('',(0.,0.));
#2479 = VECTOR('',#2480,1.);
#2480 = DIRECTION('',(0.,-1.));
#2481 = ( GEOMETRIC_REPRESENTATION_CONTEXT(2) 
PARAMETRIC_REPRESENTATION_CONTEXT() REPRESENTATION_CONTEXT('2D SPACE',''
  ) );
#2482 = PCURVE('',#818,#2483);
#2483 = DEFINITIONAL_REPRESENTATION('',(#2484),#2488);
#2484 = LINE('',#2485,#2486);
#2485 = CARTESIAN_POINT('',(54.,0.));
#2486 = VECTOR('',#2487,1.);
#2487 = DIRECTION('',(0.,-1.));
#2488 = ( GEOMETRIC_REPRESENTATION_CONTEXT(2) 
PARAMETRIC_REPRESENTATION_CONTEXT() REPRESENTATION_CONTEXT('2D SPACE',''
  ) );
#2489 = ORIENTED_EDGE('',*,*,#1302,.T.);
#2490 = ORIENTED_EDGE('',*,*,#2421,.F.);
#2491 = ADVANCED_FACE('',(#2492),#733,.T.);
#2492 = FACE_BOUND('',#2493,.T.);
#2493 = EDGE_LOOP('',(#2494,#2495,#2496,#2497));
#2494 = ORIENTED_EDGE('',*,*,#717,.F.);
#2495 = ORIENTED_EDGE('',*,*,#2444,.F.);
#2496 = ORIENTED_EDGE('',*,*,#1205,.T.);
#2497 = ORIENTED_EDGE('',*,*,#2498,.F.);
#2498 = EDGE_CURVE('',#718,#1206,#2499,.T.);
#2499 = SURFACE_CURVE('',#2500,(#2504,#2511),.PCURVE_S1.);
#2500 = LINE('',#2501,#2502);
#2501 = CARTESIAN_POINT('',(27.,-51.,208.));
#2502 = VECTOR('',#2503,1.);
#2503 = DIRECTION('',(-0.,1.,-0.));
#2504 = PCURVE('',#733,#2505);
#2505 = DEFINITIONAL_REPRESENTATION('',(#2506),#2510);
#2506 = LINE('',#2507,#2508);
#2507 = CARTESIAN_POINT('',(101.8331969448,0.));
#2508 = VECTOR('',#2509,1.);
#2509 = DIRECTION('',(0.,-1.));
#2510 = ( GEOMETRIC_REPRESENTATION_CONTEXT(2) 
PARAMETRIC_REPRESENTATION_CONTEXT() REPRESENTATION_CONTEXT('2D SPACE',''
  ) );
#2511 = PCURVE('',#761,#2512);
#2512 = DEFINITIONAL_REPRESENTATION('',(#2513),#2517);
#2513 = LINE('',#2514,#2515);
#2514 = CARTESIAN_POINT('',(0.,0.));
#2515 = VECTOR('',#2516,1.);
#2516 = DIRECTION('',(0.,-1.));
#2517 = ( GEOMETRIC_REPRESENTATION_CONTEXT(2) 
PARAMETRIC_REPRESENTATION_CONTEXT() REPRESENTATION_CONTEXT('2D SPACE',''
  ) );
#2518 = ADVANCED_FACE('',(#2519),#818,.T.);
#2519 = FACE_BOUND('',#2520,.T.);
#2520 = EDGE_LOOP('',(#2521,#2522,#2541,#2542));
#2521 = ORIENTED_EDGE('',*,*,#802,.F.);
#2522 = ORIENTED_EDGE('',*,*,#2523,.T.);
#2523 = EDGE_CURVE('',#774,#1252,#2524,.T.);
#2524 = SURFACE_CURVE('',#2525,(#2529,#2535),.PCURVE_S1.);
#2525 = LINE('',#2526,#2527);
#2526 = CARTESIAN_POINT('',(-26.70205984563,-39.,208.));
#2527 = VECTOR('',#2528,1.);
#2528 = DIRECTION('',(-0.,1.,-0.));
#2529 = PCURVE('',#818,#2530);
#2530 = DEFINITIONAL_REPRESENTATION('',(#2531),#2534);
#2531 = B_SPLINE_CURVE_WITH_KNOTS('',1,(#2532,#2533),.UNSPECIFIED.,.F.,
  .F.,(2,2),(-12.0000006,5.999999999062E-07),.PIECEWISE_BEZIER_KNOTS.);
#2532 = CARTESIAN_POINT('',(53.702059845637,5.999999999062E-07));
#2533 = CARTESIAN_POINT('',(53.702059845637,-12.0000006));
#2534 = ( GEOMETRIC_REPRESENTATION_CONTEXT(2) 
PARAMETRIC_REPRESENTATION_CONTEXT() REPRESENTATION_CONTEXT('2D SPACE',''
  ) );
#2535 = PCURVE('',#790,#2536);
#2536 = DEFINITIONAL_REPRESENTATION('',(#2537),#2540);
#2537 = B_SPLINE_CURVE_WITH_KNOTS('',1,(#2538,#2539),.UNSPECIFIED.,.F.,
  .F.,(2,2),(-12.,0.),.PIECEWISE_BEZIER_KNOTS.);
#2538 = CARTESIAN_POINT('',(-9.573473455037,-12.));
#2539 = CARTESIAN_POINT('',(-9.573473455037,0.));
#2540 = ( GEOMETRIC_REPRESENTATION_CONTEXT(2) 
PARAMETRIC_REPRESENTATION_CONTEXT() REPRESENTATION_CONTEXT('2D SPACE',''
  ) );
#2541 = ORIENTED_EDGE('',*,*,#1279,.T.);
#2542 = ORIENTED_EDGE('',*,*,#2469,.F.);
#2543 = ADVANCED_FACE('',(#2544),#761,.T.);
#2544 = FACE_BOUND('',#2545,.T.);
#2545 = EDGE_LOOP('',(#2546,#2547,#2548,#2549));
#2546 = ORIENTED_EDGE('',*,*,#745,.F.);
#2547 = ORIENTED_EDGE('',*,*,#2498,.T.);
#2548 = ORIENTED_EDGE('',*,*,#1228,.T.);
#2549 = ORIENTED_EDGE('',*,*,#2550,.F.);
#2550 = EDGE_CURVE('',#746,#1229,#2551,.T.);
#2551 = SURFACE_CURVE('',#2552,(#2556,#2562),.PCURVE_S1.);
#2552 = LINE('',#2553,#2554);
#2553 = CARTESIAN_POINT('',(26.702059845637,-39.,208.));
#2554 = VECTOR('',#2555,1.);
#2555 = DIRECTION('',(-0.,1.,-0.));
#2556 = PCURVE('',#761,#2557);
#2557 = DEFINITIONAL_REPRESENTATION('',(#2558),#2561);
#2558 = B_SPLINE_CURVE_WITH_KNOTS('',1,(#2559,#2560),.UNSPECIFIED.,.F.,
  .F.,(2,2),(-12.0000006,5.999999999062E-07),.PIECEWISE_BEZIER_KNOTS.);
#2559 = CARTESIAN_POINT('',(0.297940154363,5.999999999062E-07));
#2560 = CARTESIAN_POINT('',(0.297940154363,-12.0000006));
#2561 = ( GEOMETRIC_REPRESENTATION_CONTEXT(2) 
PARAMETRIC_REPRESENTATION_CONTEXT() REPRESENTATION_CONTEXT('2D SPACE',''
  ) );
#2562 = PCURVE('',#790,#2563);
#2563 = DEFINITIONAL_REPRESENTATION('',(#2564),#2567);
#2564 = B_SPLINE_CURVE_WITH_KNOTS('',1,(#2565,#2566),.UNSPECIFIED.,.F.,
  .F.,(2,2),(-12.,0.),.PIECEWISE_BEZIER_KNOTS.);
#2565 = CARTESIAN_POINT('',(-6.134489812912,-12.));
#2566 = CARTESIAN_POINT('',(-6.134489812912,0.));
#2567 = ( GEOMETRIC_REPRESENTATION_CONTEXT(2) 
PARAMETRIC_REPRESENTATION_CONTEXT() REPRESENTATION_CONTEXT('2D SPACE',''
  ) );
#2568 = ADVANCED_FACE('',(#2569),#790,.T.);
#2569 = FACE_BOUND('',#2570,.F.);
#2570 = EDGE_LOOP('',(#2571,#2572,#2573,#2574));
#2571 = ORIENTED_EDGE('',*,*,#1251,.T.);
#2572 = ORIENTED_EDGE('',*,*,#2550,.F.);
#2573 = ORIENTED_EDGE('',*,*,#773,.T.);
#2574 = ORIENTED_EDGE('',*,*,#2523,.T.);
#2575 = ADVANCED_FACE('',(#2576),#903,.F.);
#2576 = FACE_BOUND('',#2577,.T.);
#2577 = EDGE_LOOP('',(#2578,#2611,#2632,#2633));
#2578 = ORIENTED_EDGE('',*,*,#2579,.T.);
#2579 = EDGE_CURVE('',#2580,#2580,#2582,.T.);
#2580 = VERTEX_POINT('',#2581);
#2581 = CARTESIAN_POINT('',(18.,-46.,212.));
#2582 = SURFACE_CURVE('',#2583,(#2588,#2595),.PCURVE_S1.);
#2583 = CIRCLE('',#2584,18.);
#2584 = AXIS2_PLACEMENT_3D('',#2585,#2586,#2587);
#2585 = CARTESIAN_POINT('',(0.,-46.,212.));
#2586 = DIRECTION('',(-0.,1.,0.));
#2587 = DIRECTION('',(1.,0.,0.));
#2588 = PCURVE('',#903,#2589);
#2589 = DEFINITIONAL_REPRESENTATION('',(#2590),#2594);
#2590 = LINE('',#2591,#2592);
#2591 = CARTESIAN_POINT('',(-6.28318530718,-8.));
#2592 = VECTOR('',#2593,1.);
#2593 = DIRECTION('',(1.,-0.));
#2594 = ( GEOMETRIC_REPRESENTATION_CONTEXT(2) 
PARAMETRIC_REPRESENTATION_CONTEXT() REPRESENTATION_CONTEXT('2D SPACE',''
  ) );
#2595 = PCURVE('',#2596,#2601);
#2596 = PLANE('',#2597);
#2597 = AXIS2_PLACEMENT_3D('',#2598,#2599,#2600);
#2598 = CARTESIAN_POINT('',(5.196922118915E-16,-46.,212.));
#2599 = DIRECTION('',(-0.,-1.,-0.));
#2600 = DIRECTION('',(0.,0.,-1.));
#2601 = DEFINITIONAL_REPRESENTATION('',(#2602),#2610);
#2602 = ( BOUNDED_CURVE() B_SPLINE_CURVE(2,(#2603,#2604,#2605,#2606,
#2607,#2608,#2609),.UNSPECIFIED.,.T.,.F.) B_SPLINE_CURVE_WITH_KNOTS((1,2
    ,2,2,2,1),(-2.094395102393,0.,2.094395102393,4.188790204786,
6.28318530718,8.377580409573),.UNSPECIFIED.) CURVE() 
GEOMETRIC_REPRESENTATION_ITEM() RATIONAL_B_SPLINE_CURVE((1.,0.5,1.,0.5,
1.,0.5,1.)) REPRESENTATION_ITEM('') );
#2603 = CARTESIAN_POINT('',(2.84217094304E-14,18.));
#2604 = CARTESIAN_POINT('',(31.17691453624,18.));
#2605 = CARTESIAN_POINT('',(15.58845726812,-9.));
#2606 = CARTESIAN_POINT('',(3.283043790733E-14,-36.));
#2607 = CARTESIAN_POINT('',(-15.58845726812,-9.));
#2608 = CARTESIAN_POINT('',(-31.17691453624,18.));
#2609 = CARTESIAN_POINT('',(2.84217094304E-14,18.));
#2610 = ( GEOMETRIC_REPRESENTATION_CONTEXT(2) 
PARAMETRIC_REPRESENTATION_CONTEXT() REPRESENTATION_CONTEXT('2D SPACE',''
  ) );
#2611 = ORIENTED_EDGE('',*,*,#2612,.T.);
#2612 = EDGE_CURVE('',#2580,#883,#2613,.T.);
#2613 = SEAM_CURVE('',#2614,(#2618,#2625),.PCURVE_S1.);
#2614 = LINE('',#2615,#2616);
#2615 = CARTESIAN_POINT('',(18.,-38.,212.));
#2616 = VECTOR('',#2617,1.);
#2617 = DIRECTION('',(0.,-1.,0.));
#2618 = PCURVE('',#903,#2619);
#2619 = DEFINITIONAL_REPRESENTATION('',(#2620),#2624);
#2620 = LINE('',#2621,#2622);
#2621 = CARTESIAN_POINT('',(-6.28318530718,0.));
#2622 = VECTOR('',#2623,1.);
#2623 = DIRECTION('',(-0.,-1.));
#2624 = ( GEOMETRIC_REPRESENTATION_CONTEXT(2) 
PARAMETRIC_REPRESENTATION_CONTEXT() REPRESENTATION_CONTEXT('2D SPACE',''
  ) );
#2625 = PCURVE('',#903,#2626);
#2626 = DEFINITIONAL_REPRESENTATION('',(#2627),#2631);
#2627 = LINE('',#2628,#2629);
#2628 = CARTESIAN_POINT('',(-0.,0.));
#2629 = VECTOR('',#2630,1.);
#2630 = DIRECTION('',(-0.,-1.));
#2631 = ( GEOMETRIC_REPRESENTATION_CONTEXT(2) 
PARAMETRIC_REPRESENTATION_CONTEXT() REPRESENTATION_CONTEXT('2D SPACE',''
  ) );
#2632 = ORIENTED_EDGE('',*,*,#882,.F.);
#2633 = ORIENTED_EDGE('',*,*,#2612,.F.);
#2634 = ADVANCED_FACE('',(#2635),#934,.F.);
#2635 = FACE_BOUND('',#2636,.F.);
#2636 = EDGE_LOOP('',(#2637,#2638,#2659,#2660));
#2637 = ORIENTED_EDGE('',*,*,#1384,.T.);
#2638 = ORIENTED_EDGE('',*,*,#2639,.T.);
#2639 = EDGE_CURVE('',#1387,#920,#2640,.T.);
#2640 = SURFACE_CURVE('',#2641,(#2645,#2652),.PCURVE_S1.);
#2641 = LINE('',#2642,#2643);
#2642 = CARTESIAN_POINT('',(-6.5,-38.,171.5));
#2643 = VECTOR('',#2644,1.);
#2644 = DIRECTION('',(0.,-1.,0.));
#2645 = PCURVE('',#934,#2646);
#2646 = DEFINITIONAL_REPRESENTATION('',(#2647),#2651);
#2647 = LINE('',#2648,#2649);
#2648 = CARTESIAN_POINT('',(0.,0.));
#2649 = VECTOR('',#2650,1.);
#2650 = DIRECTION('',(0.,-1.));
#2651 = ( GEOMETRIC_REPRESENTATION_CONTEXT(2) 
PARAMETRIC_REPRESENTATION_CONTEXT() REPRESENTATION_CONTEXT('2D SPACE',''
  ) );
#2652 = PCURVE('',#1023,#2653);
#2653 = DEFINITIONAL_REPRESENTATION('',(#2654),#2658);
#2654 = LINE('',#2655,#2656);
#2655 = CARTESIAN_POINT('',(3.14159265359,0.));
#2656 = VECTOR('',#2657,1.);
#2657 = DIRECTION('',(0.,-1.));
#2658 = ( GEOMETRIC_REPRESENTATION_CONTEXT(2) 
PARAMETRIC_REPRESENTATION_CONTEXT() REPRESENTATION_CONTEXT('2D SPACE',''
  ) );
#2659 = ORIENTED_EDGE('',*,*,#917,.F.);
#2660 = ORIENTED_EDGE('',*,*,#2661,.F.);
#2661 = EDGE_CURVE('',#1385,#918,#2662,.T.);
#2662 = SURFACE_CURVE('',#2663,(#2667,#2674),.PCURVE_S1.);
#2663 = LINE('',#2664,#2665);
#2664 = CARTESIAN_POINT('',(-6.5,-38.,182.5));
#2665 = VECTOR('',#2666,1.);
#2666 = DIRECTION('',(0.,-1.,0.));
#2667 = PCURVE('',#934,#2668);
#2668 = DEFINITIONAL_REPRESENTATION('',(#2669),#2673);
#2669 = LINE('',#2670,#2671);
#2670 = CARTESIAN_POINT('',(11.,0.));
#2671 = VECTOR('',#2672,1.);
#2672 = DIRECTION('',(0.,-1.));
#2673 = ( GEOMETRIC_REPRESENTATION_CONTEXT(2) 
PARAMETRIC_REPRESENTATION_CONTEXT() REPRESENTATION_CONTEXT('2D SPACE',''
  ) );
#2674 = PCURVE('',#966,#2675);
#2675 = DEFINITIONAL_REPRESENTATION('',(#2676),#2680);
#2676 = LINE('',#2677,#2678);
#2677 = CARTESIAN_POINT('',(0.,0.));
#2678 = VECTOR('',#2679,1.);
#2679 = DIRECTION('',(0.,-1.));
#2680 = ( GEOMETRIC_REPRESENTATION_CONTEXT(2) 
PARAMETRIC_REPRESENTATION_CONTEXT() REPRESENTATION_CONTEXT('2D SPACE',''
  ) );
#2681 = ADVANCED_FACE('',(#2682),#1023,.F.);
#2682 = FACE_BOUND('',#2683,.F.);
#2683 = EDGE_LOOP('',(#2684,#2685,#2706,#2707));
#2684 = ORIENTED_EDGE('',*,*,#1456,.F.);
#2685 = ORIENTED_EDGE('',*,*,#2686,.T.);
#2686 = EDGE_CURVE('',#1436,#979,#2687,.T.);
#2687 = SURFACE_CURVE('',#2688,(#2692,#2699),.PCURVE_S1.);
#2688 = LINE('',#2689,#2690);
#2689 = CARTESIAN_POINT('',(6.5,-38.,171.5));
#2690 = VECTOR('',#2691,1.);
#2691 = DIRECTION('',(0.,-1.,0.));
#2692 = PCURVE('',#1023,#2693);
#2693 = DEFINITIONAL_REPRESENTATION('',(#2694),#2698);
#2694 = LINE('',#2695,#2696);
#2695 = CARTESIAN_POINT('',(0.,0.));
#2696 = VECTOR('',#2697,1.);
#2697 = DIRECTION('',(0.,-1.));
#2698 = ( GEOMETRIC_REPRESENTATION_CONTEXT(2) 
PARAMETRIC_REPRESENTATION_CONTEXT() REPRESENTATION_CONTEXT('2D SPACE',''
  ) );
#2699 = PCURVE('',#993,#2700);
#2700 = DEFINITIONAL_REPRESENTATION('',(#2701),#2705);
#2701 = LINE('',#2702,#2703);
#2702 = CARTESIAN_POINT('',(11.,0.));
#2703 = VECTOR('',#2704,1.);
#2704 = DIRECTION('',(0.,-1.));
#2705 = ( GEOMETRIC_REPRESENTATION_CONTEXT(2) 
PARAMETRIC_REPRESENTATION_CONTEXT() REPRESENTATION_CONTEXT('2D SPACE',''
  ) );
#2706 = ORIENTED_EDGE('',*,*,#1004,.T.);
#2707 = ORIENTED_EDGE('',*,*,#2639,.F.);
#2708 = ADVANCED_FACE('',(#2709),#993,.F.);
#2709 = FACE_BOUND('',#2710,.F.);
#2710 = EDGE_LOOP('',(#2711,#2712,#2733,#2734));
#2711 = ORIENTED_EDGE('',*,*,#1435,.T.);
#2712 = ORIENTED_EDGE('',*,*,#2713,.T.);
#2713 = EDGE_CURVE('',#1408,#946,#2714,.T.);
#2714 = SURFACE_CURVE('',#2715,(#2719,#2726),.PCURVE_S1.);
#2715 = LINE('',#2716,#2717);
#2716 = CARTESIAN_POINT('',(6.5,-38.,182.5));
#2717 = VECTOR('',#2718,1.);
#2718 = DIRECTION('',(0.,-1.,0.));
#2719 = PCURVE('',#993,#2720);
#2720 = DEFINITIONAL_REPRESENTATION('',(#2721),#2725);
#2721 = LINE('',#2722,#2723);
#2722 = CARTESIAN_POINT('',(-0.,0.));
#2723 = VECTOR('',#2724,1.);
#2724 = DIRECTION('',(0.,-1.));
#2725 = ( GEOMETRIC_REPRESENTATION_CONTEXT(2) 
PARAMETRIC_REPRESENTATION_CONTEXT() REPRESENTATION_CONTEXT('2D SPACE',''
  ) );
#2726 = PCURVE('',#966,#2727);
#2727 = DEFINITIONAL_REPRESENTATION('',(#2728),#2732);
#2728 = LINE('',#2729,#2730);
#2729 = CARTESIAN_POINT('',(3.14159265359,0.));
#2730 = VECTOR('',#2731,1.);
#2731 = DIRECTION('',(0.,-1.));
#2732 = ( GEOMETRIC_REPRESENTATION_CONTEXT(2) 
PARAMETRIC_REPRESENTATION_CONTEXT() REPRESENTATION_CONTEXT('2D SPACE',''
  ) );
#2733 = ORIENTED_EDGE('',*,*,#978,.F.);
#2734 = ORIENTED_EDGE('',*,*,#2686,.F.);
#2735 = ADVANCED_FACE('',(#2736),#966,.F.);
#2736 = FACE_BOUND('',#2737,.F.);
#2737 = EDGE_LOOP('',(#2738,#2739,#2740,#2741));
#2738 = ORIENTED_EDGE('',*,*,#1407,.F.);
#2739 = ORIENTED_EDGE('',*,*,#2661,.T.);
#2740 = ORIENTED_EDGE('',*,*,#945,.T.);
#2741 = ORIENTED_EDGE('',*,*,#2713,.F.);
#2742 = ADVANCED_FACE('',(#2743),#1054,.F.);
#2743 = FACE_BOUND('',#2744,.F.);
#2744 = EDGE_LOOP('',(#2745,#2773,#2794,#2795));
#2745 = ORIENTED_EDGE('',*,*,#2746,.T.);
#2746 = EDGE_CURVE('',#2747,#2749,#2751,.T.);
#2747 = VERTEX_POINT('',#2748);
#2748 = CARTESIAN_POINT('',(-6.5,-50.42300904918,148.5));
#2749 = VERTEX_POINT('',#2750);
#2750 = CARTESIAN_POINT('',(-6.5,-50.42300904918,137.5));
#2751 = SURFACE_CURVE('',#2752,(#2756,#2762),.PCURVE_S1.);
#2752 = LINE('',#2753,#2754);
#2753 = CARTESIAN_POINT('',(-6.5,-50.42300904918,117.));
#2754 = VECTOR('',#2755,1.);
#2755 = DIRECTION('',(-0.,0.,-1.));
#2756 = PCURVE('',#1054,#2757);
#2757 = DEFINITIONAL_REPRESENTATION('',(#2758),#2761);
#2758 = B_SPLINE_CURVE_WITH_KNOTS('',1,(#2759,#2760),.UNSPECIFIED.,.F.,
  .F.,(2,2),(-32.6,-19.4),.PIECEWISE_BEZIER_KNOTS.);
#2759 = CARTESIAN_POINT('',(12.1,-12.42300904918));
#2760 = CARTESIAN_POINT('',(-1.1,-12.42300904918));
#2761 = ( GEOMETRIC_REPRESENTATION_CONTEXT(2) 
PARAMETRIC_REPRESENTATION_CONTEXT() REPRESENTATION_CONTEXT('2D SPACE',''
  ) );
#2762 = PCURVE('',#2763,#2768);
#2763 = CYLINDRICAL_SURFACE('',#2764,4.2);
#2764 = AXIS2_PLACEMENT_3D('',#2765,#2766,#2767);
#2765 = CARTESIAN_POINT('',(-8.,-46.5,117.));
#2766 = DIRECTION('',(-0.,0.,-1.));
#2767 = DIRECTION('',(1.,-2.167578286173E-16,-0.));
#2768 = DEFINITIONAL_REPRESENTATION('',(#2769),#2772);
#2769 = B_SPLINE_CURVE_WITH_KNOTS('',1,(#2770,#2771),.UNSPECIFIED.,.F.,
  .F.,(2,2),(-32.6,-19.4),.PIECEWISE_BEZIER_KNOTS.);
#2770 = CARTESIAN_POINT('',(1.205589105505,-32.6));
#2771 = CARTESIAN_POINT('',(1.205589105505,-19.4));
#2772 = ( GEOMETRIC_REPRESENTATION_CONTEXT(2) 
PARAMETRIC_REPRESENTATION_CONTEXT() REPRESENTATION_CONTEXT('2D SPACE',''
  ) );
#2773 = ORIENTED_EDGE('',*,*,#2774,.T.);
#2774 = EDGE_CURVE('',#2749,#1040,#2775,.T.);
#2775 = SURFACE_CURVE('',#2776,(#2780,#2787),.PCURVE_S1.);
#2776 = LINE('',#2777,#2778);
#2777 = CARTESIAN_POINT('',(-6.5,-38.,137.5));
#2778 = VECTOR('',#2779,1.);
#2779 = DIRECTION('',(0.,-1.,0.));
#2780 = PCURVE('',#1054,#2781);
#2781 = DEFINITIONAL_REPRESENTATION('',(#2782),#2786);
#2782 = LINE('',#2783,#2784);
#2783 = CARTESIAN_POINT('',(0.,0.));
#2784 = VECTOR('',#2785,1.);
#2785 = DIRECTION('',(0.,-1.));
#2786 = ( GEOMETRIC_REPRESENTATION_CONTEXT(2) 
PARAMETRIC_REPRESENTATION_CONTEXT() REPRESENTATION_CONTEXT('2D SPACE',''
  ) );
#2787 = PCURVE('',#1143,#2788);
#2788 = DEFINITIONAL_REPRESENTATION('',(#2789),#2793);
#2789 = LINE('',#2790,#2791);
#2790 = CARTESIAN_POINT('',(3.14159265359,0.));
#2791 = VECTOR('',#2792,1.);
#2792 = DIRECTION('',(0.,-1.));
#2793 = ( GEOMETRIC_REPRESENTATION_CONTEXT(2) 
PARAMETRIC_REPRESENTATION_CONTEXT() REPRESENTATION_CONTEXT('2D SPACE',''
  ) );
#2794 = ORIENTED_EDGE('',*,*,#1037,.F.);
#2795 = ORIENTED_EDGE('',*,*,#2796,.F.);
#2796 = EDGE_CURVE('',#2747,#1038,#2797,.T.);
#2797 = SURFACE_CURVE('',#2798,(#2802,#2809),.PCURVE_S1.);
#2798 = LINE('',#2799,#2800);
#2799 = CARTESIAN_POINT('',(-6.5,-38.,148.5));
#2800 = VECTOR('',#2801,1.);
#2801 = DIRECTION('',(0.,-1.,0.));
#2802 = PCURVE('',#1054,#2803);
#2803 = DEFINITIONAL_REPRESENTATION('',(#2804),#2808);
#2804 = LINE('',#2805,#2806);
#2805 = CARTESIAN_POINT('',(11.,0.));
#2806 = VECTOR('',#2807,1.);
#2807 = DIRECTION('',(0.,-1.));
#2808 = ( GEOMETRIC_REPRESENTATION_CONTEXT(2) 
PARAMETRIC_REPRESENTATION_CONTEXT() REPRESENTATION_CONTEXT('2D SPACE',''
  ) );
#2809 = PCURVE('',#1086,#2810);
#2810 = DEFINITIONAL_REPRESENTATION('',(#2811),#2815);
#2811 = LINE('',#2812,#2813);
#2812 = CARTESIAN_POINT('',(0.,0.));
#2813 = VECTOR('',#2814,1.);
#2814 = DIRECTION('',(0.,-1.));
#2815 = ( GEOMETRIC_REPRESENTATION_CONTEXT(2) 
PARAMETRIC_REPRESENTATION_CONTEXT() REPRESENTATION_CONTEXT('2D SPACE',''
  ) );
#2816 = ADVANCED_FACE('',(#2817),#1086,.F.);
#2817 = FACE_BOUND('',#2818,.F.);
#2818 = EDGE_LOOP('',(#2819,#2820,#2843,#2994,#3020,#3164,#3165,#3166,
    #3189,#3340,#3366,#3517));
#2819 = ORIENTED_EDGE('',*,*,#1512,.F.);
#2820 = ORIENTED_EDGE('',*,*,#2821,.T.);
#2821 = EDGE_CURVE('',#1485,#2822,#2824,.T.);
#2822 = VERTEX_POINT('',#2823);
#2823 = CARTESIAN_POINT('',(-6.5,-39.57699095081,148.5));
#2824 = SURFACE_CURVE('',#2825,(#2829,#2836),.PCURVE_S1.);
#2825 = LINE('',#2826,#2827);
#2826 = CARTESIAN_POINT('',(-6.5,-38.,148.5));
#2827 = VECTOR('',#2828,1.);
#2828 = DIRECTION('',(0.,-1.,0.));
#2829 = PCURVE('',#1086,#2830);
#2830 = DEFINITIONAL_REPRESENTATION('',(#2831),#2835);
#2831 = LINE('',#2832,#2833);
#2832 = CARTESIAN_POINT('',(0.,0.));
#2833 = VECTOR('',#2834,1.);
#2834 = DIRECTION('',(0.,-1.));
#2835 = ( GEOMETRIC_REPRESENTATION_CONTEXT(2) 
PARAMETRIC_REPRESENTATION_CONTEXT() REPRESENTATION_CONTEXT('2D SPACE',''
  ) );
#2836 = PCURVE('',#1501,#2837);
#2837 = DEFINITIONAL_REPRESENTATION('',(#2838),#2842);
#2838 = LINE('',#2839,#2840);
#2839 = CARTESIAN_POINT('',(11.,0.));
#2840 = VECTOR('',#2841,1.);
#2841 = DIRECTION('',(0.,-1.));
#2842 = ( GEOMETRIC_REPRESENTATION_CONTEXT(2) 
PARAMETRIC_REPRESENTATION_CONTEXT() REPRESENTATION_CONTEXT('2D SPACE',''
  ) );
#2843 = ORIENTED_EDGE('',*,*,#2844,.T.);
#2844 = EDGE_CURVE('',#2822,#2845,#2847,.T.);
#2845 = VERTEX_POINT('',#2846);
#2846 = CARTESIAN_POINT('',(-3.8,-43.5,153.77351874937));
#2847 = SURFACE_CURVE('',#2848,(#2893,#2941),.PCURVE_S1.);
#2848 = B_SPLINE_CURVE_WITH_KNOTS('',8,(#2849,#2850,#2851,#2852,#2853,
    #2854,#2855,#2856,#2857,#2858,#2859,#2860,#2861,#2862,#2863,#2864,
    #2865,#2866,#2867,#2868,#2869,#2870,#2871,#2872,#2873,#2874,#2875,
    #2876,#2877,#2878,#2879,#2880,#2881,#2882,#2883,#2884,#2885,#2886,
    #2887,#2888,#2889,#2890,#2891,#2892),.UNSPECIFIED.,.F.,.F.,(9,7,7,7,
    7,7,9),(0.,0.403528176799,0.540061845069,0.643893388918,
    0.743227073398,0.800862869285,1.),.UNSPECIFIED.);
#2849 = CARTESIAN_POINT('',(-6.5,-39.57699095081,148.5));
#2850 = CARTESIAN_POINT('',(-6.5,-39.57699095081,148.89920368021));
#2851 = CARTESIAN_POINT('',(-6.471980136438,-39.58770481026,
    149.2992129756));
#2852 = CARTESIAN_POINT('',(-6.415741685949,-39.60920699487,
    149.69812246807));
#2853 = CARTESIAN_POINT('',(-6.331161689537,-39.64283477149,
    150.09389130072));
#2854 = CARTESIAN_POINT('',(-6.218245104832,-39.69118668065,
    150.48411444776));
#2855 = CARTESIAN_POINT('',(-6.077435676951,-39.75831707777,
    150.86594226879));
#2856 = CARTESIAN_POINT('',(-5.90985793258,-39.84988366462,
    151.23602981862));
#2857 = CARTESIAN_POINT('',(-5.653523496888,-40.01574886857,
    151.71033486908));
#2858 = CARTESIAN_POINT('',(-5.586017627989,-40.06136046116,
    151.82837295475));
#2859 = CARTESIAN_POINT('',(-5.51605771304,-40.11086485789,
    151.9441461558));
#2860 = CARTESIAN_POINT('',(-5.443925744308,-40.16447319428,
    152.05730710337));
#2861 = CARTESIAN_POINT('',(-5.369935095757,-40.2223907397,
    152.16755079788));
#2862 = CARTESIAN_POINT('',(-5.294427526092,-40.28481368389,
    152.27461099285));
#2863 = CARTESIAN_POINT('',(-5.217770181804,-40.35192592354,
    152.37825657872));
#2864 = CARTESIAN_POINT('',(-5.081477839736,-40.47862775887,
    152.55436014407));
#2865 = CARTESIAN_POINT('',(-5.022205469778,-40.53612989936,
    152.62828799517));
#2866 = CARTESIAN_POINT('',(-4.962762836569,-40.59641897806,
    152.69991783359));
#2867 = CARTESIAN_POINT('',(-4.903384952122,-40.65949207887,
    152.76912045596));
#2868 = CARTESIAN_POINT('',(-4.844310629824,-40.72532582919,
    152.83579000865));
#2869 = CARTESIAN_POINT('',(-4.785778620028,-40.79387556738,
    152.89984285465));
#2870 = CARTESIAN_POINT('',(-4.728023745636,-40.8650745102,
    152.96121644039));
#2871 = CARTESIAN_POINT('',(-4.616980703131,-41.00939620342,
    153.07597916174));
#2872 = CARTESIAN_POINT('',(-4.56363558889,-41.08226550102,
    153.12956981316));
#2873 = CARTESIAN_POINT('',(-4.511425412696,-41.15737080193,
    153.18061672667));
#2874 = CARTESIAN_POINT('',(-4.460533421237,-41.23462339968,
    153.22910855158));
#2875 = CARTESIAN_POINT('',(-4.411135786871,-41.3139156315,
    153.27504498843));
#2876 = CARTESIAN_POINT('',(-4.363399004331,-41.39512061731,
    153.31843580076));
#2877 = CARTESIAN_POINT('',(-4.317477287429,-41.4780919987,
    153.35929982683));
#2878 = CARTESIAN_POINT('',(-4.247999066911,-41.6117342029,
    153.41992380354));
#2879 = CARTESIAN_POINT('',(-4.223141952985,-41.66135140099,
    153.44134556204));
#2880 = CARTESIAN_POINT('',(-4.198961134117,-41.71149319541,
    153.46193868275));
#2881 = CARTESIAN_POINT('',(-4.17547786844,-41.76213628391,
    153.48171265509));
#2882 = CARTESIAN_POINT('',(-4.15271216209,-41.81325613877,
    153.50067704195));
#2883 = CARTESIAN_POINT('',(-4.130682769209,-41.86482700679,
    153.51884147974));
#2884 = CARTESIAN_POINT('',(-4.109407191938,-41.91682190933,
    153.53621567837));
#2885 = CARTESIAN_POINT('',(-4.018053197043,-42.15022758395,
    153.61014237382));
#2886 = CARTESIAN_POINT('',(-3.956501237848,-42.33570062589,
    153.65807364377));
#2887 = CARTESIAN_POINT('',(-3.904677551571,-42.52491591189,
    153.69720114028));
#2888 = CARTESIAN_POINT('',(-3.862918876837,-42.71712059893,
    153.7280035486));
#2889 = CARTESIAN_POINT('',(-3.831468480948,-42.91153402039,
    153.7508433466));
#2890 = CARTESIAN_POINT('',(-3.81047663138,-43.10735702432,
    153.76596934474));
#2891 = CARTESIAN_POINT('',(-3.8,-43.30378148673,153.77351874937));
#2892 = CARTESIAN_POINT('',(-3.8,-43.5,153.77351874937));
#2893 = PCURVE('',#1086,#2894);
#2894 = DEFINITIONAL_REPRESENTATION('',(#2895),#2940);
#2895 = B_SPLINE_CURVE_WITH_KNOTS('',8,(#2896,#2897,#2898,#2899,#2900,
    #2901,#2902,#2903,#2904,#2905,#2906,#2907,#2908,#2909,#2910,#2911,
    #2912,#2913,#2914,#2915,#2916,#2917,#2918,#2919,#2920,#2921,#2922,
    #2923,#2924,#2925,#2926,#2927,#2928,#2929,#2930,#2931,#2932,#2933,
    #2934,#2935,#2936,#2937,#2938,#2939),.UNSPECIFIED.,.F.,.F.,(9,7,7,7,
    7,7,9),(0.,0.403528176799,0.540061845069,0.643893388918,
    0.743227073398,0.800862869285,1.),.UNSPECIFIED.);
#2896 = CARTESIAN_POINT('',(0.,-1.576990950813));
#2897 = CARTESIAN_POINT('',(6.14159508026E-02,-1.576990950813));
#2898 = CARTESIAN_POINT('',(0.122955814989,-1.587704810269));
#2899 = CARTESIAN_POINT('',(0.184679665752,-1.609206994873));
#2900 = CARTESIAN_POINT('',(0.246631687693,-1.642834771494));
#2901 = CARTESIAN_POINT('',(0.308811977713,-1.691186680656));
#2902 = CARTESIAN_POINT('',(0.371152992946,-1.758317077774));
#2903 = CARTESIAN_POINT('',(0.433500155638,-1.849883664629));
#2904 = CARTESIAN_POINT('',(0.516444868645,-2.015748868571));
#2905 = CARTESIAN_POINT('',(0.537358498266,-2.061360461167));
#2906 = CARTESIAN_POINT('',(0.558159216474,-2.110864857898));
#2907 = CARTESIAN_POINT('',(0.578793034183,-2.164473194286));
#2908 = CARTESIAN_POINT('',(0.59920829736,-2.2223907397));
#2909 = CARTESIAN_POINT('',(0.619354820266,-2.284813683893));
#2910 = CARTESIAN_POINT('',(0.639183018706,-2.351925923549));
#2911 = CARTESIAN_POINT('',(0.673442062599,-2.478627758874));
#2912 = CARTESIAN_POINT('',(0.688017610891,-2.53612989936));
#2913 = CARTESIAN_POINT('',(0.702334586593,-2.596418978067));
#2914 = CARTESIAN_POINT('',(0.716359404482,-2.659492078875));
#2915 = CARTESIAN_POINT('',(0.730060143428,-2.725325829191));
#2916 = CARTESIAN_POINT('',(0.743406694149,-2.79387556738));
#2917 = CARTESIAN_POINT('',(0.756370906963,-2.865074510203));
#2918 = CARTESIAN_POINT('',(0.780938668347,-3.009396203421));
#2919 = CARTESIAN_POINT('',(0.792570598549,-3.082265501028));
#2920 = CARTESIAN_POINT('',(0.803802533358,-3.157370801934));
#2921 = CARTESIAN_POINT('',(0.81461552938,-3.234623399685));
#2922 = CARTESIAN_POINT('',(0.82499193455,-3.313915631509));
#2923 = CARTESIAN_POINT('',(0.83491562607,-3.395120617317));
#2924 = CARTESIAN_POINT('',(0.844372248341,-3.478091998703));
#2925 = CARTESIAN_POINT('',(0.858558239997,-3.611734202906));
#2926 = CARTESIAN_POINT('',(0.863606480521,-3.66135140099));
#2927 = CARTESIAN_POINT('',(0.868492717992,-3.711493195412));
#2928 = CARTESIAN_POINT('',(0.873215607498,-3.762136283914));
#2929 = CARTESIAN_POINT('',(0.877773913682,-3.813256138773));
#2930 = CARTESIAN_POINT('',(0.882166510744,-3.864827006799));
#2931 = CARTESIAN_POINT('',(0.886392382442,-3.916821909337));
#2932 = CARTESIAN_POINT('',(0.904472224225,-4.15022758395));
#2933 = CARTESIAN_POINT('',(0.916472145119,-4.335700625893));
#2934 = CARTESIAN_POINT('',(0.92646080554,-4.524915911892));
#2935 = CARTESIAN_POINT('',(0.934443396645,-4.717120598932));
#2936 = CARTESIAN_POINT('',(0.940423173526,-4.911534020394));
#2937 = CARTESIAN_POINT('',(0.944403753166,-5.107357024323));
#2938 = CARTESIAN_POINT('',(0.946390416821,-5.303781486737));
#2939 = CARTESIAN_POINT('',(0.946390416821,-5.5));
#2940 = ( GEOMETRIC_REPRESENTATION_CONTEXT(2) 
PARAMETRIC_REPRESENTATION_CONTEXT() REPRESENTATION_CONTEXT('2D SPACE',''
  ) );
#2941 = PCURVE('',#2942,#2947);
#2942 = CYLINDRICAL_SURFACE('',#2943,4.2);
#2943 = AXIS2_PLACEMENT_3D('',#2944,#2945,#2946);
#2944 = CARTESIAN_POINT('',(-8.,-43.5,117.));
#2945 = DIRECTION('',(0.,0.,-1.));
#2946 = DIRECTION('',(-1.,2.167578286173E-16,0.));
#2947 = DEFINITIONAL_REPRESENTATION('',(#2948),#2993);
#2948 = B_SPLINE_CURVE_WITH_KNOTS('',8,(#2949,#2950,#2951,#2952,#2953,
    #2954,#2955,#2956,#2957,#2958,#2959,#2960,#2961,#2962,#2963,#2964,
    #2965,#2966,#2967,#2968,#2969,#2970,#2971,#2972,#2973,#2974,#2975,
    #2976,#2977,#2978,#2979,#2980,#2981,#2982,#2983,#2984,#2985,#2986,
    #2987,#2988,#2989,#2990,#2991,#2992),.UNSPECIFIED.,.F.,.F.,(9,7,7,7,
    7,7,9),(0.,0.403528176799,0.540061845069,0.643893388918,
    0.743227073398,0.800862869285,1.),.UNSPECIFIED.);
#2949 = CARTESIAN_POINT('',(1.936003548085,-31.5));
#2950 = CARTESIAN_POINT('',(1.936003548085,-31.89920368021));
#2951 = CARTESIAN_POINT('',(1.943146078115,-32.2992129756));
#2952 = CARTESIAN_POINT('',(1.957481118831,-32.69812246807));
#2953 = CARTESIAN_POINT('',(1.979151722125,-33.09389130072));
#2954 = CARTESIAN_POINT('',(2.008373036414,-33.48411444776));
#2955 = CARTESIAN_POINT('',(2.04544719262,-33.86594226879));
#2956 = CARTESIAN_POINT('',(2.090789380636,-34.23602981862));
#2957 = CARTESIAN_POINT('',(2.163483958375,-34.71033486908));
#2958 = CARTESIAN_POINT('',(2.182877902471,-34.82837295475));
#2959 = CARTESIAN_POINT('',(2.203275336403,-34.9441461558));
#2960 = CARTESIAN_POINT('',(2.224661100927,-35.05730710337));
#2961 = CARTESIAN_POINT('',(2.247018303135,-35.16755079788));
#2962 = CARTESIAN_POINT('',(2.270329289198,-35.27461099285));
#2963 = CARTESIAN_POINT('',(2.294576617116,-35.37825657872));
#2964 = CARTESIAN_POINT('',(2.338883420582,-35.55436014407));
#2965 = CARTESIAN_POINT('',(2.358541271871,-35.62828799517));
#2966 = CARTESIAN_POINT('',(2.378691209223,-35.69991783359));
#2967 = CARTESIAN_POINT('',(2.399304986774,-35.76912045596));
#2968 = CARTESIAN_POINT('',(2.420352741156,-35.83579000865));
#2969 = CARTESIAN_POINT('',(2.441803245763,-35.89984285465));
#2970 = CARTESIAN_POINT('',(2.463624165015,-35.96121644039));
#2971 = CARTESIAN_POINT('',(2.506980587711,-36.07597916174));
#2972 = CARTESIAN_POINT('',(2.528476519478,-36.12956981316));
#2973 = CARTESIAN_POINT('',(2.550244065326,-36.18061672667));
#2974 = CARTESIAN_POINT('',(2.572256174495,-36.22910855158));
#2975 = CARTESIAN_POINT('',(2.594484644539,-36.27504498843));
#2976 = CARTESIAN_POINT('',(2.616899981811,-36.31843580076));
#2977 = CARTESIAN_POINT('',(2.63947126195,-36.35929982683));
#2978 = CARTESIAN_POINT('',(2.675334018317,-36.41992380354));
#2979 = CARTESIAN_POINT('',(2.688545706256,-36.44134556204));
#2980 = CARTESIAN_POINT('',(2.701797443197,-36.46193868275));
#2981 = CARTESIAN_POINT('',(2.715085549141,-36.48171265509));
#2982 = CARTESIAN_POINT('',(2.728406275075,-36.50067704195));
#2983 = CARTESIAN_POINT('',(2.74175580297,-36.51884147974));
#2984 = CARTESIAN_POINT('',(2.755130245779,-36.53621567837));
#2985 = CARTESIAN_POINT('',(2.814808028218,-36.61014237382));
#2986 = CARTESIAN_POINT('',(2.861272092258,-36.65807364377));
#2987 = CARTESIAN_POINT('',(2.907872770263,-36.69720114028));
#2988 = CARTESIAN_POINT('',(2.954569893638,-36.7280035486));
#2989 = CARTESIAN_POINT('',(3.001326306542,-36.7508433466));
#2990 = CARTESIAN_POINT('',(3.0481062417,-36.76596934474));
#2991 = CARTESIAN_POINT('',(3.094873959956,-36.77351874937));
#2992 = CARTESIAN_POINT('',(3.14159265359,-36.77351874937));
#2993 = ( GEOMETRIC_REPRESENTATION_CONTEXT(2) 
PARAMETRIC_REPRESENTATION_CONTEXT() REPRESENTATION_CONTEXT('2D SPACE',''
  ) );
#2994 = ORIENTED_EDGE('',*,*,#2995,.F.);
#2995 = EDGE_CURVE('',#2996,#2845,#2998,.T.);
#2996 = VERTEX_POINT('',#2997);
#2997 = CARTESIAN_POINT('',(-3.8,-46.5,153.77351874937));
#2998 = SURFACE_CURVE('',#2999,(#3003,#3009),.PCURVE_S1.);
#2999 = LINE('',#3000,#3001);
#3000 = CARTESIAN_POINT('',(-3.8,-38.,153.77351874937));
#3001 = VECTOR('',#3002,1.);
#3002 = DIRECTION('',(0.,1.,-0.));
#3003 = PCURVE('',#1086,#3004);
#3004 = DEFINITIONAL_REPRESENTATION('',(#3005),#3008);
#3005 = B_SPLINE_CURVE_WITH_KNOTS('',1,(#3006,#3007),.UNSPECIFIED.,.F.,
  .F.,(2,2),(-8.8,-5.2),.PIECEWISE_BEZIER_KNOTS.);
#3006 = CARTESIAN_POINT('',(0.946390416821,-8.8));
#3007 = CARTESIAN_POINT('',(0.946390416821,-5.2));
#3008 = ( GEOMETRIC_REPRESENTATION_CONTEXT(2) 
PARAMETRIC_REPRESENTATION_CONTEXT() REPRESENTATION_CONTEXT('2D SPACE',''
  ) );
#3009 = PCURVE('',#3010,#3015);
#3010 = PLANE('',#3011);
#3011 = AXIS2_PLACEMENT_3D('',#3012,#3013,#3014);
#3012 = CARTESIAN_POINT('',(-3.8,-43.5,117.));
#3013 = DIRECTION('',(1.,-1.110223024625E-16,0.));
#3014 = DIRECTION('',(-1.110223024625E-16,-1.,0.));
#3015 = DEFINITIONAL_REPRESENTATION('',(#3016),#3019);
#3016 = B_SPLINE_CURVE_WITH_KNOTS('',1,(#3017,#3018),.UNSPECIFIED.,.F.,
  .F.,(2,2),(-8.8,-5.2),.PIECEWISE_BEZIER_KNOTS.);
#3017 = CARTESIAN_POINT('',(3.3,-36.77351874937));
#3018 = CARTESIAN_POINT('',(-0.3,-36.77351874937));
#3019 = ( GEOMETRIC_REPRESENTATION_CONTEXT(2) 
PARAMETRIC_REPRESENTATION_CONTEXT() REPRESENTATION_CONTEXT('2D SPACE',''
  ) );
#3020 = ORIENTED_EDGE('',*,*,#3021,.T.);
#3021 = EDGE_CURVE('',#2996,#2747,#3022,.T.);
#3022 = SURFACE_CURVE('',#3023,(#3068,#3116),.PCURVE_S1.);
#3023 = B_SPLINE_CURVE_WITH_KNOTS('',8,(#3024,#3025,#3026,#3027,#3028,
    #3029,#3030,#3031,#3032,#3033,#3034,#3035,#3036,#3037,#3038,#3039,
    #3040,#3041,#3042,#3043,#3044,#3045,#3046,#3047,#3048,#3049,#3050,
    #3051,#3052,#3053,#3054,#3055,#3056,#3057,#3058,#3059,#3060,#3061,
    #3062,#3063,#3064,#3065,#3066,#3067),.UNSPECIFIED.,.F.,.F.,(9,7,7,7,
    7,7,9),(0.,0.198546040016,0.255915900185,0.356527332212,
    0.460856131033,0.595069400536,1.),.UNSPECIFIED.);
#3024 = CARTESIAN_POINT('',(-3.8,-46.5,153.77351874937));
#3025 = CARTESIAN_POINT('',(-3.8,-46.69563830626,153.77351874937));
#3026 = CARTESIAN_POINT('',(-3.810415003796,-46.89148141214,
    153.76601403216));
#3027 = CARTESIAN_POINT('',(-3.831282496838,-47.08672894482,
    153.75097730367));
#3028 = CARTESIAN_POINT('',(-3.862547194715,-47.28058009763,
    153.72827314956));
#3029 = CARTESIAN_POINT('',(-3.904061120572,-47.47224290013,
    153.69765575265));
#3030 = CARTESIAN_POINT('',(-3.95558368251,-47.66094348822,
    153.65876661036));
#3031 = CARTESIAN_POINT('',(-4.016781751004,-47.84593537425,
    153.61113225205));
#3032 = CARTESIAN_POINT('',(-4.107585675238,-48.07868536812,
    153.5377003948));
#3033 = CARTESIAN_POINT('',(-4.128705439726,-48.13047126935,
    153.52046625435));
#3034 = CARTESIAN_POINT('',(-4.150573104378,-48.18183865752,
    153.50244986826));
#3035 = CARTESIAN_POINT('',(-4.173171516303,-48.23276096314,
    153.48364163384));
#3036 = CARTESIAN_POINT('',(-4.196482295112,-48.28321281045,
    153.46403201256));
#3037 = CARTESIAN_POINT('',(-4.220485832919,-48.33317001753,
    153.44361153007));
#3038 = CARTESIAN_POINT('',(-4.245161294339,-48.38260959618,
    153.42237077618));
#3039 = CARTESIAN_POINT('',(-4.31490047632,-48.51726758187,
    153.36159486069));
#3040 = CARTESIAN_POINT('',(-4.36132636056,-48.60139172975,
    153.32032644313));
#3041 = CARTESIAN_POINT('',(-4.409620207223,-48.68370898378,
    153.27646679193));
#3042 = CARTESIAN_POINT('',(-4.459622224033,-48.76406688681,
    153.22999599798));
#3043 = CARTESIAN_POINT('',(-4.511159658393,-48.84233345829,
    153.18090365367));
#3044 = CARTESIAN_POINT('',(-4.564049567354,-48.91839691619,
    153.1291899032));
#3045 = CARTESIAN_POINT('',(-4.618101587588,-48.99216539888,
    153.0748664928));
#3046 = CARTESIAN_POINT('',(-4.730172656141,-49.13760609265,
    152.95894650158));
#3047 = CARTESIAN_POINT('',(-4.788232216864,-49.20905837813,
    152.89718882239));
#3048 = CARTESIAN_POINT('',(-4.847069151609,-49.27783341693,
    152.83272821588));
#3049 = CARTESIAN_POINT('',(-4.906445340696,-49.34386436903,
    152.76562846064));
#3050 = CARTESIAN_POINT('',(-4.966118734766,-49.40710683871,
    152.69597483058));
#3051 = CARTESIAN_POINT('',(-5.025847308871,-49.4675380322,
    152.62387524391));
#3052 = CARTESIAN_POINT('',(-5.08539301656,-49.52515591553,
    152.54946141225));
#3053 = CARTESIAN_POINT('',(-5.22059674995,-49.65050445158,
    152.37438506004));
#3054 = CARTESIAN_POINT('',(-5.295917918593,-49.71634264966,
    152.27239499729));
#3055 = CARTESIAN_POINT('',(-5.370119680122,-49.7776532145,
    152.16711070838));
#3056 = CARTESIAN_POINT('',(-5.442853411335,-49.83461083956,
    152.05875272326));
#3057 = CARTESIAN_POINT('',(-5.513794200678,-49.88740170839,
    151.94757455988));
#3058 = CARTESIAN_POINT('',(-5.582643613316,-49.93622053923,
    151.83386608941));
#3059 = CARTESIAN_POINT('',(-5.649132456216,-49.9812676297,
    151.71795690136));
#3060 = CARTESIAN_POINT('',(-5.905787315812,-50.14788867982,
    151.24499839777));
#3061 = CARTESIAN_POINT('',(-6.074501613696,-50.24028323565,
    150.87388155392));
#3062 = CARTESIAN_POINT('',(-6.216286397756,-50.30797468619,
    150.49087431794));
#3063 = CARTESIAN_POINT('',(-6.329991242736,-50.35669996285,
    150.09936753276));
#3064 = CARTESIAN_POINT('',(-6.415160581344,-50.39057085907,
    149.70225042792));
#3065 = CARTESIAN_POINT('',(-6.471788423126,-50.41222187432,
    149.30196108219));
#3066 = CARTESIAN_POINT('',(-6.5,-50.42300904918,148.90056706642));
#3067 = CARTESIAN_POINT('',(-6.5,-50.42300904918,148.5));
#3068 = PCURVE('',#1086,#3069);
#3069 = DEFINITIONAL_REPRESENTATION('',(#3070),#3115);
#3070 = B_SPLINE_CURVE_WITH_KNOTS('',8,(#3071,#3072,#3073,#3074,#3075,
    #3076,#3077,#3078,#3079,#3080,#3081,#3082,#3083,#3084,#3085,#3086,
    #3087,#3088,#3089,#3090,#3091,#3092,#3093,#3094,#3095,#3096,#3097,
    #3098,#3099,#3100,#3101,#3102,#3103,#3104,#3105,#3106,#3107,#3108,
    #3109,#3110,#3111,#3112,#3113,#3114),.UNSPECIFIED.,.F.,.F.,(9,7,7,7,
    7,7,9),(0.,0.198546040016,0.255915900185,0.356527332212,
    0.460856131033,0.595069400536,1.),.UNSPECIFIED.);
#3071 = CARTESIAN_POINT('',(0.946390416821,-8.5));
#3072 = CARTESIAN_POINT('',(0.946390416821,-8.695638306262));
#3073 = CARTESIAN_POINT('',(0.944415706538,-8.89148141214));
#3074 = CARTESIAN_POINT('',(0.940458386715,-9.086728944825));
#3075 = CARTESIAN_POINT('',(0.934513765583,-9.280580097638));
#3076 = CARTESIAN_POINT('',(0.926578587019,-9.472242900135));
#3077 = CARTESIAN_POINT('',(0.91664925872,-9.660943488221));
#3078 = CARTESIAN_POINT('',(0.904720080361,-9.845935374254));
#3079 = CARTESIAN_POINT('',(0.88675391208,-10.07868536812));
#3080 = CARTESIAN_POINT('',(0.882560235202,-10.13047126935));
#3081 = CARTESIAN_POINT('',(0.878201323178,-10.18183865752));
#3082 = CARTESIAN_POINT('',(0.873678164935,-10.23276096314));
#3083 = CARTESIAN_POINT('',(0.868991856281,-10.28321281045));
#3084 = CARTESIAN_POINT('',(0.864143599902,-10.33317001753));
#3085 = CARTESIAN_POINT('',(0.859134705364,-10.38260959618));
#3086 = CARTESIAN_POINT('',(0.844903091745,-10.51726758187));
#3087 = CARTESIAN_POINT('',(0.835347177697,-10.60139172975));
#3088 = CARTESIAN_POINT('',(0.82531158209,-10.68370898378));
#3089 = CARTESIAN_POINT('',(0.814811153613,-10.76406688681));
#3090 = CARTESIAN_POINT('',(0.803862601053,-10.84233345829));
#3091 = CARTESIAN_POINT('',(0.792484239817,-10.91839691619));
#3092 = CARTESIAN_POINT('',(0.780695738456,-10.99216539888));
#3093 = CARTESIAN_POINT('',(0.755890046816,-11.13760609265));
#3094 = CARTESIAN_POINT('',(0.742850696658,-11.20905837813));
#3095 = CARTESIAN_POINT('',(0.729426232032,-11.27783341693));
#3096 = CARTESIAN_POINT('',(0.715645213374,-11.34386436903));
#3097 = CARTESIAN_POINT('',(0.70153819308,-11.40710683871));
#3098 = CARTESIAN_POINT('',(0.687137564349,-11.4675380322));
#3099 = CARTESIAN_POINT('',(0.672477410022,-11.52515591553));
#3100 = CARTESIAN_POINT('',(0.638445827536,-11.65050445158));
#3101 = CARTESIAN_POINT('',(0.618944415563,-11.71634264966));
#3102 = CARTESIAN_POINT('',(0.599136523795,-11.7776532145));
#3103 = CARTESIAN_POINT('',(0.579069346803,-11.83461083956));
#3104 = CARTESIAN_POINT('',(0.558790667694,-11.88740170839));
#3105 = CARTESIAN_POINT('',(0.53834966036,-11.93622053923));
#3106 = CARTESIAN_POINT('',(0.517797691726,-11.9812676297));
#3107 = CARTESIAN_POINT('',(0.435011667826,-12.14788867982));
#3108 = CARTESIAN_POINT('',(0.37244954095,-12.24028323565));
#3109 = CARTESIAN_POINT('',(0.309889205131,-12.30797468619));
#3110 = CARTESIAN_POINT('',(0.247488889573,-12.35669996285));
#3111 = CARTESIAN_POINT('',(0.185318371264,-12.39057085907));
#3112 = CARTESIAN_POINT('',(0.12337859913,-12.41222187432));
#3113 = CARTESIAN_POINT('',(6.16257025264E-02,-12.42300904918));
#3114 = CARTESIAN_POINT('',(0.,-12.42300904918));
#3115 = ( GEOMETRIC_REPRESENTATION_CONTEXT(2) 
PARAMETRIC_REPRESENTATION_CONTEXT() REPRESENTATION_CONTEXT('2D SPACE',''
  ) );
#3116 = PCURVE('',#2763,#3117);
#3117 = DEFINITIONAL_REPRESENTATION('',(#3118),#3163);
#3118 = B_SPLINE_CURVE_WITH_KNOTS('',8,(#3119,#3120,#3121,#3122,#3123,
    #3124,#3125,#3126,#3127,#3128,#3129,#3130,#3131,#3132,#3133,#3134,
    #3135,#3136,#3137,#3138,#3139,#3140,#3141,#3142,#3143,#3144,#3145,
    #3146,#3147,#3148,#3149,#3150,#3151,#3152,#3153,#3154,#3155,#3156,
    #3157,#3158,#3159,#3160,#3161,#3162),.UNSPECIFIED.,.F.,.F.,(9,7,7,7,
    7,7,9),(0.,0.198546040016,0.255915900185,0.356527332212,
    0.460856131033,0.595069400536,1.),.UNSPECIFIED.);
#3119 = CARTESIAN_POINT('',(0.,-36.77351874937));
#3120 = CARTESIAN_POINT('',(4.658054911007E-02,-36.77351874937));
#3121 = CARTESIAN_POINT('',(9.320989835736E-02,-36.76601403216));
#3122 = CARTESIAN_POINT('',(0.139851382791,-36.75097730367));
#3123 = CARTESIAN_POINT('',(0.186469738532,-36.72827314956));
#3124 = CARTESIAN_POINT('',(0.233029631906,-36.69765575265));
#3125 = CARTESIAN_POINT('',(0.279494188571,-36.65876661036));
#3126 = CARTESIAN_POINT('',(0.32582352265,-36.61113225205));
#3127 = CARTESIAN_POINT('',(0.385308229951,-36.5377003948));
#3128 = CARTESIAN_POINT('',(0.398622598397,-36.52046625435));
#3129 = CARTESIAN_POINT('',(0.411912491764,-36.50244986826));
#3130 = CARTESIAN_POINT('',(0.425174097632,-36.48364163384));
#3131 = CARTESIAN_POINT('',(0.438403670593,-36.46403201256));
#3132 = CARTESIAN_POINT('',(0.451597532251,-36.44361153007));
#3133 = CARTESIAN_POINT('',(0.464752071219,-36.42237077618));
#3134 = CARTESIAN_POINT('',(0.500858118268,-36.36159486069));
#3135 = CARTESIAN_POINT('',(0.523727374486,-36.32032644313));
#3136 = CARTESIAN_POINT('',(0.546437735408,-36.27646679193));
#3137 = CARTESIAN_POINT('',(0.568957079088,-36.22999599798));
#3138 = CARTESIAN_POINT('',(0.591254789366,-36.18090365367));
#3139 = CARTESIAN_POINT('',(0.613301607222,-36.1291899032));
#3140 = CARTESIAN_POINT('',(0.635069482134,-36.0748664928));
#3141 = CARTESIAN_POINT('',(0.678786335345,-35.95894650158));
#3142 = CARTESIAN_POINT('',(0.70069971224,-35.89718882239));
#3143 = CARTESIAN_POINT('',(0.72223802348,-35.83272821588));
#3144 = CARTESIAN_POINT('',(0.743368588582,-35.76562846064));
#3145 = CARTESIAN_POINT('',(0.764059842748,-35.69597483058));
#3146 = CARTESIAN_POINT('',(0.784281602389,-35.62387524391));
#3147 = CARTESIAN_POINT('',(0.804005330651,-35.54946141225));
#3148 = CARTESIAN_POINT('',(0.847902954936,-35.37438506004));
#3149 = CARTESIAN_POINT('',(0.871711709339,-35.27239499729));
#3150 = CARTESIAN_POINT('',(0.894615113192,-35.16711070838));
#3151 = CARTESIAN_POINT('',(0.916596529639,-35.05875272326));
#3152 = CARTESIAN_POINT('',(0.937639132451,-34.94757455988));
#3153 = CARTESIAN_POINT('',(0.957726800558,-34.83386608941));
#3154 = CARTESIAN_POINT('',(0.976845012582,-34.71795690136));
#3155 = CARTESIAN_POINT('',(1.049701490675,-34.24499839777));
#3156 = CARTESIAN_POINT('',(1.095372872759,-33.87388155392));
#3157 = CARTESIAN_POINT('',(1.13271274902,-33.49087431794));
#3158 = CARTESIAN_POINT('',(1.162141038713,-33.09936753276));
#3159 = CARTESIAN_POINT('',(1.183963426607,-32.70225042792));
#3160 = CARTESIAN_POINT('',(1.198397701291,-32.30196108219));
#3161 = CARTESIAN_POINT('',(1.205589105505,-31.90056706642));
#3162 = CARTESIAN_POINT('',(1.205589105505,-31.5));
#3163 = ( GEOMETRIC_REPRESENTATION_CONTEXT(2) 
PARAMETRIC_REPRESENTATION_CONTEXT() REPRESENTATION_CONTEXT('2D SPACE',''
  ) );
#3164 = ORIENTED_EDGE('',*,*,#2796,.T.);
#3165 = ORIENTED_EDGE('',*,*,#1065,.T.);
#3166 = ORIENTED_EDGE('',*,*,#3167,.F.);
#3167 = EDGE_CURVE('',#3168,#1066,#3170,.T.);
#3168 = VERTEX_POINT('',#3169);
#3169 = CARTESIAN_POINT('',(6.5,-50.42300904918,148.5));
#3170 = SURFACE_CURVE('',#3171,(#3175,#3182),.PCURVE_S1.);
#3171 = LINE('',#3172,#3173);
#3172 = CARTESIAN_POINT('',(6.5,-38.,148.5));
#3173 = VECTOR('',#3174,1.);
#3174 = DIRECTION('',(0.,-1.,0.));
#3175 = PCURVE('',#1086,#3176);
#3176 = DEFINITIONAL_REPRESENTATION('',(#3177),#3181);
#3177 = LINE('',#3178,#3179);
#3178 = CARTESIAN_POINT('',(3.14159265359,0.));
#3179 = VECTOR('',#3180,1.);
#3180 = DIRECTION('',(0.,-1.));
#3181 = ( GEOMETRIC_REPRESENTATION_CONTEXT(2) 
PARAMETRIC_REPRESENTATION_CONTEXT() REPRESENTATION_CONTEXT('2D SPACE',''
  ) );
#3182 = PCURVE('',#1113,#3183);
#3183 = DEFINITIONAL_REPRESENTATION('',(#3184),#3188);
#3184 = LINE('',#3185,#3186);
#3185 = CARTESIAN_POINT('',(-0.,0.));
#3186 = VECTOR('',#3187,1.);
#3187 = DIRECTION('',(0.,-1.));
#3188 = ( GEOMETRIC_REPRESENTATION_CONTEXT(2) 
PARAMETRIC_REPRESENTATION_CONTEXT() REPRESENTATION_CONTEXT('2D SPACE',''
  ) );
#3189 = ORIENTED_EDGE('',*,*,#3190,.T.);
#3190 = EDGE_CURVE('',#3168,#3191,#3193,.T.);
#3191 = VERTEX_POINT('',#3192);
#3192 = CARTESIAN_POINT('',(3.8,-46.5,153.77351874937));
#3193 = SURFACE_CURVE('',#3194,(#3239,#3287),.PCURVE_S1.);
#3194 = B_SPLINE_CURVE_WITH_KNOTS('',8,(#3195,#3196,#3197,#3198,#3199,
    #3200,#3201,#3202,#3203,#3204,#3205,#3206,#3207,#3208,#3209,#3210,
    #3211,#3212,#3213,#3214,#3215,#3216,#3217,#3218,#3219,#3220,#3221,
    #3222,#3223,#3224,#3225,#3226,#3227,#3228,#3229,#3230,#3231,#3232,
    #3233,#3234,#3235,#3236,#3237,#3238),.UNSPECIFIED.,.F.,.F.,(9,7,7,7,
    7,7,9),(0.,0.40352818756,0.540061856022,0.643893403179,
    0.743227090824,0.800862885338,1.),.UNSPECIFIED.);
#3195 = CARTESIAN_POINT('',(6.5,-50.42300904918,148.5));
#3196 = CARTESIAN_POINT('',(6.5,-50.42300904918,148.89920368021));
#3197 = CARTESIAN_POINT('',(6.471980136438,-50.41229518973,
    149.2992129756));
#3198 = CARTESIAN_POINT('',(6.415741685949,-50.39079300512,
    149.69812246807));
#3199 = CARTESIAN_POINT('',(6.331161689537,-50.3571652285,
    150.09389130072));
#3200 = CARTESIAN_POINT('',(6.218245104832,-50.30881331934,
    150.48411444776));
#3201 = CARTESIAN_POINT('',(6.07743567695,-50.24168292222,
    150.86594226879));
#3202 = CARTESIAN_POINT('',(5.90985793258,-50.15011633537,
    151.23602981862));
#3203 = CARTESIAN_POINT('',(5.653523498525,-49.98425113248,
    151.71033486605));
#3204 = CARTESIAN_POINT('',(5.586017626591,-49.9386395376,
    151.82837295666));
#3205 = CARTESIAN_POINT('',(5.516057711099,-49.88913514067,
    151.94414615902));
#3206 = CARTESIAN_POINT('',(5.443925744605,-49.83552680618,
    152.05730710338));
#3207 = CARTESIAN_POINT('',(5.369935098021,-49.77760926225,
    152.16755079468));
#3208 = CARTESIAN_POINT('',(5.294427527187,-49.71518631686,
    152.27461099095));
#3209 = CARTESIAN_POINT('',(5.217770179446,-49.64807407425,
    152.37825658176));
#3210 = CARTESIAN_POINT('',(5.081477839736,-49.52137224112,
    152.55436014407));
#3211 = CARTESIAN_POINT('',(5.022205469778,-49.46387010064,
    152.62828799517));
#3212 = CARTESIAN_POINT('',(4.962762836569,-49.40358102193,
    152.69991783359));
#3213 = CARTESIAN_POINT('',(4.903384952122,-49.34050792112,
    152.76912045596));
#3214 = CARTESIAN_POINT('',(4.844310629824,-49.2746741708,
    152.83579000865));
#3215 = CARTESIAN_POINT('',(4.785778620028,-49.20612443262,
    152.89984285465));
#3216 = CARTESIAN_POINT('',(4.728023745636,-49.13492548979,
    152.96121644039));
#3217 = CARTESIAN_POINT('',(4.61698070313,-48.99060379657,
    153.07597916174));
#3218 = CARTESIAN_POINT('',(4.56363558889,-48.91773449897,
    153.12956981316));
#3219 = CARTESIAN_POINT('',(4.511425412696,-48.84262919806,
    153.18061672667));
#3220 = CARTESIAN_POINT('',(4.460533421237,-48.76537660031,
    153.22910855158));
#3221 = CARTESIAN_POINT('',(4.411135786871,-48.68608436849,
    153.27504498843));
#3222 = CARTESIAN_POINT('',(4.363399004331,-48.60487938268,
    153.31843580076));
#3223 = CARTESIAN_POINT('',(4.317477287429,-48.52190800129,
    153.35929982683));
#3224 = CARTESIAN_POINT('',(4.247999068331,-48.38826579982,
    153.4199238023));
#3225 = CARTESIAN_POINT('',(4.22314195362,-48.33864859994,
    153.44134556145));
#3226 = CARTESIAN_POINT('',(4.198961133525,-48.28850680298,
    153.46193868322));
#3227 = CARTESIAN_POINT('',(4.175477867251,-48.23786371345,
    153.48171265609));
#3228 = CARTESIAN_POINT('',(4.152712161318,-48.1867438598,
    153.50067704263));
#3229 = CARTESIAN_POINT('',(4.130682769556,-48.13517299442,
    153.51884147949));
#3230 = CARTESIAN_POINT('',(4.109407193106,-48.08317809364,
    153.53621567743));
#3231 = CARTESIAN_POINT('',(4.018053197029,-47.84977241601,
    153.61014237383));
#3232 = CARTESIAN_POINT('',(3.956501237846,-47.66429937409,
    153.65807364377));
#3233 = CARTESIAN_POINT('',(3.904677551578,-47.47508408812,
    153.69720114027));
#3234 = CARTESIAN_POINT('',(3.862918876844,-47.2828794011,
    153.72800354859));
#3235 = CARTESIAN_POINT('',(3.831468480948,-47.08846597962,
    153.7508433466));
#3236 = CARTESIAN_POINT('',(3.810476631376,-46.89264297566,
    153.76596934475));
#3237 = CARTESIAN_POINT('',(3.8,-46.69621851322,153.77351874937));
#3238 = CARTESIAN_POINT('',(3.8,-46.5,153.77351874937));
#3239 = PCURVE('',#1086,#3240);
#3240 = DEFINITIONAL_REPRESENTATION('',(#3241),#3286);
#3241 = B_SPLINE_CURVE_WITH_KNOTS('',8,(#3242,#3243,#3244,#3245,#3246,
    #3247,#3248,#3249,#3250,#3251,#3252,#3253,#3254,#3255,#3256,#3257,
    #3258,#3259,#3260,#3261,#3262,#3263,#3264,#3265,#3266,#3267,#3268,
    #3269,#3270,#3271,#3272,#3273,#3274,#3275,#3276,#3277,#3278,#3279,
    #3280,#3281,#3282,#3283,#3284,#3285),.UNSPECIFIED.,.F.,.F.,(9,7,7,7,
    7,7,9),(0.,0.40352818756,0.540061856022,0.643893403179,
    0.743227090824,0.800862885338,1.),.UNSPECIFIED.);
#3242 = CARTESIAN_POINT('',(3.14159265359,-12.42300904918));
#3243 = CARTESIAN_POINT('',(3.080176702787,-12.42300904918));
#3244 = CARTESIAN_POINT('',(3.018636838601,-12.41229518973));
#3245 = CARTESIAN_POINT('',(2.956912987838,-12.39079300512));
#3246 = CARTESIAN_POINT('',(2.894960965896,-12.3571652285));
#3247 = CARTESIAN_POINT('',(2.832780675877,-12.30881331934));
#3248 = CARTESIAN_POINT('',(2.770439660644,-12.24168292222));
#3249 = CARTESIAN_POINT('',(2.708092497952,-12.15011633537));
#3250 = CARTESIAN_POINT('',(2.625147785475,-11.98425113248));
#3251 = CARTESIAN_POINT('',(2.604234154959,-11.9386395376));
#3252 = CARTESIAN_POINT('',(2.583433436537,-11.88913514067));
#3253 = CARTESIAN_POINT('',(2.56279961943,-11.83552680618));
#3254 = CARTESIAN_POINT('',(2.542384356834,-11.77760926225));
#3255 = CARTESIAN_POINT('',(2.522237833661,-11.71518631686));
#3256 = CARTESIAN_POINT('',(2.502409634291,-11.64807407425));
#3257 = CARTESIAN_POINT('',(2.46815059099,-11.52137224112));
#3258 = CARTESIAN_POINT('',(2.453575042699,-11.46387010064));
#3259 = CARTESIAN_POINT('',(2.439258066997,-11.40358102193));
#3260 = CARTESIAN_POINT('',(2.425233249108,-11.34050792112));
#3261 = CARTESIAN_POINT('',(2.411532510162,-11.2746741708));
#3262 = CARTESIAN_POINT('',(2.398185959441,-11.20612443262));
#3263 = CARTESIAN_POINT('',(2.385221746627,-11.13492548979));
#3264 = CARTESIAN_POINT('',(2.360653985243,-10.99060379657));
#3265 = CARTESIAN_POINT('',(2.349022055041,-10.91773449897));
#3266 = CARTESIAN_POINT('',(2.337790120231,-10.84262919806));
#3267 = CARTESIAN_POINT('',(2.32697712421,-10.76537660031));
#3268 = CARTESIAN_POINT('',(2.31660071904,-10.68608436849));
#3269 = CARTESIAN_POINT('',(2.306677027519,-10.60487938268));
#3270 = CARTESIAN_POINT('',(2.297220405249,-10.52190800129));
#3271 = CARTESIAN_POINT('',(2.283034413883,-10.38826579982));
#3272 = CARTESIAN_POINT('',(2.277986173201,-10.33864859994));
#3273 = CARTESIAN_POINT('',(2.273099935482,-10.28850680298));
#3274 = CARTESIAN_POINT('',(2.268377045853,-10.23786371345));
#3275 = CARTESIAN_POINT('',(2.26381873975,-10.1867438598));
#3276 = CARTESIAN_POINT('',(2.259426142911,-10.13517299442));
#3277 = CARTESIAN_POINT('',(2.255200271379,-10.08317809364));
#3278 = CARTESIAN_POINT('',(2.237120429362,-9.849772416014));
#3279 = CARTESIAN_POINT('',(2.22512050847,-9.66429937409));
#3280 = CARTESIAN_POINT('',(2.215131848052,-9.475084088124));
#3281 = CARTESIAN_POINT('',(2.207149256946,-9.282879401102));
#3282 = CARTESIAN_POINT('',(2.201169480064,-9.088465979627));
#3283 = CARTESIAN_POINT('',(2.197188900423,-8.892642975665));
#3284 = CARTESIAN_POINT('',(2.195202236769,-8.696218513225));
#3285 = CARTESIAN_POINT('',(2.195202236769,-8.5));
#3286 = ( GEOMETRIC_REPRESENTATION_CONTEXT(2) 
PARAMETRIC_REPRESENTATION_CONTEXT() REPRESENTATION_CONTEXT('2D SPACE',''
  ) );
#3287 = PCURVE('',#3288,#3293);
#3288 = CYLINDRICAL_SURFACE('',#3289,4.2);
#3289 = AXIS2_PLACEMENT_3D('',#3290,#3291,#3292);
#3290 = CARTESIAN_POINT('',(8.,-46.5,117.));
#3291 = DIRECTION('',(-0.,0.,-1.));
#3292 = DIRECTION('',(1.,-2.167578286173E-16,-0.));
#3293 = DEFINITIONAL_REPRESENTATION('',(#3294),#3339);
#3294 = B_SPLINE_CURVE_WITH_KNOTS('',8,(#3295,#3296,#3297,#3298,#3299,
    #3300,#3301,#3302,#3303,#3304,#3305,#3306,#3307,#3308,#3309,#3310,
    #3311,#3312,#3313,#3314,#3315,#3316,#3317,#3318,#3319,#3320,#3321,
    #3322,#3323,#3324,#3325,#3326,#3327,#3328,#3329,#3330,#3331,#3332,
    #3333,#3334,#3335,#3336,#3337,#3338),.UNSPECIFIED.,.F.,.F.,(9,7,7,7,
    7,7,9),(0.,0.40352818756,0.540061856022,0.643893403179,
    0.743227090824,0.800862885338,1.),.UNSPECIFIED.);
#3295 = CARTESIAN_POINT('',(1.936003548085,-31.5));
#3296 = CARTESIAN_POINT('',(1.936003548085,-31.89920368021));
#3297 = CARTESIAN_POINT('',(1.943146078115,-32.2992129756));
#3298 = CARTESIAN_POINT('',(1.957481118831,-32.69812246806));
#3299 = CARTESIAN_POINT('',(1.979151722126,-33.09389130072));
#3300 = CARTESIAN_POINT('',(2.008373036414,-33.48411444776));
#3301 = CARTESIAN_POINT('',(2.04544719262,-33.86594226879));
#3302 = CARTESIAN_POINT('',(2.090789380636,-34.23602981862));
#3303 = CARTESIAN_POINT('',(2.163483957911,-34.71033486605));
#3304 = CARTESIAN_POINT('',(2.182877902915,-34.82837295666));
#3305 = CARTESIAN_POINT('',(2.203275336979,-34.94414615902));
#3306 = CARTESIAN_POINT('',(2.224661100802,-35.05730710338));
#3307 = CARTESIAN_POINT('',(2.247018302422,-35.16755079468));
#3308 = CARTESIAN_POINT('',(2.270329288881,-35.27461099095));
#3309 = CARTESIAN_POINT('',(2.294576617883,-35.37825658176));
#3310 = CARTESIAN_POINT('',(2.338883420582,-35.55436014407));
#3311 = CARTESIAN_POINT('',(2.358541271871,-35.62828799517));
#3312 = CARTESIAN_POINT('',(2.378691209223,-35.69991783359));
#3313 = CARTESIAN_POINT('',(2.399304986774,-35.76912045596));
#3314 = CARTESIAN_POINT('',(2.420352741156,-35.83579000865));
#3315 = CARTESIAN_POINT('',(2.441803245763,-35.89984285465));
#3316 = CARTESIAN_POINT('',(2.463624165015,-35.96121644039));
#3317 = CARTESIAN_POINT('',(2.506980587711,-36.07597916174));
#3318 = CARTESIAN_POINT('',(2.528476519478,-36.12956981316));
#3319 = CARTESIAN_POINT('',(2.550244065326,-36.18061672667));
#3320 = CARTESIAN_POINT('',(2.572256174495,-36.22910855158));
#3321 = CARTESIAN_POINT('',(2.594484644539,-36.27504498843));
#3322 = CARTESIAN_POINT('',(2.616899981811,-36.31843580076));
#3323 = CARTESIAN_POINT('',(2.63947126195,-36.35929982683));
#3324 = CARTESIAN_POINT('',(2.675334017584,-36.4199238023));
#3325 = CARTESIAN_POINT('',(2.68854570599,-36.44134556145));
#3326 = CARTESIAN_POINT('',(2.701797443602,-36.46193868322));
#3327 = CARTESIAN_POINT('',(2.715085549829,-36.48171265609));
#3328 = CARTESIAN_POINT('',(2.728406275459,-36.50067704263));
#3329 = CARTESIAN_POINT('',(2.741755802669,-36.51884147949));
#3330 = CARTESIAN_POINT('',(2.755130245016,-36.53621567743));
#3331 = CARTESIAN_POINT('',(2.814808028227,-36.61014237383));
#3332 = CARTESIAN_POINT('',(2.861272092262,-36.65807364377));
#3333 = CARTESIAN_POINT('',(2.907872770259,-36.69720114027));
#3334 = CARTESIAN_POINT('',(2.95456989363,-36.72800354859));
#3335 = CARTESIAN_POINT('',(3.001326306537,-36.7508433466));
#3336 = CARTESIAN_POINT('',(3.048106241703,-36.76596934475));
#3337 = CARTESIAN_POINT('',(3.094873959965,-36.77351874937));
#3338 = CARTESIAN_POINT('',(3.14159265359,-36.77351874937));
#3339 = ( GEOMETRIC_REPRESENTATION_CONTEXT(2) 
PARAMETRIC_REPRESENTATION_CONTEXT() REPRESENTATION_CONTEXT('2D SPACE',''
  ) );
#3340 = ORIENTED_EDGE('',*,*,#3341,.T.);
#3341 = EDGE_CURVE('',#3191,#3342,#3344,.T.);
#3342 = VERTEX_POINT('',#3343);
#3343 = CARTESIAN_POINT('',(3.8,-43.5,153.77351874937));
#3344 = SURFACE_CURVE('',#3345,(#3349,#3355),.PCURVE_S1.);
#3345 = LINE('',#3346,#3347);
#3346 = CARTESIAN_POINT('',(3.8,-38.,153.77351874937));
#3347 = VECTOR('',#3348,1.);
#3348 = DIRECTION('',(0.,1.,-0.));
#3349 = PCURVE('',#1086,#3350);
#3350 = DEFINITIONAL_REPRESENTATION('',(#3351),#3354);
#3351 = B_SPLINE_CURVE_WITH_KNOTS('',1,(#3352,#3353),.UNSPECIFIED.,.F.,
  .F.,(2,2),(-8.8,-5.2),.PIECEWISE_BEZIER_KNOTS.);
#3352 = CARTESIAN_POINT('',(2.195202236769,-8.8));
#3353 = CARTESIAN_POINT('',(2.195202236769,-5.2));
#3354 = ( GEOMETRIC_REPRESENTATION_CONTEXT(2) 
PARAMETRIC_REPRESENTATION_CONTEXT() REPRESENTATION_CONTEXT('2D SPACE',''
  ) );
#3355 = PCURVE('',#3356,#3361);
#3356 = PLANE('',#3357);
#3357 = AXIS2_PLACEMENT_3D('',#3358,#3359,#3360);
#3358 = CARTESIAN_POINT('',(3.8,-46.5,117.));
#3359 = DIRECTION('',(-1.,1.110223024625E-16,0.));
#3360 = DIRECTION('',(1.110223024625E-16,1.,0.));
#3361 = DEFINITIONAL_REPRESENTATION('',(#3362),#3365);
#3362 = B_SPLINE_CURVE_WITH_KNOTS('',1,(#3363,#3364),.UNSPECIFIED.,.F.,
  .F.,(2,2),(-8.8,-5.2),.PIECEWISE_BEZIER_KNOTS.);
#3363 = CARTESIAN_POINT('',(-0.3,-36.77351874937));
#3364 = CARTESIAN_POINT('',(3.3,-36.77351874937));
#3365 = ( GEOMETRIC_REPRESENTATION_CONTEXT(2) 
PARAMETRIC_REPRESENTATION_CONTEXT() REPRESENTATION_CONTEXT('2D SPACE',''
  ) );
#3366 = ORIENTED_EDGE('',*,*,#3367,.T.);
#3367 = EDGE_CURVE('',#3342,#3368,#3370,.T.);
#3368 = VERTEX_POINT('',#3369);
#3369 = CARTESIAN_POINT('',(6.5,-39.57699095081,148.5));
#3370 = SURFACE_CURVE('',#3371,(#3416,#3464),.PCURVE_S1.);
#3371 = B_SPLINE_CURVE_WITH_KNOTS('',8,(#3372,#3373,#3374,#3375,#3376,
    #3377,#3378,#3379,#3380,#3381,#3382,#3383,#3384,#3385,#3386,#3387,
    #3388,#3389,#3390,#3391,#3392,#3393,#3394,#3395,#3396,#3397,#3398,
    #3399,#3400,#3401,#3402,#3403,#3404,#3405,#3406,#3407,#3408,#3409,
    #3410,#3411,#3412,#3413,#3414,#3415),.UNSPECIFIED.,.F.,.F.,(9,7,7,7,
    7,7,9),(0.,0.198546039144,0.255915899058,0.356527330633,
    0.460856128987,0.595069401628,1.),.UNSPECIFIED.);
#3372 = CARTESIAN_POINT('',(3.8,-43.5,153.77351874937));
#3373 = CARTESIAN_POINT('',(3.8,-43.30436169373,153.77351874937));
#3374 = CARTESIAN_POINT('',(3.810415003796,-43.10851858786,
    153.76601403216));
#3375 = CARTESIAN_POINT('',(3.831282496838,-42.91327105517,
    153.75097730367));
#3376 = CARTESIAN_POINT('',(3.862547194715,-42.71941990236,
    153.72827314956));
#3377 = CARTESIAN_POINT('',(3.904061120572,-42.52775709986,
    153.69765575265));
#3378 = CARTESIAN_POINT('',(3.95558368251,-42.33905651177,
    153.65876661036));
#3379 = CARTESIAN_POINT('',(4.016781751004,-42.15406462574,
    153.61113225205));
#3380 = CARTESIAN_POINT('',(4.107585675237,-41.92131463187,
    153.5377003948));
#3381 = CARTESIAN_POINT('',(4.128705439726,-41.86952873065,
    153.52046625435));
#3382 = CARTESIAN_POINT('',(4.150573104378,-41.81816134247,
    153.50244986826));
#3383 = CARTESIAN_POINT('',(4.173171516303,-41.76723903685,
    153.48364163384));
#3384 = CARTESIAN_POINT('',(4.196482295112,-41.71678718954,
    153.46403201256));
#3385 = CARTESIAN_POINT('',(4.220485832918,-41.66682998247,
    153.44361153007));
#3386 = CARTESIAN_POINT('',(4.245161294338,-41.61739040381,
    153.42237077619));
#3387 = CARTESIAN_POINT('',(4.31490047632,-41.48273241812,
    153.36159486069));
#3388 = CARTESIAN_POINT('',(4.36132636056,-41.39860827024,
    153.32032644313));
#3389 = CARTESIAN_POINT('',(4.409620207223,-41.31629101621,
    153.27646679193));
#3390 = CARTESIAN_POINT('',(4.459622224033,-41.23593311318,
    153.22999599798));
#3391 = CARTESIAN_POINT('',(4.511159658393,-41.1576665417,
    153.18090365367));
#3392 = CARTESIAN_POINT('',(4.564049567354,-41.0816030838,153.1291899032
    ));
#3393 = CARTESIAN_POINT('',(4.618101587588,-41.00783460111,
    153.0748664928));
#3394 = CARTESIAN_POINT('',(4.730172656141,-40.86239390734,
    152.95894650158));
#3395 = CARTESIAN_POINT('',(4.788232216864,-40.79094162186,
    152.89718882239));
#3396 = CARTESIAN_POINT('',(4.847069151609,-40.72216658306,
    152.83272821588));
#3397 = CARTESIAN_POINT('',(4.906445340696,-40.65613563096,
    152.76562846064));
#3398 = CARTESIAN_POINT('',(4.966118734766,-40.59289316129,
    152.69597483058));
#3399 = CARTESIAN_POINT('',(5.025847308871,-40.53246196779,
    152.62387524391));
#3400 = CARTESIAN_POINT('',(5.08539301656,-40.47484408446,
    152.54946141225));
#3401 = CARTESIAN_POINT('',(5.22059675207,-40.34949554645,152.3743850573
    ));
#3402 = CARTESIAN_POINT('',(5.295917917574,-40.28365735102,
    152.27239499907));
#3403 = CARTESIAN_POINT('',(5.370119678086,-40.22234678723,
    152.16711071128));
#3404 = CARTESIAN_POINT('',(5.442853411127,-40.16538916082,
    152.05875272314));
#3405 = CARTESIAN_POINT('',(5.513794202475,-40.1125982903,
    151.94757455686));
#3406 = CARTESIAN_POINT('',(5.582643614507,-40.06377945972,
    151.83386608777));
#3407 = CARTESIAN_POINT('',(5.64913245455,-40.01873237138,
    151.71795690443));
#3408 = CARTESIAN_POINT('',(5.905787315812,-39.85211132017,
    151.24499839777));
#3409 = CARTESIAN_POINT('',(6.074501613695,-39.75971676434,
    150.87388155392));
#3410 = CARTESIAN_POINT('',(6.216286397756,-39.6920253138,
    150.49087431794));
#3411 = CARTESIAN_POINT('',(6.329991242736,-39.64330003715,
    150.09936753276));
#3412 = CARTESIAN_POINT('',(6.415160581343,-39.60942914093,
    149.70225042793));
#3413 = CARTESIAN_POINT('',(6.471788423126,-39.58777812567,
    149.30196108219));
#3414 = CARTESIAN_POINT('',(6.5,-39.57699095081,148.90056706642));
#3415 = CARTESIAN_POINT('',(6.5,-39.57699095081,148.5));
#3416 = PCURVE('',#1086,#3417);
#3417 = DEFINITIONAL_REPRESENTATION('',(#3418),#3463);
#3418 = B_SPLINE_CURVE_WITH_KNOTS('',8,(#3419,#3420,#3421,#3422,#3423,
    #3424,#3425,#3426,#3427,#3428,#3429,#3430,#3431,#3432,#3433,#3434,
    #3435,#3436,#3437,#3438,#3439,#3440,#3441,#3442,#3443,#3444,#3445,
    #3446,#3447,#3448,#3449,#3450,#3451,#3452,#3453,#3454,#3455,#3456,
    #3457,#3458,#3459,#3460,#3461,#3462),.UNSPECIFIED.,.F.,.F.,(9,7,7,7,
    7,7,9),(0.,0.198546039144,0.255915899058,0.356527330633,
    0.460856128987,0.595069401628,1.),.UNSPECIFIED.);
#3419 = CARTESIAN_POINT('',(2.195202236769,-5.5));
#3420 = CARTESIAN_POINT('',(2.195202236769,-5.304361693738));
#3421 = CARTESIAN_POINT('',(2.197176947052,-5.10851858786));
#3422 = CARTESIAN_POINT('',(2.201134266874,-4.913271055175));
#3423 = CARTESIAN_POINT('',(2.207078888007,-4.719419902362));
#3424 = CARTESIAN_POINT('',(2.21501406657,-4.527757099865));
#3425 = CARTESIAN_POINT('',(2.22494339487,-4.339056511779));
#3426 = CARTESIAN_POINT('',(2.236872573229,-4.154064625747));
#3427 = CARTESIAN_POINT('',(2.25483874151,-3.921314631874));
#3428 = CARTESIAN_POINT('',(2.259032418388,-3.86952873065));
#3429 = CARTESIAN_POINT('',(2.263391330412,-3.818161342472));
#3430 = CARTESIAN_POINT('',(2.267914488655,-3.767239036858));
#3431 = CARTESIAN_POINT('',(2.272600797309,-3.71678718954));
#3432 = CARTESIAN_POINT('',(2.277449053688,-3.66682998247));
#3433 = CARTESIAN_POINT('',(2.282457948226,-3.617390403816));
#3434 = CARTESIAN_POINT('',(2.296689561845,-3.482732418121));
#3435 = CARTESIAN_POINT('',(2.306245475893,-3.398608270243));
#3436 = CARTESIAN_POINT('',(2.3162810715,-3.316291016213));
#3437 = CARTESIAN_POINT('',(2.326781499977,-3.235933113187));
#3438 = CARTESIAN_POINT('',(2.337730052537,-3.157666541708));
#3439 = CARTESIAN_POINT('',(2.349108413773,-3.081603083808));
#3440 = CARTESIAN_POINT('',(2.360896915134,-3.007834601116));
#3441 = CARTESIAN_POINT('',(2.385702606774,-2.862393907342));
#3442 = CARTESIAN_POINT('',(2.398741956932,-2.790941621864));
#3443 = CARTESIAN_POINT('',(2.412166421557,-2.722166583067));
#3444 = CARTESIAN_POINT('',(2.425947440216,-2.656135630961));
#3445 = CARTESIAN_POINT('',(2.44005446051,-2.59289316129));
#3446 = CARTESIAN_POINT('',(2.454455089241,-2.532461967794));
#3447 = CARTESIAN_POINT('',(2.469115243568,-2.474844084467));
#3448 = CARTESIAN_POINT('',(2.503146826587,-2.349495546453));
#3449 = CARTESIAN_POINT('',(2.52264823771,-2.283657351028));
#3450 = CARTESIAN_POINT('',(2.542456129249,-2.222346787239));
#3451 = CARTESIAN_POINT('',(2.562523306785,-2.165389160825));
#3452 = CARTESIAN_POINT('',(2.582801986438,-2.112598290309));
#3453 = CARTESIAN_POINT('',(2.603242993542,-2.063779459728));
#3454 = CARTESIAN_POINT('',(2.623794961326,-2.01873237138));
#3455 = CARTESIAN_POINT('',(2.706580985764,-1.852111320175));
#3456 = CARTESIAN_POINT('',(2.769143112639,-1.75971676435));
#3457 = CARTESIAN_POINT('',(2.831703448459,-1.692025313805));
#3458 = CARTESIAN_POINT('',(2.894103764017,-1.643300037153));
#3459 = CARTESIAN_POINT('',(2.956274282326,-1.609429140928));
#3460 = CARTESIAN_POINT('',(3.018214054459,-1.587778125678));
#3461 = CARTESIAN_POINT('',(3.079966951064,-1.576990950813));
#3462 = CARTESIAN_POINT('',(3.14159265359,-1.576990950813));
#3463 = ( GEOMETRIC_REPRESENTATION_CONTEXT(2) 
PARAMETRIC_REPRESENTATION_CONTEXT() REPRESENTATION_CONTEXT('2D SPACE',''
  ) );
#3464 = PCURVE('',#3465,#3470);
#3465 = CYLINDRICAL_SURFACE('',#3466,4.2);
#3466 = AXIS2_PLACEMENT_3D('',#3467,#3468,#3469);
#3467 = CARTESIAN_POINT('',(8.,-43.5,117.));
#3468 = DIRECTION('',(0.,0.,-1.));
#3469 = DIRECTION('',(-1.,2.167578286173E-16,0.));
#3470 = DEFINITIONAL_REPRESENTATION('',(#3471),#3516);
#3471 = B_SPLINE_CURVE_WITH_KNOTS('',8,(#3472,#3473,#3474,#3475,#3476,
    #3477,#3478,#3479,#3480,#3481,#3482,#3483,#3484,#3485,#3486,#3487,
    #3488,#3489,#3490,#3491,#3492,#3493,#3494,#3495,#3496,#3497,#3498,
    #3499,#3500,#3501,#3502,#3503,#3504,#3505,#3506,#3507,#3508,#3509,
    #3510,#3511,#3512,#3513,#3514,#3515),.UNSPECIFIED.,.F.,.F.,(9,7,7,7,
    7,7,9),(0.,0.198546039144,0.255915899058,0.356527330633,
    0.460856128987,0.595069401628,1.),.UNSPECIFIED.);
#3472 = CARTESIAN_POINT('',(0.,-36.77351874937));
#3473 = CARTESIAN_POINT('',(4.658054911004E-02,-36.77351874937));
#3474 = CARTESIAN_POINT('',(9.320989835735E-02,-36.76601403216));
#3475 = CARTESIAN_POINT('',(0.139851382791,-36.75097730367));
#3476 = CARTESIAN_POINT('',(0.186469738532,-36.72827314956));
#3477 = CARTESIAN_POINT('',(0.233029631906,-36.69765575265));
#3478 = CARTESIAN_POINT('',(0.279494188571,-36.65876661036));
#3479 = CARTESIAN_POINT('',(0.32582352265,-36.61113225205));
#3480 = CARTESIAN_POINT('',(0.385308229951,-36.5377003948));
#3481 = CARTESIAN_POINT('',(0.398622598397,-36.52046625435));
#3482 = CARTESIAN_POINT('',(0.411912491764,-36.50244986826));
#3483 = CARTESIAN_POINT('',(0.425174097632,-36.48364163384));
#3484 = CARTESIAN_POINT('',(0.438403670594,-36.46403201256));
#3485 = CARTESIAN_POINT('',(0.451597532251,-36.44361153007));
#3486 = CARTESIAN_POINT('',(0.464752071219,-36.42237077619));
#3487 = CARTESIAN_POINT('',(0.500858118268,-36.36159486069));
#3488 = CARTESIAN_POINT('',(0.523727374486,-36.32032644313));
#3489 = CARTESIAN_POINT('',(0.546437735408,-36.27646679193));
#3490 = CARTESIAN_POINT('',(0.568957079088,-36.22999599798));
#3491 = CARTESIAN_POINT('',(0.591254789366,-36.18090365367));
#3492 = CARTESIAN_POINT('',(0.613301607222,-36.1291899032));
#3493 = CARTESIAN_POINT('',(0.635069482134,-36.0748664928));
#3494 = CARTESIAN_POINT('',(0.678786335345,-35.95894650158));
#3495 = CARTESIAN_POINT('',(0.70069971224,-35.89718882239));
#3496 = CARTESIAN_POINT('',(0.72223802348,-35.83272821588));
#3497 = CARTESIAN_POINT('',(0.743368588582,-35.76562846064));
#3498 = CARTESIAN_POINT('',(0.764059842748,-35.69597483058));
#3499 = CARTESIAN_POINT('',(0.784281602389,-35.62387524391));
#3500 = CARTESIAN_POINT('',(0.80400533065,-35.54946141225));
#3501 = CARTESIAN_POINT('',(0.847902955624,-35.3743850573));
#3502 = CARTESIAN_POINT('',(0.871711709045,-35.27239499907));
#3503 = CARTESIAN_POINT('',(0.894615112553,-35.16711071128));
#3504 = CARTESIAN_POINT('',(0.916596529543,-35.05875272314));
#3505 = CARTESIAN_POINT('',(0.937639132981,-34.94757455686));
#3506 = CARTESIAN_POINT('',(0.957726800935,-34.83386608777));
#3507 = CARTESIAN_POINT('',(0.97684501211,-34.71795690443));
#3508 = CARTESIAN_POINT('',(1.049701490676,-34.24499839777));
#3509 = CARTESIAN_POINT('',(1.095372872759,-33.87388155392));
#3510 = CARTESIAN_POINT('',(1.13271274902,-33.49087431794));
#3511 = CARTESIAN_POINT('',(1.162141038714,-33.09936753276));
#3512 = CARTESIAN_POINT('',(1.183963426606,-32.70225042793));
#3513 = CARTESIAN_POINT('',(1.198397701292,-32.30196108219));
#3514 = CARTESIAN_POINT('',(1.205589105505,-31.90056706642));
#3515 = CARTESIAN_POINT('',(1.205589105505,-31.5));
#3516 = ( GEOMETRIC_REPRESENTATION_CONTEXT(2) 
PARAMETRIC_REPRESENTATION_CONTEXT() REPRESENTATION_CONTEXT('2D SPACE',''
  ) );
#3517 = ORIENTED_EDGE('',*,*,#3518,.F.);
#3518 = EDGE_CURVE('',#1513,#3368,#3519,.T.);
#3519 = SURFACE_CURVE('',#3520,(#3524,#3531),.PCURVE_S1.);
#3520 = LINE('',#3521,#3522);
#3521 = CARTESIAN_POINT('',(6.5,-38.,148.5));
#3522 = VECTOR('',#3523,1.);
#3523 = DIRECTION('',(0.,-1.,0.));
#3524 = PCURVE('',#1086,#3525);
#3525 = DEFINITIONAL_REPRESENTATION('',(#3526),#3530);
#3526 = LINE('',#3527,#3528);
#3527 = CARTESIAN_POINT('',(3.14159265359,0.));
#3528 = VECTOR('',#3529,1.);
#3529 = DIRECTION('',(0.,-1.));
#3530 = ( GEOMETRIC_REPRESENTATION_CONTEXT(2) 
PARAMETRIC_REPRESENTATION_CONTEXT() REPRESENTATION_CONTEXT('2D SPACE',''
  ) );
#3531 = PCURVE('',#1555,#3532);
#3532 = DEFINITIONAL_REPRESENTATION('',(#3533),#3537);
#3533 = LINE('',#3534,#3535);
#3534 = CARTESIAN_POINT('',(-0.,0.));
#3535 = VECTOR('',#3536,1.);
#3536 = DIRECTION('',(0.,-1.));
#3537 = ( GEOMETRIC_REPRESENTATION_CONTEXT(2) 
PARAMETRIC_REPRESENTATION_CONTEXT() REPRESENTATION_CONTEXT('2D SPACE',''
  ) );
#3538 = ADVANCED_FACE('',(#3539),#1143,.F.);
#3539 = FACE_BOUND('',#3540,.F.);
#3540 = EDGE_LOOP('',(#3541,#3542,#3565,#3711,#3737,#3883,#3904,#3905,
    #3906,#4052,#4078,#4224));
#3541 = ORIENTED_EDGE('',*,*,#1566,.F.);
#3542 = ORIENTED_EDGE('',*,*,#3543,.T.);
#3543 = EDGE_CURVE('',#1541,#3544,#3546,.T.);
#3544 = VERTEX_POINT('',#3545);
#3545 = CARTESIAN_POINT('',(6.5,-39.57699095081,137.5));
#3546 = SURFACE_CURVE('',#3547,(#3551,#3558),.PCURVE_S1.);
#3547 = LINE('',#3548,#3549);
#3548 = CARTESIAN_POINT('',(6.5,-38.,137.5));
#3549 = VECTOR('',#3550,1.);
#3550 = DIRECTION('',(0.,-1.,0.));
#3551 = PCURVE('',#1143,#3552);
#3552 = DEFINITIONAL_REPRESENTATION('',(#3553),#3557);
#3553 = LINE('',#3554,#3555);
#3554 = CARTESIAN_POINT('',(0.,0.));
#3555 = VECTOR('',#3556,1.);
#3556 = DIRECTION('',(0.,-1.));
#3557 = ( GEOMETRIC_REPRESENTATION_CONTEXT(2) 
PARAMETRIC_REPRESENTATION_CONTEXT() REPRESENTATION_CONTEXT('2D SPACE',''
  ) );
#3558 = PCURVE('',#1555,#3559);
#3559 = DEFINITIONAL_REPRESENTATION('',(#3560),#3564);
#3560 = LINE('',#3561,#3562);
#3561 = CARTESIAN_POINT('',(11.,0.));
#3562 = VECTOR('',#3563,1.);
#3563 = DIRECTION('',(0.,-1.));
#3564 = ( GEOMETRIC_REPRESENTATION_CONTEXT(2) 
PARAMETRIC_REPRESENTATION_CONTEXT() REPRESENTATION_CONTEXT('2D SPACE',''
  ) );
#3565 = ORIENTED_EDGE('',*,*,#3566,.F.);
#3566 = EDGE_CURVE('',#3567,#3544,#3569,.T.);
#3567 = VERTEX_POINT('',#3568);
#3568 = CARTESIAN_POINT('',(3.8,-43.5,132.22648125062));
#3569 = SURFACE_CURVE('',#3570,(#3615,#3663),.PCURVE_S1.);
#3570 = B_SPLINE_CURVE_WITH_KNOTS('',8,(#3571,#3572,#3573,#3574,#3575,
    #3576,#3577,#3578,#3579,#3580,#3581,#3582,#3583,#3584,#3585,#3586,
    #3587,#3588,#3589,#3590,#3591,#3592,#3593,#3594,#3595,#3596,#3597,
    #3598,#3599,#3600,#3601,#3602,#3603,#3604,#3605,#3606,#3607,#3608,
    #3609,#3610,#3611,#3612,#3613,#3614),.UNSPECIFIED.,.F.,.F.,(9,7,7,7,
    7,7,9),(0.,0.198546043963,0.255915903576,0.356527334624,
    0.460856132431,0.595069404281,1.),.UNSPECIFIED.);
#3571 = CARTESIAN_POINT('',(3.8,-43.5,132.22648125062));
#3572 = CARTESIAN_POINT('',(3.8,-43.30436168827,132.22648125062));
#3573 = CARTESIAN_POINT('',(3.810415002779,-43.10851859094,
    132.23398596702));
#3574 = CARTESIAN_POINT('',(3.83128249628,-42.91327106063,
    132.24902269588));
#3575 = CARTESIAN_POINT('',(3.862547195579,-42.71941990241,
    132.27172685113));
#3576 = CARTESIAN_POINT('',(3.904061122075,-42.52775709446,
    132.30234424854));
#3577 = CARTESIAN_POINT('',(3.955583682663,-42.33905650863,
    132.34123338974));
#3578 = CARTESIAN_POINT('',(4.016781748925,-42.15406463107,
    132.38886774626));
#3579 = CARTESIAN_POINT('',(4.107585675237,-41.92131463187,
    132.46229960519));
#3580 = CARTESIAN_POINT('',(4.128705439726,-41.86952873065,
    132.47953374564));
#3581 = CARTESIAN_POINT('',(4.150573104378,-41.81816134247,
    132.49755013173));
#3582 = CARTESIAN_POINT('',(4.173171516303,-41.76723903685,
    132.51635836615));
#3583 = CARTESIAN_POINT('',(4.196482295112,-41.71678718954,
    132.53596798743));
#3584 = CARTESIAN_POINT('',(4.220485832918,-41.66682998247,
    132.55638846992));
#3585 = CARTESIAN_POINT('',(4.245161294338,-41.61739040381,
    132.57762922381));
#3586 = CARTESIAN_POINT('',(4.31490047632,-41.48273241812,132.6384051393
    ));
#3587 = CARTESIAN_POINT('',(4.36132636056,-41.39860827024,
    132.67967355686));
#3588 = CARTESIAN_POINT('',(4.409620207223,-41.31629101621,
    132.72353320806));
#3589 = CARTESIAN_POINT('',(4.459622224033,-41.23593311318,
    132.77000400201));
#3590 = CARTESIAN_POINT('',(4.511159658393,-41.1576665417,
    132.81909634632));
#3591 = CARTESIAN_POINT('',(4.564049567354,-41.0816030838,
    132.87081009679));
#3592 = CARTESIAN_POINT('',(4.618101587588,-41.00783460111,
    132.92513350719));
#3593 = CARTESIAN_POINT('',(4.730172656141,-40.86239390734,
    133.04105349841));
#3594 = CARTESIAN_POINT('',(4.788232216864,-40.79094162186,
    133.1028111776));
#3595 = CARTESIAN_POINT('',(4.847069151609,-40.72216658306,
    133.16727178411));
#3596 = CARTESIAN_POINT('',(4.906445340696,-40.65613563096,
    133.23437153935));
#3597 = CARTESIAN_POINT('',(4.966118734766,-40.59289316129,
    133.30402516941));
#3598 = CARTESIAN_POINT('',(5.025847308871,-40.53246196779,
    133.37612475608));
#3599 = CARTESIAN_POINT('',(5.08539301656,-40.47484408446,
    133.45053858774));
#3600 = CARTESIAN_POINT('',(5.22059675202,-40.34949554649,
    133.62561494263));
#3601 = CARTESIAN_POINT('',(5.295917917554,-40.28365735104,
    133.72760500088));
#3602 = CARTESIAN_POINT('',(5.37011967811,-40.22234678721,
    133.83288928874));
#3603 = CARTESIAN_POINT('',(5.442853411171,-40.16538916079,
    133.94124727692));
#3604 = CARTESIAN_POINT('',(5.513794202502,-40.11259829029,
    134.05242544318));
#3605 = CARTESIAN_POINT('',(5.582643614493,-40.06377945974,
    134.1661339122));
#3606 = CARTESIAN_POINT('',(5.649132454507,-40.0187323714,
    134.28204309548));
#3607 = CARTESIAN_POINT('',(5.905787315813,-39.85211132017,
    134.75500160222));
#3608 = CARTESIAN_POINT('',(6.074501613695,-39.75971676434,
    135.12611844607));
#3609 = CARTESIAN_POINT('',(6.216286397756,-39.6920253138,
    135.50912568205));
#3610 = CARTESIAN_POINT('',(6.329991242736,-39.64330003714,
    135.90063246722));
#3611 = CARTESIAN_POINT('',(6.415160581345,-39.60942914093,
    136.29774957207));
#3612 = CARTESIAN_POINT('',(6.471788423125,-39.58777812567,
    136.6980389178));
#3613 = CARTESIAN_POINT('',(6.5,-39.57699095081,137.09943293357));
#3614 = CARTESIAN_POINT('',(6.5,-39.57699095081,137.5));
#3615 = PCURVE('',#1143,#3616);
#3616 = DEFINITIONAL_REPRESENTATION('',(#3617),#3662);
#3617 = B_SPLINE_CURVE_WITH_KNOTS('',8,(#3618,#3619,#3620,#3621,#3622,
    #3623,#3624,#3625,#3626,#3627,#3628,#3629,#3630,#3631,#3632,#3633,
    #3634,#3635,#3636,#3637,#3638,#3639,#3640,#3641,#3642,#3643,#3644,
    #3645,#3646,#3647,#3648,#3649,#3650,#3651,#3652,#3653,#3654,#3655,
    #3656,#3657,#3658,#3659,#3660,#3661),.UNSPECIFIED.,.F.,.F.,(9,7,7,7,
    7,7,9),(0.,0.198546043963,0.255915903576,0.356527334624,
    0.460856132431,0.595069404281,1.),.UNSPECIFIED.);
#3618 = CARTESIAN_POINT('',(0.946390416821,-5.5));
#3619 = CARTESIAN_POINT('',(0.946390416821,-5.304361688272));
#3620 = CARTESIAN_POINT('',(0.944415706738,-5.108518590946));
#3621 = CARTESIAN_POINT('',(0.940458386825,-4.913271060634));
#3622 = CARTESIAN_POINT('',(0.934513765412,-4.719419902419));
#3623 = CARTESIAN_POINT('',(0.926578586723,-4.527757094469));
#3624 = CARTESIAN_POINT('',(0.916649258691,-4.339056508637));
#3625 = CARTESIAN_POINT('',(0.904720080773,-4.154064631077));
#3626 = CARTESIAN_POINT('',(0.88675391208,-3.921314631874));
#3627 = CARTESIAN_POINT('',(0.882560235202,-3.86952873065));
#3628 = CARTESIAN_POINT('',(0.878201323178,-3.818161342473));
#3629 = CARTESIAN_POINT('',(0.873678164935,-3.767239036858));
#3630 = CARTESIAN_POINT('',(0.868991856281,-3.71678718954));
#3631 = CARTESIAN_POINT('',(0.864143599902,-3.66682998247));
#3632 = CARTESIAN_POINT('',(0.859134705364,-3.617390403816));
#3633 = CARTESIAN_POINT('',(0.844903091745,-3.482732418121));
#3634 = CARTESIAN_POINT('',(0.835347177697,-3.398608270243));
#3635 = CARTESIAN_POINT('',(0.82531158209,-3.316291016213));
#3636 = CARTESIAN_POINT('',(0.814811153613,-3.235933113187));
#3637 = CARTESIAN_POINT('',(0.803862601053,-3.157666541708));
#3638 = CARTESIAN_POINT('',(0.792484239817,-3.081603083808));
#3639 = CARTESIAN_POINT('',(0.780695738456,-3.007834601116));
#3640 = CARTESIAN_POINT('',(0.755890046816,-2.862393907342));
#3641 = CARTESIAN_POINT('',(0.742850696658,-2.790941621864));
#3642 = CARTESIAN_POINT('',(0.729426232032,-2.722166583067));
#3643 = CARTESIAN_POINT('',(0.715645213374,-2.656135630961));
#3644 = CARTESIAN_POINT('',(0.70153819308,-2.59289316129));
#3645 = CARTESIAN_POINT('',(0.687137564349,-2.532461967794));
#3646 = CARTESIAN_POINT('',(0.672477410022,-2.474844084467));
#3647 = CARTESIAN_POINT('',(0.638445827015,-2.349495546498));
#3648 = CARTESIAN_POINT('',(0.618944415886,-2.283657351042));
#3649 = CARTESIAN_POINT('',(0.599136524335,-2.222346787216));
#3650 = CARTESIAN_POINT('',(0.579069346792,-2.165389160791));
#3651 = CARTESIAN_POINT('',(0.558790667143,-2.112598290292));
#3652 = CARTESIAN_POINT('',(0.538349660051,-2.063779459741));
#3653 = CARTESIAN_POINT('',(0.517797692278,-2.018732371408));
#3654 = CARTESIAN_POINT('',(0.435011667825,-1.852111320175));
#3655 = CARTESIAN_POINT('',(0.372449540951,-1.759716764349));
#3656 = CARTESIAN_POINT('',(0.30988920513,-1.692025313807));
#3657 = CARTESIAN_POINT('',(0.247488889573,-1.64330003715));
#3658 = CARTESIAN_POINT('',(0.185318371263,-1.609429140929));
#3659 = CARTESIAN_POINT('',(0.12337859913,-1.587778125677));
#3660 = CARTESIAN_POINT('',(6.162570252685E-02,-1.576990950813));
#3661 = CARTESIAN_POINT('',(0.,-1.576990950813));
#3662 = ( GEOMETRIC_REPRESENTATION_CONTEXT(2) 
PARAMETRIC_REPRESENTATION_CONTEXT() REPRESENTATION_CONTEXT('2D SPACE',''
  ) );
#3663 = PCURVE('',#3465,#3664);
#3664 = DEFINITIONAL_REPRESENTATION('',(#3665),#3710);
#3665 = B_SPLINE_CURVE_WITH_KNOTS('',8,(#3666,#3667,#3668,#3669,#3670,
    #3671,#3672,#3673,#3674,#3675,#3676,#3677,#3678,#3679,#3680,#3681,
    #3682,#3683,#3684,#3685,#3686,#3687,#3688,#3689,#3690,#3691,#3692,
    #3693,#3694,#3695,#3696,#3697,#3698,#3699,#3700,#3701,#3702,#3703,
    #3704,#3705,#3706,#3707,#3708,#3709),.UNSPECIFIED.,.F.,.F.,(9,7,7,7,
    7,7,9),(0.,0.198546043963,0.255915903576,0.356527334624,
    0.460856132431,0.595069404281,1.),.UNSPECIFIED.);
#3666 = CARTESIAN_POINT('',(0.,-15.22648125062));
#3667 = CARTESIAN_POINT('',(4.658055041134E-02,-15.22648125062));
#3668 = CARTESIAN_POINT('',(9.320989758133E-02,-15.23398596702));
#3669 = CARTESIAN_POINT('',(0.13985138147,-15.24902269588));
#3670 = CARTESIAN_POINT('',(0.186469738557,-15.27172685113));
#3671 = CARTESIAN_POINT('',(0.233029633253,-15.30234424854));
#3672 = CARTESIAN_POINT('',(0.279494189322,-15.34123338974));
#3673 = CARTESIAN_POINT('',(0.325823521288,-15.38886774626));
#3674 = CARTESIAN_POINT('',(0.385308229951,-15.46229960519));
#3675 = CARTESIAN_POINT('',(0.398622598397,-15.47953374564));
#3676 = CARTESIAN_POINT('',(0.411912491764,-15.49755013173));
#3677 = CARTESIAN_POINT('',(0.425174097632,-15.51635836615));
#3678 = CARTESIAN_POINT('',(0.438403670593,-15.53596798743));
#3679 = CARTESIAN_POINT('',(0.451597532251,-15.55638846992));
#3680 = CARTESIAN_POINT('',(0.464752071219,-15.57762922381));
#3681 = CARTESIAN_POINT('',(0.500858118268,-15.6384051393));
#3682 = CARTESIAN_POINT('',(0.523727374486,-15.67967355686));
#3683 = CARTESIAN_POINT('',(0.546437735408,-15.72353320806));
#3684 = CARTESIAN_POINT('',(0.568957079088,-15.77000400201));
#3685 = CARTESIAN_POINT('',(0.591254789366,-15.81909634632));
#3686 = CARTESIAN_POINT('',(0.613301607222,-15.87081009679));
#3687 = CARTESIAN_POINT('',(0.635069482134,-15.92513350719));
#3688 = CARTESIAN_POINT('',(0.678786335345,-16.04105349841));
#3689 = CARTESIAN_POINT('',(0.70069971224,-16.1028111776));
#3690 = CARTESIAN_POINT('',(0.72223802348,-16.16727178411));
#3691 = CARTESIAN_POINT('',(0.743368588582,-16.23437153935));
#3692 = CARTESIAN_POINT('',(0.764059842748,-16.30402516941));
#3693 = CARTESIAN_POINT('',(0.784281602389,-16.37612475608));
#3694 = CARTESIAN_POINT('',(0.80400533065,-16.45053858774));
#3695 = CARTESIAN_POINT('',(0.847902955608,-16.62561494263));
#3696 = CARTESIAN_POINT('',(0.871711709039,-16.72760500088));
#3697 = CARTESIAN_POINT('',(0.894615112561,-16.83288928874));
#3698 = CARTESIAN_POINT('',(0.916596529556,-16.94124727692));
#3699 = CARTESIAN_POINT('',(0.937639132988,-17.05242544318));
#3700 = CARTESIAN_POINT('',(0.957726800931,-17.1661339122));
#3701 = CARTESIAN_POINT('',(0.976845012097,-17.28204309548));
#3702 = CARTESIAN_POINT('',(1.049701490676,-17.75500160222));
#3703 = CARTESIAN_POINT('',(1.095372872759,-18.12611844607));
#3704 = CARTESIAN_POINT('',(1.13271274902,-18.50912568205));
#3705 = CARTESIAN_POINT('',(1.162141038714,-18.90063246722));
#3706 = CARTESIAN_POINT('',(1.183963426606,-19.29774957207));
#3707 = CARTESIAN_POINT('',(1.198397701291,-19.6980389178));
#3708 = CARTESIAN_POINT('',(1.205589105505,-20.09943293357));
#3709 = CARTESIAN_POINT('',(1.205589105505,-20.5));
#3710 = ( GEOMETRIC_REPRESENTATION_CONTEXT(2) 
PARAMETRIC_REPRESENTATION_CONTEXT() REPRESENTATION_CONTEXT('2D SPACE',''
  ) );
#3711 = ORIENTED_EDGE('',*,*,#3712,.F.);
#3712 = EDGE_CURVE('',#3713,#3567,#3715,.T.);
#3713 = VERTEX_POINT('',#3714);
#3714 = CARTESIAN_POINT('',(3.8,-46.5,132.22648125062));
#3715 = SURFACE_CURVE('',#3716,(#3720,#3726),.PCURVE_S1.);
#3716 = LINE('',#3717,#3718);
#3717 = CARTESIAN_POINT('',(3.8,-38.,132.22648125062));
#3718 = VECTOR('',#3719,1.);
#3719 = DIRECTION('',(-0.,1.,0.));
#3720 = PCURVE('',#1143,#3721);
#3721 = DEFINITIONAL_REPRESENTATION('',(#3722),#3725);
#3722 = B_SPLINE_CURVE_WITH_KNOTS('',1,(#3723,#3724),.UNSPECIFIED.,.F.,
  .F.,(2,2),(-8.8,-5.2),.PIECEWISE_BEZIER_KNOTS.);
#3723 = CARTESIAN_POINT('',(0.946390416821,-8.8));
#3724 = CARTESIAN_POINT('',(0.946390416821,-5.2));
#3725 = ( GEOMETRIC_REPRESENTATION_CONTEXT(2) 
PARAMETRIC_REPRESENTATION_CONTEXT() REPRESENTATION_CONTEXT('2D SPACE',''
  ) );
#3726 = PCURVE('',#3727,#3732);
#3727 = PLANE('',#3728);
#3728 = AXIS2_PLACEMENT_3D('',#3729,#3730,#3731);
#3729 = CARTESIAN_POINT('',(3.8,-46.5,117.));
#3730 = DIRECTION('',(-1.,1.110223024625E-16,0.));
#3731 = DIRECTION('',(1.110223024625E-16,1.,0.));
#3732 = DEFINITIONAL_REPRESENTATION('',(#3733),#3736);
#3733 = B_SPLINE_CURVE_WITH_KNOTS('',1,(#3734,#3735),.UNSPECIFIED.,.F.,
  .F.,(2,2),(-8.8,-5.2),.PIECEWISE_BEZIER_KNOTS.);
#3734 = CARTESIAN_POINT('',(-0.3,-15.22648125062));
#3735 = CARTESIAN_POINT('',(3.3,-15.22648125062));
#3736 = ( GEOMETRIC_REPRESENTATION_CONTEXT(2) 
PARAMETRIC_REPRESENTATION_CONTEXT() REPRESENTATION_CONTEXT('2D SPACE',''
  ) );
#3737 = ORIENTED_EDGE('',*,*,#3738,.F.);
#3738 = EDGE_CURVE('',#3739,#3713,#3741,.T.);
#3739 = VERTEX_POINT('',#3740);
#3740 = CARTESIAN_POINT('',(6.5,-50.42300904918,137.5));
#3741 = SURFACE_CURVE('',#3742,(#3787,#3835),.PCURVE_S1.);
#3742 = B_SPLINE_CURVE_WITH_KNOTS('',8,(#3743,#3744,#3745,#3746,#3747,
    #3748,#3749,#3750,#3751,#3752,#3753,#3754,#3755,#3756,#3757,#3758,
    #3759,#3760,#3761,#3762,#3763,#3764,#3765,#3766,#3767,#3768,#3769,
    #3770,#3771,#3772,#3773,#3774,#3775,#3776,#3777,#3778,#3779,#3780,
    #3781,#3782,#3783,#3784,#3785,#3786),.UNSPECIFIED.,.F.,.F.,(9,7,7,7,
    7,7,9),(0.,0.403528187149,0.540061858921,0.643893405432,
    0.74322709246,0.800862886615,1.),.UNSPECIFIED.);
#3743 = CARTESIAN_POINT('',(6.5,-50.42300904918,137.5));
#3744 = CARTESIAN_POINT('',(6.5,-50.42300904918,137.10079631978));
#3745 = CARTESIAN_POINT('',(6.471980136438,-50.41229518973,
    136.70078702439));
#3746 = CARTESIAN_POINT('',(6.415741685949,-50.39079300512,
    136.30187753193));
#3747 = CARTESIAN_POINT('',(6.331161689537,-50.3571652285,
    135.90610869927));
#3748 = CARTESIAN_POINT('',(6.218245104832,-50.30881331934,
    135.51588555223));
#3749 = CARTESIAN_POINT('',(6.07743567695,-50.24168292222,135.1340577312
    ));
#3750 = CARTESIAN_POINT('',(5.90985793258,-50.15011633537,
    134.76397018137));
#3751 = CARTESIAN_POINT('',(5.653523496888,-49.98425113142,
    134.28966513091));
#3752 = CARTESIAN_POINT('',(5.586017627989,-49.93863953883,
    134.17162704524));
#3753 = CARTESIAN_POINT('',(5.51605771304,-49.8891351421,134.05585384419
    ));
#3754 = CARTESIAN_POINT('',(5.443925744308,-49.83552680571,
    133.94269289662));
#3755 = CARTESIAN_POINT('',(5.369935095757,-49.7776092603,
    133.83244920211));
#3756 = CARTESIAN_POINT('',(5.294427526092,-49.7151863161,
    133.72538900714));
#3757 = CARTESIAN_POINT('',(5.217770181804,-49.64807407645,
    133.62174342128));
#3758 = CARTESIAN_POINT('',(5.081477839736,-49.52137224112,
    133.44563985592));
#3759 = CARTESIAN_POINT('',(5.022205469778,-49.46387010064,
    133.37171200482));
#3760 = CARTESIAN_POINT('',(4.962762836569,-49.40358102193,
    133.3000821664));
#3761 = CARTESIAN_POINT('',(4.903384952122,-49.34050792112,
    133.23087954403));
#3762 = CARTESIAN_POINT('',(4.844310629824,-49.2746741708,
    133.16420999134));
#3763 = CARTESIAN_POINT('',(4.785778620028,-49.20612443262,
    133.10015714534));
#3764 = CARTESIAN_POINT('',(4.728023745636,-49.13492548979,
    133.0387835596));
#3765 = CARTESIAN_POINT('',(4.61698070313,-48.99060379657,
    132.92402083825));
#3766 = CARTESIAN_POINT('',(4.56363558889,-48.91773449897,
    132.87043018683));
#3767 = CARTESIAN_POINT('',(4.511425412696,-48.84262919806,
    132.81938327332));
#3768 = CARTESIAN_POINT('',(4.460533421237,-48.76537660031,
    132.77089144841));
#3769 = CARTESIAN_POINT('',(4.411135786871,-48.68608436849,
    132.72495501156));
#3770 = CARTESIAN_POINT('',(4.363399004331,-48.60487938268,
    132.68156419923));
#3771 = CARTESIAN_POINT('',(4.317477287429,-48.52190800129,
    132.64070017317));
#3772 = CARTESIAN_POINT('',(4.247999068331,-48.38826579982,
    132.58007619769));
#3773 = CARTESIAN_POINT('',(4.22314195362,-48.33864859994,
    132.55865443854));
#3774 = CARTESIAN_POINT('',(4.198961133525,-48.28850680298,
    132.53806131677));
#3775 = CARTESIAN_POINT('',(4.175477867251,-48.23786371345,
    132.5182873439));
#3776 = CARTESIAN_POINT('',(4.152712161318,-48.1867438598,
    132.49932295736));
#3777 = CARTESIAN_POINT('',(4.130682769556,-48.13517299442,
    132.4811585205));
#3778 = CARTESIAN_POINT('',(4.109407193106,-48.08317809364,
    132.46378432256));
#3779 = CARTESIAN_POINT('',(4.018053197043,-47.84977241605,
    132.38985762617));
#3780 = CARTESIAN_POINT('',(3.956501237848,-47.6642993741,
    132.34192635622));
#3781 = CARTESIAN_POINT('',(3.904677551571,-47.4750840881,
    132.30279885971));
#3782 = CARTESIAN_POINT('',(3.862918876837,-47.28287940106,
    132.27199645139));
#3783 = CARTESIAN_POINT('',(3.831468480948,-47.0884659796,
    132.24915665339));
#3784 = CARTESIAN_POINT('',(3.81047663138,-46.89264297567,
    132.23403065525));
#3785 = CARTESIAN_POINT('',(3.8,-46.69621851326,132.22648125062));
#3786 = CARTESIAN_POINT('',(3.8,-46.5,132.22648125062));
#3787 = PCURVE('',#1143,#3788);
#3788 = DEFINITIONAL_REPRESENTATION('',(#3789),#3834);
#3789 = B_SPLINE_CURVE_WITH_KNOTS('',8,(#3790,#3791,#3792,#3793,#3794,
    #3795,#3796,#3797,#3798,#3799,#3800,#3801,#3802,#3803,#3804,#3805,
    #3806,#3807,#3808,#3809,#3810,#3811,#3812,#3813,#3814,#3815,#3816,
    #3817,#3818,#3819,#3820,#3821,#3822,#3823,#3824,#3825,#3826,#3827,
    #3828,#3829,#3830,#3831,#3832,#3833),.UNSPECIFIED.,.F.,.F.,(9,7,7,7,
    7,7,9),(0.,0.403528187149,0.540061858921,0.643893405432,
    0.74322709246,0.800862886615,1.),.UNSPECIFIED.);
#3790 = CARTESIAN_POINT('',(0.,-12.42300904918));
#3791 = CARTESIAN_POINT('',(6.141595080272E-02,-12.42300904918));
#3792 = CARTESIAN_POINT('',(0.122955814989,-12.41229518973));
#3793 = CARTESIAN_POINT('',(0.184679665752,-12.39079300512));
#3794 = CARTESIAN_POINT('',(0.246631687694,-12.3571652285));
#3795 = CARTESIAN_POINT('',(0.308811977713,-12.30881331934));
#3796 = CARTESIAN_POINT('',(0.371152992946,-12.24168292222));
#3797 = CARTESIAN_POINT('',(0.433500155638,-12.15011633537));
#3798 = CARTESIAN_POINT('',(0.516444868645,-11.98425113142));
#3799 = CARTESIAN_POINT('',(0.537358498266,-11.93863953883));
#3800 = CARTESIAN_POINT('',(0.558159216474,-11.8891351421));
#3801 = CARTESIAN_POINT('',(0.578793034183,-11.83552680571));
#3802 = CARTESIAN_POINT('',(0.59920829736,-11.7776092603));
#3803 = CARTESIAN_POINT('',(0.619354820266,-11.7151863161));
#3804 = CARTESIAN_POINT('',(0.639183018706,-11.64807407645));
#3805 = CARTESIAN_POINT('',(0.673442062599,-11.52137224112));
#3806 = CARTESIAN_POINT('',(0.688017610891,-11.46387010064));
#3807 = CARTESIAN_POINT('',(0.702334586593,-11.40358102193));
#3808 = CARTESIAN_POINT('',(0.716359404482,-11.34050792112));
#3809 = CARTESIAN_POINT('',(0.730060143428,-11.2746741708));
#3810 = CARTESIAN_POINT('',(0.743406694149,-11.20612443262));
#3811 = CARTESIAN_POINT('',(0.756370906963,-11.13492548979));
#3812 = CARTESIAN_POINT('',(0.780938668347,-10.99060379657));
#3813 = CARTESIAN_POINT('',(0.792570598549,-10.91773449897));
#3814 = CARTESIAN_POINT('',(0.803802533358,-10.84262919806));
#3815 = CARTESIAN_POINT('',(0.81461552938,-10.76537660031));
#3816 = CARTESIAN_POINT('',(0.82499193455,-10.68608436849));
#3817 = CARTESIAN_POINT('',(0.83491562607,-10.60487938268));
#3818 = CARTESIAN_POINT('',(0.844372248341,-10.52190800129));
#3819 = CARTESIAN_POINT('',(0.858558239707,-10.38826579982));
#3820 = CARTESIAN_POINT('',(0.863606480388,-10.33864859994));
#3821 = CARTESIAN_POINT('',(0.868492718108,-10.28850680298));
#3822 = CARTESIAN_POINT('',(0.873215607737,-10.23786371345));
#3823 = CARTESIAN_POINT('',(0.87777391384,-10.1867438598));
#3824 = CARTESIAN_POINT('',(0.882166510679,-10.13517299442));
#3825 = CARTESIAN_POINT('',(0.886392382211,-10.08317809364));
#3826 = CARTESIAN_POINT('',(0.904472224225,-9.84977241605));
#3827 = CARTESIAN_POINT('',(0.916472145119,-9.664299374107));
#3828 = CARTESIAN_POINT('',(0.92646080554,-9.475084088108));
#3829 = CARTESIAN_POINT('',(0.934443396645,-9.282879401069));
#3830 = CARTESIAN_POINT('',(0.940423173526,-9.088465979606));
#3831 = CARTESIAN_POINT('',(0.944403753166,-8.892642975677));
#3832 = CARTESIAN_POINT('',(0.946390416821,-8.696218513263));
#3833 = CARTESIAN_POINT('',(0.946390416821,-8.5));
#3834 = ( GEOMETRIC_REPRESENTATION_CONTEXT(2) 
PARAMETRIC_REPRESENTATION_CONTEXT() REPRESENTATION_CONTEXT('2D SPACE',''
  ) );
#3835 = PCURVE('',#3288,#3836);
#3836 = DEFINITIONAL_REPRESENTATION('',(#3837),#3882);
#3837 = B_SPLINE_CURVE_WITH_KNOTS('',8,(#3838,#3839,#3840,#3841,#3842,
    #3843,#3844,#3845,#3846,#3847,#3848,#3849,#3850,#3851,#3852,#3853,
    #3854,#3855,#3856,#3857,#3858,#3859,#3860,#3861,#3862,#3863,#3864,
    #3865,#3866,#3867,#3868,#3869,#3870,#3871,#3872,#3873,#3874,#3875,
    #3876,#3877,#3878,#3879,#3880,#3881),.UNSPECIFIED.,.F.,.F.,(9,7,7,7,
    7,7,9),(0.,0.403528187149,0.540061858921,0.643893405432,
    0.74322709246,0.800862886615,1.),.UNSPECIFIED.);
#3838 = CARTESIAN_POINT('',(1.936003548085,-20.5));
#3839 = CARTESIAN_POINT('',(1.936003548085,-20.10079631978));
#3840 = CARTESIAN_POINT('',(1.943146078115,-19.70078702439));
#3841 = CARTESIAN_POINT('',(1.957481118831,-19.30187753193));
#3842 = CARTESIAN_POINT('',(1.979151722126,-18.90610869927));
#3843 = CARTESIAN_POINT('',(2.008373036414,-18.51588555223));
#3844 = CARTESIAN_POINT('',(2.04544719262,-18.1340577312));
#3845 = CARTESIAN_POINT('',(2.090789380636,-17.76397018137));
#3846 = CARTESIAN_POINT('',(2.163483958375,-17.28966513091));
#3847 = CARTESIAN_POINT('',(2.182877902471,-17.17162704524));
#3848 = CARTESIAN_POINT('',(2.203275336403,-17.05585384419));
#3849 = CARTESIAN_POINT('',(2.224661100927,-16.94269289662));
#3850 = CARTESIAN_POINT('',(2.247018303135,-16.83244920211));
#3851 = CARTESIAN_POINT('',(2.270329289198,-16.72538900714));
#3852 = CARTESIAN_POINT('',(2.294576617116,-16.62174342128));
#3853 = CARTESIAN_POINT('',(2.338883420582,-16.44563985592));
#3854 = CARTESIAN_POINT('',(2.358541271871,-16.37171200482));
#3855 = CARTESIAN_POINT('',(2.378691209223,-16.3000821664));
#3856 = CARTESIAN_POINT('',(2.399304986774,-16.23087954403));
#3857 = CARTESIAN_POINT('',(2.420352741156,-16.16420999134));
#3858 = CARTESIAN_POINT('',(2.441803245763,-16.10015714534));
#3859 = CARTESIAN_POINT('',(2.463624165015,-16.0387835596));
#3860 = CARTESIAN_POINT('',(2.506980587711,-15.92402083825));
#3861 = CARTESIAN_POINT('',(2.528476519478,-15.87043018683));
#3862 = CARTESIAN_POINT('',(2.550244065326,-15.81938327332));
#3863 = CARTESIAN_POINT('',(2.572256174495,-15.77089144841));
#3864 = CARTESIAN_POINT('',(2.594484644539,-15.72495501156));
#3865 = CARTESIAN_POINT('',(2.616899981811,-15.68156419923));
#3866 = CARTESIAN_POINT('',(2.63947126195,-15.64070017317));
#3867 = CARTESIAN_POINT('',(2.675334017584,-15.58007619769));
#3868 = CARTESIAN_POINT('',(2.68854570599,-15.55865443854));
#3869 = CARTESIAN_POINT('',(2.701797443603,-15.53806131677));
#3870 = CARTESIAN_POINT('',(2.715085549829,-15.5182873439));
#3871 = CARTESIAN_POINT('',(2.728406275459,-15.49932295736));
#3872 = CARTESIAN_POINT('',(2.741755802669,-15.4811585205));
#3873 = CARTESIAN_POINT('',(2.755130245016,-15.46378432256));
#3874 = CARTESIAN_POINT('',(2.814808028218,-15.38985762617));
#3875 = CARTESIAN_POINT('',(2.861272092258,-15.34192635622));
#3876 = CARTESIAN_POINT('',(2.907872770263,-15.30279885971));
#3877 = CARTESIAN_POINT('',(2.954569893638,-15.27199645139));
#3878 = CARTESIAN_POINT('',(3.001326306542,-15.24915665339));
#3879 = CARTESIAN_POINT('',(3.0481062417,-15.23403065525));
#3880 = CARTESIAN_POINT('',(3.094873959956,-15.22648125062));
#3881 = CARTESIAN_POINT('',(3.14159265359,-15.22648125062));
#3882 = ( GEOMETRIC_REPRESENTATION_CONTEXT(2) 
PARAMETRIC_REPRESENTATION_CONTEXT() REPRESENTATION_CONTEXT('2D SPACE',''
  ) );
#3883 = ORIENTED_EDGE('',*,*,#3884,.T.);
#3884 = EDGE_CURVE('',#3739,#1099,#3885,.T.);
#3885 = SURFACE_CURVE('',#3886,(#3890,#3897),.PCURVE_S1.);
#3886 = LINE('',#3887,#3888);
#3887 = CARTESIAN_POINT('',(6.5,-38.,137.5));
#3888 = VECTOR('',#3889,1.);
#3889 = DIRECTION('',(0.,-1.,0.));
#3890 = PCURVE('',#1143,#3891);
#3891 = DEFINITIONAL_REPRESENTATION('',(#3892),#3896);
#3892 = LINE('',#3893,#3894);
#3893 = CARTESIAN_POINT('',(0.,0.));
#3894 = VECTOR('',#3895,1.);
#3895 = DIRECTION('',(0.,-1.));
#3896 = ( GEOMETRIC_REPRESENTATION_CONTEXT(2) 
PARAMETRIC_REPRESENTATION_CONTEXT() REPRESENTATION_CONTEXT('2D SPACE',''
  ) );
#3897 = PCURVE('',#1113,#3898);
#3898 = DEFINITIONAL_REPRESENTATION('',(#3899),#3903);
#3899 = LINE('',#3900,#3901);
#3900 = CARTESIAN_POINT('',(11.,0.));
#3901 = VECTOR('',#3902,1.);
#3902 = DIRECTION('',(0.,-1.));
#3903 = ( GEOMETRIC_REPRESENTATION_CONTEXT(2) 
PARAMETRIC_REPRESENTATION_CONTEXT() REPRESENTATION_CONTEXT('2D SPACE',''
  ) );
#3904 = ORIENTED_EDGE('',*,*,#1124,.T.);
#3905 = ORIENTED_EDGE('',*,*,#2774,.F.);
#3906 = ORIENTED_EDGE('',*,*,#3907,.F.);
#3907 = EDGE_CURVE('',#3908,#2749,#3910,.T.);
#3908 = VERTEX_POINT('',#3909);
#3909 = CARTESIAN_POINT('',(-3.8,-46.5,132.22648125062));
#3910 = SURFACE_CURVE('',#3911,(#3956,#4004),.PCURVE_S1.);
#3911 = B_SPLINE_CURVE_WITH_KNOTS('',8,(#3912,#3913,#3914,#3915,#3916,
    #3917,#3918,#3919,#3920,#3921,#3922,#3923,#3924,#3925,#3926,#3927,
    #3928,#3929,#3930,#3931,#3932,#3933,#3934,#3935,#3936,#3937,#3938,
    #3939,#3940,#3941,#3942,#3943,#3944,#3945,#3946,#3947,#3948,#3949,
    #3950,#3951,#3952,#3953,#3954,#3955),.UNSPECIFIED.,.F.,.F.,(9,7,7,7,
    7,7,9),(0.,0.198546026429,0.255915884279,0.356527317853,
    0.460856118278,0.595069393584,1.),.UNSPECIFIED.);
#3912 = CARTESIAN_POINT('',(-3.8,-46.5,132.22648125062));
#3913 = CARTESIAN_POINT('',(-3.8,-46.69563831164,132.22648125062));
#3914 = CARTESIAN_POINT('',(-3.810415002794,-46.8914814091,
    132.23398596703));
#3915 = CARTESIAN_POINT('',(-3.831282496288,-47.08672893944,
    132.24902269589));
#3916 = CARTESIAN_POINT('',(-3.862547195566,-47.28058009758,
    132.27172685112));
#3917 = CARTESIAN_POINT('',(-3.904061122052,-47.47224290545,
    132.30234424852));
#3918 = CARTESIAN_POINT('',(-3.955583682661,-47.66094349131,
    132.34123338974));
#3919 = CARTESIAN_POINT('',(-4.016781748956,-47.845935369,
    132.38886774628));
#3920 = CARTESIAN_POINT('',(-4.1075856764,-48.0786853711,132.46229960613
    ));
#3921 = CARTESIAN_POINT('',(-4.128705440079,-48.13047127059,
    132.4795337459));
#3922 = CARTESIAN_POINT('',(-4.150573103626,-48.18183865614,
    132.49755013107));
#3923 = CARTESIAN_POINT('',(-4.17317151514,-48.23276096056,
    132.51635836517));
#3924 = CARTESIAN_POINT('',(-4.196482294539,-48.28321280889,
    132.53596798698));
#3925 = CARTESIAN_POINT('',(-4.220485833558,-48.33317001848,
    132.55638847051));
#3926 = CARTESIAN_POINT('',(-4.245161295752,-48.38260959891,
    132.57762922504));
#3927 = CARTESIAN_POINT('',(-4.31490047632,-48.51726758187,
    132.6384051393));
#3928 = CARTESIAN_POINT('',(-4.36132636056,-48.60139172975,
    132.67967355686));
#3929 = CARTESIAN_POINT('',(-4.409620207223,-48.68370898378,
    132.72353320806));
#3930 = CARTESIAN_POINT('',(-4.459622224033,-48.76406688681,
    132.77000400201));
#3931 = CARTESIAN_POINT('',(-4.511159658393,-48.84233345829,
    132.81909634632));
#3932 = CARTESIAN_POINT('',(-4.564049567354,-48.91839691619,
    132.87081009679));
#3933 = CARTESIAN_POINT('',(-4.618101587588,-48.99216539888,
    132.92513350719));
#3934 = CARTESIAN_POINT('',(-4.730172656141,-49.13760609265,
    133.04105349841));
#3935 = CARTESIAN_POINT('',(-4.788232216864,-49.20905837813,
    133.1028111776));
#3936 = CARTESIAN_POINT('',(-4.847069151609,-49.27783341693,
    133.16727178411));
#3937 = CARTESIAN_POINT('',(-4.906445340696,-49.34386436903,
    133.23437153935));
#3938 = CARTESIAN_POINT('',(-4.966118734766,-49.40710683871,
    133.30402516941));
#3939 = CARTESIAN_POINT('',(-5.025847308871,-49.4675380322,
    133.37612475608));
#3940 = CARTESIAN_POINT('',(-5.08539301656,-49.52515591553,
    133.45053858774));
#3941 = CARTESIAN_POINT('',(-5.22059675207,-49.65050445354,
    133.62561494269));
#3942 = CARTESIAN_POINT('',(-5.295917917574,-49.71634264897,
    133.72760500092));
#3943 = CARTESIAN_POINT('',(-5.370119678086,-49.77765321276,
    133.83288928871));
#3944 = CARTESIAN_POINT('',(-5.442853411127,-49.83461083917,
    133.94124727685));
#3945 = CARTESIAN_POINT('',(-5.513794202475,-49.88740170969,
    134.05242544313));
#3946 = CARTESIAN_POINT('',(-5.582643614507,-49.93622054027,
    134.16613391222));
#3947 = CARTESIAN_POINT('',(-5.64913245455,-49.98126762862,
    134.28204309556));
#3948 = CARTESIAN_POINT('',(-5.905787315813,-50.14788867982,
    134.75500160222));
#3949 = CARTESIAN_POINT('',(-6.074501613694,-50.24028323565,
    135.12611844607));
#3950 = CARTESIAN_POINT('',(-6.216286397758,-50.30797468619,
    135.50912568206));
#3951 = CARTESIAN_POINT('',(-6.329991242734,-50.35669996284,
    135.90063246722));
#3952 = CARTESIAN_POINT('',(-6.415160581345,-50.39057085907,
    136.29774957208));
#3953 = CARTESIAN_POINT('',(-6.471788423125,-50.41222187432,
    136.6980389178));
#3954 = CARTESIAN_POINT('',(-6.5,-50.42300904918,137.09943293357));
#3955 = CARTESIAN_POINT('',(-6.5,-50.42300904918,137.5));
#3956 = PCURVE('',#1143,#3957);
#3957 = DEFINITIONAL_REPRESENTATION('',(#3958),#4003);
#3958 = B_SPLINE_CURVE_WITH_KNOTS('',8,(#3959,#3960,#3961,#3962,#3963,
    #3964,#3965,#3966,#3967,#3968,#3969,#3970,#3971,#3972,#3973,#3974,
    #3975,#3976,#3977,#3978,#3979,#3980,#3981,#3982,#3983,#3984,#3985,
    #3986,#3987,#3988,#3989,#3990,#3991,#3992,#3993,#3994,#3995,#3996,
    #3997,#3998,#3999,#4000,#4001,#4002),.UNSPECIFIED.,.F.,.F.,(9,7,7,7,
    7,7,9),(0.,0.198546026429,0.255915884279,0.356527317853,
    0.460856118278,0.595069393584,1.),.UNSPECIFIED.);
#3959 = CARTESIAN_POINT('',(2.195202236769,-8.5));
#3960 = CARTESIAN_POINT('',(2.195202236769,-8.695638311646));
#3961 = CARTESIAN_POINT('',(2.197176946855,-8.8914814091));
#3962 = CARTESIAN_POINT('',(2.201134266767,-9.086728939448));
#3963 = CARTESIAN_POINT('',(2.207078888175,-9.280580097581));
#3964 = CARTESIAN_POINT('',(2.215014066862,-9.47224290545));
#3965 = CARTESIAN_POINT('',(2.224943394898,-9.660943491316));
#3966 = CARTESIAN_POINT('',(2.236872572823,-9.845935369003));
#3967 = CARTESIAN_POINT('',(2.25483874174,-10.0786853711));
#3968 = CARTESIAN_POINT('',(2.259032418455,-10.13047127059));
#3969 = CARTESIAN_POINT('',(2.263391330258,-10.18183865614));
#3970 = CARTESIAN_POINT('',(2.267914488421,-10.23276096056));
#3971 = CARTESIAN_POINT('',(2.272600797197,-10.28321280889));
#3972 = CARTESIAN_POINT('',(2.277449053822,-10.33317001848));
#3973 = CARTESIAN_POINT('',(2.282457948514,-10.38260959891));
#3974 = CARTESIAN_POINT('',(2.296689561845,-10.51726758187));
#3975 = CARTESIAN_POINT('',(2.306245475893,-10.60139172975));
#3976 = CARTESIAN_POINT('',(2.3162810715,-10.68370898378));
#3977 = CARTESIAN_POINT('',(2.326781499977,-10.76406688681));
#3978 = CARTESIAN_POINT('',(2.337730052537,-10.84233345829));
#3979 = CARTESIAN_POINT('',(2.349108413773,-10.91839691619));
#3980 = CARTESIAN_POINT('',(2.360896915134,-10.99216539888));
#3981 = CARTESIAN_POINT('',(2.385702606774,-11.13760609265));
#3982 = CARTESIAN_POINT('',(2.398741956932,-11.20905837813));
#3983 = CARTESIAN_POINT('',(2.412166421557,-11.27783341693));
#3984 = CARTESIAN_POINT('',(2.425947440216,-11.34386436903));
#3985 = CARTESIAN_POINT('',(2.44005446051,-11.40710683871));
#3986 = CARTESIAN_POINT('',(2.454455089241,-11.4675380322));
#3987 = CARTESIAN_POINT('',(2.469115243568,-11.52515591553));
#3988 = CARTESIAN_POINT('',(2.503146826587,-11.65050445354));
#3989 = CARTESIAN_POINT('',(2.52264823771,-11.71634264897));
#3990 = CARTESIAN_POINT('',(2.542456129249,-11.77765321276));
#3991 = CARTESIAN_POINT('',(2.562523306785,-11.83461083917));
#3992 = CARTESIAN_POINT('',(2.582801986438,-11.88740170969));
#3993 = CARTESIAN_POINT('',(2.603242993542,-11.93622054027));
#3994 = CARTESIAN_POINT('',(2.623794961326,-11.98126762862));
#3995 = CARTESIAN_POINT('',(2.706580985764,-12.14788867982));
#3996 = CARTESIAN_POINT('',(2.769143112639,-12.24028323565));
#3997 = CARTESIAN_POINT('',(2.831703448461,-12.30797468619));
#3998 = CARTESIAN_POINT('',(2.894103764015,-12.35669996284));
#3999 = CARTESIAN_POINT('',(2.956274282327,-12.39057085907));
#4000 = CARTESIAN_POINT('',(3.018214054459,-12.41222187432));
#4001 = CARTESIAN_POINT('',(3.079966951063,-12.42300904918));
#4002 = CARTESIAN_POINT('',(3.14159265359,-12.42300904918));
#4003 = ( GEOMETRIC_REPRESENTATION_CONTEXT(2) 
PARAMETRIC_REPRESENTATION_CONTEXT() REPRESENTATION_CONTEXT('2D SPACE',''
  ) );
#4004 = PCURVE('',#2763,#4005);
#4005 = DEFINITIONAL_REPRESENTATION('',(#4006),#4051);
#4006 = B_SPLINE_CURVE_WITH_KNOTS('',8,(#4007,#4008,#4009,#4010,#4011,
    #4012,#4013,#4014,#4015,#4016,#4017,#4018,#4019,#4020,#4021,#4022,
    #4023,#4024,#4025,#4026,#4027,#4028,#4029,#4030,#4031,#4032,#4033,
    #4034,#4035,#4036,#4037,#4038,#4039,#4040,#4041,#4042,#4043,#4044,
    #4045,#4046,#4047,#4048,#4049,#4050),.UNSPECIFIED.,.F.,.F.,(9,7,7,7,
    7,7,9),(0.,0.198546026429,0.255915884279,0.356527317853,
    0.460856118278,0.595069393584,1.),.UNSPECIFIED.);
#4007 = CARTESIAN_POINT('',(0.,-15.22648125062));
#4008 = CARTESIAN_POINT('',(4.658055039191E-02,-15.22648125062));
#4009 = CARTESIAN_POINT('',(9.320989759292E-02,-15.23398596703));
#4010 = CARTESIAN_POINT('',(0.13985138149,-15.24902269589));
#4011 = CARTESIAN_POINT('',(0.186469738557,-15.27172685112));
#4012 = CARTESIAN_POINT('',(0.233029633233,-15.30234424852));
#4013 = CARTESIAN_POINT('',(0.27949418931,-15.34123338974));
#4014 = CARTESIAN_POINT('',(0.325823521308,-15.38886774628));
#4015 = CARTESIAN_POINT('',(0.385308230713,-15.46229960613));
#4016 = CARTESIAN_POINT('',(0.398622598702,-15.4795337459));
#4017 = CARTESIAN_POINT('',(0.41191249139,-15.49755013107));
#4018 = CARTESIAN_POINT('',(0.425174096957,-15.51635836517));
#4019 = CARTESIAN_POINT('',(0.438403670198,-15.53596798698));
#4020 = CARTESIAN_POINT('',(0.451597532521,-15.55638847051));
#4021 = CARTESIAN_POINT('',(0.464752071951,-15.57762922504));
#4022 = CARTESIAN_POINT('',(0.500858118268,-15.6384051393));
#4023 = CARTESIAN_POINT('',(0.523727374486,-15.67967355686));
#4024 = CARTESIAN_POINT('',(0.546437735408,-15.72353320806));
#4025 = CARTESIAN_POINT('',(0.568957079088,-15.77000400201));
#4026 = CARTESIAN_POINT('',(0.591254789366,-15.81909634632));
#4027 = CARTESIAN_POINT('',(0.613301607222,-15.87081009679));
#4028 = CARTESIAN_POINT('',(0.635069482134,-15.92513350719));
#4029 = CARTESIAN_POINT('',(0.678786335345,-16.04105349841));
#4030 = CARTESIAN_POINT('',(0.70069971224,-16.1028111776));
#4031 = CARTESIAN_POINT('',(0.72223802348,-16.16727178411));
#4032 = CARTESIAN_POINT('',(0.743368588582,-16.23437153935));
#4033 = CARTESIAN_POINT('',(0.764059842748,-16.30402516941));
#4034 = CARTESIAN_POINT('',(0.784281602389,-16.37612475608));
#4035 = CARTESIAN_POINT('',(0.80400533065,-16.45053858774));
#4036 = CARTESIAN_POINT('',(0.847902955624,-16.62561494269));
#4037 = CARTESIAN_POINT('',(0.871711709045,-16.72760500092));
#4038 = CARTESIAN_POINT('',(0.894615112553,-16.83288928871));
#4039 = CARTESIAN_POINT('',(0.916596529543,-16.94124727685));
#4040 = CARTESIAN_POINT('',(0.937639132981,-17.05242544313));
#4041 = CARTESIAN_POINT('',(0.957726800935,-17.16613391222));
#4042 = CARTESIAN_POINT('',(0.97684501211,-17.28204309556));
#4043 = CARTESIAN_POINT('',(1.049701490676,-17.75500160222));
#4044 = CARTESIAN_POINT('',(1.095372872759,-18.12611844607));
#4045 = CARTESIAN_POINT('',(1.132712749021,-18.50912568206));
#4046 = CARTESIAN_POINT('',(1.162141038713,-18.90063246722));
#4047 = CARTESIAN_POINT('',(1.183963426607,-19.29774957207));
#4048 = CARTESIAN_POINT('',(1.198397701291,-19.6980389178));
#4049 = CARTESIAN_POINT('',(1.205589105505,-20.09943293357));
#4050 = CARTESIAN_POINT('',(1.205589105505,-20.5));
#4051 = ( GEOMETRIC_REPRESENTATION_CONTEXT(2) 
PARAMETRIC_REPRESENTATION_CONTEXT() REPRESENTATION_CONTEXT('2D SPACE',''
  ) );
#4052 = ORIENTED_EDGE('',*,*,#4053,.T.);
#4053 = EDGE_CURVE('',#3908,#4054,#4056,.T.);
#4054 = VERTEX_POINT('',#4055);
#4055 = CARTESIAN_POINT('',(-3.8,-43.5,132.22648125062));
#4056 = SURFACE_CURVE('',#4057,(#4061,#4067),.PCURVE_S1.);
#4057 = LINE('',#4058,#4059);
#4058 = CARTESIAN_POINT('',(-3.8,-38.,132.22648125062));
#4059 = VECTOR('',#4060,1.);
#4060 = DIRECTION('',(-0.,1.,0.));
#4061 = PCURVE('',#1143,#4062);
#4062 = DEFINITIONAL_REPRESENTATION('',(#4063),#4066);
#4063 = B_SPLINE_CURVE_WITH_KNOTS('',1,(#4064,#4065),.UNSPECIFIED.,.F.,
  .F.,(2,2),(-8.8,-5.2),.PIECEWISE_BEZIER_KNOTS.);
#4064 = CARTESIAN_POINT('',(2.195202236769,-8.8));
#4065 = CARTESIAN_POINT('',(2.195202236769,-5.2));
#4066 = ( GEOMETRIC_REPRESENTATION_CONTEXT(2) 
PARAMETRIC_REPRESENTATION_CONTEXT() REPRESENTATION_CONTEXT('2D SPACE',''
  ) );
#4067 = PCURVE('',#4068,#4073);
#4068 = PLANE('',#4069);
#4069 = AXIS2_PLACEMENT_3D('',#4070,#4071,#4072);
#4070 = CARTESIAN_POINT('',(-3.8,-43.5,117.));
#4071 = DIRECTION('',(1.,-1.110223024625E-16,0.));
#4072 = DIRECTION('',(-1.110223024625E-16,-1.,0.));
#4073 = DEFINITIONAL_REPRESENTATION('',(#4074),#4077);
#4074 = B_SPLINE_CURVE_WITH_KNOTS('',1,(#4075,#4076),.UNSPECIFIED.,.F.,
  .F.,(2,2),(-8.8,-5.2),.PIECEWISE_BEZIER_KNOTS.);
#4075 = CARTESIAN_POINT('',(3.3,-15.22648125062));
#4076 = CARTESIAN_POINT('',(-0.3,-15.22648125062));
#4077 = ( GEOMETRIC_REPRESENTATION_CONTEXT(2) 
PARAMETRIC_REPRESENTATION_CONTEXT() REPRESENTATION_CONTEXT('2D SPACE',''
  ) );
#4078 = ORIENTED_EDGE('',*,*,#4079,.F.);
#4079 = EDGE_CURVE('',#4080,#4054,#4082,.T.);
#4080 = VERTEX_POINT('',#4081);
#4081 = CARTESIAN_POINT('',(-6.5,-39.57699095081,137.5));
#4082 = SURFACE_CURVE('',#4083,(#4128,#4176),.PCURVE_S1.);
#4083 = B_SPLINE_CURVE_WITH_KNOTS('',8,(#4084,#4085,#4086,#4087,#4088,
    #4089,#4090,#4091,#4092,#4093,#4094,#4095,#4096,#4097,#4098,#4099,
    #4100,#4101,#4102,#4103,#4104,#4105,#4106,#4107,#4108,#4109,#4110,
    #4111,#4112,#4113,#4114,#4115,#4116,#4117,#4118,#4119,#4120,#4121,
    #4122,#4123,#4124,#4125,#4126,#4127),.UNSPECIFIED.,.F.,.F.,(9,7,7,7,
    7,7,9),(0.,0.403528187133,0.5400618589,0.643893405407,0.743227092431
    ,0.800862886584,1.),.UNSPECIFIED.);
#4084 = CARTESIAN_POINT('',(-6.5,-39.57699095081,137.5));
#4085 = CARTESIAN_POINT('',(-6.5,-39.57699095081,137.10079631978));
#4086 = CARTESIAN_POINT('',(-6.471980136437,-39.58770481026,
    136.7007870244));
#4087 = CARTESIAN_POINT('',(-6.41574168595,-39.60920699487,
    136.30187753192));
#4088 = CARTESIAN_POINT('',(-6.331161689536,-39.64283477149,
    135.90610869927));
#4089 = CARTESIAN_POINT('',(-6.218245104832,-39.69118668065,
    135.51588555223));
#4090 = CARTESIAN_POINT('',(-6.07743567695,-39.75831707777,
    135.1340577312));
#4091 = CARTESIAN_POINT('',(-5.90985793258,-39.84988366462,
    134.76397018137));
#4092 = CARTESIAN_POINT('',(-5.653523496888,-40.01574886857,
    134.28966513091));
#4093 = CARTESIAN_POINT('',(-5.586017627989,-40.06136046116,
    134.17162704524));
#4094 = CARTESIAN_POINT('',(-5.51605771304,-40.11086485789,
    134.05585384419));
#4095 = CARTESIAN_POINT('',(-5.443925744308,-40.16447319428,
    133.94269289662));
#4096 = CARTESIAN_POINT('',(-5.369935095757,-40.2223907397,
    133.83244920211));
#4097 = CARTESIAN_POINT('',(-5.294427526092,-40.28481368389,
    133.72538900714));
#4098 = CARTESIAN_POINT('',(-5.217770181804,-40.35192592354,
    133.62174342128));
#4099 = CARTESIAN_POINT('',(-5.081477839736,-40.47862775887,
    133.44563985592));
#4100 = CARTESIAN_POINT('',(-5.022205469778,-40.53612989936,
    133.37171200482));
#4101 = CARTESIAN_POINT('',(-4.962762836569,-40.59641897806,
    133.3000821664));
#4102 = CARTESIAN_POINT('',(-4.903384952122,-40.65949207887,
    133.23087954403));
#4103 = CARTESIAN_POINT('',(-4.844310629824,-40.72532582919,
    133.16420999134));
#4104 = CARTESIAN_POINT('',(-4.785778620028,-40.79387556738,
    133.10015714534));
#4105 = CARTESIAN_POINT('',(-4.728023745636,-40.8650745102,
    133.0387835596));
#4106 = CARTESIAN_POINT('',(-4.61698070313,-41.00939620342,
    132.92402083825));
#4107 = CARTESIAN_POINT('',(-4.56363558889,-41.08226550102,
    132.87043018683));
#4108 = CARTESIAN_POINT('',(-4.511425412696,-41.15737080193,
    132.81938327332));
#4109 = CARTESIAN_POINT('',(-4.460533421237,-41.23462339968,
    132.77089144841));
#4110 = CARTESIAN_POINT('',(-4.411135786871,-41.3139156315,
    132.72495501156));
#4111 = CARTESIAN_POINT('',(-4.363399004331,-41.39512061731,
    132.68156419923));
#4112 = CARTESIAN_POINT('',(-4.317477287429,-41.4780919987,
    132.64070017317));
#4113 = CARTESIAN_POINT('',(-4.247999068331,-41.61173420017,
    132.58007619769));
#4114 = CARTESIAN_POINT('',(-4.22314195362,-41.66135140005,
    132.55865443854));
#4115 = CARTESIAN_POINT('',(-4.198961133525,-41.71149319701,
    132.53806131677));
#4116 = CARTESIAN_POINT('',(-4.175477867251,-41.76213628654,
    132.5182873439));
#4117 = CARTESIAN_POINT('',(-4.152712161318,-41.81325614019,
    132.49932295736));
#4118 = CARTESIAN_POINT('',(-4.130682769556,-41.86482700557,
    132.4811585205));
#4119 = CARTESIAN_POINT('',(-4.109407193106,-41.91682190635,
    132.46378432256));
#4120 = CARTESIAN_POINT('',(-4.018053197029,-42.15022758398,
    132.38985762616));
#4121 = CARTESIAN_POINT('',(-3.956501237846,-42.33570062591,
    132.34192635622));
#4122 = CARTESIAN_POINT('',(-3.904677551578,-42.52491591187,
    132.30279885972));
#4123 = CARTESIAN_POINT('',(-3.862918876844,-42.71712059889,
    132.2719964514));
#4124 = CARTESIAN_POINT('',(-3.831468480948,-42.91153402037,
    132.24915665339));
#4125 = CARTESIAN_POINT('',(-3.810476631376,-43.10735702433,
    132.23403065525));
#4126 = CARTESIAN_POINT('',(-3.8,-43.30378148677,132.22648125062));
#4127 = CARTESIAN_POINT('',(-3.8,-43.5,132.22648125062));
#4128 = PCURVE('',#1143,#4129);
#4129 = DEFINITIONAL_REPRESENTATION('',(#4130),#4175);
#4130 = B_SPLINE_CURVE_WITH_KNOTS('',8,(#4131,#4132,#4133,#4134,#4135,
    #4136,#4137,#4138,#4139,#4140,#4141,#4142,#4143,#4144,#4145,#4146,
    #4147,#4148,#4149,#4150,#4151,#4152,#4153,#4154,#4155,#4156,#4157,
    #4158,#4159,#4160,#4161,#4162,#4163,#4164,#4165,#4166,#4167,#4168,
    #4169,#4170,#4171,#4172,#4173,#4174),.UNSPECIFIED.,.F.,.F.,(9,7,7,7,
    7,7,9),(0.,0.403528187133,0.5400618589,0.643893405407,0.743227092431
    ,0.800862886584,1.),.UNSPECIFIED.);
#4131 = CARTESIAN_POINT('',(3.14159265359,-1.576990950813));
#4132 = CARTESIAN_POINT('',(3.080176702787,-1.576990950813));
#4133 = CARTESIAN_POINT('',(3.018636838601,-1.587704810269));
#4134 = CARTESIAN_POINT('',(2.956912987838,-1.609206994874));
#4135 = CARTESIAN_POINT('',(2.894960965897,-1.642834771492));
#4136 = CARTESIAN_POINT('',(2.832780675877,-1.691186680658));
#4137 = CARTESIAN_POINT('',(2.770439660644,-1.758317077774));
#4138 = CARTESIAN_POINT('',(2.708092497952,-1.849883664628));
#4139 = CARTESIAN_POINT('',(2.625147784945,-2.015748868571));
#4140 = CARTESIAN_POINT('',(2.604234155324,-2.061360461167));
#4141 = CARTESIAN_POINT('',(2.583433437116,-2.110864857898));
#4142 = CARTESIAN_POINT('',(2.562799619406,-2.164473194286));
#4143 = CARTESIAN_POINT('',(2.54238435623,-2.2223907397));
#4144 = CARTESIAN_POINT('',(2.522237833324,-2.284813683893));
#4145 = CARTESIAN_POINT('',(2.502409634883,-2.351925923549));
#4146 = CARTESIAN_POINT('',(2.46815059099,-2.478627758874));
#4147 = CARTESIAN_POINT('',(2.453575042699,-2.53612989936));
#4148 = CARTESIAN_POINT('',(2.439258066997,-2.596418978067));
#4149 = CARTESIAN_POINT('',(2.425233249108,-2.659492078875));
#4150 = CARTESIAN_POINT('',(2.411532510162,-2.725325829191));
#4151 = CARTESIAN_POINT('',(2.398185959441,-2.79387556738));
#4152 = CARTESIAN_POINT('',(2.385221746627,-2.865074510203));
#4153 = CARTESIAN_POINT('',(2.360653985243,-3.009396203421));
#4154 = CARTESIAN_POINT('',(2.349022055041,-3.082265501028));
#4155 = CARTESIAN_POINT('',(2.337790120231,-3.157370801934));
#4156 = CARTESIAN_POINT('',(2.32697712421,-3.234623399685));
#4157 = CARTESIAN_POINT('',(2.31660071904,-3.313915631509));
#4158 = CARTESIAN_POINT('',(2.306677027519,-3.395120617317));
#4159 = CARTESIAN_POINT('',(2.297220405249,-3.478091998703));
#4160 = CARTESIAN_POINT('',(2.283034413883,-3.611734200173));
#4161 = CARTESIAN_POINT('',(2.277986173201,-3.661351400051));
#4162 = CARTESIAN_POINT('',(2.273099935482,-3.711493197012));
#4163 = CARTESIAN_POINT('',(2.268377045853,-3.762136286544));
#4164 = CARTESIAN_POINT('',(2.26381873975,-3.813256140193));
#4165 = CARTESIAN_POINT('',(2.259426142911,-3.864827005572));
#4166 = CARTESIAN_POINT('',(2.255200271379,-3.916821906352));
#4167 = CARTESIAN_POINT('',(2.237120429362,-4.150227583986));
#4168 = CARTESIAN_POINT('',(2.22512050847,-4.33570062591));
#4169 = CARTESIAN_POINT('',(2.215131848052,-4.524915911876));
#4170 = CARTESIAN_POINT('',(2.207149256946,-4.717120598898));
#4171 = CARTESIAN_POINT('',(2.201169480064,-4.911534020373));
#4172 = CARTESIAN_POINT('',(2.197188900423,-5.107357024335));
#4173 = CARTESIAN_POINT('',(2.195202236769,-5.303781486775));
#4174 = CARTESIAN_POINT('',(2.195202236769,-5.5));
#4175 = ( GEOMETRIC_REPRESENTATION_CONTEXT(2) 
PARAMETRIC_REPRESENTATION_CONTEXT() REPRESENTATION_CONTEXT('2D SPACE',''
  ) );
#4176 = PCURVE('',#2942,#4177);
#4177 = DEFINITIONAL_REPRESENTATION('',(#4178),#4223);
#4178 = B_SPLINE_CURVE_WITH_KNOTS('',8,(#4179,#4180,#4181,#4182,#4183,
    #4184,#4185,#4186,#4187,#4188,#4189,#4190,#4191,#4192,#4193,#4194,
    #4195,#4196,#4197,#4198,#4199,#4200,#4201,#4202,#4203,#4204,#4205,
    #4206,#4207,#4208,#4209,#4210,#4211,#4212,#4213,#4214,#4215,#4216,
    #4217,#4218,#4219,#4220,#4221,#4222),.UNSPECIFIED.,.F.,.F.,(9,7,7,7,
    7,7,9),(0.,0.403528187133,0.5400618589,0.643893405407,0.743227092431
    ,0.800862886584,1.),.UNSPECIFIED.);
#4179 = CARTESIAN_POINT('',(1.936003548085,-20.5));
#4180 = CARTESIAN_POINT('',(1.936003548085,-20.10079631978));
#4181 = CARTESIAN_POINT('',(1.943146078115,-19.7007870244));
#4182 = CARTESIAN_POINT('',(1.957481118831,-19.30187753192));
#4183 = CARTESIAN_POINT('',(1.979151722126,-18.90610869927));
#4184 = CARTESIAN_POINT('',(2.008373036414,-18.51588555223));
#4185 = CARTESIAN_POINT('',(2.04544719262,-18.1340577312));
#4186 = CARTESIAN_POINT('',(2.090789380636,-17.76397018137));
#4187 = CARTESIAN_POINT('',(2.163483958375,-17.28966513091));
#4188 = CARTESIAN_POINT('',(2.182877902471,-17.17162704524));
#4189 = CARTESIAN_POINT('',(2.203275336403,-17.05585384419));
#4190 = CARTESIAN_POINT('',(2.224661100927,-16.94269289662));
#4191 = CARTESIAN_POINT('',(2.247018303135,-16.83244920211));
#4192 = CARTESIAN_POINT('',(2.270329289198,-16.72538900714));
#4193 = CARTESIAN_POINT('',(2.294576617116,-16.62174342128));
#4194 = CARTESIAN_POINT('',(2.338883420582,-16.44563985592));
#4195 = CARTESIAN_POINT('',(2.358541271871,-16.37171200482));
#4196 = CARTESIAN_POINT('',(2.378691209223,-16.3000821664));
#4197 = CARTESIAN_POINT('',(2.399304986774,-16.23087954403));
#4198 = CARTESIAN_POINT('',(2.420352741156,-16.16420999134));
#4199 = CARTESIAN_POINT('',(2.441803245763,-16.10015714534));
#4200 = CARTESIAN_POINT('',(2.463624165015,-16.0387835596));
#4201 = CARTESIAN_POINT('',(2.506980587711,-15.92402083825));
#4202 = CARTESIAN_POINT('',(2.528476519478,-15.87043018683));
#4203 = CARTESIAN_POINT('',(2.550244065326,-15.81938327332));
#4204 = CARTESIAN_POINT('',(2.572256174495,-15.77089144841));
#4205 = CARTESIAN_POINT('',(2.594484644539,-15.72495501156));
#4206 = CARTESIAN_POINT('',(2.616899981811,-15.68156419923));
#4207 = CARTESIAN_POINT('',(2.63947126195,-15.64070017317));
#4208 = CARTESIAN_POINT('',(2.675334017584,-15.58007619769));
#4209 = CARTESIAN_POINT('',(2.68854570599,-15.55865443854));
#4210 = CARTESIAN_POINT('',(2.701797443603,-15.53806131677));
#4211 = CARTESIAN_POINT('',(2.715085549829,-15.5182873439));
#4212 = CARTESIAN_POINT('',(2.728406275459,-15.49932295736));
#4213 = CARTESIAN_POINT('',(2.741755802669,-15.4811585205));
#4214 = CARTESIAN_POINT('',(2.755130245016,-15.46378432256));
#4215 = CARTESIAN_POINT('',(2.814808028227,-15.38985762616));
#4216 = CARTESIAN_POINT('',(2.861272092262,-15.34192635622));
#4217 = CARTESIAN_POINT('',(2.907872770259,-15.30279885972));
#4218 = CARTESIAN_POINT('',(2.95456989363,-15.2719964514));
#4219 = CARTESIAN_POINT('',(3.001326306537,-15.24915665339));
#4220 = CARTESIAN_POINT('',(3.048106241703,-15.23403065525));
#4221 = CARTESIAN_POINT('',(3.094873959965,-15.22648125062));
#4222 = CARTESIAN_POINT('',(3.14159265359,-15.22648125062));
#4223 = ( GEOMETRIC_REPRESENTATION_CONTEXT(2) 
PARAMETRIC_REPRESENTATION_CONTEXT() REPRESENTATION_CONTEXT('2D SPACE',''
  ) );
#4224 = ORIENTED_EDGE('',*,*,#4225,.F.);
#4225 = EDGE_CURVE('',#1487,#4080,#4226,.T.);
#4226 = SURFACE_CURVE('',#4227,(#4231,#4238),.PCURVE_S1.);
#4227 = LINE('',#4228,#4229);
#4228 = CARTESIAN_POINT('',(-6.5,-38.,137.5));
#4229 = VECTOR('',#4230,1.);
#4230 = DIRECTION('',(0.,-1.,0.));
#4231 = PCURVE('',#1143,#4232);
#4232 = DEFINITIONAL_REPRESENTATION('',(#4233),#4237);
#4233 = LINE('',#4234,#4235);
#4234 = CARTESIAN_POINT('',(3.14159265359,0.));
#4235 = VECTOR('',#4236,1.);
#4236 = DIRECTION('',(0.,-1.));
#4237 = ( GEOMETRIC_REPRESENTATION_CONTEXT(2) 
PARAMETRIC_REPRESENTATION_CONTEXT() REPRESENTATION_CONTEXT('2D SPACE',''
  ) );
#4238 = PCURVE('',#1501,#4239);
#4239 = DEFINITIONAL_REPRESENTATION('',(#4240),#4244);
#4240 = LINE('',#4241,#4242);
#4241 = CARTESIAN_POINT('',(0.,0.));
#4242 = VECTOR('',#4243,1.);
#4243 = DIRECTION('',(0.,-1.));
#4244 = ( GEOMETRIC_REPRESENTATION_CONTEXT(2) 
PARAMETRIC_REPRESENTATION_CONTEXT() REPRESENTATION_CONTEXT('2D SPACE',''
  ) );
#4245 = ADVANCED_FACE('',(#4246),#1113,.F.);
#4246 = FACE_BOUND('',#4247,.F.);
#4247 = EDGE_LOOP('',(#4248,#4267,#4268,#4269));
#4248 = ORIENTED_EDGE('',*,*,#4249,.F.);
#4249 = EDGE_CURVE('',#3168,#3739,#4250,.T.);
#4250 = SURFACE_CURVE('',#4251,(#4255,#4261),.PCURVE_S1.);
#4251 = LINE('',#4252,#4253);
#4252 = CARTESIAN_POINT('',(6.5,-50.42300904918,117.));
#4253 = VECTOR('',#4254,1.);
#4254 = DIRECTION('',(-0.,0.,-1.));
#4255 = PCURVE('',#1113,#4256);
#4256 = DEFINITIONAL_REPRESENTATION('',(#4257),#4260);
#4257 = B_SPLINE_CURVE_WITH_KNOTS('',1,(#4258,#4259),.UNSPECIFIED.,.F.,
  .F.,(2,2),(-32.6,-19.4),.PIECEWISE_BEZIER_KNOTS.);
#4258 = CARTESIAN_POINT('',(-1.1,-12.42300904918));
#4259 = CARTESIAN_POINT('',(12.1,-12.42300904918));
#4260 = ( GEOMETRIC_REPRESENTATION_CONTEXT(2) 
PARAMETRIC_REPRESENTATION_CONTEXT() REPRESENTATION_CONTEXT('2D SPACE',''
  ) );
#4261 = PCURVE('',#3288,#4262);
#4262 = DEFINITIONAL_REPRESENTATION('',(#4263),#4266);
#4263 = B_SPLINE_CURVE_WITH_KNOTS('',1,(#4264,#4265),.UNSPECIFIED.,.F.,
  .F.,(2,2),(-32.6,-19.4),.PIECEWISE_BEZIER_KNOTS.);
#4264 = CARTESIAN_POINT('',(1.936003548085,-32.6));
#4265 = CARTESIAN_POINT('',(1.936003548085,-19.4));
#4266 = ( GEOMETRIC_REPRESENTATION_CONTEXT(2) 
PARAMETRIC_REPRESENTATION_CONTEXT() REPRESENTATION_CONTEXT('2D SPACE',''
  ) );
#4267 = ORIENTED_EDGE('',*,*,#3167,.T.);
#4268 = ORIENTED_EDGE('',*,*,#1098,.F.);
#4269 = ORIENTED_EDGE('',*,*,#3884,.F.);
#4270 = ADVANCED_FACE('',(#4271),#1370,.F.);
#4271 = FACE_BOUND('',#4272,.T.);
#4272 = EDGE_LOOP('',(#4273,#4274,#4297,#4319));
#4273 = ORIENTED_EDGE('',*,*,#1349,.T.);
#4274 = ORIENTED_EDGE('',*,*,#4275,.T.);
#4275 = EDGE_CURVE('',#1350,#4276,#4278,.T.);
#4276 = VERTEX_POINT('',#4277);
#4277 = CARTESIAN_POINT('',(21.05,-46.,212.));
#4278 = SEAM_CURVE('',#4279,(#4283,#4290),.PCURVE_S1.);
#4279 = LINE('',#4280,#4281);
#4280 = CARTESIAN_POINT('',(21.05,-38.,212.));
#4281 = VECTOR('',#4282,1.);
#4282 = DIRECTION('',(0.,-1.,0.));
#4283 = PCURVE('',#1370,#4284);
#4284 = DEFINITIONAL_REPRESENTATION('',(#4285),#4289);
#4285 = LINE('',#4286,#4287);
#4286 = CARTESIAN_POINT('',(-6.28318530718,0.));
#4287 = VECTOR('',#4288,1.);
#4288 = DIRECTION('',(-0.,-1.));
#4289 = ( GEOMETRIC_REPRESENTATION_CONTEXT(2) 
PARAMETRIC_REPRESENTATION_CONTEXT() REPRESENTATION_CONTEXT('2D SPACE',''
  ) );
#4290 = PCURVE('',#1370,#4291);
#4291 = DEFINITIONAL_REPRESENTATION('',(#4292),#4296);
#4292 = LINE('',#4293,#4294);
#4293 = CARTESIAN_POINT('',(-0.,0.));
#4294 = VECTOR('',#4295,1.);
#4295 = DIRECTION('',(-0.,-1.));
#4296 = ( GEOMETRIC_REPRESENTATION_CONTEXT(2) 
PARAMETRIC_REPRESENTATION_CONTEXT() REPRESENTATION_CONTEXT('2D SPACE',''
  ) );
#4297 = ORIENTED_EDGE('',*,*,#4298,.T.);
#4298 = EDGE_CURVE('',#4276,#4276,#4299,.T.);
#4299 = SURFACE_CURVE('',#4300,(#4305,#4312),.PCURVE_S1.);
#4300 = CIRCLE('',#4301,21.05);
#4301 = AXIS2_PLACEMENT_3D('',#4302,#4303,#4304);
#4302 = CARTESIAN_POINT('',(0.,-46.,212.));
#4303 = DIRECTION('',(0.,-1.,0.));
#4304 = DIRECTION('',(1.,0.,0.));
#4305 = PCURVE('',#1370,#4306);
#4306 = DEFINITIONAL_REPRESENTATION('',(#4307),#4311);
#4307 = LINE('',#4308,#4309);
#4308 = CARTESIAN_POINT('',(-0.,-8.));
#4309 = VECTOR('',#4310,1.);
#4310 = DIRECTION('',(-1.,0.));
#4311 = ( GEOMETRIC_REPRESENTATION_CONTEXT(2) 
PARAMETRIC_REPRESENTATION_CONTEXT() REPRESENTATION_CONTEXT('2D SPACE',''
  ) );
#4312 = PCURVE('',#2596,#4313);
#4313 = DEFINITIONAL_REPRESENTATION('',(#4314),#4318);
#4314 = CIRCLE('',#4315,21.05);
#4315 = AXIS2_PLACEMENT_2D('',#4316,#4317);
#4316 = CARTESIAN_POINT('',(2.84217094304E-14,-5.196922118915E-16));
#4317 = DIRECTION('',(0.,1.));
#4318 = ( GEOMETRIC_REPRESENTATION_CONTEXT(2) 
PARAMETRIC_REPRESENTATION_CONTEXT() REPRESENTATION_CONTEXT('2D SPACE',''
  ) );
#4319 = ORIENTED_EDGE('',*,*,#4275,.F.);
#4320 = ADVANCED_FACE('',(#4321),#1501,.F.);
#4321 = FACE_BOUND('',#4322,.F.);
#4322 = EDGE_LOOP('',(#4323,#4324,#4325,#4344));
#4323 = ORIENTED_EDGE('',*,*,#1484,.T.);
#4324 = ORIENTED_EDGE('',*,*,#4225,.T.);
#4325 = ORIENTED_EDGE('',*,*,#4326,.F.);
#4326 = EDGE_CURVE('',#2822,#4080,#4327,.T.);
#4327 = SURFACE_CURVE('',#4328,(#4332,#4338),.PCURVE_S1.);
#4328 = LINE('',#4329,#4330);
#4329 = CARTESIAN_POINT('',(-6.5,-39.57699095081,117.));
#4330 = VECTOR('',#4331,1.);
#4331 = DIRECTION('',(0.,0.,-1.));
#4332 = PCURVE('',#1501,#4333);
#4333 = DEFINITIONAL_REPRESENTATION('',(#4334),#4337);
#4334 = B_SPLINE_CURVE_WITH_KNOTS('',1,(#4335,#4336),.UNSPECIFIED.,.F.,
  .F.,(2,2),(-32.6,-19.4),.PIECEWISE_BEZIER_KNOTS.);
#4335 = CARTESIAN_POINT('',(12.1,-1.576990950813));
#4336 = CARTESIAN_POINT('',(-1.1,-1.576990950813));
#4337 = ( GEOMETRIC_REPRESENTATION_CONTEXT(2) 
PARAMETRIC_REPRESENTATION_CONTEXT() REPRESENTATION_CONTEXT('2D SPACE',''
  ) );
#4338 = PCURVE('',#2942,#4339);
#4339 = DEFINITIONAL_REPRESENTATION('',(#4340),#4343);
#4340 = B_SPLINE_CURVE_WITH_KNOTS('',1,(#4341,#4342),.UNSPECIFIED.,.F.,
  .F.,(2,2),(-32.6,-19.4),.PIECEWISE_BEZIER_KNOTS.);
#4341 = CARTESIAN_POINT('',(1.936003548085,-32.6));
#4342 = CARTESIAN_POINT('',(1.936003548085,-19.4));
#4343 = ( GEOMETRIC_REPRESENTATION_CONTEXT(2) 
PARAMETRIC_REPRESENTATION_CONTEXT() REPRESENTATION_CONTEXT('2D SPACE',''
  ) );
#4344 = ORIENTED_EDGE('',*,*,#2821,.F.);
#4345 = ADVANCED_FACE('',(#4346),#1555,.F.);
#4346 = FACE_BOUND('',#4347,.F.);
#4347 = EDGE_LOOP('',(#4348,#4349,#4350,#4369));
#4348 = ORIENTED_EDGE('',*,*,#1540,.T.);
#4349 = ORIENTED_EDGE('',*,*,#3518,.T.);
#4350 = ORIENTED_EDGE('',*,*,#4351,.T.);
#4351 = EDGE_CURVE('',#3368,#3544,#4352,.T.);
#4352 = SURFACE_CURVE('',#4353,(#4357,#4363),.PCURVE_S1.);
#4353 = LINE('',#4354,#4355);
#4354 = CARTESIAN_POINT('',(6.5,-39.57699095081,117.));
#4355 = VECTOR('',#4356,1.);
#4356 = DIRECTION('',(0.,0.,-1.));
#4357 = PCURVE('',#1555,#4358);
#4358 = DEFINITIONAL_REPRESENTATION('',(#4359),#4362);
#4359 = B_SPLINE_CURVE_WITH_KNOTS('',1,(#4360,#4361),.UNSPECIFIED.,.F.,
  .F.,(2,2),(-32.6,-19.4),.PIECEWISE_BEZIER_KNOTS.);
#4360 = CARTESIAN_POINT('',(-1.1,-1.576990950813));
#4361 = CARTESIAN_POINT('',(12.1,-1.576990950813));
#4362 = ( GEOMETRIC_REPRESENTATION_CONTEXT(2) 
PARAMETRIC_REPRESENTATION_CONTEXT() REPRESENTATION_CONTEXT('2D SPACE',''
  ) );
#4363 = PCURVE('',#3465,#4364);
#4364 = DEFINITIONAL_REPRESENTATION('',(#4365),#4368);
#4365 = B_SPLINE_CURVE_WITH_KNOTS('',1,(#4366,#4367),.UNSPECIFIED.,.F.,
  .F.,(2,2),(-32.6,-19.4),.PIECEWISE_BEZIER_KNOTS.);
#4366 = CARTESIAN_POINT('',(1.205589105505,-32.6));
#4367 = CARTESIAN_POINT('',(1.205589105505,-19.4));
#4368 = ( GEOMETRIC_REPRESENTATION_CONTEXT(2) 
PARAMETRIC_REPRESENTATION_CONTEXT() REPRESENTATION_CONTEXT('2D SPACE',''
  ) );
#4369 = ORIENTED_EDGE('',*,*,#3543,.F.);
#4370 = ADVANCED_FACE('',(#4371,#4487),#1661,.F.);
#4371 = FACE_BOUND('',#4372,.F.);
#4372 = EDGE_LOOP('',(#4373,#4403,#4432,#4460));
#4373 = ORIENTED_EDGE('',*,*,#4374,.T.);
#4374 = EDGE_CURVE('',#4375,#4377,#4379,.T.);
#4375 = VERTEX_POINT('',#4376);
#4376 = CARTESIAN_POINT('',(-30.2,-46.5,117.));
#4377 = VERTEX_POINT('',#4378);
#4378 = CARTESIAN_POINT('',(-30.2,-43.5,117.));
#4379 = SURFACE_CURVE('',#4380,(#4384,#4391),.PCURVE_S1.);
#4380 = LINE('',#4381,#4382);
#4381 = CARTESIAN_POINT('',(-30.2,-46.5,117.));
#4382 = VECTOR('',#4383,1.);
#4383 = DIRECTION('',(1.110223024625E-16,1.,0.));
#4384 = PCURVE('',#1661,#4385);
#4385 = DEFINITIONAL_REPRESENTATION('',(#4386),#4390);
#4386 = LINE('',#4387,#4388);
#4387 = CARTESIAN_POINT('',(4.2,-1.5));
#4388 = VECTOR('',#4389,1.);
#4389 = DIRECTION('',(-1.110223024625E-16,1.));
#4390 = ( GEOMETRIC_REPRESENTATION_CONTEXT(2) 
PARAMETRIC_REPRESENTATION_CONTEXT() REPRESENTATION_CONTEXT('2D SPACE',''
  ) );
#4391 = PCURVE('',#4392,#4397);
#4392 = PLANE('',#4393);
#4393 = AXIS2_PLACEMENT_3D('',#4394,#4395,#4396);
#4394 = CARTESIAN_POINT('',(-30.2,-46.5,117.));
#4395 = DIRECTION('',(-1.,1.110223024625E-16,0.));
#4396 = DIRECTION('',(1.110223024625E-16,1.,0.));
#4397 = DEFINITIONAL_REPRESENTATION('',(#4398),#4402);
#4398 = LINE('',#4399,#4400);
#4399 = CARTESIAN_POINT('',(0.,0.));
#4400 = VECTOR('',#4401,1.);
#4401 = DIRECTION('',(1.,0.));
#4402 = ( GEOMETRIC_REPRESENTATION_CONTEXT(2) 
PARAMETRIC_REPRESENTATION_CONTEXT() REPRESENTATION_CONTEXT('2D SPACE',''
  ) );
#4403 = ORIENTED_EDGE('',*,*,#4404,.T.);
#4404 = EDGE_CURVE('',#4377,#4405,#4407,.T.);
#4405 = VERTEX_POINT('',#4406);
#4406 = CARTESIAN_POINT('',(-21.8,-43.5,117.));
#4407 = SURFACE_CURVE('',#4408,(#4413,#4420),.PCURVE_S1.);
#4408 = CIRCLE('',#4409,4.2);
#4409 = AXIS2_PLACEMENT_3D('',#4410,#4411,#4412);
#4410 = CARTESIAN_POINT('',(-26.,-43.5,117.));
#4411 = DIRECTION('',(0.,0.,-1.));
#4412 = DIRECTION('',(-1.,2.167578286173E-16,0.));
#4413 = PCURVE('',#1661,#4414);
#4414 = DEFINITIONAL_REPRESENTATION('',(#4415),#4419);
#4415 = CIRCLE('',#4416,4.2);
#4416 = AXIS2_PLACEMENT_2D('',#4417,#4418);
#4417 = CARTESIAN_POINT('',(1.06581410364E-14,1.5));
#4418 = DIRECTION('',(1.,2.167578286173E-16));
#4419 = ( GEOMETRIC_REPRESENTATION_CONTEXT(2) 
PARAMETRIC_REPRESENTATION_CONTEXT() REPRESENTATION_CONTEXT('2D SPACE',''
  ) );
#4420 = PCURVE('',#4421,#4426);
#4421 = CYLINDRICAL_SURFACE('',#4422,4.2);
#4422 = AXIS2_PLACEMENT_3D('',#4423,#4424,#4425);
#4423 = CARTESIAN_POINT('',(-26.,-43.5,117.));
#4424 = DIRECTION('',(0.,0.,-1.));
#4425 = DIRECTION('',(-1.,2.167578286173E-16,0.));
#4426 = DEFINITIONAL_REPRESENTATION('',(#4427),#4431);
#4427 = LINE('',#4428,#4429);
#4428 = CARTESIAN_POINT('',(0.,0.));
#4429 = VECTOR('',#4430,1.);
#4430 = DIRECTION('',(1.,0.));
#4431 = ( GEOMETRIC_REPRESENTATION_CONTEXT(2) 
PARAMETRIC_REPRESENTATION_CONTEXT() REPRESENTATION_CONTEXT('2D SPACE',''
  ) );
#4432 = ORIENTED_EDGE('',*,*,#4433,.T.);
#4433 = EDGE_CURVE('',#4405,#4434,#4436,.T.);
#4434 = VERTEX_POINT('',#4435);
#4435 = CARTESIAN_POINT('',(-21.8,-46.5,117.));
#4436 = SURFACE_CURVE('',#4437,(#4441,#4448),.PCURVE_S1.);
#4437 = LINE('',#4438,#4439);
#4438 = CARTESIAN_POINT('',(-21.8,-43.5,117.));
#4439 = VECTOR('',#4440,1.);
#4440 = DIRECTION('',(-1.110223024625E-16,-1.,0.));
#4441 = PCURVE('',#1661,#4442);
#4442 = DEFINITIONAL_REPRESENTATION('',(#4443),#4447);
#4443 = LINE('',#4444,#4445);
#4444 = CARTESIAN_POINT('',(-4.2,1.5));
#4445 = VECTOR('',#4446,1.);
#4446 = DIRECTION('',(1.110223024625E-16,-1.));
#4447 = ( GEOMETRIC_REPRESENTATION_CONTEXT(2) 
PARAMETRIC_REPRESENTATION_CONTEXT() REPRESENTATION_CONTEXT('2D SPACE',''
  ) );
#4448 = PCURVE('',#4449,#4454);
#4449 = PLANE('',#4450);
#4450 = AXIS2_PLACEMENT_3D('',#4451,#4452,#4453);
#4451 = CARTESIAN_POINT('',(-21.8,-43.5,117.));
#4452 = DIRECTION('',(1.,-1.110223024625E-16,0.));
#4453 = DIRECTION('',(-1.110223024625E-16,-1.,0.));
#4454 = DEFINITIONAL_REPRESENTATION('',(#4455),#4459);
#4455 = LINE('',#4456,#4457);
#4456 = CARTESIAN_POINT('',(0.,0.));
#4457 = VECTOR('',#4458,1.);
#4458 = DIRECTION('',(1.,0.));
#4459 = ( GEOMETRIC_REPRESENTATION_CONTEXT(2) 
PARAMETRIC_REPRESENTATION_CONTEXT() REPRESENTATION_CONTEXT('2D SPACE',''
  ) );
#4460 = ORIENTED_EDGE('',*,*,#4461,.T.);
#4461 = EDGE_CURVE('',#4434,#4375,#4462,.T.);
#4462 = SURFACE_CURVE('',#4463,(#4468,#4475),.PCURVE_S1.);
#4463 = CIRCLE('',#4464,4.2);
#4464 = AXIS2_PLACEMENT_3D('',#4465,#4466,#4467);
#4465 = CARTESIAN_POINT('',(-26.,-46.5,117.));
#4466 = DIRECTION('',(-0.,0.,-1.));
#4467 = DIRECTION('',(1.,-2.167578286173E-16,-0.));
#4468 = PCURVE('',#1661,#4469);
#4469 = DEFINITIONAL_REPRESENTATION('',(#4470),#4474);
#4470 = CIRCLE('',#4471,4.2);
#4471 = AXIS2_PLACEMENT_2D('',#4472,#4473);
#4472 = CARTESIAN_POINT('',(1.06581410364E-14,-1.5));
#4473 = DIRECTION('',(-1.,-2.167578286173E-16));
#4474 = ( GEOMETRIC_REPRESENTATION_CONTEXT(2) 
PARAMETRIC_REPRESENTATION_CONTEXT() REPRESENTATION_CONTEXT('2D SPACE',''
  ) );
#4475 = PCURVE('',#4476,#4481);
#4476 = CYLINDRICAL_SURFACE('',#4477,4.2);
#4477 = AXIS2_PLACEMENT_3D('',#4478,#4479,#4480);
#4478 = CARTESIAN_POINT('',(-26.,-46.5,117.));
#4479 = DIRECTION('',(-0.,0.,-1.));
#4480 = DIRECTION('',(1.,-2.167578286173E-16,-0.));
#4481 = DEFINITIONAL_REPRESENTATION('',(#4482),#4486);
#4482 = LINE('',#4483,#4484);
#4483 = CARTESIAN_POINT('',(0.,0.));
#4484 = VECTOR('',#4485,1.);
#4485 = DIRECTION('',(1.,0.));
#4486 = ( GEOMETRIC_REPRESENTATION_CONTEXT(2) 
PARAMETRIC_REPRESENTATION_CONTEXT() REPRESENTATION_CONTEXT('2D SPACE',''
  ) );
#4487 = FACE_BOUND('',#4488,.F.);
#4488 = EDGE_LOOP('',(#4489,#4490,#4491,#4492));
#4489 = ORIENTED_EDGE('',*,*,#1748,.F.);
#4490 = ORIENTED_EDGE('',*,*,#1646,.T.);
#4491 = ORIENTED_EDGE('',*,*,#1720,.F.);
#4492 = ORIENTED_EDGE('',*,*,#1798,.T.);
#4493 = ADVANCED_FACE('',(#4494,#4595),#1860,.F.);
#4494 = FACE_BOUND('',#4495,.F.);
#4495 = EDGE_LOOP('',(#4496,#4526,#4550,#4573));
#4496 = ORIENTED_EDGE('',*,*,#4497,.T.);
#4497 = EDGE_CURVE('',#4498,#4500,#4502,.T.);
#4498 = VERTEX_POINT('',#4499);
#4499 = CARTESIAN_POINT('',(-12.2,-46.5,117.));
#4500 = VERTEX_POINT('',#4501);
#4501 = CARTESIAN_POINT('',(-12.2,-43.5,117.));
#4502 = SURFACE_CURVE('',#4503,(#4507,#4514),.PCURVE_S1.);
#4503 = LINE('',#4504,#4505);
#4504 = CARTESIAN_POINT('',(-12.2,-46.5,117.));
#4505 = VECTOR('',#4506,1.);
#4506 = DIRECTION('',(1.110223024625E-16,1.,0.));
#4507 = PCURVE('',#1860,#4508);
#4508 = DEFINITIONAL_REPRESENTATION('',(#4509),#4513);
#4509 = LINE('',#4510,#4511);
#4510 = CARTESIAN_POINT('',(4.2,-1.5));
#4511 = VECTOR('',#4512,1.);
#4512 = DIRECTION('',(-1.110223024625E-16,1.));
#4513 = ( GEOMETRIC_REPRESENTATION_CONTEXT(2) 
PARAMETRIC_REPRESENTATION_CONTEXT() REPRESENTATION_CONTEXT('2D SPACE',''
  ) );
#4514 = PCURVE('',#4515,#4520);
#4515 = PLANE('',#4516);
#4516 = AXIS2_PLACEMENT_3D('',#4517,#4518,#4519);
#4517 = CARTESIAN_POINT('',(-12.2,-46.5,117.));
#4518 = DIRECTION('',(-1.,1.110223024625E-16,0.));
#4519 = DIRECTION('',(1.110223024625E-16,1.,0.));
#4520 = DEFINITIONAL_REPRESENTATION('',(#4521),#4525);
#4521 = LINE('',#4522,#4523);
#4522 = CARTESIAN_POINT('',(0.,0.));
#4523 = VECTOR('',#4524,1.);
#4524 = DIRECTION('',(1.,0.));
#4525 = ( GEOMETRIC_REPRESENTATION_CONTEXT(2) 
PARAMETRIC_REPRESENTATION_CONTEXT() REPRESENTATION_CONTEXT('2D SPACE',''
  ) );
#4526 = ORIENTED_EDGE('',*,*,#4527,.T.);
#4527 = EDGE_CURVE('',#4500,#4528,#4530,.T.);
#4528 = VERTEX_POINT('',#4529);
#4529 = CARTESIAN_POINT('',(-3.8,-43.5,117.));
#4530 = SURFACE_CURVE('',#4531,(#4536,#4543),.PCURVE_S1.);
#4531 = CIRCLE('',#4532,4.2);
#4532 = AXIS2_PLACEMENT_3D('',#4533,#4534,#4535);
#4533 = CARTESIAN_POINT('',(-8.,-43.5,117.));
#4534 = DIRECTION('',(0.,0.,-1.));
#4535 = DIRECTION('',(-1.,2.167578286173E-16,0.));
#4536 = PCURVE('',#1860,#4537);
#4537 = DEFINITIONAL_REPRESENTATION('',(#4538),#4542);
#4538 = CIRCLE('',#4539,4.2);
#4539 = AXIS2_PLACEMENT_2D('',#4540,#4541);
#4540 = CARTESIAN_POINT('',(2.6645352591E-15,1.5));
#4541 = DIRECTION('',(1.,2.167578286173E-16));
#4542 = ( GEOMETRIC_REPRESENTATION_CONTEXT(2) 
PARAMETRIC_REPRESENTATION_CONTEXT() REPRESENTATION_CONTEXT('2D SPACE',''
  ) );
#4543 = PCURVE('',#2942,#4544);
#4544 = DEFINITIONAL_REPRESENTATION('',(#4545),#4549);
#4545 = LINE('',#4546,#4547);
#4546 = CARTESIAN_POINT('',(0.,0.));
#4547 = VECTOR('',#4548,1.);
#4548 = DIRECTION('',(1.,0.));
#4549 = ( GEOMETRIC_REPRESENTATION_CONTEXT(2) 
PARAMETRIC_REPRESENTATION_CONTEXT() REPRESENTATION_CONTEXT('2D SPACE',''
  ) );
#4550 = ORIENTED_EDGE('',*,*,#4551,.T.);
#4551 = EDGE_CURVE('',#4528,#4552,#4554,.T.);
#4552 = VERTEX_POINT('',#4553);
#4553 = CARTESIAN_POINT('',(-3.8,-46.5,117.));
#4554 = SURFACE_CURVE('',#4555,(#4559,#4566),.PCURVE_S1.);
#4555 = LINE('',#4556,#4557);
#4556 = CARTESIAN_POINT('',(-3.8,-43.5,117.));
#4557 = VECTOR('',#4558,1.);
#4558 = DIRECTION('',(-1.110223024625E-16,-1.,0.));
#4559 = PCURVE('',#1860,#4560);
#4560 = DEFINITIONAL_REPRESENTATION('',(#4561),#4565);
#4561 = LINE('',#4562,#4563);
#4562 = CARTESIAN_POINT('',(-4.2,1.5));
#4563 = VECTOR('',#4564,1.);
#4564 = DIRECTION('',(1.110223024625E-16,-1.));
#4565 = ( GEOMETRIC_REPRESENTATION_CONTEXT(2) 
PARAMETRIC_REPRESENTATION_CONTEXT() REPRESENTATION_CONTEXT('2D SPACE',''
  ) );
#4566 = PCURVE('',#4068,#4567);
#4567 = DEFINITIONAL_REPRESENTATION('',(#4568),#4572);
#4568 = LINE('',#4569,#4570);
#4569 = CARTESIAN_POINT('',(0.,0.));
#4570 = VECTOR('',#4571,1.);
#4571 = DIRECTION('',(1.,0.));
#4572 = ( GEOMETRIC_REPRESENTATION_CONTEXT(2) 
PARAMETRIC_REPRESENTATION_CONTEXT() REPRESENTATION_CONTEXT('2D SPACE',''
  ) );
#4573 = ORIENTED_EDGE('',*,*,#4574,.T.);
#4574 = EDGE_CURVE('',#4552,#4498,#4575,.T.);
#4575 = SURFACE_CURVE('',#4576,(#4581,#4588),.PCURVE_S1.);
#4576 = CIRCLE('',#4577,4.2);
#4577 = AXIS2_PLACEMENT_3D('',#4578,#4579,#4580);
#4578 = CARTESIAN_POINT('',(-8.,-46.5,117.));
#4579 = DIRECTION('',(-0.,0.,-1.));
#4580 = DIRECTION('',(1.,-2.167578286173E-16,-0.));
#4581 = PCURVE('',#1860,#4582);
#4582 = DEFINITIONAL_REPRESENTATION('',(#4583),#4587);
#4583 = CIRCLE('',#4584,4.2);
#4584 = AXIS2_PLACEMENT_2D('',#4585,#4586);
#4585 = CARTESIAN_POINT('',(2.6645352591E-15,-1.5));
#4586 = DIRECTION('',(-1.,-2.167578286173E-16));
#4587 = ( GEOMETRIC_REPRESENTATION_CONTEXT(2) 
PARAMETRIC_REPRESENTATION_CONTEXT() REPRESENTATION_CONTEXT('2D SPACE',''
  ) );
#4588 = PCURVE('',#2763,#4589);
#4589 = DEFINITIONAL_REPRESENTATION('',(#4590),#4594);
#4590 = LINE('',#4591,#4592);
#4591 = CARTESIAN_POINT('',(0.,0.));
#4592 = VECTOR('',#4593,1.);
#4593 = DIRECTION('',(1.,0.));
#4594 = ( GEOMETRIC_REPRESENTATION_CONTEXT(2) 
PARAMETRIC_REPRESENTATION_CONTEXT() REPRESENTATION_CONTEXT('2D SPACE',''
  ) );
#4595 = FACE_BOUND('',#4596,.F.);
#4596 = EDGE_LOOP('',(#4597,#4598,#4599,#4600));
#4597 = ORIENTED_EDGE('',*,*,#1947,.F.);
#4598 = ORIENTED_EDGE('',*,*,#1845,.T.);
#4599 = ORIENTED_EDGE('',*,*,#1919,.F.);
#4600 = ORIENTED_EDGE('',*,*,#1997,.T.);
#4601 = ADVANCED_FACE('',(#4602,#4703),#2059,.F.);
#4602 = FACE_BOUND('',#4603,.F.);
#4603 = EDGE_LOOP('',(#4604,#4629,#4653,#4681));
#4604 = ORIENTED_EDGE('',*,*,#4605,.T.);
#4605 = EDGE_CURVE('',#4606,#4608,#4610,.T.);
#4606 = VERTEX_POINT('',#4607);
#4607 = CARTESIAN_POINT('',(3.8,-46.5,117.));
#4608 = VERTEX_POINT('',#4609);
#4609 = CARTESIAN_POINT('',(3.8,-43.5,117.));
#4610 = SURFACE_CURVE('',#4611,(#4615,#4622),.PCURVE_S1.);
#4611 = LINE('',#4612,#4613);
#4612 = CARTESIAN_POINT('',(3.8,-46.5,117.));
#4613 = VECTOR('',#4614,1.);
#4614 = DIRECTION('',(1.110223024625E-16,1.,0.));
#4615 = PCURVE('',#2059,#4616);
#4616 = DEFINITIONAL_REPRESENTATION('',(#4617),#4621);
#4617 = LINE('',#4618,#4619);
#4618 = CARTESIAN_POINT('',(4.2,-1.5));
#4619 = VECTOR('',#4620,1.);
#4620 = DIRECTION('',(-1.110223024625E-16,1.));
#4621 = ( GEOMETRIC_REPRESENTATION_CONTEXT(2) 
PARAMETRIC_REPRESENTATION_CONTEXT() REPRESENTATION_CONTEXT('2D SPACE',''
  ) );
#4622 = PCURVE('',#3727,#4623);
#4623 = DEFINITIONAL_REPRESENTATION('',(#4624),#4628);
#4624 = LINE('',#4625,#4626);
#4625 = CARTESIAN_POINT('',(0.,0.));
#4626 = VECTOR('',#4627,1.);
#4627 = DIRECTION('',(1.,0.));
#4628 = ( GEOMETRIC_REPRESENTATION_CONTEXT(2) 
PARAMETRIC_REPRESENTATION_CONTEXT() REPRESENTATION_CONTEXT('2D SPACE',''
  ) );
#4629 = ORIENTED_EDGE('',*,*,#4630,.T.);
#4630 = EDGE_CURVE('',#4608,#4631,#4633,.T.);
#4631 = VERTEX_POINT('',#4632);
#4632 = CARTESIAN_POINT('',(12.2,-43.5,117.));
#4633 = SURFACE_CURVE('',#4634,(#4639,#4646),.PCURVE_S1.);
#4634 = CIRCLE('',#4635,4.2);
#4635 = AXIS2_PLACEMENT_3D('',#4636,#4637,#4638);
#4636 = CARTESIAN_POINT('',(8.,-43.5,117.));
#4637 = DIRECTION('',(0.,0.,-1.));
#4638 = DIRECTION('',(-1.,2.167578286173E-16,0.));
#4639 = PCURVE('',#2059,#4640);
#4640 = DEFINITIONAL_REPRESENTATION('',(#4641),#4645);
#4641 = CIRCLE('',#4642,4.2);
#4642 = AXIS2_PLACEMENT_2D('',#4643,#4644);
#4643 = CARTESIAN_POINT('',(-1.7763568394E-15,1.5));
#4644 = DIRECTION('',(1.,2.167578286173E-16));
#4645 = ( GEOMETRIC_REPRESENTATION_CONTEXT(2) 
PARAMETRIC_REPRESENTATION_CONTEXT() REPRESENTATION_CONTEXT('2D SPACE',''
  ) );
#4646 = PCURVE('',#3465,#4647);
#4647 = DEFINITIONAL_REPRESENTATION('',(#4648),#4652);
#4648 = LINE('',#4649,#4650);
#4649 = CARTESIAN_POINT('',(0.,0.));
#4650 = VECTOR('',#4651,1.);
#4651 = DIRECTION('',(1.,0.));
#4652 = ( GEOMETRIC_REPRESENTATION_CONTEXT(2) 
PARAMETRIC_REPRESENTATION_CONTEXT() REPRESENTATION_CONTEXT('2D SPACE',''
  ) );
#4653 = ORIENTED_EDGE('',*,*,#4654,.T.);
#4654 = EDGE_CURVE('',#4631,#4655,#4657,.T.);
#4655 = VERTEX_POINT('',#4656);
#4656 = CARTESIAN_POINT('',(12.2,-46.5,117.));
#4657 = SURFACE_CURVE('',#4658,(#4662,#4669),.PCURVE_S1.);
#4658 = LINE('',#4659,#4660);
#4659 = CARTESIAN_POINT('',(12.2,-43.5,117.));
#4660 = VECTOR('',#4661,1.);
#4661 = DIRECTION('',(-1.110223024625E-16,-1.,0.));
#4662 = PCURVE('',#2059,#4663);
#4663 = DEFINITIONAL_REPRESENTATION('',(#4664),#4668);
#4664 = LINE('',#4665,#4666);
#4665 = CARTESIAN_POINT('',(-4.2,1.5));
#4666 = VECTOR('',#4667,1.);
#4667 = DIRECTION('',(1.110223024625E-16,-1.));
#4668 = ( GEOMETRIC_REPRESENTATION_CONTEXT(2) 
PARAMETRIC_REPRESENTATION_CONTEXT() REPRESENTATION_CONTEXT('2D SPACE',''
  ) );
#4669 = PCURVE('',#4670,#4675);
#4670 = PLANE('',#4671);
#4671 = AXIS2_PLACEMENT_3D('',#4672,#4673,#4674);
#4672 = CARTESIAN_POINT('',(12.2,-43.5,117.));
#4673 = DIRECTION('',(1.,-1.110223024625E-16,0.));
#4674 = DIRECTION('',(-1.110223024625E-16,-1.,0.));
#4675 = DEFINITIONAL_REPRESENTATION('',(#4676),#4680);
#4676 = LINE('',#4677,#4678);
#4677 = CARTESIAN_POINT('',(0.,0.));
#4678 = VECTOR('',#4679,1.);
#4679 = DIRECTION('',(1.,0.));
#4680 = ( GEOMETRIC_REPRESENTATION_CONTEXT(2) 
PARAMETRIC_REPRESENTATION_CONTEXT() REPRESENTATION_CONTEXT('2D SPACE',''
  ) );
#4681 = ORIENTED_EDGE('',*,*,#4682,.T.);
#4682 = EDGE_CURVE('',#4655,#4606,#4683,.T.);
#4683 = SURFACE_CURVE('',#4684,(#4689,#4696),.PCURVE_S1.);
#4684 = CIRCLE('',#4685,4.2);
#4685 = AXIS2_PLACEMENT_3D('',#4686,#4687,#4688);
#4686 = CARTESIAN_POINT('',(8.,-46.5,117.));
#4687 = DIRECTION('',(-0.,0.,-1.));
#4688 = DIRECTION('',(1.,-2.167578286173E-16,-0.));
#4689 = PCURVE('',#2059,#4690);
#4690 = DEFINITIONAL_REPRESENTATION('',(#4691),#4695);
#4691 = CIRCLE('',#4692,4.2);
#4692 = AXIS2_PLACEMENT_2D('',#4693,#4694);
#4693 = CARTESIAN_POINT('',(-1.7763568394E-15,-1.5));
#4694 = DIRECTION('',(-1.,-2.167578286173E-16));
#4695 = ( GEOMETRIC_REPRESENTATION_CONTEXT(2) 
PARAMETRIC_REPRESENTATION_CONTEXT() REPRESENTATION_CONTEXT('2D SPACE',''
  ) );
#4696 = PCURVE('',#3288,#4697);
#4697 = DEFINITIONAL_REPRESENTATION('',(#4698),#4702);
#4698 = LINE('',#4699,#4700);
#4699 = CARTESIAN_POINT('',(0.,0.));
#4700 = VECTOR('',#4701,1.);
#4701 = DIRECTION('',(1.,0.));
#4702 = ( GEOMETRIC_REPRESENTATION_CONTEXT(2) 
PARAMETRIC_REPRESENTATION_CONTEXT() REPRESENTATION_CONTEXT('2D SPACE',''
  ) );
#4703 = FACE_BOUND('',#4704,.F.);
#4704 = EDGE_LOOP('',(#4705,#4706,#4707,#4708));
#4705 = ORIENTED_EDGE('',*,*,#2146,.F.);
#4706 = ORIENTED_EDGE('',*,*,#2044,.T.);
#4707 = ORIENTED_EDGE('',*,*,#2118,.F.);
#4708 = ORIENTED_EDGE('',*,*,#2196,.T.);
#4709 = ADVANCED_FACE('',(#4710,#4826),#2258,.F.);
#4710 = FACE_BOUND('',#4711,.F.);
#4711 = EDGE_LOOP('',(#4712,#4742,#4771,#4799));
#4712 = ORIENTED_EDGE('',*,*,#4713,.T.);
#4713 = EDGE_CURVE('',#4714,#4716,#4718,.T.);
#4714 = VERTEX_POINT('',#4715);
#4715 = CARTESIAN_POINT('',(21.8,-46.5,117.));
#4716 = VERTEX_POINT('',#4717);
#4717 = CARTESIAN_POINT('',(21.8,-43.5,117.));
#4718 = SURFACE_CURVE('',#4719,(#4723,#4730),.PCURVE_S1.);
#4719 = LINE('',#4720,#4721);
#4720 = CARTESIAN_POINT('',(21.8,-46.5,117.));
#4721 = VECTOR('',#4722,1.);
#4722 = DIRECTION('',(1.110223024625E-16,1.,0.));
#4723 = PCURVE('',#2258,#4724);
#4724 = DEFINITIONAL_REPRESENTATION('',(#4725),#4729);
#4725 = LINE('',#4726,#4727);
#4726 = CARTESIAN_POINT('',(4.2,-1.5));
#4727 = VECTOR('',#4728,1.);
#4728 = DIRECTION('',(-1.110223024625E-16,1.));
#4729 = ( GEOMETRIC_REPRESENTATION_CONTEXT(2) 
PARAMETRIC_REPRESENTATION_CONTEXT() REPRESENTATION_CONTEXT('2D SPACE',''
  ) );
#4730 = PCURVE('',#4731,#4736);
#4731 = PLANE('',#4732);
#4732 = AXIS2_PLACEMENT_3D('',#4733,#4734,#4735);
#4733 = CARTESIAN_POINT('',(21.8,-46.5,117.));
#4734 = DIRECTION('',(-1.,1.110223024625E-16,0.));
#4735 = DIRECTION('',(1.110223024625E-16,1.,0.));
#4736 = DEFINITIONAL_REPRESENTATION('',(#4737),#4741);
#4737 = LINE('',#4738,#4739);
#4738 = CARTESIAN_POINT('',(0.,0.));
#4739 = VECTOR('',#4740,1.);
#4740 = DIRECTION('',(1.,0.));
#4741 = ( GEOMETRIC_REPRESENTATION_CONTEXT(2) 
PARAMETRIC_REPRESENTATION_CONTEXT() REPRESENTATION_CONTEXT('2D SPACE',''
  ) );
#4742 = ORIENTED_EDGE('',*,*,#4743,.T.);
#4743 = EDGE_CURVE('',#4716,#4744,#4746,.T.);
#4744 = VERTEX_POINT('',#4745);
#4745 = CARTESIAN_POINT('',(30.2,-43.5,117.));
#4746 = SURFACE_CURVE('',#4747,(#4752,#4759),.PCURVE_S1.);
#4747 = CIRCLE('',#4748,4.2);
#4748 = AXIS2_PLACEMENT_3D('',#4749,#4750,#4751);
#4749 = CARTESIAN_POINT('',(26.,-43.5,117.));
#4750 = DIRECTION('',(0.,0.,-1.));
#4751 = DIRECTION('',(-1.,2.167578286173E-16,0.));
#4752 = PCURVE('',#2258,#4753);
#4753 = DEFINITIONAL_REPRESENTATION('',(#4754),#4758);
#4754 = CIRCLE('',#4755,4.2);
#4755 = AXIS2_PLACEMENT_2D('',#4756,#4757);
#4756 = CARTESIAN_POINT('',(-3.552713678801E-15,1.5));
#4757 = DIRECTION('',(1.,2.167578286173E-16));
#4758 = ( GEOMETRIC_REPRESENTATION_CONTEXT(2) 
PARAMETRIC_REPRESENTATION_CONTEXT() REPRESENTATION_CONTEXT('2D SPACE',''
  ) );
#4759 = PCURVE('',#4760,#4765);
#4760 = CYLINDRICAL_SURFACE('',#4761,4.2);
#4761 = AXIS2_PLACEMENT_3D('',#4762,#4763,#4764);
#4762 = CARTESIAN_POINT('',(26.,-43.5,117.));
#4763 = DIRECTION('',(0.,0.,-1.));
#4764 = DIRECTION('',(-1.,2.167578286173E-16,0.));
#4765 = DEFINITIONAL_REPRESENTATION('',(#4766),#4770);
#4766 = LINE('',#4767,#4768);
#4767 = CARTESIAN_POINT('',(0.,0.));
#4768 = VECTOR('',#4769,1.);
#4769 = DIRECTION('',(1.,0.));
#4770 = ( GEOMETRIC_REPRESENTATION_CONTEXT(2) 
PARAMETRIC_REPRESENTATION_CONTEXT() REPRESENTATION_CONTEXT('2D SPACE',''
  ) );
#4771 = ORIENTED_EDGE('',*,*,#4772,.T.);
#4772 = EDGE_CURVE('',#4744,#4773,#4775,.T.);
#4773 = VERTEX_POINT('',#4774);
#4774 = CARTESIAN_POINT('',(30.2,-46.5,117.));
#4775 = SURFACE_CURVE('',#4776,(#4780,#4787),.PCURVE_S1.);
#4776 = LINE('',#4777,#4778);
#4777 = CARTESIAN_POINT('',(30.2,-43.5,117.));
#4778 = VECTOR('',#4779,1.);
#4779 = DIRECTION('',(-1.110223024625E-16,-1.,0.));
#4780 = PCURVE('',#2258,#4781);
#4781 = DEFINITIONAL_REPRESENTATION('',(#4782),#4786);
#4782 = LINE('',#4783,#4784);
#4783 = CARTESIAN_POINT('',(-4.2,1.5));
#4784 = VECTOR('',#4785,1.);
#4785 = DIRECTION('',(1.110223024625E-16,-1.));
#4786 = ( GEOMETRIC_REPRESENTATION_CONTEXT(2) 
PARAMETRIC_REPRESENTATION_CONTEXT() REPRESENTATION_CONTEXT('2D SPACE',''
  ) );
#4787 = PCURVE('',#4788,#4793);
#4788 = PLANE('',#4789);
#4789 = AXIS2_PLACEMENT_3D('',#4790,#4791,#4792);
#4790 = CARTESIAN_POINT('',(30.2,-43.5,117.));
#4791 = DIRECTION('',(1.,-1.110223024625E-16,0.));
#4792 = DIRECTION('',(-1.110223024625E-16,-1.,0.));
#4793 = DEFINITIONAL_REPRESENTATION('',(#4794),#4798);
#4794 = LINE('',#4795,#4796);
#4795 = CARTESIAN_POINT('',(0.,0.));
#4796 = VECTOR('',#4797,1.);
#4797 = DIRECTION('',(1.,0.));
#4798 = ( GEOMETRIC_REPRESENTATION_CONTEXT(2) 
PARAMETRIC_REPRESENTATION_CONTEXT() REPRESENTATION_CONTEXT('2D SPACE',''
  ) );
#4799 = ORIENTED_EDGE('',*,*,#4800,.T.);
#4800 = EDGE_CURVE('',#4773,#4714,#4801,.T.);
#4801 = SURFACE_CURVE('',#4802,(#4807,#4814),.PCURVE_S1.);
#4802 = CIRCLE('',#4803,4.2);
#4803 = AXIS2_PLACEMENT_3D('',#4804,#4805,#4806);
#4804 = CARTESIAN_POINT('',(26.,-46.5,117.));
#4805 = DIRECTION('',(-0.,0.,-1.));
#4806 = DIRECTION('',(1.,-2.167578286173E-16,-0.));
#4807 = PCURVE('',#2258,#4808);
#4808 = DEFINITIONAL_REPRESENTATION('',(#4809),#4813);
#4809 = CIRCLE('',#4810,4.2);
#4810 = AXIS2_PLACEMENT_2D('',#4811,#4812);
#4811 = CARTESIAN_POINT('',(-3.552713678801E-15,-1.5));
#4812 = DIRECTION('',(-1.,-2.167578286173E-16));
#4813 = ( GEOMETRIC_REPRESENTATION_CONTEXT(2) 
PARAMETRIC_REPRESENTATION_CONTEXT() REPRESENTATION_CONTEXT('2D SPACE',''
  ) );
#4814 = PCURVE('',#4815,#4820);
#4815 = CYLINDRICAL_SURFACE('',#4816,4.2);
#4816 = AXIS2_PLACEMENT_3D('',#4817,#4818,#4819);
#4817 = CARTESIAN_POINT('',(26.,-46.5,117.));
#4818 = DIRECTION('',(-0.,0.,-1.));
#4819 = DIRECTION('',(1.,-2.167578286173E-16,-0.));
#4820 = DEFINITIONAL_REPRESENTATION('',(#4821),#4825);
#4821 = LINE('',#4822,#4823);
#4822 = CARTESIAN_POINT('',(0.,0.));
#4823 = VECTOR('',#4824,1.);
#4824 = DIRECTION('',(1.,0.));
#4825 = ( GEOMETRIC_REPRESENTATION_CONTEXT(2) 
PARAMETRIC_REPRESENTATION_CONTEXT() REPRESENTATION_CONTEXT('2D SPACE',''
  ) );
#4826 = FACE_BOUND('',#4827,.F.);
#4827 = EDGE_LOOP('',(#4828,#4829,#4830,#4831));
#4828 = ORIENTED_EDGE('',*,*,#2295,.F.);
#4829 = ORIENTED_EDGE('',*,*,#2243,.T.);
#4830 = ORIENTED_EDGE('',*,*,#2392,.F.);
#4831 = ORIENTED_EDGE('',*,*,#2345,.T.);
#4832 = ADVANCED_FACE('',(#4833,#4836),#2596,.F.);
#4833 = FACE_BOUND('',#4834,.F.);
#4834 = EDGE_LOOP('',(#4835));
#4835 = ORIENTED_EDGE('',*,*,#4298,.T.);
#4836 = FACE_BOUND('',#4837,.F.);
#4837 = EDGE_LOOP('',(#4838));
#4838 = ORIENTED_EDGE('',*,*,#2579,.T.);
#4839 = ADVANCED_FACE('',(#4840),#2763,.F.);
#4840 = FACE_BOUND('',#4841,.F.);
#4841 = EDGE_LOOP('',(#4842,#4843,#4864,#4865,#4866,#4867,#4890,#4919));
#4842 = ORIENTED_EDGE('',*,*,#4574,.F.);
#4843 = ORIENTED_EDGE('',*,*,#4844,.T.);
#4844 = EDGE_CURVE('',#4552,#3908,#4845,.T.);
#4845 = SURFACE_CURVE('',#4846,(#4850,#4857),.PCURVE_S1.);
#4846 = LINE('',#4847,#4848);
#4847 = CARTESIAN_POINT('',(-3.8,-46.5,117.));
#4848 = VECTOR('',#4849,1.);
#4849 = DIRECTION('',(0.,0.,1.));
#4850 = PCURVE('',#2763,#4851);
#4851 = DEFINITIONAL_REPRESENTATION('',(#4852),#4856);
#4852 = LINE('',#4853,#4854);
#4853 = CARTESIAN_POINT('',(0.,0.));
#4854 = VECTOR('',#4855,1.);
#4855 = DIRECTION('',(0.,-1.));
#4856 = ( GEOMETRIC_REPRESENTATION_CONTEXT(2) 
PARAMETRIC_REPRESENTATION_CONTEXT() REPRESENTATION_CONTEXT('2D SPACE',''
  ) );
#4857 = PCURVE('',#4068,#4858);
#4858 = DEFINITIONAL_REPRESENTATION('',(#4859),#4863);
#4859 = LINE('',#4860,#4861);
#4860 = CARTESIAN_POINT('',(3.,0.));
#4861 = VECTOR('',#4862,1.);
#4862 = DIRECTION('',(0.,-1.));
#4863 = ( GEOMETRIC_REPRESENTATION_CONTEXT(2) 
PARAMETRIC_REPRESENTATION_CONTEXT() REPRESENTATION_CONTEXT('2D SPACE',''
  ) );
#4864 = ORIENTED_EDGE('',*,*,#3907,.T.);
#4865 = ORIENTED_EDGE('',*,*,#2746,.F.);
#4866 = ORIENTED_EDGE('',*,*,#3021,.F.);
#4867 = ORIENTED_EDGE('',*,*,#4868,.T.);
#4868 = EDGE_CURVE('',#2996,#4869,#4871,.T.);
#4869 = VERTEX_POINT('',#4870);
#4870 = CARTESIAN_POINT('',(-3.8,-46.5,157.));
#4871 = SURFACE_CURVE('',#4872,(#4876,#4883),.PCURVE_S1.);
#4872 = LINE('',#4873,#4874);
#4873 = CARTESIAN_POINT('',(-3.8,-46.5,117.));
#4874 = VECTOR('',#4875,1.);
#4875 = DIRECTION('',(0.,0.,1.));
#4876 = PCURVE('',#2763,#4877);
#4877 = DEFINITIONAL_REPRESENTATION('',(#4878),#4882);
#4878 = LINE('',#4879,#4880);
#4879 = CARTESIAN_POINT('',(0.,0.));
#4880 = VECTOR('',#4881,1.);
#4881 = DIRECTION('',(0.,-1.));
#4882 = ( GEOMETRIC_REPRESENTATION_CONTEXT(2) 
PARAMETRIC_REPRESENTATION_CONTEXT() REPRESENTATION_CONTEXT('2D SPACE',''
  ) );
#4883 = PCURVE('',#3010,#4884);
#4884 = DEFINITIONAL_REPRESENTATION('',(#4885),#4889);
#4885 = LINE('',#4886,#4887);
#4886 = CARTESIAN_POINT('',(3.,0.));
#4887 = VECTOR('',#4888,1.);
#4888 = DIRECTION('',(0.,-1.));
#4889 = ( GEOMETRIC_REPRESENTATION_CONTEXT(2) 
PARAMETRIC_REPRESENTATION_CONTEXT() REPRESENTATION_CONTEXT('2D SPACE',''
  ) );
#4890 = ORIENTED_EDGE('',*,*,#4891,.T.);
#4891 = EDGE_CURVE('',#4869,#4892,#4894,.T.);
#4892 = VERTEX_POINT('',#4893);
#4893 = CARTESIAN_POINT('',(-12.2,-46.5,157.));
#4894 = SURFACE_CURVE('',#4895,(#4900,#4907),.PCURVE_S1.);
#4895 = CIRCLE('',#4896,4.2);
#4896 = AXIS2_PLACEMENT_3D('',#4897,#4898,#4899);
#4897 = CARTESIAN_POINT('',(-8.,-46.5,157.));
#4898 = DIRECTION('',(-0.,0.,-1.));
#4899 = DIRECTION('',(1.,-2.167578286173E-16,-0.));
#4900 = PCURVE('',#2763,#4901);
#4901 = DEFINITIONAL_REPRESENTATION('',(#4902),#4906);
#4902 = LINE('',#4903,#4904);
#4903 = CARTESIAN_POINT('',(0.,-40.));
#4904 = VECTOR('',#4905,1.);
#4905 = DIRECTION('',(1.,0.));
#4906 = ( GEOMETRIC_REPRESENTATION_CONTEXT(2) 
PARAMETRIC_REPRESENTATION_CONTEXT() REPRESENTATION_CONTEXT('2D SPACE',''
  ) );
#4907 = PCURVE('',#4908,#4913);
#4908 = PLANE('',#4909);
#4909 = AXIS2_PLACEMENT_3D('',#4910,#4911,#4912);
#4910 = CARTESIAN_POINT('',(-8.,-45.,157.));
#4911 = DIRECTION('',(-0.,-0.,-1.));
#4912 = DIRECTION('',(-1.,0.,0.));
#4913 = DEFINITIONAL_REPRESENTATION('',(#4914),#4918);
#4914 = CIRCLE('',#4915,4.2);
#4915 = AXIS2_PLACEMENT_2D('',#4916,#4917);
#4916 = CARTESIAN_POINT('',(2.6645352591E-15,-1.5));
#4917 = DIRECTION('',(-1.,-2.167578286173E-16));
#4918 = ( GEOMETRIC_REPRESENTATION_CONTEXT(2) 
PARAMETRIC_REPRESENTATION_CONTEXT() REPRESENTATION_CONTEXT('2D SPACE',''
  ) );
#4919 = ORIENTED_EDGE('',*,*,#4920,.F.);
#4920 = EDGE_CURVE('',#4498,#4892,#4921,.T.);
#4921 = SURFACE_CURVE('',#4922,(#4926,#4933),.PCURVE_S1.);
#4922 = LINE('',#4923,#4924);
#4923 = CARTESIAN_POINT('',(-12.2,-46.5,117.));
#4924 = VECTOR('',#4925,1.);
#4925 = DIRECTION('',(0.,0.,1.));
#4926 = PCURVE('',#2763,#4927);
#4927 = DEFINITIONAL_REPRESENTATION('',(#4928),#4932);
#4928 = LINE('',#4929,#4930);
#4929 = CARTESIAN_POINT('',(3.14159265359,0.));
#4930 = VECTOR('',#4931,1.);
#4931 = DIRECTION('',(0.,-1.));
#4932 = ( GEOMETRIC_REPRESENTATION_CONTEXT(2) 
PARAMETRIC_REPRESENTATION_CONTEXT() REPRESENTATION_CONTEXT('2D SPACE',''
  ) );
#4933 = PCURVE('',#4515,#4934);
#4934 = DEFINITIONAL_REPRESENTATION('',(#4935),#4939);
#4935 = LINE('',#4936,#4937);
#4936 = CARTESIAN_POINT('',(0.,0.));
#4937 = VECTOR('',#4938,1.);
#4938 = DIRECTION('',(0.,-1.));
#4939 = ( GEOMETRIC_REPRESENTATION_CONTEXT(2) 
PARAMETRIC_REPRESENTATION_CONTEXT() REPRESENTATION_CONTEXT('2D SPACE',''
  ) );
#4940 = ADVANCED_FACE('',(#4941),#3465,.F.);
#4941 = FACE_BOUND('',#4942,.F.);
#4942 = EDGE_LOOP('',(#4943,#4944,#4965,#4966,#4967,#4968,#4991,#5020));
#4943 = ORIENTED_EDGE('',*,*,#4630,.F.);
#4944 = ORIENTED_EDGE('',*,*,#4945,.T.);
#4945 = EDGE_CURVE('',#4608,#3567,#4946,.T.);
#4946 = SURFACE_CURVE('',#4947,(#4951,#4958),.PCURVE_S1.);
#4947 = LINE('',#4948,#4949);
#4948 = CARTESIAN_POINT('',(3.8,-43.5,117.));
#4949 = VECTOR('',#4950,1.);
#4950 = DIRECTION('',(0.,0.,1.));
#4951 = PCURVE('',#3465,#4952);
#4952 = DEFINITIONAL_REPRESENTATION('',(#4953),#4957);
#4953 = LINE('',#4954,#4955);
#4954 = CARTESIAN_POINT('',(0.,0.));
#4955 = VECTOR('',#4956,1.);
#4956 = DIRECTION('',(0.,-1.));
#4957 = ( GEOMETRIC_REPRESENTATION_CONTEXT(2) 
PARAMETRIC_REPRESENTATION_CONTEXT() REPRESENTATION_CONTEXT('2D SPACE',''
  ) );
#4958 = PCURVE('',#3727,#4959);
#4959 = DEFINITIONAL_REPRESENTATION('',(#4960),#4964);
#4960 = LINE('',#4961,#4962);
#4961 = CARTESIAN_POINT('',(3.,0.));
#4962 = VECTOR('',#4963,1.);
#4963 = DIRECTION('',(0.,-1.));
#4964 = ( GEOMETRIC_REPRESENTATION_CONTEXT(2) 
PARAMETRIC_REPRESENTATION_CONTEXT() REPRESENTATION_CONTEXT('2D SPACE',''
  ) );
#4965 = ORIENTED_EDGE('',*,*,#3566,.T.);
#4966 = ORIENTED_EDGE('',*,*,#4351,.F.);
#4967 = ORIENTED_EDGE('',*,*,#3367,.F.);
#4968 = ORIENTED_EDGE('',*,*,#4969,.T.);
#4969 = EDGE_CURVE('',#3342,#4970,#4972,.T.);
#4970 = VERTEX_POINT('',#4971);
#4971 = CARTESIAN_POINT('',(3.8,-43.5,157.));
#4972 = SURFACE_CURVE('',#4973,(#4977,#4984),.PCURVE_S1.);
#4973 = LINE('',#4974,#4975);
#4974 = CARTESIAN_POINT('',(3.8,-43.5,117.));
#4975 = VECTOR('',#4976,1.);
#4976 = DIRECTION('',(0.,0.,1.));
#4977 = PCURVE('',#3465,#4978);
#4978 = DEFINITIONAL_REPRESENTATION('',(#4979),#4983);
#4979 = LINE('',#4980,#4981);
#4980 = CARTESIAN_POINT('',(0.,0.));
#4981 = VECTOR('',#4982,1.);
#4982 = DIRECTION('',(0.,-1.));
#4983 = ( GEOMETRIC_REPRESENTATION_CONTEXT(2) 
PARAMETRIC_REPRESENTATION_CONTEXT() REPRESENTATION_CONTEXT('2D SPACE',''
  ) );
#4984 = PCURVE('',#3356,#4985);
#4985 = DEFINITIONAL_REPRESENTATION('',(#4986),#4990);
#4986 = LINE('',#4987,#4988);
#4987 = CARTESIAN_POINT('',(3.,0.));
#4988 = VECTOR('',#4989,1.);
#4989 = DIRECTION('',(0.,-1.));
#4990 = ( GEOMETRIC_REPRESENTATION_CONTEXT(2) 
PARAMETRIC_REPRESENTATION_CONTEXT() REPRESENTATION_CONTEXT('2D SPACE',''
  ) );
#4991 = ORIENTED_EDGE('',*,*,#4992,.T.);
#4992 = EDGE_CURVE('',#4970,#4993,#4995,.T.);
#4993 = VERTEX_POINT('',#4994);
#4994 = CARTESIAN_POINT('',(12.2,-43.5,157.));
#4995 = SURFACE_CURVE('',#4996,(#5001,#5008),.PCURVE_S1.);
#4996 = CIRCLE('',#4997,4.2);
#4997 = AXIS2_PLACEMENT_3D('',#4998,#4999,#5000);
#4998 = CARTESIAN_POINT('',(8.,-43.5,157.));
#4999 = DIRECTION('',(0.,0.,-1.));
#5000 = DIRECTION('',(-1.,2.167578286173E-16,0.));
#5001 = PCURVE('',#3465,#5002);
#5002 = DEFINITIONAL_REPRESENTATION('',(#5003),#5007);
#5003 = LINE('',#5004,#5005);
#5004 = CARTESIAN_POINT('',(0.,-40.));
#5005 = VECTOR('',#5006,1.);
#5006 = DIRECTION('',(1.,0.));
#5007 = ( GEOMETRIC_REPRESENTATION_CONTEXT(2) 
PARAMETRIC_REPRESENTATION_CONTEXT() REPRESENTATION_CONTEXT('2D SPACE',''
  ) );
#5008 = PCURVE('',#5009,#5014);
#5009 = PLANE('',#5010);
#5010 = AXIS2_PLACEMENT_3D('',#5011,#5012,#5013);
#5011 = CARTESIAN_POINT('',(8.,-45.,157.));
#5012 = DIRECTION('',(-0.,-0.,-1.));
#5013 = DIRECTION('',(-1.,0.,0.));
#5014 = DEFINITIONAL_REPRESENTATION('',(#5015),#5019);
#5015 = CIRCLE('',#5016,4.2);
#5016 = AXIS2_PLACEMENT_2D('',#5017,#5018);
#5017 = CARTESIAN_POINT('',(-1.7763568394E-15,1.5));
#5018 = DIRECTION('',(1.,2.167578286173E-16));
#5019 = ( GEOMETRIC_REPRESENTATION_CONTEXT(2) 
PARAMETRIC_REPRESENTATION_CONTEXT() REPRESENTATION_CONTEXT('2D SPACE',''
  ) );
#5020 = ORIENTED_EDGE('',*,*,#5021,.F.);
#5021 = EDGE_CURVE('',#4631,#4993,#5022,.T.);
#5022 = SURFACE_CURVE('',#5023,(#5027,#5034),.PCURVE_S1.);
#5023 = LINE('',#5024,#5025);
#5024 = CARTESIAN_POINT('',(12.2,-43.5,117.));
#5025 = VECTOR('',#5026,1.);
#5026 = DIRECTION('',(0.,0.,1.));
#5027 = PCURVE('',#3465,#5028);
#5028 = DEFINITIONAL_REPRESENTATION('',(#5029),#5033);
#5029 = LINE('',#5030,#5031);
#5030 = CARTESIAN_POINT('',(3.14159265359,0.));
#5031 = VECTOR('',#5032,1.);
#5032 = DIRECTION('',(0.,-1.));
#5033 = ( GEOMETRIC_REPRESENTATION_CONTEXT(2) 
PARAMETRIC_REPRESENTATION_CONTEXT() REPRESENTATION_CONTEXT('2D SPACE',''
  ) );
#5034 = PCURVE('',#4670,#5035);
#5035 = DEFINITIONAL_REPRESENTATION('',(#5036),#5040);
#5036 = LINE('',#5037,#5038);
#5037 = CARTESIAN_POINT('',(0.,0.));
#5038 = VECTOR('',#5039,1.);
#5039 = DIRECTION('',(0.,-1.));
#5040 = ( GEOMETRIC_REPRESENTATION_CONTEXT(2) 
PARAMETRIC_REPRESENTATION_CONTEXT() REPRESENTATION_CONTEXT('2D SPACE',''
  ) );
#5041 = ADVANCED_FACE('',(#5042),#3356,.F.);
#5042 = FACE_BOUND('',#5043,.F.);
#5043 = EDGE_LOOP('',(#5044,#5045,#5068,#5089));
#5044 = ORIENTED_EDGE('',*,*,#3341,.F.);
#5045 = ORIENTED_EDGE('',*,*,#5046,.T.);
#5046 = EDGE_CURVE('',#3191,#5047,#5049,.T.);
#5047 = VERTEX_POINT('',#5048);
#5048 = CARTESIAN_POINT('',(3.8,-46.5,157.));
#5049 = SURFACE_CURVE('',#5050,(#5054,#5061),.PCURVE_S1.);
#5050 = LINE('',#5051,#5052);
#5051 = CARTESIAN_POINT('',(3.8,-46.5,117.));
#5052 = VECTOR('',#5053,1.);
#5053 = DIRECTION('',(0.,0.,1.));
#5054 = PCURVE('',#3356,#5055);
#5055 = DEFINITIONAL_REPRESENTATION('',(#5056),#5060);
#5056 = LINE('',#5057,#5058);
#5057 = CARTESIAN_POINT('',(0.,0.));
#5058 = VECTOR('',#5059,1.);
#5059 = DIRECTION('',(0.,-1.));
#5060 = ( GEOMETRIC_REPRESENTATION_CONTEXT(2) 
PARAMETRIC_REPRESENTATION_CONTEXT() REPRESENTATION_CONTEXT('2D SPACE',''
  ) );
#5061 = PCURVE('',#3288,#5062);
#5062 = DEFINITIONAL_REPRESENTATION('',(#5063),#5067);
#5063 = LINE('',#5064,#5065);
#5064 = CARTESIAN_POINT('',(3.14159265359,0.));
#5065 = VECTOR('',#5066,1.);
#5066 = DIRECTION('',(0.,-1.));
#5067 = ( GEOMETRIC_REPRESENTATION_CONTEXT(2) 
PARAMETRIC_REPRESENTATION_CONTEXT() REPRESENTATION_CONTEXT('2D SPACE',''
  ) );
#5068 = ORIENTED_EDGE('',*,*,#5069,.T.);
#5069 = EDGE_CURVE('',#5047,#4970,#5070,.T.);
#5070 = SURFACE_CURVE('',#5071,(#5075,#5082),.PCURVE_S1.);
#5071 = LINE('',#5072,#5073);
#5072 = CARTESIAN_POINT('',(3.8,-46.5,157.));
#5073 = VECTOR('',#5074,1.);
#5074 = DIRECTION('',(1.110223024625E-16,1.,0.));
#5075 = PCURVE('',#3356,#5076);
#5076 = DEFINITIONAL_REPRESENTATION('',(#5077),#5081);
#5077 = LINE('',#5078,#5079);
#5078 = CARTESIAN_POINT('',(0.,-40.));
#5079 = VECTOR('',#5080,1.);
#5080 = DIRECTION('',(1.,0.));
#5081 = ( GEOMETRIC_REPRESENTATION_CONTEXT(2) 
PARAMETRIC_REPRESENTATION_CONTEXT() REPRESENTATION_CONTEXT('2D SPACE',''
  ) );
#5082 = PCURVE('',#5009,#5083);
#5083 = DEFINITIONAL_REPRESENTATION('',(#5084),#5088);
#5084 = LINE('',#5085,#5086);
#5085 = CARTESIAN_POINT('',(4.2,-1.5));
#5086 = VECTOR('',#5087,1.);
#5087 = DIRECTION('',(-1.110223024625E-16,1.));
#5088 = ( GEOMETRIC_REPRESENTATION_CONTEXT(2) 
PARAMETRIC_REPRESENTATION_CONTEXT() REPRESENTATION_CONTEXT('2D SPACE',''
  ) );
#5089 = ORIENTED_EDGE('',*,*,#4969,.F.);
#5090 = ADVANCED_FACE('',(#5091),#3288,.F.);
#5091 = FACE_BOUND('',#5092,.F.);
#5092 = EDGE_LOOP('',(#5093,#5094,#5117,#5139,#5140,#5141,#5142,#5143));
#5093 = ORIENTED_EDGE('',*,*,#4682,.F.);
#5094 = ORIENTED_EDGE('',*,*,#5095,.T.);
#5095 = EDGE_CURVE('',#4655,#5096,#5098,.T.);
#5096 = VERTEX_POINT('',#5097);
#5097 = CARTESIAN_POINT('',(12.2,-46.5,157.));
#5098 = SURFACE_CURVE('',#5099,(#5103,#5110),.PCURVE_S1.);
#5099 = LINE('',#5100,#5101);
#5100 = CARTESIAN_POINT('',(12.2,-46.5,117.));
#5101 = VECTOR('',#5102,1.);
#5102 = DIRECTION('',(0.,0.,1.));
#5103 = PCURVE('',#3288,#5104);
#5104 = DEFINITIONAL_REPRESENTATION('',(#5105),#5109);
#5105 = LINE('',#5106,#5107);
#5106 = CARTESIAN_POINT('',(0.,0.));
#5107 = VECTOR('',#5108,1.);
#5108 = DIRECTION('',(0.,-1.));
#5109 = ( GEOMETRIC_REPRESENTATION_CONTEXT(2) 
PARAMETRIC_REPRESENTATION_CONTEXT() REPRESENTATION_CONTEXT('2D SPACE',''
  ) );
#5110 = PCURVE('',#4670,#5111);
#5111 = DEFINITIONAL_REPRESENTATION('',(#5112),#5116);
#5112 = LINE('',#5113,#5114);
#5113 = CARTESIAN_POINT('',(3.,0.));
#5114 = VECTOR('',#5115,1.);
#5115 = DIRECTION('',(0.,-1.));
#5116 = ( GEOMETRIC_REPRESENTATION_CONTEXT(2) 
PARAMETRIC_REPRESENTATION_CONTEXT() REPRESENTATION_CONTEXT('2D SPACE',''
  ) );
#5117 = ORIENTED_EDGE('',*,*,#5118,.T.);
#5118 = EDGE_CURVE('',#5096,#5047,#5119,.T.);
#5119 = SURFACE_CURVE('',#5120,(#5125,#5132),.PCURVE_S1.);
#5120 = CIRCLE('',#5121,4.2);
#5121 = AXIS2_PLACEMENT_3D('',#5122,#5123,#5124);
#5122 = CARTESIAN_POINT('',(8.,-46.5,157.));
#5123 = DIRECTION('',(-0.,0.,-1.));
#5124 = DIRECTION('',(1.,-2.167578286173E-16,-0.));
#5125 = PCURVE('',#3288,#5126);
#5126 = DEFINITIONAL_REPRESENTATION('',(#5127),#5131);
#5127 = LINE('',#5128,#5129);
#5128 = CARTESIAN_POINT('',(0.,-40.));
#5129 = VECTOR('',#5130,1.);
#5130 = DIRECTION('',(1.,0.));
#5131 = ( GEOMETRIC_REPRESENTATION_CONTEXT(2) 
PARAMETRIC_REPRESENTATION_CONTEXT() REPRESENTATION_CONTEXT('2D SPACE',''
  ) );
#5132 = PCURVE('',#5009,#5133);
#5133 = DEFINITIONAL_REPRESENTATION('',(#5134),#5138);
#5134 = CIRCLE('',#5135,4.2);
#5135 = AXIS2_PLACEMENT_2D('',#5136,#5137);
#5136 = CARTESIAN_POINT('',(-1.7763568394E-15,-1.5));
#5137 = DIRECTION('',(-1.,-2.167578286173E-16));
#5138 = ( GEOMETRIC_REPRESENTATION_CONTEXT(2) 
PARAMETRIC_REPRESENTATION_CONTEXT() REPRESENTATION_CONTEXT('2D SPACE',''
  ) );
#5139 = ORIENTED_EDGE('',*,*,#5046,.F.);
#5140 = ORIENTED_EDGE('',*,*,#3190,.F.);
#5141 = ORIENTED_EDGE('',*,*,#4249,.T.);
#5142 = ORIENTED_EDGE('',*,*,#3738,.T.);
#5143 = ORIENTED_EDGE('',*,*,#5144,.F.);
#5144 = EDGE_CURVE('',#4606,#3713,#5145,.T.);
#5145 = SURFACE_CURVE('',#5146,(#5150,#5157),.PCURVE_S1.);
#5146 = LINE('',#5147,#5148);
#5147 = CARTESIAN_POINT('',(3.8,-46.5,117.));
#5148 = VECTOR('',#5149,1.);
#5149 = DIRECTION('',(0.,0.,1.));
#5150 = PCURVE('',#3288,#5151);
#5151 = DEFINITIONAL_REPRESENTATION('',(#5152),#5156);
#5152 = LINE('',#5153,#5154);
#5153 = CARTESIAN_POINT('',(3.14159265359,0.));
#5154 = VECTOR('',#5155,1.);
#5155 = DIRECTION('',(0.,-1.));
#5156 = ( GEOMETRIC_REPRESENTATION_CONTEXT(2) 
PARAMETRIC_REPRESENTATION_CONTEXT() REPRESENTATION_CONTEXT('2D SPACE',''
  ) );
#5157 = PCURVE('',#3727,#5158);
#5158 = DEFINITIONAL_REPRESENTATION('',(#5159),#5163);
#5159 = LINE('',#5160,#5161);
#5160 = CARTESIAN_POINT('',(0.,0.));
#5161 = VECTOR('',#5162,1.);
#5162 = DIRECTION('',(0.,-1.));
#5163 = ( GEOMETRIC_REPRESENTATION_CONTEXT(2) 
PARAMETRIC_REPRESENTATION_CONTEXT() REPRESENTATION_CONTEXT('2D SPACE',''
  ) );
#5164 = ADVANCED_FACE('',(#5165),#3010,.F.);
#5165 = FACE_BOUND('',#5166,.F.);
#5166 = EDGE_LOOP('',(#5167,#5168,#5191,#5212));
#5167 = ORIENTED_EDGE('',*,*,#2995,.T.);
#5168 = ORIENTED_EDGE('',*,*,#5169,.T.);
#5169 = EDGE_CURVE('',#2845,#5170,#5172,.T.);
#5170 = VERTEX_POINT('',#5171);
#5171 = CARTESIAN_POINT('',(-3.8,-43.5,157.));
#5172 = SURFACE_CURVE('',#5173,(#5177,#5184),.PCURVE_S1.);
#5173 = LINE('',#5174,#5175);
#5174 = CARTESIAN_POINT('',(-3.8,-43.5,117.));
#5175 = VECTOR('',#5176,1.);
#5176 = DIRECTION('',(0.,0.,1.));
#5177 = PCURVE('',#3010,#5178);
#5178 = DEFINITIONAL_REPRESENTATION('',(#5179),#5183);
#5179 = LINE('',#5180,#5181);
#5180 = CARTESIAN_POINT('',(0.,0.));
#5181 = VECTOR('',#5182,1.);
#5182 = DIRECTION('',(0.,-1.));
#5183 = ( GEOMETRIC_REPRESENTATION_CONTEXT(2) 
PARAMETRIC_REPRESENTATION_CONTEXT() REPRESENTATION_CONTEXT('2D SPACE',''
  ) );
#5184 = PCURVE('',#2942,#5185);
#5185 = DEFINITIONAL_REPRESENTATION('',(#5186),#5190);
#5186 = LINE('',#5187,#5188);
#5187 = CARTESIAN_POINT('',(3.14159265359,0.));
#5188 = VECTOR('',#5189,1.);
#5189 = DIRECTION('',(0.,-1.));
#5190 = ( GEOMETRIC_REPRESENTATION_CONTEXT(2) 
PARAMETRIC_REPRESENTATION_CONTEXT() REPRESENTATION_CONTEXT('2D SPACE',''
  ) );
#5191 = ORIENTED_EDGE('',*,*,#5192,.T.);
#5192 = EDGE_CURVE('',#5170,#4869,#5193,.T.);
#5193 = SURFACE_CURVE('',#5194,(#5198,#5205),.PCURVE_S1.);
#5194 = LINE('',#5195,#5196);
#5195 = CARTESIAN_POINT('',(-3.8,-43.5,157.));
#5196 = VECTOR('',#5197,1.);
#5197 = DIRECTION('',(-1.110223024625E-16,-1.,0.));
#5198 = PCURVE('',#3010,#5199);
#5199 = DEFINITIONAL_REPRESENTATION('',(#5200),#5204);
#5200 = LINE('',#5201,#5202);
#5201 = CARTESIAN_POINT('',(0.,-40.));
#5202 = VECTOR('',#5203,1.);
#5203 = DIRECTION('',(1.,0.));
#5204 = ( GEOMETRIC_REPRESENTATION_CONTEXT(2) 
PARAMETRIC_REPRESENTATION_CONTEXT() REPRESENTATION_CONTEXT('2D SPACE',''
  ) );
#5205 = PCURVE('',#4908,#5206);
#5206 = DEFINITIONAL_REPRESENTATION('',(#5207),#5211);
#5207 = LINE('',#5208,#5209);
#5208 = CARTESIAN_POINT('',(-4.2,1.5));
#5209 = VECTOR('',#5210,1.);
#5210 = DIRECTION('',(1.110223024625E-16,-1.));
#5211 = ( GEOMETRIC_REPRESENTATION_CONTEXT(2) 
PARAMETRIC_REPRESENTATION_CONTEXT() REPRESENTATION_CONTEXT('2D SPACE',''
  ) );
#5212 = ORIENTED_EDGE('',*,*,#4868,.F.);
#5213 = ADVANCED_FACE('',(#5214),#2942,.F.);
#5214 = FACE_BOUND('',#5215,.F.);
#5215 = EDGE_LOOP('',(#5216,#5217,#5240,#5262,#5263,#5264,#5265,#5266));
#5216 = ORIENTED_EDGE('',*,*,#4527,.F.);
#5217 = ORIENTED_EDGE('',*,*,#5218,.T.);
#5218 = EDGE_CURVE('',#4500,#5219,#5221,.T.);
#5219 = VERTEX_POINT('',#5220);
#5220 = CARTESIAN_POINT('',(-12.2,-43.5,157.));
#5221 = SURFACE_CURVE('',#5222,(#5226,#5233),.PCURVE_S1.);
#5222 = LINE('',#5223,#5224);
#5223 = CARTESIAN_POINT('',(-12.2,-43.5,117.));
#5224 = VECTOR('',#5225,1.);
#5225 = DIRECTION('',(0.,0.,1.));
#5226 = PCURVE('',#2942,#5227);
#5227 = DEFINITIONAL_REPRESENTATION('',(#5228),#5232);
#5228 = LINE('',#5229,#5230);
#5229 = CARTESIAN_POINT('',(0.,0.));
#5230 = VECTOR('',#5231,1.);
#5231 = DIRECTION('',(0.,-1.));
#5232 = ( GEOMETRIC_REPRESENTATION_CONTEXT(2) 
PARAMETRIC_REPRESENTATION_CONTEXT() REPRESENTATION_CONTEXT('2D SPACE',''
  ) );
#5233 = PCURVE('',#4515,#5234);
#5234 = DEFINITIONAL_REPRESENTATION('',(#5235),#5239);
#5235 = LINE('',#5236,#5237);
#5236 = CARTESIAN_POINT('',(3.,0.));
#5237 = VECTOR('',#5238,1.);
#5238 = DIRECTION('',(0.,-1.));
#5239 = ( GEOMETRIC_REPRESENTATION_CONTEXT(2) 
PARAMETRIC_REPRESENTATION_CONTEXT() REPRESENTATION_CONTEXT('2D SPACE',''
  ) );
#5240 = ORIENTED_EDGE('',*,*,#5241,.T.);
#5241 = EDGE_CURVE('',#5219,#5170,#5242,.T.);
#5242 = SURFACE_CURVE('',#5243,(#5248,#5255),.PCURVE_S1.);
#5243 = CIRCLE('',#5244,4.2);
#5244 = AXIS2_PLACEMENT_3D('',#5245,#5246,#5247);
#5245 = CARTESIAN_POINT('',(-8.,-43.5,157.));
#5246 = DIRECTION('',(0.,0.,-1.));
#5247 = DIRECTION('',(-1.,2.167578286173E-16,0.));
#5248 = PCURVE('',#2942,#5249);
#5249 = DEFINITIONAL_REPRESENTATION('',(#5250),#5254);
#5250 = LINE('',#5251,#5252);
#5251 = CARTESIAN_POINT('',(0.,-40.));
#5252 = VECTOR('',#5253,1.);
#5253 = DIRECTION('',(1.,0.));
#5254 = ( GEOMETRIC_REPRESENTATION_CONTEXT(2) 
PARAMETRIC_REPRESENTATION_CONTEXT() REPRESENTATION_CONTEXT('2D SPACE',''
  ) );
#5255 = PCURVE('',#4908,#5256);
#5256 = DEFINITIONAL_REPRESENTATION('',(#5257),#5261);
#5257 = CIRCLE('',#5258,4.2);
#5258 = AXIS2_PLACEMENT_2D('',#5259,#5260);
#5259 = CARTESIAN_POINT('',(2.6645352591E-15,1.5));
#5260 = DIRECTION('',(1.,2.167578286173E-16));
#5261 = ( GEOMETRIC_REPRESENTATION_CONTEXT(2) 
PARAMETRIC_REPRESENTATION_CONTEXT() REPRESENTATION_CONTEXT('2D SPACE',''
  ) );
#5262 = ORIENTED_EDGE('',*,*,#5169,.F.);
#5263 = ORIENTED_EDGE('',*,*,#2844,.F.);
#5264 = ORIENTED_EDGE('',*,*,#4326,.T.);
#5265 = ORIENTED_EDGE('',*,*,#4079,.T.);
#5266 = ORIENTED_EDGE('',*,*,#5267,.F.);
#5267 = EDGE_CURVE('',#4528,#4054,#5268,.T.);
#5268 = SURFACE_CURVE('',#5269,(#5273,#5280),.PCURVE_S1.);
#5269 = LINE('',#5270,#5271);
#5270 = CARTESIAN_POINT('',(-3.8,-43.5,117.));
#5271 = VECTOR('',#5272,1.);
#5272 = DIRECTION('',(0.,0.,1.));
#5273 = PCURVE('',#2942,#5274);
#5274 = DEFINITIONAL_REPRESENTATION('',(#5275),#5279);
#5275 = LINE('',#5276,#5277);
#5276 = CARTESIAN_POINT('',(3.14159265359,0.));
#5277 = VECTOR('',#5278,1.);
#5278 = DIRECTION('',(0.,-1.));
#5279 = ( GEOMETRIC_REPRESENTATION_CONTEXT(2) 
PARAMETRIC_REPRESENTATION_CONTEXT() REPRESENTATION_CONTEXT('2D SPACE',''
  ) );
#5280 = PCURVE('',#4068,#5281);
#5281 = DEFINITIONAL_REPRESENTATION('',(#5282),#5286);
#5282 = LINE('',#5283,#5284);
#5283 = CARTESIAN_POINT('',(0.,0.));
#5284 = VECTOR('',#5285,1.);
#5285 = DIRECTION('',(0.,-1.));
#5286 = ( GEOMETRIC_REPRESENTATION_CONTEXT(2) 
PARAMETRIC_REPRESENTATION_CONTEXT() REPRESENTATION_CONTEXT('2D SPACE',''
  ) );
#5287 = ADVANCED_FACE('',(#5288),#4068,.F.);
#5288 = FACE_BOUND('',#5289,.F.);
#5289 = EDGE_LOOP('',(#5290,#5291,#5292,#5293));
#5290 = ORIENTED_EDGE('',*,*,#4551,.F.);
#5291 = ORIENTED_EDGE('',*,*,#5267,.T.);
#5292 = ORIENTED_EDGE('',*,*,#4053,.F.);
#5293 = ORIENTED_EDGE('',*,*,#4844,.F.);
#5294 = ADVANCED_FACE('',(#5295),#3727,.F.);
#5295 = FACE_BOUND('',#5296,.F.);
#5296 = EDGE_LOOP('',(#5297,#5298,#5299,#5300));
#5297 = ORIENTED_EDGE('',*,*,#4605,.F.);
#5298 = ORIENTED_EDGE('',*,*,#5144,.T.);
#5299 = ORIENTED_EDGE('',*,*,#3712,.T.);
#5300 = ORIENTED_EDGE('',*,*,#4945,.F.);
#5301 = ADVANCED_FACE('',(#5302),#4392,.F.);
#5302 = FACE_BOUND('',#5303,.F.);
#5303 = EDGE_LOOP('',(#5304,#5327,#5355,#5376));
#5304 = ORIENTED_EDGE('',*,*,#5305,.T.);
#5305 = EDGE_CURVE('',#4375,#5306,#5308,.T.);
#5306 = VERTEX_POINT('',#5307);
#5307 = CARTESIAN_POINT('',(-30.2,-46.5,157.));
#5308 = SURFACE_CURVE('',#5309,(#5313,#5320),.PCURVE_S1.);
#5309 = LINE('',#5310,#5311);
#5310 = CARTESIAN_POINT('',(-30.2,-46.5,117.));
#5311 = VECTOR('',#5312,1.);
#5312 = DIRECTION('',(0.,0.,1.));
#5313 = PCURVE('',#4392,#5314);
#5314 = DEFINITIONAL_REPRESENTATION('',(#5315),#5319);
#5315 = LINE('',#5316,#5317);
#5316 = CARTESIAN_POINT('',(0.,0.));
#5317 = VECTOR('',#5318,1.);
#5318 = DIRECTION('',(0.,-1.));
#5319 = ( GEOMETRIC_REPRESENTATION_CONTEXT(2) 
PARAMETRIC_REPRESENTATION_CONTEXT() REPRESENTATION_CONTEXT('2D SPACE',''
  ) );
#5320 = PCURVE('',#4476,#5321);
#5321 = DEFINITIONAL_REPRESENTATION('',(#5322),#5326);
#5322 = LINE('',#5323,#5324);
#5323 = CARTESIAN_POINT('',(3.14159265359,0.));
#5324 = VECTOR('',#5325,1.);
#5325 = DIRECTION('',(0.,-1.));
#5326 = ( GEOMETRIC_REPRESENTATION_CONTEXT(2) 
PARAMETRIC_REPRESENTATION_CONTEXT() REPRESENTATION_CONTEXT('2D SPACE',''
  ) );
#5327 = ORIENTED_EDGE('',*,*,#5328,.T.);
#5328 = EDGE_CURVE('',#5306,#5329,#5331,.T.);
#5329 = VERTEX_POINT('',#5330);
#5330 = CARTESIAN_POINT('',(-30.2,-43.5,157.));
#5331 = SURFACE_CURVE('',#5332,(#5336,#5343),.PCURVE_S1.);
#5332 = LINE('',#5333,#5334);
#5333 = CARTESIAN_POINT('',(-30.2,-46.5,157.));
#5334 = VECTOR('',#5335,1.);
#5335 = DIRECTION('',(1.110223024625E-16,1.,0.));
#5336 = PCURVE('',#4392,#5337);
#5337 = DEFINITIONAL_REPRESENTATION('',(#5338),#5342);
#5338 = LINE('',#5339,#5340);
#5339 = CARTESIAN_POINT('',(0.,-40.));
#5340 = VECTOR('',#5341,1.);
#5341 = DIRECTION('',(1.,0.));
#5342 = ( GEOMETRIC_REPRESENTATION_CONTEXT(2) 
PARAMETRIC_REPRESENTATION_CONTEXT() REPRESENTATION_CONTEXT('2D SPACE',''
  ) );
#5343 = PCURVE('',#5344,#5349);
#5344 = PLANE('',#5345);
#5345 = AXIS2_PLACEMENT_3D('',#5346,#5347,#5348);
#5346 = CARTESIAN_POINT('',(-26.,-45.,157.));
#5347 = DIRECTION('',(-0.,-0.,-1.));
#5348 = DIRECTION('',(-1.,0.,0.));
#5349 = DEFINITIONAL_REPRESENTATION('',(#5350),#5354);
#5350 = LINE('',#5351,#5352);
#5351 = CARTESIAN_POINT('',(4.2,-1.5));
#5352 = VECTOR('',#5353,1.);
#5353 = DIRECTION('',(-1.110223024625E-16,1.));
#5354 = ( GEOMETRIC_REPRESENTATION_CONTEXT(2) 
PARAMETRIC_REPRESENTATION_CONTEXT() REPRESENTATION_CONTEXT('2D SPACE',''
  ) );
#5355 = ORIENTED_EDGE('',*,*,#5356,.F.);
#5356 = EDGE_CURVE('',#4377,#5329,#5357,.T.);
#5357 = SURFACE_CURVE('',#5358,(#5362,#5369),.PCURVE_S1.);
#5358 = LINE('',#5359,#5360);
#5359 = CARTESIAN_POINT('',(-30.2,-43.5,117.));
#5360 = VECTOR('',#5361,1.);
#5361 = DIRECTION('',(0.,0.,1.));
#5362 = PCURVE('',#4392,#5363);
#5363 = DEFINITIONAL_REPRESENTATION('',(#5364),#5368);
#5364 = LINE('',#5365,#5366);
#5365 = CARTESIAN_POINT('',(3.,0.));
#5366 = VECTOR('',#5367,1.);
#5367 = DIRECTION('',(0.,-1.));
#5368 = ( GEOMETRIC_REPRESENTATION_CONTEXT(2) 
PARAMETRIC_REPRESENTATION_CONTEXT() REPRESENTATION_CONTEXT('2D SPACE',''
  ) );
#5369 = PCURVE('',#4421,#5370);
#5370 = DEFINITIONAL_REPRESENTATION('',(#5371),#5375);
#5371 = LINE('',#5372,#5373);
#5372 = CARTESIAN_POINT('',(0.,0.));
#5373 = VECTOR('',#5374,1.);
#5374 = DIRECTION('',(0.,-1.));
#5375 = ( GEOMETRIC_REPRESENTATION_CONTEXT(2) 
PARAMETRIC_REPRESENTATION_CONTEXT() REPRESENTATION_CONTEXT('2D SPACE',''
  ) );
#5376 = ORIENTED_EDGE('',*,*,#4374,.F.);
#5377 = ADVANCED_FACE('',(#5378),#4476,.F.);
#5378 = FACE_BOUND('',#5379,.F.);
#5379 = EDGE_LOOP('',(#5380,#5403,#5425,#5426));
#5380 = ORIENTED_EDGE('',*,*,#5381,.T.);
#5381 = EDGE_CURVE('',#4434,#5382,#5384,.T.);
#5382 = VERTEX_POINT('',#5383);
#5383 = CARTESIAN_POINT('',(-21.8,-46.5,157.));
#5384 = SURFACE_CURVE('',#5385,(#5389,#5396),.PCURVE_S1.);
#5385 = LINE('',#5386,#5387);
#5386 = CARTESIAN_POINT('',(-21.8,-46.5,117.));
#5387 = VECTOR('',#5388,1.);
#5388 = DIRECTION('',(0.,0.,1.));
#5389 = PCURVE('',#4476,#5390);
#5390 = DEFINITIONAL_REPRESENTATION('',(#5391),#5395);
#5391 = LINE('',#5392,#5393);
#5392 = CARTESIAN_POINT('',(0.,0.));
#5393 = VECTOR('',#5394,1.);
#5394 = DIRECTION('',(0.,-1.));
#5395 = ( GEOMETRIC_REPRESENTATION_CONTEXT(2) 
PARAMETRIC_REPRESENTATION_CONTEXT() REPRESENTATION_CONTEXT('2D SPACE',''
  ) );
#5396 = PCURVE('',#4449,#5397);
#5397 = DEFINITIONAL_REPRESENTATION('',(#5398),#5402);
#5398 = LINE('',#5399,#5400);
#5399 = CARTESIAN_POINT('',(3.,0.));
#5400 = VECTOR('',#5401,1.);
#5401 = DIRECTION('',(0.,-1.));
#5402 = ( GEOMETRIC_REPRESENTATION_CONTEXT(2) 
PARAMETRIC_REPRESENTATION_CONTEXT() REPRESENTATION_CONTEXT('2D SPACE',''
  ) );
#5403 = ORIENTED_EDGE('',*,*,#5404,.T.);
#5404 = EDGE_CURVE('',#5382,#5306,#5405,.T.);
#5405 = SURFACE_CURVE('',#5406,(#5411,#5418),.PCURVE_S1.);
#5406 = CIRCLE('',#5407,4.2);
#5407 = AXIS2_PLACEMENT_3D('',#5408,#5409,#5410);
#5408 = CARTESIAN_POINT('',(-26.,-46.5,157.));
#5409 = DIRECTION('',(-0.,0.,-1.));
#5410 = DIRECTION('',(1.,-2.167578286173E-16,-0.));
#5411 = PCURVE('',#4476,#5412);
#5412 = DEFINITIONAL_REPRESENTATION('',(#5413),#5417);
#5413 = LINE('',#5414,#5415);
#5414 = CARTESIAN_POINT('',(0.,-40.));
#5415 = VECTOR('',#5416,1.);
#5416 = DIRECTION('',(1.,0.));
#5417 = ( GEOMETRIC_REPRESENTATION_CONTEXT(2) 
PARAMETRIC_REPRESENTATION_CONTEXT() REPRESENTATION_CONTEXT('2D SPACE',''
  ) );
#5418 = PCURVE('',#5344,#5419);
#5419 = DEFINITIONAL_REPRESENTATION('',(#5420),#5424);
#5420 = CIRCLE('',#5421,4.2);
#5421 = AXIS2_PLACEMENT_2D('',#5422,#5423);
#5422 = CARTESIAN_POINT('',(1.06581410364E-14,-1.5));
#5423 = DIRECTION('',(-1.,-2.167578286173E-16));
#5424 = ( GEOMETRIC_REPRESENTATION_CONTEXT(2) 
PARAMETRIC_REPRESENTATION_CONTEXT() REPRESENTATION_CONTEXT('2D SPACE',''
  ) );
#5425 = ORIENTED_EDGE('',*,*,#5305,.F.);
#5426 = ORIENTED_EDGE('',*,*,#4461,.F.);
#5427 = ADVANCED_FACE('',(#5428),#4421,.F.);
#5428 = FACE_BOUND('',#5429,.F.);
#5429 = EDGE_LOOP('',(#5430,#5431,#5455,#5476));
#5430 = ORIENTED_EDGE('',*,*,#5356,.T.);
#5431 = ORIENTED_EDGE('',*,*,#5432,.T.);
#5432 = EDGE_CURVE('',#5329,#5433,#5435,.T.);
#5433 = VERTEX_POINT('',#5434);
#5434 = CARTESIAN_POINT('',(-21.8,-43.5,157.));
#5435 = SURFACE_CURVE('',#5436,(#5441,#5448),.PCURVE_S1.);
#5436 = CIRCLE('',#5437,4.2);
#5437 = AXIS2_PLACEMENT_3D('',#5438,#5439,#5440);
#5438 = CARTESIAN_POINT('',(-26.,-43.5,157.));
#5439 = DIRECTION('',(0.,0.,-1.));
#5440 = DIRECTION('',(-1.,2.167578286173E-16,0.));
#5441 = PCURVE('',#4421,#5442);
#5442 = DEFINITIONAL_REPRESENTATION('',(#5443),#5447);
#5443 = LINE('',#5444,#5445);
#5444 = CARTESIAN_POINT('',(0.,-40.));
#5445 = VECTOR('',#5446,1.);
#5446 = DIRECTION('',(1.,0.));
#5447 = ( GEOMETRIC_REPRESENTATION_CONTEXT(2) 
PARAMETRIC_REPRESENTATION_CONTEXT() REPRESENTATION_CONTEXT('2D SPACE',''
  ) );
#5448 = PCURVE('',#5344,#5449);
#5449 = DEFINITIONAL_REPRESENTATION('',(#5450),#5454);
#5450 = CIRCLE('',#5451,4.2);
#5451 = AXIS2_PLACEMENT_2D('',#5452,#5453);
#5452 = CARTESIAN_POINT('',(1.06581410364E-14,1.5));
#5453 = DIRECTION('',(1.,2.167578286173E-16));
#5454 = ( GEOMETRIC_REPRESENTATION_CONTEXT(2) 
PARAMETRIC_REPRESENTATION_CONTEXT() REPRESENTATION_CONTEXT('2D SPACE',''
  ) );
#5455 = ORIENTED_EDGE('',*,*,#5456,.F.);
#5456 = EDGE_CURVE('',#4405,#5433,#5457,.T.);
#5457 = SURFACE_CURVE('',#5458,(#5462,#5469),.PCURVE_S1.);
#5458 = LINE('',#5459,#5460);
#5459 = CARTESIAN_POINT('',(-21.8,-43.5,117.));
#5460 = VECTOR('',#5461,1.);
#5461 = DIRECTION('',(0.,0.,1.));
#5462 = PCURVE('',#4421,#5463);
#5463 = DEFINITIONAL_REPRESENTATION('',(#5464),#5468);
#5464 = LINE('',#5465,#5466);
#5465 = CARTESIAN_POINT('',(3.14159265359,0.));
#5466 = VECTOR('',#5467,1.);
#5467 = DIRECTION('',(0.,-1.));
#5468 = ( GEOMETRIC_REPRESENTATION_CONTEXT(2) 
PARAMETRIC_REPRESENTATION_CONTEXT() REPRESENTATION_CONTEXT('2D SPACE',''
  ) );
#5469 = PCURVE('',#4449,#5470);
#5470 = DEFINITIONAL_REPRESENTATION('',(#5471),#5475);
#5471 = LINE('',#5472,#5473);
#5472 = CARTESIAN_POINT('',(0.,0.));
#5473 = VECTOR('',#5474,1.);
#5474 = DIRECTION('',(0.,-1.));
#5475 = ( GEOMETRIC_REPRESENTATION_CONTEXT(2) 
PARAMETRIC_REPRESENTATION_CONTEXT() REPRESENTATION_CONTEXT('2D SPACE',''
  ) );
#5476 = ORIENTED_EDGE('',*,*,#4404,.F.);
#5477 = ADVANCED_FACE('',(#5478),#4449,.F.);
#5478 = FACE_BOUND('',#5479,.F.);
#5479 = EDGE_LOOP('',(#5480,#5481,#5502,#5503));
#5480 = ORIENTED_EDGE('',*,*,#5456,.T.);
#5481 = ORIENTED_EDGE('',*,*,#5482,.T.);
#5482 = EDGE_CURVE('',#5433,#5382,#5483,.T.);
#5483 = SURFACE_CURVE('',#5484,(#5488,#5495),.PCURVE_S1.);
#5484 = LINE('',#5485,#5486);
#5485 = CARTESIAN_POINT('',(-21.8,-43.5,157.));
#5486 = VECTOR('',#5487,1.);
#5487 = DIRECTION('',(-1.110223024625E-16,-1.,0.));
#5488 = PCURVE('',#4449,#5489);
#5489 = DEFINITIONAL_REPRESENTATION('',(#5490),#5494);
#5490 = LINE('',#5491,#5492);
#5491 = CARTESIAN_POINT('',(0.,-40.));
#5492 = VECTOR('',#5493,1.);
#5493 = DIRECTION('',(1.,0.));
#5494 = ( GEOMETRIC_REPRESENTATION_CONTEXT(2) 
PARAMETRIC_REPRESENTATION_CONTEXT() REPRESENTATION_CONTEXT('2D SPACE',''
  ) );
#5495 = PCURVE('',#5344,#5496);
#5496 = DEFINITIONAL_REPRESENTATION('',(#5497),#5501);
#5497 = LINE('',#5498,#5499);
#5498 = CARTESIAN_POINT('',(-4.2,1.5));
#5499 = VECTOR('',#5500,1.);
#5500 = DIRECTION('',(1.110223024625E-16,-1.));
#5501 = ( GEOMETRIC_REPRESENTATION_CONTEXT(2) 
PARAMETRIC_REPRESENTATION_CONTEXT() REPRESENTATION_CONTEXT('2D SPACE',''
  ) );
#5502 = ORIENTED_EDGE('',*,*,#5381,.F.);
#5503 = ORIENTED_EDGE('',*,*,#4433,.F.);
#5504 = ADVANCED_FACE('',(#5505),#4515,.F.);
#5505 = FACE_BOUND('',#5506,.F.);
#5506 = EDGE_LOOP('',(#5507,#5508,#5529,#5530));
#5507 = ORIENTED_EDGE('',*,*,#4920,.T.);
#5508 = ORIENTED_EDGE('',*,*,#5509,.T.);
#5509 = EDGE_CURVE('',#4892,#5219,#5510,.T.);
#5510 = SURFACE_CURVE('',#5511,(#5515,#5522),.PCURVE_S1.);
#5511 = LINE('',#5512,#5513);
#5512 = CARTESIAN_POINT('',(-12.2,-46.5,157.));
#5513 = VECTOR('',#5514,1.);
#5514 = DIRECTION('',(1.110223024625E-16,1.,0.));
#5515 = PCURVE('',#4515,#5516);
#5516 = DEFINITIONAL_REPRESENTATION('',(#5517),#5521);
#5517 = LINE('',#5518,#5519);
#5518 = CARTESIAN_POINT('',(0.,-40.));
#5519 = VECTOR('',#5520,1.);
#5520 = DIRECTION('',(1.,0.));
#5521 = ( GEOMETRIC_REPRESENTATION_CONTEXT(2) 
PARAMETRIC_REPRESENTATION_CONTEXT() REPRESENTATION_CONTEXT('2D SPACE',''
  ) );
#5522 = PCURVE('',#4908,#5523);
#5523 = DEFINITIONAL_REPRESENTATION('',(#5524),#5528);
#5524 = LINE('',#5525,#5526);
#5525 = CARTESIAN_POINT('',(4.2,-1.5));
#5526 = VECTOR('',#5527,1.);
#5527 = DIRECTION('',(-1.110223024625E-16,1.));
#5528 = ( GEOMETRIC_REPRESENTATION_CONTEXT(2) 
PARAMETRIC_REPRESENTATION_CONTEXT() REPRESENTATION_CONTEXT('2D SPACE',''
  ) );
#5529 = ORIENTED_EDGE('',*,*,#5218,.F.);
#5530 = ORIENTED_EDGE('',*,*,#4497,.F.);
#5531 = ADVANCED_FACE('',(#5532),#4670,.F.);
#5532 = FACE_BOUND('',#5533,.F.);
#5533 = EDGE_LOOP('',(#5534,#5535,#5556,#5557));
#5534 = ORIENTED_EDGE('',*,*,#5021,.T.);
#5535 = ORIENTED_EDGE('',*,*,#5536,.T.);
#5536 = EDGE_CURVE('',#4993,#5096,#5537,.T.);
#5537 = SURFACE_CURVE('',#5538,(#5542,#5549),.PCURVE_S1.);
#5538 = LINE('',#5539,#5540);
#5539 = CARTESIAN_POINT('',(12.2,-43.5,157.));
#5540 = VECTOR('',#5541,1.);
#5541 = DIRECTION('',(-1.110223024625E-16,-1.,0.));
#5542 = PCURVE('',#4670,#5543);
#5543 = DEFINITIONAL_REPRESENTATION('',(#5544),#5548);
#5544 = LINE('',#5545,#5546);
#5545 = CARTESIAN_POINT('',(0.,-40.));
#5546 = VECTOR('',#5547,1.);
#5547 = DIRECTION('',(1.,0.));
#5548 = ( GEOMETRIC_REPRESENTATION_CONTEXT(2) 
PARAMETRIC_REPRESENTATION_CONTEXT() REPRESENTATION_CONTEXT('2D SPACE',''
  ) );
#5549 = PCURVE('',#5009,#5550);
#5550 = DEFINITIONAL_REPRESENTATION('',(#5551),#5555);
#5551 = LINE('',#5552,#5553);
#5552 = CARTESIAN_POINT('',(-4.2,1.5));
#5553 = VECTOR('',#5554,1.);
#5554 = DIRECTION('',(1.110223024625E-16,-1.));
#5555 = ( GEOMETRIC_REPRESENTATION_CONTEXT(2) 
PARAMETRIC_REPRESENTATION_CONTEXT() REPRESENTATION_CONTEXT('2D SPACE',''
  ) );
#5556 = ORIENTED_EDGE('',*,*,#5095,.F.);
#5557 = ORIENTED_EDGE('',*,*,#4654,.F.);
#5558 = ADVANCED_FACE('',(#5559),#4731,.F.);
#5559 = FACE_BOUND('',#5560,.F.);
#5560 = EDGE_LOOP('',(#5561,#5584,#5612,#5633));
#5561 = ORIENTED_EDGE('',*,*,#5562,.T.);
#5562 = EDGE_CURVE('',#4714,#5563,#5565,.T.);
#5563 = VERTEX_POINT('',#5564);
#5564 = CARTESIAN_POINT('',(21.8,-46.5,157.));
#5565 = SURFACE_CURVE('',#5566,(#5570,#5577),.PCURVE_S1.);
#5566 = LINE('',#5567,#5568);
#5567 = CARTESIAN_POINT('',(21.8,-46.5,117.));
#5568 = VECTOR('',#5569,1.);
#5569 = DIRECTION('',(0.,0.,1.));
#5570 = PCURVE('',#4731,#5571);
#5571 = DEFINITIONAL_REPRESENTATION('',(#5572),#5576);
#5572 = LINE('',#5573,#5574);
#5573 = CARTESIAN_POINT('',(0.,0.));
#5574 = VECTOR('',#5575,1.);
#5575 = DIRECTION('',(0.,-1.));
#5576 = ( GEOMETRIC_REPRESENTATION_CONTEXT(2) 
PARAMETRIC_REPRESENTATION_CONTEXT() REPRESENTATION_CONTEXT('2D SPACE',''
  ) );
#5577 = PCURVE('',#4815,#5578);
#5578 = DEFINITIONAL_REPRESENTATION('',(#5579),#5583);
#5579 = LINE('',#5580,#5581);
#5580 = CARTESIAN_POINT('',(3.14159265359,0.));
#5581 = VECTOR('',#5582,1.);
#5582 = DIRECTION('',(0.,-1.));
#5583 = ( GEOMETRIC_REPRESENTATION_CONTEXT(2) 
PARAMETRIC_REPRESENTATION_CONTEXT() REPRESENTATION_CONTEXT('2D SPACE',''
  ) );
#5584 = ORIENTED_EDGE('',*,*,#5585,.T.);
#5585 = EDGE_CURVE('',#5563,#5586,#5588,.T.);
#5586 = VERTEX_POINT('',#5587);
#5587 = CARTESIAN_POINT('',(21.8,-43.5,157.));
#5588 = SURFACE_CURVE('',#5589,(#5593,#5600),.PCURVE_S1.);
#5589 = LINE('',#5590,#5591);
#5590 = CARTESIAN_POINT('',(21.8,-46.5,157.));
#5591 = VECTOR('',#5592,1.);
#5592 = DIRECTION('',(1.110223024625E-16,1.,0.));
#5593 = PCURVE('',#4731,#5594);
#5594 = DEFINITIONAL_REPRESENTATION('',(#5595),#5599);
#5595 = LINE('',#5596,#5597);
#5596 = CARTESIAN_POINT('',(0.,-40.));
#5597 = VECTOR('',#5598,1.);
#5598 = DIRECTION('',(1.,0.));
#5599 = ( GEOMETRIC_REPRESENTATION_CONTEXT(2) 
PARAMETRIC_REPRESENTATION_CONTEXT() REPRESENTATION_CONTEXT('2D SPACE',''
  ) );
#5600 = PCURVE('',#5601,#5606);
#5601 = PLANE('',#5602);
#5602 = AXIS2_PLACEMENT_3D('',#5603,#5604,#5605);
#5603 = CARTESIAN_POINT('',(26.,-45.,157.));
#5604 = DIRECTION('',(-0.,-0.,-1.));
#5605 = DIRECTION('',(-1.,0.,0.));
#5606 = DEFINITIONAL_REPRESENTATION('',(#5607),#5611);
#5607 = LINE('',#5608,#5609);
#5608 = CARTESIAN_POINT('',(4.2,-1.5));
#5609 = VECTOR('',#5610,1.);
#5610 = DIRECTION('',(-1.110223024625E-16,1.));
#5611 = ( GEOMETRIC_REPRESENTATION_CONTEXT(2) 
PARAMETRIC_REPRESENTATION_CONTEXT() REPRESENTATION_CONTEXT('2D SPACE',''
  ) );
#5612 = ORIENTED_EDGE('',*,*,#5613,.F.);
#5613 = EDGE_CURVE('',#4716,#5586,#5614,.T.);
#5614 = SURFACE_CURVE('',#5615,(#5619,#5626),.PCURVE_S1.);
#5615 = LINE('',#5616,#5617);
#5616 = CARTESIAN_POINT('',(21.8,-43.5,117.));
#5617 = VECTOR('',#5618,1.);
#5618 = DIRECTION('',(0.,0.,1.));
#5619 = PCURVE('',#4731,#5620);
#5620 = DEFINITIONAL_REPRESENTATION('',(#5621),#5625);
#5621 = LINE('',#5622,#5623);
#5622 = CARTESIAN_POINT('',(3.,0.));
#5623 = VECTOR('',#5624,1.);
#5624 = DIRECTION('',(0.,-1.));
#5625 = ( GEOMETRIC_REPRESENTATION_CONTEXT(2) 
PARAMETRIC_REPRESENTATION_CONTEXT() REPRESENTATION_CONTEXT('2D SPACE',''
  ) );
#5626 = PCURVE('',#4760,#5627);
#5627 = DEFINITIONAL_REPRESENTATION('',(#5628),#5632);
#5628 = LINE('',#5629,#5630);
#5629 = CARTESIAN_POINT('',(0.,0.));
#5630 = VECTOR('',#5631,1.);
#5631 = DIRECTION('',(0.,-1.));
#5632 = ( GEOMETRIC_REPRESENTATION_CONTEXT(2) 
PARAMETRIC_REPRESENTATION_CONTEXT() REPRESENTATION_CONTEXT('2D SPACE',''
  ) );
#5633 = ORIENTED_EDGE('',*,*,#4713,.F.);
#5634 = ADVANCED_FACE('',(#5635),#4815,.F.);
#5635 = FACE_BOUND('',#5636,.F.);
#5636 = EDGE_LOOP('',(#5637,#5660,#5682,#5683));
#5637 = ORIENTED_EDGE('',*,*,#5638,.T.);
#5638 = EDGE_CURVE('',#4773,#5639,#5641,.T.);
#5639 = VERTEX_POINT('',#5640);
#5640 = CARTESIAN_POINT('',(30.2,-46.5,157.));
#5641 = SURFACE_CURVE('',#5642,(#5646,#5653),.PCURVE_S1.);
#5642 = LINE('',#5643,#5644);
#5643 = CARTESIAN_POINT('',(30.2,-46.5,117.));
#5644 = VECTOR('',#5645,1.);
#5645 = DIRECTION('',(0.,0.,1.));
#5646 = PCURVE('',#4815,#5647);
#5647 = DEFINITIONAL_REPRESENTATION('',(#5648),#5652);
#5648 = LINE('',#5649,#5650);
#5649 = CARTESIAN_POINT('',(0.,0.));
#5650 = VECTOR('',#5651,1.);
#5651 = DIRECTION('',(0.,-1.));
#5652 = ( GEOMETRIC_REPRESENTATION_CONTEXT(2) 
PARAMETRIC_REPRESENTATION_CONTEXT() REPRESENTATION_CONTEXT('2D SPACE',''
  ) );
#5653 = PCURVE('',#4788,#5654);
#5654 = DEFINITIONAL_REPRESENTATION('',(#5655),#5659);
#5655 = LINE('',#5656,#5657);
#5656 = CARTESIAN_POINT('',(3.,0.));
#5657 = VECTOR('',#5658,1.);
#5658 = DIRECTION('',(0.,-1.));
#5659 = ( GEOMETRIC_REPRESENTATION_CONTEXT(2) 
PARAMETRIC_REPRESENTATION_CONTEXT() REPRESENTATION_CONTEXT('2D SPACE',''
  ) );
#5660 = ORIENTED_EDGE('',*,*,#5661,.T.);
#5661 = EDGE_CURVE('',#5639,#5563,#5662,.T.);
#5662 = SURFACE_CURVE('',#5663,(#5668,#5675),.PCURVE_S1.);
#5663 = CIRCLE('',#5664,4.2);
#5664 = AXIS2_PLACEMENT_3D('',#5665,#5666,#5667);
#5665 = CARTESIAN_POINT('',(26.,-46.5,157.));
#5666 = DIRECTION('',(-0.,0.,-1.));
#5667 = DIRECTION('',(1.,-2.167578286173E-16,-0.));
#5668 = PCURVE('',#4815,#5669);
#5669 = DEFINITIONAL_REPRESENTATION('',(#5670),#5674);
#5670 = LINE('',#5671,#5672);
#5671 = CARTESIAN_POINT('',(0.,-40.));
#5672 = VECTOR('',#5673,1.);
#5673 = DIRECTION('',(1.,0.));
#5674 = ( GEOMETRIC_REPRESENTATION_CONTEXT(2) 
PARAMETRIC_REPRESENTATION_CONTEXT() REPRESENTATION_CONTEXT('2D SPACE',''
  ) );
#5675 = PCURVE('',#5601,#5676);
#5676 = DEFINITIONAL_REPRESENTATION('',(#5677),#5681);
#5677 = CIRCLE('',#5678,4.2);
#5678 = AXIS2_PLACEMENT_2D('',#5679,#5680);
#5679 = CARTESIAN_POINT('',(-3.552713678801E-15,-1.5));
#5680 = DIRECTION('',(-1.,-2.167578286173E-16));
#5681 = ( GEOMETRIC_REPRESENTATION_CONTEXT(2) 
PARAMETRIC_REPRESENTATION_CONTEXT() REPRESENTATION_CONTEXT('2D SPACE',''
  ) );
#5682 = ORIENTED_EDGE('',*,*,#5562,.F.);
#5683 = ORIENTED_EDGE('',*,*,#4800,.F.);
#5684 = ADVANCED_FACE('',(#5685),#4760,.F.);
#5685 = FACE_BOUND('',#5686,.F.);
#5686 = EDGE_LOOP('',(#5687,#5688,#5712,#5733));
#5687 = ORIENTED_EDGE('',*,*,#5613,.T.);
#5688 = ORIENTED_EDGE('',*,*,#5689,.T.);
#5689 = EDGE_CURVE('',#5586,#5690,#5692,.T.);
#5690 = VERTEX_POINT('',#5691);
#5691 = CARTESIAN_POINT('',(30.2,-43.5,157.));
#5692 = SURFACE_CURVE('',#5693,(#5698,#5705),.PCURVE_S1.);
#5693 = CIRCLE('',#5694,4.2);
#5694 = AXIS2_PLACEMENT_3D('',#5695,#5696,#5697);
#5695 = CARTESIAN_POINT('',(26.,-43.5,157.));
#5696 = DIRECTION('',(0.,0.,-1.));
#5697 = DIRECTION('',(-1.,2.167578286173E-16,0.));
#5698 = PCURVE('',#4760,#5699);
#5699 = DEFINITIONAL_REPRESENTATION('',(#5700),#5704);
#5700 = LINE('',#5701,#5702);
#5701 = CARTESIAN_POINT('',(0.,-40.));
#5702 = VECTOR('',#5703,1.);
#5703 = DIRECTION('',(1.,0.));
#5704 = ( GEOMETRIC_REPRESENTATION_CONTEXT(2) 
PARAMETRIC_REPRESENTATION_CONTEXT() REPRESENTATION_CONTEXT('2D SPACE',''
  ) );
#5705 = PCURVE('',#5601,#5706);
#5706 = DEFINITIONAL_REPRESENTATION('',(#5707),#5711);
#5707 = CIRCLE('',#5708,4.2);
#5708 = AXIS2_PLACEMENT_2D('',#5709,#5710);
#5709 = CARTESIAN_POINT('',(-3.552713678801E-15,1.5));
#5710 = DIRECTION('',(1.,2.167578286173E-16));
#5711 = ( GEOMETRIC_REPRESENTATION_CONTEXT(2) 
PARAMETRIC_REPRESENTATION_CONTEXT() REPRESENTATION_CONTEXT('2D SPACE',''
  ) );
#5712 = ORIENTED_EDGE('',*,*,#5713,.F.);
#5713 = EDGE_CURVE('',#4744,#5690,#5714,.T.);
#5714 = SURFACE_CURVE('',#5715,(#5719,#5726),.PCURVE_S1.);
#5715 = LINE('',#5716,#5717);
#5716 = CARTESIAN_POINT('',(30.2,-43.5,117.));
#5717 = VECTOR('',#5718,1.);
#5718 = DIRECTION('',(0.,0.,1.));
#5719 = PCURVE('',#4760,#5720);
#5720 = DEFINITIONAL_REPRESENTATION('',(#5721),#5725);
#5721 = LINE('',#5722,#5723);
#5722 = CARTESIAN_POINT('',(3.14159265359,0.));
#5723 = VECTOR('',#5724,1.);
#5724 = DIRECTION('',(0.,-1.));
#5725 = ( GEOMETRIC_REPRESENTATION_CONTEXT(2) 
PARAMETRIC_REPRESENTATION_CONTEXT() REPRESENTATION_CONTEXT('2D SPACE',''
  ) );
#5726 = PCURVE('',#4788,#5727);
#5727 = DEFINITIONAL_REPRESENTATION('',(#5728),#5732);
#5728 = LINE('',#5729,#5730);
#5729 = CARTESIAN_POINT('',(0.,0.));
#5730 = VECTOR('',#5731,1.);
#5731 = DIRECTION('',(0.,-1.));
#5732 = ( GEOMETRIC_REPRESENTATION_CONTEXT(2) 
PARAMETRIC_REPRESENTATION_CONTEXT() REPRESENTATION_CONTEXT('2D SPACE',''
  ) );
#5733 = ORIENTED_EDGE('',*,*,#4743,.F.);
#5734 = ADVANCED_FACE('',(#5735),#4788,.F.);
#5735 = FACE_BOUND('',#5736,.F.);
#5736 = EDGE_LOOP('',(#5737,#5738,#5759,#5760));
#5737 = ORIENTED_EDGE('',*,*,#5713,.T.);
#5738 = ORIENTED_EDGE('',*,*,#5739,.T.);
#5739 = EDGE_CURVE('',#5690,#5639,#5740,.T.);
#5740 = SURFACE_CURVE('',#5741,(#5745,#5752),.PCURVE_S1.);
#5741 = LINE('',#5742,#5743);
#5742 = CARTESIAN_POINT('',(30.2,-43.5,157.));
#5743 = VECTOR('',#5744,1.);
#5744 = DIRECTION('',(-1.110223024625E-16,-1.,0.));
#5745 = PCURVE('',#4788,#5746);
#5746 = DEFINITIONAL_REPRESENTATION('',(#5747),#5751);
#5747 = LINE('',#5748,#5749);
#5748 = CARTESIAN_POINT('',(0.,-40.));
#5749 = VECTOR('',#5750,1.);
#5750 = DIRECTION('',(1.,0.));
#5751 = ( GEOMETRIC_REPRESENTATION_CONTEXT(2) 
PARAMETRIC_REPRESENTATION_CONTEXT() REPRESENTATION_CONTEXT('2D SPACE',''
  ) );
#5752 = PCURVE('',#5601,#5753);
#5753 = DEFINITIONAL_REPRESENTATION('',(#5754),#5758);
#5754 = LINE('',#5755,#5756);
#5755 = CARTESIAN_POINT('',(-4.2,1.5));
#5756 = VECTOR('',#5757,1.);
#5757 = DIRECTION('',(1.110223024625E-16,-1.));
#5758 = ( GEOMETRIC_REPRESENTATION_CONTEXT(2) 
PARAMETRIC_REPRESENTATION_CONTEXT() REPRESENTATION_CONTEXT('2D SPACE',''
  ) );
#5759 = ORIENTED_EDGE('',*,*,#5638,.F.);
#5760 = ORIENTED_EDGE('',*,*,#4772,.F.);
#5761 = ADVANCED_FACE('',(#5762),#4908,.T.);
#5762 = FACE_BOUND('',#5763,.T.);
#5763 = EDGE_LOOP('',(#5764,#5765,#5766,#5767));
#5764 = ORIENTED_EDGE('',*,*,#5509,.T.);
#5765 = ORIENTED_EDGE('',*,*,#5241,.T.);
#5766 = ORIENTED_EDGE('',*,*,#5192,.T.);
#5767 = ORIENTED_EDGE('',*,*,#4891,.T.);
#5768 = ADVANCED_FACE('',(#5769),#5009,.T.);
#5769 = FACE_BOUND('',#5770,.T.);
#5770 = EDGE_LOOP('',(#5771,#5772,#5773,#5774));
#5771 = ORIENTED_EDGE('',*,*,#5069,.T.);
#5772 = ORIENTED_EDGE('',*,*,#4992,.T.);
#5773 = ORIENTED_EDGE('',*,*,#5536,.T.);
#5774 = ORIENTED_EDGE('',*,*,#5118,.T.);
#5775 = ADVANCED_FACE('',(#5776),#5344,.T.);
#5776 = FACE_BOUND('',#5777,.T.);
#5777 = EDGE_LOOP('',(#5778,#5779,#5780,#5781));
#5778 = ORIENTED_EDGE('',*,*,#5328,.T.);
#5779 = ORIENTED_EDGE('',*,*,#5432,.T.);
#5780 = ORIENTED_EDGE('',*,*,#5482,.T.);
#5781 = ORIENTED_EDGE('',*,*,#5404,.T.);
#5782 = ADVANCED_FACE('',(#5783),#5601,.T.);
#5783 = FACE_BOUND('',#5784,.T.);
#5784 = EDGE_LOOP('',(#5785,#5786,#5787,#5788));
#5785 = ORIENTED_EDGE('',*,*,#5585,.T.);
#5786 = ORIENTED_EDGE('',*,*,#5689,.T.);
#5787 = ORIENTED_EDGE('',*,*,#5739,.T.);
#5788 = ORIENTED_EDGE('',*,*,#5661,.T.);
#5789 = ( GEOMETRIC_REPRESENTATION_CONTEXT(3) 
GLOBAL_UNCERTAINTY_ASSIGNED_CONTEXT((#5793)) 
GLOBAL_UNIT_ASSIGNED_CONTEXT((#5790,#5791,#5792)) REPRESENTATION_CONTEXT
('Context #1','3D Context with UNIT and UNCERTAINTY') );
#5790 = ( LENGTH_UNIT() NAMED_UNIT(*) SI_UNIT(.MILLI.,.METRE.) );
#5791 = ( NAMED_UNIT(*) PLANE_ANGLE_UNIT() SI_UNIT($,.RADIAN.) );
#5792 = ( NAMED_UNIT(*) SI_UNIT($,.STERADIAN.) SOLID_ANGLE_UNIT() );
#5793 = UNCERTAINTY_MEASURE_WITH_UNIT(LENGTH_MEASURE(1.E-07),#5790,
  'distance_accuracy_value','confusion accuracy');
#5794 = PRODUCT_RELATED_PRODUCT_CATEGORY('part',$,(#7));
ENDSEC;
END-ISO-10303-21;
