ISO-10303-21;
HEADER;
FILE_DESCRIPTION(('Open CASCADE Model'),'2;1');
FILE_NAME('Open CASCADE Shape Model','2026-09-30T11:40:28',('Author'),(
    'Open CASCADE'),'Open CASCADE STEP processor 7.9','Open CASCADE 7.9'
  ,'Unknown');
FILE_SCHEMA(('AUTOMOTIVE_DESIGN { 1 0 10303 214 1 1 1 1 }'));
ENDSEC;
DATA;
#1 = APPLICATION_PROTOCOL_DEFINITION('international standard',
  'automotive_design',2000,#2);
#2 = APPLICATION_CONTEXT(
  'core data for automotive mechanical design processes');
#3 = SHAPE_DEFINITION_REPRESENTATION(#4,#10);
#4 = PRODUCT_DEFINITION_SHAPE('','',#5);
#5 = PRODUCT_DEFINITION('design','',#6,#9);
#6 = PRODUCT_DEFINITION_FORMATION('','',#7);
#7 = PRODUCT('Open CASCADE STEP translator 7.9 15',
  'Open CASCADE STEP translator 7.9 15','',(#8));
#8 = PRODUCT_CONTEXT('',#2,'mechanical');
#9 = PRODUCT_DEFINITION_CONTEXT('part definition',#2,'design');
#10 = ADVANCED_BREP_SHAPE_REPRESENTATION('',(#11,#15),#1808);
#11 = AXIS2_PLACEMENT_3D('',#12,#13,#14);
#12 = CARTESIAN_POINT('',(0.,0.,0.));
#13 = DIRECTION('',(0.,0.,1.));
#14 = DIRECTION('',(1.,0.,-0.));
#15 = MANIFOLD_SOLID_BREP('',#16);
#16 = CLOSED_SHELL('',(#17,#207,#311,#388,#460,#487,#541,#1122,#1158,
    #1189,#1224,#1254,#1426,#1598,#1770));
#17 = ADVANCED_FACE('',(#18,#137,#172),#32,.F.);
#18 = FACE_BOUND('',#19,.F.);
#19 = EDGE_LOOP('',(#20,#55,#83,#111));
#20 = ORIENTED_EDGE('',*,*,#21,.F.);
#21 = EDGE_CURVE('',#22,#24,#26,.T.);
#22 = VERTEX_POINT('',#23);
#23 = CARTESIAN_POINT('',(50.,5.,231.));
#24 = VERTEX_POINT('',#25);
#25 = CARTESIAN_POINT('',(50.,27.,231.));
#26 = SURFACE_CURVE('',#27,(#31,#43),.PCURVE_S1.);
#27 = LINE('',#28,#29);
#28 = CARTESIAN_POINT('',(50.,5.,231.));
#29 = VECTOR('',#30,1.);
#30 = DIRECTION('',(0.,1.,0.));
#31 = PCURVE('',#32,#37);
#32 = PLANE('',#33);
#33 = AXIS2_PLACEMENT_3D('',#34,#35,#36);
#34 = CARTESIAN_POINT('',(50.,16.,220.));
#35 = DIRECTION('',(1.,0.,0.));
#36 = DIRECTION('',(-0.,0.,1.));
#37 = DEFINITIONAL_REPRESENTATION('',(#38),#42);
#38 = LINE('',#39,#40);
#39 = CARTESIAN_POINT('',(11.,11.));
#40 = VECTOR('',#41,1.);
#41 = DIRECTION('',(0.,-1.));
#42 = ( GEOMETRIC_REPRESENTATION_CONTEXT(2) 
PARAMETRIC_REPRESENTATION_CONTEXT() REPRESENTATION_CONTEXT('2D SPACE',''
  ) );
#43 = PCURVE('',#44,#49);
#44 = PLANE('',#45);
#45 = AXIS2_PLACEMENT_3D('',#46,#47,#48);
#46 = CARTESIAN_POINT('',(50.,5.,231.));
#47 = DIRECTION('',(0.,0.,1.));
#48 = DIRECTION('',(1.,0.,0.));
#49 = DEFINITIONAL_REPRESENTATION('',(#50),#54);
#50 = LINE('',#51,#52);
#51 = CARTESIAN_POINT('',(0.,0.));
#52 = VECTOR('',#53,1.);
#53 = DIRECTION('',(0.,1.));
#54 = ( GEOMETRIC_REPRESENTATION_CONTEXT(2) 
PARAMETRIC_REPRESENTATION_CONTEXT() REPRESENTATION_CONTEXT('2D SPACE',''
  ) );
#55 = ORIENTED_EDGE('',*,*,#56,.F.);
#56 = EDGE_CURVE('',#57,#22,#59,.T.);
#57 = VERTEX_POINT('',#58);
#58 = CARTESIAN_POINT('',(50.,5.,197.));
#59 = SURFACE_CURVE('',#60,(#64,#71),.PCURVE_S1.);
#60 = LINE('',#61,#62);
#61 = CARTESIAN_POINT('',(50.,5.,197.));
#62 = VECTOR('',#63,1.);
#63 = DIRECTION('',(0.,0.,1.));
#64 = PCURVE('',#32,#65);
#65 = DEFINITIONAL_REPRESENTATION('',(#66),#70);
#66 = LINE('',#67,#68);
#67 = CARTESIAN_POINT('',(-23.,11.));
#68 = VECTOR('',#69,1.);
#69 = DIRECTION('',(1.,0.));
#70 = ( GEOMETRIC_REPRESENTATION_CONTEXT(2) 
PARAMETRIC_REPRESENTATION_CONTEXT() REPRESENTATION_CONTEXT('2D SPACE',''
  ) );
#71 = PCURVE('',#72,#77);
#72 = PLANE('',#73);
#73 = AXIS2_PLACEMENT_3D('',#74,#75,#76);
#74 = CARTESIAN_POINT('',(50.,5.,197.));
#75 = DIRECTION('',(0.,1.,0.));
#76 = DIRECTION('',(0.,0.,1.));
#77 = DEFINITIONAL_REPRESENTATION('',(#78),#82);
#78 = LINE('',#79,#80);
#79 = CARTESIAN_POINT('',(0.,0.));
#80 = VECTOR('',#81,1.);
#81 = DIRECTION('',(1.,0.));
#82 = ( GEOMETRIC_REPRESENTATION_CONTEXT(2) 
PARAMETRIC_REPRESENTATION_CONTEXT() REPRESENTATION_CONTEXT('2D SPACE',''
  ) );
#83 = ORIENTED_EDGE('',*,*,#84,.T.);
#84 = EDGE_CURVE('',#57,#85,#87,.T.);
#85 = VERTEX_POINT('',#86);
#86 = CARTESIAN_POINT('',(50.,27.,197.));
#87 = SURFACE_CURVE('',#88,(#92,#99),.PCURVE_S1.);
#88 = LINE('',#89,#90);
#89 = CARTESIAN_POINT('',(50.,5.,197.));
#90 = VECTOR('',#91,1.);
#91 = DIRECTION('',(0.,1.,0.));
#92 = PCURVE('',#32,#93);
#93 = DEFINITIONAL_REPRESENTATION('',(#94),#98);
#94 = LINE('',#95,#96);
#95 = CARTESIAN_POINT('',(-23.,11.));
#96 = VECTOR('',#97,1.);
#97 = DIRECTION('',(0.,-1.));
#98 = ( GEOMETRIC_REPRESENTATION_CONTEXT(2) 
PARAMETRIC_REPRESENTATION_CONTEXT() REPRESENTATION_CONTEXT('2D SPACE',''
  ) );
#99 = PCURVE('',#100,#105);
#100 = PLANE('',#101);
#101 = AXIS2_PLACEMENT_3D('',#102,#103,#104);
#102 = CARTESIAN_POINT('',(50.,5.,197.));
#103 = DIRECTION('',(0.,0.,1.));
#104 = DIRECTION('',(1.,0.,0.));
#105 = DEFINITIONAL_REPRESENTATION('',(#106),#110);
#106 = LINE('',#107,#108);
#107 = CARTESIAN_POINT('',(0.,0.));
#108 = VECTOR('',#109,1.);
#109 = DIRECTION('',(0.,1.));
#110 = ( GEOMETRIC_REPRESENTATION_CONTEXT(2) 
PARAMETRIC_REPRESENTATION_CONTEXT() REPRESENTATION_CONTEXT('2D SPACE',''
  ) );
#111 = ORIENTED_EDGE('',*,*,#112,.F.);
#112 = EDGE_CURVE('',#24,#85,#113,.T.);
#113 = SURFACE_CURVE('',#114,(#118,#125),.PCURVE_S1.);
#114 = LINE('',#115,#116);
#115 = CARTESIAN_POINT('',(50.,27.,231.));
#116 = VECTOR('',#117,1.);
#117 = DIRECTION('',(0.,0.,-1.));
#118 = PCURVE('',#32,#119);
#119 = DEFINITIONAL_REPRESENTATION('',(#120),#124);
#120 = LINE('',#121,#122);
#121 = CARTESIAN_POINT('',(11.,-11.));
#122 = VECTOR('',#123,1.);
#123 = DIRECTION('',(-1.,0.));
#124 = ( GEOMETRIC_REPRESENTATION_CONTEXT(2) 
PARAMETRIC_REPRESENTATION_CONTEXT() REPRESENTATION_CONTEXT('2D SPACE',''
  ) );
#125 = PCURVE('',#126,#131);
#126 = PLANE('',#127);
#127 = AXIS2_PLACEMENT_3D('',#128,#129,#130);
#128 = CARTESIAN_POINT('',(50.,27.,197.));
#129 = DIRECTION('',(0.,1.,0.));
#130 = DIRECTION('',(0.,0.,1.));
#131 = DEFINITIONAL_REPRESENTATION('',(#132),#136);
#132 = LINE('',#133,#134);
#133 = CARTESIAN_POINT('',(34.,0.));
#134 = VECTOR('',#135,1.);
#135 = DIRECTION('',(-1.,0.));
#136 = ( GEOMETRIC_REPRESENTATION_CONTEXT(2) 
PARAMETRIC_REPRESENTATION_CONTEXT() REPRESENTATION_CONTEXT('2D SPACE',''
  ) );
#137 = FACE_BOUND('',#138,.F.);
#138 = EDGE_LOOP('',(#139));
#139 = ORIENTED_EDGE('',*,*,#140,.T.);
#140 = EDGE_CURVE('',#141,#141,#143,.T.);
#141 = VERTEX_POINT('',#142);
#142 = CARTESIAN_POINT('',(50.,17.6,200.));
#143 = SURFACE_CURVE('',#144,(#149,#160),.PCURVE_S1.);
#144 = CIRCLE('',#145,1.6);
#145 = AXIS2_PLACEMENT_3D('',#146,#147,#148);
#146 = CARTESIAN_POINT('',(50.,16.,200.));
#147 = DIRECTION('',(-1.,0.,0.));
#148 = DIRECTION('',(0.,1.,0.));
#149 = PCURVE('',#32,#150);
#150 = DEFINITIONAL_REPRESENTATION('',(#151),#159);
#151 = ( BOUNDED_CURVE() B_SPLINE_CURVE(2,(#152,#153,#154,#155,#156,#157
,#158),.UNSPECIFIED.,.T.,.F.) B_SPLINE_CURVE_WITH_KNOTS((1,2,2,2,2,1),(
    -2.094395102393,0.,2.094395102393,4.188790204786,6.28318530718,
8.377580409573),.UNSPECIFIED.) CURVE() GEOMETRIC_REPRESENTATION_ITEM() 
RATIONAL_B_SPLINE_CURVE((1.,0.5,1.,0.5,1.,0.5,1.)) REPRESENTATION_ITEM(
  '') );
#152 = CARTESIAN_POINT('',(-20.,-1.6));
#153 = CARTESIAN_POINT('',(-22.77128129211,-1.6));
#154 = CARTESIAN_POINT('',(-21.38564064605,0.8));
#155 = CARTESIAN_POINT('',(-20.,3.2));
#156 = CARTESIAN_POINT('',(-18.61435935394,0.8));
#157 = CARTESIAN_POINT('',(-17.22871870789,-1.6));
#158 = CARTESIAN_POINT('',(-20.,-1.6));
#159 = ( GEOMETRIC_REPRESENTATION_CONTEXT(2) 
PARAMETRIC_REPRESENTATION_CONTEXT() REPRESENTATION_CONTEXT('2D SPACE',''
  ) );
#160 = PCURVE('',#161,#166);
#161 = CYLINDRICAL_SURFACE('',#162,1.6);
#162 = AXIS2_PLACEMENT_3D('',#163,#164,#165);
#163 = CARTESIAN_POINT('',(49.,16.,200.));
#164 = DIRECTION('',(-1.,-0.,-0.));
#165 = DIRECTION('',(0.,1.,0.));
#166 = DEFINITIONAL_REPRESENTATION('',(#167),#171);
#167 = LINE('',#168,#169);
#168 = CARTESIAN_POINT('',(-6.28318530718,-1.));
#169 = VECTOR('',#170,1.);
#170 = DIRECTION('',(1.,-0.));
#171 = ( GEOMETRIC_REPRESENTATION_CONTEXT(2) 
PARAMETRIC_REPRESENTATION_CONTEXT() REPRESENTATION_CONTEXT('2D SPACE',''
  ) );
#172 = FACE_BOUND('',#173,.F.);
#173 = EDGE_LOOP('',(#174));
#174 = ORIENTED_EDGE('',*,*,#175,.T.);
#175 = EDGE_CURVE('',#176,#176,#178,.T.);
#176 = VERTEX_POINT('',#177);
#177 = CARTESIAN_POINT('',(50.,22.85,220.));
#178 = SURFACE_CURVE('',#179,(#184,#195),.PCURVE_S1.);
#179 = CIRCLE('',#180,6.85);
#180 = AXIS2_PLACEMENT_3D('',#181,#182,#183);
#181 = CARTESIAN_POINT('',(50.,16.,220.));
#182 = DIRECTION('',(-1.,0.,0.));
#183 = DIRECTION('',(0.,1.,0.));
#184 = PCURVE('',#32,#185);
#185 = DEFINITIONAL_REPRESENTATION('',(#186),#194);
#186 = ( BOUNDED_CURVE() B_SPLINE_CURVE(2,(#187,#188,#189,#190,#191,#192
,#193),.UNSPECIFIED.,.T.,.F.) B_SPLINE_CURVE_WITH_KNOTS((1,2,2,2,2,1),(
    -2.094395102393,0.,2.094395102393,4.188790204786,6.28318530718,
8.377580409573),.UNSPECIFIED.) CURVE() GEOMETRIC_REPRESENTATION_ITEM() 
RATIONAL_B_SPLINE_CURVE((1.,0.5,1.,0.5,1.,0.5,1.)) REPRESENTATION_ITEM(
  '') );
#187 = CARTESIAN_POINT('',(2.84217094304E-14,-6.85));
#188 = CARTESIAN_POINT('',(-11.86454803184,-6.85));
#189 = CARTESIAN_POINT('',(-5.932274015923,3.425));
#190 = CARTESIAN_POINT('',(2.674394331557E-14,13.7));
#191 = CARTESIAN_POINT('',(5.932274015923,3.425));
#192 = CARTESIAN_POINT('',(11.864548031847,-6.85));
#193 = CARTESIAN_POINT('',(2.84217094304E-14,-6.85));
#194 = ( GEOMETRIC_REPRESENTATION_CONTEXT(2) 
PARAMETRIC_REPRESENTATION_CONTEXT() REPRESENTATION_CONTEXT('2D SPACE',''
  ) );
#195 = PCURVE('',#196,#201);
#196 = CYLINDRICAL_SURFACE('',#197,6.85);
#197 = AXIS2_PLACEMENT_3D('',#198,#199,#200);
#198 = CARTESIAN_POINT('',(49.,16.,220.));
#199 = DIRECTION('',(-1.,-0.,-0.));
#200 = DIRECTION('',(0.,1.,0.));
#201 = DEFINITIONAL_REPRESENTATION('',(#202),#206);
#202 = LINE('',#203,#204);
#203 = CARTESIAN_POINT('',(-6.28318530718,-1.));
#204 = VECTOR('',#205,1.);
#205 = DIRECTION('',(1.,-0.));
#206 = ( GEOMETRIC_REPRESENTATION_CONTEXT(2) 
PARAMETRIC_REPRESENTATION_CONTEXT() REPRESENTATION_CONTEXT('2D SPACE',''
  ) );
#207 = ADVANCED_FACE('',(#208),#44,.T.);
#208 = FACE_BOUND('',#209,.T.);
#209 = EDGE_LOOP('',(#210,#211,#234,#262,#290));
#210 = ORIENTED_EDGE('',*,*,#21,.F.);
#211 = ORIENTED_EDGE('',*,*,#212,.T.);
#212 = EDGE_CURVE('',#22,#213,#215,.T.);
#213 = VERTEX_POINT('',#214);
#214 = CARTESIAN_POINT('',(53.,5.,231.));
#215 = SURFACE_CURVE('',#216,(#220,#227),.PCURVE_S1.);
#216 = LINE('',#217,#218);
#217 = CARTESIAN_POINT('',(50.,5.,231.));
#218 = VECTOR('',#219,1.);
#219 = DIRECTION('',(1.,0.,0.));
#220 = PCURVE('',#44,#221);
#221 = DEFINITIONAL_REPRESENTATION('',(#222),#226);
#222 = LINE('',#223,#224);
#223 = CARTESIAN_POINT('',(0.,0.));
#224 = VECTOR('',#225,1.);
#225 = DIRECTION('',(1.,0.));
#226 = ( GEOMETRIC_REPRESENTATION_CONTEXT(2) 
PARAMETRIC_REPRESENTATION_CONTEXT() REPRESENTATION_CONTEXT('2D SPACE',''
  ) );
#227 = PCURVE('',#72,#228);
#228 = DEFINITIONAL_REPRESENTATION('',(#229),#233);
#229 = LINE('',#230,#231);
#230 = CARTESIAN_POINT('',(34.,0.));
#231 = VECTOR('',#232,1.);
#232 = DIRECTION('',(0.,1.));
#233 = ( GEOMETRIC_REPRESENTATION_CONTEXT(2) 
PARAMETRIC_REPRESENTATION_CONTEXT() REPRESENTATION_CONTEXT('2D SPACE',''
  ) );
#234 = ORIENTED_EDGE('',*,*,#235,.T.);
#235 = EDGE_CURVE('',#213,#236,#238,.T.);
#236 = VERTEX_POINT('',#237);
#237 = CARTESIAN_POINT('',(53.,16.,231.));
#238 = SURFACE_CURVE('',#239,(#243,#250),.PCURVE_S1.);
#239 = LINE('',#240,#241);
#240 = CARTESIAN_POINT('',(53.,5.,231.));
#241 = VECTOR('',#242,1.);
#242 = DIRECTION('',(0.,1.,0.));
#243 = PCURVE('',#44,#244);
#244 = DEFINITIONAL_REPRESENTATION('',(#245),#249);
#245 = LINE('',#246,#247);
#246 = CARTESIAN_POINT('',(3.,0.));
#247 = VECTOR('',#248,1.);
#248 = DIRECTION('',(0.,1.));
#249 = ( GEOMETRIC_REPRESENTATION_CONTEXT(2) 
PARAMETRIC_REPRESENTATION_CONTEXT() REPRESENTATION_CONTEXT('2D SPACE',''
  ) );
#250 = PCURVE('',#251,#256);
#251 = PLANE('',#252);
#252 = AXIS2_PLACEMENT_3D('',#253,#254,#255);
#253 = CARTESIAN_POINT('',(53.,5.,197.));
#254 = DIRECTION('',(1.,0.,0.));
#255 = DIRECTION('',(0.,0.,1.));
#256 = DEFINITIONAL_REPRESENTATION('',(#257),#261);
#257 = LINE('',#258,#259);
#258 = CARTESIAN_POINT('',(34.,0.));
#259 = VECTOR('',#260,1.);
#260 = DIRECTION('',(0.,-1.));
#261 = ( GEOMETRIC_REPRESENTATION_CONTEXT(2) 
PARAMETRIC_REPRESENTATION_CONTEXT() REPRESENTATION_CONTEXT('2D SPACE',''
  ) );
#262 = ORIENTED_EDGE('',*,*,#263,.T.);
#263 = EDGE_CURVE('',#236,#264,#266,.T.);
#264 = VERTEX_POINT('',#265);
#265 = CARTESIAN_POINT('',(53.,27.,231.));
#266 = SURFACE_CURVE('',#267,(#271,#278),.PCURVE_S1.);
#267 = LINE('',#268,#269);
#268 = CARTESIAN_POINT('',(53.,5.,231.));
#269 = VECTOR('',#270,1.);
#270 = DIRECTION('',(0.,1.,0.));
#271 = PCURVE('',#44,#272);
#272 = DEFINITIONAL_REPRESENTATION('',(#273),#277);
#273 = LINE('',#274,#275);
#274 = CARTESIAN_POINT('',(3.,0.));
#275 = VECTOR('',#276,1.);
#276 = DIRECTION('',(0.,1.));
#277 = ( GEOMETRIC_REPRESENTATION_CONTEXT(2) 
PARAMETRIC_REPRESENTATION_CONTEXT() REPRESENTATION_CONTEXT('2D SPACE',''
  ) );
#278 = PCURVE('',#279,#284);
#279 = PLANE('',#280);
#280 = AXIS2_PLACEMENT_3D('',#281,#282,#283);
#281 = CARTESIAN_POINT('',(53.,5.,197.));
#282 = DIRECTION('',(1.,0.,0.));
#283 = DIRECTION('',(0.,0.,1.));
#284 = DEFINITIONAL_REPRESENTATION('',(#285),#289);
#285 = LINE('',#286,#287);
#286 = CARTESIAN_POINT('',(34.,0.));
#287 = VECTOR('',#288,1.);
#288 = DIRECTION('',(0.,-1.));
#289 = ( GEOMETRIC_REPRESENTATION_CONTEXT(2) 
PARAMETRIC_REPRESENTATION_CONTEXT() REPRESENTATION_CONTEXT('2D SPACE',''
  ) );
#290 = ORIENTED_EDGE('',*,*,#291,.F.);
#291 = EDGE_CURVE('',#24,#264,#292,.T.);
#292 = SURFACE_CURVE('',#293,(#297,#304),.PCURVE_S1.);
#293 = LINE('',#294,#295);
#294 = CARTESIAN_POINT('',(50.,27.,231.));
#295 = VECTOR('',#296,1.);
#296 = DIRECTION('',(1.,0.,0.));
#297 = PCURVE('',#44,#298);
#298 = DEFINITIONAL_REPRESENTATION('',(#299),#303);
#299 = LINE('',#300,#301);
#300 = CARTESIAN_POINT('',(0.,22.));
#301 = VECTOR('',#302,1.);
#302 = DIRECTION('',(1.,0.));
#303 = ( GEOMETRIC_REPRESENTATION_CONTEXT(2) 
PARAMETRIC_REPRESENTATION_CONTEXT() REPRESENTATION_CONTEXT('2D SPACE',''
  ) );
#304 = PCURVE('',#126,#305);
#305 = DEFINITIONAL_REPRESENTATION('',(#306),#310);
#306 = LINE('',#307,#308);
#307 = CARTESIAN_POINT('',(34.,0.));
#308 = VECTOR('',#309,1.);
#309 = DIRECTION('',(0.,1.));
#310 = ( GEOMETRIC_REPRESENTATION_CONTEXT(2) 
PARAMETRIC_REPRESENTATION_CONTEXT() REPRESENTATION_CONTEXT('2D SPACE',''
  ) );
#311 = ADVANCED_FACE('',(#312),#72,.F.);
#312 = FACE_BOUND('',#313,.F.);
#313 = EDGE_LOOP('',(#314,#337,#365,#386,#387));
#314 = ORIENTED_EDGE('',*,*,#315,.F.);
#315 = EDGE_CURVE('',#316,#213,#318,.T.);
#316 = VERTEX_POINT('',#317);
#317 = CARTESIAN_POINT('',(53.,5.,220.));
#318 = SURFACE_CURVE('',#319,(#323,#330),.PCURVE_S1.);
#319 = LINE('',#320,#321);
#320 = CARTESIAN_POINT('',(53.,5.,197.));
#321 = VECTOR('',#322,1.);
#322 = DIRECTION('',(0.,0.,1.));
#323 = PCURVE('',#72,#324);
#324 = DEFINITIONAL_REPRESENTATION('',(#325),#329);
#325 = LINE('',#326,#327);
#326 = CARTESIAN_POINT('',(0.,3.));
#327 = VECTOR('',#328,1.);
#328 = DIRECTION('',(1.,0.));
#329 = ( GEOMETRIC_REPRESENTATION_CONTEXT(2) 
PARAMETRIC_REPRESENTATION_CONTEXT() REPRESENTATION_CONTEXT('2D SPACE',''
  ) );
#330 = PCURVE('',#251,#331);
#331 = DEFINITIONAL_REPRESENTATION('',(#332),#336);
#332 = LINE('',#333,#334);
#333 = CARTESIAN_POINT('',(0.,0.));
#334 = VECTOR('',#335,1.);
#335 = DIRECTION('',(1.,0.));
#336 = ( GEOMETRIC_REPRESENTATION_CONTEXT(2) 
PARAMETRIC_REPRESENTATION_CONTEXT() REPRESENTATION_CONTEXT('2D SPACE',''
  ) );
#337 = ORIENTED_EDGE('',*,*,#338,.F.);
#338 = EDGE_CURVE('',#339,#316,#341,.T.);
#339 = VERTEX_POINT('',#340);
#340 = CARTESIAN_POINT('',(53.,5.,197.));
#341 = SURFACE_CURVE('',#342,(#346,#353),.PCURVE_S1.);
#342 = LINE('',#343,#344);
#343 = CARTESIAN_POINT('',(53.,5.,197.));
#344 = VECTOR('',#345,1.);
#345 = DIRECTION('',(0.,0.,1.));
#346 = PCURVE('',#72,#347);
#347 = DEFINITIONAL_REPRESENTATION('',(#348),#352);
#348 = LINE('',#349,#350);
#349 = CARTESIAN_POINT('',(0.,3.));
#350 = VECTOR('',#351,1.);
#351 = DIRECTION('',(1.,0.));
#352 = ( GEOMETRIC_REPRESENTATION_CONTEXT(2) 
PARAMETRIC_REPRESENTATION_CONTEXT() REPRESENTATION_CONTEXT('2D SPACE',''
  ) );
#353 = PCURVE('',#354,#359);
#354 = PLANE('',#355);
#355 = AXIS2_PLACEMENT_3D('',#356,#357,#358);
#356 = CARTESIAN_POINT('',(53.,5.,197.));
#357 = DIRECTION('',(1.,0.,0.));
#358 = DIRECTION('',(0.,0.,1.));
#359 = DEFINITIONAL_REPRESENTATION('',(#360),#364);
#360 = LINE('',#361,#362);
#361 = CARTESIAN_POINT('',(0.,0.));
#362 = VECTOR('',#363,1.);
#363 = DIRECTION('',(1.,0.));
#364 = ( GEOMETRIC_REPRESENTATION_CONTEXT(2) 
PARAMETRIC_REPRESENTATION_CONTEXT() REPRESENTATION_CONTEXT('2D SPACE',''
  ) );
#365 = ORIENTED_EDGE('',*,*,#366,.F.);
#366 = EDGE_CURVE('',#57,#339,#367,.T.);
#367 = SURFACE_CURVE('',#368,(#372,#379),.PCURVE_S1.);
#368 = LINE('',#369,#370);
#369 = CARTESIAN_POINT('',(50.,5.,197.));
#370 = VECTOR('',#371,1.);
#371 = DIRECTION('',(1.,0.,0.));
#372 = PCURVE('',#72,#373);
#373 = DEFINITIONAL_REPRESENTATION('',(#374),#378);
#374 = LINE('',#375,#376);
#375 = CARTESIAN_POINT('',(0.,0.));
#376 = VECTOR('',#377,1.);
#377 = DIRECTION('',(0.,1.));
#378 = ( GEOMETRIC_REPRESENTATION_CONTEXT(2) 
PARAMETRIC_REPRESENTATION_CONTEXT() REPRESENTATION_CONTEXT('2D SPACE',''
  ) );
#379 = PCURVE('',#100,#380);
#380 = DEFINITIONAL_REPRESENTATION('',(#381),#385);
#381 = LINE('',#382,#383);
#382 = CARTESIAN_POINT('',(0.,0.));
#383 = VECTOR('',#384,1.);
#384 = DIRECTION('',(1.,0.));
#385 = ( GEOMETRIC_REPRESENTATION_CONTEXT(2) 
PARAMETRIC_REPRESENTATION_CONTEXT() REPRESENTATION_CONTEXT('2D SPACE',''
  ) );
#386 = ORIENTED_EDGE('',*,*,#56,.T.);
#387 = ORIENTED_EDGE('',*,*,#212,.T.);
#388 = ADVANCED_FACE('',(#389),#126,.T.);
#389 = FACE_BOUND('',#390,.T.);
#390 = EDGE_LOOP('',(#391,#414,#437,#458,#459));
#391 = ORIENTED_EDGE('',*,*,#392,.F.);
#392 = EDGE_CURVE('',#393,#264,#395,.T.);
#393 = VERTEX_POINT('',#394);
#394 = CARTESIAN_POINT('',(53.,27.,220.));
#395 = SURFACE_CURVE('',#396,(#400,#407),.PCURVE_S1.);
#396 = LINE('',#397,#398);
#397 = CARTESIAN_POINT('',(53.,27.,197.));
#398 = VECTOR('',#399,1.);
#399 = DIRECTION('',(0.,0.,1.));
#400 = PCURVE('',#126,#401);
#401 = DEFINITIONAL_REPRESENTATION('',(#402),#406);
#402 = LINE('',#403,#404);
#403 = CARTESIAN_POINT('',(0.,3.));
#404 = VECTOR('',#405,1.);
#405 = DIRECTION('',(1.,0.));
#406 = ( GEOMETRIC_REPRESENTATION_CONTEXT(2) 
PARAMETRIC_REPRESENTATION_CONTEXT() REPRESENTATION_CONTEXT('2D SPACE',''
  ) );
#407 = PCURVE('',#279,#408);
#408 = DEFINITIONAL_REPRESENTATION('',(#409),#413);
#409 = LINE('',#410,#411);
#410 = CARTESIAN_POINT('',(0.,-22.));
#411 = VECTOR('',#412,1.);
#412 = DIRECTION('',(1.,0.));
#413 = ( GEOMETRIC_REPRESENTATION_CONTEXT(2) 
PARAMETRIC_REPRESENTATION_CONTEXT() REPRESENTATION_CONTEXT('2D SPACE',''
  ) );
#414 = ORIENTED_EDGE('',*,*,#415,.F.);
#415 = EDGE_CURVE('',#416,#393,#418,.T.);
#416 = VERTEX_POINT('',#417);
#417 = CARTESIAN_POINT('',(53.,27.,197.));
#418 = SURFACE_CURVE('',#419,(#423,#430),.PCURVE_S1.);
#419 = LINE('',#420,#421);
#420 = CARTESIAN_POINT('',(53.,27.,197.));
#421 = VECTOR('',#422,1.);
#422 = DIRECTION('',(0.,0.,1.));
#423 = PCURVE('',#126,#424);
#424 = DEFINITIONAL_REPRESENTATION('',(#425),#429);
#425 = LINE('',#426,#427);
#426 = CARTESIAN_POINT('',(0.,3.));
#427 = VECTOR('',#428,1.);
#428 = DIRECTION('',(1.,0.));
#429 = ( GEOMETRIC_REPRESENTATION_CONTEXT(2) 
PARAMETRIC_REPRESENTATION_CONTEXT() REPRESENTATION_CONTEXT('2D SPACE',''
  ) );
#430 = PCURVE('',#354,#431);
#431 = DEFINITIONAL_REPRESENTATION('',(#432),#436);
#432 = LINE('',#433,#434);
#433 = CARTESIAN_POINT('',(0.,-22.));
#434 = VECTOR('',#435,1.);
#435 = DIRECTION('',(1.,0.));
#436 = ( GEOMETRIC_REPRESENTATION_CONTEXT(2) 
PARAMETRIC_REPRESENTATION_CONTEXT() REPRESENTATION_CONTEXT('2D SPACE',''
  ) );
#437 = ORIENTED_EDGE('',*,*,#438,.F.);
#438 = EDGE_CURVE('',#85,#416,#439,.T.);
#439 = SURFACE_CURVE('',#440,(#444,#451),.PCURVE_S1.);
#440 = LINE('',#441,#442);
#441 = CARTESIAN_POINT('',(50.,27.,197.));
#442 = VECTOR('',#443,1.);
#443 = DIRECTION('',(1.,0.,0.));
#444 = PCURVE('',#126,#445);
#445 = DEFINITIONAL_REPRESENTATION('',(#446),#450);
#446 = LINE('',#447,#448);
#447 = CARTESIAN_POINT('',(0.,0.));
#448 = VECTOR('',#449,1.);
#449 = DIRECTION('',(0.,1.));
#450 = ( GEOMETRIC_REPRESENTATION_CONTEXT(2) 
PARAMETRIC_REPRESENTATION_CONTEXT() REPRESENTATION_CONTEXT('2D SPACE',''
  ) );
#451 = PCURVE('',#100,#452);
#452 = DEFINITIONAL_REPRESENTATION('',(#453),#457);
#453 = LINE('',#454,#455);
#454 = CARTESIAN_POINT('',(0.,22.));
#455 = VECTOR('',#456,1.);
#456 = DIRECTION('',(1.,0.));
#457 = ( GEOMETRIC_REPRESENTATION_CONTEXT(2) 
PARAMETRIC_REPRESENTATION_CONTEXT() REPRESENTATION_CONTEXT('2D SPACE',''
  ) );
#458 = ORIENTED_EDGE('',*,*,#112,.F.);
#459 = ORIENTED_EDGE('',*,*,#291,.T.);
#460 = ADVANCED_FACE('',(#461),#100,.F.);
#461 = FACE_BOUND('',#462,.F.);
#462 = EDGE_LOOP('',(#463,#464,#465,#486));
#463 = ORIENTED_EDGE('',*,*,#84,.F.);
#464 = ORIENTED_EDGE('',*,*,#366,.T.);
#465 = ORIENTED_EDGE('',*,*,#466,.T.);
#466 = EDGE_CURVE('',#339,#416,#467,.T.);
#467 = SURFACE_CURVE('',#468,(#472,#479),.PCURVE_S1.);
#468 = LINE('',#469,#470);
#469 = CARTESIAN_POINT('',(53.,5.,197.));
#470 = VECTOR('',#471,1.);
#471 = DIRECTION('',(0.,1.,0.));
#472 = PCURVE('',#100,#473);
#473 = DEFINITIONAL_REPRESENTATION('',(#474),#478);
#474 = LINE('',#475,#476);
#475 = CARTESIAN_POINT('',(3.,0.));
#476 = VECTOR('',#477,1.);
#477 = DIRECTION('',(0.,1.));
#478 = ( GEOMETRIC_REPRESENTATION_CONTEXT(2) 
PARAMETRIC_REPRESENTATION_CONTEXT() REPRESENTATION_CONTEXT('2D SPACE',''
  ) );
#479 = PCURVE('',#354,#480);
#480 = DEFINITIONAL_REPRESENTATION('',(#481),#485);
#481 = LINE('',#482,#483);
#482 = CARTESIAN_POINT('',(0.,0.));
#483 = VECTOR('',#484,1.);
#484 = DIRECTION('',(0.,-1.));
#485 = ( GEOMETRIC_REPRESENTATION_CONTEXT(2) 
PARAMETRIC_REPRESENTATION_CONTEXT() REPRESENTATION_CONTEXT('2D SPACE',''
  ) );
#486 = ORIENTED_EDGE('',*,*,#438,.F.);
#487 = ADVANCED_FACE('',(#488),#161,.F.);
#488 = FACE_BOUND('',#489,.T.);
#489 = EDGE_LOOP('',(#490,#491,#514,#540));
#490 = ORIENTED_EDGE('',*,*,#140,.T.);
#491 = ORIENTED_EDGE('',*,*,#492,.T.);
#492 = EDGE_CURVE('',#141,#493,#495,.T.);
#493 = VERTEX_POINT('',#494);
#494 = CARTESIAN_POINT('',(53.,17.6,200.));
#495 = SEAM_CURVE('',#496,(#500,#507),.PCURVE_S1.);
#496 = LINE('',#497,#498);
#497 = CARTESIAN_POINT('',(49.,17.6,200.));
#498 = VECTOR('',#499,1.);
#499 = DIRECTION('',(1.,0.,0.));
#500 = PCURVE('',#161,#501);
#501 = DEFINITIONAL_REPRESENTATION('',(#502),#506);
#502 = LINE('',#503,#504);
#503 = CARTESIAN_POINT('',(-6.28318530718,0.));
#504 = VECTOR('',#505,1.);
#505 = DIRECTION('',(-0.,-1.));
#506 = ( GEOMETRIC_REPRESENTATION_CONTEXT(2) 
PARAMETRIC_REPRESENTATION_CONTEXT() REPRESENTATION_CONTEXT('2D SPACE',''
  ) );
#507 = PCURVE('',#161,#508);
#508 = DEFINITIONAL_REPRESENTATION('',(#509),#513);
#509 = LINE('',#510,#511);
#510 = CARTESIAN_POINT('',(-0.,0.));
#511 = VECTOR('',#512,1.);
#512 = DIRECTION('',(-0.,-1.));
#513 = ( GEOMETRIC_REPRESENTATION_CONTEXT(2) 
PARAMETRIC_REPRESENTATION_CONTEXT() REPRESENTATION_CONTEXT('2D SPACE',''
  ) );
#514 = ORIENTED_EDGE('',*,*,#515,.F.);
#515 = EDGE_CURVE('',#493,#493,#516,.T.);
#516 = SURFACE_CURVE('',#517,(#522,#529),.PCURVE_S1.);
#517 = CIRCLE('',#518,1.6);
#518 = AXIS2_PLACEMENT_3D('',#519,#520,#521);
#519 = CARTESIAN_POINT('',(53.,16.,200.));
#520 = DIRECTION('',(-1.,0.,0.));
#521 = DIRECTION('',(0.,1.,0.));
#522 = PCURVE('',#161,#523);
#523 = DEFINITIONAL_REPRESENTATION('',(#524),#528);
#524 = LINE('',#525,#526);
#525 = CARTESIAN_POINT('',(-6.28318530718,-4.));
#526 = VECTOR('',#527,1.);
#527 = DIRECTION('',(1.,-0.));
#528 = ( GEOMETRIC_REPRESENTATION_CONTEXT(2) 
PARAMETRIC_REPRESENTATION_CONTEXT() REPRESENTATION_CONTEXT('2D SPACE',''
  ) );
#529 = PCURVE('',#354,#530);
#530 = DEFINITIONAL_REPRESENTATION('',(#531),#539);
#531 = ( BOUNDED_CURVE() B_SPLINE_CURVE(2,(#532,#533,#534,#535,#536,#537
,#538),.UNSPECIFIED.,.T.,.F.) B_SPLINE_CURVE_WITH_KNOTS((1,2,2,2,2,1),(
    -2.094395102393,0.,2.094395102393,4.188790204786,6.28318530718,
8.377580409573),.UNSPECIFIED.) CURVE() GEOMETRIC_REPRESENTATION_ITEM() 
RATIONAL_B_SPLINE_CURVE((1.,0.5,1.,0.5,1.,0.5,1.)) REPRESENTATION_ITEM(
  '') );
#532 = CARTESIAN_POINT('',(3.,-12.6));
#533 = CARTESIAN_POINT('',(0.22871870789,-12.6));
#534 = CARTESIAN_POINT('',(1.614359353945,-10.2));
#535 = CARTESIAN_POINT('',(3.,-7.8));
#536 = CARTESIAN_POINT('',(4.385640646055,-10.2));
#537 = CARTESIAN_POINT('',(5.77128129211,-12.6));
#538 = CARTESIAN_POINT('',(3.,-12.6));
#539 = ( GEOMETRIC_REPRESENTATION_CONTEXT(2) 
PARAMETRIC_REPRESENTATION_CONTEXT() REPRESENTATION_CONTEXT('2D SPACE',''
  ) );
#540 = ORIENTED_EDGE('',*,*,#492,.F.);
#541 = ADVANCED_FACE('',(#542,#600,#774,#948),#196,.F.);
#542 = FACE_BOUND('',#543,.T.);
#543 = EDGE_LOOP('',(#544,#567,#568,#569));
#544 = ORIENTED_EDGE('',*,*,#545,.F.);
#545 = EDGE_CURVE('',#176,#546,#548,.T.);
#546 = VERTEX_POINT('',#547);
#547 = CARTESIAN_POINT('',(76.,22.85,220.));
#548 = SEAM_CURVE('',#549,(#553,#560),.PCURVE_S1.);
#549 = LINE('',#550,#551);
#550 = CARTESIAN_POINT('',(49.,22.85,220.));
#551 = VECTOR('',#552,1.);
#552 = DIRECTION('',(1.,0.,0.));
#553 = PCURVE('',#196,#554);
#554 = DEFINITIONAL_REPRESENTATION('',(#555),#559);
#555 = LINE('',#556,#557);
#556 = CARTESIAN_POINT('',(-6.28318530718,0.));
#557 = VECTOR('',#558,1.);
#558 = DIRECTION('',(-0.,-1.));
#559 = ( GEOMETRIC_REPRESENTATION_CONTEXT(2) 
PARAMETRIC_REPRESENTATION_CONTEXT() REPRESENTATION_CONTEXT('2D SPACE',''
  ) );
#560 = PCURVE('',#196,#561);
#561 = DEFINITIONAL_REPRESENTATION('',(#562),#566);
#562 = LINE('',#563,#564);
#563 = CARTESIAN_POINT('',(-0.,0.));
#564 = VECTOR('',#565,1.);
#565 = DIRECTION('',(-0.,-1.));
#566 = ( GEOMETRIC_REPRESENTATION_CONTEXT(2) 
PARAMETRIC_REPRESENTATION_CONTEXT() REPRESENTATION_CONTEXT('2D SPACE',''
  ) );
#567 = ORIENTED_EDGE('',*,*,#175,.T.);
#568 = ORIENTED_EDGE('',*,*,#545,.T.);
#569 = ORIENTED_EDGE('',*,*,#570,.F.);
#570 = EDGE_CURVE('',#546,#546,#571,.T.);
#571 = SURFACE_CURVE('',#572,(#577,#584),.PCURVE_S1.);
#572 = CIRCLE('',#573,6.85);
#573 = AXIS2_PLACEMENT_3D('',#574,#575,#576);
#574 = CARTESIAN_POINT('',(76.,16.,220.));
#575 = DIRECTION('',(-1.,0.,0.));
#576 = DIRECTION('',(0.,1.,0.));
#577 = PCURVE('',#196,#578);
#578 = DEFINITIONAL_REPRESENTATION('',(#579),#583);
#579 = LINE('',#580,#581);
#580 = CARTESIAN_POINT('',(-6.28318530718,-27.));
#581 = VECTOR('',#582,1.);
#582 = DIRECTION('',(1.,-0.));
#583 = ( GEOMETRIC_REPRESENTATION_CONTEXT(2) 
PARAMETRIC_REPRESENTATION_CONTEXT() REPRESENTATION_CONTEXT('2D SPACE',''
  ) );
#584 = PCURVE('',#585,#590);
#585 = PLANE('',#586);
#586 = AXIS2_PLACEMENT_3D('',#587,#588,#589);
#587 = CARTESIAN_POINT('',(76.,16.,220.));
#588 = DIRECTION('',(1.,0.,0.));
#589 = DIRECTION('',(-0.,0.,1.));
#590 = DEFINITIONAL_REPRESENTATION('',(#591),#599);
#591 = ( BOUNDED_CURVE() B_SPLINE_CURVE(2,(#592,#593,#594,#595,#596,#597
,#598),.UNSPECIFIED.,.T.,.F.) B_SPLINE_CURVE_WITH_KNOTS((1,2,2,2,2,1),(
    -2.094395102393,0.,2.094395102393,4.188790204786,6.28318530718,
8.377580409573),.UNSPECIFIED.) CURVE() GEOMETRIC_REPRESENTATION_ITEM() 
RATIONAL_B_SPLINE_CURVE((1.,0.5,1.,0.5,1.,0.5,1.)) REPRESENTATION_ITEM(
  '') );
#592 = CARTESIAN_POINT('',(2.84217094304E-14,-6.85));
#593 = CARTESIAN_POINT('',(-11.86454803184,-6.85));
#594 = CARTESIAN_POINT('',(-5.932274015923,3.425));
#595 = CARTESIAN_POINT('',(2.674394331557E-14,13.7));
#596 = CARTESIAN_POINT('',(5.932274015923,3.425));
#597 = CARTESIAN_POINT('',(11.864548031847,-6.85));
#598 = CARTESIAN_POINT('',(2.84217094304E-14,-6.85));
#599 = ( GEOMETRIC_REPRESENTATION_CONTEXT(2) 
PARAMETRIC_REPRESENTATION_CONTEXT() REPRESENTATION_CONTEXT('2D SPACE',''
  ) );
#600 = FACE_BOUND('',#601,.T.);
#601 = EDGE_LOOP('',(#602));
#602 = ORIENTED_EDGE('',*,*,#603,.T.);
#603 = EDGE_CURVE('',#604,#604,#606,.T.);
#604 = VERTEX_POINT('',#605);
#605 = CARTESIAN_POINT('',(68.,17.376,226.71037435617));
#606 = SURFACE_CURVE('',#607,(#659,#714),.PCURVE_S1.);
#607 = B_SPLINE_CURVE_WITH_KNOTS('',8,(#608,#609,#610,#611,#612,#613,
    #614,#615,#616,#617,#618,#619,#620,#621,#622,#623,#624,#625,#626,
    #627,#628,#629,#630,#631,#632,#633,#634,#635,#636,#637,#638,#639,
    #640,#641,#642,#643,#644,#645,#646,#647,#648,#649,#650,#651,#652,
    #653,#654,#655,#656,#657,#658),.UNSPECIFIED.,.T.,.F.,(9,7,7,7,7,7,7,
    9),(0.,0.15175639548,0.287005515821,0.424110887252,0.576725014903,
    0.705132695092,0.829713548038,1.),.UNSPECIFIED.);
#608 = CARTESIAN_POINT('',(68.,17.376,226.71037435617));
#609 = CARTESIAN_POINT('',(67.855081616489,17.376,226.71037435617));
#610 = CARTESIAN_POINT('',(67.710181890035,17.358557451071,
    226.7139509401));
#611 = CARTESIAN_POINT('',(67.566795466031,17.323677697611,
    226.72110366071));
#612 = CARTESIAN_POINT('',(67.426517955268,17.271144275521,
    226.73161068822));
#613 = CARTESIAN_POINT('',(67.29117544003,17.200602405462,
    226.74501808752));
#614 = CARTESIAN_POINT('',(67.162960114024,17.111627575867,
    226.76058801745));
#615 = CARTESIAN_POINT('',(67.044622886129,17.003836209819,
    226.77725193874));
#616 = CARTESIAN_POINT('',(66.846329612993,16.764140818115,
    226.80819801538));
#617 = CARTESIAN_POINT('',(66.761003520282,16.632997583795,
    226.82294721173));
#618 = CARTESIAN_POINT('',(66.690355866653,16.485681353878,
    226.83639152184));
#619 = CARTESIAN_POINT('',(66.639218912459,16.325744495641,
    226.84682207701));
#620 = CARTESIAN_POINT('',(66.610734349677,16.157822349385,
    226.85276789594));
#621 = CARTESIAN_POINT('',(66.606374348633,15.987077843731,
    226.85357704818));
#622 = CARTESIAN_POINT('',(66.625895778557,15.818787205268,
    226.84949945371));
#623 = CARTESIAN_POINT('',(66.70913065514,15.494608764415,
    226.83328461238));
#624 = CARTESIAN_POINT('',(66.772298759791,15.343392647405,
    226.82126084321));
#625 = CARTESIAN_POINT('',(66.853042855946,15.206108670256,
    226.80659928828));
#626 = CARTESIAN_POINT('',(66.948079608904,15.083965614089,
    226.79065975918));
#627 = CARTESIAN_POINT('',(67.054402966604,14.977662071966,
    226.77471015441));
#628 = CARTESIAN_POINT('',(67.169220821583,14.887495679739,
    226.75979999323));
#629 = CARTESIAN_POINT('',(67.289933357869,14.813399394698,
    226.74670372024));
#630 = CARTESIAN_POINT('',(67.552370348563,14.689905920809,
    226.72387759037));
#631 = CARTESIAN_POINT('',(67.697695687798,14.642947886787,
    226.71445555235));
#632 = CARTESIAN_POINT('',(67.847688945186,14.614584867145,
    226.70844532507));
#633 = CARTESIAN_POINT('',(68.000000000001,14.605100032022,
    226.70638005319));
#634 = CARTESIAN_POINT('',(68.152311054815,14.614584867146,
    226.70844532507));
#635 = CARTESIAN_POINT('',(68.302304312201,14.642947886787,
    226.71445555235));
#636 = CARTESIAN_POINT('',(68.447629651435,14.689905920808,
    226.72387759037));
#637 = CARTESIAN_POINT('',(68.702188001162,14.809691987674,
    226.74601845525));
#638 = CARTESIAN_POINT('',(68.815211356855,14.878045529536,
    226.75812694855));
#639 = CARTESIAN_POINT('',(68.923117395915,14.960324912726,
    226.77182964537));
#640 = CARTESIAN_POINT('',(69.023907757756,15.056631706588,
    226.78651952576));
#641 = CARTESIAN_POINT('',(69.115397028649,15.166834892116,
    226.80138638512));
#642 = CARTESIAN_POINT('',(69.195187752144,15.290529791459,
    226.81544261503));
#643 = CARTESIAN_POINT('',(69.260616547699,15.426949258505,
    226.82759511493));
#644 = CARTESIAN_POINT('',(69.355259371888,15.718229920423,
    226.84571102704));
#645 = CARTESIAN_POINT('',(69.384912053789,15.870627082114,
    226.85173596681));
#646 = CARTESIAN_POINT('',(69.394821032583,16.028059254826,
    226.85388830995));
#647 = CARTESIAN_POINT('',(69.383833057991,16.186028464906,
    226.85160215344));
#648 = CARTESIAN_POINT('',(69.35234277521,16.339912635643,
    226.84504475389));
#649 = CARTESIAN_POINT('',(69.302267254245,16.485361842972,
    226.83509126592));
#650 = CARTESIAN_POINT('',(69.237066933087,16.61868843773,
    226.82304606902));
#651 = CARTESIAN_POINT('',(69.058908211021,16.89942166276,
    226.79265286461));
#652 = CARTESIAN_POINT('',(68.934869158239,17.037725698349,
    226.77321637837));
#653 = CARTESIAN_POINT('',(68.795713201241,17.151839853271,
    226.75418826617));
#654 = CARTESIAN_POINT('',(68.645864649574,17.242162216055,
    226.73738739769));
#655 = CARTESIAN_POINT('',(68.488781233264,17.309286039568,
    226.72405573841));
#656 = CARTESIAN_POINT('',(68.327257034941,17.353766105485,
    226.71493307979));
#657 = CARTESIAN_POINT('',(68.163612510529,17.376,226.71037435617));
#658 = CARTESIAN_POINT('',(68.,17.376,226.71037435617));
#659 = PCURVE('',#196,#660);
#660 = DEFINITIONAL_REPRESENTATION('',(#661),#713);
#661 = B_SPLINE_CURVE_WITH_KNOTS('',8,(#662,#663,#664,#665,#666,#667,
    #668,#669,#670,#671,#672,#673,#674,#675,#676,#677,#678,#679,#680,
    #681,#682,#683,#684,#685,#686,#687,#688,#689,#690,#691,#692,#693,
    #694,#695,#696,#697,#698,#699,#700,#701,#702,#703,#704,#705,#706,
    #707,#708,#709,#710,#711,#712),.UNSPECIFIED.,.T.,.F.,(9,7,7,7,7,7,7,
    9),(0.,0.15175639548,0.287005515821,0.424110887252,0.576725014903,
    0.705132695092,0.829713548038,1.),.UNSPECIFIED.);
#662 = CARTESIAN_POINT('',(-1.368544349945,-19.));
#663 = CARTESIAN_POINT('',(-1.368544349945,-18.85508161648));
#664 = CARTESIAN_POINT('',(-1.371143691934,-18.71018189003));
#665 = CARTESIAN_POINT('',(-1.376341572898,-18.56679546603));
#666 = CARTESIAN_POINT('',(-1.384162502533,-18.42651795526));
#667 = CARTESIAN_POINT('',(-1.394643854974,-18.29117544003));
#668 = CARTESIAN_POINT('',(-1.407826925187,-18.16296011402));
#669 = CARTESIAN_POINT('',(-1.423744845255,-18.04462288612));
#670 = CARTESIAN_POINT('',(-1.459027297179,-17.84632961299));
#671 = CARTESIAN_POINT('',(-1.478290393285,-17.76100352028));
#672 = CARTESIAN_POINT('',(-1.499877753906,-17.69035586665));
#673 = CARTESIAN_POINT('',(-1.523259167842,-17.63921891245));
#674 = CARTESIAN_POINT('',(-1.547766029693,-17.61073434967));
#675 = CARTESIAN_POINT('',(-1.572675145426,-17.60637434863));
#676 = CARTESIAN_POINT('',(-1.597242171067,-17.62589577855));
#677 = CARTESIAN_POINT('',(-1.644626653783,-17.70913065514));
#678 = CARTESIAN_POINT('',(-1.666762110893,-17.77229875979));
#679 = CARTESIAN_POINT('',(-1.686906206815,-17.85304285594));
#680 = CARTESIAN_POINT('',(-1.704880714081,-17.9480796089));
#681 = CARTESIAN_POINT('',(-1.720569516227,-18.0544029666));
#682 = CARTESIAN_POINT('',(-1.733909798846,-18.16922082158));
#683 = CARTESIAN_POINT('',(-1.74489411191,-18.28993335786));
#684 = CARTESIAN_POINT('',(-1.76322773393,-18.55237034856));
#685 = CARTESIAN_POINT('',(-1.770218730164,-18.69769568779));
#686 = CARTESIAN_POINT('',(-1.77445124175,-18.84768894518));
#687 = CARTESIAN_POINT('',(-1.775868478388,-19.));
#688 = CARTESIAN_POINT('',(-1.77445124175,-19.15231105481));
#689 = CARTESIAN_POINT('',(-1.770218730164,-19.3023043122));
#690 = CARTESIAN_POINT('',(-1.76322773393,-19.44762965143));
#691 = CARTESIAN_POINT('',(-1.745444506979,-19.70218800116));
#692 = CARTESIAN_POINT('',(-1.735310801654,-19.81521135685));
#693 = CARTESIAN_POINT('',(-1.72313492238,-19.92311739591));
#694 = CARTESIAN_POINT('',(-1.708915717606,-20.02390775775));
#695 = CARTESIAN_POINT('',(-1.692687616403,-20.11539702864));
#696 = CARTESIAN_POINT('',(-1.674521965522,-20.19518775214));
#697 = CARTESIAN_POINT('',(-1.654535004699,-20.26061654769));
#698 = CARTESIAN_POINT('',(-1.611930118743,-20.35525937188));
#699 = CARTESIAN_POINT('',(-1.589670627991,-20.38491205378));
#700 = CARTESIAN_POINT('',(-1.566698707174,-20.39482103258));
#701 = CARTESIAN_POINT('',(-1.543653111966,-20.38383305799));
#702 = CARTESIAN_POINT('',(-1.521183731978,-20.35234277521));
#703 = CARTESIAN_POINT('',(-1.49990899783,-20.30226725424));
#704 = CARTESIAN_POINT('',(-1.480369107437,-20.23706693308));
#705 = CARTESIAN_POINT('',(-1.439146673602,-20.05890821102));
#706 = CARTESIAN_POINT('',(-1.418768220939,-19.93486915823));
#707 = CARTESIAN_POINT('',(-1.401886315404,-19.79571320124));
#708 = CARTESIAN_POINT('',(-1.388476676317,-19.64586464957));
#709 = CARTESIAN_POINT('',(-1.378486231717,-19.48878123326));
#710 = CARTESIAN_POINT('',(-1.371857722786,-19.32725703494));
#711 = CARTESIAN_POINT('',(-1.368544349945,-19.16361251052));
#712 = CARTESIAN_POINT('',(-1.368544349945,-19.));
#713 = ( GEOMETRIC_REPRESENTATION_CONTEXT(2) 
PARAMETRIC_REPRESENTATION_CONTEXT() REPRESENTATION_CONTEXT('2D SPACE',''
  ) );
#714 = PCURVE('',#715,#720);
#715 = CYLINDRICAL_SURFACE('',#716,1.376);
#716 = AXIS2_PLACEMENT_3D('',#717,#718,#719);
#717 = CARTESIAN_POINT('',(68.,16.,222.));
#718 = DIRECTION('',(0.,6.123233995737E-17,1.));
#719 = DIRECTION('',(0.,1.,-6.123233995737E-17));
#720 = DEFINITIONAL_REPRESENTATION('',(#721),#773);
#721 = B_SPLINE_CURVE_WITH_KNOTS('',8,(#722,#723,#724,#725,#726,#727,
    #728,#729,#730,#731,#732,#733,#734,#735,#736,#737,#738,#739,#740,
    #741,#742,#743,#744,#745,#746,#747,#748,#749,#750,#751,#752,#753,
    #754,#755,#756,#757,#758,#759,#760,#761,#762,#763,#764,#765,#766,
    #767,#768,#769,#770,#771,#772),.UNSPECIFIED.,.F.,.F.,(9,7,7,7,7,7,7,
    9),(0.,0.15175639548,0.287005515821,0.424110887252,0.576725014903,
    0.705132695092,0.829713548038,1.),.UNSPECIFIED.);
#722 = CARTESIAN_POINT('',(0.,4.710374356174));
#723 = CARTESIAN_POINT('',(0.105318592668,4.710374356174));
#724 = CARTESIAN_POINT('',(0.210623250471,4.713950940102));
#725 = CARTESIAN_POINT('',(0.316609917945,4.721103660714));
#726 = CARTESIAN_POINT('',(0.423892816807,4.731610688229));
#727 = CARTESIAN_POINT('',(0.533106681129,4.745018087525));
#728 = CARTESIAN_POINT('',(0.644925766391,4.760588017451));
#729 = CARTESIAN_POINT('',(0.760104662769,4.777251938749));
#730 = CARTESIAN_POINT('',(0.986184141579,4.808198015382));
#731 = CARTESIAN_POINT('',(1.09914686358,4.822947211735));
#732 = CARTESIAN_POINT('',(1.216207695116,4.836391521849));
#733 = CARTESIAN_POINT('',(1.335921126657,4.84682207701));
#734 = CARTESIAN_POINT('',(1.457258577189,4.852767895948));
#735 = CARTESIAN_POINT('',(1.579344182124,4.853577048188));
#736 = CARTESIAN_POINT('',(1.701334377,4.849499453711));
#737 = CARTESIAN_POINT('',(1.944570896678,4.833284612387));
#738 = CARTESIAN_POINT('',(2.062430883277,4.82126084321));
#739 = CARTESIAN_POINT('',(2.176455133083,4.806599288288));
#740 = CARTESIAN_POINT('',(2.287127210953,4.79065975918));
#741 = CARTESIAN_POINT('',(2.394797018179,4.774710154412));
#742 = CARTESIAN_POINT('',(2.499713329195,4.759799993234));
#743 = CARTESIAN_POINT('',(2.602018561624,4.746703720244));
#744 = CARTESIAN_POINT('',(2.812804210296,4.723877590373));
#745 = CARTESIAN_POINT('',(2.92289773438,4.714455552354));
#746 = CARTESIAN_POINT('',(3.032391140685,4.708445325078));
#747 = CARTESIAN_POINT('',(3.14159265359,4.706380053199));
#748 = CARTESIAN_POINT('',(3.250794166496,4.708445325078));
#749 = CARTESIAN_POINT('',(3.360287572799,4.714455552354));
#750 = CARTESIAN_POINT('',(3.470381096882,4.723877590373));
#751 = CARTESIAN_POINT('',(3.674838733476,4.746018455253));
#752 = CARTESIAN_POINT('',(3.770310922906,4.75812694855));
#753 = CARTESIAN_POINT('',(3.867971014081,4.771829645373));
#754 = CARTESIAN_POINT('',(3.968003830454,4.78651952576));
#755 = CARTESIAN_POINT('',(4.070662669079,4.801386385121));
#756 = CARTESIAN_POINT('',(4.176272340989,4.815442615038));
#757 = CARTESIAN_POINT('',(4.285256092033,4.827595114932));
#758 = CARTESIAN_POINT('',(4.507836479139,4.845711027046));
#759 = CARTESIAN_POINT('',(4.619828464274,4.851735966814));
#760 = CARTESIAN_POINT('',(4.732874763605,4.853888309956));
#761 = CARTESIAN_POINT('',(4.845976602382,4.851602153446));
#762 = CARTESIAN_POINT('',(4.958215293193,4.845044753895));
#763 = CARTESIAN_POINT('',(5.068583750471,4.835091265924));
#764 = CARTESIAN_POINT('',(5.175784317355,4.823046069024));
#765 = CARTESIAN_POINT('',(5.417421758163,4.79265286461));
#766 = CARTESIAN_POINT('',(5.550589879967,4.773216378375));
#767 = CARTESIAN_POINT('',(5.678934290597,4.754188266177));
#768 = CARTESIAN_POINT('',(5.803557329514,4.73738739769));
#769 = CARTESIAN_POINT('',(5.925402821966,4.724055738416));
#770 = CARTESIAN_POINT('',(6.04535387963,4.714933079794));
#771 = CARTESIAN_POINT('',(6.164280866388,4.710374356174));
#772 = CARTESIAN_POINT('',(6.28318530718,4.710374356174));
#773 = ( GEOMETRIC_REPRESENTATION_CONTEXT(2) 
PARAMETRIC_REPRESENTATION_CONTEXT() REPRESENTATION_CONTEXT('2D SPACE',''
  ) );
#774 = FACE_BOUND('',#775,.T.);
#775 = EDGE_LOOP('',(#776));
#776 = ORIENTED_EDGE('',*,*,#777,.T.);
#777 = EDGE_CURVE('',#778,#778,#780,.T.);
#778 = VERTEX_POINT('',#779);
#779 = CARTESIAN_POINT('',(68.,10.87664533865,215.4531618663));
#780 = SURFACE_CURVE('',#781,(#833,#888),.PCURVE_S1.);
#781 = B_SPLINE_CURVE_WITH_KNOTS('',8,(#782,#783,#784,#785,#786,#787,
    #788,#789,#790,#791,#792,#793,#794,#795,#796,#797,#798,#799,#800,
    #801,#802,#803,#804,#805,#806,#807,#808,#809,#810,#811,#812,#813,
    #814,#815,#816,#817,#818,#819,#820,#821,#822,#823,#824,#825,#826,
    #827,#828,#829,#830,#831,#832),.UNSPECIFIED.,.T.,.F.,(9,7,7,7,7,7,7,
    9),(0.,0.15175639548,0.287005515822,0.424110887253,0.576725014902,
    0.705132695091,0.829713548038,1.),.UNSPECIFIED.);
#782 = CARTESIAN_POINT('',(68.,10.87664533865,215.4531618663));
#783 = CARTESIAN_POINT('',(68.144918383511,10.87664533865,215.4531618663
    ));
#784 = CARTESIAN_POINT('',(68.289818109965,10.864826651645,
    215.46647926482));
#785 = CARTESIAN_POINT('',(68.433204533969,10.841192337158,
    215.49310965708));
#786 = CARTESIAN_POINT('',(68.573482044732,10.805826273367,
    215.5333514214));
#787 = CARTESIAN_POINT('',(68.70882455997,10.758944189949,
    215.58773877326));
#788 = CARTESIAN_POINT('',(68.837039885976,10.7009728203,215.65700827102
    ));
#789 = CARTESIAN_POINT('',(68.955377113871,10.632645758105,
    215.74202637168));
#790 = CARTESIAN_POINT('',(69.153670387007,10.485997973742,
    215.93413563175));
#791 = CARTESIAN_POINT('',(69.238996479718,10.407653177855,
    216.04033440603));
#792 = CARTESIAN_POINT('',(69.309644133348,10.322351948802,
    216.16119184847));
#793 = CARTESIAN_POINT('',(69.360781087541,10.233350393937,
    216.29448595312));
#794 = CARTESIAN_POINT('',(69.389265650324,10.144240090563,
    216.43693788817));
#795 = CARTESIAN_POINT('',(69.393625651367,10.058167091341,
    216.5844023915));
#796 = CARTESIAN_POINT('',(69.374104221443,9.977553072512,
    216.73218515687));
#797 = CARTESIAN_POINT('',(69.29086934486,9.829506316591,217.02103934267
    ));
#798 = CARTESIAN_POINT('',(69.227701240209,9.764311147643,
    217.15800822605));
#799 = CARTESIAN_POINT('',(69.146957144054,9.70836643809,217.28423041525
    ));
#800 = CARTESIAN_POINT('',(69.051920391096,9.661098947138,
    217.39797916934));
#801 = CARTESIAN_POINT('',(68.945597033396,9.621759938986,
    217.49801553972));
#802 = CARTESIAN_POINT('',(68.830779178417,9.589589321227,
    217.58355700654));
#803 = CARTESIAN_POINT('',(68.710066642131,9.563882883811,
    217.65427440821));
#804 = CARTESIAN_POINT('',(68.447629651439,9.521904155205,
    217.77263595874));
#805 = CARTESIAN_POINT('',(68.302304312205,9.506584862474,
    217.81801382812));
#806 = CARTESIAN_POINT('',(68.152311054816,9.497608362156,217.8455820373
    ));
#807 = CARTESIAN_POINT('',(67.999999999999,9.494654522507,217.8548287814
    ));
#808 = CARTESIAN_POINT('',(67.847688945183,9.497608362156,217.8455820373
    ));
#809 = CARTESIAN_POINT('',(67.697695687796,9.506584862474,
    217.81801382812));
#810 = CARTESIAN_POINT('',(67.552370348563,9.521904155204,
    217.77263595874));
#811 = CARTESIAN_POINT('',(67.297811998838,9.562622637189,
    217.65782774937));
#812 = CARTESIAN_POINT('',(67.184788643145,9.586313145323,
    217.59257759903));
#813 = CARTESIAN_POINT('',(67.076882604085,9.615585953369,
    217.51447021457));
#814 = CARTESIAN_POINT('',(66.976092242244,9.651017540707,
    217.42372114433));
#815 = CARTESIAN_POINT('',(66.884602971351,9.69324405559,217.32084895641
    ));
#816 = CARTESIAN_POINT('',(66.804812247856,9.742918453072,217.2066979163
    ));
#817 = CARTESIAN_POINT('',(66.739383452301,9.800603812967,
    217.08247894232));
#818 = CARTESIAN_POINT('',(66.644740628112,9.930555303822,
    216.82116453341));
#819 = CARTESIAN_POINT('',(66.615087946211,10.001536133772,
    216.68617225004));
#820 = CARTESIAN_POINT('',(66.605178967417,10.07838823629,
    216.54875581753));
#821 = CARTESIAN_POINT('',(66.616166942009,10.159352710945,
    216.41309354684));
#822 = CARTESIAN_POINT('',(66.64765722479,10.241973670907,
    216.28310464551));
#823 = CARTESIAN_POINT('',(66.697732745755,10.323318248011,
    216.16211868099));
#824 = CARTESIAN_POINT('',(66.762933066913,10.400412991899,
    216.05267706138));
#825 = CARTESIAN_POINT('',(66.941091788979,10.567100891539,
    215.82475155903));
#826 = CARTESIAN_POINT('',(67.065130841761,10.653085400173,
    215.71469499388));
#827 = CARTESIAN_POINT('',(67.204286798759,10.726621306184,
    215.62538329288));
#828 = CARTESIAN_POINT('',(67.354135350426,10.786332466491,
    215.55556226643));
#829 = CARTESIAN_POINT('',(67.511218766736,10.831439933853,
    215.5040971597));
#830 = CARTESIAN_POINT('',(67.672742965059,10.861580420928,
    215.47013762197));
#831 = CARTESIAN_POINT('',(67.836387489471,10.87664533865,215.4531618663
    ));
#832 = CARTESIAN_POINT('',(68.,10.87664533865,215.4531618663));
#833 = PCURVE('',#196,#834);
#834 = DEFINITIONAL_REPRESENTATION('',(#835),#887);
#835 = B_SPLINE_CURVE_WITH_KNOTS('',8,(#836,#837,#838,#839,#840,#841,
    #842,#843,#844,#845,#846,#847,#848,#849,#850,#851,#852,#853,#854,
    #855,#856,#857,#858,#859,#860,#861,#862,#863,#864,#865,#866,#867,
    #868,#869,#870,#871,#872,#873,#874,#875,#876,#877,#878,#879,#880,
    #881,#882,#883,#884,#885,#886),.UNSPECIFIED.,.T.,.F.,(9,7,7,7,7,7,7,
    9),(0.,0.15175639548,0.287005515822,0.424110887253,0.576725014902,
    0.705132695091,0.829713548038,1.),.UNSPECIFIED.);
#836 = CARTESIAN_POINT('',(-3.867443406038,-19.));
#837 = CARTESIAN_POINT('',(-3.867443406038,-19.14491838351));
#838 = CARTESIAN_POINT('',(-3.864844064049,-19.28981810996));
#839 = CARTESIAN_POINT('',(-3.859646183085,-19.43320453396));
#840 = CARTESIAN_POINT('',(-3.85182525345,-19.57348204473));
#841 = CARTESIAN_POINT('',(-3.841343901009,-19.70882455997));
#842 = CARTESIAN_POINT('',(-3.828160830796,-19.83703988597));
#843 = CARTESIAN_POINT('',(-3.812242910728,-19.95537711387));
#844 = CARTESIAN_POINT('',(-3.776960458804,-20.153670387));
#845 = CARTESIAN_POINT('',(-3.757697362698,-20.23899647971));
#846 = CARTESIAN_POINT('',(-3.736110002077,-20.30964413334));
#847 = CARTESIAN_POINT('',(-3.712728588141,-20.36078108754));
#848 = CARTESIAN_POINT('',(-3.68822172629,-20.38926565032));
#849 = CARTESIAN_POINT('',(-3.663312610557,-20.39362565136));
#850 = CARTESIAN_POINT('',(-3.638745584916,-20.37410422144));
#851 = CARTESIAN_POINT('',(-3.5913611022,-20.29086934486));
#852 = CARTESIAN_POINT('',(-3.56922564509,-20.2277012402));
#853 = CARTESIAN_POINT('',(-3.549081549168,-20.14695714405));
#854 = CARTESIAN_POINT('',(-3.531107041902,-20.05192039109));
#855 = CARTESIAN_POINT('',(-3.515418239756,-19.94559703339));
#856 = CARTESIAN_POINT('',(-3.502077957137,-19.83077917841));
#857 = CARTESIAN_POINT('',(-3.491093644073,-19.71006664213));
#858 = CARTESIAN_POINT('',(-3.472760022053,-19.44762965143));
#859 = CARTESIAN_POINT('',(-3.465769025819,-19.3023043122));
#860 = CARTESIAN_POINT('',(-3.461536514233,-19.15231105481));
#861 = CARTESIAN_POINT('',(-3.460119277595,-18.99999999999));
#862 = CARTESIAN_POINT('',(-3.461536514233,-18.84768894518));
#863 = CARTESIAN_POINT('',(-3.465769025819,-18.69769568779));
#864 = CARTESIAN_POINT('',(-3.472760022053,-18.55237034856));
#865 = CARTESIAN_POINT('',(-3.490543249004,-18.29781199883));
#866 = CARTESIAN_POINT('',(-3.500676954329,-18.18478864314));
#867 = CARTESIAN_POINT('',(-3.512852833603,-18.07688260408));
#868 = CARTESIAN_POINT('',(-3.527072038377,-17.97609224224));
#869 = CARTESIAN_POINT('',(-3.54330013958,-17.88460297135));
#870 = CARTESIAN_POINT('',(-3.561465790461,-17.80481224785));
#871 = CARTESIAN_POINT('',(-3.581452751284,-17.7393834523));
#872 = CARTESIAN_POINT('',(-3.62405763724,-17.64474062811));
#873 = CARTESIAN_POINT('',(-3.646317127992,-17.61508794621));
#874 = CARTESIAN_POINT('',(-3.669289048809,-17.60517896741));
#875 = CARTESIAN_POINT('',(-3.692334644017,-17.616166942));
#876 = CARTESIAN_POINT('',(-3.714804024005,-17.64765722479));
#877 = CARTESIAN_POINT('',(-3.736078758153,-17.69773274575));
#878 = CARTESIAN_POINT('',(-3.755618648546,-17.76293306691));
#879 = CARTESIAN_POINT('',(-3.796841082381,-17.94109178897));
#880 = CARTESIAN_POINT('',(-3.817219535044,-18.06513084176));
#881 = CARTESIAN_POINT('',(-3.834101440579,-18.20428679875));
#882 = CARTESIAN_POINT('',(-3.847511079666,-18.35413535042));
#883 = CARTESIAN_POINT('',(-3.857501524266,-18.51121876673));
#884 = CARTESIAN_POINT('',(-3.864130033197,-18.67274296505));
#885 = CARTESIAN_POINT('',(-3.867443406038,-18.83638748947));
#886 = CARTESIAN_POINT('',(-3.867443406038,-19.));
#887 = ( GEOMETRIC_REPRESENTATION_CONTEXT(2) 
PARAMETRIC_REPRESENTATION_CONTEXT() REPRESENTATION_CONTEXT('2D SPACE',''
  ) );
#888 = PCURVE('',#889,#894);
#889 = CYLINDRICAL_SURFACE('',#890,1.376);
#890 = AXIS2_PLACEMENT_3D('',#891,#892,#893);
#891 = CARTESIAN_POINT('',(68.,14.267949192431,219.));
#892 = DIRECTION('',(0.,-0.866025403784,-0.5));
#893 = DIRECTION('',(0.,0.5,-0.866025403784));
#894 = DEFINITIONAL_REPRESENTATION('',(#895),#947);
#895 = B_SPLINE_CURVE_WITH_KNOTS('',8,(#896,#897,#898,#899,#900,#901,
    #902,#903,#904,#905,#906,#907,#908,#909,#910,#911,#912,#913,#914,
    #915,#916,#917,#918,#919,#920,#921,#922,#923,#924,#925,#926,#927,
    #928,#929,#930,#931,#932,#933,#934,#935,#936,#937,#938,#939,#940,
    #941,#942,#943,#944,#945,#946),.UNSPECIFIED.,.F.,.F.,(9,7,7,7,7,7,7,
    9),(0.,0.15175639548,0.287005515822,0.424110887253,0.576725014902,
    0.705132695091,0.829713548038,1.),.UNSPECIFIED.);
#896 = CARTESIAN_POINT('',(0.,4.710374356174));
#897 = CARTESIAN_POINT('',(0.105318592668,4.710374356174));
#898 = CARTESIAN_POINT('',(0.210623250471,4.713950940102));
#899 = CARTESIAN_POINT('',(0.316609917945,4.721103660714));
#900 = CARTESIAN_POINT('',(0.423892816807,4.731610688229));
#901 = CARTESIAN_POINT('',(0.533106681129,4.745018087525));
#902 = CARTESIAN_POINT('',(0.644925766391,4.760588017451));
#903 = CARTESIAN_POINT('',(0.760104662769,4.777251938749));
#904 = CARTESIAN_POINT('',(0.986184141579,4.808198015382));
#905 = CARTESIAN_POINT('',(1.09914686358,4.822947211735));
#906 = CARTESIAN_POINT('',(1.216207695116,4.836391521849));
#907 = CARTESIAN_POINT('',(1.335921126657,4.84682207701));
#908 = CARTESIAN_POINT('',(1.457258577189,4.852767895948));
#909 = CARTESIAN_POINT('',(1.579344182124,4.853577048188));
#910 = CARTESIAN_POINT('',(1.701334377,4.849499453711));
#911 = CARTESIAN_POINT('',(1.944570896678,4.833284612387));
#912 = CARTESIAN_POINT('',(2.062430883277,4.82126084321));
#913 = CARTESIAN_POINT('',(2.176455133083,4.806599288288));
#914 = CARTESIAN_POINT('',(2.287127210953,4.79065975918));
#915 = CARTESIAN_POINT('',(2.394797018179,4.774710154412));
#916 = CARTESIAN_POINT('',(2.499713329195,4.759799993234));
#917 = CARTESIAN_POINT('',(2.602018561624,4.746703720244));
#918 = CARTESIAN_POINT('',(2.812804210295,4.723877590373));
#919 = CARTESIAN_POINT('',(2.922897734378,4.714455552354));
#920 = CARTESIAN_POINT('',(3.032391140683,4.708445325078));
#921 = CARTESIAN_POINT('',(3.14159265359,4.706380053199));
#922 = CARTESIAN_POINT('',(3.250794166497,4.708445325078));
#923 = CARTESIAN_POINT('',(3.360287572801,4.714455552354));
#924 = CARTESIAN_POINT('',(3.470381096884,4.723877590373));
#925 = CARTESIAN_POINT('',(3.674838733476,4.746018455253));
#926 = CARTESIAN_POINT('',(3.770310922907,4.75812694855));
#927 = CARTESIAN_POINT('',(3.86797101408,4.771829645373));
#928 = CARTESIAN_POINT('',(3.968003830454,4.78651952576));
#929 = CARTESIAN_POINT('',(4.070662669079,4.801386385121));
#930 = CARTESIAN_POINT('',(4.176272340989,4.815442615038));
#931 = CARTESIAN_POINT('',(4.285256092033,4.827595114932));
#932 = CARTESIAN_POINT('',(4.507836479139,4.845711027046));
#933 = CARTESIAN_POINT('',(4.619828464274,4.851735966814));
#934 = CARTESIAN_POINT('',(4.732874763605,4.853888309956));
#935 = CARTESIAN_POINT('',(4.845976602382,4.851602153446));
#936 = CARTESIAN_POINT('',(4.958215293193,4.845044753895));
#937 = CARTESIAN_POINT('',(5.068583750471,4.835091265924));
#938 = CARTESIAN_POINT('',(5.175784317355,4.823046069024));
#939 = CARTESIAN_POINT('',(5.417421758163,4.79265286461));
#940 = CARTESIAN_POINT('',(5.550589879967,4.773216378375));
#941 = CARTESIAN_POINT('',(5.678934290597,4.754188266177));
#942 = CARTESIAN_POINT('',(5.803557329514,4.73738739769));
#943 = CARTESIAN_POINT('',(5.925402821966,4.724055738416));
#944 = CARTESIAN_POINT('',(6.04535387963,4.714933079794));
#945 = CARTESIAN_POINT('',(6.164280866388,4.710374356174));
#946 = CARTESIAN_POINT('',(6.28318530718,4.710374356174));
#947 = ( GEOMETRIC_REPRESENTATION_CONTEXT(2) 
PARAMETRIC_REPRESENTATION_CONTEXT() REPRESENTATION_CONTEXT('2D SPACE',''
  ) );
#948 = FACE_BOUND('',#949,.T.);
#949 = EDGE_LOOP('',(#950));
#950 = ORIENTED_EDGE('',*,*,#951,.T.);
#951 = EDGE_CURVE('',#952,#952,#954,.T.);
#952 = VERTEX_POINT('',#953);
#953 = CARTESIAN_POINT('',(68.,22.49935466135,217.83646377752));
#954 = SURFACE_CURVE('',#955,(#1007,#1062),.PCURVE_S1.);
#955 = B_SPLINE_CURVE_WITH_KNOTS('',8,(#956,#957,#958,#959,#960,#961,
    #962,#963,#964,#965,#966,#967,#968,#969,#970,#971,#972,#973,#974,
    #975,#976,#977,#978,#979,#980,#981,#982,#983,#984,#985,#986,#987,
    #988,#989,#990,#991,#992,#993,#994,#995,#996,#997,#998,#999,#1000,
    #1001,#1002,#1003,#1004,#1005,#1006),.UNSPECIFIED.,.T.,.F.,(9,7,7,7,
    7,7,7,9),(0.,0.151756395479,0.287005515819,0.424110887249,
    0.5767250149,0.70513269509,0.829713548037,1.),.UNSPECIFIED.);
#956 = CARTESIAN_POINT('',(68.,22.49935466135,217.83646377752));
#957 = CARTESIAN_POINT('',(68.144918383511,22.49935466135,
    217.83646377752));
#958 = CARTESIAN_POINT('',(68.289818109965,22.493730799426,
    217.81956979507));
#959 = CARTESIAN_POINT('',(68.433204533969,22.482485360452,
    217.78578668219));
#960 = CARTESIAN_POINT('',(68.573482044732,22.465318002153,
    217.73503789036));
#961 = CARTESIAN_POINT('',(68.70882455997,22.441658215513,
    217.66724313921));
#962 = CARTESIAN_POINT('',(68.837039885976,22.410654755567,
    217.58240371152));
#963 = CARTESIAN_POINT('',(68.955377113871,22.371190451714,
    217.48072168956));
#964 = CARTESIAN_POINT('',(69.153670387007,22.278142844373,
    217.25766635286));
#965 = CARTESIAN_POINT('',(69.238996479718,22.22534440594,
    217.13671838223));
#966 = CARTESIAN_POINT('',(69.309644133347,22.163329405077,
    217.00241662968));
#967 = CARTESIAN_POINT('',(69.360781087541,22.092394101702,
    216.85869196986));
#968 = CARTESIAN_POINT('',(69.389265650323,22.013582258823,
    216.71029421588));
#969 = CARTESIAN_POINT('',(69.393625651367,21.92891075239,216.5620205603
    ));
#970 = CARTESIAN_POINT('',(69.374104221443,21.841234132756,
    216.41831538941));
#971 = CARTESIAN_POINT('',(69.29086934486,21.665102447824,
    216.14567604494));
#972 = CARTESIAN_POINT('',(69.227701240209,21.579081499762,
    216.02073093073));
#973 = CARTESIAN_POINT('',(69.146957144055,21.497742232166,
    215.90917029645));
#974 = CARTESIAN_POINT('',(69.051920391096,21.422866666951,
    215.81136107147));
#975 = CARTESIAN_POINT('',(68.945597033396,21.35590213298,
    215.72727430586));
#976 = CARTESIAN_POINT('',(68.830779178417,21.297906358512,
    215.65664300021));
#977 = CARTESIAN_POINT('',(68.710066642131,21.249516510887,
    215.59902187154));
#978 = CARTESIAN_POINT('',(68.447629651436,21.168001765604,
    215.50348645088));
#979 = CARTESIAN_POINT('',(68.302304312201,21.136363024313,
    215.46753061952));
#980 = CARTESIAN_POINT('',(68.152311054814,21.116976504989,
    215.44597263762));
#981 = CARTESIAN_POINT('',(68.,21.110445509515,215.43879116539));
#982 = CARTESIAN_POINT('',(67.847688945186,21.116976504989,
    215.44597263762));
#983 = CARTESIAN_POINT('',(67.697695687799,21.136363024313,
    215.46753061952));
#984 = CARTESIAN_POINT('',(67.552370348564,21.168001765604,
    215.50348645088));
#985 = CARTESIAN_POINT('',(67.297811998838,21.247069350485,
    215.59615379537));
#986 = CARTESIAN_POINT('',(67.184788643145,21.291732384213,
    215.64929545241));
#987 = CARTESIAN_POINT('',(67.076882604085,21.344738959357,
    215.71370014005));
#988 = CARTESIAN_POINT('',(66.976092242245,21.405614165881,
    215.7897593299));
#989 = CARTESIAN_POINT('',(66.884602971351,21.473590836526,
    215.87776465846));
#990 = CARTESIAN_POINT('',(66.804812247856,21.547611338387,
    215.97785946865));
#991 = CARTESIAN_POINT('',(66.739383452301,21.626345445538,
    216.08992594274));
#992 = CARTESIAN_POINT('',(66.644740628112,21.7876746166,216.33312443953
    ));
#993 = CARTESIAN_POINT('',(66.615087946211,21.869090948342,
    216.46209178314));
#994 = CARTESIAN_POINT('',(66.605178967417,21.949671018536,
    216.59735587251));
#995 = CARTESIAN_POINT('',(66.616166942009,22.026675753961,
    216.73530429971));
#996 = CARTESIAN_POINT('',(66.64765722479,22.097938964735,
    216.87185060058));
#997 = CARTESIAN_POINT('',(66.697732745755,22.162043594961,
    217.00279005307));
#998 = CARTESIAN_POINT('',(66.762933066913,22.218275445831,
    217.12427686959));
#999 = CARTESIAN_POINT('',(66.941091788979,22.332320771221,
    217.38259557635));
#1000 = CARTESIAN_POINT('',(67.065130841761,22.384640298177,
    217.51208862774));
#1001 = CARTESIAN_POINT('',(67.204286798759,22.425218547088,
    217.62042844093));
#1002 = CARTESIAN_POINT('',(67.354135350426,22.455829749564,
    217.70705033588));
#1003 = CARTESIAN_POINT('',(67.511218766736,22.477846105715,
    217.77184710187));
#1004 = CARTESIAN_POINT('',(67.672742965059,22.492185684557,
    217.81492929823));
#1005 = CARTESIAN_POINT('',(67.836387489471,22.49935466135,
    217.83646377752));
#1006 = CARTESIAN_POINT('',(68.,22.49935466135,217.83646377752));
#1007 = PCURVE('',#196,#1008);
#1008 = DEFINITIONAL_REPRESENTATION('',(#1009),#1061);
#1009 = B_SPLINE_CURVE_WITH_KNOTS('',8,(#1010,#1011,#1012,#1013,#1014,
    #1015,#1016,#1017,#1018,#1019,#1020,#1021,#1022,#1023,#1024,#1025,
    #1026,#1027,#1028,#1029,#1030,#1031,#1032,#1033,#1034,#1035,#1036,
    #1037,#1038,#1039,#1040,#1041,#1042,#1043,#1044,#1045,#1046,#1047,
    #1048,#1049,#1050,#1051,#1052,#1053,#1054,#1055,#1056,#1057,#1058,
    #1059,#1060),.UNSPECIFIED.,.T.,.F.,(9,7,7,7,7,7,7,9),(0.,
    0.151756395479,0.287005515819,0.424110887249,0.5767250149,
    0.70513269509,0.829713548037,1.),.UNSPECIFIED.);
#1010 = CARTESIAN_POINT('',(-5.961838508431,-19.));
#1011 = CARTESIAN_POINT('',(-5.961838508431,-19.14491838351));
#1012 = CARTESIAN_POINT('',(-5.959239166443,-19.28981810996));
#1013 = CARTESIAN_POINT('',(-5.954041285479,-19.43320453396));
#1014 = CARTESIAN_POINT('',(-5.946220355843,-19.57348204473));
#1015 = CARTESIAN_POINT('',(-5.935739003403,-19.70882455997));
#1016 = CARTESIAN_POINT('',(-5.922555933189,-19.83703988597));
#1017 = CARTESIAN_POINT('',(-5.906638013121,-19.95537711387));
#1018 = CARTESIAN_POINT('',(-5.871355561197,-20.153670387));
#1019 = CARTESIAN_POINT('',(-5.852092465091,-20.23899647971));
#1020 = CARTESIAN_POINT('',(-5.83050510447,-20.30964413334));
#1021 = CARTESIAN_POINT('',(-5.807123690533,-20.36078108754));
#1022 = CARTESIAN_POINT('',(-5.782616828684,-20.38926565032));
#1023 = CARTESIAN_POINT('',(-5.75770771295,-20.39362565136));
#1024 = CARTESIAN_POINT('',(-5.733140687309,-20.37410422144));
#1025 = CARTESIAN_POINT('',(-5.685756204593,-20.29086934486));
#1026 = CARTESIAN_POINT('',(-5.663620747483,-20.2277012402));
#1027 = CARTESIAN_POINT('',(-5.643476651562,-20.14695714405));
#1028 = CARTESIAN_POINT('',(-5.625502144296,-20.05192039109));
#1029 = CARTESIAN_POINT('',(-5.609813342149,-19.94559703339));
#1030 = CARTESIAN_POINT('',(-5.59647305953,-19.83077917841));
#1031 = CARTESIAN_POINT('',(-5.585488746466,-19.71006664213));
#1032 = CARTESIAN_POINT('',(-5.567155124446,-19.44762965143));
#1033 = CARTESIAN_POINT('',(-5.560164128212,-19.3023043122));
#1034 = CARTESIAN_POINT('',(-5.555931616626,-19.15231105481));
#1035 = CARTESIAN_POINT('',(-5.554514379988,-19.));
#1036 = CARTESIAN_POINT('',(-5.555931616626,-18.84768894518));
#1037 = CARTESIAN_POINT('',(-5.560164128212,-18.69769568779));
#1038 = CARTESIAN_POINT('',(-5.567155124446,-18.55237034856));
#1039 = CARTESIAN_POINT('',(-5.584938351397,-18.29781199883));
#1040 = CARTESIAN_POINT('',(-5.595072056722,-18.18478864314));
#1041 = CARTESIAN_POINT('',(-5.607247935996,-18.07688260408));
#1042 = CARTESIAN_POINT('',(-5.62146714077,-17.97609224224));
#1043 = CARTESIAN_POINT('',(-5.637695241973,-17.88460297135));
#1044 = CARTESIAN_POINT('',(-5.655860892854,-17.80481224785));
#1045 = CARTESIAN_POINT('',(-5.675847853677,-17.7393834523));
#1046 = CARTESIAN_POINT('',(-5.718452739633,-17.64474062811));
#1047 = CARTESIAN_POINT('',(-5.740712230385,-17.61508794621));
#1048 = CARTESIAN_POINT('',(-5.763684151202,-17.60517896741));
#1049 = CARTESIAN_POINT('',(-5.78672974641,-17.616166942));
#1050 = CARTESIAN_POINT('',(-5.809199126398,-17.64765722479));
#1051 = CARTESIAN_POINT('',(-5.830473860546,-17.69773274575));
#1052 = CARTESIAN_POINT('',(-5.850013750939,-17.76293306691));
#1053 = CARTESIAN_POINT('',(-5.891236184775,-17.94109178897));
#1054 = CARTESIAN_POINT('',(-5.911614637437,-18.06513084176));
#1055 = CARTESIAN_POINT('',(-5.928496542972,-18.20428679875));
#1056 = CARTESIAN_POINT('',(-5.941906182059,-18.35413535042));
#1057 = CARTESIAN_POINT('',(-5.951896626659,-18.51121876673));
#1058 = CARTESIAN_POINT('',(-5.95852513559,-18.67274296506));
#1059 = CARTESIAN_POINT('',(-5.961838508431,-18.83638748947));
#1060 = CARTESIAN_POINT('',(-5.961838508431,-19.));
#1061 = ( GEOMETRIC_REPRESENTATION_CONTEXT(2) 
PARAMETRIC_REPRESENTATION_CONTEXT() REPRESENTATION_CONTEXT('2D SPACE',''
  ) );
#1062 = PCURVE('',#1063,#1068);
#1063 = CYLINDRICAL_SURFACE('',#1064,1.376);
#1064 = AXIS2_PLACEMENT_3D('',#1065,#1066,#1067);
#1065 = CARTESIAN_POINT('',(68.,17.732050807569,219.));
#1066 = DIRECTION('',(0.,0.866025403784,-0.5));
#1067 = DIRECTION('',(0.,0.5,0.866025403784));
#1068 = DEFINITIONAL_REPRESENTATION('',(#1069),#1121);
#1069 = B_SPLINE_CURVE_WITH_KNOTS('',8,(#1070,#1071,#1072,#1073,#1074,
    #1075,#1076,#1077,#1078,#1079,#1080,#1081,#1082,#1083,#1084,#1085,
    #1086,#1087,#1088,#1089,#1090,#1091,#1092,#1093,#1094,#1095,#1096,
    #1097,#1098,#1099,#1100,#1101,#1102,#1103,#1104,#1105,#1106,#1107,
    #1108,#1109,#1110,#1111,#1112,#1113,#1114,#1115,#1116,#1117,#1118,
    #1119,#1120),.UNSPECIFIED.,.F.,.F.,(9,7,7,7,7,7,7,9),(0.,
    0.151756395479,0.287005515819,0.424110887249,0.5767250149,
    0.70513269509,0.829713548037,1.),.UNSPECIFIED.);
#1070 = CARTESIAN_POINT('',(0.,4.710374356174));
#1071 = CARTESIAN_POINT('',(0.105318592668,4.710374356174));
#1072 = CARTESIAN_POINT('',(0.210623250471,4.713950940102));
#1073 = CARTESIAN_POINT('',(0.316609917945,4.721103660714));
#1074 = CARTESIAN_POINT('',(0.423892816807,4.731610688229));
#1075 = CARTESIAN_POINT('',(0.533106681129,4.745018087525));
#1076 = CARTESIAN_POINT('',(0.644925766391,4.760588017451));
#1077 = CARTESIAN_POINT('',(0.760104662769,4.777251938749));
#1078 = CARTESIAN_POINT('',(0.986184141579,4.808198015382));
#1079 = CARTESIAN_POINT('',(1.09914686358,4.822947211735));
#1080 = CARTESIAN_POINT('',(1.216207695115,4.836391521849));
#1081 = CARTESIAN_POINT('',(1.335921126659,4.846822077011));
#1082 = CARTESIAN_POINT('',(1.457258577188,4.852767895948));
#1083 = CARTESIAN_POINT('',(1.579344182125,4.853577048188));
#1084 = CARTESIAN_POINT('',(1.701334377,4.849499453711));
#1085 = CARTESIAN_POINT('',(1.944570896678,4.833284612387));
#1086 = CARTESIAN_POINT('',(2.062430883277,4.82126084321));
#1087 = CARTESIAN_POINT('',(2.176455133083,4.806599288288));
#1088 = CARTESIAN_POINT('',(2.287127210953,4.79065975918));
#1089 = CARTESIAN_POINT('',(2.394797018179,4.774710154412));
#1090 = CARTESIAN_POINT('',(2.499713329194,4.759799993234));
#1091 = CARTESIAN_POINT('',(2.602018561624,4.746703720244));
#1092 = CARTESIAN_POINT('',(2.812804210297,4.723877590373));
#1093 = CARTESIAN_POINT('',(2.922897734381,4.714455552354));
#1094 = CARTESIAN_POINT('',(3.032391140685,4.708445325078));
#1095 = CARTESIAN_POINT('',(3.14159265359,4.706380053199));
#1096 = CARTESIAN_POINT('',(3.250794166495,4.708445325078));
#1097 = CARTESIAN_POINT('',(3.360287572799,4.714455552354));
#1098 = CARTESIAN_POINT('',(3.470381096882,4.723877590373));
#1099 = CARTESIAN_POINT('',(3.674838733476,4.746018455253));
#1100 = CARTESIAN_POINT('',(3.770310922906,4.75812694855));
#1101 = CARTESIAN_POINT('',(3.86797101408,4.771829645373));
#1102 = CARTESIAN_POINT('',(3.968003830454,4.78651952576));
#1103 = CARTESIAN_POINT('',(4.070662669079,4.801386385121));
#1104 = CARTESIAN_POINT('',(4.176272340989,4.815442615038));
#1105 = CARTESIAN_POINT('',(4.285256092033,4.827595114932));
#1106 = CARTESIAN_POINT('',(4.507836479139,4.845711027046));
#1107 = CARTESIAN_POINT('',(4.619828464274,4.851735966814));
#1108 = CARTESIAN_POINT('',(4.732874763605,4.853888309956));
#1109 = CARTESIAN_POINT('',(4.845976602382,4.851602153446));
#1110 = CARTESIAN_POINT('',(4.958215293193,4.845044753894));
#1111 = CARTESIAN_POINT('',(5.068583750471,4.835091265924));
#1112 = CARTESIAN_POINT('',(5.175784317355,4.823046069024));
#1113 = CARTESIAN_POINT('',(5.417421758163,4.79265286461));
#1114 = CARTESIAN_POINT('',(5.550589879966,4.773216378376));
#1115 = CARTESIAN_POINT('',(5.678934290598,4.754188266177));
#1116 = CARTESIAN_POINT('',(5.803557329514,4.73738739769));
#1117 = CARTESIAN_POINT('',(5.925402821965,4.724055738416));
#1118 = CARTESIAN_POINT('',(6.04535387963,4.714933079794));
#1119 = CARTESIAN_POINT('',(6.164280866388,4.710374356174));
#1120 = CARTESIAN_POINT('',(6.28318530718,4.710374356174));
#1121 = ( GEOMETRIC_REPRESENTATION_CONTEXT(2) 
PARAMETRIC_REPRESENTATION_CONTEXT() REPRESENTATION_CONTEXT('2D SPACE',''
  ) );
#1122 = ADVANCED_FACE('',(#1123),#251,.T.);
#1123 = FACE_BOUND('',#1124,.T.);
#1124 = EDGE_LOOP('',(#1125,#1126,#1157));
#1125 = ORIENTED_EDGE('',*,*,#315,.F.);
#1126 = ORIENTED_EDGE('',*,*,#1127,.T.);
#1127 = EDGE_CURVE('',#316,#236,#1128,.T.);
#1128 = SURFACE_CURVE('',#1129,(#1134,#1145),.PCURVE_S1.);
#1129 = CIRCLE('',#1130,11.);
#1130 = AXIS2_PLACEMENT_3D('',#1131,#1132,#1133);
#1131 = CARTESIAN_POINT('',(53.,16.,220.));
#1132 = DIRECTION('',(-1.,0.,0.));
#1133 = DIRECTION('',(0.,1.,0.));
#1134 = PCURVE('',#251,#1135);
#1135 = DEFINITIONAL_REPRESENTATION('',(#1136),#1144);
#1136 = ( BOUNDED_CURVE() B_SPLINE_CURVE(2,(#1137,#1138,#1139,#1140,
#1141,#1142,#1143),.UNSPECIFIED.,.T.,.F.) B_SPLINE_CURVE_WITH_KNOTS((1,2
    ,2,2,2,1),(-2.094395102393,0.,2.094395102393,4.188790204786,
6.28318530718,8.377580409573),.UNSPECIFIED.) CURVE() 
GEOMETRIC_REPRESENTATION_ITEM() RATIONAL_B_SPLINE_CURVE((1.,0.5,1.,0.5,
1.,0.5,1.)) REPRESENTATION_ITEM('') );
#1137 = CARTESIAN_POINT('',(23.,-22.));
#1138 = CARTESIAN_POINT('',(3.947441116742,-22.));
#1139 = CARTESIAN_POINT('',(13.473720558371,-5.5));
#1140 = CARTESIAN_POINT('',(23.,11.));
#1141 = CARTESIAN_POINT('',(32.526279441629,-5.5));
#1142 = CARTESIAN_POINT('',(42.052558883258,-22.));
#1143 = CARTESIAN_POINT('',(23.,-22.));
#1144 = ( GEOMETRIC_REPRESENTATION_CONTEXT(2) 
PARAMETRIC_REPRESENTATION_CONTEXT() REPRESENTATION_CONTEXT('2D SPACE',''
  ) );
#1145 = PCURVE('',#1146,#1151);
#1146 = CYLINDRICAL_SURFACE('',#1147,11.);
#1147 = AXIS2_PLACEMENT_3D('',#1148,#1149,#1150);
#1148 = CARTESIAN_POINT('',(50.,16.,220.));
#1149 = DIRECTION('',(-1.,-0.,-0.));
#1150 = DIRECTION('',(0.,1.,0.));
#1151 = DEFINITIONAL_REPRESENTATION('',(#1152),#1156);
#1152 = LINE('',#1153,#1154);
#1153 = CARTESIAN_POINT('',(-6.28318530718,-3.));
#1154 = VECTOR('',#1155,1.);
#1155 = DIRECTION('',(1.,-0.));
#1156 = ( GEOMETRIC_REPRESENTATION_CONTEXT(2) 
PARAMETRIC_REPRESENTATION_CONTEXT() REPRESENTATION_CONTEXT('2D SPACE',''
  ) );
#1157 = ORIENTED_EDGE('',*,*,#235,.F.);
#1158 = ADVANCED_FACE('',(#1159),#279,.T.);
#1159 = FACE_BOUND('',#1160,.T.);
#1160 = EDGE_LOOP('',(#1161,#1187,#1188));
#1161 = ORIENTED_EDGE('',*,*,#1162,.T.);
#1162 = EDGE_CURVE('',#236,#393,#1163,.T.);
#1163 = SURFACE_CURVE('',#1164,(#1169,#1180),.PCURVE_S1.);
#1164 = CIRCLE('',#1165,11.);
#1165 = AXIS2_PLACEMENT_3D('',#1166,#1167,#1168);
#1166 = CARTESIAN_POINT('',(53.,16.,220.));
#1167 = DIRECTION('',(-1.,0.,0.));
#1168 = DIRECTION('',(0.,1.,0.));
#1169 = PCURVE('',#279,#1170);
#1170 = DEFINITIONAL_REPRESENTATION('',(#1171),#1179);
#1171 = ( BOUNDED_CURVE() B_SPLINE_CURVE(2,(#1172,#1173,#1174,#1175,
#1176,#1177,#1178),.UNSPECIFIED.,.T.,.F.) B_SPLINE_CURVE_WITH_KNOTS((1,2
    ,2,2,2,1),(-2.094395102393,0.,2.094395102393,4.188790204786,
6.28318530718,8.377580409573),.UNSPECIFIED.) CURVE() 
GEOMETRIC_REPRESENTATION_ITEM() RATIONAL_B_SPLINE_CURVE((1.,0.5,1.,0.5,
1.,0.5,1.)) REPRESENTATION_ITEM('') );
#1172 = CARTESIAN_POINT('',(23.,-22.));
#1173 = CARTESIAN_POINT('',(3.947441116742,-22.));
#1174 = CARTESIAN_POINT('',(13.473720558371,-5.5));
#1175 = CARTESIAN_POINT('',(23.,11.));
#1176 = CARTESIAN_POINT('',(32.526279441629,-5.5));
#1177 = CARTESIAN_POINT('',(42.052558883258,-22.));
#1178 = CARTESIAN_POINT('',(23.,-22.));
#1179 = ( GEOMETRIC_REPRESENTATION_CONTEXT(2) 
PARAMETRIC_REPRESENTATION_CONTEXT() REPRESENTATION_CONTEXT('2D SPACE',''
  ) );
#1180 = PCURVE('',#1146,#1181);
#1181 = DEFINITIONAL_REPRESENTATION('',(#1182),#1186);
#1182 = LINE('',#1183,#1184);
#1183 = CARTESIAN_POINT('',(-6.28318530718,-3.));
#1184 = VECTOR('',#1185,1.);
#1185 = DIRECTION('',(1.,-0.));
#1186 = ( GEOMETRIC_REPRESENTATION_CONTEXT(2) 
PARAMETRIC_REPRESENTATION_CONTEXT() REPRESENTATION_CONTEXT('2D SPACE',''
  ) );
#1187 = ORIENTED_EDGE('',*,*,#392,.T.);
#1188 = ORIENTED_EDGE('',*,*,#263,.F.);
#1189 = ADVANCED_FACE('',(#1190,#1221),#354,.T.);
#1190 = FACE_BOUND('',#1191,.T.);
#1191 = EDGE_LOOP('',(#1192,#1193,#1194,#1195));
#1192 = ORIENTED_EDGE('',*,*,#338,.F.);
#1193 = ORIENTED_EDGE('',*,*,#466,.T.);
#1194 = ORIENTED_EDGE('',*,*,#415,.T.);
#1195 = ORIENTED_EDGE('',*,*,#1196,.T.);
#1196 = EDGE_CURVE('',#393,#316,#1197,.T.);
#1197 = SURFACE_CURVE('',#1198,(#1203,#1214),.PCURVE_S1.);
#1198 = CIRCLE('',#1199,11.);
#1199 = AXIS2_PLACEMENT_3D('',#1200,#1201,#1202);
#1200 = CARTESIAN_POINT('',(53.,16.,220.));
#1201 = DIRECTION('',(-1.,0.,0.));
#1202 = DIRECTION('',(0.,1.,0.));
#1203 = PCURVE('',#354,#1204);
#1204 = DEFINITIONAL_REPRESENTATION('',(#1205),#1213);
#1205 = ( BOUNDED_CURVE() B_SPLINE_CURVE(2,(#1206,#1207,#1208,#1209,
#1210,#1211,#1212),.UNSPECIFIED.,.T.,.F.) B_SPLINE_CURVE_WITH_KNOTS((1,2
    ,2,2,2,1),(-2.094395102393,0.,2.094395102393,4.188790204786,
6.28318530718,8.377580409573),.UNSPECIFIED.) CURVE() 
GEOMETRIC_REPRESENTATION_ITEM() RATIONAL_B_SPLINE_CURVE((1.,0.5,1.,0.5,
1.,0.5,1.)) REPRESENTATION_ITEM('') );
#1206 = CARTESIAN_POINT('',(23.,-22.));
#1207 = CARTESIAN_POINT('',(3.947441116742,-22.));
#1208 = CARTESIAN_POINT('',(13.473720558371,-5.5));
#1209 = CARTESIAN_POINT('',(23.,11.));
#1210 = CARTESIAN_POINT('',(32.526279441629,-5.5));
#1211 = CARTESIAN_POINT('',(42.052558883258,-22.));
#1212 = CARTESIAN_POINT('',(23.,-22.));
#1213 = ( GEOMETRIC_REPRESENTATION_CONTEXT(2) 
PARAMETRIC_REPRESENTATION_CONTEXT() REPRESENTATION_CONTEXT('2D SPACE',''
  ) );
#1214 = PCURVE('',#1146,#1215);
#1215 = DEFINITIONAL_REPRESENTATION('',(#1216),#1220);
#1216 = LINE('',#1217,#1218);
#1217 = CARTESIAN_POINT('',(-6.28318530718,-3.));
#1218 = VECTOR('',#1219,1.);
#1219 = DIRECTION('',(1.,-0.));
#1220 = ( GEOMETRIC_REPRESENTATION_CONTEXT(2) 
PARAMETRIC_REPRESENTATION_CONTEXT() REPRESENTATION_CONTEXT('2D SPACE',''
  ) );
#1221 = FACE_BOUND('',#1222,.T.);
#1222 = EDGE_LOOP('',(#1223));
#1223 = ORIENTED_EDGE('',*,*,#515,.T.);
#1224 = ADVANCED_FACE('',(#1225,#1251),#585,.T.);
#1225 = FACE_BOUND('',#1226,.T.);
#1226 = EDGE_LOOP('',(#1227));
#1227 = ORIENTED_EDGE('',*,*,#1228,.T.);
#1228 = EDGE_CURVE('',#1229,#1229,#1231,.T.);
#1229 = VERTEX_POINT('',#1230);
#1230 = CARTESIAN_POINT('',(76.,27.,220.));
#1231 = SURFACE_CURVE('',#1232,(#1237,#1244),.PCURVE_S1.);
#1232 = CIRCLE('',#1233,11.);
#1233 = AXIS2_PLACEMENT_3D('',#1234,#1235,#1236);
#1234 = CARTESIAN_POINT('',(76.,16.,220.));
#1235 = DIRECTION('',(1.,0.,0.));
#1236 = DIRECTION('',(0.,1.,0.));
#1237 = PCURVE('',#585,#1238);
#1238 = DEFINITIONAL_REPRESENTATION('',(#1239),#1243);
#1239 = CIRCLE('',#1240,11.);
#1240 = AXIS2_PLACEMENT_2D('',#1241,#1242);
#1241 = CARTESIAN_POINT('',(2.84217094304E-14,-1.7763568394E-15));
#1242 = DIRECTION('',(0.,-1.));
#1243 = ( GEOMETRIC_REPRESENTATION_CONTEXT(2) 
PARAMETRIC_REPRESENTATION_CONTEXT() REPRESENTATION_CONTEXT('2D SPACE',''
  ) );
#1244 = PCURVE('',#1146,#1245);
#1245 = DEFINITIONAL_REPRESENTATION('',(#1246),#1250);
#1246 = LINE('',#1247,#1248);
#1247 = CARTESIAN_POINT('',(-0.,-26.));
#1248 = VECTOR('',#1249,1.);
#1249 = DIRECTION('',(-1.,0.));
#1250 = ( GEOMETRIC_REPRESENTATION_CONTEXT(2) 
PARAMETRIC_REPRESENTATION_CONTEXT() REPRESENTATION_CONTEXT('2D SPACE',''
  ) );
#1251 = FACE_BOUND('',#1252,.T.);
#1252 = EDGE_LOOP('',(#1253));
#1253 = ORIENTED_EDGE('',*,*,#570,.T.);
#1254 = ADVANCED_FACE('',(#1255),#715,.F.);
#1255 = FACE_BOUND('',#1256,.F.);
#1256 = EDGE_LOOP('',(#1257,#1403,#1424,#1425));
#1257 = ORIENTED_EDGE('',*,*,#1258,.F.);
#1258 = EDGE_CURVE('',#1259,#1259,#1261,.T.);
#1259 = VERTEX_POINT('',#1260);
#1260 = CARTESIAN_POINT('',(68.,17.376,230.91359812344));
#1261 = SURFACE_CURVE('',#1262,(#1307,#1355),.PCURVE_S1.);
#1262 = B_SPLINE_CURVE_WITH_KNOTS('',7,(#1263,#1264,#1265,#1266,#1267,
    #1268,#1269,#1270,#1271,#1272,#1273,#1274,#1275,#1276,#1277,#1278,
    #1279,#1280,#1281,#1282,#1283,#1284,#1285,#1286,#1287,#1288,#1289,
    #1290,#1291,#1292,#1293,#1294,#1295,#1296,#1297,#1298,#1299,#1300,
    #1301,#1302,#1303,#1304,#1305,#1306),.UNSPECIFIED.,.T.,.F.,(8,6,6,6,
    6,6,6,8),(0.,0.151593402614,0.286432435136,0.423275911045,
    0.587025607041,0.713532307259,0.838816724719,1.),.UNSPECIFIED.);
#1263 = CARTESIAN_POINT('',(68.,17.376,230.91359812344));
#1264 = CARTESIAN_POINT('',(67.834775166532,17.376,230.91359812344));
#1265 = CARTESIAN_POINT('',(67.669535081194,17.3528544724,
    230.91651622429));
#1266 = CARTESIAN_POINT('',(67.506567569897,17.306551192349,
    230.92235479982));
#1267 = CARTESIAN_POINT('',(67.348399847192,17.23656829102,
    230.93086262025));
#1268 = CARTESIAN_POINT('',(67.198167045366,17.142130815548,
    230.94151462071));
#1269 = CARTESIAN_POINT('',(67.059987567783,17.022408919469,
    230.95335250634));
#1270 = CARTESIAN_POINT('',(66.83284622807,16.747842205563,
    230.97531527211));
#1271 = CARTESIAN_POINT('',(66.736915668434,16.594453241317,
    230.98579509707));
#1272 = CARTESIAN_POINT('',(66.662300508107,16.420081061059,
    230.99497480643));
#1273 = CARTESIAN_POINT('',(66.616034987627,16.230988935568,
    231.00106895582));
#1274 = CARTESIAN_POINT('',(66.601842080736,16.035300919269,
    231.00283425821));
#1275 = CARTESIAN_POINT('',(66.620026072765,15.841648199963,
    231.00039802056));
#1276 = CARTESIAN_POINT('',(66.715134769213,15.471224284029,
    230.9888689807));
#1277 = CARTESIAN_POINT('',(66.791440152749,15.300540785021,
    230.97985904434));
#1278 = CARTESIAN_POINT('',(66.890266962431,15.148964638136,
    230.96887275094));
#1279 = CARTESIAN_POINT('',(67.006478381573,15.018204044249,
    230.95732175986));
#1280 = CARTESIAN_POINT('',(67.135365642821,14.909065223911,
    230.94638814104));
#1281 = CARTESIAN_POINT('',(67.27257942426,14.821565535993,
    230.93690021695));
#1282 = CARTESIAN_POINT('',(67.583507244083,14.675254009949,
    230.9202327459));
#1283 = CARTESIAN_POINT('',(67.762944369141,14.623652904724,
    230.91366756535));
#1284 = CARTESIAN_POINT('',(67.948178346795,14.600355480485,
    230.91050909968));
#1285 = CARTESIAN_POINT('',(68.135243228905,14.605757440914,
    230.91122928301));
#1286 = CARTESIAN_POINT('',(68.319892540177,14.640117082043,
    230.91582554399));
#1287 = CARTESIAN_POINT('',(68.497463411221,14.703256291671,
    230.9236819559));
#1288 = CARTESIAN_POINT('',(68.790697619088,14.864463161628,
    230.94146026629));
#1289 = CARTESIAN_POINT('',(68.913904838643,14.952777151044,
    230.95066654828));
#1290 = CARTESIAN_POINT('',(69.029062502072,15.059618251427,
    230.96089162333));
#1291 = CARTESIAN_POINT('',(69.132513752276,15.184791425965,
    230.97141293175));
#1292 = CARTESIAN_POINT('',(69.220407115095,15.327442939125,
    230.98125875617));
#1293 = CARTESIAN_POINT('',(69.288658394691,15.485997682041,
    230.98932878658));
#1294 = CARTESIAN_POINT('',(69.376456262963,15.827947802175,
    230.99997161064));
#1295 = CARTESIAN_POINT('',(69.395439125124,16.007084444119,
    231.00247157771));
#1296 = CARTESIAN_POINT('',(69.386653793256,16.188815439405,
    231.00140269721));
#1297 = CARTESIAN_POINT('',(69.34999568832,16.365958302177,
    230.99659009164));
#1298 = CARTESIAN_POINT('',(69.288145218415,16.531665223164,
    230.98889331253));
#1299 = CARTESIAN_POINT('',(69.206511880392,16.680369885579,
    230.97969393168));
#1300 = CARTESIAN_POINT('',(68.993167521443,16.974013204071,
    230.95804474054));
#1301 = CARTESIAN_POINT('',(68.850426835618,17.110319388267,
    230.94507626283));
#1302 = CARTESIAN_POINT('',(68.692690035778,17.217742556145,
    230.93314554123));
#1303 = CARTESIAN_POINT('',(68.525208170951,17.297235754286,
    230.92352974446));
#1304 = CARTESIAN_POINT('',(68.351920259906,17.349758076712,
    230.91690651551));
#1305 = CARTESIAN_POINT('',(68.175930732225,17.376,230.91359812344));
#1306 = CARTESIAN_POINT('',(68.,17.376,230.91359812344));
#1307 = PCURVE('',#715,#1308);
#1308 = DEFINITIONAL_REPRESENTATION('',(#1309),#1354);
#1309 = B_SPLINE_CURVE_WITH_KNOTS('',7,(#1310,#1311,#1312,#1313,#1314,
    #1315,#1316,#1317,#1318,#1319,#1320,#1321,#1322,#1323,#1324,#1325,
    #1326,#1327,#1328,#1329,#1330,#1331,#1332,#1333,#1334,#1335,#1336,
    #1337,#1338,#1339,#1340,#1341,#1342,#1343,#1344,#1345,#1346,#1347,
    #1348,#1349,#1350,#1351,#1352,#1353),.UNSPECIFIED.,.F.,.F.,(8,6,6,6,
    6,6,6,8),(0.,0.151593402614,0.286432435136,0.423275911045,
    0.587025607041,0.713532307259,0.838816724719,1.),.UNSPECIFIED.);
#1310 = CARTESIAN_POINT('',(0.,8.913598123442));
#1311 = CARTESIAN_POINT('',(0.120076187114,8.913598123442));
#1312 = CARTESIAN_POINT('',(0.240162915196,8.916516224291));
#1313 = CARTESIAN_POINT('',(0.361428874518,8.922354799823));
#1314 = CARTESIAN_POINT('',(0.484857237738,8.930862620254));
#1315 = CARTESIAN_POINT('',(0.611535436917,8.941514620713));
#1316 = CARTESIAN_POINT('',(0.742586977144,8.953352506348));
#1317 = CARTESIAN_POINT('',(1.001556910346,8.975315272113));
#1318 = CARTESIAN_POINT('',(1.131889888286,8.985795097077));
#1319 = CARTESIAN_POINT('',(1.267050333696,8.994974806431));
#1320 = CARTESIAN_POINT('',(1.405108053762,9.001068955825));
#1321 = CARTESIAN_POINT('',(1.544581205545,9.002834258218));
#1322 = CARTESIAN_POINT('',(1.68418138937,9.000398020564));
#1323 = CARTESIAN_POINT('',(1.9621166644,8.988868980702));
#1324 = CARTESIAN_POINT('',(2.096054466104,8.979859044347));
#1325 = CARTESIAN_POINT('',(2.225089461746,8.968872750946));
#1326 = CARTESIAN_POINT('',(2.349849161466,8.957321759867));
#1327 = CARTESIAN_POINT('',(2.47077671808,8.946388141043));
#1328 = CARTESIAN_POINT('',(2.588080129609,8.93690021695));
#1329 = CARTESIAN_POINT('',(2.837812920778,8.920232745909));
#1330 = CARTESIAN_POINT('',(2.971774251649,8.91366756535));
#1331 = CARTESIAN_POINT('',(3.104899031235,8.910509099685));
#1332 = CARTESIAN_POINT('',(3.238017068681,8.911229283016));
#1333 = CARTESIAN_POINT('',(3.371860838064,8.915825543993));
#1334 = CARTESIAN_POINT('',(3.507052321532,8.923681955904));
#1335 = CARTESIAN_POINT('',(3.750239165329,8.941460266294));
#1336 = CARTESIAN_POINT('',(3.859623228942,8.950666548289));
#1337 = CARTESIAN_POINT('',(3.97231421517,8.960891623334));
#1338 = CARTESIAN_POINT('',(4.088412874817,8.971412931754));
#1339 = CARTESIAN_POINT('',(4.208209100535,8.981258756175));
#1340 = CARTESIAN_POINT('',(4.332153371014,8.989328786582));
#1341 = CARTESIAN_POINT('',(4.588724279635,8.999971610645));
#1342 = CARTESIAN_POINT('',(4.718251032559,9.002471577718));
#1343 = CARTESIAN_POINT('',(4.847986915773,9.001402697213));
#1344 = CARTESIAN_POINT('',(4.976690305907,8.99659009164));
#1345 = CARTESIAN_POINT('',(5.103042313508,8.988893312539));
#1346 = CARTESIAN_POINT('',(5.225344800263,8.979693931688));
#1347 = CARTESIAN_POINT('',(5.489126124968,8.958044740547));
#1348 = CARTESIAN_POINT('',(5.630242510406,8.945076262838));
#1349 = CARTESIAN_POINT('',(5.766116091003,8.933145541234));
#1350 = CARTESIAN_POINT('',(5.898076106824,8.923529744465));
#1351 = CARTESIAN_POINT('',(6.027430246671,8.916906515512));
#1352 = CARTESIAN_POINT('',(6.155328670388,8.913598123442));
#1353 = CARTESIAN_POINT('',(6.28318530718,8.913598123442));
#1354 = ( GEOMETRIC_REPRESENTATION_CONTEXT(2) 
PARAMETRIC_REPRESENTATION_CONTEXT() REPRESENTATION_CONTEXT('2D SPACE',''
  ) );
#1355 = PCURVE('',#1146,#1356);
#1356 = DEFINITIONAL_REPRESENTATION('',(#1357),#1402);
#1357 = B_SPLINE_CURVE_WITH_KNOTS('',7,(#1358,#1359,#1360,#1361,#1362,
    #1363,#1364,#1365,#1366,#1367,#1368,#1369,#1370,#1371,#1372,#1373,
    #1374,#1375,#1376,#1377,#1378,#1379,#1380,#1381,#1382,#1383,#1384,
    #1385,#1386,#1387,#1388,#1389,#1390,#1391,#1392,#1393,#1394,#1395,
    #1396,#1397,#1398,#1399,#1400,#1401),.UNSPECIFIED.,.T.,.F.,(8,6,6,6,
    6,6,6,8),(0.,0.151593402614,0.286432435136,0.423275911045,
    0.587025607041,0.713532307259,0.838816724719,1.),.UNSPECIFIED.);
#1358 = CARTESIAN_POINT('',(-1.445376867347,-18.));
#1359 = CARTESIAN_POINT('',(-1.445376867347,-17.83477516653));
#1360 = CARTESIAN_POINT('',(-1.447497664592,-17.66953508119));
#1361 = CARTESIAN_POINT('',(-1.451740379196,-17.50656756989));
#1362 = CARTESIAN_POINT('',(-1.458149252011,-17.34839984719));
#1363 = CARTESIAN_POINT('',(-1.466788169411,-17.19816704536));
#1364 = CARTESIAN_POINT('',(-1.477723131857,-17.05998756778));
#1365 = CARTESIAN_POINT('',(-1.502763470134,-16.83284622807));
#1366 = CARTESIAN_POINT('',(-1.516739456262,-16.73691566843));
#1367 = CARTESIAN_POINT('',(-1.532610393676,-16.6623005081));
#1368 = CARTESIAN_POINT('',(-1.54980199319,-16.61603498762));
#1369 = CARTESIAN_POINT('',(-1.567585676856,-16.60184208073));
#1370 = CARTESIAN_POINT('',(-1.585188871745,-16.62002607276));
#1371 = CARTESIAN_POINT('',(-1.618880079644,-16.71513476921));
#1372 = CARTESIAN_POINT('',(-1.63441472707,-16.79144015274));
#1373 = CARTESIAN_POINT('',(-1.648226787582,-16.89026696243));
#1374 = CARTESIAN_POINT('',(-1.660158816118,-17.00647838157));
#1375 = CARTESIAN_POINT('',(-1.670129610073,-17.13536564282));
#1376 = CARTESIAN_POINT('',(-1.678130643081,-17.27257942426));
#1377 = CARTESIAN_POINT('',(-1.691517718149,-17.58350724408));
#1378 = CARTESIAN_POINT('',(-1.696246133093,-17.76294436914));
#1379 = CARTESIAN_POINT('',(-1.69838361622,-17.94817834679));
#1380 = CARTESIAN_POINT('',(-1.697888141292,-18.1352432289));
#1381 = CARTESIAN_POINT('',(-1.694736595332,-18.31989254017));
#1382 = CARTESIAN_POINT('',(-1.688952969846,-18.49746341122));
#1383 = CARTESIAN_POINT('',(-1.674208949278,-18.79069761908));
#1384 = CARTESIAN_POINT('',(-1.666137040642,-18.91390483864));
#1385 = CARTESIAN_POINT('',(-1.656380430527,-19.02906250207));
#1386 = CARTESIAN_POINT('',(-1.64496243669,-19.13251375227));
#1387 = CARTESIAN_POINT('',(-1.631966304688,-19.22040711509));
#1388 = CARTESIAN_POINT('',(-1.617536393121,-19.28865839469));
#1389 = CARTESIAN_POINT('',(-1.586434965559,-19.37645626296));
#1390 = CARTESIAN_POINT('',(-1.570150610015,-19.39543912512));
#1391 = CARTESIAN_POINT('',(-1.553634668566,-19.38665379325));
#1392 = CARTESIAN_POINT('',(-1.537530940788,-19.34999568832));
#1393 = CARTESIAN_POINT('',(-1.52245328147,-19.28814521841));
#1394 = CARTESIAN_POINT('',(-1.508909794316,-19.20651188039));
#1395 = CARTESIAN_POINT('',(-1.482142494979,-18.99316752144));
#1396 = CARTESIAN_POINT('',(-1.469697884702,-18.85042683561));
#1397 = CARTESIAN_POINT('',(-1.459873218317,-18.69269003577));
#1398 = CARTESIAN_POINT('',(-1.452593937626,-18.52520817095));
#1399 = CARTESIAN_POINT('',(-1.447781384761,-18.3519202599));
#1400 = CARTESIAN_POINT('',(-1.445376867347,-18.17593073222));
#1401 = CARTESIAN_POINT('',(-1.445376867347,-18.));
#1402 = ( GEOMETRIC_REPRESENTATION_CONTEXT(2) 
PARAMETRIC_REPRESENTATION_CONTEXT() REPRESENTATION_CONTEXT('2D SPACE',''
  ) );
#1403 = ORIENTED_EDGE('',*,*,#1404,.F.);
#1404 = EDGE_CURVE('',#604,#1259,#1405,.T.);
#1405 = SEAM_CURVE('',#1406,(#1410,#1417),.PCURVE_S1.);
#1406 = LINE('',#1407,#1408);
#1407 = CARTESIAN_POINT('',(68.,17.376,222.));
#1408 = VECTOR('',#1409,1.);
#1409 = DIRECTION('',(0.,6.123233995737E-17,1.));
#1410 = PCURVE('',#715,#1411);
#1411 = DEFINITIONAL_REPRESENTATION('',(#1412),#1416);
#1412 = LINE('',#1413,#1414);
#1413 = CARTESIAN_POINT('',(6.28318530718,-0.));
#1414 = VECTOR('',#1415,1.);
#1415 = DIRECTION('',(0.,1.));
#1416 = ( GEOMETRIC_REPRESENTATION_CONTEXT(2) 
PARAMETRIC_REPRESENTATION_CONTEXT() REPRESENTATION_CONTEXT('2D SPACE',''
  ) );
#1417 = PCURVE('',#715,#1418);
#1418 = DEFINITIONAL_REPRESENTATION('',(#1419),#1423);
#1419 = LINE('',#1420,#1421);
#1420 = CARTESIAN_POINT('',(0.,-0.));
#1421 = VECTOR('',#1422,1.);
#1422 = DIRECTION('',(0.,1.));
#1423 = ( GEOMETRIC_REPRESENTATION_CONTEXT(2) 
PARAMETRIC_REPRESENTATION_CONTEXT() REPRESENTATION_CONTEXT('2D SPACE',''
  ) );
#1424 = ORIENTED_EDGE('',*,*,#603,.T.);
#1425 = ORIENTED_EDGE('',*,*,#1404,.T.);
#1426 = ADVANCED_FACE('',(#1427),#889,.F.);
#1427 = FACE_BOUND('',#1428,.F.);
#1428 = EDGE_LOOP('',(#1429,#1575,#1596,#1597));
#1429 = ORIENTED_EDGE('',*,*,#1430,.F.);
#1430 = EDGE_CURVE('',#1431,#1431,#1433,.T.);
#1431 = VERTEX_POINT('',#1432);
#1432 = CARTESIAN_POINT('',(68.,7.236546778405,213.35154998267));
#1433 = SURFACE_CURVE('',#1434,(#1479,#1527),.PCURVE_S1.);
#1434 = B_SPLINE_CURVE_WITH_KNOTS('',7,(#1435,#1436,#1437,#1438,#1439,
    #1440,#1441,#1442,#1443,#1444,#1445,#1446,#1447,#1448,#1449,#1450,
    #1451,#1452,#1453,#1454,#1455,#1456,#1457,#1458,#1459,#1460,#1461,
    #1462,#1463,#1464,#1465,#1466,#1467,#1468,#1469,#1470,#1471,#1472,
    #1473,#1474,#1475,#1476,#1477,#1478),.UNSPECIFIED.,.T.,.F.,(8,6,6,6,
    6,6,6,8),(0.,0.151593402666,0.286432435233,0.423275911188,
    0.587025607245,0.713532307438,0.83881672482,1.),.UNSPECIFIED.);
#1435 = CARTESIAN_POINT('',(68.,7.236546778405,213.35154998267));
#1436 = CARTESIAN_POINT('',(68.165224833469,7.236546778405,
    213.35154998267));
#1437 = CARTESIAN_POINT('',(68.330464918806,7.222446865139,
    213.37013554713));
#1438 = CARTESIAN_POINT('',(68.493432430104,7.194238870381,
    213.40731607616));
#1439 = CARTESIAN_POINT('',(68.651600152808,7.151879431092,
    213.46366913633));
#1440 = CARTESIAN_POINT('',(68.801832954634,7.095435790357,
    213.54012838893));
#1441 = CARTESIAN_POINT('',(68.940012432217,7.025322932631,
    213.63789164951));
#1442 = CARTESIAN_POINT('',(69.16715377193,6.869019262588,213.8646920159
    ));
#1443 = CARTESIAN_POINT('',(69.263084331566,6.78324898582,
    213.99229084311));
#1444 = CARTESIAN_POINT('',(69.337699491893,6.68811303419,
    214.13871172625));
#1445 = CARTESIAN_POINT('',(69.383965012373,6.588289283255,
    214.29942323589));
#1446 = CARTESIAN_POINT('',(69.398157919264,6.488916478388,
    214.46801137802));
#1447 = CARTESIAN_POINT('',(69.379973927235,6.394199962433,
    214.63693767128));
#1448 = CARTESIAN_POINT('',(69.284865230787,6.218972445868,
    214.96349871258));
#1449 = CARTESIAN_POINT('',(69.208559847251,6.141433530133,
    215.1158199269));
#1450 = CARTESIAN_POINT('',(69.109733037569,6.07515986587,
    215.25258186742));
#1451 = CARTESIAN_POINT('',(68.993521618427,6.01978302064,
    215.37159935908));
#1452 = CARTESIAN_POINT('',(68.864634357179,5.974682402127,
    215.47158315944));
#1453 = CARTESIAN_POINT('',(68.72742057574,5.939149341463,
    215.55210407405));
#1454 = CARTESIAN_POINT('',(68.416492755912,5.880428031778,
    215.68714730799));
#1455 = CARTESIAN_POINT('',(68.237055630854,5.86031309231,
    215.73511776625));
#1456 = CARTESIAN_POINT('',(68.051821653203,5.851399691694,
    215.75687316032));
#1457 = CARTESIAN_POINT('',(67.864756771098,5.853476974848,
    215.75183483369));
#1458 = CARTESIAN_POINT('',(67.680107459827,5.866676316644,
    215.71978038112));
#1459 = CARTESIAN_POINT('',(67.502536588783,5.891442069161,
    215.66117201566));
#1460 = CARTESIAN_POINT('',(67.209302380981,5.95664903569,
    215.51267361585));
#1461 = CARTESIAN_POINT('',(67.086095161346,5.992833156324,
    215.43158831649));
#1462 = CARTESIAN_POINT('',(66.970937497874,6.037398531795,
    215.33394867181));
#1463 = CARTESIAN_POINT('',(66.867486247702,6.0908733987,215.22028486857
    ));
#1464 = CARTESIAN_POINT('',(66.779592884931,6.153672421184,
    215.09182212213));
#1465 = CARTESIAN_POINT('',(66.711341605328,6.225960941266,
    214.95047467173));
#1466 = CARTESIAN_POINT('',(66.623543737037,6.387719045362,
    214.64901576877));
#1467 = CARTESIAN_POINT('',(66.604560874876,6.475122331339,
    214.49262890256));
#1468 = CARTESIAN_POINT('',(66.613346206744,6.566913506654,
    214.33577968424));
#1469 = CARTESIAN_POINT('',(66.65000431168,6.659652776723,
    214.18477576776));
#1470 = CARTESIAN_POINT('',(66.711854781585,6.749171843447,
    214.04511775416));
#1471 = CARTESIAN_POINT('',(66.793488119608,6.83149107217,
    213.92093542927));
#1472 = CARTESIAN_POINT('',(67.006832478557,6.997061480915,
    213.67745745137));
#1473 = CARTESIAN_POINT('',(67.149573164382,7.076445604158,
    213.56589707202));
#1474 = CARTESIAN_POINT('',(67.307309964222,7.140489496091,
    213.47883124049));
#1475 = CARTESIAN_POINT('',(67.474791829049,7.188563619442,
    213.41479600985));
#1476 = CARTESIAN_POINT('',(67.648079740094,7.220560665183,
    213.37262195884));
#1477 = CARTESIAN_POINT('',(67.824069267774,7.236546778405,
    213.35154998267));
#1478 = CARTESIAN_POINT('',(68.,7.236546778405,213.35154998267));
#1479 = PCURVE('',#889,#1480);
#1480 = DEFINITIONAL_REPRESENTATION('',(#1481),#1526);
#1481 = B_SPLINE_CURVE_WITH_KNOTS('',7,(#1482,#1483,#1484,#1485,#1486,
    #1487,#1488,#1489,#1490,#1491,#1492,#1493,#1494,#1495,#1496,#1497,
    #1498,#1499,#1500,#1501,#1502,#1503,#1504,#1505,#1506,#1507,#1508,
    #1509,#1510,#1511,#1512,#1513,#1514,#1515,#1516,#1517,#1518,#1519,
    #1520,#1521,#1522,#1523,#1524,#1525),.UNSPECIFIED.,.F.,.F.,(8,6,6,6,
    6,6,6,8),(0.,0.151593402666,0.286432435233,0.423275911188,
    0.587025607245,0.713532307438,0.83881672482,1.),.UNSPECIFIED.);
#1482 = CARTESIAN_POINT('',(0.,8.913598123442));
#1483 = CARTESIAN_POINT('',(0.120076187114,8.913598123442));
#1484 = CARTESIAN_POINT('',(0.240162915196,8.916516224291));
#1485 = CARTESIAN_POINT('',(0.361428874518,8.922354799823));
#1486 = CARTESIAN_POINT('',(0.484857237738,8.930862620254));
#1487 = CARTESIAN_POINT('',(0.611535436917,8.941514620713));
#1488 = CARTESIAN_POINT('',(0.742586977144,8.953352506348));
#1489 = CARTESIAN_POINT('',(1.001556910346,8.975315272113));
#1490 = CARTESIAN_POINT('',(1.131889888286,8.985795097077));
#1491 = CARTESIAN_POINT('',(1.267050333696,8.994974806431));
#1492 = CARTESIAN_POINT('',(1.405108053762,9.001068955825));
#1493 = CARTESIAN_POINT('',(1.544581205545,9.002834258218));
#1494 = CARTESIAN_POINT('',(1.68418138937,9.000398020564));
#1495 = CARTESIAN_POINT('',(1.9621166644,8.988868980702));
#1496 = CARTESIAN_POINT('',(2.096054466104,8.979859044347));
#1497 = CARTESIAN_POINT('',(2.225089461746,8.968872750946));
#1498 = CARTESIAN_POINT('',(2.349849161466,8.957321759867));
#1499 = CARTESIAN_POINT('',(2.47077671808,8.946388141043));
#1500 = CARTESIAN_POINT('',(2.588080129609,8.93690021695));
#1501 = CARTESIAN_POINT('',(2.837812920782,8.920232745909));
#1502 = CARTESIAN_POINT('',(2.971774251653,8.91366756535));
#1503 = CARTESIAN_POINT('',(3.104899031236,8.910509099686));
#1504 = CARTESIAN_POINT('',(3.238017068679,8.911229283017));
#1505 = CARTESIAN_POINT('',(3.371860838061,8.915825543993));
#1506 = CARTESIAN_POINT('',(3.507052321529,8.923681955903));
#1507 = CARTESIAN_POINT('',(3.750239165271,8.94146026629));
#1508 = CARTESIAN_POINT('',(3.859623228942,8.950666548287));
#1509 = CARTESIAN_POINT('',(3.972314215217,8.960891623339));
#1510 = CARTESIAN_POINT('',(4.088412874856,8.971412931757));
#1511 = CARTESIAN_POINT('',(4.208209100526,8.981258756172));
#1512 = CARTESIAN_POINT('',(4.332153370959,8.989328786579));
#1513 = CARTESIAN_POINT('',(4.588724279635,8.999971610645));
#1514 = CARTESIAN_POINT('',(4.718251032559,9.002471577718));
#1515 = CARTESIAN_POINT('',(4.847986915773,9.001402697213));
#1516 = CARTESIAN_POINT('',(4.976690305906,8.99659009164));
#1517 = CARTESIAN_POINT('',(5.103042313509,8.988893312539));
#1518 = CARTESIAN_POINT('',(5.225344800263,8.979693931688));
#1519 = CARTESIAN_POINT('',(5.489126124968,8.958044740547));
#1520 = CARTESIAN_POINT('',(5.630242510406,8.945076262838));
#1521 = CARTESIAN_POINT('',(5.766116091003,8.933145541234));
#1522 = CARTESIAN_POINT('',(5.898076106824,8.923529744465));
#1523 = CARTESIAN_POINT('',(6.027430246672,8.916906515512));
#1524 = CARTESIAN_POINT('',(6.155328670388,8.913598123442));
#1525 = CARTESIAN_POINT('',(6.28318530718,8.913598123442));
#1526 = ( GEOMETRIC_REPRESENTATION_CONTEXT(2) 
PARAMETRIC_REPRESENTATION_CONTEXT() REPRESENTATION_CONTEXT('2D SPACE',''
  ) );
#1527 = PCURVE('',#1146,#1528);
#1528 = DEFINITIONAL_REPRESENTATION('',(#1529),#1574);
#1529 = B_SPLINE_CURVE_WITH_KNOTS('',7,(#1530,#1531,#1532,#1533,#1534,
    #1535,#1536,#1537,#1538,#1539,#1540,#1541,#1542,#1543,#1544,#1545,
    #1546,#1547,#1548,#1549,#1550,#1551,#1552,#1553,#1554,#1555,#1556,
    #1557,#1558,#1559,#1560,#1561,#1562,#1563,#1564,#1565,#1566,#1567,
    #1568,#1569,#1570,#1571,#1572,#1573),.UNSPECIFIED.,.T.,.F.,(8,6,6,6,
    6,6,6,8),(0.,0.151593402666,0.286432435233,0.423275911188,
    0.587025607245,0.713532307438,0.83881672482,1.),.UNSPECIFIED.);
#1530 = CARTESIAN_POINT('',(-3.790610888636,-18.));
#1531 = CARTESIAN_POINT('',(-3.790610888636,-18.16522483346));
#1532 = CARTESIAN_POINT('',(-3.788490091391,-18.3304649188));
#1533 = CARTESIAN_POINT('',(-3.784247376787,-18.4934324301));
#1534 = CARTESIAN_POINT('',(-3.777838503972,-18.6516001528));
#1535 = CARTESIAN_POINT('',(-3.769199586572,-18.80183295463));
#1536 = CARTESIAN_POINT('',(-3.758264624126,-18.94001243221));
#1537 = CARTESIAN_POINT('',(-3.733224285849,-19.16715377193));
#1538 = CARTESIAN_POINT('',(-3.719248299721,-19.26308433156));
#1539 = CARTESIAN_POINT('',(-3.703377362307,-19.33769949189));
#1540 = CARTESIAN_POINT('',(-3.686185762793,-19.38396501237));
#1541 = CARTESIAN_POINT('',(-3.668402079127,-19.39815791926));
#1542 = CARTESIAN_POINT('',(-3.650798884238,-19.37997392723));
#1543 = CARTESIAN_POINT('',(-3.617107676339,-19.28486523078));
#1544 = CARTESIAN_POINT('',(-3.601573028913,-19.20855984725));
#1545 = CARTESIAN_POINT('',(-3.587760968401,-19.10973303756));
#1546 = CARTESIAN_POINT('',(-3.575828939865,-18.99352161842));
#1547 = CARTESIAN_POINT('',(-3.56585814591,-18.86463435717));
#1548 = CARTESIAN_POINT('',(-3.557857112902,-18.72742057574));
#1549 = CARTESIAN_POINT('',(-3.544470037834,-18.41649275591));
#1550 = CARTESIAN_POINT('',(-3.53974162289,-18.23705563085));
#1551 = CARTESIAN_POINT('',(-3.537604139763,-18.0518216532));
#1552 = CARTESIAN_POINT('',(-3.538099614691,-17.86475677109));
#1553 = CARTESIAN_POINT('',(-3.541251160651,-17.68010745982));
#1554 = CARTESIAN_POINT('',(-3.547034786137,-17.50253658878));
#1555 = CARTESIAN_POINT('',(-3.561778806701,-17.20930238098));
#1556 = CARTESIAN_POINT('',(-3.56985071534,-17.08609516134));
#1557 = CARTESIAN_POINT('',(-3.57960732546,-16.97093749787));
#1558 = CARTESIAN_POINT('',(-3.591025319298,-16.8674862477));
#1559 = CARTESIAN_POINT('',(-3.604021451294,-16.77959288493));
#1560 = CARTESIAN_POINT('',(-3.618451362856,-16.71134160532));
#1561 = CARTESIAN_POINT('',(-3.649552790424,-16.62354373703));
#1562 = CARTESIAN_POINT('',(-3.665837145968,-16.60456087487));
#1563 = CARTESIAN_POINT('',(-3.682353087417,-16.61334620674));
#1564 = CARTESIAN_POINT('',(-3.698456815195,-16.65000431168));
#1565 = CARTESIAN_POINT('',(-3.713534474513,-16.71185478158));
#1566 = CARTESIAN_POINT('',(-3.727077961667,-16.7934881196));
#1567 = CARTESIAN_POINT('',(-3.753845261004,-17.00683247855));
#1568 = CARTESIAN_POINT('',(-3.766289871281,-17.14957316438));
#1569 = CARTESIAN_POINT('',(-3.776114537666,-17.30730996422));
#1570 = CARTESIAN_POINT('',(-3.783393818357,-17.47479182904));
#1571 = CARTESIAN_POINT('',(-3.788206371222,-17.64807974009));
#1572 = CARTESIAN_POINT('',(-3.790610888636,-17.82406926777));
#1573 = CARTESIAN_POINT('',(-3.790610888636,-18.));
#1574 = ( GEOMETRIC_REPRESENTATION_CONTEXT(2) 
PARAMETRIC_REPRESENTATION_CONTEXT() REPRESENTATION_CONTEXT('2D SPACE',''
  ) );
#1575 = ORIENTED_EDGE('',*,*,#1576,.F.);
#1576 = EDGE_CURVE('',#778,#1431,#1577,.T.);
#1577 = SEAM_CURVE('',#1578,(#1582,#1589),.PCURVE_S1.);
#1578 = LINE('',#1579,#1580);
#1579 = CARTESIAN_POINT('',(68.,14.955949192431,217.80834904439));
#1580 = VECTOR('',#1581,1.);
#1581 = DIRECTION('',(0.,-0.866025403784,-0.5));
#1582 = PCURVE('',#889,#1583);
#1583 = DEFINITIONAL_REPRESENTATION('',(#1584),#1588);
#1584 = LINE('',#1585,#1586);
#1585 = CARTESIAN_POINT('',(6.28318530718,-0.));
#1586 = VECTOR('',#1587,1.);
#1587 = DIRECTION('',(0.,1.));
#1588 = ( GEOMETRIC_REPRESENTATION_CONTEXT(2) 
PARAMETRIC_REPRESENTATION_CONTEXT() REPRESENTATION_CONTEXT('2D SPACE',''
  ) );
#1589 = PCURVE('',#889,#1590);
#1590 = DEFINITIONAL_REPRESENTATION('',(#1591),#1595);
#1591 = LINE('',#1592,#1593);
#1592 = CARTESIAN_POINT('',(0.,-0.));
#1593 = VECTOR('',#1594,1.);
#1594 = DIRECTION('',(0.,1.));
#1595 = ( GEOMETRIC_REPRESENTATION_CONTEXT(2) 
PARAMETRIC_REPRESENTATION_CONTEXT() REPRESENTATION_CONTEXT('2D SPACE',''
  ) );
#1596 = ORIENTED_EDGE('',*,*,#777,.T.);
#1597 = ORIENTED_EDGE('',*,*,#1576,.T.);
#1598 = ADVANCED_FACE('',(#1599),#1063,.F.);
#1599 = FACE_BOUND('',#1600,.F.);
#1600 = EDGE_LOOP('',(#1601,#1747,#1768,#1769));
#1601 = ORIENTED_EDGE('',*,*,#1602,.F.);
#1602 = EDGE_CURVE('',#1603,#1603,#1605,.T.);
#1603 = VERTEX_POINT('',#1604);
#1604 = CARTESIAN_POINT('',(68.,26.139453221595,215.73485189388));
#1605 = SURFACE_CURVE('',#1606,(#1651,#1699),.PCURVE_S1.);
#1606 = B_SPLINE_CURVE_WITH_KNOTS('',7,(#1607,#1608,#1609,#1610,#1611,
    #1612,#1613,#1614,#1615,#1616,#1617,#1618,#1619,#1620,#1621,#1622,
    #1623,#1624,#1625,#1626,#1627,#1628,#1629,#1630,#1631,#1632,#1633,
    #1634,#1635,#1636,#1637,#1638,#1639,#1640,#1641,#1642,#1643,#1644,
    #1645,#1646,#1647,#1648,#1649,#1650),.UNSPECIFIED.,.T.,.F.,(8,6,6,6,
    6,6,6,8),(0.,0.151593402656,0.286432435214,0.42327591116,
    0.587025607199,0.713532307397,0.838816724797,1.),.UNSPECIFIED.);
#1607 = CARTESIAN_POINT('',(68.,26.139453221595,215.73485189388));
#1608 = CARTESIAN_POINT('',(68.165224833468,26.139453221595,
    215.73485189388));
#1609 = CARTESIAN_POINT('',(68.330464918806,26.130407607262,
    215.71334822857));
#1610 = CARTESIAN_POINT('',(68.493432430104,26.112312321969,
    215.670329124));
#1611 = CARTESIAN_POINT('',(68.651600152807,26.084688859928,
    215.60546824341));
#1612 = CARTESIAN_POINT('',(68.801832954634,26.046695025191,
    215.51835699035));
#1613 = CARTESIAN_POINT('',(68.940012432217,25.997085986838,
    215.40875584414));
#1614 = CARTESIAN_POINT('',(69.16715377193,25.878822942975,
    215.15999271198));
#1615 = CARTESIAN_POINT('',(69.263084331566,25.811204255497,
    215.0219140598));
#1616 = CARTESIAN_POINT('',(69.337699491893,25.731968026869,
    214.86631346731));
#1617 = CARTESIAN_POINT('',(69.383965012373,25.642699652312,
    214.69950780828));
#1618 = CARTESIAN_POINT('',(69.398157919264,25.546384440881,
    214.52915436375));
#1619 = CARTESIAN_POINT('',(69.379973927235,25.44744823753,
    214.36266430815));
#1620 = CARTESIAN_POINT('',(69.284865230787,25.252251838161,
    214.04763230671));
#1621 = CARTESIAN_POINT('',(69.208559847251,25.159107254887,
    213.90432102874));
#1622 = CARTESIAN_POINT('',(69.109733037569,25.073804772266,
    213.77854538163));
#1623 = CARTESIAN_POINT('',(68.993521618426,24.998421023609,
    213.67107888105));
#1624 = CARTESIAN_POINT('',(68.864634357179,24.934382821784,
    213.58202869951));
#1625 = CARTESIAN_POINT('',(68.72742057574,24.882416194531,213.510995709
    ));
#1626 = CARTESIAN_POINT('',(68.41649275592,24.794825978171,
    213.3926199461));
#1627 = CARTESIAN_POINT('',(68.237055630864,24.763339812414,
    213.35121466839));
#1628 = CARTESIAN_POINT('',(68.051821653205,24.748955788791,
    213.33261773998));
#1629 = CARTESIAN_POINT('',(67.864756771094,24.752280466065,
    213.33693588328));
#1630 = CARTESIAN_POINT('',(67.680107459819,24.773440765399,
    213.36439407488));
#1631 = CARTESIAN_POINT('',(67.502536588777,24.811814222511,
    213.41514602843));
#1632 = CARTESIAN_POINT('',(67.209302380966,24.907814125905,
    213.54586611786));
#1633 = CARTESIAN_POINT('',(67.086095161349,24.959943994705,
    213.61774513522));
#1634 = CARTESIAN_POINT('',(66.970937497885,25.022219719669,
    213.70515970484));
#1635 = CARTESIAN_POINT('',(66.867486247707,25.093918027315,
    213.80830219966));
#1636 = CARTESIAN_POINT('',(66.779592884925,25.173770517936,
    213.92691912169));
#1637 = CARTESIAN_POINT('',(66.711341605324,25.26003674071,
    214.0601965417));
#1638 = CARTESIAN_POINT('',(66.623543737037,25.440228756814,
    214.35101262058));
#1639 = CARTESIAN_POINT('',(66.604560874876,25.531962112779,
    214.50489951971));
#1640 = CARTESIAN_POINT('',(66.613346206744,25.621901932752,
    214.66281761854));
#1641 = CARTESIAN_POINT('',(66.65000431168,25.706305525453,
    214.81863414059));
#1642 = CARTESIAN_POINT('',(66.711854781585,25.782493379718,
    214.9659889333));
#1643 = CARTESIAN_POINT('',(66.793488119608,25.848878813409,
    215.09937063903));
#1644 = CARTESIAN_POINT('',(67.006832478557,25.976951723156,
    215.36449780807));
#1645 = CARTESIAN_POINT('',(67.149573164382,26.033873784109,
    215.48902666513));
#1646 = CARTESIAN_POINT('',(67.307309964222,26.077253060054,
    215.58802321827));
#1647 = CARTESIAN_POINT('',(67.474791829049,26.108672134844,
    215.66167424567));
#1648 = CARTESIAN_POINT('',(67.648079740094,26.129197411529,
    215.71047152564));
#1649 = CARTESIAN_POINT('',(67.824069267775,26.139453221595,
    215.73485189388));
#1650 = CARTESIAN_POINT('',(68.,26.139453221595,215.73485189388));
#1651 = PCURVE('',#1063,#1652);
#1652 = DEFINITIONAL_REPRESENTATION('',(#1653),#1698);
#1653 = B_SPLINE_CURVE_WITH_KNOTS('',7,(#1654,#1655,#1656,#1657,#1658,
    #1659,#1660,#1661,#1662,#1663,#1664,#1665,#1666,#1667,#1668,#1669,
    #1670,#1671,#1672,#1673,#1674,#1675,#1676,#1677,#1678,#1679,#1680,
    #1681,#1682,#1683,#1684,#1685,#1686,#1687,#1688,#1689,#1690,#1691,
    #1692,#1693,#1694,#1695,#1696,#1697),.UNSPECIFIED.,.F.,.F.,(8,6,6,6,
    6,6,6,8),(0.,0.151593402656,0.286432435214,0.42327591116,
    0.587025607199,0.713532307397,0.838816724797,1.),.UNSPECIFIED.);
#1654 = CARTESIAN_POINT('',(0.,8.913598123442));
#1655 = CARTESIAN_POINT('',(0.120076187114,8.913598123442));
#1656 = CARTESIAN_POINT('',(0.240162915196,8.916516224291));
#1657 = CARTESIAN_POINT('',(0.361428874518,8.922354799823));
#1658 = CARTESIAN_POINT('',(0.484857237738,8.930862620254));
#1659 = CARTESIAN_POINT('',(0.611535436918,8.941514620713));
#1660 = CARTESIAN_POINT('',(0.742586977143,8.953352506348));
#1661 = CARTESIAN_POINT('',(1.001556910346,8.975315272113));
#1662 = CARTESIAN_POINT('',(1.131889888286,8.985795097077));
#1663 = CARTESIAN_POINT('',(1.267050333696,8.994974806431));
#1664 = CARTESIAN_POINT('',(1.405108053762,9.001068955825));
#1665 = CARTESIAN_POINT('',(1.544581205545,9.002834258218));
#1666 = CARTESIAN_POINT('',(1.68418138937,9.000398020564));
#1667 = CARTESIAN_POINT('',(1.9621166644,8.988868980702));
#1668 = CARTESIAN_POINT('',(2.096054466104,8.979859044347));
#1669 = CARTESIAN_POINT('',(2.225089461745,8.968872750946));
#1670 = CARTESIAN_POINT('',(2.349849161466,8.957321759867));
#1671 = CARTESIAN_POINT('',(2.47077671808,8.946388141043));
#1672 = CARTESIAN_POINT('',(2.588080129609,8.93690021695));
#1673 = CARTESIAN_POINT('',(2.837812920775,8.920232745909));
#1674 = CARTESIAN_POINT('',(2.971774251646,8.913667565351));
#1675 = CARTESIAN_POINT('',(3.104899031235,8.910509099685));
#1676 = CARTESIAN_POINT('',(3.238017068682,8.911229283016));
#1677 = CARTESIAN_POINT('',(3.371860838067,8.915825543993));
#1678 = CARTESIAN_POINT('',(3.507052321534,8.923681955904));
#1679 = CARTESIAN_POINT('',(3.750239165284,8.941460266291));
#1680 = CARTESIAN_POINT('',(3.859623228942,8.950666548288));
#1681 = CARTESIAN_POINT('',(3.972314215207,8.960891623338));
#1682 = CARTESIAN_POINT('',(4.088412874847,8.971412931756));
#1683 = CARTESIAN_POINT('',(4.208209100528,8.981258756173));
#1684 = CARTESIAN_POINT('',(4.332153370971,8.98932878658));
#1685 = CARTESIAN_POINT('',(4.588724279635,8.999971610645));
#1686 = CARTESIAN_POINT('',(4.718251032559,9.002471577718));
#1687 = CARTESIAN_POINT('',(4.847986915773,9.001402697213));
#1688 = CARTESIAN_POINT('',(4.976690305906,8.99659009164));
#1689 = CARTESIAN_POINT('',(5.103042313509,8.988893312539));
#1690 = CARTESIAN_POINT('',(5.225344800263,8.979693931688));
#1691 = CARTESIAN_POINT('',(5.489126124968,8.958044740547));
#1692 = CARTESIAN_POINT('',(5.630242510406,8.945076262838));
#1693 = CARTESIAN_POINT('',(5.766116091004,8.933145541234));
#1694 = CARTESIAN_POINT('',(5.898076106824,8.923529744465));
#1695 = CARTESIAN_POINT('',(6.027430246671,8.916906515512));
#1696 = CARTESIAN_POINT('',(6.155328670388,8.913598123442));
#1697 = CARTESIAN_POINT('',(6.28318530718,8.913598123442));
#1698 = ( GEOMETRIC_REPRESENTATION_CONTEXT(2) 
PARAMETRIC_REPRESENTATION_CONTEXT() REPRESENTATION_CONTEXT('2D SPACE',''
  ) );
#1699 = PCURVE('',#1146,#1700);
#1700 = DEFINITIONAL_REPRESENTATION('',(#1701),#1746);
#1701 = B_SPLINE_CURVE_WITH_KNOTS('',7,(#1702,#1703,#1704,#1705,#1706,
    #1707,#1708,#1709,#1710,#1711,#1712,#1713,#1714,#1715,#1716,#1717,
    #1718,#1719,#1720,#1721,#1722,#1723,#1724,#1725,#1726,#1727,#1728,
    #1729,#1730,#1731,#1732,#1733,#1734,#1735,#1736,#1737,#1738,#1739,
    #1740,#1741,#1742,#1743,#1744,#1745),.UNSPECIFIED.,.T.,.F.,(8,6,6,6,
    6,6,6,8),(0.,0.151593402656,0.286432435214,0.42327591116,
    0.587025607199,0.713532307397,0.838816724797,1.),.UNSPECIFIED.);
#1702 = CARTESIAN_POINT('',(-5.885005991029,-18.));
#1703 = CARTESIAN_POINT('',(-5.885005991029,-18.16522483346));
#1704 = CARTESIAN_POINT('',(-5.882885193784,-18.3304649188));
#1705 = CARTESIAN_POINT('',(-5.87864247918,-18.4934324301));
#1706 = CARTESIAN_POINT('',(-5.872233606365,-18.6516001528));
#1707 = CARTESIAN_POINT('',(-5.863594688965,-18.80183295463));
#1708 = CARTESIAN_POINT('',(-5.852659726519,-18.94001243221));
#1709 = CARTESIAN_POINT('',(-5.827619388242,-19.16715377193));
#1710 = CARTESIAN_POINT('',(-5.813643402114,-19.26308433156));
#1711 = CARTESIAN_POINT('',(-5.7977724647,-19.33769949189));
#1712 = CARTESIAN_POINT('',(-5.780580865186,-19.38396501237));
#1713 = CARTESIAN_POINT('',(-5.76279718152,-19.39815791926));
#1714 = CARTESIAN_POINT('',(-5.745193986631,-19.37997392723));
#1715 = CARTESIAN_POINT('',(-5.711502778732,-19.28486523078));
#1716 = CARTESIAN_POINT('',(-5.695968131306,-19.20855984725));
#1717 = CARTESIAN_POINT('',(-5.682156070794,-19.10973303757));
#1718 = CARTESIAN_POINT('',(-5.670224042259,-18.99352161842));
#1719 = CARTESIAN_POINT('',(-5.660253248303,-18.86463435717));
#1720 = CARTESIAN_POINT('',(-5.652252215295,-18.72742057574));
#1721 = CARTESIAN_POINT('',(-5.638865140228,-18.41649275592));
#1722 = CARTESIAN_POINT('',(-5.634136725284,-18.23705563086));
#1723 = CARTESIAN_POINT('',(-5.631999242156,-18.0518216532));
#1724 = CARTESIAN_POINT('',(-5.632494717084,-17.86475677109));
#1725 = CARTESIAN_POINT('',(-5.635646263045,-17.68010745981));
#1726 = CARTESIAN_POINT('',(-5.641429888531,-17.50253658877));
#1727 = CARTESIAN_POINT('',(-5.656173909095,-17.20930238096));
#1728 = CARTESIAN_POINT('',(-5.664245817733,-17.08609516134));
#1729 = CARTESIAN_POINT('',(-5.674002427853,-16.97093749788));
#1730 = CARTESIAN_POINT('',(-5.68542042169,-16.8674862477));
#1731 = CARTESIAN_POINT('',(-5.698416553687,-16.77959288492));
#1732 = CARTESIAN_POINT('',(-5.71284646525,-16.71134160532));
#1733 = CARTESIAN_POINT('',(-5.743947892818,-16.62354373703));
#1734 = CARTESIAN_POINT('',(-5.760232248361,-16.60456087487));
#1735 = CARTESIAN_POINT('',(-5.77674818981,-16.61334620674));
#1736 = CARTESIAN_POINT('',(-5.792851917588,-16.65000431168));
#1737 = CARTESIAN_POINT('',(-5.807929576906,-16.71185478158));
#1738 = CARTESIAN_POINT('',(-5.82147306406,-16.7934881196));
#1739 = CARTESIAN_POINT('',(-5.848240363398,-17.00683247855));
#1740 = CARTESIAN_POINT('',(-5.860684973674,-17.14957316438));
#1741 = CARTESIAN_POINT('',(-5.870509640059,-17.30730996422));
#1742 = CARTESIAN_POINT('',(-5.87778892075,-17.47479182904));
#1743 = CARTESIAN_POINT('',(-5.882601473615,-17.64807974009));
#1744 = CARTESIAN_POINT('',(-5.885005991029,-17.82406926777));
#1745 = CARTESIAN_POINT('',(-5.885005991029,-18.));
#1746 = ( GEOMETRIC_REPRESENTATION_CONTEXT(2) 
PARAMETRIC_REPRESENTATION_CONTEXT() REPRESENTATION_CONTEXT('2D SPACE',''
  ) );
#1747 = ORIENTED_EDGE('',*,*,#1748,.F.);
#1748 = EDGE_CURVE('',#952,#1603,#1749,.T.);
#1749 = SEAM_CURVE('',#1750,(#1754,#1761),.PCURVE_S1.);
#1750 = LINE('',#1751,#1752);
#1751 = CARTESIAN_POINT('',(68.,18.420050807569,220.1916509556));
#1752 = VECTOR('',#1753,1.);
#1753 = DIRECTION('',(0.,0.866025403784,-0.5));
#1754 = PCURVE('',#1063,#1755);
#1755 = DEFINITIONAL_REPRESENTATION('',(#1756),#1760);
#1756 = LINE('',#1757,#1758);
#1757 = CARTESIAN_POINT('',(6.28318530718,-0.));
#1758 = VECTOR('',#1759,1.);
#1759 = DIRECTION('',(0.,1.));
#1760 = ( GEOMETRIC_REPRESENTATION_CONTEXT(2) 
PARAMETRIC_REPRESENTATION_CONTEXT() REPRESENTATION_CONTEXT('2D SPACE',''
  ) );
#1761 = PCURVE('',#1063,#1762);
#1762 = DEFINITIONAL_REPRESENTATION('',(#1763),#1767);
#1763 = LINE('',#1764,#1765);
#1764 = CARTESIAN_POINT('',(0.,-0.));
#1765 = VECTOR('',#1766,1.);
#1766 = DIRECTION('',(0.,1.));
#1767 = ( GEOMETRIC_REPRESENTATION_CONTEXT(2) 
PARAMETRIC_REPRESENTATION_CONTEXT() REPRESENTATION_CONTEXT('2D SPACE',''
  ) );
#1768 = ORIENTED_EDGE('',*,*,#951,.T.);
#1769 = ORIENTED_EDGE('',*,*,#1748,.T.);
#1770 = ADVANCED_FACE('',(#1771,#1799,#1802,#1805),#1146,.T.);
#1771 = FACE_BOUND('',#1772,.F.);
#1772 = EDGE_LOOP('',(#1773,#1794,#1795,#1796,#1797,#1798));
#1773 = ORIENTED_EDGE('',*,*,#1774,.F.);
#1774 = EDGE_CURVE('',#393,#1229,#1775,.T.);
#1775 = SEAM_CURVE('',#1776,(#1780,#1787),.PCURVE_S1.);
#1776 = LINE('',#1777,#1778);
#1777 = CARTESIAN_POINT('',(50.,27.,220.));
#1778 = VECTOR('',#1779,1.);
#1779 = DIRECTION('',(1.,0.,0.));
#1780 = PCURVE('',#1146,#1781);
#1781 = DEFINITIONAL_REPRESENTATION('',(#1782),#1786);
#1782 = LINE('',#1783,#1784);
#1783 = CARTESIAN_POINT('',(-6.28318530718,0.));
#1784 = VECTOR('',#1785,1.);
#1785 = DIRECTION('',(-0.,-1.));
#1786 = ( GEOMETRIC_REPRESENTATION_CONTEXT(2) 
PARAMETRIC_REPRESENTATION_CONTEXT() REPRESENTATION_CONTEXT('2D SPACE',''
  ) );
#1787 = PCURVE('',#1146,#1788);
#1788 = DEFINITIONAL_REPRESENTATION('',(#1789),#1793);
#1789 = LINE('',#1790,#1791);
#1790 = CARTESIAN_POINT('',(-0.,0.));
#1791 = VECTOR('',#1792,1.);
#1792 = DIRECTION('',(-0.,-1.));
#1793 = ( GEOMETRIC_REPRESENTATION_CONTEXT(2) 
PARAMETRIC_REPRESENTATION_CONTEXT() REPRESENTATION_CONTEXT('2D SPACE',''
  ) );
#1794 = ORIENTED_EDGE('',*,*,#1196,.T.);
#1795 = ORIENTED_EDGE('',*,*,#1127,.T.);
#1796 = ORIENTED_EDGE('',*,*,#1162,.T.);
#1797 = ORIENTED_EDGE('',*,*,#1774,.T.);
#1798 = ORIENTED_EDGE('',*,*,#1228,.T.);
#1799 = FACE_BOUND('',#1800,.F.);
#1800 = EDGE_LOOP('',(#1801));
#1801 = ORIENTED_EDGE('',*,*,#1430,.T.);
#1802 = FACE_BOUND('',#1803,.F.);
#1803 = EDGE_LOOP('',(#1804));
#1804 = ORIENTED_EDGE('',*,*,#1602,.T.);
#1805 = FACE_BOUND('',#1806,.F.);
#1806 = EDGE_LOOP('',(#1807));
#1807 = ORIENTED_EDGE('',*,*,#1258,.T.);
#1808 = ( GEOMETRIC_REPRESENTATION_CONTEXT(3) 
GLOBAL_UNCERTAINTY_ASSIGNED_CONTEXT((#1812)) 
GLOBAL_UNIT_ASSIGNED_CONTEXT((#1809,#1810,#1811)) REPRESENTATION_CONTEXT
('Context #1','3D Context with UNIT and UNCERTAINTY') );
#1809 = ( LENGTH_UNIT() NAMED_UNIT(*) SI_UNIT(.MILLI.,.METRE.) );
#1810 = ( NAMED_UNIT(*) PLANE_ANGLE_UNIT() SI_UNIT($,.RADIAN.) );
#1811 = ( NAMED_UNIT(*) SI_UNIT($,.STERADIAN.) SOLID_ANGLE_UNIT() );
#1812 = UNCERTAINTY_MEASURE_WITH_UNIT(LENGTH_MEASURE(1.E-07),#1809,
  'distance_accuracy_value','confusion accuracy');
#1813 = PRODUCT_RELATED_PRODUCT_CATEGORY('part',$,(#7));
ENDSEC;
END-ISO-10303-21;
