ISO-10303-21;
HEADER;
FILE_DESCRIPTION(('Open CASCADE Model'),'2;1');
FILE_NAME('Open CASCADE Shape Model','2026-09-30T11:40:28',('Author'),(
    'Open CASCADE'),'Open CASCADE STEP processor 7.9','Open CASCADE 7.9'
  ,'Unknown');
FILE_SCHEMA(('AUTOMOTIVE_DESIGN { 1 0 10303 214 1 1 1 1 }'));
ENDSEC;
DATA;
#1 = APPLICATION_PROTOCOL_DEFINITION('international standard',
  'automotive_design',2000,#2);
#2 = APPLICATION_CONTEXT(
  'core data for automotive mechanical design processes');
#3 = SHAPE_DEFINITION_REPRESENTATION(#4,#10);
#4 = PRODUCT_DEFINITION_SHAPE('','',#5);
#5 = PRODUCT_DEFINITION('design','',#6,#9);
#6 = PRODUCT_DEFINITION_FORMATION('','',#7);
#7 = PRODUCT('Open CASCADE STEP translator 7.9 17',
  'Open CASCADE STEP translator 7.9 17','',(#8));
#8 = PRODUCT_CONTEXT('',#2,'mechanical');
#9 = PRODUCT_DEFINITION_CONTEXT('part definition',#2,'design');
#10 = ADVANCED_BREP_SHAPE_REPRESENTATION('',(#11,#15),#14397);
#11 = AXIS2_PLACEMENT_3D('',#12,#13,#14);
#12 = CARTESIAN_POINT('',(0.,0.,0.));
#13 = DIRECTION('',(0.,0.,1.));
#14 = DIRECTION('',(1.,0.,-0.));
#15 = MANIFOLD_SOLID_BREP('',#16);
#16 = CLOSED_SHELL('',(#17,#105,#140,#284,#339,#394,#449,#504,#559,#5525
    ,#5529,#5533,#5537,#5541,#5618,#5672,#5722,#5776,#5826,#5880,#5930,
    #5984,#6034,#6088,#6138,#6192,#6242,#6296,#6346,#6400,#6450,#6504,
    #6554,#6608,#6658,#6712,#6762,#6816,#6866,#6920,#6970,#7024,#7074,
    #7128,#7178,#7232,#7282,#7336,#7386,#7440,#7490,#7544,#7594,#7648,
    #7698,#7752,#7802,#7856,#7906,#7960,#8010,#8064,#8114,#8168,#8218,
    #8272,#8322,#8376,#8426,#8480,#8530,#8584,#8634,#8688,#8738,#8792,
    #8842,#8896,#8946,#9000,#9050,#9104,#9154,#9208,#9258,#9312,#9362,
    #9416,#9466,#9520,#9570,#9624,#9674,#9728,#9778,#9832,#9882,#9936,
    #9986,#10040,#10090,#10144,#10194,#10248,#10298,#10352,#10402,#10456
    ,#10506,#10560,#10610,#10664,#10714,#10768,#10818,#10872,#10922,
    #10976,#11026,#11080,#11130,#11184,#11234,#11288,#11338,#11392,
    #11442,#11496,#11546,#11600,#11650,#11704,#11754,#11808,#11858,
    #11912,#11962,#12016,#12066,#12120,#12170,#12224,#12274,#12328,
    #12378,#12432,#12482,#12536,#12586,#12640,#12690,#12744,#12794,
    #12848,#12898,#12952,#13002,#13056,#13106,#13160,#13210,#13264,
    #13314,#13368,#13418,#13472,#13522,#13576,#13626,#13680,#13730,
    #13784,#13834,#13866,#14060,#14115,#14150,#14205,#14244,#14299,
    #14338,#14393));
#17 = ADVANCED_FACE('',(#18),#31,.T.);
#18 = FACE_BOUND('',#19,.F.);
#19 = EDGE_LOOP('',(#20,#54,#77,#104));
#20 = ORIENTED_EDGE('',*,*,#21,.T.);
#21 = EDGE_CURVE('',#22,#22,#24,.T.);
#22 = VERTEX_POINT('',#23);
#23 = CARTESIAN_POINT('',(23.,36.,212.));
#24 = SURFACE_CURVE('',#25,(#30,#42),.PCURVE_S1.);
#25 = CIRCLE('',#26,23.);
#26 = AXIS2_PLACEMENT_3D('',#27,#28,#29);
#27 = CARTESIAN_POINT('',(0.,36.,212.));
#28 = DIRECTION('',(-0.,1.,0.));
#29 = DIRECTION('',(1.,0.,0.));
#30 = PCURVE('',#31,#36);
#31 = CYLINDRICAL_SURFACE('',#32,23.);
#32 = AXIS2_PLACEMENT_3D('',#33,#34,#35);
#33 = CARTESIAN_POINT('',(0.,36.01,212.));
#34 = DIRECTION('',(-0.,1.,-0.));
#35 = DIRECTION('',(1.,0.,0.));
#36 = DEFINITIONAL_REPRESENTATION('',(#37),#41);
#37 = LINE('',#38,#39);
#38 = CARTESIAN_POINT('',(-6.28318530718,-9.999999999998E-03));
#39 = VECTOR('',#40,1.);
#40 = DIRECTION('',(1.,-0.));
#41 = ( GEOMETRIC_REPRESENTATION_CONTEXT(2) 
PARAMETRIC_REPRESENTATION_CONTEXT() REPRESENTATION_CONTEXT('2D SPACE',''
  ) );
#42 = PCURVE('',#43,#48);
#43 = PLANE('',#44);
#44 = AXIS2_PLACEMENT_3D('',#45,#46,#47);
#45 = CARTESIAN_POINT('',(-2.412172678695E-15,36.,212.));
#46 = DIRECTION('',(0.,1.,1.110223024625E-16));
#47 = DIRECTION('',(1.,0.,0.));
#48 = DEFINITIONAL_REPRESENTATION('',(#49),#53);
#49 = CIRCLE('',#50,23.);
#50 = AXIS2_PLACEMENT_2D('',#51,#52);
#51 = CARTESIAN_POINT('',(2.412172678695E-15,0.));
#52 = DIRECTION('',(1.,0.));
#53 = ( GEOMETRIC_REPRESENTATION_CONTEXT(2) 
PARAMETRIC_REPRESENTATION_CONTEXT() REPRESENTATION_CONTEXT('2D SPACE',''
  ) );
#54 = ORIENTED_EDGE('',*,*,#55,.T.);
#55 = EDGE_CURVE('',#22,#56,#58,.T.);
#56 = VERTEX_POINT('',#57);
#57 = CARTESIAN_POINT('',(23.,32.,212.));
#58 = SEAM_CURVE('',#59,(#63,#70),.PCURVE_S1.);
#59 = LINE('',#60,#61);
#60 = CARTESIAN_POINT('',(23.,36.01,212.));
#61 = VECTOR('',#62,1.);
#62 = DIRECTION('',(0.,-1.,0.));
#63 = PCURVE('',#31,#64);
#64 = DEFINITIONAL_REPRESENTATION('',(#65),#69);
#65 = LINE('',#66,#67);
#66 = CARTESIAN_POINT('',(-6.28318530718,0.));
#67 = VECTOR('',#68,1.);
#68 = DIRECTION('',(-0.,-1.));
#69 = ( GEOMETRIC_REPRESENTATION_CONTEXT(2) 
PARAMETRIC_REPRESENTATION_CONTEXT() REPRESENTATION_CONTEXT('2D SPACE',''
  ) );
#70 = PCURVE('',#31,#71);
#71 = DEFINITIONAL_REPRESENTATION('',(#72),#76);
#72 = LINE('',#73,#74);
#73 = CARTESIAN_POINT('',(-0.,0.));
#74 = VECTOR('',#75,1.);
#75 = DIRECTION('',(-0.,-1.));
#76 = ( GEOMETRIC_REPRESENTATION_CONTEXT(2) 
PARAMETRIC_REPRESENTATION_CONTEXT() REPRESENTATION_CONTEXT('2D SPACE',''
  ) );
#77 = ORIENTED_EDGE('',*,*,#78,.T.);
#78 = EDGE_CURVE('',#56,#56,#79,.T.);
#79 = SURFACE_CURVE('',#80,(#85,#92),.PCURVE_S1.);
#80 = CIRCLE('',#81,23.);
#81 = AXIS2_PLACEMENT_3D('',#82,#83,#84);
#82 = CARTESIAN_POINT('',(0.,32.,212.));
#83 = DIRECTION('',(0.,-1.,0.));
#84 = DIRECTION('',(1.,0.,0.));
#85 = PCURVE('',#31,#86);
#86 = DEFINITIONAL_REPRESENTATION('',(#87),#91);
#87 = LINE('',#88,#89);
#88 = CARTESIAN_POINT('',(-0.,-4.01));
#89 = VECTOR('',#90,1.);
#90 = DIRECTION('',(-1.,0.));
#91 = ( GEOMETRIC_REPRESENTATION_CONTEXT(2) 
PARAMETRIC_REPRESENTATION_CONTEXT() REPRESENTATION_CONTEXT('2D SPACE',''
  ) );
#92 = PCURVE('',#93,#98);
#93 = PLANE('',#94);
#94 = AXIS2_PLACEMENT_3D('',#95,#96,#97);
#95 = CARTESIAN_POINT('',(-4.756313504485E-16,32.,212.));
#96 = DIRECTION('',(-0.,-1.,-0.));
#97 = DIRECTION('',(0.,0.,-1.));
#98 = DEFINITIONAL_REPRESENTATION('',(#99),#103);
#99 = CIRCLE('',#100,23.);
#100 = AXIS2_PLACEMENT_2D('',#101,#102);
#101 = CARTESIAN_POINT('',(2.84217094304E-14,4.756313504485E-16));
#102 = DIRECTION('',(0.,1.));
#103 = ( GEOMETRIC_REPRESENTATION_CONTEXT(2) 
PARAMETRIC_REPRESENTATION_CONTEXT() REPRESENTATION_CONTEXT('2D SPACE',''
  ) );
#104 = ORIENTED_EDGE('',*,*,#55,.F.);
#105 = ADVANCED_FACE('',(#106,#137),#43,.F.);
#106 = FACE_BOUND('',#107,.F.);
#107 = EDGE_LOOP('',(#108));
#108 = ORIENTED_EDGE('',*,*,#109,.T.);
#109 = EDGE_CURVE('',#110,#110,#112,.T.);
#110 = VERTEX_POINT('',#111);
#111 = CARTESIAN_POINT('',(27.210790894703,36.,212.));
#112 = SURFACE_CURVE('',#113,(#118,#125),.PCURVE_S1.);
#113 = CIRCLE('',#114,27.210790894703);
#114 = AXIS2_PLACEMENT_3D('',#115,#116,#117);
#115 = CARTESIAN_POINT('',(0.,36.,212.));
#116 = DIRECTION('',(-0.,1.,1.110223024625E-16));
#117 = DIRECTION('',(1.,0.,0.));
#118 = PCURVE('',#43,#119);
#119 = DEFINITIONAL_REPRESENTATION('',(#120),#124);
#120 = CIRCLE('',#121,27.210790894703);
#121 = AXIS2_PLACEMENT_2D('',#122,#123);
#122 = CARTESIAN_POINT('',(2.412172678695E-15,0.));
#123 = DIRECTION('',(1.,0.));
#124 = ( GEOMETRIC_REPRESENTATION_CONTEXT(2) 
PARAMETRIC_REPRESENTATION_CONTEXT() REPRESENTATION_CONTEXT('2D SPACE',''
  ) );
#125 = PCURVE('',#126,#131);
#126 = CYLINDRICAL_SURFACE('',#127,27.210790894703);
#127 = AXIS2_PLACEMENT_3D('',#128,#129,#130);
#128 = CARTESIAN_POINT('',(0.,36.,212.));
#129 = DIRECTION('',(-0.,-1.,-1.110223024625E-16));
#130 = DIRECTION('',(1.,0.,0.));
#131 = DEFINITIONAL_REPRESENTATION('',(#132),#136);
#132 = LINE('',#133,#134);
#133 = CARTESIAN_POINT('',(-0.,0.));
#134 = VECTOR('',#135,1.);
#135 = DIRECTION('',(-1.,0.));
#136 = ( GEOMETRIC_REPRESENTATION_CONTEXT(2) 
PARAMETRIC_REPRESENTATION_CONTEXT() REPRESENTATION_CONTEXT('2D SPACE',''
  ) );
#137 = FACE_BOUND('',#138,.F.);
#138 = EDGE_LOOP('',(#139));
#139 = ORIENTED_EDGE('',*,*,#21,.F.);
#140 = ADVANCED_FACE('',(#141,#144,#179,#214,#249),#93,.T.);
#141 = FACE_BOUND('',#142,.T.);
#142 = EDGE_LOOP('',(#143));
#143 = ORIENTED_EDGE('',*,*,#78,.T.);
#144 = FACE_BOUND('',#145,.T.);
#145 = EDGE_LOOP('',(#146));
#146 = ORIENTED_EDGE('',*,*,#147,.T.);
#147 = EDGE_CURVE('',#148,#148,#150,.T.);
#148 = VERTEX_POINT('',#149);
#149 = CARTESIAN_POINT('',(-14.64546997001,32.,202.75));
#150 = SURFACE_CURVE('',#151,(#156,#167),.PCURVE_S1.);
#151 = CIRCLE('',#152,1.376);
#152 = AXIS2_PLACEMENT_3D('',#153,#154,#155);
#153 = CARTESIAN_POINT('',(-16.02146997001,32.,202.75));
#154 = DIRECTION('',(-0.,1.,0.));
#155 = DIRECTION('',(1.,0.,0.));
#156 = PCURVE('',#93,#157);
#157 = DEFINITIONAL_REPRESENTATION('',(#158),#166);
#158 = ( BOUNDED_CURVE() B_SPLINE_CURVE(2,(#159,#160,#161,#162,#163,#164
,#165),.UNSPECIFIED.,.T.,.F.) B_SPLINE_CURVE_WITH_KNOTS((1,2,2,2,2,1),(
    -2.094395102393,0.,2.094395102393,4.188790204786,6.28318530718,
8.377580409573),.UNSPECIFIED.) CURVE() GEOMETRIC_REPRESENTATION_ITEM() 
RATIONAL_B_SPLINE_CURVE((1.,0.5,1.,0.5,1.,0.5,1.)) REPRESENTATION_ITEM(
  '') );
#159 = CARTESIAN_POINT('',(9.25,-14.64546997001));
#160 = CARTESIAN_POINT('',(11.633301911215,-14.64546997001));
#161 = CARTESIAN_POINT('',(10.441650955607,-16.70946997001));
#162 = CARTESIAN_POINT('',(9.25,-18.77346997001));
#163 = CARTESIAN_POINT('',(8.058349044393,-16.70946997001));
#164 = CARTESIAN_POINT('',(6.866698088785,-14.64546997001));
#165 = CARTESIAN_POINT('',(9.25,-14.64546997001));
#166 = ( GEOMETRIC_REPRESENTATION_CONTEXT(2) 
PARAMETRIC_REPRESENTATION_CONTEXT() REPRESENTATION_CONTEXT('2D SPACE',''
  ) );
#167 = PCURVE('',#168,#173);
#168 = CYLINDRICAL_SURFACE('',#169,1.376);
#169 = AXIS2_PLACEMENT_3D('',#170,#171,#172);
#170 = CARTESIAN_POINT('',(-16.02146997001,43.,202.75));
#171 = DIRECTION('',(-0.,1.,-0.));
#172 = DIRECTION('',(1.,0.,0.));
#173 = DEFINITIONAL_REPRESENTATION('',(#174),#178);
#174 = LINE('',#175,#176);
#175 = CARTESIAN_POINT('',(-6.28318530718,-11.));
#176 = VECTOR('',#177,1.);
#177 = DIRECTION('',(1.,-0.));
#178 = ( GEOMETRIC_REPRESENTATION_CONTEXT(2) 
PARAMETRIC_REPRESENTATION_CONTEXT() REPRESENTATION_CONTEXT('2D SPACE',''
  ) );
#179 = FACE_BOUND('',#180,.T.);
#180 = EDGE_LOOP('',(#181));
#181 = ORIENTED_EDGE('',*,*,#182,.T.);
#182 = EDGE_CURVE('',#183,#183,#185,.T.);
#183 = VERTEX_POINT('',#184);
#184 = CARTESIAN_POINT('',(1.376,32.,230.5));
#185 = SURFACE_CURVE('',#186,(#191,#202),.PCURVE_S1.);
#186 = CIRCLE('',#187,1.376);
#187 = AXIS2_PLACEMENT_3D('',#188,#189,#190);
#188 = CARTESIAN_POINT('',(1.132798289211E-15,32.,230.5));
#189 = DIRECTION('',(-0.,1.,0.));
#190 = DIRECTION('',(1.,0.,0.));
#191 = PCURVE('',#93,#192);
#192 = DEFINITIONAL_REPRESENTATION('',(#193),#201);
#193 = ( BOUNDED_CURVE() B_SPLINE_CURVE(2,(#194,#195,#196,#197,#198,#199
,#200),.UNSPECIFIED.,.T.,.F.) B_SPLINE_CURVE_WITH_KNOTS((1,2,2,2,2,1),(
    -2.094395102393,0.,2.094395102393,4.188790204786,6.28318530718,
8.377580409573),.UNSPECIFIED.) CURVE() GEOMETRIC_REPRESENTATION_ITEM() 
RATIONAL_B_SPLINE_CURVE((1.,0.5,1.,0.5,1.,0.5,1.)) REPRESENTATION_ITEM(
  '') );
#194 = CARTESIAN_POINT('',(-18.5,1.376));
#195 = CARTESIAN_POINT('',(-16.11669808878,1.376));
#196 = CARTESIAN_POINT('',(-17.30834904439,-0.688));
#197 = CARTESIAN_POINT('',(-18.5,-2.752));
#198 = CARTESIAN_POINT('',(-19.6916509556,-0.688));
#199 = CARTESIAN_POINT('',(-20.88330191121,1.376));
#200 = CARTESIAN_POINT('',(-18.5,1.376));
#201 = ( GEOMETRIC_REPRESENTATION_CONTEXT(2) 
PARAMETRIC_REPRESENTATION_CONTEXT() REPRESENTATION_CONTEXT('2D SPACE',''
  ) );
#202 = PCURVE('',#203,#208);
#203 = CYLINDRICAL_SURFACE('',#204,1.376);
#204 = AXIS2_PLACEMENT_3D('',#205,#206,#207);
#205 = CARTESIAN_POINT('',(1.132798289211E-15,43.,230.5));
#206 = DIRECTION('',(-0.,1.,-0.));
#207 = DIRECTION('',(1.,0.,0.));
#208 = DEFINITIONAL_REPRESENTATION('',(#209),#213);
#209 = LINE('',#210,#211);
#210 = CARTESIAN_POINT('',(-6.28318530718,-11.));
#211 = VECTOR('',#212,1.);
#212 = DIRECTION('',(1.,-0.));
#213 = ( GEOMETRIC_REPRESENTATION_CONTEXT(2) 
PARAMETRIC_REPRESENTATION_CONTEXT() REPRESENTATION_CONTEXT('2D SPACE',''
  ) );
#214 = FACE_BOUND('',#215,.T.);
#215 = EDGE_LOOP('',(#216));
#216 = ORIENTED_EDGE('',*,*,#217,.T.);
#217 = EDGE_CURVE('',#218,#218,#220,.T.);
#218 = VERTEX_POINT('',#219);
#219 = CARTESIAN_POINT('',(8.,32.,212.));
#220 = SURFACE_CURVE('',#221,(#226,#237),.PCURVE_S1.);
#221 = CIRCLE('',#222,8.);
#222 = AXIS2_PLACEMENT_3D('',#223,#224,#225);
#223 = CARTESIAN_POINT('',(0.,32.,212.));
#224 = DIRECTION('',(-0.,1.,0.));
#225 = DIRECTION('',(1.,0.,0.));
#226 = PCURVE('',#93,#227);
#227 = DEFINITIONAL_REPRESENTATION('',(#228),#236);
#228 = ( BOUNDED_CURVE() B_SPLINE_CURVE(2,(#229,#230,#231,#232,#233,#234
,#235),.UNSPECIFIED.,.T.,.F.) B_SPLINE_CURVE_WITH_KNOTS((1,2,2,2,2,1),(
    -2.094395102393,0.,2.094395102393,4.188790204786,6.28318530718,
8.377580409573),.UNSPECIFIED.) CURVE() GEOMETRIC_REPRESENTATION_ITEM() 
RATIONAL_B_SPLINE_CURVE((1.,0.5,1.,0.5,1.,0.5,1.)) REPRESENTATION_ITEM(
  '') );
#229 = CARTESIAN_POINT('',(2.84217094304E-14,8.));
#230 = CARTESIAN_POINT('',(13.856406460551,8.));
#231 = CARTESIAN_POINT('',(6.928203230276,-4.));
#232 = CARTESIAN_POINT('',(3.038114430904E-14,-16.));
#233 = CARTESIAN_POINT('',(-6.928203230275,-4.));
#234 = CARTESIAN_POINT('',(-13.85640646055,8.));
#235 = CARTESIAN_POINT('',(2.84217094304E-14,8.));
#236 = ( GEOMETRIC_REPRESENTATION_CONTEXT(2) 
PARAMETRIC_REPRESENTATION_CONTEXT() REPRESENTATION_CONTEXT('2D SPACE',''
  ) );
#237 = PCURVE('',#238,#243);
#238 = CYLINDRICAL_SURFACE('',#239,8.);
#239 = AXIS2_PLACEMENT_3D('',#240,#241,#242);
#240 = CARTESIAN_POINT('',(0.,59.,212.));
#241 = DIRECTION('',(-0.,1.,-0.));
#242 = DIRECTION('',(1.,0.,0.));
#243 = DEFINITIONAL_REPRESENTATION('',(#244),#248);
#244 = LINE('',#245,#246);
#245 = CARTESIAN_POINT('',(-6.28318530718,-27.));
#246 = VECTOR('',#247,1.);
#247 = DIRECTION('',(1.,-0.));
#248 = ( GEOMETRIC_REPRESENTATION_CONTEXT(2) 
PARAMETRIC_REPRESENTATION_CONTEXT() REPRESENTATION_CONTEXT('2D SPACE',''
  ) );
#249 = FACE_BOUND('',#250,.T.);
#250 = EDGE_LOOP('',(#251));
#251 = ORIENTED_EDGE('',*,*,#252,.T.);
#252 = EDGE_CURVE('',#253,#253,#255,.T.);
#253 = VERTEX_POINT('',#254);
#254 = CARTESIAN_POINT('',(17.397469970012,32.,202.75));
#255 = SURFACE_CURVE('',#256,(#261,#272),.PCURVE_S1.);
#256 = CIRCLE('',#257,1.376);
#257 = AXIS2_PLACEMENT_3D('',#258,#259,#260);
#258 = CARTESIAN_POINT('',(16.021469970012,32.,202.75));
#259 = DIRECTION('',(-0.,1.,0.));
#260 = DIRECTION('',(1.,0.,0.));
#261 = PCURVE('',#93,#262);
#262 = DEFINITIONAL_REPRESENTATION('',(#263),#271);
#263 = ( BOUNDED_CURVE() B_SPLINE_CURVE(2,(#264,#265,#266,#267,#268,#269
,#270),.UNSPECIFIED.,.T.,.F.) B_SPLINE_CURVE_WITH_KNOTS((1,2,2,2,2,1),(
    -2.094395102393,0.,2.094395102393,4.188790204786,6.28318530718,
8.377580409573),.UNSPECIFIED.) CURVE() GEOMETRIC_REPRESENTATION_ITEM() 
RATIONAL_B_SPLINE_CURVE((1.,0.5,1.,0.5,1.,0.5,1.)) REPRESENTATION_ITEM(
  '') );
#264 = CARTESIAN_POINT('',(9.25,17.397469970012));
#265 = CARTESIAN_POINT('',(11.633301911215,17.397469970012));
#266 = CARTESIAN_POINT('',(10.441650955607,15.333469970012));
#267 = CARTESIAN_POINT('',(9.25,13.269469970012));
#268 = CARTESIAN_POINT('',(8.058349044393,15.333469970012));
#269 = CARTESIAN_POINT('',(6.866698088785,17.397469970012));
#270 = CARTESIAN_POINT('',(9.25,17.397469970012));
#271 = ( GEOMETRIC_REPRESENTATION_CONTEXT(2) 
PARAMETRIC_REPRESENTATION_CONTEXT() REPRESENTATION_CONTEXT('2D SPACE',''
  ) );
#272 = PCURVE('',#273,#278);
#273 = CYLINDRICAL_SURFACE('',#274,1.376);
#274 = AXIS2_PLACEMENT_3D('',#275,#276,#277);
#275 = CARTESIAN_POINT('',(16.021469970012,43.,202.75));
#276 = DIRECTION('',(-0.,1.,-0.));
#277 = DIRECTION('',(1.,0.,0.));
#278 = DEFINITIONAL_REPRESENTATION('',(#279),#283);
#279 = LINE('',#280,#281);
#280 = CARTESIAN_POINT('',(-6.28318530718,-11.));
#281 = VECTOR('',#282,1.);
#282 = DIRECTION('',(1.,-0.));
#283 = ( GEOMETRIC_REPRESENTATION_CONTEXT(2) 
PARAMETRIC_REPRESENTATION_CONTEXT() REPRESENTATION_CONTEXT('2D SPACE',''
  ) );
#284 = ADVANCED_FACE('',(#285),#126,.T.);
#285 = FACE_BOUND('',#286,.F.);
#286 = EDGE_LOOP('',(#287,#310,#337,#338));
#287 = ORIENTED_EDGE('',*,*,#288,.T.);
#288 = EDGE_CURVE('',#110,#289,#291,.T.);
#289 = VERTEX_POINT('',#290);
#290 = CARTESIAN_POINT('',(27.210790894703,37.5,212.));
#291 = SEAM_CURVE('',#292,(#296,#303),.PCURVE_S1.);
#292 = LINE('',#293,#294);
#293 = CARTESIAN_POINT('',(27.210790894703,36.,212.));
#294 = VECTOR('',#295,1.);
#295 = DIRECTION('',(0.,1.,1.110223024625E-16));
#296 = PCURVE('',#126,#297);
#297 = DEFINITIONAL_REPRESENTATION('',(#298),#302);
#298 = LINE('',#299,#300);
#299 = CARTESIAN_POINT('',(-0.,0.));
#300 = VECTOR('',#301,1.);
#301 = DIRECTION('',(-0.,-1.));
#302 = ( GEOMETRIC_REPRESENTATION_CONTEXT(2) 
PARAMETRIC_REPRESENTATION_CONTEXT() REPRESENTATION_CONTEXT('2D SPACE',''
  ) );
#303 = PCURVE('',#126,#304);
#304 = DEFINITIONAL_REPRESENTATION('',(#305),#309);
#305 = LINE('',#306,#307);
#306 = CARTESIAN_POINT('',(-6.28318530718,0.));
#307 = VECTOR('',#308,1.);
#308 = DIRECTION('',(-0.,-1.));
#309 = ( GEOMETRIC_REPRESENTATION_CONTEXT(2) 
PARAMETRIC_REPRESENTATION_CONTEXT() REPRESENTATION_CONTEXT('2D SPACE',''
  ) );
#310 = ORIENTED_EDGE('',*,*,#311,.T.);
#311 = EDGE_CURVE('',#289,#289,#312,.T.);
#312 = SURFACE_CURVE('',#313,(#318,#325),.PCURVE_S1.);
#313 = CIRCLE('',#314,27.210790894703);
#314 = AXIS2_PLACEMENT_3D('',#315,#316,#317);
#315 = CARTESIAN_POINT('',(0.,37.5,212.));
#316 = DIRECTION('',(-0.,1.,1.110223024625E-16));
#317 = DIRECTION('',(1.,0.,0.));
#318 = PCURVE('',#126,#319);
#319 = DEFINITIONAL_REPRESENTATION('',(#320),#324);
#320 = LINE('',#321,#322);
#321 = CARTESIAN_POINT('',(-0.,-1.5));
#322 = VECTOR('',#323,1.);
#323 = DIRECTION('',(-1.,0.));
#324 = ( GEOMETRIC_REPRESENTATION_CONTEXT(2) 
PARAMETRIC_REPRESENTATION_CONTEXT() REPRESENTATION_CONTEXT('2D SPACE',''
  ) );
#325 = PCURVE('',#326,#331);
#326 = PLANE('',#327);
#327 = AXIS2_PLACEMENT_3D('',#328,#329,#330);
#328 = CARTESIAN_POINT('',(-2.412172678695E-15,37.5,212.));
#329 = DIRECTION('',(0.,1.,1.110223024625E-16));
#330 = DIRECTION('',(1.,0.,0.));
#331 = DEFINITIONAL_REPRESENTATION('',(#332),#336);
#332 = CIRCLE('',#333,27.210790894703);
#333 = AXIS2_PLACEMENT_2D('',#334,#335);
#334 = CARTESIAN_POINT('',(2.412172678695E-15,0.));
#335 = DIRECTION('',(1.,0.));
#336 = ( GEOMETRIC_REPRESENTATION_CONTEXT(2) 
PARAMETRIC_REPRESENTATION_CONTEXT() REPRESENTATION_CONTEXT('2D SPACE',''
  ) );
#337 = ORIENTED_EDGE('',*,*,#288,.F.);
#338 = ORIENTED_EDGE('',*,*,#109,.F.);
#339 = ADVANCED_FACE('',(#340),#168,.F.);
#340 = FACE_BOUND('',#341,.T.);
#341 = EDGE_LOOP('',(#342,#371,#392,#393));
#342 = ORIENTED_EDGE('',*,*,#343,.F.);
#343 = EDGE_CURVE('',#344,#344,#346,.T.);
#344 = VERTEX_POINT('',#345);
#345 = CARTESIAN_POINT('',(-14.64546997001,43.,202.75));
#346 = SURFACE_CURVE('',#347,(#352,#359),.PCURVE_S1.);
#347 = CIRCLE('',#348,1.376);
#348 = AXIS2_PLACEMENT_3D('',#349,#350,#351);
#349 = CARTESIAN_POINT('',(-16.02146997001,43.,202.75));
#350 = DIRECTION('',(0.,-1.,0.));
#351 = DIRECTION('',(1.,0.,0.));
#352 = PCURVE('',#168,#353);
#353 = DEFINITIONAL_REPRESENTATION('',(#354),#358);
#354 = LINE('',#355,#356);
#355 = CARTESIAN_POINT('',(-0.,0.));
#356 = VECTOR('',#357,1.);
#357 = DIRECTION('',(-1.,0.));
#358 = ( GEOMETRIC_REPRESENTATION_CONTEXT(2) 
PARAMETRIC_REPRESENTATION_CONTEXT() REPRESENTATION_CONTEXT('2D SPACE',''
  ) );
#359 = PCURVE('',#360,#365);
#360 = PLANE('',#361);
#361 = AXIS2_PLACEMENT_3D('',#362,#363,#364);
#362 = CARTESIAN_POINT('',(-16.02146997001,43.,202.75));
#363 = DIRECTION('',(-0.,-1.,-0.));
#364 = DIRECTION('',(0.,0.,-1.));
#365 = DEFINITIONAL_REPRESENTATION('',(#366),#370);
#366 = CIRCLE('',#367,1.376);
#367 = AXIS2_PLACEMENT_2D('',#368,#369);
#368 = CARTESIAN_POINT('',(0.,3.552713678801E-15));
#369 = DIRECTION('',(0.,1.));
#370 = ( GEOMETRIC_REPRESENTATION_CONTEXT(2) 
PARAMETRIC_REPRESENTATION_CONTEXT() REPRESENTATION_CONTEXT('2D SPACE',''
  ) );
#371 = ORIENTED_EDGE('',*,*,#372,.T.);
#372 = EDGE_CURVE('',#344,#148,#373,.T.);
#373 = SEAM_CURVE('',#374,(#378,#385),.PCURVE_S1.);
#374 = LINE('',#375,#376);
#375 = CARTESIAN_POINT('',(-14.64546997001,43.,202.75));
#376 = VECTOR('',#377,1.);
#377 = DIRECTION('',(0.,-1.,0.));
#378 = PCURVE('',#168,#379);
#379 = DEFINITIONAL_REPRESENTATION('',(#380),#384);
#380 = LINE('',#381,#382);
#381 = CARTESIAN_POINT('',(-6.28318530718,0.));
#382 = VECTOR('',#383,1.);
#383 = DIRECTION('',(-0.,-1.));
#384 = ( GEOMETRIC_REPRESENTATION_CONTEXT(2) 
PARAMETRIC_REPRESENTATION_CONTEXT() REPRESENTATION_CONTEXT('2D SPACE',''
  ) );
#385 = PCURVE('',#168,#386);
#386 = DEFINITIONAL_REPRESENTATION('',(#387),#391);
#387 = LINE('',#388,#389);
#388 = CARTESIAN_POINT('',(-0.,0.));
#389 = VECTOR('',#390,1.);
#390 = DIRECTION('',(-0.,-1.));
#391 = ( GEOMETRIC_REPRESENTATION_CONTEXT(2) 
PARAMETRIC_REPRESENTATION_CONTEXT() REPRESENTATION_CONTEXT('2D SPACE',''
  ) );
#392 = ORIENTED_EDGE('',*,*,#147,.F.);
#393 = ORIENTED_EDGE('',*,*,#372,.F.);
#394 = ADVANCED_FACE('',(#395),#203,.F.);
#395 = FACE_BOUND('',#396,.T.);
#396 = EDGE_LOOP('',(#397,#426,#447,#448));
#397 = ORIENTED_EDGE('',*,*,#398,.F.);
#398 = EDGE_CURVE('',#399,#399,#401,.T.);
#399 = VERTEX_POINT('',#400);
#400 = CARTESIAN_POINT('',(1.376,43.,230.5));
#401 = SURFACE_CURVE('',#402,(#407,#414),.PCURVE_S1.);
#402 = CIRCLE('',#403,1.376);
#403 = AXIS2_PLACEMENT_3D('',#404,#405,#406);
#404 = CARTESIAN_POINT('',(1.132798289211E-15,43.,230.5));
#405 = DIRECTION('',(0.,-1.,0.));
#406 = DIRECTION('',(1.,0.,0.));
#407 = PCURVE('',#203,#408);
#408 = DEFINITIONAL_REPRESENTATION('',(#409),#413);
#409 = LINE('',#410,#411);
#410 = CARTESIAN_POINT('',(-0.,0.));
#411 = VECTOR('',#412,1.);
#412 = DIRECTION('',(-1.,0.));
#413 = ( GEOMETRIC_REPRESENTATION_CONTEXT(2) 
PARAMETRIC_REPRESENTATION_CONTEXT() REPRESENTATION_CONTEXT('2D SPACE',''
  ) );
#414 = PCURVE('',#415,#420);
#415 = PLANE('',#416);
#416 = AXIS2_PLACEMENT_3D('',#417,#418,#419);
#417 = CARTESIAN_POINT('',(-8.385011713882E-16,43.,230.5));
#418 = DIRECTION('',(-0.,-1.,-0.));
#419 = DIRECTION('',(0.,0.,-1.));
#420 = DEFINITIONAL_REPRESENTATION('',(#421),#425);
#421 = CIRCLE('',#422,1.376);
#422 = AXIS2_PLACEMENT_2D('',#423,#424);
#423 = CARTESIAN_POINT('',(0.,1.971299460599E-15));
#424 = DIRECTION('',(0.,1.));
#425 = ( GEOMETRIC_REPRESENTATION_CONTEXT(2) 
PARAMETRIC_REPRESENTATION_CONTEXT() REPRESENTATION_CONTEXT('2D SPACE',''
  ) );
#426 = ORIENTED_EDGE('',*,*,#427,.T.);
#427 = EDGE_CURVE('',#399,#183,#428,.T.);
#428 = SEAM_CURVE('',#429,(#433,#440),.PCURVE_S1.);
#429 = LINE('',#430,#431);
#430 = CARTESIAN_POINT('',(1.376,43.,230.5));
#431 = VECTOR('',#432,1.);
#432 = DIRECTION('',(0.,-1.,0.));
#433 = PCURVE('',#203,#434);
#434 = DEFINITIONAL_REPRESENTATION('',(#435),#439);
#435 = LINE('',#436,#437);
#436 = CARTESIAN_POINT('',(-6.28318530718,0.));
#437 = VECTOR('',#438,1.);
#438 = DIRECTION('',(-0.,-1.));
#439 = ( GEOMETRIC_REPRESENTATION_CONTEXT(2) 
PARAMETRIC_REPRESENTATION_CONTEXT() REPRESENTATION_CONTEXT('2D SPACE',''
  ) );
#440 = PCURVE('',#203,#441);
#441 = DEFINITIONAL_REPRESENTATION('',(#442),#446);
#442 = LINE('',#443,#444);
#443 = CARTESIAN_POINT('',(-0.,0.));
#444 = VECTOR('',#445,1.);
#445 = DIRECTION('',(-0.,-1.));
#446 = ( GEOMETRIC_REPRESENTATION_CONTEXT(2) 
PARAMETRIC_REPRESENTATION_CONTEXT() REPRESENTATION_CONTEXT('2D SPACE',''
  ) );
#447 = ORIENTED_EDGE('',*,*,#182,.F.);
#448 = ORIENTED_EDGE('',*,*,#427,.F.);
#449 = ADVANCED_FACE('',(#450),#238,.F.);
#450 = FACE_BOUND('',#451,.T.);
#451 = EDGE_LOOP('',(#452,#481,#502,#503));
#452 = ORIENTED_EDGE('',*,*,#453,.F.);
#453 = EDGE_CURVE('',#454,#454,#456,.T.);
#454 = VERTEX_POINT('',#455);
#455 = CARTESIAN_POINT('',(8.,59.,212.));
#456 = SURFACE_CURVE('',#457,(#462,#469),.PCURVE_S1.);
#457 = CIRCLE('',#458,8.);
#458 = AXIS2_PLACEMENT_3D('',#459,#460,#461);
#459 = CARTESIAN_POINT('',(0.,59.,212.));
#460 = DIRECTION('',(0.,-1.,0.));
#461 = DIRECTION('',(1.,0.,0.));
#462 = PCURVE('',#238,#463);
#463 = DEFINITIONAL_REPRESENTATION('',(#464),#468);
#464 = LINE('',#465,#466);
#465 = CARTESIAN_POINT('',(-0.,0.));
#466 = VECTOR('',#467,1.);
#467 = DIRECTION('',(-1.,0.));
#468 = ( GEOMETRIC_REPRESENTATION_CONTEXT(2) 
PARAMETRIC_REPRESENTATION_CONTEXT() REPRESENTATION_CONTEXT('2D SPACE',''
  ) );
#469 = PCURVE('',#470,#475);
#470 = PLANE('',#471);
#471 = AXIS2_PLACEMENT_3D('',#472,#473,#474);
#472 = CARTESIAN_POINT('',(6.837200662697E-16,59.,212.));
#473 = DIRECTION('',(-0.,-1.,-0.));
#474 = DIRECTION('',(0.,0.,-1.));
#475 = DEFINITIONAL_REPRESENTATION('',(#476),#480);
#476 = CIRCLE('',#477,8.);
#477 = AXIS2_PLACEMENT_2D('',#478,#479);
#478 = CARTESIAN_POINT('',(-2.84217094304E-14,-6.837200662697E-16));
#479 = DIRECTION('',(0.,1.));
#480 = ( GEOMETRIC_REPRESENTATION_CONTEXT(2) 
PARAMETRIC_REPRESENTATION_CONTEXT() REPRESENTATION_CONTEXT('2D SPACE',''
  ) );
#481 = ORIENTED_EDGE('',*,*,#482,.T.);
#482 = EDGE_CURVE('',#454,#218,#483,.T.);
#483 = SEAM_CURVE('',#484,(#488,#495),.PCURVE_S1.);
#484 = LINE('',#485,#486);
#485 = CARTESIAN_POINT('',(8.,59.,212.));
#486 = VECTOR('',#487,1.);
#487 = DIRECTION('',(0.,-1.,0.));
#488 = PCURVE('',#238,#489);
#489 = DEFINITIONAL_REPRESENTATION('',(#490),#494);
#490 = LINE('',#491,#492);
#491 = CARTESIAN_POINT('',(-6.28318530718,0.));
#492 = VECTOR('',#493,1.);
#493 = DIRECTION('',(-0.,-1.));
#494 = ( GEOMETRIC_REPRESENTATION_CONTEXT(2) 
PARAMETRIC_REPRESENTATION_CONTEXT() REPRESENTATION_CONTEXT('2D SPACE',''
  ) );
#495 = PCURVE('',#238,#496);
#496 = DEFINITIONAL_REPRESENTATION('',(#497),#501);
#497 = LINE('',#498,#499);
#498 = CARTESIAN_POINT('',(-0.,0.));
#499 = VECTOR('',#500,1.);
#500 = DIRECTION('',(-0.,-1.));
#501 = ( GEOMETRIC_REPRESENTATION_CONTEXT(2) 
PARAMETRIC_REPRESENTATION_CONTEXT() REPRESENTATION_CONTEXT('2D SPACE',''
  ) );
#502 = ORIENTED_EDGE('',*,*,#217,.F.);
#503 = ORIENTED_EDGE('',*,*,#482,.F.);
#504 = ADVANCED_FACE('',(#505),#273,.F.);
#505 = FACE_BOUND('',#506,.T.);
#506 = EDGE_LOOP('',(#507,#536,#557,#558));
#507 = ORIENTED_EDGE('',*,*,#508,.F.);
#508 = EDGE_CURVE('',#509,#509,#511,.T.);
#509 = VERTEX_POINT('',#510);
#510 = CARTESIAN_POINT('',(17.397469970012,43.,202.75));
#511 = SURFACE_CURVE('',#512,(#517,#524),.PCURVE_S1.);
#512 = CIRCLE('',#513,1.376);
#513 = AXIS2_PLACEMENT_3D('',#514,#515,#516);
#514 = CARTESIAN_POINT('',(16.021469970012,43.,202.75));
#515 = DIRECTION('',(0.,-1.,0.));
#516 = DIRECTION('',(1.,0.,0.));
#517 = PCURVE('',#273,#518);
#518 = DEFINITIONAL_REPRESENTATION('',(#519),#523);
#519 = LINE('',#520,#521);
#520 = CARTESIAN_POINT('',(-0.,0.));
#521 = VECTOR('',#522,1.);
#522 = DIRECTION('',(-1.,0.));
#523 = ( GEOMETRIC_REPRESENTATION_CONTEXT(2) 
PARAMETRIC_REPRESENTATION_CONTEXT() REPRESENTATION_CONTEXT('2D SPACE',''
  ) );
#524 = PCURVE('',#525,#530);
#525 = PLANE('',#526);
#526 = AXIS2_PLACEMENT_3D('',#527,#528,#529);
#527 = CARTESIAN_POINT('',(16.021469970012,43.,202.75));
#528 = DIRECTION('',(-0.,-1.,-0.));
#529 = DIRECTION('',(0.,0.,-1.));
#530 = DEFINITIONAL_REPRESENTATION('',(#531),#535);
#531 = CIRCLE('',#532,1.376);
#532 = AXIS2_PLACEMENT_2D('',#533,#534);
#533 = CARTESIAN_POINT('',(2.84217094304E-14,0.));
#534 = DIRECTION('',(0.,1.));
#535 = ( GEOMETRIC_REPRESENTATION_CONTEXT(2) 
PARAMETRIC_REPRESENTATION_CONTEXT() REPRESENTATION_CONTEXT('2D SPACE',''
  ) );
#536 = ORIENTED_EDGE('',*,*,#537,.T.);
#537 = EDGE_CURVE('',#509,#253,#538,.T.);
#538 = SEAM_CURVE('',#539,(#543,#550),.PCURVE_S1.);
#539 = LINE('',#540,#541);
#540 = CARTESIAN_POINT('',(17.397469970012,43.,202.75));
#541 = VECTOR('',#542,1.);
#542 = DIRECTION('',(0.,-1.,0.));
#543 = PCURVE('',#273,#544);
#544 = DEFINITIONAL_REPRESENTATION('',(#545),#549);
#545 = LINE('',#546,#547);
#546 = CARTESIAN_POINT('',(-6.28318530718,0.));
#547 = VECTOR('',#548,1.);
#548 = DIRECTION('',(-0.,-1.));
#549 = ( GEOMETRIC_REPRESENTATION_CONTEXT(2) 
PARAMETRIC_REPRESENTATION_CONTEXT() REPRESENTATION_CONTEXT('2D SPACE',''
  ) );
#550 = PCURVE('',#273,#551);
#551 = DEFINITIONAL_REPRESENTATION('',(#552),#556);
#552 = LINE('',#553,#554);
#553 = CARTESIAN_POINT('',(-0.,0.));
#554 = VECTOR('',#555,1.);
#555 = DIRECTION('',(-0.,-1.));
#556 = ( GEOMETRIC_REPRESENTATION_CONTEXT(2) 
PARAMETRIC_REPRESENTATION_CONTEXT() REPRESENTATION_CONTEXT('2D SPACE',''
  ) );
#557 = ORIENTED_EDGE('',*,*,#252,.F.);
#558 = ORIENTED_EDGE('',*,*,#537,.F.);
#559 = ADVANCED_FACE('',(#560,#563),#326,.T.);
#560 = FACE_BOUND('',#561,.T.);
#561 = EDGE_LOOP('',(#562));
#562 = ORIENTED_EDGE('',*,*,#311,.T.);
#563 = FACE_BOUND('',#564,.T.);
#564 = EDGE_LOOP('',(#565,#596,#629,#658,#691,#720,#753,#782,#815,#844,
    #877,#906,#939,#968,#1001,#1030,#1063,#1092,#1125,#1154,#1187,#1216,
    #1249,#1278,#1311,#1340,#1373,#1402,#1435,#1464,#1497,#1526,#1559,
    #1588,#1621,#1650,#1683,#1712,#1745,#1774,#1807,#1836,#1869,#1898,
    #1931,#1960,#1993,#2022,#2055,#2084,#2117,#2146,#2179,#2208,#2241,
    #2270,#2303,#2332,#2365,#2394,#2427,#2456,#2489,#2518,#2551,#2580,
    #2613,#2642,#2675,#2704,#2737,#2766,#2799,#2828,#2861,#2890,#2923,
    #2952,#2985,#3014,#3047,#3076,#3109,#3138,#3171,#3200,#3233,#3262,
    #3295,#3324,#3357,#3386,#3419,#3448,#3481,#3510,#3543,#3572,#3605,
    #3634,#3667,#3696,#3729,#3758,#3791,#3820,#3853,#3882,#3915,#3944,
    #3977,#4006,#4039,#4068,#4101,#4130,#4163,#4192,#4225,#4254,#4287,
    #4316,#4349,#4378,#4411,#4440,#4473,#4502,#4535,#4564,#4597,#4626,
    #4659,#4688,#4721,#4750,#4783,#4812,#4845,#4874,#4907,#4936,#4969,
    #4998,#5031,#5060,#5093,#5122,#5155,#5184,#5217,#5246,#5279,#5308,
    #5341,#5370,#5403,#5432,#5465,#5494));
#565 = ORIENTED_EDGE('',*,*,#566,.F.);
#566 = EDGE_CURVE('',#567,#569,#571,.T.);
#567 = VERTEX_POINT('',#568);
#568 = CARTESIAN_POINT('',(25.204681903492,37.5,211.44503362243));
#569 = VERTEX_POINT('',#570);
#570 = CARTESIAN_POINT('',(25.170526440964,37.5,210.57571905117));
#571 = SURFACE_CURVE('',#572,(#577,#584),.PCURVE_S1.);
#572 = CIRCLE('',#573,25.210790894703);
#573 = AXIS2_PLACEMENT_3D('',#574,#575,#576);
#574 = CARTESIAN_POINT('',(0.,37.5,212.));
#575 = DIRECTION('',(-0.,1.,1.110223024625E-16));
#576 = DIRECTION('',(1.,0.,0.));
#577 = PCURVE('',#326,#578);
#578 = DEFINITIONAL_REPRESENTATION('',(#579),#583);
#579 = CIRCLE('',#580,25.210790894703);
#580 = AXIS2_PLACEMENT_2D('',#581,#582);
#581 = CARTESIAN_POINT('',(2.412172678695E-15,0.));
#582 = DIRECTION('',(1.,0.));
#583 = ( GEOMETRIC_REPRESENTATION_CONTEXT(2) 
PARAMETRIC_REPRESENTATION_CONTEXT() REPRESENTATION_CONTEXT('2D SPACE',''
  ) );
#584 = PCURVE('',#585,#590);
#585 = CYLINDRICAL_SURFACE('',#586,25.210790894703);
#586 = AXIS2_PLACEMENT_3D('',#587,#588,#589);
#587 = CARTESIAN_POINT('',(0.,37.5,212.));
#588 = DIRECTION('',(-0.,-1.,-1.110223024625E-16));
#589 = DIRECTION('',(1.,0.,0.));
#590 = DEFINITIONAL_REPRESENTATION('',(#591),#595);
#591 = LINE('',#592,#593);
#592 = CARTESIAN_POINT('',(-0.,0.));
#593 = VECTOR('',#594,1.);
#594 = DIRECTION('',(-1.,0.));
#595 = ( GEOMETRIC_REPRESENTATION_CONTEXT(2) 
PARAMETRIC_REPRESENTATION_CONTEXT() REPRESENTATION_CONTEXT('2D SPACE',''
  ) );
#596 = ORIENTED_EDGE('',*,*,#597,.F.);
#597 = EDGE_CURVE('',#598,#567,#600,.T.);
#598 = VERTEX_POINT('',#599);
#599 = CARTESIAN_POINT('',(25.204681903492,37.5,212.55496637756));
#600 = SURFACE_CURVE('',#601,(#606,#617),.PCURVE_S1.);
#601 = CIRCLE('',#602,0.555);
#602 = AXIS2_PLACEMENT_3D('',#603,#604,#605);
#603 = CARTESIAN_POINT('',(25.210790894703,37.5,212.));
#604 = DIRECTION('',(0.,-1.,-1.110223024625E-16));
#605 = DIRECTION('',(1.,0.,0.));
#606 = PCURVE('',#326,#607);
#607 = DEFINITIONAL_REPRESENTATION('',(#608),#616);
#608 = ( BOUNDED_CURVE() B_SPLINE_CURVE(2,(#609,#610,#611,#612,#613,#614
,#615),.UNSPECIFIED.,.T.,.F.) B_SPLINE_CURVE_WITH_KNOTS((1,2,2,2,2,1),(
    -2.094395102393,0.,2.094395102393,4.188790204786,6.28318530718,
8.377580409573),.UNSPECIFIED.) CURVE() GEOMETRIC_REPRESENTATION_ITEM() 
RATIONAL_B_SPLINE_CURVE((1.,0.5,1.,0.5,1.,0.5,1.)) REPRESENTATION_ITEM(
  '') );
#609 = CARTESIAN_POINT('',(25.765790894703,0.));
#610 = CARTESIAN_POINT('',(25.765790894703,-0.961288198201));
#611 = CARTESIAN_POINT('',(24.933290894703,-0.4806440991));
#612 = CARTESIAN_POINT('',(24.100790894703,-1.359357947054E-16));
#613 = CARTESIAN_POINT('',(24.933290894703,0.4806440991));
#614 = CARTESIAN_POINT('',(25.765790894703,0.961288198201));
#615 = CARTESIAN_POINT('',(25.765790894703,0.));
#616 = ( GEOMETRIC_REPRESENTATION_CONTEXT(2) 
PARAMETRIC_REPRESENTATION_CONTEXT() REPRESENTATION_CONTEXT('2D SPACE',''
  ) );
#617 = PCURVE('',#618,#623);
#618 = CYLINDRICAL_SURFACE('',#619,0.555);
#619 = AXIS2_PLACEMENT_3D('',#620,#621,#622);
#620 = CARTESIAN_POINT('',(25.210790894703,37.4,212.));
#621 = DIRECTION('',(-0.,-1.,-1.110223024625E-16));
#622 = DIRECTION('',(1.,0.,0.));
#623 = DEFINITIONAL_REPRESENTATION('',(#624),#628);
#624 = LINE('',#625,#626);
#625 = CARTESIAN_POINT('',(-6.28318530718,-0.1));
#626 = VECTOR('',#627,1.);
#627 = DIRECTION('',(1.,-0.));
#628 = ( GEOMETRIC_REPRESENTATION_CONTEXT(2) 
PARAMETRIC_REPRESENTATION_CONTEXT() REPRESENTATION_CONTEXT('2D SPACE',''
  ) );
#629 = ORIENTED_EDGE('',*,*,#630,.F.);
#630 = EDGE_CURVE('',#631,#598,#633,.T.);
#631 = VERTEX_POINT('',#632);
#632 = CARTESIAN_POINT('',(25.170526440964,37.5,213.42428094882));
#633 = SURFACE_CURVE('',#634,(#639,#646),.PCURVE_S1.);
#634 = CIRCLE('',#635,25.210790894703);
#635 = AXIS2_PLACEMENT_3D('',#636,#637,#638);
#636 = CARTESIAN_POINT('',(0.,37.5,212.));
#637 = DIRECTION('',(-0.,1.,1.110223024625E-16));
#638 = DIRECTION('',(1.,0.,0.));
#639 = PCURVE('',#326,#640);
#640 = DEFINITIONAL_REPRESENTATION('',(#641),#645);
#641 = CIRCLE('',#642,25.210790894703);
#642 = AXIS2_PLACEMENT_2D('',#643,#644);
#643 = CARTESIAN_POINT('',(2.412172678695E-15,0.));
#644 = DIRECTION('',(1.,0.));
#645 = ( GEOMETRIC_REPRESENTATION_CONTEXT(2) 
PARAMETRIC_REPRESENTATION_CONTEXT() REPRESENTATION_CONTEXT('2D SPACE',''
  ) );
#646 = PCURVE('',#647,#652);
#647 = CYLINDRICAL_SURFACE('',#648,25.210790894703);
#648 = AXIS2_PLACEMENT_3D('',#649,#650,#651);
#649 = CARTESIAN_POINT('',(0.,37.5,212.));
#650 = DIRECTION('',(-0.,-1.,-1.110223024625E-16));
#651 = DIRECTION('',(1.,0.,0.));
#652 = DEFINITIONAL_REPRESENTATION('',(#653),#657);
#653 = LINE('',#654,#655);
#654 = CARTESIAN_POINT('',(-0.,0.));
#655 = VECTOR('',#656,1.);
#656 = DIRECTION('',(-1.,0.));
#657 = ( GEOMETRIC_REPRESENTATION_CONTEXT(2) 
PARAMETRIC_REPRESENTATION_CONTEXT() REPRESENTATION_CONTEXT('2D SPACE',''
  ) );
#658 = ORIENTED_EDGE('',*,*,#659,.F.);
#659 = EDGE_CURVE('',#660,#631,#662,.T.);
#660 = VERTEX_POINT('',#661);
#661 = CARTESIAN_POINT('',(25.083442120678,37.5,214.53079215168));
#662 = SURFACE_CURVE('',#663,(#668,#679),.PCURVE_S1.);
#663 = CIRCLE('',#664,0.555);
#664 = AXIS2_PLACEMENT_3D('',#665,#666,#667);
#665 = CARTESIAN_POINT('',(25.133074440051,37.5,213.97801585618));
#666 = DIRECTION('',(0.,-1.,-1.110223024625E-16));
#667 = DIRECTION('',(0.996917333733,-8.710709456832E-18,
    7.845909572784E-02));
#668 = PCURVE('',#326,#669);
#669 = DEFINITIONAL_REPRESENTATION('',(#670),#678);
#670 = ( BOUNDED_CURVE() B_SPLINE_CURVE(2,(#671,#672,#673,#674,#675,#676
,#677),.UNSPECIFIED.,.T.,.F.) B_SPLINE_CURVE_WITH_KNOTS((1,2,2,2,2,1),(
    -2.094395102393,0.,2.094395102393,4.188790204786,6.28318530718,
8.377580409573),.UNSPECIFIED.) CURVE() GEOMETRIC_REPRESENTATION_ITEM() 
RATIONAL_B_SPLINE_CURVE((1.,0.5,1.,0.5,1.,0.5,1.)) REPRESENTATION_ITEM(
  '') );
#671 = CARTESIAN_POINT('',(25.686363560273,-2.021560654311));
#672 = CARTESIAN_POINT('',(25.610941757508,-2.979885521811));
#673 = CARTESIAN_POINT('',(24.818718978558,-2.435405890867));
#674 = CARTESIAN_POINT('',(24.026496199607,-1.890926259924));
#675 = CARTESIAN_POINT('',(24.894140781322,-1.477081023368));
#676 = CARTESIAN_POINT('',(25.761785363038,-1.063235786812));
#677 = CARTESIAN_POINT('',(25.686363560273,-2.021560654311));
#678 = ( GEOMETRIC_REPRESENTATION_CONTEXT(2) 
PARAMETRIC_REPRESENTATION_CONTEXT() REPRESENTATION_CONTEXT('2D SPACE',''
  ) );
#679 = PCURVE('',#680,#685);
#680 = CYLINDRICAL_SURFACE('',#681,0.555);
#681 = AXIS2_PLACEMENT_3D('',#682,#683,#684);
#682 = CARTESIAN_POINT('',(25.133074440051,37.4,213.97801585618));
#683 = DIRECTION('',(0.,-1.,-1.110223024625E-16));
#684 = DIRECTION('',(0.996917333733,-8.710709456832E-18,
    7.845909572784E-02));
#685 = DEFINITIONAL_REPRESENTATION('',(#686),#690);
#686 = LINE('',#687,#688);
#687 = CARTESIAN_POINT('',(-6.28318530718,-0.1));
#688 = VECTOR('',#689,1.);
#689 = DIRECTION('',(1.,-0.));
#690 = ( GEOMETRIC_REPRESENTATION_CONTEXT(2) 
PARAMETRIC_REPRESENTATION_CONTEXT() REPRESENTATION_CONTEXT('2D SPACE',''
  ) );
#691 = ORIENTED_EDGE('',*,*,#692,.F.);
#692 = EDGE_CURVE('',#693,#660,#695,.T.);
#693 = VERTEX_POINT('',#694);
#694 = CARTESIAN_POINT('',(24.981186312878,37.5,215.39474710954));
#695 = SURFACE_CURVE('',#696,(#701,#708),.PCURVE_S1.);
#696 = CIRCLE('',#697,25.210790894703);
#697 = AXIS2_PLACEMENT_3D('',#698,#699,#700);
#698 = CARTESIAN_POINT('',(0.,37.5,212.));
#699 = DIRECTION('',(-0.,1.,1.110223024625E-16));
#700 = DIRECTION('',(1.,0.,0.));
#701 = PCURVE('',#326,#702);
#702 = DEFINITIONAL_REPRESENTATION('',(#703),#707);
#703 = CIRCLE('',#704,25.210790894703);
#704 = AXIS2_PLACEMENT_2D('',#705,#706);
#705 = CARTESIAN_POINT('',(2.412172678695E-15,0.));
#706 = DIRECTION('',(1.,0.));
#707 = ( GEOMETRIC_REPRESENTATION_CONTEXT(2) 
PARAMETRIC_REPRESENTATION_CONTEXT() REPRESENTATION_CONTEXT('2D SPACE',''
  ) );
#708 = PCURVE('',#709,#714);
#709 = CYLINDRICAL_SURFACE('',#710,25.210790894703);
#710 = AXIS2_PLACEMENT_3D('',#711,#712,#713);
#711 = CARTESIAN_POINT('',(0.,37.5,212.));
#712 = DIRECTION('',(-0.,-1.,-1.110223024625E-16));
#713 = DIRECTION('',(1.,0.,0.));
#714 = DEFINITIONAL_REPRESENTATION('',(#715),#719);
#715 = LINE('',#716,#717);
#716 = CARTESIAN_POINT('',(-0.,0.));
#717 = VECTOR('',#718,1.);
#718 = DIRECTION('',(-1.,0.));
#719 = ( GEOMETRIC_REPRESENTATION_CONTEXT(2) 
PARAMETRIC_REPRESENTATION_CONTEXT() REPRESENTATION_CONTEXT('2D SPACE',''
  ) );
#720 = ORIENTED_EDGE('',*,*,#721,.F.);
#721 = EDGE_CURVE('',#722,#693,#724,.T.);
#722 = VERTEX_POINT('',#723);
#723 = CARTESIAN_POINT('',(24.807554576099,37.5,216.49101475062));
#724 = SURFACE_CURVE('',#725,(#730,#741),.PCURVE_S1.);
#725 = CIRCLE('',#726,0.555);
#726 = AXIS2_PLACEMENT_3D('',#727,#728,#729);
#727 = CARTESIAN_POINT('',(24.90040422388,37.5,215.94383658685));
#728 = DIRECTION('',(0.,-1.,-1.110223024625E-16));
#729 = DIRECTION('',(0.987688340595,-1.736771449326E-17,0.15643446504));
#730 = PCURVE('',#326,#731);
#731 = DEFINITIONAL_REPRESENTATION('',(#732),#740);
#732 = ( BOUNDED_CURVE() B_SPLINE_CURVE(2,(#733,#734,#735,#736,#737,#738
,#739),.UNSPECIFIED.,.T.,.F.) B_SPLINE_CURVE_WITH_KNOTS((1,2,2,2,2,1),(
    -2.094395102393,0.,2.094395102393,4.188790204786,6.28318530718,
8.377580409573),.UNSPECIFIED.) CURVE() GEOMETRIC_REPRESENTATION_ITEM() 
RATIONAL_B_SPLINE_CURVE((1.,0.5,1.,0.5,1.,0.5,1.)) REPRESENTATION_ITEM(
  '') );
#733 = CARTESIAN_POINT('',(25.448571252911,-4.030657714951));
#734 = CARTESIAN_POINT('',(25.298192647876,-4.980110860266));
#735 = CARTESIAN_POINT('',(24.551131406848,-4.375152595463));
#736 = CARTESIAN_POINT('',(23.80407016582,-3.770194330659));
#737 = CARTESIAN_POINT('',(24.701510011883,-3.425699450148));
#738 = CARTESIAN_POINT('',(25.598949857946,-3.081204569637));
#739 = CARTESIAN_POINT('',(25.448571252911,-4.030657714951));
#740 = ( GEOMETRIC_REPRESENTATION_CONTEXT(2) 
PARAMETRIC_REPRESENTATION_CONTEXT() REPRESENTATION_CONTEXT('2D SPACE',''
  ) );
#741 = PCURVE('',#742,#747);
#742 = CYLINDRICAL_SURFACE('',#743,0.555);
#743 = AXIS2_PLACEMENT_3D('',#744,#745,#746);
#744 = CARTESIAN_POINT('',(24.90040422388,37.4,215.94383658685));
#745 = DIRECTION('',(0.,-1.,-1.110223024625E-16));
#746 = DIRECTION('',(0.987688340595,-1.736771449326E-17,0.15643446504));
#747 = DEFINITIONAL_REPRESENTATION('',(#748),#752);
#748 = LINE('',#749,#750);
#749 = CARTESIAN_POINT('',(-6.28318530718,-0.1));
#750 = VECTOR('',#751,1.);
#751 = DIRECTION('',(1.,-0.));
#752 = ( GEOMETRIC_REPRESENTATION_CONTEXT(2) 
PARAMETRIC_REPRESENTATION_CONTEXT() REPRESENTATION_CONTEXT('2D SPACE',''
  ) );
#753 = ORIENTED_EDGE('',*,*,#754,.F.);
#754 = EDGE_CURVE('',#755,#722,#757,.T.);
#755 = VERTEX_POINT('',#756);
#756 = CARTESIAN_POINT('',(24.637828864086,37.5,217.34428352545));
#757 = SURFACE_CURVE('',#758,(#763,#770),.PCURVE_S1.);
#758 = CIRCLE('',#759,25.210790894703);
#759 = AXIS2_PLACEMENT_3D('',#760,#761,#762);
#760 = CARTESIAN_POINT('',(0.,37.5,212.));
#761 = DIRECTION('',(-0.,1.,1.110223024625E-16));
#762 = DIRECTION('',(1.,0.,0.));
#763 = PCURVE('',#326,#764);
#764 = DEFINITIONAL_REPRESENTATION('',(#765),#769);
#765 = CIRCLE('',#766,25.210790894703);
#766 = AXIS2_PLACEMENT_2D('',#767,#768);
#767 = CARTESIAN_POINT('',(2.412172678695E-15,0.));
#768 = DIRECTION('',(1.,0.));
#769 = ( GEOMETRIC_REPRESENTATION_CONTEXT(2) 
PARAMETRIC_REPRESENTATION_CONTEXT() REPRESENTATION_CONTEXT('2D SPACE',''
  ) );
#770 = PCURVE('',#771,#776);
#771 = CYLINDRICAL_SURFACE('',#772,25.210790894703);
#772 = AXIS2_PLACEMENT_3D('',#773,#774,#775);
#773 = CARTESIAN_POINT('',(0.,37.5,212.));
#774 = DIRECTION('',(-0.,-1.,-1.110223024625E-16));
#775 = DIRECTION('',(1.,0.,0.));
#776 = DEFINITIONAL_REPRESENTATION('',(#777),#781);
#777 = LINE('',#778,#779);
#778 = CARTESIAN_POINT('',(-0.,0.));
#779 = VECTOR('',#780,1.);
#780 = DIRECTION('',(-1.,0.));
#781 = ( GEOMETRIC_REPRESENTATION_CONTEXT(2) 
PARAMETRIC_REPRESENTATION_CONTEXT() REPRESENTATION_CONTEXT('2D SPACE',''
  ) );
#782 = ORIENTED_EDGE('',*,*,#783,.F.);
#783 = EDGE_CURVE('',#784,#755,#786,.T.);
#784 = VERTEX_POINT('',#785);
#785 = CARTESIAN_POINT('',(24.378720208209,37.5,218.4235487502));
#786 = SURFACE_CURVE('',#787,(#792,#803),.PCURVE_S1.);
#787 = CIRCLE('',#788,0.555);
#788 = AXIS2_PLACEMENT_3D('',#789,#790,#791);
#789 = CARTESIAN_POINT('',(24.514214735445,37.5,217.8853422535));
#790 = DIRECTION('',(0.,-1.,-1.110223024625E-16));
#791 = DIRECTION('',(0.972369920398,-2.591764179448E-17,0.233445363856)
  );
#792 = PCURVE('',#326,#793);
#793 = DEFINITIONAL_REPRESENTATION('',(#794),#802);
#794 = ( BOUNDED_CURVE() B_SPLINE_CURVE(2,(#795,#796,#797,#798,#799,#800
,#801),.UNSPECIFIED.,.T.,.F.) B_SPLINE_CURVE_WITH_KNOTS((1,2,2,2,2,1),(
    -2.094395102393,0.,2.094395102393,4.188790204786,6.28318530718,
8.377580409573),.UNSPECIFIED.) CURVE() GEOMETRIC_REPRESENTATION_ITEM() 
RATIONAL_B_SPLINE_CURVE((1.,0.5,1.,0.5,1.,0.5,1.)) REPRESENTATION_ITEM(
  '') );
#795 = CARTESIAN_POINT('',(25.053880041266,-6.014904430449));
#796 = CARTESIAN_POINT('',(24.829471768066,-6.949632159213));
#797 = CARTESIAN_POINT('',(24.132177945935,-6.287925029421));
#798 = CARTESIAN_POINT('',(23.434884123804,-5.626217899629));
#799 = CARTESIAN_POINT('',(24.356586219134,-5.353197300657));
#800 = CARTESIAN_POINT('',(25.278288314465,-5.080176701686));
#801 = CARTESIAN_POINT('',(25.053880041266,-6.014904430449));
#802 = ( GEOMETRIC_REPRESENTATION_CONTEXT(2) 
PARAMETRIC_REPRESENTATION_CONTEXT() REPRESENTATION_CONTEXT('2D SPACE',''
  ) );
#803 = PCURVE('',#804,#809);
#804 = CYLINDRICAL_SURFACE('',#805,0.555);
#805 = AXIS2_PLACEMENT_3D('',#806,#807,#808);
#806 = CARTESIAN_POINT('',(24.514214735445,37.4,217.8853422535));
#807 = DIRECTION('',(0.,-1.,-1.110223024625E-16));
#808 = DIRECTION('',(0.972369920398,-2.591764179448E-17,0.233445363856)
  );
#809 = DEFINITIONAL_REPRESENTATION('',(#810),#814);
#810 = LINE('',#811,#812);
#811 = CARTESIAN_POINT('',(-6.28318530718,-0.1));
#812 = VECTOR('',#813,1.);
#813 = DIRECTION('',(1.,-0.));
#814 = ( GEOMETRIC_REPRESENTATION_CONTEXT(2) 
PARAMETRIC_REPRESENTATION_CONTEXT() REPRESENTATION_CONTEXT('2D SPACE',''
  ) );
#815 = ORIENTED_EDGE('',*,*,#816,.F.);
#816 = EDGE_CURVE('',#817,#784,#819,.T.);
#817 = VERTEX_POINT('',#818);
#818 = CARTESIAN_POINT('',(24.142571007437,37.5,219.26087065628));
#819 = SURFACE_CURVE('',#820,(#825,#832),.PCURVE_S1.);
#820 = CIRCLE('',#821,25.210790894703);
#821 = AXIS2_PLACEMENT_3D('',#822,#823,#824);
#822 = CARTESIAN_POINT('',(0.,37.5,212.));
#823 = DIRECTION('',(-0.,1.,1.110223024625E-16));
#824 = DIRECTION('',(1.,0.,0.));
#825 = PCURVE('',#326,#826);
#826 = DEFINITIONAL_REPRESENTATION('',(#827),#831);
#827 = CIRCLE('',#828,25.210790894703);
#828 = AXIS2_PLACEMENT_2D('',#829,#830);
#829 = CARTESIAN_POINT('',(2.412172678695E-15,0.));
#830 = DIRECTION('',(1.,0.));
#831 = ( GEOMETRIC_REPRESENTATION_CONTEXT(2) 
PARAMETRIC_REPRESENTATION_CONTEXT() REPRESENTATION_CONTEXT('2D SPACE',''
  ) );
#832 = PCURVE('',#833,#838);
#833 = CYLINDRICAL_SURFACE('',#834,25.210790894703);
#834 = AXIS2_PLACEMENT_3D('',#835,#836,#837);
#835 = CARTESIAN_POINT('',(0.,37.5,212.));
#836 = DIRECTION('',(-0.,-1.,-1.110223024625E-16));
#837 = DIRECTION('',(1.,0.,0.));
#838 = DEFINITIONAL_REPRESENTATION('',(#839),#843);
#839 = LINE('',#840,#841);
#840 = CARTESIAN_POINT('',(-0.,0.));
#841 = VECTOR('',#842,1.);
#842 = DIRECTION('',(-1.,0.));
#843 = ( GEOMETRIC_REPRESENTATION_CONTEXT(2) 
PARAMETRIC_REPRESENTATION_CONTEXT() REPRESENTATION_CONTEXT('2D SPACE',''
  ) );
#844 = ORIENTED_EDGE('',*,*,#845,.F.);
#845 = EDGE_CURVE('',#846,#817,#848,.T.);
#846 = VERTEX_POINT('',#847);
#847 = CARTESIAN_POINT('',(23.799582923489,37.5,220.3164794357));
#848 = SURFACE_CURVE('',#849,(#854,#865),.PCURVE_S1.);
#849 = CIRCLE('',#850,0.555);
#850 = AXIS2_PLACEMENT_3D('',#851,#852,#853);
#851 = CARTESIAN_POINT('',(23.976886961362,37.5,219.79056282809));
#852 = DIRECTION('',(0.,-1.,-1.110223024625E-16));
#853 = DIRECTION('',(0.951056516295,-3.430777821555E-17,0.309016994375)
  );
#854 = PCURVE('',#326,#855);
#855 = DEFINITIONAL_REPRESENTATION('',(#856),#864);
#856 = ( BOUNDED_CURVE() B_SPLINE_CURVE(2,(#857,#858,#859,#860,#861,#862
,#863),.UNSPECIFIED.,.T.,.F.) B_SPLINE_CURVE_WITH_KNOTS((1,2,2,2,2,1),(
    -2.094395102393,0.,2.094395102393,4.188790204786,6.28318530718,
8.377580409573),.UNSPECIFIED.) CURVE() GEOMETRIC_REPRESENTATION_ITEM() 
RATIONAL_B_SPLINE_CURVE((1.,0.5,1.,0.5,1.,0.5,1.)) REPRESENTATION_ITEM(
  '') );
#857 = CARTESIAN_POINT('',(24.504723327906,-7.962067259975));
#858 = CARTESIAN_POINT('',(24.20766893817,-8.876306664911));
#859 = CARTESIAN_POINT('',(23.564441583222,-8.161930314626));
#860 = CARTESIAN_POINT('',(22.921214228274,-7.44755396434));
#861 = CARTESIAN_POINT('',(23.861495972958,-7.247690909689));
#862 = CARTESIAN_POINT('',(24.801777717642,-7.047827855038));
#863 = CARTESIAN_POINT('',(24.504723327906,-7.962067259975));
#864 = ( GEOMETRIC_REPRESENTATION_CONTEXT(2) 
PARAMETRIC_REPRESENTATION_CONTEXT() REPRESENTATION_CONTEXT('2D SPACE',''
  ) );
#865 = PCURVE('',#866,#871);
#866 = CYLINDRICAL_SURFACE('',#867,0.555);
#867 = AXIS2_PLACEMENT_3D('',#868,#869,#870);
#868 = CARTESIAN_POINT('',(23.976886961362,37.4,219.79056282809));
#869 = DIRECTION('',(0.,-1.,-1.110223024625E-16));
#870 = DIRECTION('',(0.951056516295,-3.430777821555E-17,0.309016994375)
  );
#871 = DEFINITIONAL_REPRESENTATION('',(#872),#876);
#872 = LINE('',#873,#874);
#873 = CARTESIAN_POINT('',(-6.28318530718,-0.1));
#874 = VECTOR('',#875,1.);
#875 = DIRECTION('',(1.,-0.));
#876 = ( GEOMETRIC_REPRESENTATION_CONTEXT(2) 
PARAMETRIC_REPRESENTATION_CONTEXT() REPRESENTATION_CONTEXT('2D SPACE',''
  ) );
#877 = ORIENTED_EDGE('',*,*,#878,.F.);
#878 = EDGE_CURVE('',#879,#846,#881,.T.);
#879 = VERTEX_POINT('',#880);
#880 = CARTESIAN_POINT('',(23.498466172307,37.5,221.13269210503));
#881 = SURFACE_CURVE('',#882,(#887,#894),.PCURVE_S1.);
#882 = CIRCLE('',#883,25.210790894703);
#883 = AXIS2_PLACEMENT_3D('',#884,#885,#886);
#884 = CARTESIAN_POINT('',(0.,37.5,212.));
#885 = DIRECTION('',(-0.,1.,1.110223024625E-16));
#886 = DIRECTION('',(1.,0.,0.));
#887 = PCURVE('',#326,#888);
#888 = DEFINITIONAL_REPRESENTATION('',(#889),#893);
#889 = CIRCLE('',#890,25.210790894703);
#890 = AXIS2_PLACEMENT_2D('',#891,#892);
#891 = CARTESIAN_POINT('',(2.412172678695E-15,0.));
#892 = DIRECTION('',(1.,0.));
#893 = ( GEOMETRIC_REPRESENTATION_CONTEXT(2) 
PARAMETRIC_REPRESENTATION_CONTEXT() REPRESENTATION_CONTEXT('2D SPACE',''
  ) );
#894 = PCURVE('',#895,#900);
#895 = CYLINDRICAL_SURFACE('',#896,25.210790894703);
#896 = AXIS2_PLACEMENT_3D('',#897,#898,#899);
#897 = CARTESIAN_POINT('',(0.,37.5,212.));
#898 = DIRECTION('',(-0.,-1.,-1.110223024625E-16));
#899 = DIRECTION('',(1.,0.,0.));
#900 = DEFINITIONAL_REPRESENTATION('',(#901),#905);
#901 = LINE('',#902,#903);
#902 = CARTESIAN_POINT('',(-0.,0.));
#903 = VECTOR('',#904,1.);
#904 = DIRECTION('',(-1.,0.));
#905 = ( GEOMETRIC_REPRESENTATION_CONTEXT(2) 
PARAMETRIC_REPRESENTATION_CONTEXT() REPRESENTATION_CONTEXT('2D SPACE',''
  ) );
#906 = ORIENTED_EDGE('',*,*,#907,.F.);
#907 = EDGE_CURVE('',#908,#879,#910,.T.);
#908 = VERTEX_POINT('',#909);
#909 = CARTESIAN_POINT('',(23.073713295881,37.5,222.15813625996));
#910 = SURFACE_CURVE('',#911,(#916,#927),.PCURVE_S1.);
#911 = CIRCLE('',#912,0.555);
#912 = AXIS2_PLACEMENT_3D('',#913,#914,#915);
#913 = CARTESIAN_POINT('',(23.291733706038,37.5,221.64775199222));
#914 = DIRECTION('',(0.,-1.,-1.110223024625E-16));
#915 = DIRECTION('',(0.923879532511,-4.248639577543E-17,0.382683432365)
  );
#916 = PCURVE('',#326,#917);
#917 = DEFINITIONAL_REPRESENTATION('',(#918),#926);
#918 = ( BOUNDED_CURVE() B_SPLINE_CURVE(2,(#919,#920,#921,#922,#923,#924
,#925),.UNSPECIFIED.,.T.,.F.) B_SPLINE_CURVE_WITH_KNOTS((1,2,2,2,2,1),(
    -2.094395102393,0.,2.094395102393,4.188790204786,6.28318530718,
8.377580409573),.UNSPECIFIED.) CURVE() GEOMETRIC_REPRESENTATION_ITEM() 
RATIONAL_B_SPLINE_CURVE((1.,0.5,1.,0.5,1.,0.5,1.)) REPRESENTATION_ITEM(
  '') );
#919 = CARTESIAN_POINT('',(23.804486846582,-9.860141297186));
#920 = CARTESIAN_POINT('',(23.436617779403,-10.74825578834));
#921 = CARTESIAN_POINT('',(22.851422602177,-9.985614585323));
#922 = CARTESIAN_POINT('',(22.266227424951,-9.222973382298));
#923 = CARTESIAN_POINT('',(23.219291669356,-9.097500094161));
#924 = CARTESIAN_POINT('',(24.172355913762,-8.972026806024));
#925 = CARTESIAN_POINT('',(23.804486846582,-9.860141297186));
#926 = ( GEOMETRIC_REPRESENTATION_CONTEXT(2) 
PARAMETRIC_REPRESENTATION_CONTEXT() REPRESENTATION_CONTEXT('2D SPACE',''
  ) );
#927 = PCURVE('',#928,#933);
#928 = CYLINDRICAL_SURFACE('',#929,0.555);
#929 = AXIS2_PLACEMENT_3D('',#930,#931,#932);
#930 = CARTESIAN_POINT('',(23.291733706038,37.4,221.64775199222));
#931 = DIRECTION('',(0.,-1.,-1.110223024625E-16));
#932 = DIRECTION('',(0.923879532511,-4.248639577543E-17,0.382683432365)
  );
#933 = DEFINITIONAL_REPRESENTATION('',(#934),#938);
#934 = LINE('',#935,#936);
#935 = CARTESIAN_POINT('',(-6.28318530718,-0.1));
#936 = VECTOR('',#937,1.);
#937 = DIRECTION('',(1.,-0.));
#938 = ( GEOMETRIC_REPRESENTATION_CONTEXT(2) 
PARAMETRIC_REPRESENTATION_CONTEXT() REPRESENTATION_CONTEXT('2D SPACE',''
  ) );
#939 = ORIENTED_EDGE('',*,*,#940,.F.);
#940 = EDGE_CURVE('',#941,#908,#943,.T.);
#941 = VERTEX_POINT('',#942);
#942 = CARTESIAN_POINT('',(22.709485479193,37.5,222.94820747002));
#943 = SURFACE_CURVE('',#944,(#949,#956),.PCURVE_S1.);
#944 = CIRCLE('',#945,25.210790894703);
#945 = AXIS2_PLACEMENT_3D('',#946,#947,#948);
#946 = CARTESIAN_POINT('',(0.,37.5,212.));
#947 = DIRECTION('',(-0.,1.,1.110223024625E-16));
#948 = DIRECTION('',(1.,0.,0.));
#949 = PCURVE('',#326,#950);
#950 = DEFINITIONAL_REPRESENTATION('',(#951),#955);
#951 = CIRCLE('',#952,25.210790894703);
#952 = AXIS2_PLACEMENT_2D('',#953,#954);
#953 = CARTESIAN_POINT('',(2.412172678695E-15,0.));
#954 = DIRECTION('',(1.,0.));
#955 = ( GEOMETRIC_REPRESENTATION_CONTEXT(2) 
PARAMETRIC_REPRESENTATION_CONTEXT() REPRESENTATION_CONTEXT('2D SPACE',''
  ) );
#956 = PCURVE('',#957,#962);
#957 = CYLINDRICAL_SURFACE('',#958,25.210790894703);
#958 = AXIS2_PLACEMENT_3D('',#959,#960,#961);
#959 = CARTESIAN_POINT('',(0.,37.5,212.));
#960 = DIRECTION('',(-0.,-1.,-1.110223024625E-16));
#961 = DIRECTION('',(1.,0.,0.));
#962 = DEFINITIONAL_REPRESENTATION('',(#963),#967);
#963 = LINE('',#964,#965);
#964 = CARTESIAN_POINT('',(-0.,0.));
#965 = VECTOR('',#966,1.);
#966 = DIRECTION('',(-1.,0.));
#967 = ( GEOMETRIC_REPRESENTATION_CONTEXT(2) 
PARAMETRIC_REPRESENTATION_CONTEXT() REPRESENTATION_CONTEXT('2D SPACE',''
  ) );
#968 = ORIENTED_EDGE('',*,*,#969,.F.);
#969 = EDGE_CURVE('',#970,#941,#972,.T.);
#970 = VERTEX_POINT('',#971);
#971 = CARTESIAN_POINT('',(22.205586553015,37.5,223.93716479625));
#972 = SURFACE_CURVE('',#973,(#978,#989),.PCURVE_S1.);
#973 = CIRCLE('',#974,0.555);
#974 = AXIS2_PLACEMENT_3D('',#975,#976,#977);
#975 = CARTESIAN_POINT('',(22.462979167129,37.5,223.44545955711));
#976 = DIRECTION('',(0.,-1.,-1.110223024625E-16));
#977 = DIRECTION('',(0.891006524188,-5.040307057719E-17,0.45399049974));
#978 = PCURVE('',#326,#979);
#979 = DEFINITIONAL_REPRESENTATION('',(#980),#988);
#980 = ( BOUNDED_CURVE() B_SPLINE_CURVE(2,(#981,#982,#983,#984,#985,#986
,#987),.UNSPECIFIED.,.T.,.F.) B_SPLINE_CURVE_WITH_KNOTS((1,2,2,2,2,1),(
    -2.094395102393,0.,2.094395102393,4.188790204786,6.28318530718,
8.377580409573),.UNSPECIFIED.) CURVE() GEOMETRIC_REPRESENTATION_ITEM() 
RATIONAL_B_SPLINE_CURVE((1.,0.5,1.,0.5,1.,0.5,1.)) REPRESENTATION_ITEM(
  '') );
#981 = CARTESIAN_POINT('',(22.957487788054,-11.69742428447));
#982 = CARTESIAN_POINT('',(22.521072078559,-12.55393834069));
#983 = CARTESIAN_POINT('',(21.99751700192,-11.74773422154));
#984 = CARTESIAN_POINT('',(21.47396192528,-10.9415301024));
#985 = CARTESIAN_POINT('',(22.433932711414,-10.89122016532));
#986 = CARTESIAN_POINT('',(23.393903497549,-10.84091022824));
#987 = CARTESIAN_POINT('',(22.957487788054,-11.69742428447));
#988 = ( GEOMETRIC_REPRESENTATION_CONTEXT(2) 
PARAMETRIC_REPRESENTATION_CONTEXT() REPRESENTATION_CONTEXT('2D SPACE',''
  ) );
#989 = PCURVE('',#990,#995);
#990 = CYLINDRICAL_SURFACE('',#991,0.555);
#991 = AXIS2_PLACEMENT_3D('',#992,#993,#994);
#992 = CARTESIAN_POINT('',(22.462979167129,37.4,223.44545955711));
#993 = DIRECTION('',(0.,-1.,-1.110223024625E-16));
#994 = DIRECTION('',(0.891006524188,-5.040307057719E-17,0.45399049974));
#995 = DEFINITIONAL_REPRESENTATION('',(#996),#1000);
#996 = LINE('',#997,#998);
#997 = CARTESIAN_POINT('',(-6.28318530718,-0.1));
#998 = VECTOR('',#999,1.);
#999 = DIRECTION('',(1.,-0.));
#1000 = ( GEOMETRIC_REPRESENTATION_CONTEXT(2) 
PARAMETRIC_REPRESENTATION_CONTEXT() REPRESENTATION_CONTEXT('2D SPACE',''
  ) );
#1001 = ORIENTED_EDGE('',*,*,#1002,.F.);
#1002 = EDGE_CURVE('',#1003,#970,#1005,.T.);
#1003 = VERTEX_POINT('',#1004);
#1004 = CARTESIAN_POINT('',(21.780493256429,37.5,224.69622349531));
#1005 = SURFACE_CURVE('',#1006,(#1011,#1018),.PCURVE_S1.);
#1006 = CIRCLE('',#1007,25.210790894703);
#1007 = AXIS2_PLACEMENT_3D('',#1008,#1009,#1010);
#1008 = CARTESIAN_POINT('',(0.,37.5,212.));
#1009 = DIRECTION('',(-0.,1.,1.110223024625E-16));
#1010 = DIRECTION('',(1.,0.,0.));
#1011 = PCURVE('',#326,#1012);
#1012 = DEFINITIONAL_REPRESENTATION('',(#1013),#1017);
#1013 = CIRCLE('',#1014,25.210790894703);
#1014 = AXIS2_PLACEMENT_2D('',#1015,#1016);
#1015 = CARTESIAN_POINT('',(2.412172678695E-15,0.));
#1016 = DIRECTION('',(1.,0.));
#1017 = ( GEOMETRIC_REPRESENTATION_CONTEXT(2) 
PARAMETRIC_REPRESENTATION_CONTEXT() REPRESENTATION_CONTEXT('2D SPACE',''
  ) );
#1018 = PCURVE('',#1019,#1024);
#1019 = CYLINDRICAL_SURFACE('',#1020,25.210790894703);
#1020 = AXIS2_PLACEMENT_3D('',#1021,#1022,#1023);
#1021 = CARTESIAN_POINT('',(0.,37.5,212.));
#1022 = DIRECTION('',(-0.,-1.,-1.110223024625E-16));
#1023 = DIRECTION('',(1.,0.,0.));
#1024 = DEFINITIONAL_REPRESENTATION('',(#1025),#1029);
#1025 = LINE('',#1026,#1027);
#1026 = CARTESIAN_POINT('',(-0.,0.));
#1027 = VECTOR('',#1028,1.);
#1028 = DIRECTION('',(-1.,0.));
#1029 = ( GEOMETRIC_REPRESENTATION_CONTEXT(2) 
PARAMETRIC_REPRESENTATION_CONTEXT() REPRESENTATION_CONTEXT('2D SPACE',''
  ) );
#1030 = ORIENTED_EDGE('',*,*,#1031,.F.);
#1031 = EDGE_CURVE('',#1032,#1003,#1034,.T.);
#1032 = VERTEX_POINT('',#1033);
#1033 = CARTESIAN_POINT('',(21.200554984943,37.5,225.64259674207));
#1034 = SURFACE_CURVE('',#1035,(#1040,#1051),.PCURVE_S1.);
#1035 = CIRCLE('',#1036,0.555);
#1036 = AXIS2_PLACEMENT_3D('',#1037,#1038,#1039);
#1037 = CARTESIAN_POINT('',(21.495732891956,37.5,225.17260205783));
#1038 = DIRECTION('',(0.,-1.,-1.110223024625E-16));
#1039 = DIRECTION('',(0.852640164354,-5.800899368812E-17,0.522498564716)
  );
#1040 = PCURVE('',#326,#1041);
#1041 = DEFINITIONAL_REPRESENTATION('',(#1042),#1050);
#1042 = ( BOUNDED_CURVE() B_SPLINE_CURVE(2,(#1043,#1044,#1045,#1046,
#1047,#1048,#1049),.UNSPECIFIED.,.T.,.F.) B_SPLINE_CURVE_WITH_KNOTS((1,2
    ,2,2,2,1),(-2.094395102393,0.,2.094395102393,4.188790204786,
6.28318530718,8.377580409573),.UNSPECIFIED.) CURVE() 
GEOMETRIC_REPRESENTATION_ITEM() RATIONAL_B_SPLINE_CURVE((1.,0.5,1.,0.5,
1.,0.5,1.)) REPRESENTATION_ITEM('') );
#1043 = CARTESIAN_POINT('',(21.968948183173,-13.46258876125));
#1044 = CARTESIAN_POINT('',(21.466676479335,-14.28222168855));
#1045 = CARTESIAN_POINT('',(21.007989394429,-13.43742516978));
#1046 = CARTESIAN_POINT('',(20.549302309523,-12.592628651));
#1047 = CARTESIAN_POINT('',(21.510261098267,-12.61779224247));
#1048 = CARTESIAN_POINT('',(22.471219887011,-12.64295583394));
#1049 = CARTESIAN_POINT('',(21.968948183173,-13.46258876125));
#1050 = ( GEOMETRIC_REPRESENTATION_CONTEXT(2) 
PARAMETRIC_REPRESENTATION_CONTEXT() REPRESENTATION_CONTEXT('2D SPACE',''
  ) );
#1051 = PCURVE('',#1052,#1057);
#1052 = CYLINDRICAL_SURFACE('',#1053,0.555);
#1053 = AXIS2_PLACEMENT_3D('',#1054,#1055,#1056);
#1054 = CARTESIAN_POINT('',(21.495732891956,37.4,225.17260205783));
#1055 = DIRECTION('',(0.,-1.,-1.110223024625E-16));
#1056 = DIRECTION('',(0.852640164354,-5.800899368812E-17,0.522498564716)
  );
#1057 = DEFINITIONAL_REPRESENTATION('',(#1058),#1062);
#1058 = LINE('',#1059,#1060);
#1059 = CARTESIAN_POINT('',(-6.28318530718,-0.1));
#1060 = VECTOR('',#1061,1.);
#1061 = DIRECTION('',(1.,-0.));
#1062 = ( GEOMETRIC_REPRESENTATION_CONTEXT(2) 
PARAMETRIC_REPRESENTATION_CONTEXT() REPRESENTATION_CONTEXT('2D SPACE',''
  ) );
#1063 = ORIENTED_EDGE('',*,*,#1064,.F.);
#1064 = EDGE_CURVE('',#1065,#1032,#1067,.T.);
#1065 = VERTEX_POINT('',#1066);
#1066 = CARTESIAN_POINT('',(20.71721704999,37.5,226.36596308084));
#1067 = SURFACE_CURVE('',#1068,(#1073,#1080),.PCURVE_S1.);
#1068 = CIRCLE('',#1069,25.210790894703);
#1069 = AXIS2_PLACEMENT_3D('',#1070,#1071,#1072);
#1070 = CARTESIAN_POINT('',(0.,37.5,212.));
#1071 = DIRECTION('',(-0.,1.,1.110223024625E-16));
#1072 = DIRECTION('',(1.,0.,0.));
#1073 = PCURVE('',#326,#1074);
#1074 = DEFINITIONAL_REPRESENTATION('',(#1075),#1079);
#1075 = CIRCLE('',#1076,25.210790894703);
#1076 = AXIS2_PLACEMENT_2D('',#1077,#1078);
#1077 = CARTESIAN_POINT('',(2.412172678695E-15,0.));
#1078 = DIRECTION('',(1.,0.));
#1079 = ( GEOMETRIC_REPRESENTATION_CONTEXT(2) 
PARAMETRIC_REPRESENTATION_CONTEXT() REPRESENTATION_CONTEXT('2D SPACE',''
  ) );
#1080 = PCURVE('',#1081,#1086);
#1081 = CYLINDRICAL_SURFACE('',#1082,25.210790894703);
#1082 = AXIS2_PLACEMENT_3D('',#1083,#1084,#1085);
#1083 = CARTESIAN_POINT('',(0.,37.5,212.));
#1084 = DIRECTION('',(-0.,-1.,-1.110223024625E-16));
#1085 = DIRECTION('',(1.,0.,0.));
#1086 = DEFINITIONAL_REPRESENTATION('',(#1087),#1091);
#1087 = LINE('',#1088,#1089);
#1088 = CARTESIAN_POINT('',(-0.,0.));
#1089 = VECTOR('',#1090,1.);
#1090 = DIRECTION('',(-1.,0.));
#1091 = ( GEOMETRIC_REPRESENTATION_CONTEXT(2) 
PARAMETRIC_REPRESENTATION_CONTEXT() REPRESENTATION_CONTEXT('2D SPACE',''
  ) );
#1092 = ORIENTED_EDGE('',*,*,#1093,.F.);
#1093 = EDGE_CURVE('',#1094,#1065,#1096,.T.);
#1094 = VERTEX_POINT('',#1095);
#1095 = CARTESIAN_POINT('',(20.06481494549,37.5,227.26391754235));
#1096 = SURFACE_CURVE('',#1097,(#1102,#1113),.PCURVE_S1.);
#1097 = CIRCLE('',#1098,0.555);
#1098 = AXIS2_PLACEMENT_3D('',#1099,#1100,#1101);
#1099 = CARTESIAN_POINT('',(20.395958275448,37.5,226.81853108653));
#1100 = DIRECTION('',(0.,-1.,-1.110223024625E-16));
#1101 = DIRECTION('',(0.809016994375,-6.525727206302E-17,0.587785252292)
  );
#1102 = PCURVE('',#326,#1103);
#1103 = DEFINITIONAL_REPRESENTATION('',(#1104),#1112);
#1104 = ( BOUNDED_CURVE() B_SPLINE_CURVE(2,(#1105,#1106,#1107,#1108,
#1109,#1110,#1111),.UNSPECIFIED.,.T.,.F.) B_SPLINE_CURVE_WITH_KNOTS((1,2
    ,2,2,2,1),(-2.094395102393,0.,2.094395102393,4.188790204786,
6.28318530718,8.377580409573),.UNSPECIFIED.) CURVE() 
GEOMETRIC_REPRESENTATION_ITEM() RATIONAL_B_SPLINE_CURVE((1.,0.5,1.,0.5,
1.,0.5,1.)) REPRESENTATION_ITEM('') );
#1105 = CARTESIAN_POINT('',(20.844962707326,-15.14475190155));
#1106 = CARTESIAN_POINT('',(20.279931681221,-15.92245039039));
#1107 = CARTESIAN_POINT('',(19.888940546456,-15.04426992344));
#1108 = CARTESIAN_POINT('',(19.497949411692,-14.16608945649));
#1109 = CARTESIAN_POINT('',(20.453971572562,-14.2665714346));
#1110 = CARTESIAN_POINT('',(21.409993733431,-14.36705341272));
#1111 = CARTESIAN_POINT('',(20.844962707326,-15.14475190155));
#1112 = ( GEOMETRIC_REPRESENTATION_CONTEXT(2) 
PARAMETRIC_REPRESENTATION_CONTEXT() REPRESENTATION_CONTEXT('2D SPACE',''
  ) );
#1113 = PCURVE('',#1114,#1119);
#1114 = CYLINDRICAL_SURFACE('',#1115,0.555);
#1115 = AXIS2_PLACEMENT_3D('',#1116,#1117,#1118);
#1116 = CARTESIAN_POINT('',(20.395958275448,37.4,226.81853108653));
#1117 = DIRECTION('',(0.,-1.,-1.110223024625E-16));
#1118 = DIRECTION('',(0.809016994375,-6.525727206302E-17,0.587785252292)
  );
#1119 = DEFINITIONAL_REPRESENTATION('',(#1120),#1124);
#1120 = LINE('',#1121,#1122);
#1121 = CARTESIAN_POINT('',(-6.28318530718,-0.1));
#1122 = VECTOR('',#1123,1.);
#1123 = DIRECTION('',(1.,-0.));
#1124 = ( GEOMETRIC_REPRESENTATION_CONTEXT(2) 
PARAMETRIC_REPRESENTATION_CONTEXT() REPRESENTATION_CONTEXT('2D SPACE',''
  ) );
#1125 = ORIENTED_EDGE('',*,*,#1126,.F.);
#1126 = EDGE_CURVE('',#1127,#1094,#1129,.T.);
#1127 = VERTEX_POINT('',#1128);
#1128 = CARTESIAN_POINT('',(19.526212311264,37.5,227.94713172679));
#1129 = SURFACE_CURVE('',#1130,(#1135,#1142),.PCURVE_S1.);
#1130 = CIRCLE('',#1131,25.210790894703);
#1131 = AXIS2_PLACEMENT_3D('',#1132,#1133,#1134);
#1132 = CARTESIAN_POINT('',(0.,37.5,212.));
#1133 = DIRECTION('',(-0.,1.,1.110223024625E-16));
#1134 = DIRECTION('',(1.,0.,0.));
#1135 = PCURVE('',#326,#1136);
#1136 = DEFINITIONAL_REPRESENTATION('',(#1137),#1141);
#1137 = CIRCLE('',#1138,25.210790894703);
#1138 = AXIS2_PLACEMENT_2D('',#1139,#1140);
#1139 = CARTESIAN_POINT('',(2.412172678695E-15,0.));
#1140 = DIRECTION('',(1.,0.));
#1141 = ( GEOMETRIC_REPRESENTATION_CONTEXT(2) 
PARAMETRIC_REPRESENTATION_CONTEXT() REPRESENTATION_CONTEXT('2D SPACE',''
  ) );
#1142 = PCURVE('',#1143,#1148);
#1143 = CYLINDRICAL_SURFACE('',#1144,25.210790894703);
#1144 = AXIS2_PLACEMENT_3D('',#1145,#1146,#1147);
#1145 = CARTESIAN_POINT('',(0.,37.5,212.));
#1146 = DIRECTION('',(-0.,-1.,-1.110223024625E-16));
#1147 = DIRECTION('',(1.,0.,0.));
#1148 = DEFINITIONAL_REPRESENTATION('',(#1149),#1153);
#1149 = LINE('',#1150,#1151);
#1150 = CARTESIAN_POINT('',(-0.,0.));
#1151 = VECTOR('',#1152,1.);
#1152 = DIRECTION('',(-1.,0.));
#1153 = ( GEOMETRIC_REPRESENTATION_CONTEXT(2) 
PARAMETRIC_REPRESENTATION_CONTEXT() REPRESENTATION_CONTEXT('2D SPACE',''
  ) );
#1154 = ORIENTED_EDGE('',*,*,#1155,.F.);
#1155 = EDGE_CURVE('',#1156,#1127,#1158,.T.);
#1156 = VERTEX_POINT('',#1157);
#1157 = CARTESIAN_POINT('',(18.805368649669,37.5,228.79113121521));
#1158 = SURFACE_CURVE('',#1159,(#1164,#1175),.PCURVE_S1.);
#1159 = CIRCLE('',#1160,0.555);
#1160 = AXIS2_PLACEMENT_3D('',#1161,#1162,#1163);
#1161 = CARTESIAN_POINT('',(19.170435793827,37.5,228.37309894342));
#1162 = DIRECTION('',(0.,-1.,-1.110223024625E-16));
#1163 = DIRECTION('',(0.7604059656,-7.21032176554E-17,0.64944804833));
#1164 = PCURVE('',#326,#1165);
#1165 = DEFINITIONAL_REPRESENTATION('',(#1166),#1174);
#1166 = ( BOUNDED_CURVE() B_SPLINE_CURVE(2,(#1167,#1168,#1169,#1170,
#1171,#1172,#1173),.UNSPECIFIED.,.T.,.F.) B_SPLINE_CURVE_WITH_KNOTS((1,2
    ,2,2,2,1),(-2.094395102393,0.,2.094395102393,4.188790204786,
6.28318530718,8.377580409573),.UNSPECIFIED.) CURVE() 
GEOMETRIC_REPRESENTATION_ITEM() RATIONAL_B_SPLINE_CURVE((1.,0.5,1.,0.5,
1.,0.5,1.)) REPRESENTATION_ITEM('') );
#1167 = CARTESIAN_POINT('',(19.592461104735,-16.73354261024));
#1168 = CARTESIAN_POINT('',(18.968154360531,-17.46451189082));
#1169 = CARTESIAN_POINT('',(18.647269766271,-16.5583617503));
#1170 = CARTESIAN_POINT('',(18.326385172011,-15.65221160977));
#1171 = CARTESIAN_POINT('',(19.271576510475,-15.82739246972));
#1172 = CARTESIAN_POINT('',(20.21676784894,-16.00257332967));
#1173 = CARTESIAN_POINT('',(19.592461104735,-16.73354261024));
#1174 = ( GEOMETRIC_REPRESENTATION_CONTEXT(2) 
PARAMETRIC_REPRESENTATION_CONTEXT() REPRESENTATION_CONTEXT('2D SPACE',''
  ) );
#1175 = PCURVE('',#1176,#1181);
#1176 = CYLINDRICAL_SURFACE('',#1177,0.555);
#1177 = AXIS2_PLACEMENT_3D('',#1178,#1179,#1180);
#1178 = CARTESIAN_POINT('',(19.170435793827,37.4,228.37309894342));
#1179 = DIRECTION('',(0.,-1.,-1.110223024625E-16));
#1180 = DIRECTION('',(0.7604059656,-7.21032176554E-17,0.64944804833));
#1181 = DEFINITIONAL_REPRESENTATION('',(#1182),#1186);
#1182 = LINE('',#1183,#1184);
#1183 = CARTESIAN_POINT('',(-6.28318530718,-0.1));
#1184 = VECTOR('',#1185,1.);
#1185 = DIRECTION('',(1.,-0.));
#1186 = ( GEOMETRIC_REPRESENTATION_CONTEXT(2) 
PARAMETRIC_REPRESENTATION_CONTEXT() REPRESENTATION_CONTEXT('2D SPACE',''
  ) );
#1187 = ORIENTED_EDGE('',*,*,#1188,.F.);
#1188 = EDGE_CURVE('',#1189,#1156,#1191,.T.);
#1189 = VERTEX_POINT('',#1190);
#1190 = CARTESIAN_POINT('',(18.214821980515,37.5,229.4299810027));
#1191 = SURFACE_CURVE('',#1192,(#1197,#1204),.PCURVE_S1.);
#1192 = CIRCLE('',#1193,25.210790894703);
#1193 = AXIS2_PLACEMENT_3D('',#1194,#1195,#1196);
#1194 = CARTESIAN_POINT('',(0.,37.5,212.));
#1195 = DIRECTION('',(-0.,1.,1.110223024625E-16));
#1196 = DIRECTION('',(1.,0.,0.));
#1197 = PCURVE('',#326,#1198);
#1198 = DEFINITIONAL_REPRESENTATION('',(#1199),#1203);
#1199 = CIRCLE('',#1200,25.210790894703);
#1200 = AXIS2_PLACEMENT_2D('',#1201,#1202);
#1201 = CARTESIAN_POINT('',(2.412172678695E-15,0.));
#1202 = DIRECTION('',(1.,0.));
#1203 = ( GEOMETRIC_REPRESENTATION_CONTEXT(2) 
PARAMETRIC_REPRESENTATION_CONTEXT() REPRESENTATION_CONTEXT('2D SPACE',''
  ) );
#1204 = PCURVE('',#1205,#1210);
#1205 = CYLINDRICAL_SURFACE('',#1206,25.210790894703);
#1206 = AXIS2_PLACEMENT_3D('',#1207,#1208,#1209);
#1207 = CARTESIAN_POINT('',(0.,37.5,212.));
#1208 = DIRECTION('',(-0.,-1.,-1.110223024625E-16));
#1209 = DIRECTION('',(1.,0.,0.));
#1210 = DEFINITIONAL_REPRESENTATION('',(#1211),#1215);
#1211 = LINE('',#1212,#1213);
#1212 = CARTESIAN_POINT('',(-0.,0.));
#1213 = VECTOR('',#1214,1.);
#1214 = DIRECTION('',(-1.,0.));
#1215 = ( GEOMETRIC_REPRESENTATION_CONTEXT(2) 
PARAMETRIC_REPRESENTATION_CONTEXT() REPRESENTATION_CONTEXT('2D SPACE',''
  ) );
#1216 = ORIENTED_EDGE('',*,*,#1217,.F.);
#1217 = EDGE_CURVE('',#1218,#1189,#1220,.T.);
#1218 = VERTEX_POINT('',#1219);
#1219 = CARTESIAN_POINT('',(17.429981002703,37.5,230.21482198051));
#1220 = SURFACE_CURVE('',#1221,(#1226,#1237),.PCURVE_S1.);
#1221 = CIRCLE('',#1222,0.555);
#1222 = AXIS2_PLACEMENT_3D('',#1223,#1224,#1225);
#1223 = CARTESIAN_POINT('',(17.826721200721,37.5,229.82672120072));
#1224 = DIRECTION('',(0.,-1.,-1.110223024625E-16));
#1225 = DIRECTION('',(0.707106781187,-7.850462293419E-17,0.707106781187)
  );
#1226 = PCURVE('',#326,#1227);
#1227 = DEFINITIONAL_REPRESENTATION('',(#1228),#1236);
#1228 = ( BOUNDED_CURVE() B_SPLINE_CURVE(2,(#1229,#1230,#1231,#1232,
#1233,#1234,#1235),.UNSPECIFIED.,.T.,.F.) B_SPLINE_CURVE_WITH_KNOTS((1,2
    ,2,2,2,1),(-2.094395102393,0.,2.094395102393,4.188790204786,
6.28318530718,8.377580409573),.UNSPECIFIED.) CURVE() 
GEOMETRIC_REPRESENTATION_ITEM() RATIONAL_B_SPLINE_CURVE((1.,0.5,1.,0.5,
1.,0.5,1.)) REPRESENTATION_ITEM('') );
#1229 = CARTESIAN_POINT('',(18.219165464279,-18.21916546427));
#1230 = CARTESIAN_POINT('',(17.539432060657,-18.8988988679));
#1231 = CARTESIAN_POINT('',(17.29063236713,-17.97036577075));
#1232 = CARTESIAN_POINT('',(17.041832673604,-17.0418326736));
#1233 = CARTESIAN_POINT('',(17.970365770753,-17.29063236713));
#1234 = CARTESIAN_POINT('',(18.898898867902,-17.53943206065));
#1235 = CARTESIAN_POINT('',(18.219165464279,-18.21916546427));
#1236 = ( GEOMETRIC_REPRESENTATION_CONTEXT(2) 
PARAMETRIC_REPRESENTATION_CONTEXT() REPRESENTATION_CONTEXT('2D SPACE',''
  ) );
#1237 = PCURVE('',#1238,#1243);
#1238 = CYLINDRICAL_SURFACE('',#1239,0.555);
#1239 = AXIS2_PLACEMENT_3D('',#1240,#1241,#1242);
#1240 = CARTESIAN_POINT('',(17.826721200721,37.4,229.82672120072));
#1241 = DIRECTION('',(0.,-1.,-1.110223024625E-16));
#1242 = DIRECTION('',(0.707106781187,-7.850462293419E-17,0.707106781187)
  );
#1243 = DEFINITIONAL_REPRESENTATION('',(#1244),#1248);
#1244 = LINE('',#1245,#1246);
#1245 = CARTESIAN_POINT('',(-6.28318530718,-0.1));
#1246 = VECTOR('',#1247,1.);
#1247 = DIRECTION('',(1.,-0.));
#1248 = ( GEOMETRIC_REPRESENTATION_CONTEXT(2) 
PARAMETRIC_REPRESENTATION_CONTEXT() REPRESENTATION_CONTEXT('2D SPACE',''
  ) );
#1249 = ORIENTED_EDGE('',*,*,#1250,.F.);
#1250 = EDGE_CURVE('',#1251,#1218,#1253,.T.);
#1251 = VERTEX_POINT('',#1252);
#1252 = CARTESIAN_POINT('',(16.791131215213,37.5,230.80536864966));
#1253 = SURFACE_CURVE('',#1254,(#1259,#1266),.PCURVE_S1.);
#1254 = CIRCLE('',#1255,25.210790894703);
#1255 = AXIS2_PLACEMENT_3D('',#1256,#1257,#1258);
#1256 = CARTESIAN_POINT('',(0.,37.5,212.));
#1257 = DIRECTION('',(-0.,1.,1.110223024625E-16));
#1258 = DIRECTION('',(1.,0.,0.));
#1259 = PCURVE('',#326,#1260);
#1260 = DEFINITIONAL_REPRESENTATION('',(#1261),#1265);
#1261 = CIRCLE('',#1262,25.210790894703);
#1262 = AXIS2_PLACEMENT_2D('',#1263,#1264);
#1263 = CARTESIAN_POINT('',(2.412172678695E-15,0.));
#1264 = DIRECTION('',(1.,0.));
#1265 = ( GEOMETRIC_REPRESENTATION_CONTEXT(2) 
PARAMETRIC_REPRESENTATION_CONTEXT() REPRESENTATION_CONTEXT('2D SPACE',''
  ) );
#1266 = PCURVE('',#1267,#1272);
#1267 = CYLINDRICAL_SURFACE('',#1268,25.210790894703);
#1268 = AXIS2_PLACEMENT_3D('',#1269,#1270,#1271);
#1269 = CARTESIAN_POINT('',(0.,37.5,212.));
#1270 = DIRECTION('',(-0.,-1.,-1.110223024625E-16));
#1271 = DIRECTION('',(1.,0.,0.));
#1272 = DEFINITIONAL_REPRESENTATION('',(#1273),#1277);
#1273 = LINE('',#1274,#1275);
#1274 = CARTESIAN_POINT('',(-0.,0.));
#1275 = VECTOR('',#1276,1.);
#1276 = DIRECTION('',(-1.,0.));
#1277 = ( GEOMETRIC_REPRESENTATION_CONTEXT(2) 
PARAMETRIC_REPRESENTATION_CONTEXT() REPRESENTATION_CONTEXT('2D SPACE',''
  ) );
#1278 = ORIENTED_EDGE('',*,*,#1279,.F.);
#1279 = EDGE_CURVE('',#1280,#1251,#1282,.T.);
#1280 = VERTEX_POINT('',#1281);
#1281 = CARTESIAN_POINT('',(15.947131726799,37.5,231.52621231126));
#1282 = SURFACE_CURVE('',#1283,(#1288,#1299),.PCURVE_S1.);
#1283 = CIRCLE('',#1284,0.555);
#1284 = AXIS2_PLACEMENT_3D('',#1285,#1286,#1287);
#1285 = CARTESIAN_POINT('',(16.373098943425,37.5,231.17043579382));
#1286 = DIRECTION('',(0.,-1.,-1.110223024625E-16));
#1287 = DIRECTION('',(0.64944804833,-8.442202110715E-17,0.7604059656));
#1288 = PCURVE('',#326,#1289);
#1289 = DEFINITIONAL_REPRESENTATION('',(#1290),#1298);
#1290 = ( BOUNDED_CURVE() B_SPLINE_CURVE(2,(#1291,#1292,#1293,#1294,
#1295,#1296,#1297),.UNSPECIFIED.,.T.,.F.) B_SPLINE_CURVE_WITH_KNOTS((1,2
    ,2,2,2,1),(-2.094395102393,0.,2.094395102393,4.188790204786,
6.28318530718,8.377580409573),.UNSPECIFIED.) CURVE() 
GEOMETRIC_REPRESENTATION_ITEM() RATIONAL_B_SPLINE_CURVE((1.,0.5,1.,0.5,
1.,0.5,1.)) REPRESENTATION_ITEM('') );
#1291 = CARTESIAN_POINT('',(16.733542610249,-19.59246110473));
#1292 = CARTESIAN_POINT('',(16.002573329676,-20.21676784894));
#1293 = CARTESIAN_POINT('',(15.827392469727,-19.27157651047));
#1294 = CARTESIAN_POINT('',(15.652211609779,-18.32638517201));
#1295 = CARTESIAN_POINT('',(16.5583617503,-18.64726976627));
#1296 = CARTESIAN_POINT('',(17.464511890821,-18.96815436053));
#1297 = CARTESIAN_POINT('',(16.733542610249,-19.59246110473));
#1298 = ( GEOMETRIC_REPRESENTATION_CONTEXT(2) 
PARAMETRIC_REPRESENTATION_CONTEXT() REPRESENTATION_CONTEXT('2D SPACE',''
  ) );
#1299 = PCURVE('',#1300,#1305);
#1300 = CYLINDRICAL_SURFACE('',#1301,0.555);
#1301 = AXIS2_PLACEMENT_3D('',#1302,#1303,#1304);
#1302 = CARTESIAN_POINT('',(16.373098943425,37.4,231.17043579382));
#1303 = DIRECTION('',(0.,-1.,-1.110223024625E-16));
#1304 = DIRECTION('',(0.64944804833,-8.442202110715E-17,0.7604059656));
#1305 = DEFINITIONAL_REPRESENTATION('',(#1306),#1310);
#1306 = LINE('',#1307,#1308);
#1307 = CARTESIAN_POINT('',(-6.28318530718,-0.1));
#1308 = VECTOR('',#1309,1.);
#1309 = DIRECTION('',(1.,-0.));
#1310 = ( GEOMETRIC_REPRESENTATION_CONTEXT(2) 
PARAMETRIC_REPRESENTATION_CONTEXT() REPRESENTATION_CONTEXT('2D SPACE',''
  ) );
#1311 = ORIENTED_EDGE('',*,*,#1312,.F.);
#1312 = EDGE_CURVE('',#1313,#1280,#1315,.T.);
#1313 = VERTEX_POINT('',#1314);
#1314 = CARTESIAN_POINT('',(15.263917542352,37.5,232.06481494549));
#1315 = SURFACE_CURVE('',#1316,(#1321,#1328),.PCURVE_S1.);
#1316 = CIRCLE('',#1317,25.210790894703);
#1317 = AXIS2_PLACEMENT_3D('',#1318,#1319,#1320);
#1318 = CARTESIAN_POINT('',(0.,37.5,212.));
#1319 = DIRECTION('',(-0.,1.,1.110223024625E-16));
#1320 = DIRECTION('',(1.,0.,0.));
#1321 = PCURVE('',#326,#1322);
#1322 = DEFINITIONAL_REPRESENTATION('',(#1323),#1327);
#1323 = CIRCLE('',#1324,25.210790894703);
#1324 = AXIS2_PLACEMENT_2D('',#1325,#1326);
#1325 = CARTESIAN_POINT('',(2.412172678695E-15,0.));
#1326 = DIRECTION('',(1.,0.));
#1327 = ( GEOMETRIC_REPRESENTATION_CONTEXT(2) 
PARAMETRIC_REPRESENTATION_CONTEXT() REPRESENTATION_CONTEXT('2D SPACE',''
  ) );
#1328 = PCURVE('',#1329,#1334);
#1329 = CYLINDRICAL_SURFACE('',#1330,25.210790894703);
#1330 = AXIS2_PLACEMENT_3D('',#1331,#1332,#1333);
#1331 = CARTESIAN_POINT('',(0.,37.5,212.));
#1332 = DIRECTION('',(-0.,-1.,-1.110223024625E-16));
#1333 = DIRECTION('',(1.,0.,0.));
#1334 = DEFINITIONAL_REPRESENTATION('',(#1335),#1339);
#1335 = LINE('',#1336,#1337);
#1336 = CARTESIAN_POINT('',(-0.,0.));
#1337 = VECTOR('',#1338,1.);
#1338 = DIRECTION('',(-1.,0.));
#1339 = ( GEOMETRIC_REPRESENTATION_CONTEXT(2) 
PARAMETRIC_REPRESENTATION_CONTEXT() REPRESENTATION_CONTEXT('2D SPACE',''
  ) );
#1340 = ORIENTED_EDGE('',*,*,#1341,.F.);
#1341 = EDGE_CURVE('',#1342,#1313,#1344,.T.);
#1342 = VERTEX_POINT('',#1343);
#1343 = CARTESIAN_POINT('',(14.36596308084,37.5,232.71721704999));
#1344 = SURFACE_CURVE('',#1345,(#1350,#1361),.PCURVE_S1.);
#1345 = CIRCLE('',#1346,0.555);
#1346 = AXIS2_PLACEMENT_3D('',#1347,#1348,#1349);
#1347 = CARTESIAN_POINT('',(14.818531086536,37.5,232.39595827544));
#1348 = DIRECTION('',(0.,-1.,-1.110223024625E-16));
#1349 = DIRECTION('',(0.587785252292,-8.981892944681E-17,0.809016994375)
  );
#1350 = PCURVE('',#326,#1351);
#1351 = DEFINITIONAL_REPRESENTATION('',(#1352),#1360);
#1352 = ( BOUNDED_CURVE() B_SPLINE_CURVE(2,(#1353,#1354,#1355,#1356,
#1357,#1358,#1359),.UNSPECIFIED.,.T.,.F.) B_SPLINE_CURVE_WITH_KNOTS((1,2
    ,2,2,2,1),(-2.094395102393,0.,2.094395102393,4.188790204786,
6.28318530718,8.377580409573),.UNSPECIFIED.) CURVE() 
GEOMETRIC_REPRESENTATION_ITEM() RATIONAL_B_SPLINE_CURVE((1.,0.5,1.,0.5,
1.,0.5,1.)) REPRESENTATION_ITEM('') );
#1353 = CARTESIAN_POINT('',(15.144751901558,-20.84496270732));
#1354 = CARTESIAN_POINT('',(14.367053412722,-21.40999373343));
#1355 = CARTESIAN_POINT('',(14.266571434607,-20.45397157256));
#1356 = CARTESIAN_POINT('',(14.166089456491,-19.49794941169));
#1357 = CARTESIAN_POINT('',(15.044269923443,-19.88894054645));
#1358 = CARTESIAN_POINT('',(15.922450390395,-20.27993168122));
#1359 = CARTESIAN_POINT('',(15.144751901558,-20.84496270732));
#1360 = ( GEOMETRIC_REPRESENTATION_CONTEXT(2) 
PARAMETRIC_REPRESENTATION_CONTEXT() REPRESENTATION_CONTEXT('2D SPACE',''
  ) );
#1361 = PCURVE('',#1362,#1367);
#1362 = CYLINDRICAL_SURFACE('',#1363,0.555);
#1363 = AXIS2_PLACEMENT_3D('',#1364,#1365,#1366);
#1364 = CARTESIAN_POINT('',(14.818531086536,37.4,232.39595827544));
#1365 = DIRECTION('',(0.,-1.,-1.110223024625E-16));
#1366 = DIRECTION('',(0.587785252292,-8.981892944681E-17,0.809016994375)
  );
#1367 = DEFINITIONAL_REPRESENTATION('',(#1368),#1372);
#1368 = LINE('',#1369,#1370);
#1369 = CARTESIAN_POINT('',(-6.28318530718,-0.1));
#1370 = VECTOR('',#1371,1.);
#1371 = DIRECTION('',(1.,-0.));
#1372 = ( GEOMETRIC_REPRESENTATION_CONTEXT(2) 
PARAMETRIC_REPRESENTATION_CONTEXT() REPRESENTATION_CONTEXT('2D SPACE',''
  ) );
#1373 = ORIENTED_EDGE('',*,*,#1374,.F.);
#1374 = EDGE_CURVE('',#1375,#1342,#1377,.T.);
#1375 = VERTEX_POINT('',#1376);
#1376 = CARTESIAN_POINT('',(13.642596742074,37.5,233.20055498494));
#1377 = SURFACE_CURVE('',#1378,(#1383,#1390),.PCURVE_S1.);
#1378 = CIRCLE('',#1379,25.210790894703);
#1379 = AXIS2_PLACEMENT_3D('',#1380,#1381,#1382);
#1380 = CARTESIAN_POINT('',(0.,37.5,212.));
#1381 = DIRECTION('',(-0.,1.,1.110223024625E-16));
#1382 = DIRECTION('',(1.,0.,0.));
#1383 = PCURVE('',#326,#1384);
#1384 = DEFINITIONAL_REPRESENTATION('',(#1385),#1389);
#1385 = CIRCLE('',#1386,25.210790894703);
#1386 = AXIS2_PLACEMENT_2D('',#1387,#1388);
#1387 = CARTESIAN_POINT('',(2.412172678695E-15,0.));
#1388 = DIRECTION('',(1.,0.));
#1389 = ( GEOMETRIC_REPRESENTATION_CONTEXT(2) 
PARAMETRIC_REPRESENTATION_CONTEXT() REPRESENTATION_CONTEXT('2D SPACE',''
  ) );
#1390 = PCURVE('',#1391,#1396);
#1391 = CYLINDRICAL_SURFACE('',#1392,25.210790894703);
#1392 = AXIS2_PLACEMENT_3D('',#1393,#1394,#1395);
#1393 = CARTESIAN_POINT('',(0.,37.5,212.));
#1394 = DIRECTION('',(-0.,-1.,-1.110223024625E-16));
#1395 = DIRECTION('',(1.,0.,0.));
#1396 = DEFINITIONAL_REPRESENTATION('',(#1397),#1401);
#1397 = LINE('',#1398,#1399);
#1398 = CARTESIAN_POINT('',(-0.,0.));
#1399 = VECTOR('',#1400,1.);
#1400 = DIRECTION('',(-1.,0.));
#1401 = ( GEOMETRIC_REPRESENTATION_CONTEXT(2) 
PARAMETRIC_REPRESENTATION_CONTEXT() REPRESENTATION_CONTEXT('2D SPACE',''
  ) );
#1402 = ORIENTED_EDGE('',*,*,#1403,.F.);
#1403 = EDGE_CURVE('',#1404,#1375,#1406,.T.);
#1404 = VERTEX_POINT('',#1405);
#1405 = CARTESIAN_POINT('',(12.69622349532,37.5,233.78049325642));
#1406 = SURFACE_CURVE('',#1407,(#1412,#1423),.PCURVE_S1.);
#1407 = CIRCLE('',#1408,0.555);
#1408 = AXIS2_PLACEMENT_3D('',#1409,#1410,#1411);
#1409 = CARTESIAN_POINT('',(13.172602057836,37.5,233.49573289195));
#1410 = DIRECTION('',(0.,-1.,-1.110223024625E-16));
#1411 = DIRECTION('',(0.522498564716,-9.466207421861E-17,0.852640164354)
  );
#1412 = PCURVE('',#326,#1413);
#1413 = DEFINITIONAL_REPRESENTATION('',(#1414),#1422);
#1414 = ( BOUNDED_CURVE() B_SPLINE_CURVE(2,(#1415,#1416,#1417,#1418,
#1419,#1420,#1421),.UNSPECIFIED.,.T.,.F.) B_SPLINE_CURVE_WITH_KNOTS((1,2
    ,2,2,2,1),(-2.094395102393,0.,2.094395102393,4.188790204786,
6.28318530718,8.377580409573),.UNSPECIFIED.) CURVE() 
GEOMETRIC_REPRESENTATION_ITEM() RATIONAL_B_SPLINE_CURVE((1.,0.5,1.,0.5,
1.,0.5,1.)) REPRESENTATION_ITEM('') );
#1415 = CARTESIAN_POINT('',(13.462588761254,-21.96894818317));
#1416 = CARTESIAN_POINT('',(12.642955833948,-22.47121988701));
#1417 = CARTESIAN_POINT('',(12.617792242475,-21.51026109826));
#1418 = CARTESIAN_POINT('',(12.592628651002,-20.54930230952));
#1419 = CARTESIAN_POINT('',(13.43742516978,-21.00798939442));
#1420 = CARTESIAN_POINT('',(14.282221688559,-21.46667647933));
#1421 = CARTESIAN_POINT('',(13.462588761254,-21.96894818317));
#1422 = ( GEOMETRIC_REPRESENTATION_CONTEXT(2) 
PARAMETRIC_REPRESENTATION_CONTEXT() REPRESENTATION_CONTEXT('2D SPACE',''
  ) );
#1423 = PCURVE('',#1424,#1429);
#1424 = CYLINDRICAL_SURFACE('',#1425,0.555);
#1425 = AXIS2_PLACEMENT_3D('',#1426,#1427,#1428);
#1426 = CARTESIAN_POINT('',(13.172602057836,37.4,233.49573289195));
#1427 = DIRECTION('',(0.,-1.,-1.110223024625E-16));
#1428 = DIRECTION('',(0.522498564716,-9.466207421861E-17,0.852640164354)
  );
#1429 = DEFINITIONAL_REPRESENTATION('',(#1430),#1434);
#1430 = LINE('',#1431,#1432);
#1431 = CARTESIAN_POINT('',(-6.28318530718,-0.1));
#1432 = VECTOR('',#1433,1.);
#1433 = DIRECTION('',(1.,-0.));
#1434 = ( GEOMETRIC_REPRESENTATION_CONTEXT(2) 
PARAMETRIC_REPRESENTATION_CONTEXT() REPRESENTATION_CONTEXT('2D SPACE',''
  ) );
#1435 = ORIENTED_EDGE('',*,*,#1436,.F.);
#1436 = EDGE_CURVE('',#1437,#1404,#1439,.T.);
#1437 = VERTEX_POINT('',#1438);
#1438 = CARTESIAN_POINT('',(11.937164796257,37.5,234.20558655301));
#1439 = SURFACE_CURVE('',#1440,(#1445,#1452),.PCURVE_S1.);
#1440 = CIRCLE('',#1441,25.210790894703);
#1441 = AXIS2_PLACEMENT_3D('',#1442,#1443,#1444);
#1442 = CARTESIAN_POINT('',(0.,37.5,212.));
#1443 = DIRECTION('',(-0.,1.,1.110223024625E-16));
#1444 = DIRECTION('',(1.,0.,0.));
#1445 = PCURVE('',#326,#1446);
#1446 = DEFINITIONAL_REPRESENTATION('',(#1447),#1451);
#1447 = CIRCLE('',#1448,25.210790894703);
#1448 = AXIS2_PLACEMENT_2D('',#1449,#1450);
#1449 = CARTESIAN_POINT('',(2.412172678695E-15,0.));
#1450 = DIRECTION('',(1.,0.));
#1451 = ( GEOMETRIC_REPRESENTATION_CONTEXT(2) 
PARAMETRIC_REPRESENTATION_CONTEXT() REPRESENTATION_CONTEXT('2D SPACE',''
  ) );
#1452 = PCURVE('',#1453,#1458);
#1453 = CYLINDRICAL_SURFACE('',#1454,25.210790894703);
#1454 = AXIS2_PLACEMENT_3D('',#1455,#1456,#1457);
#1455 = CARTESIAN_POINT('',(0.,37.5,212.));
#1456 = DIRECTION('',(-0.,-1.,-1.110223024625E-16));
#1457 = DIRECTION('',(1.,0.,0.));
#1458 = DEFINITIONAL_REPRESENTATION('',(#1459),#1463);
#1459 = LINE('',#1460,#1461);
#1460 = CARTESIAN_POINT('',(-0.,0.));
#1461 = VECTOR('',#1462,1.);
#1462 = DIRECTION('',(-1.,0.));
#1463 = ( GEOMETRIC_REPRESENTATION_CONTEXT(2) 
PARAMETRIC_REPRESENTATION_CONTEXT() REPRESENTATION_CONTEXT('2D SPACE',''
  ) );
#1464 = ORIENTED_EDGE('',*,*,#1465,.F.);
#1465 = EDGE_CURVE('',#1466,#1437,#1468,.T.);
#1466 = VERTEX_POINT('',#1467);
#1467 = CARTESIAN_POINT('',(10.948207470028,37.5,234.70948547919));
#1468 = SURFACE_CURVE('',#1469,(#1474,#1485),.PCURVE_S1.);
#1469 = CIRCLE('',#1470,0.555);
#1470 = AXIS2_PLACEMENT_3D('',#1471,#1472,#1473);
#1471 = CARTESIAN_POINT('',(11.445459557116,37.5,234.46297916712));
#1472 = DIRECTION('',(0.,-1.,-1.110223024625E-16));
#1473 = DIRECTION('',(0.45399049974,-9.892159582452E-17,0.891006524188)
  );
#1474 = PCURVE('',#326,#1475);
#1475 = DEFINITIONAL_REPRESENTATION('',(#1476),#1484);
#1476 = ( BOUNDED_CURVE() B_SPLINE_CURVE(2,(#1477,#1478,#1479,#1480,
#1481,#1482,#1483),.UNSPECIFIED.,.T.,.F.) B_SPLINE_CURVE_WITH_KNOTS((1,2
    ,2,2,2,1),(-2.094395102393,0.,2.094395102393,4.188790204786,
6.28318530718,8.377580409573),.UNSPECIFIED.) CURVE() 
GEOMETRIC_REPRESENTATION_ITEM() RATIONAL_B_SPLINE_CURVE((1.,0.5,1.,0.5,
1.,0.5,1.)) REPRESENTATION_ITEM('') );
#1477 = CARTESIAN_POINT('',(11.697424284471,-22.95748778805));
#1478 = CARTESIAN_POINT('',(10.840910228249,-23.39390349754));
#1479 = CARTESIAN_POINT('',(10.891220165327,-22.43393271141));
#1480 = CARTESIAN_POINT('',(10.941530102405,-21.47396192528));
#1481 = CARTESIAN_POINT('',(11.747734221549,-21.99751700192));
#1482 = CARTESIAN_POINT('',(12.553938340693,-22.52107207855));
#1483 = CARTESIAN_POINT('',(11.697424284471,-22.95748778805));
#1484 = ( GEOMETRIC_REPRESENTATION_CONTEXT(2) 
PARAMETRIC_REPRESENTATION_CONTEXT() REPRESENTATION_CONTEXT('2D SPACE',''
  ) );
#1485 = PCURVE('',#1486,#1491);
#1486 = CYLINDRICAL_SURFACE('',#1487,0.555);
#1487 = AXIS2_PLACEMENT_3D('',#1488,#1489,#1490);
#1488 = CARTESIAN_POINT('',(11.445459557116,37.4,234.46297916712));
#1489 = DIRECTION('',(0.,-1.,-1.110223024625E-16));
#1490 = DIRECTION('',(0.45399049974,-9.892159582452E-17,0.891006524188)
  );
#1491 = DEFINITIONAL_REPRESENTATION('',(#1492),#1496);
#1492 = LINE('',#1493,#1494);
#1493 = CARTESIAN_POINT('',(-6.28318530718,-0.1));
#1494 = VECTOR('',#1495,1.);
#1495 = DIRECTION('',(1.,-0.));
#1496 = ( GEOMETRIC_REPRESENTATION_CONTEXT(2) 
PARAMETRIC_REPRESENTATION_CONTEXT() REPRESENTATION_CONTEXT('2D SPACE',''
  ) );
#1497 = ORIENTED_EDGE('',*,*,#1498,.F.);
#1498 = EDGE_CURVE('',#1499,#1466,#1501,.T.);
#1499 = VERTEX_POINT('',#1500);
#1500 = CARTESIAN_POINT('',(10.158136259962,37.5,235.07371329588));
#1501 = SURFACE_CURVE('',#1502,(#1507,#1514),.PCURVE_S1.);
#1502 = CIRCLE('',#1503,25.210790894703);
#1503 = AXIS2_PLACEMENT_3D('',#1504,#1505,#1506);
#1504 = CARTESIAN_POINT('',(0.,37.5,212.));
#1505 = DIRECTION('',(-0.,1.,1.110223024625E-16));
#1506 = DIRECTION('',(1.,0.,0.));
#1507 = PCURVE('',#326,#1508);
#1508 = DEFINITIONAL_REPRESENTATION('',(#1509),#1513);
#1509 = CIRCLE('',#1510,25.210790894703);
#1510 = AXIS2_PLACEMENT_2D('',#1511,#1512);
#1511 = CARTESIAN_POINT('',(2.412172678695E-15,0.));
#1512 = DIRECTION('',(1.,0.));
#1513 = ( GEOMETRIC_REPRESENTATION_CONTEXT(2) 
PARAMETRIC_REPRESENTATION_CONTEXT() REPRESENTATION_CONTEXT('2D SPACE',''
  ) );
#1514 = PCURVE('',#1515,#1520);
#1515 = CYLINDRICAL_SURFACE('',#1516,25.210790894703);
#1516 = AXIS2_PLACEMENT_3D('',#1517,#1518,#1519);
#1517 = CARTESIAN_POINT('',(0.,37.5,212.));
#1518 = DIRECTION('',(-0.,-1.,-1.110223024625E-16));
#1519 = DIRECTION('',(1.,0.,0.));
#1520 = DEFINITIONAL_REPRESENTATION('',(#1521),#1525);
#1521 = LINE('',#1522,#1523);
#1522 = CARTESIAN_POINT('',(-0.,0.));
#1523 = VECTOR('',#1524,1.);
#1524 = DIRECTION('',(-1.,0.));
#1525 = ( GEOMETRIC_REPRESENTATION_CONTEXT(2) 
PARAMETRIC_REPRESENTATION_CONTEXT() REPRESENTATION_CONTEXT('2D SPACE',''
  ) );
#1526 = ORIENTED_EDGE('',*,*,#1527,.F.);
#1527 = EDGE_CURVE('',#1528,#1499,#1530,.T.);
#1528 = VERTEX_POINT('',#1529);
#1529 = CARTESIAN_POINT('',(9.132692105035,37.5,235.4984661723));
#1530 = SURFACE_CURVE('',#1531,(#1536,#1547),.PCURVE_S1.);
#1531 = CIRCLE('',#1532,0.555);
#1532 = AXIS2_PLACEMENT_3D('',#1533,#1534,#1535);
#1533 = CARTESIAN_POINT('',(9.647751992224,37.5,235.29173370603));
#1534 = DIRECTION('',(0.,-1.,-1.110223024625E-16));
#1535 = DIRECTION('',(0.382683432365,-1.025712328974E-16,0.923879532511)
  );
#1536 = PCURVE('',#326,#1537);
#1537 = DEFINITIONAL_REPRESENTATION('',(#1538),#1546);
#1538 = ( BOUNDED_CURVE() B_SPLINE_CURVE(2,(#1539,#1540,#1541,#1542,
#1543,#1544,#1545),.UNSPECIFIED.,.T.,.F.) B_SPLINE_CURVE_WITH_KNOTS((1,2
    ,2,2,2,1),(-2.094395102393,0.,2.094395102393,4.188790204786,
6.28318530718,8.377580409573),.UNSPECIFIED.) CURVE() 
GEOMETRIC_REPRESENTATION_ITEM() RATIONAL_B_SPLINE_CURVE((1.,0.5,1.,0.5,
1.,0.5,1.)) REPRESENTATION_ITEM('') );
#1539 = CARTESIAN_POINT('',(9.860141297186,-23.80448684658));
#1540 = CARTESIAN_POINT('',(8.972026806024,-24.17235591376));
#1541 = CARTESIAN_POINT('',(9.097500094161,-23.21929166935));
#1542 = CARTESIAN_POINT('',(9.222973382298,-22.26622742495));
#1543 = CARTESIAN_POINT('',(9.985614585323,-22.85142260217));
#1544 = CARTESIAN_POINT('',(10.748255788349,-23.4366177794));
#1545 = CARTESIAN_POINT('',(9.860141297186,-23.80448684658));
#1546 = ( GEOMETRIC_REPRESENTATION_CONTEXT(2) 
PARAMETRIC_REPRESENTATION_CONTEXT() REPRESENTATION_CONTEXT('2D SPACE',''
  ) );
#1547 = PCURVE('',#1548,#1553);
#1548 = CYLINDRICAL_SURFACE('',#1549,0.555);
#1549 = AXIS2_PLACEMENT_3D('',#1550,#1551,#1552);
#1550 = CARTESIAN_POINT('',(9.647751992224,37.4,235.29173370603));
#1551 = DIRECTION('',(0.,-1.,-1.110223024625E-16));
#1552 = DIRECTION('',(0.382683432365,-1.025712328974E-16,0.923879532511)
  );
#1553 = DEFINITIONAL_REPRESENTATION('',(#1554),#1558);
#1554 = LINE('',#1555,#1556);
#1555 = CARTESIAN_POINT('',(-6.28318530718,-0.1));
#1556 = VECTOR('',#1557,1.);
#1557 = DIRECTION('',(1.,-0.));
#1558 = ( GEOMETRIC_REPRESENTATION_CONTEXT(2) 
PARAMETRIC_REPRESENTATION_CONTEXT() REPRESENTATION_CONTEXT('2D SPACE',''
  ) );
#1559 = ORIENTED_EDGE('',*,*,#1560,.F.);
#1560 = EDGE_CURVE('',#1561,#1528,#1563,.T.);
#1561 = VERTEX_POINT('',#1562);
#1562 = CARTESIAN_POINT('',(8.316479435701,37.5,235.79958292348));
#1563 = SURFACE_CURVE('',#1564,(#1569,#1576),.PCURVE_S1.);
#1564 = CIRCLE('',#1565,25.210790894703);
#1565 = AXIS2_PLACEMENT_3D('',#1566,#1567,#1568);
#1566 = CARTESIAN_POINT('',(0.,37.5,212.));
#1567 = DIRECTION('',(-0.,1.,1.110223024625E-16));
#1568 = DIRECTION('',(1.,0.,0.));
#1569 = PCURVE('',#326,#1570);
#1570 = DEFINITIONAL_REPRESENTATION('',(#1571),#1575);
#1571 = CIRCLE('',#1572,25.210790894703);
#1572 = AXIS2_PLACEMENT_2D('',#1573,#1574);
#1573 = CARTESIAN_POINT('',(2.412172678695E-15,0.));
#1574 = DIRECTION('',(1.,0.));
#1575 = ( GEOMETRIC_REPRESENTATION_CONTEXT(2) 
PARAMETRIC_REPRESENTATION_CONTEXT() REPRESENTATION_CONTEXT('2D SPACE',''
  ) );
#1576 = PCURVE('',#1577,#1582);
#1577 = CYLINDRICAL_SURFACE('',#1578,25.210790894703);
#1578 = AXIS2_PLACEMENT_3D('',#1579,#1580,#1581);
#1579 = CARTESIAN_POINT('',(0.,37.5,212.));
#1580 = DIRECTION('',(-0.,-1.,-1.110223024625E-16));
#1581 = DIRECTION('',(1.,0.,0.));
#1582 = DEFINITIONAL_REPRESENTATION('',(#1583),#1587);
#1583 = LINE('',#1584,#1585);
#1584 = CARTESIAN_POINT('',(-0.,0.));
#1585 = VECTOR('',#1586,1.);
#1586 = DIRECTION('',(-1.,0.));
#1587 = ( GEOMETRIC_REPRESENTATION_CONTEXT(2) 
PARAMETRIC_REPRESENTATION_CONTEXT() REPRESENTATION_CONTEXT('2D SPACE',''
  ) );
#1588 = ORIENTED_EDGE('',*,*,#1589,.F.);
#1589 = EDGE_CURVE('',#1590,#1561,#1592,.T.);
#1590 = VERTEX_POINT('',#1591);
#1591 = CARTESIAN_POINT('',(7.260870656287,37.5,236.14257100743));
#1592 = SURFACE_CURVE('',#1593,(#1598,#1609),.PCURVE_S1.);
#1593 = CIRCLE('',#1594,0.555);
#1594 = AXIS2_PLACEMENT_3D('',#1595,#1596,#1597);
#1595 = CARTESIAN_POINT('',(7.790562828096,37.5,235.97688696136));
#1596 = DIRECTION('',(0.,-1.,-1.110223024625E-16));
#1597 = DIRECTION('',(0.309016994375,-1.055884842111E-16,0.951056516295)
  );
#1598 = PCURVE('',#326,#1599);
#1599 = DEFINITIONAL_REPRESENTATION('',(#1600),#1608);
#1600 = ( BOUNDED_CURVE() B_SPLINE_CURVE(2,(#1601,#1602,#1603,#1604,
#1605,#1606,#1607),.UNSPECIFIED.,.T.,.F.) B_SPLINE_CURVE_WITH_KNOTS((1,2
    ,2,2,2,1),(-2.094395102393,0.,2.094395102393,4.188790204786,
6.28318530718,8.377580409573),.UNSPECIFIED.) CURVE() 
GEOMETRIC_REPRESENTATION_ITEM() RATIONAL_B_SPLINE_CURVE((1.,0.5,1.,0.5,
1.,0.5,1.)) REPRESENTATION_ITEM('') );
#1601 = CARTESIAN_POINT('',(7.962067259975,-24.5047233279));
#1602 = CARTESIAN_POINT('',(7.047827855038,-24.80177771764));
#1603 = CARTESIAN_POINT('',(7.247690909689,-23.86149597295));
#1604 = CARTESIAN_POINT('',(7.44755396434,-22.92121422827));
#1605 = CARTESIAN_POINT('',(8.161930314626,-23.56444158322));
#1606 = CARTESIAN_POINT('',(8.876306664911,-24.20766893817));
#1607 = CARTESIAN_POINT('',(7.962067259975,-24.5047233279));
#1608 = ( GEOMETRIC_REPRESENTATION_CONTEXT(2) 
PARAMETRIC_REPRESENTATION_CONTEXT() REPRESENTATION_CONTEXT('2D SPACE',''
  ) );
#1609 = PCURVE('',#1610,#1615);
#1610 = CYLINDRICAL_SURFACE('',#1611,0.555);
#1611 = AXIS2_PLACEMENT_3D('',#1612,#1613,#1614);
#1612 = CARTESIAN_POINT('',(7.790562828096,37.4,235.97688696136));
#1613 = DIRECTION('',(0.,-1.,-1.110223024625E-16));
#1614 = DIRECTION('',(0.309016994375,-1.055884842111E-16,0.951056516295)
  );
#1615 = DEFINITIONAL_REPRESENTATION('',(#1616),#1620);
#1616 = LINE('',#1617,#1618);
#1617 = CARTESIAN_POINT('',(-6.28318530718,-0.1));
#1618 = VECTOR('',#1619,1.);
#1619 = DIRECTION('',(1.,-0.));
#1620 = ( GEOMETRIC_REPRESENTATION_CONTEXT(2) 
PARAMETRIC_REPRESENTATION_CONTEXT() REPRESENTATION_CONTEXT('2D SPACE',''
  ) );
#1621 = ORIENTED_EDGE('',*,*,#1622,.F.);
#1622 = EDGE_CURVE('',#1623,#1590,#1625,.T.);
#1623 = VERTEX_POINT('',#1624);
#1624 = CARTESIAN_POINT('',(6.423548750208,37.5,236.3787202082));
#1625 = SURFACE_CURVE('',#1626,(#1631,#1638),.PCURVE_S1.);
#1626 = CIRCLE('',#1627,25.210790894703);
#1627 = AXIS2_PLACEMENT_3D('',#1628,#1629,#1630);
#1628 = CARTESIAN_POINT('',(0.,37.5,212.));
#1629 = DIRECTION('',(-0.,1.,1.110223024625E-16));
#1630 = DIRECTION('',(1.,0.,0.));
#1631 = PCURVE('',#326,#1632);
#1632 = DEFINITIONAL_REPRESENTATION('',(#1633),#1637);
#1633 = CIRCLE('',#1634,25.210790894703);
#1634 = AXIS2_PLACEMENT_2D('',#1635,#1636);
#1635 = CARTESIAN_POINT('',(2.412172678695E-15,0.));
#1636 = DIRECTION('',(1.,0.));
#1637 = ( GEOMETRIC_REPRESENTATION_CONTEXT(2) 
PARAMETRIC_REPRESENTATION_CONTEXT() REPRESENTATION_CONTEXT('2D SPACE',''
  ) );
#1638 = PCURVE('',#1639,#1644);
#1639 = CYLINDRICAL_SURFACE('',#1640,25.210790894703);
#1640 = AXIS2_PLACEMENT_3D('',#1641,#1642,#1643);
#1641 = CARTESIAN_POINT('',(0.,37.5,212.));
#1642 = DIRECTION('',(-0.,-1.,-1.110223024625E-16));
#1643 = DIRECTION('',(1.,0.,0.));
#1644 = DEFINITIONAL_REPRESENTATION('',(#1645),#1649);
#1645 = LINE('',#1646,#1647);
#1646 = CARTESIAN_POINT('',(-0.,0.));
#1647 = VECTOR('',#1648,1.);
#1648 = DIRECTION('',(-1.,0.));
#1649 = ( GEOMETRIC_REPRESENTATION_CONTEXT(2) 
PARAMETRIC_REPRESENTATION_CONTEXT() REPRESENTATION_CONTEXT('2D SPACE',''
  ) );
#1650 = ORIENTED_EDGE('',*,*,#1651,.F.);
#1651 = EDGE_CURVE('',#1652,#1623,#1654,.T.);
#1652 = VERTEX_POINT('',#1653);
#1653 = CARTESIAN_POINT('',(5.344283525458,37.5,236.63782886408));
#1654 = SURFACE_CURVE('',#1655,(#1660,#1671),.PCURVE_S1.);
#1655 = CIRCLE('',#1656,0.555);
#1656 = AXIS2_PLACEMENT_3D('',#1657,#1658,#1659);
#1657 = CARTESIAN_POINT('',(5.885342253509,37.5,236.51421473544));
#1658 = DIRECTION('',(0.,-1.,-1.110223024625E-16));
#1659 = DIRECTION('',(0.233445363856,-1.079547474078E-16,0.972369920398)
  );
#1660 = PCURVE('',#326,#1661);
#1661 = DEFINITIONAL_REPRESENTATION('',(#1662),#1670);
#1662 = ( BOUNDED_CURVE() B_SPLINE_CURVE(2,(#1663,#1664,#1665,#1666,
#1667,#1668,#1669),.UNSPECIFIED.,.T.,.F.) B_SPLINE_CURVE_WITH_KNOTS((1,2
    ,2,2,2,1),(-2.094395102393,0.,2.094395102393,4.188790204786,
6.28318530718,8.377580409573),.UNSPECIFIED.) CURVE() 
GEOMETRIC_REPRESENTATION_ITEM() RATIONAL_B_SPLINE_CURVE((1.,0.5,1.,0.5,
1.,0.5,1.)) REPRESENTATION_ITEM('') );
#1663 = CARTESIAN_POINT('',(6.014904430449,-25.05388004126));
#1664 = CARTESIAN_POINT('',(5.080176701686,-25.27828831446));
#1665 = CARTESIAN_POINT('',(5.353197300657,-24.35658621913));
#1666 = CARTESIAN_POINT('',(5.626217899629,-23.4348841238));
#1667 = CARTESIAN_POINT('',(6.287925029421,-24.13217794593));
#1668 = CARTESIAN_POINT('',(6.949632159213,-24.82947176806));
#1669 = CARTESIAN_POINT('',(6.014904430449,-25.05388004126));
#1670 = ( GEOMETRIC_REPRESENTATION_CONTEXT(2) 
PARAMETRIC_REPRESENTATION_CONTEXT() REPRESENTATION_CONTEXT('2D SPACE',''
  ) );
#1671 = PCURVE('',#1672,#1677);
#1672 = CYLINDRICAL_SURFACE('',#1673,0.555);
#1673 = AXIS2_PLACEMENT_3D('',#1674,#1675,#1676);
#1674 = CARTESIAN_POINT('',(5.885342253509,37.4,236.51421473544));
#1675 = DIRECTION('',(0.,-1.,-1.110223024625E-16));
#1676 = DIRECTION('',(0.233445363856,-1.079547474078E-16,0.972369920398)
  );
#1677 = DEFINITIONAL_REPRESENTATION('',(#1678),#1682);
#1678 = LINE('',#1679,#1680);
#1679 = CARTESIAN_POINT('',(-6.28318530718,-0.1));
#1680 = VECTOR('',#1681,1.);
#1681 = DIRECTION('',(1.,-0.));
#1682 = ( GEOMETRIC_REPRESENTATION_CONTEXT(2) 
PARAMETRIC_REPRESENTATION_CONTEXT() REPRESENTATION_CONTEXT('2D SPACE',''
  ) );
#1683 = ORIENTED_EDGE('',*,*,#1684,.F.);
#1684 = EDGE_CURVE('',#1685,#1652,#1687,.T.);
#1685 = VERTEX_POINT('',#1686);
#1686 = CARTESIAN_POINT('',(4.491014750624,37.5,236.80755457609));
#1687 = SURFACE_CURVE('',#1688,(#1693,#1700),.PCURVE_S1.);
#1688 = CIRCLE('',#1689,25.210790894703);
#1689 = AXIS2_PLACEMENT_3D('',#1690,#1691,#1692);
#1690 = CARTESIAN_POINT('',(0.,37.5,212.));
#1691 = DIRECTION('',(-0.,1.,1.110223024625E-16));
#1692 = DIRECTION('',(1.,0.,0.));
#1693 = PCURVE('',#326,#1694);
#1694 = DEFINITIONAL_REPRESENTATION('',(#1695),#1699);
#1695 = CIRCLE('',#1696,25.210790894703);
#1696 = AXIS2_PLACEMENT_2D('',#1697,#1698);
#1697 = CARTESIAN_POINT('',(2.412172678695E-15,0.));
#1698 = DIRECTION('',(1.,0.));
#1699 = ( GEOMETRIC_REPRESENTATION_CONTEXT(2) 
PARAMETRIC_REPRESENTATION_CONTEXT() REPRESENTATION_CONTEXT('2D SPACE',''
  ) );
#1700 = PCURVE('',#1701,#1706);
#1701 = CYLINDRICAL_SURFACE('',#1702,25.210790894703);
#1702 = AXIS2_PLACEMENT_3D('',#1703,#1704,#1705);
#1703 = CARTESIAN_POINT('',(0.,37.5,212.));
#1704 = DIRECTION('',(-0.,-1.,-1.110223024625E-16));
#1705 = DIRECTION('',(1.,0.,0.));
#1706 = DEFINITIONAL_REPRESENTATION('',(#1707),#1711);
#1707 = LINE('',#1708,#1709);
#1708 = CARTESIAN_POINT('',(-0.,0.));
#1709 = VECTOR('',#1710,1.);
#1710 = DIRECTION('',(-1.,0.));
#1711 = ( GEOMETRIC_REPRESENTATION_CONTEXT(2) 
PARAMETRIC_REPRESENTATION_CONTEXT() REPRESENTATION_CONTEXT('2D SPACE',''
  ) );
#1712 = ORIENTED_EDGE('',*,*,#1713,.F.);
#1713 = EDGE_CURVE('',#1714,#1685,#1716,.T.);
#1714 = VERTEX_POINT('',#1715);
#1715 = CARTESIAN_POINT('',(3.39474710954,37.5,236.98118631287));
#1716 = SURFACE_CURVE('',#1717,(#1722,#1733),.PCURVE_S1.);
#1717 = CIRCLE('',#1718,0.555);
#1718 = AXIS2_PLACEMENT_3D('',#1719,#1720,#1721);
#1719 = CARTESIAN_POINT('',(3.943836586854,37.5,236.90040422388));
#1720 = DIRECTION('',(0.,-1.,-1.110223024625E-16));
#1721 = DIRECTION('',(0.15643446504,-1.096554336883E-16,0.987688340595)
  );
#1722 = PCURVE('',#326,#1723);
#1723 = DEFINITIONAL_REPRESENTATION('',(#1724),#1732);
#1724 = ( BOUNDED_CURVE() B_SPLINE_CURVE(2,(#1725,#1726,#1727,#1728,
#1729,#1730,#1731),.UNSPECIFIED.,.T.,.F.) B_SPLINE_CURVE_WITH_KNOTS((1,2
    ,2,2,2,1),(-2.094395102393,0.,2.094395102393,4.188790204786,
6.28318530718,8.377580409573),.UNSPECIFIED.) CURVE() 
GEOMETRIC_REPRESENTATION_ITEM() RATIONAL_B_SPLINE_CURVE((1.,0.5,1.,0.5,
1.,0.5,1.)) REPRESENTATION_ITEM('') );
#1725 = CARTESIAN_POINT('',(4.030657714951,-25.44857125291));
#1726 = CARTESIAN_POINT('',(3.081204569637,-25.59894985794));
#1727 = CARTESIAN_POINT('',(3.425699450148,-24.70151001188));
#1728 = CARTESIAN_POINT('',(3.770194330659,-23.80407016582));
#1729 = CARTESIAN_POINT('',(4.375152595463,-24.55113140684));
#1730 = CARTESIAN_POINT('',(4.980110860266,-25.29819264787));
#1731 = CARTESIAN_POINT('',(4.030657714951,-25.44857125291));
#1732 = ( GEOMETRIC_REPRESENTATION_CONTEXT(2) 
PARAMETRIC_REPRESENTATION_CONTEXT() REPRESENTATION_CONTEXT('2D SPACE',''
  ) );
#1733 = PCURVE('',#1734,#1739);
#1734 = CYLINDRICAL_SURFACE('',#1735,0.555);
#1735 = AXIS2_PLACEMENT_3D('',#1736,#1737,#1738);
#1736 = CARTESIAN_POINT('',(3.943836586854,37.4,236.90040422388));
#1737 = DIRECTION('',(0.,-1.,-1.110223024625E-16));
#1738 = DIRECTION('',(0.15643446504,-1.096554336883E-16,0.987688340595)
  );
#1739 = DEFINITIONAL_REPRESENTATION('',(#1740),#1744);
#1740 = LINE('',#1741,#1742);
#1741 = CARTESIAN_POINT('',(-6.28318530718,-0.1));
#1742 = VECTOR('',#1743,1.);
#1743 = DIRECTION('',(1.,-0.));
#1744 = ( GEOMETRIC_REPRESENTATION_CONTEXT(2) 
PARAMETRIC_REPRESENTATION_CONTEXT() REPRESENTATION_CONTEXT('2D SPACE',''
  ) );
#1745 = ORIENTED_EDGE('',*,*,#1746,.F.);
#1746 = EDGE_CURVE('',#1747,#1714,#1749,.T.);
#1747 = VERTEX_POINT('',#1748);
#1748 = CARTESIAN_POINT('',(2.530792151689,37.5,237.08344212067));
#1749 = SURFACE_CURVE('',#1750,(#1755,#1762),.PCURVE_S1.);
#1750 = CIRCLE('',#1751,25.210790894703);
#1751 = AXIS2_PLACEMENT_3D('',#1752,#1753,#1754);
#1752 = CARTESIAN_POINT('',(0.,37.5,212.));
#1753 = DIRECTION('',(-0.,1.,1.110223024625E-16));
#1754 = DIRECTION('',(1.,0.,0.));
#1755 = PCURVE('',#326,#1756);
#1756 = DEFINITIONAL_REPRESENTATION('',(#1757),#1761);
#1757 = CIRCLE('',#1758,25.210790894703);
#1758 = AXIS2_PLACEMENT_2D('',#1759,#1760);
#1759 = CARTESIAN_POINT('',(2.412172678695E-15,0.));
#1760 = DIRECTION('',(1.,0.));
#1761 = ( GEOMETRIC_REPRESENTATION_CONTEXT(2) 
PARAMETRIC_REPRESENTATION_CONTEXT() REPRESENTATION_CONTEXT('2D SPACE',''
  ) );
#1762 = PCURVE('',#1763,#1768);
#1763 = CYLINDRICAL_SURFACE('',#1764,25.210790894703);
#1764 = AXIS2_PLACEMENT_3D('',#1765,#1766,#1767);
#1765 = CARTESIAN_POINT('',(0.,37.5,212.));
#1766 = DIRECTION('',(-0.,-1.,-1.110223024625E-16));
#1767 = DIRECTION('',(1.,0.,0.));
#1768 = DEFINITIONAL_REPRESENTATION('',(#1769),#1773);
#1769 = LINE('',#1770,#1771);
#1770 = CARTESIAN_POINT('',(-0.,0.));
#1771 = VECTOR('',#1772,1.);
#1772 = DIRECTION('',(-1.,0.));
#1773 = ( GEOMETRIC_REPRESENTATION_CONTEXT(2) 
PARAMETRIC_REPRESENTATION_CONTEXT() REPRESENTATION_CONTEXT('2D SPACE',''
  ) );
#1774 = ORIENTED_EDGE('',*,*,#1775,.F.);
#1775 = EDGE_CURVE('',#1776,#1747,#1778,.T.);
#1776 = VERTEX_POINT('',#1777);
#1777 = CARTESIAN_POINT('',(1.424280948823,37.5,237.17052644096));
#1778 = SURFACE_CURVE('',#1779,(#1784,#1795),.PCURVE_S1.);
#1779 = CIRCLE('',#1780,0.555);
#1780 = AXIS2_PLACEMENT_3D('',#1781,#1782,#1783);
#1781 = CARTESIAN_POINT('',(1.978015856182,37.5,237.13307444005));
#1782 = DIRECTION('',(0.,-1.,-1.110223024625E-16));
#1783 = DIRECTION('',(7.845909572785E-02,-1.106800577558E-16,
    0.996917333733));
#1784 = PCURVE('',#326,#1785);
#1785 = DEFINITIONAL_REPRESENTATION('',(#1786),#1794);
#1786 = ( BOUNDED_CURVE() B_SPLINE_CURVE(2,(#1787,#1788,#1789,#1790,
#1791,#1792,#1793),.UNSPECIFIED.,.T.,.F.) B_SPLINE_CURVE_WITH_KNOTS((1,2
    ,2,2,2,1),(-2.094395102393,0.,2.094395102393,4.188790204786,
6.28318530718,8.377580409573),.UNSPECIFIED.) CURVE() 
GEOMETRIC_REPRESENTATION_ITEM() RATIONAL_B_SPLINE_CURVE((1.,0.5,1.,0.5,
1.,0.5,1.)) REPRESENTATION_ITEM('') );
#1787 = CARTESIAN_POINT('',(2.021560654311,-25.68636356027));
#1788 = CARTESIAN_POINT('',(1.063235786812,-25.76178536303));
#1789 = CARTESIAN_POINT('',(1.477081023368,-24.89414078132));
#1790 = CARTESIAN_POINT('',(1.890926259924,-24.0264961996));
#1791 = CARTESIAN_POINT('',(2.435405890867,-24.81871897855));
#1792 = CARTESIAN_POINT('',(2.979885521811,-25.6109417575));
#1793 = CARTESIAN_POINT('',(2.021560654311,-25.68636356027));
#1794 = ( GEOMETRIC_REPRESENTATION_CONTEXT(2) 
PARAMETRIC_REPRESENTATION_CONTEXT() REPRESENTATION_CONTEXT('2D SPACE',''
  ) );
#1795 = PCURVE('',#1796,#1801);
#1796 = CYLINDRICAL_SURFACE('',#1797,0.555);
#1797 = AXIS2_PLACEMENT_3D('',#1798,#1799,#1800);
#1798 = CARTESIAN_POINT('',(1.978015856182,37.4,237.13307444005));
#1799 = DIRECTION('',(0.,-1.,-1.110223024625E-16));
#1800 = DIRECTION('',(7.845909572785E-02,-1.106800577558E-16,
    0.996917333733));
#1801 = DEFINITIONAL_REPRESENTATION('',(#1802),#1806);
#1802 = LINE('',#1803,#1804);
#1803 = CARTESIAN_POINT('',(-6.28318530718,-0.1));
#1804 = VECTOR('',#1805,1.);
#1805 = DIRECTION('',(1.,-0.));
#1806 = ( GEOMETRIC_REPRESENTATION_CONTEXT(2) 
PARAMETRIC_REPRESENTATION_CONTEXT() REPRESENTATION_CONTEXT('2D SPACE',''
  ) );
#1807 = ORIENTED_EDGE('',*,*,#1808,.F.);
#1808 = EDGE_CURVE('',#1809,#1776,#1811,.T.);
#1809 = VERTEX_POINT('',#1810);
#1810 = CARTESIAN_POINT('',(0.554966377564,37.5,237.20468190349));
#1811 = SURFACE_CURVE('',#1812,(#1817,#1824),.PCURVE_S1.);
#1812 = CIRCLE('',#1813,25.210790894703);
#1813 = AXIS2_PLACEMENT_3D('',#1814,#1815,#1816);
#1814 = CARTESIAN_POINT('',(0.,37.5,212.));
#1815 = DIRECTION('',(-0.,1.,1.110223024625E-16));
#1816 = DIRECTION('',(1.,0.,0.));
#1817 = PCURVE('',#326,#1818);
#1818 = DEFINITIONAL_REPRESENTATION('',(#1819),#1823);
#1819 = CIRCLE('',#1820,25.210790894703);
#1820 = AXIS2_PLACEMENT_2D('',#1821,#1822);
#1821 = CARTESIAN_POINT('',(2.412172678695E-15,0.));
#1822 = DIRECTION('',(1.,0.));
#1823 = ( GEOMETRIC_REPRESENTATION_CONTEXT(2) 
PARAMETRIC_REPRESENTATION_CONTEXT() REPRESENTATION_CONTEXT('2D SPACE',''
  ) );
#1824 = PCURVE('',#1825,#1830);
#1825 = CYLINDRICAL_SURFACE('',#1826,25.210790894703);
#1826 = AXIS2_PLACEMENT_3D('',#1827,#1828,#1829);
#1827 = CARTESIAN_POINT('',(0.,37.5,212.));
#1828 = DIRECTION('',(-0.,-1.,-1.110223024625E-16));
#1829 = DIRECTION('',(1.,0.,0.));
#1830 = DEFINITIONAL_REPRESENTATION('',(#1831),#1835);
#1831 = LINE('',#1832,#1833);
#1832 = CARTESIAN_POINT('',(-0.,0.));
#1833 = VECTOR('',#1834,1.);
#1834 = DIRECTION('',(-1.,0.));
#1835 = ( GEOMETRIC_REPRESENTATION_CONTEXT(2) 
PARAMETRIC_REPRESENTATION_CONTEXT() REPRESENTATION_CONTEXT('2D SPACE',''
  ) );
#1836 = ORIENTED_EDGE('',*,*,#1837,.F.);
#1837 = EDGE_CURVE('',#1838,#1809,#1840,.T.);
#1838 = VERTEX_POINT('',#1839);
#1839 = CARTESIAN_POINT('',(-0.554966377564,37.5,237.20468190349));
#1840 = SURFACE_CURVE('',#1841,(#1846,#1857),.PCURVE_S1.);
#1841 = CIRCLE('',#1842,0.555);
#1842 = AXIS2_PLACEMENT_3D('',#1843,#1844,#1845);
#1843 = CARTESIAN_POINT('',(-4.631147155976E-15,37.5,237.2107908947));
#1844 = DIRECTION('',(0.,-1.,-1.110223024625E-16));
#1845 = DIRECTION('',(-2.22044604925E-16,-1.110223024625E-16,1.));
#1846 = PCURVE('',#326,#1847);
#1847 = DEFINITIONAL_REPRESENTATION('',(#1848),#1856);
#1848 = ( BOUNDED_CURVE() B_SPLINE_CURVE(2,(#1849,#1850,#1851,#1852,
#1853,#1854,#1855),.UNSPECIFIED.,.T.,.F.) B_SPLINE_CURVE_WITH_KNOTS((1,2
    ,2,2,2,1),(-2.094395102393,0.,2.094395102393,4.188790204786,
6.28318530718,8.377580409573),.UNSPECIFIED.) CURVE() 
GEOMETRIC_REPRESENTATION_ITEM() RATIONAL_B_SPLINE_CURVE((1.,0.5,1.,0.5,
1.,0.5,1.)) REPRESENTATION_ITEM('') );
#1849 = CARTESIAN_POINT('',(-2.342209233014E-15,-25.7657908947));
#1850 = CARTESIAN_POINT('',(-0.961288198201,-25.7657908947));
#1851 = CARTESIAN_POINT('',(-0.4806440991,-24.9332908947));
#1852 = CARTESIAN_POINT('',(-2.108440760519E-15,-24.1007908947));
#1853 = CARTESIAN_POINT('',(0.4806440991,-24.9332908947));
#1854 = CARTESIAN_POINT('',(0.961288198201,-25.7657908947));
#1855 = CARTESIAN_POINT('',(-2.342209233014E-15,-25.7657908947));
#1856 = ( GEOMETRIC_REPRESENTATION_CONTEXT(2) 
PARAMETRIC_REPRESENTATION_CONTEXT() REPRESENTATION_CONTEXT('2D SPACE',''
  ) );
#1857 = PCURVE('',#1858,#1863);
#1858 = CYLINDRICAL_SURFACE('',#1859,0.555);
#1859 = AXIS2_PLACEMENT_3D('',#1860,#1861,#1862);
#1860 = CARTESIAN_POINT('',(-4.631147155976E-15,37.4,237.2107908947));
#1861 = DIRECTION('',(-0.,-1.,-1.110223024625E-16));
#1862 = DIRECTION('',(-2.22044604925E-16,-1.110223024625E-16,1.));
#1863 = DEFINITIONAL_REPRESENTATION('',(#1864),#1868);
#1864 = LINE('',#1865,#1866);
#1865 = CARTESIAN_POINT('',(-6.28318530718,-0.1));
#1866 = VECTOR('',#1867,1.);
#1867 = DIRECTION('',(1.,-0.));
#1868 = ( GEOMETRIC_REPRESENTATION_CONTEXT(2) 
PARAMETRIC_REPRESENTATION_CONTEXT() REPRESENTATION_CONTEXT('2D SPACE',''
  ) );
#1869 = ORIENTED_EDGE('',*,*,#1870,.F.);
#1870 = EDGE_CURVE('',#1871,#1838,#1873,.T.);
#1871 = VERTEX_POINT('',#1872);
#1872 = CARTESIAN_POINT('',(-1.424280948823,37.5,237.17052644096));
#1873 = SURFACE_CURVE('',#1874,(#1879,#1886),.PCURVE_S1.);
#1874 = CIRCLE('',#1875,25.210790894703);
#1875 = AXIS2_PLACEMENT_3D('',#1876,#1877,#1878);
#1876 = CARTESIAN_POINT('',(0.,37.5,212.));
#1877 = DIRECTION('',(-0.,1.,1.110223024625E-16));
#1878 = DIRECTION('',(1.,0.,0.));
#1879 = PCURVE('',#326,#1880);
#1880 = DEFINITIONAL_REPRESENTATION('',(#1881),#1885);
#1881 = CIRCLE('',#1882,25.210790894703);
#1882 = AXIS2_PLACEMENT_2D('',#1883,#1884);
#1883 = CARTESIAN_POINT('',(2.412172678695E-15,0.));
#1884 = DIRECTION('',(1.,0.));
#1885 = ( GEOMETRIC_REPRESENTATION_CONTEXT(2) 
PARAMETRIC_REPRESENTATION_CONTEXT() REPRESENTATION_CONTEXT('2D SPACE',''
  ) );
#1886 = PCURVE('',#1887,#1892);
#1887 = CYLINDRICAL_SURFACE('',#1888,25.210790894703);
#1888 = AXIS2_PLACEMENT_3D('',#1889,#1890,#1891);
#1889 = CARTESIAN_POINT('',(0.,37.5,212.));
#1890 = DIRECTION('',(-0.,-1.,-1.110223024625E-16));
#1891 = DIRECTION('',(1.,0.,0.));
#1892 = DEFINITIONAL_REPRESENTATION('',(#1893),#1897);
#1893 = LINE('',#1894,#1895);
#1894 = CARTESIAN_POINT('',(-0.,0.));
#1895 = VECTOR('',#1896,1.);
#1896 = DIRECTION('',(-1.,0.));
#1897 = ( GEOMETRIC_REPRESENTATION_CONTEXT(2) 
PARAMETRIC_REPRESENTATION_CONTEXT() REPRESENTATION_CONTEXT('2D SPACE',''
  ) );
#1898 = ORIENTED_EDGE('',*,*,#1899,.F.);
#1899 = EDGE_CURVE('',#1900,#1871,#1902,.T.);
#1900 = VERTEX_POINT('',#1901);
#1901 = CARTESIAN_POINT('',(-2.530792151689,37.5,237.08344212067));
#1902 = SURFACE_CURVE('',#1903,(#1908,#1919),.PCURVE_S1.);
#1903 = CIRCLE('',#1904,0.555);
#1904 = AXIS2_PLACEMENT_3D('',#1905,#1906,#1907);
#1905 = CARTESIAN_POINT('',(-1.978015856182,37.5,237.13307444005));
#1906 = DIRECTION('',(0.,-1.,-1.110223024625E-16));
#1907 = DIRECTION('',(-7.845909572784E-02,-1.106800577558E-16,
    0.996917333733));
#1908 = PCURVE('',#326,#1909);
#1909 = DEFINITIONAL_REPRESENTATION('',(#1910),#1918);
#1910 = ( BOUNDED_CURVE() B_SPLINE_CURVE(2,(#1911,#1912,#1913,#1914,
#1915,#1916,#1917),.UNSPECIFIED.,.T.,.F.) B_SPLINE_CURVE_WITH_KNOTS((1,2
    ,2,2,2,1),(-2.094395102393,0.,2.094395102393,4.188790204786,
6.28318530718,8.377580409573),.UNSPECIFIED.) CURVE() 
GEOMETRIC_REPRESENTATION_ITEM() RATIONAL_B_SPLINE_CURVE((1.,0.5,1.,0.5,
1.,0.5,1.)) REPRESENTATION_ITEM('') );
#1911 = CARTESIAN_POINT('',(-2.021560654311,-25.68636356027));
#1912 = CARTESIAN_POINT('',(-2.979885521811,-25.6109417575));
#1913 = CARTESIAN_POINT('',(-2.435405890867,-24.81871897855));
#1914 = CARTESIAN_POINT('',(-1.890926259924,-24.0264961996));
#1915 = CARTESIAN_POINT('',(-1.477081023368,-24.89414078132));
#1916 = CARTESIAN_POINT('',(-1.063235786812,-25.76178536303));
#1917 = CARTESIAN_POINT('',(-2.021560654311,-25.68636356027));
#1918 = ( GEOMETRIC_REPRESENTATION_CONTEXT(2) 
PARAMETRIC_REPRESENTATION_CONTEXT() REPRESENTATION_CONTEXT('2D SPACE',''
  ) );
#1919 = PCURVE('',#1920,#1925);
#1920 = CYLINDRICAL_SURFACE('',#1921,0.555);
#1921 = AXIS2_PLACEMENT_3D('',#1922,#1923,#1924);
#1922 = CARTESIAN_POINT('',(-1.978015856182,37.4,237.13307444005));
#1923 = DIRECTION('',(-0.,-1.,-1.110223024625E-16));
#1924 = DIRECTION('',(-7.845909572784E-02,-1.106800577558E-16,
    0.996917333733));
#1925 = DEFINITIONAL_REPRESENTATION('',(#1926),#1930);
#1926 = LINE('',#1927,#1928);
#1927 = CARTESIAN_POINT('',(-6.28318530718,-0.1));
#1928 = VECTOR('',#1929,1.);
#1929 = DIRECTION('',(1.,-0.));
#1930 = ( GEOMETRIC_REPRESENTATION_CONTEXT(2) 
PARAMETRIC_REPRESENTATION_CONTEXT() REPRESENTATION_CONTEXT('2D SPACE',''
  ) );
#1931 = ORIENTED_EDGE('',*,*,#1932,.F.);
#1932 = EDGE_CURVE('',#1933,#1900,#1935,.T.);
#1933 = VERTEX_POINT('',#1934);
#1934 = CARTESIAN_POINT('',(-3.39474710954,37.5,236.98118631287));
#1935 = SURFACE_CURVE('',#1936,(#1941,#1948),.PCURVE_S1.);
#1936 = CIRCLE('',#1937,25.210790894703);
#1937 = AXIS2_PLACEMENT_3D('',#1938,#1939,#1940);
#1938 = CARTESIAN_POINT('',(0.,37.5,212.));
#1939 = DIRECTION('',(-0.,1.,1.110223024625E-16));
#1940 = DIRECTION('',(1.,0.,0.));
#1941 = PCURVE('',#326,#1942);
#1942 = DEFINITIONAL_REPRESENTATION('',(#1943),#1947);
#1943 = CIRCLE('',#1944,25.210790894703);
#1944 = AXIS2_PLACEMENT_2D('',#1945,#1946);
#1945 = CARTESIAN_POINT('',(2.412172678695E-15,0.));
#1946 = DIRECTION('',(1.,0.));
#1947 = ( GEOMETRIC_REPRESENTATION_CONTEXT(2) 
PARAMETRIC_REPRESENTATION_CONTEXT() REPRESENTATION_CONTEXT('2D SPACE',''
  ) );
#1948 = PCURVE('',#1949,#1954);
#1949 = CYLINDRICAL_SURFACE('',#1950,25.210790894703);
#1950 = AXIS2_PLACEMENT_3D('',#1951,#1952,#1953);
#1951 = CARTESIAN_POINT('',(0.,37.5,212.));
#1952 = DIRECTION('',(-0.,-1.,-1.110223024625E-16));
#1953 = DIRECTION('',(1.,0.,0.));
#1954 = DEFINITIONAL_REPRESENTATION('',(#1955),#1959);
#1955 = LINE('',#1956,#1957);
#1956 = CARTESIAN_POINT('',(-0.,0.));
#1957 = VECTOR('',#1958,1.);
#1958 = DIRECTION('',(-1.,0.));
#1959 = ( GEOMETRIC_REPRESENTATION_CONTEXT(2) 
PARAMETRIC_REPRESENTATION_CONTEXT() REPRESENTATION_CONTEXT('2D SPACE',''
  ) );
#1960 = ORIENTED_EDGE('',*,*,#1961,.F.);
#1961 = EDGE_CURVE('',#1962,#1933,#1964,.T.);
#1962 = VERTEX_POINT('',#1963);
#1963 = CARTESIAN_POINT('',(-4.491014750625,37.5,236.80755457609));
#1964 = SURFACE_CURVE('',#1965,(#1970,#1981),.PCURVE_S1.);
#1965 = CIRCLE('',#1966,0.555);
#1966 = AXIS2_PLACEMENT_3D('',#1967,#1968,#1969);
#1967 = CARTESIAN_POINT('',(-3.943836586854,37.5,236.90040422388));
#1968 = DIRECTION('',(0.,-1.,-1.110223024625E-16));
#1969 = DIRECTION('',(-0.15643446504,-1.096554336883E-16,0.987688340595)
  );
#1970 = PCURVE('',#326,#1971);
#1971 = DEFINITIONAL_REPRESENTATION('',(#1972),#1980);
#1972 = ( BOUNDED_CURVE() B_SPLINE_CURVE(2,(#1973,#1974,#1975,#1976,
#1977,#1978,#1979),.UNSPECIFIED.,.T.,.F.) B_SPLINE_CURVE_WITH_KNOTS((1,2
    ,2,2,2,1),(-2.094395102393,0.,2.094395102393,4.188790204786,
6.28318530718,8.377580409573),.UNSPECIFIED.) CURVE() 
GEOMETRIC_REPRESENTATION_ITEM() RATIONAL_B_SPLINE_CURVE((1.,0.5,1.,0.5,
1.,0.5,1.)) REPRESENTATION_ITEM('') );
#1973 = CARTESIAN_POINT('',(-4.030657714951,-25.44857125291));
#1974 = CARTESIAN_POINT('',(-4.980110860266,-25.29819264787));
#1975 = CARTESIAN_POINT('',(-4.375152595463,-24.55113140684));
#1976 = CARTESIAN_POINT('',(-3.770194330659,-23.80407016582));
#1977 = CARTESIAN_POINT('',(-3.425699450148,-24.70151001188));
#1978 = CARTESIAN_POINT('',(-3.081204569637,-25.59894985794));
#1979 = CARTESIAN_POINT('',(-4.030657714951,-25.44857125291));
#1980 = ( GEOMETRIC_REPRESENTATION_CONTEXT(2) 
PARAMETRIC_REPRESENTATION_CONTEXT() REPRESENTATION_CONTEXT('2D SPACE',''
  ) );
#1981 = PCURVE('',#1982,#1987);
#1982 = CYLINDRICAL_SURFACE('',#1983,0.555);
#1983 = AXIS2_PLACEMENT_3D('',#1984,#1985,#1986);
#1984 = CARTESIAN_POINT('',(-3.943836586854,37.4,236.90040422388));
#1985 = DIRECTION('',(-0.,-1.,-1.110223024625E-16));
#1986 = DIRECTION('',(-0.15643446504,-1.096554336883E-16,0.987688340595)
  );
#1987 = DEFINITIONAL_REPRESENTATION('',(#1988),#1992);
#1988 = LINE('',#1989,#1990);
#1989 = CARTESIAN_POINT('',(-6.28318530718,-0.1));
#1990 = VECTOR('',#1991,1.);
#1991 = DIRECTION('',(1.,-0.));
#1992 = ( GEOMETRIC_REPRESENTATION_CONTEXT(2) 
PARAMETRIC_REPRESENTATION_CONTEXT() REPRESENTATION_CONTEXT('2D SPACE',''
  ) );
#1993 = ORIENTED_EDGE('',*,*,#1994,.F.);
#1994 = EDGE_CURVE('',#1995,#1962,#1997,.T.);
#1995 = VERTEX_POINT('',#1996);
#1996 = CARTESIAN_POINT('',(-5.344283525458,37.5,236.63782886408));
#1997 = SURFACE_CURVE('',#1998,(#2003,#2010),.PCURVE_S1.);
#1998 = CIRCLE('',#1999,25.210790894703);
#1999 = AXIS2_PLACEMENT_3D('',#2000,#2001,#2002);
#2000 = CARTESIAN_POINT('',(0.,37.5,212.));
#2001 = DIRECTION('',(-0.,1.,1.110223024625E-16));
#2002 = DIRECTION('',(1.,0.,0.));
#2003 = PCURVE('',#326,#2004);
#2004 = DEFINITIONAL_REPRESENTATION('',(#2005),#2009);
#2005 = CIRCLE('',#2006,25.210790894703);
#2006 = AXIS2_PLACEMENT_2D('',#2007,#2008);
#2007 = CARTESIAN_POINT('',(2.412172678695E-15,0.));
#2008 = DIRECTION('',(1.,0.));
#2009 = ( GEOMETRIC_REPRESENTATION_CONTEXT(2) 
PARAMETRIC_REPRESENTATION_CONTEXT() REPRESENTATION_CONTEXT('2D SPACE',''
  ) );
#2010 = PCURVE('',#2011,#2016);
#2011 = CYLINDRICAL_SURFACE('',#2012,25.210790894703);
#2012 = AXIS2_PLACEMENT_3D('',#2013,#2014,#2015);
#2013 = CARTESIAN_POINT('',(0.,37.5,212.));
#2014 = DIRECTION('',(-0.,-1.,-1.110223024625E-16));
#2015 = DIRECTION('',(1.,0.,0.));
#2016 = DEFINITIONAL_REPRESENTATION('',(#2017),#2021);
#2017 = LINE('',#2018,#2019);
#2018 = CARTESIAN_POINT('',(-0.,0.));
#2019 = VECTOR('',#2020,1.);
#2020 = DIRECTION('',(-1.,0.));
#2021 = ( GEOMETRIC_REPRESENTATION_CONTEXT(2) 
PARAMETRIC_REPRESENTATION_CONTEXT() REPRESENTATION_CONTEXT('2D SPACE',''
  ) );
#2022 = ORIENTED_EDGE('',*,*,#2023,.F.);
#2023 = EDGE_CURVE('',#2024,#1995,#2026,.T.);
#2024 = VERTEX_POINT('',#2025);
#2025 = CARTESIAN_POINT('',(-6.423548750209,37.5,236.3787202082));
#2026 = SURFACE_CURVE('',#2027,(#2032,#2043),.PCURVE_S1.);
#2027 = CIRCLE('',#2028,0.555);
#2028 = AXIS2_PLACEMENT_3D('',#2029,#2030,#2031);
#2029 = CARTESIAN_POINT('',(-5.885342253509,37.5,236.51421473544));
#2030 = DIRECTION('',(0.,-1.,-1.110223024625E-16));
#2031 = DIRECTION('',(-0.233445363856,-1.079547474078E-16,0.972369920398
    ));
#2032 = PCURVE('',#326,#2033);
#2033 = DEFINITIONAL_REPRESENTATION('',(#2034),#2042);
#2034 = ( BOUNDED_CURVE() B_SPLINE_CURVE(2,(#2035,#2036,#2037,#2038,
#2039,#2040,#2041),.UNSPECIFIED.,.T.,.F.) B_SPLINE_CURVE_WITH_KNOTS((1,2
    ,2,2,2,1),(-2.094395102393,0.,2.094395102393,4.188790204786,
6.28318530718,8.377580409573),.UNSPECIFIED.) CURVE() 
GEOMETRIC_REPRESENTATION_ITEM() RATIONAL_B_SPLINE_CURVE((1.,0.5,1.,0.5,
1.,0.5,1.)) REPRESENTATION_ITEM('') );
#2035 = CARTESIAN_POINT('',(-6.014904430449,-25.05388004126));
#2036 = CARTESIAN_POINT('',(-6.949632159213,-24.82947176806));
#2037 = CARTESIAN_POINT('',(-6.287925029421,-24.13217794593));
#2038 = CARTESIAN_POINT('',(-5.626217899629,-23.4348841238));
#2039 = CARTESIAN_POINT('',(-5.353197300657,-24.35658621913));
#2040 = CARTESIAN_POINT('',(-5.080176701686,-25.27828831446));
#2041 = CARTESIAN_POINT('',(-6.014904430449,-25.05388004126));
#2042 = ( GEOMETRIC_REPRESENTATION_CONTEXT(2) 
PARAMETRIC_REPRESENTATION_CONTEXT() REPRESENTATION_CONTEXT('2D SPACE',''
  ) );
#2043 = PCURVE('',#2044,#2049);
#2044 = CYLINDRICAL_SURFACE('',#2045,0.555);
#2045 = AXIS2_PLACEMENT_3D('',#2046,#2047,#2048);
#2046 = CARTESIAN_POINT('',(-5.885342253509,37.4,236.51421473544));
#2047 = DIRECTION('',(-0.,-1.,-1.110223024625E-16));
#2048 = DIRECTION('',(-0.233445363856,-1.079547474078E-16,0.972369920398
    ));
#2049 = DEFINITIONAL_REPRESENTATION('',(#2050),#2054);
#2050 = LINE('',#2051,#2052);
#2051 = CARTESIAN_POINT('',(-6.28318530718,-0.1));
#2052 = VECTOR('',#2053,1.);
#2053 = DIRECTION('',(1.,-0.));
#2054 = ( GEOMETRIC_REPRESENTATION_CONTEXT(2) 
PARAMETRIC_REPRESENTATION_CONTEXT() REPRESENTATION_CONTEXT('2D SPACE',''
  ) );
#2055 = ORIENTED_EDGE('',*,*,#2056,.F.);
#2056 = EDGE_CURVE('',#2057,#2024,#2059,.T.);
#2057 = VERTEX_POINT('',#2058);
#2058 = CARTESIAN_POINT('',(-7.260870656287,37.5,236.14257100743));
#2059 = SURFACE_CURVE('',#2060,(#2065,#2072),.PCURVE_S1.);
#2060 = CIRCLE('',#2061,25.210790894703);
#2061 = AXIS2_PLACEMENT_3D('',#2062,#2063,#2064);
#2062 = CARTESIAN_POINT('',(0.,37.5,212.));
#2063 = DIRECTION('',(-0.,1.,1.110223024625E-16));
#2064 = DIRECTION('',(1.,0.,0.));
#2065 = PCURVE('',#326,#2066);
#2066 = DEFINITIONAL_REPRESENTATION('',(#2067),#2071);
#2067 = CIRCLE('',#2068,25.210790894703);
#2068 = AXIS2_PLACEMENT_2D('',#2069,#2070);
#2069 = CARTESIAN_POINT('',(2.412172678695E-15,0.));
#2070 = DIRECTION('',(1.,0.));
#2071 = ( GEOMETRIC_REPRESENTATION_CONTEXT(2) 
PARAMETRIC_REPRESENTATION_CONTEXT() REPRESENTATION_CONTEXT('2D SPACE',''
  ) );
#2072 = PCURVE('',#2073,#2078);
#2073 = CYLINDRICAL_SURFACE('',#2074,25.210790894703);
#2074 = AXIS2_PLACEMENT_3D('',#2075,#2076,#2077);
#2075 = CARTESIAN_POINT('',(0.,37.5,212.));
#2076 = DIRECTION('',(-0.,-1.,-1.110223024625E-16));
#2077 = DIRECTION('',(1.,0.,0.));
#2078 = DEFINITIONAL_REPRESENTATION('',(#2079),#2083);
#2079 = LINE('',#2080,#2081);
#2080 = CARTESIAN_POINT('',(-0.,0.));
#2081 = VECTOR('',#2082,1.);
#2082 = DIRECTION('',(-1.,0.));
#2083 = ( GEOMETRIC_REPRESENTATION_CONTEXT(2) 
PARAMETRIC_REPRESENTATION_CONTEXT() REPRESENTATION_CONTEXT('2D SPACE',''
  ) );
#2084 = ORIENTED_EDGE('',*,*,#2085,.F.);
#2085 = EDGE_CURVE('',#2086,#2057,#2088,.T.);
#2086 = VERTEX_POINT('',#2087);
#2087 = CARTESIAN_POINT('',(-8.316479435701,37.5,235.79958292348));
#2088 = SURFACE_CURVE('',#2089,(#2094,#2105),.PCURVE_S1.);
#2089 = CIRCLE('',#2090,0.555);
#2090 = AXIS2_PLACEMENT_3D('',#2091,#2092,#2093);
#2091 = CARTESIAN_POINT('',(-7.790562828096,37.5,235.97688696136));
#2092 = DIRECTION('',(0.,-1.,-1.110223024625E-16));
#2093 = DIRECTION('',(-0.309016994375,-1.055884842111E-16,0.951056516295
    ));
#2094 = PCURVE('',#326,#2095);
#2095 = DEFINITIONAL_REPRESENTATION('',(#2096),#2104);
#2096 = ( BOUNDED_CURVE() B_SPLINE_CURVE(2,(#2097,#2098,#2099,#2100,
#2101,#2102,#2103),.UNSPECIFIED.,.T.,.F.) B_SPLINE_CURVE_WITH_KNOTS((1,2
    ,2,2,2,1),(-2.094395102393,0.,2.094395102393,4.188790204786,
6.28318530718,8.377580409573),.UNSPECIFIED.) CURVE() 
GEOMETRIC_REPRESENTATION_ITEM() RATIONAL_B_SPLINE_CURVE((1.,0.5,1.,0.5,
1.,0.5,1.)) REPRESENTATION_ITEM('') );
#2097 = CARTESIAN_POINT('',(-7.962067259975,-24.5047233279));
#2098 = CARTESIAN_POINT('',(-8.876306664911,-24.20766893817));
#2099 = CARTESIAN_POINT('',(-8.161930314626,-23.56444158322));
#2100 = CARTESIAN_POINT('',(-7.44755396434,-22.92121422827));
#2101 = CARTESIAN_POINT('',(-7.247690909689,-23.86149597295));
#2102 = CARTESIAN_POINT('',(-7.047827855038,-24.80177771764));
#2103 = CARTESIAN_POINT('',(-7.962067259975,-24.5047233279));
#2104 = ( GEOMETRIC_REPRESENTATION_CONTEXT(2) 
PARAMETRIC_REPRESENTATION_CONTEXT() REPRESENTATION_CONTEXT('2D SPACE',''
  ) );
#2105 = PCURVE('',#2106,#2111);
#2106 = CYLINDRICAL_SURFACE('',#2107,0.555);
#2107 = AXIS2_PLACEMENT_3D('',#2108,#2109,#2110);
#2108 = CARTESIAN_POINT('',(-7.790562828096,37.4,235.97688696136));
#2109 = DIRECTION('',(-0.,-1.,-1.110223024625E-16));
#2110 = DIRECTION('',(-0.309016994375,-1.055884842111E-16,0.951056516295
    ));
#2111 = DEFINITIONAL_REPRESENTATION('',(#2112),#2116);
#2112 = LINE('',#2113,#2114);
#2113 = CARTESIAN_POINT('',(-6.28318530718,-0.1));
#2114 = VECTOR('',#2115,1.);
#2115 = DIRECTION('',(1.,-0.));
#2116 = ( GEOMETRIC_REPRESENTATION_CONTEXT(2) 
PARAMETRIC_REPRESENTATION_CONTEXT() REPRESENTATION_CONTEXT('2D SPACE',''
  ) );
#2117 = ORIENTED_EDGE('',*,*,#2118,.F.);
#2118 = EDGE_CURVE('',#2119,#2086,#2121,.T.);
#2119 = VERTEX_POINT('',#2120);
#2120 = CARTESIAN_POINT('',(-9.132692105035,37.5,235.4984661723));
#2121 = SURFACE_CURVE('',#2122,(#2127,#2134),.PCURVE_S1.);
#2122 = CIRCLE('',#2123,25.210790894703);
#2123 = AXIS2_PLACEMENT_3D('',#2124,#2125,#2126);
#2124 = CARTESIAN_POINT('',(0.,37.5,212.));
#2125 = DIRECTION('',(-0.,1.,1.110223024625E-16));
#2126 = DIRECTION('',(1.,0.,0.));
#2127 = PCURVE('',#326,#2128);
#2128 = DEFINITIONAL_REPRESENTATION('',(#2129),#2133);
#2129 = CIRCLE('',#2130,25.210790894703);
#2130 = AXIS2_PLACEMENT_2D('',#2131,#2132);
#2131 = CARTESIAN_POINT('',(2.412172678695E-15,0.));
#2132 = DIRECTION('',(1.,0.));
#2133 = ( GEOMETRIC_REPRESENTATION_CONTEXT(2) 
PARAMETRIC_REPRESENTATION_CONTEXT() REPRESENTATION_CONTEXT('2D SPACE',''
  ) );
#2134 = PCURVE('',#2135,#2140);
#2135 = CYLINDRICAL_SURFACE('',#2136,25.210790894703);
#2136 = AXIS2_PLACEMENT_3D('',#2137,#2138,#2139);
#2137 = CARTESIAN_POINT('',(0.,37.5,212.));
#2138 = DIRECTION('',(-0.,-1.,-1.110223024625E-16));
#2139 = DIRECTION('',(1.,0.,0.));
#2140 = DEFINITIONAL_REPRESENTATION('',(#2141),#2145);
#2141 = LINE('',#2142,#2143);
#2142 = CARTESIAN_POINT('',(-0.,0.));
#2143 = VECTOR('',#2144,1.);
#2144 = DIRECTION('',(-1.,0.));
#2145 = ( GEOMETRIC_REPRESENTATION_CONTEXT(2) 
PARAMETRIC_REPRESENTATION_CONTEXT() REPRESENTATION_CONTEXT('2D SPACE',''
  ) );
#2146 = ORIENTED_EDGE('',*,*,#2147,.F.);
#2147 = EDGE_CURVE('',#2148,#2119,#2150,.T.);
#2148 = VERTEX_POINT('',#2149);
#2149 = CARTESIAN_POINT('',(-10.15813625996,37.5,235.07371329588));
#2150 = SURFACE_CURVE('',#2151,(#2156,#2167),.PCURVE_S1.);
#2151 = CIRCLE('',#2152,0.555);
#2152 = AXIS2_PLACEMENT_3D('',#2153,#2154,#2155);
#2153 = CARTESIAN_POINT('',(-9.647751992224,37.5,235.29173370603));
#2154 = DIRECTION('',(0.,-1.,-1.110223024625E-16));
#2155 = DIRECTION('',(-0.382683432365,-1.025712328974E-16,0.923879532511
    ));
#2156 = PCURVE('',#326,#2157);
#2157 = DEFINITIONAL_REPRESENTATION('',(#2158),#2166);
#2158 = ( BOUNDED_CURVE() B_SPLINE_CURVE(2,(#2159,#2160,#2161,#2162,
#2163,#2164,#2165),.UNSPECIFIED.,.T.,.F.) B_SPLINE_CURVE_WITH_KNOTS((1,2
    ,2,2,2,1),(-2.094395102393,0.,2.094395102393,4.188790204786,
6.28318530718,8.377580409573),.UNSPECIFIED.) CURVE() 
GEOMETRIC_REPRESENTATION_ITEM() RATIONAL_B_SPLINE_CURVE((1.,0.5,1.,0.5,
1.,0.5,1.)) REPRESENTATION_ITEM('') );
#2159 = CARTESIAN_POINT('',(-9.860141297186,-23.80448684658));
#2160 = CARTESIAN_POINT('',(-10.74825578834,-23.4366177794));
#2161 = CARTESIAN_POINT('',(-9.985614585323,-22.85142260217));
#2162 = CARTESIAN_POINT('',(-9.222973382298,-22.26622742495));
#2163 = CARTESIAN_POINT('',(-9.097500094161,-23.21929166935));
#2164 = CARTESIAN_POINT('',(-8.972026806024,-24.17235591376));
#2165 = CARTESIAN_POINT('',(-9.860141297186,-23.80448684658));
#2166 = ( GEOMETRIC_REPRESENTATION_CONTEXT(2) 
PARAMETRIC_REPRESENTATION_CONTEXT() REPRESENTATION_CONTEXT('2D SPACE',''
  ) );
#2167 = PCURVE('',#2168,#2173);
#2168 = CYLINDRICAL_SURFACE('',#2169,0.555);
#2169 = AXIS2_PLACEMENT_3D('',#2170,#2171,#2172);
#2170 = CARTESIAN_POINT('',(-9.647751992224,37.4,235.29173370603));
#2171 = DIRECTION('',(-0.,-1.,-1.110223024625E-16));
#2172 = DIRECTION('',(-0.382683432365,-1.025712328974E-16,0.923879532511
    ));
#2173 = DEFINITIONAL_REPRESENTATION('',(#2174),#2178);
#2174 = LINE('',#2175,#2176);
#2175 = CARTESIAN_POINT('',(-6.28318530718,-0.1));
#2176 = VECTOR('',#2177,1.);
#2177 = DIRECTION('',(1.,-0.));
#2178 = ( GEOMETRIC_REPRESENTATION_CONTEXT(2) 
PARAMETRIC_REPRESENTATION_CONTEXT() REPRESENTATION_CONTEXT('2D SPACE',''
  ) );
#2179 = ORIENTED_EDGE('',*,*,#2180,.F.);
#2180 = EDGE_CURVE('',#2181,#2148,#2183,.T.);
#2181 = VERTEX_POINT('',#2182);
#2182 = CARTESIAN_POINT('',(-10.94820747002,37.5,234.70948547919));
#2183 = SURFACE_CURVE('',#2184,(#2189,#2196),.PCURVE_S1.);
#2184 = CIRCLE('',#2185,25.210790894703);
#2185 = AXIS2_PLACEMENT_3D('',#2186,#2187,#2188);
#2186 = CARTESIAN_POINT('',(0.,37.5,212.));
#2187 = DIRECTION('',(-0.,1.,1.110223024625E-16));
#2188 = DIRECTION('',(1.,0.,0.));
#2189 = PCURVE('',#326,#2190);
#2190 = DEFINITIONAL_REPRESENTATION('',(#2191),#2195);
#2191 = CIRCLE('',#2192,25.210790894703);
#2192 = AXIS2_PLACEMENT_2D('',#2193,#2194);
#2193 = CARTESIAN_POINT('',(2.412172678695E-15,0.));
#2194 = DIRECTION('',(1.,0.));
#2195 = ( GEOMETRIC_REPRESENTATION_CONTEXT(2) 
PARAMETRIC_REPRESENTATION_CONTEXT() REPRESENTATION_CONTEXT('2D SPACE',''
  ) );
#2196 = PCURVE('',#2197,#2202);
#2197 = CYLINDRICAL_SURFACE('',#2198,25.210790894703);
#2198 = AXIS2_PLACEMENT_3D('',#2199,#2200,#2201);
#2199 = CARTESIAN_POINT('',(0.,37.5,212.));
#2200 = DIRECTION('',(-0.,-1.,-1.110223024625E-16));
#2201 = DIRECTION('',(1.,0.,0.));
#2202 = DEFINITIONAL_REPRESENTATION('',(#2203),#2207);
#2203 = LINE('',#2204,#2205);
#2204 = CARTESIAN_POINT('',(-0.,0.));
#2205 = VECTOR('',#2206,1.);
#2206 = DIRECTION('',(-1.,0.));
#2207 = ( GEOMETRIC_REPRESENTATION_CONTEXT(2) 
PARAMETRIC_REPRESENTATION_CONTEXT() REPRESENTATION_CONTEXT('2D SPACE',''
  ) );
#2208 = ORIENTED_EDGE('',*,*,#2209,.F.);
#2209 = EDGE_CURVE('',#2210,#2181,#2212,.T.);
#2210 = VERTEX_POINT('',#2211);
#2211 = CARTESIAN_POINT('',(-11.93716479625,37.5,234.20558655301));
#2212 = SURFACE_CURVE('',#2213,(#2218,#2229),.PCURVE_S1.);
#2213 = CIRCLE('',#2214,0.555);
#2214 = AXIS2_PLACEMENT_3D('',#2215,#2216,#2217);
#2215 = CARTESIAN_POINT('',(-11.44545955711,37.5,234.46297916712));
#2216 = DIRECTION('',(0.,-1.,-1.110223024625E-16));
#2217 = DIRECTION('',(-0.45399049974,-9.892159582452E-17,0.891006524188)
  );
#2218 = PCURVE('',#326,#2219);
#2219 = DEFINITIONAL_REPRESENTATION('',(#2220),#2228);
#2220 = ( BOUNDED_CURVE() B_SPLINE_CURVE(2,(#2221,#2222,#2223,#2224,
#2225,#2226,#2227),.UNSPECIFIED.,.T.,.F.) B_SPLINE_CURVE_WITH_KNOTS((1,2
    ,2,2,2,1),(-2.094395102393,0.,2.094395102393,4.188790204786,
6.28318530718,8.377580409573),.UNSPECIFIED.) CURVE() 
GEOMETRIC_REPRESENTATION_ITEM() RATIONAL_B_SPLINE_CURVE((1.,0.5,1.,0.5,
1.,0.5,1.)) REPRESENTATION_ITEM('') );
#2221 = CARTESIAN_POINT('',(-11.69742428447,-22.95748778805));
#2222 = CARTESIAN_POINT('',(-12.55393834069,-22.52107207855));
#2223 = CARTESIAN_POINT('',(-11.74773422154,-21.99751700192));
#2224 = CARTESIAN_POINT('',(-10.9415301024,-21.47396192528));
#2225 = CARTESIAN_POINT('',(-10.89122016532,-22.43393271141));
#2226 = CARTESIAN_POINT('',(-10.84091022824,-23.39390349754));
#2227 = CARTESIAN_POINT('',(-11.69742428447,-22.95748778805));
#2228 = ( GEOMETRIC_REPRESENTATION_CONTEXT(2) 
PARAMETRIC_REPRESENTATION_CONTEXT() REPRESENTATION_CONTEXT('2D SPACE',''
  ) );
#2229 = PCURVE('',#2230,#2235);
#2230 = CYLINDRICAL_SURFACE('',#2231,0.555);
#2231 = AXIS2_PLACEMENT_3D('',#2232,#2233,#2234);
#2232 = CARTESIAN_POINT('',(-11.44545955711,37.4,234.46297916712));
#2233 = DIRECTION('',(-0.,-1.,-1.110223024625E-16));
#2234 = DIRECTION('',(-0.45399049974,-9.892159582452E-17,0.891006524188)
  );
#2235 = DEFINITIONAL_REPRESENTATION('',(#2236),#2240);
#2236 = LINE('',#2237,#2238);
#2237 = CARTESIAN_POINT('',(-6.28318530718,-0.1));
#2238 = VECTOR('',#2239,1.);
#2239 = DIRECTION('',(1.,-0.));
#2240 = ( GEOMETRIC_REPRESENTATION_CONTEXT(2) 
PARAMETRIC_REPRESENTATION_CONTEXT() REPRESENTATION_CONTEXT('2D SPACE',''
  ) );
#2241 = ORIENTED_EDGE('',*,*,#2242,.F.);
#2242 = EDGE_CURVE('',#2243,#2210,#2245,.T.);
#2243 = VERTEX_POINT('',#2244);
#2244 = CARTESIAN_POINT('',(-12.69622349532,37.5,233.78049325642));
#2245 = SURFACE_CURVE('',#2246,(#2251,#2258),.PCURVE_S1.);
#2246 = CIRCLE('',#2247,25.210790894703);
#2247 = AXIS2_PLACEMENT_3D('',#2248,#2249,#2250);
#2248 = CARTESIAN_POINT('',(0.,37.5,212.));
#2249 = DIRECTION('',(-0.,1.,1.110223024625E-16));
#2250 = DIRECTION('',(1.,0.,0.));
#2251 = PCURVE('',#326,#2252);
#2252 = DEFINITIONAL_REPRESENTATION('',(#2253),#2257);
#2253 = CIRCLE('',#2254,25.210790894703);
#2254 = AXIS2_PLACEMENT_2D('',#2255,#2256);
#2255 = CARTESIAN_POINT('',(2.412172678695E-15,0.));
#2256 = DIRECTION('',(1.,0.));
#2257 = ( GEOMETRIC_REPRESENTATION_CONTEXT(2) 
PARAMETRIC_REPRESENTATION_CONTEXT() REPRESENTATION_CONTEXT('2D SPACE',''
  ) );
#2258 = PCURVE('',#2259,#2264);
#2259 = CYLINDRICAL_SURFACE('',#2260,25.210790894703);
#2260 = AXIS2_PLACEMENT_3D('',#2261,#2262,#2263);
#2261 = CARTESIAN_POINT('',(0.,37.5,212.));
#2262 = DIRECTION('',(-0.,-1.,-1.110223024625E-16));
#2263 = DIRECTION('',(1.,0.,0.));
#2264 = DEFINITIONAL_REPRESENTATION('',(#2265),#2269);
#2265 = LINE('',#2266,#2267);
#2266 = CARTESIAN_POINT('',(-0.,0.));
#2267 = VECTOR('',#2268,1.);
#2268 = DIRECTION('',(-1.,0.));
#2269 = ( GEOMETRIC_REPRESENTATION_CONTEXT(2) 
PARAMETRIC_REPRESENTATION_CONTEXT() REPRESENTATION_CONTEXT('2D SPACE',''
  ) );
#2270 = ORIENTED_EDGE('',*,*,#2271,.F.);
#2271 = EDGE_CURVE('',#2272,#2243,#2274,.T.);
#2272 = VERTEX_POINT('',#2273);
#2273 = CARTESIAN_POINT('',(-13.64259674207,37.5,233.20055498494));
#2274 = SURFACE_CURVE('',#2275,(#2280,#2291),.PCURVE_S1.);
#2275 = CIRCLE('',#2276,0.555);
#2276 = AXIS2_PLACEMENT_3D('',#2277,#2278,#2279);
#2277 = CARTESIAN_POINT('',(-13.17260205783,37.5,233.49573289195));
#2278 = DIRECTION('',(0.,-1.,-1.110223024625E-16));
#2279 = DIRECTION('',(-0.522498564716,-9.466207421861E-17,0.852640164354
    ));
#2280 = PCURVE('',#326,#2281);
#2281 = DEFINITIONAL_REPRESENTATION('',(#2282),#2290);
#2282 = ( BOUNDED_CURVE() B_SPLINE_CURVE(2,(#2283,#2284,#2285,#2286,
#2287,#2288,#2289),.UNSPECIFIED.,.T.,.F.) B_SPLINE_CURVE_WITH_KNOTS((1,2
    ,2,2,2,1),(-2.094395102393,0.,2.094395102393,4.188790204786,
6.28318530718,8.377580409573),.UNSPECIFIED.) CURVE() 
GEOMETRIC_REPRESENTATION_ITEM() RATIONAL_B_SPLINE_CURVE((1.,0.5,1.,0.5,
1.,0.5,1.)) REPRESENTATION_ITEM('') );
#2283 = CARTESIAN_POINT('',(-13.46258876125,-21.96894818317));
#2284 = CARTESIAN_POINT('',(-14.28222168855,-21.46667647933));
#2285 = CARTESIAN_POINT('',(-13.43742516978,-21.00798939442));
#2286 = CARTESIAN_POINT('',(-12.592628651,-20.54930230952));
#2287 = CARTESIAN_POINT('',(-12.61779224247,-21.51026109826));
#2288 = CARTESIAN_POINT('',(-12.64295583394,-22.47121988701));
#2289 = CARTESIAN_POINT('',(-13.46258876125,-21.96894818317));
#2290 = ( GEOMETRIC_REPRESENTATION_CONTEXT(2) 
PARAMETRIC_REPRESENTATION_CONTEXT() REPRESENTATION_CONTEXT('2D SPACE',''
  ) );
#2291 = PCURVE('',#2292,#2297);
#2292 = CYLINDRICAL_SURFACE('',#2293,0.555);
#2293 = AXIS2_PLACEMENT_3D('',#2294,#2295,#2296);
#2294 = CARTESIAN_POINT('',(-13.17260205783,37.4,233.49573289195));
#2295 = DIRECTION('',(-0.,-1.,-1.110223024625E-16));
#2296 = DIRECTION('',(-0.522498564716,-9.466207421861E-17,0.852640164354
    ));
#2297 = DEFINITIONAL_REPRESENTATION('',(#2298),#2302);
#2298 = LINE('',#2299,#2300);
#2299 = CARTESIAN_POINT('',(-6.28318530718,-0.1));
#2300 = VECTOR('',#2301,1.);
#2301 = DIRECTION('',(1.,-0.));
#2302 = ( GEOMETRIC_REPRESENTATION_CONTEXT(2) 
PARAMETRIC_REPRESENTATION_CONTEXT() REPRESENTATION_CONTEXT('2D SPACE',''
  ) );
#2303 = ORIENTED_EDGE('',*,*,#2304,.F.);
#2304 = EDGE_CURVE('',#2305,#2272,#2307,.T.);
#2305 = VERTEX_POINT('',#2306);
#2306 = CARTESIAN_POINT('',(-14.36596308084,37.5,232.71721704999));
#2307 = SURFACE_CURVE('',#2308,(#2313,#2320),.PCURVE_S1.);
#2308 = CIRCLE('',#2309,25.210790894703);
#2309 = AXIS2_PLACEMENT_3D('',#2310,#2311,#2312);
#2310 = CARTESIAN_POINT('',(0.,37.5,212.));
#2311 = DIRECTION('',(-0.,1.,1.110223024625E-16));
#2312 = DIRECTION('',(1.,0.,0.));
#2313 = PCURVE('',#326,#2314);
#2314 = DEFINITIONAL_REPRESENTATION('',(#2315),#2319);
#2315 = CIRCLE('',#2316,25.210790894703);
#2316 = AXIS2_PLACEMENT_2D('',#2317,#2318);
#2317 = CARTESIAN_POINT('',(2.412172678695E-15,0.));
#2318 = DIRECTION('',(1.,0.));
#2319 = ( GEOMETRIC_REPRESENTATION_CONTEXT(2) 
PARAMETRIC_REPRESENTATION_CONTEXT() REPRESENTATION_CONTEXT('2D SPACE',''
  ) );
#2320 = PCURVE('',#2321,#2326);
#2321 = CYLINDRICAL_SURFACE('',#2322,25.210790894703);
#2322 = AXIS2_PLACEMENT_3D('',#2323,#2324,#2325);
#2323 = CARTESIAN_POINT('',(0.,37.5,212.));
#2324 = DIRECTION('',(-0.,-1.,-1.110223024625E-16));
#2325 = DIRECTION('',(1.,0.,0.));
#2326 = DEFINITIONAL_REPRESENTATION('',(#2327),#2331);
#2327 = LINE('',#2328,#2329);
#2328 = CARTESIAN_POINT('',(-0.,0.));
#2329 = VECTOR('',#2330,1.);
#2330 = DIRECTION('',(-1.,0.));
#2331 = ( GEOMETRIC_REPRESENTATION_CONTEXT(2) 
PARAMETRIC_REPRESENTATION_CONTEXT() REPRESENTATION_CONTEXT('2D SPACE',''
  ) );
#2332 = ORIENTED_EDGE('',*,*,#2333,.F.);
#2333 = EDGE_CURVE('',#2334,#2305,#2336,.T.);
#2334 = VERTEX_POINT('',#2335);
#2335 = CARTESIAN_POINT('',(-15.26391754235,37.5,232.06481494548));
#2336 = SURFACE_CURVE('',#2337,(#2342,#2353),.PCURVE_S1.);
#2337 = CIRCLE('',#2338,0.555);
#2338 = AXIS2_PLACEMENT_3D('',#2339,#2340,#2341);
#2339 = CARTESIAN_POINT('',(-14.81853108653,37.5,232.39595827544));
#2340 = DIRECTION('',(0.,-1.,-1.110223024625E-16));
#2341 = DIRECTION('',(-0.587785252292,-8.981892944681E-17,0.809016994375
    ));
#2342 = PCURVE('',#326,#2343);
#2343 = DEFINITIONAL_REPRESENTATION('',(#2344),#2352);
#2344 = ( BOUNDED_CURVE() B_SPLINE_CURVE(2,(#2345,#2346,#2347,#2348,
#2349,#2350,#2351),.UNSPECIFIED.,.T.,.F.) B_SPLINE_CURVE_WITH_KNOTS((1,2
    ,2,2,2,1),(-2.094395102393,0.,2.094395102393,4.188790204786,
6.28318530718,8.377580409573),.UNSPECIFIED.) CURVE() 
GEOMETRIC_REPRESENTATION_ITEM() RATIONAL_B_SPLINE_CURVE((1.,0.5,1.,0.5,
1.,0.5,1.)) REPRESENTATION_ITEM('') );
#2345 = CARTESIAN_POINT('',(-15.14475190155,-20.84496270732));
#2346 = CARTESIAN_POINT('',(-15.92245039039,-20.27993168122));
#2347 = CARTESIAN_POINT('',(-15.04426992344,-19.88894054645));
#2348 = CARTESIAN_POINT('',(-14.16608945649,-19.49794941169));
#2349 = CARTESIAN_POINT('',(-14.2665714346,-20.45397157256));
#2350 = CARTESIAN_POINT('',(-14.36705341272,-21.40999373343));
#2351 = CARTESIAN_POINT('',(-15.14475190155,-20.84496270732));
#2352 = ( GEOMETRIC_REPRESENTATION_CONTEXT(2) 
PARAMETRIC_REPRESENTATION_CONTEXT() REPRESENTATION_CONTEXT('2D SPACE',''
  ) );
#2353 = PCURVE('',#2354,#2359);
#2354 = CYLINDRICAL_SURFACE('',#2355,0.555);
#2355 = AXIS2_PLACEMENT_3D('',#2356,#2357,#2358);
#2356 = CARTESIAN_POINT('',(-14.81853108653,37.4,232.39595827544));
#2357 = DIRECTION('',(-0.,-1.,-1.110223024625E-16));
#2358 = DIRECTION('',(-0.587785252292,-8.981892944681E-17,0.809016994375
    ));
#2359 = DEFINITIONAL_REPRESENTATION('',(#2360),#2364);
#2360 = LINE('',#2361,#2362);
#2361 = CARTESIAN_POINT('',(-6.28318530718,-0.1));
#2362 = VECTOR('',#2363,1.);
#2363 = DIRECTION('',(1.,-0.));
#2364 = ( GEOMETRIC_REPRESENTATION_CONTEXT(2) 
PARAMETRIC_REPRESENTATION_CONTEXT() REPRESENTATION_CONTEXT('2D SPACE',''
  ) );
#2365 = ORIENTED_EDGE('',*,*,#2366,.F.);
#2366 = EDGE_CURVE('',#2367,#2334,#2369,.T.);
#2367 = VERTEX_POINT('',#2368);
#2368 = CARTESIAN_POINT('',(-15.94713172679,37.5,231.52621231126));
#2369 = SURFACE_CURVE('',#2370,(#2375,#2382),.PCURVE_S1.);
#2370 = CIRCLE('',#2371,25.210790894703);
#2371 = AXIS2_PLACEMENT_3D('',#2372,#2373,#2374);
#2372 = CARTESIAN_POINT('',(0.,37.5,212.));
#2373 = DIRECTION('',(-0.,1.,1.110223024625E-16));
#2374 = DIRECTION('',(1.,0.,0.));
#2375 = PCURVE('',#326,#2376);
#2376 = DEFINITIONAL_REPRESENTATION('',(#2377),#2381);
#2377 = CIRCLE('',#2378,25.210790894703);
#2378 = AXIS2_PLACEMENT_2D('',#2379,#2380);
#2379 = CARTESIAN_POINT('',(2.412172678695E-15,0.));
#2380 = DIRECTION('',(1.,0.));
#2381 = ( GEOMETRIC_REPRESENTATION_CONTEXT(2) 
PARAMETRIC_REPRESENTATION_CONTEXT() REPRESENTATION_CONTEXT('2D SPACE',''
  ) );
#2382 = PCURVE('',#2383,#2388);
#2383 = CYLINDRICAL_SURFACE('',#2384,25.210790894703);
#2384 = AXIS2_PLACEMENT_3D('',#2385,#2386,#2387);
#2385 = CARTESIAN_POINT('',(0.,37.5,212.));
#2386 = DIRECTION('',(-0.,-1.,-1.110223024625E-16));
#2387 = DIRECTION('',(1.,0.,0.));
#2388 = DEFINITIONAL_REPRESENTATION('',(#2389),#2393);
#2389 = LINE('',#2390,#2391);
#2390 = CARTESIAN_POINT('',(-0.,0.));
#2391 = VECTOR('',#2392,1.);
#2392 = DIRECTION('',(-1.,0.));
#2393 = ( GEOMETRIC_REPRESENTATION_CONTEXT(2) 
PARAMETRIC_REPRESENTATION_CONTEXT() REPRESENTATION_CONTEXT('2D SPACE',''
  ) );
#2394 = ORIENTED_EDGE('',*,*,#2395,.F.);
#2395 = EDGE_CURVE('',#2396,#2367,#2398,.T.);
#2396 = VERTEX_POINT('',#2397);
#2397 = CARTESIAN_POINT('',(-16.79113121521,37.5,230.80536864966));
#2398 = SURFACE_CURVE('',#2399,(#2404,#2415),.PCURVE_S1.);
#2399 = CIRCLE('',#2400,0.555);
#2400 = AXIS2_PLACEMENT_3D('',#2401,#2402,#2403);
#2401 = CARTESIAN_POINT('',(-16.37309894342,37.5,231.17043579382));
#2402 = DIRECTION('',(0.,-1.,-1.110223024625E-16));
#2403 = DIRECTION('',(-0.64944804833,-8.442202110715E-17,0.7604059656));
#2404 = PCURVE('',#326,#2405);
#2405 = DEFINITIONAL_REPRESENTATION('',(#2406),#2414);
#2406 = ( BOUNDED_CURVE() B_SPLINE_CURVE(2,(#2407,#2408,#2409,#2410,
#2411,#2412,#2413),.UNSPECIFIED.,.T.,.F.) B_SPLINE_CURVE_WITH_KNOTS((1,2
    ,2,2,2,1),(-2.094395102393,0.,2.094395102393,4.188790204786,
6.28318530718,8.377580409573),.UNSPECIFIED.) CURVE() 
GEOMETRIC_REPRESENTATION_ITEM() RATIONAL_B_SPLINE_CURVE((1.,0.5,1.,0.5,
1.,0.5,1.)) REPRESENTATION_ITEM('') );
#2407 = CARTESIAN_POINT('',(-16.73354261024,-19.59246110473));
#2408 = CARTESIAN_POINT('',(-17.46451189082,-18.96815436053));
#2409 = CARTESIAN_POINT('',(-16.5583617503,-18.64726976627));
#2410 = CARTESIAN_POINT('',(-15.65221160977,-18.32638517201));
#2411 = CARTESIAN_POINT('',(-15.82739246972,-19.27157651047));
#2412 = CARTESIAN_POINT('',(-16.00257332967,-20.21676784894));
#2413 = CARTESIAN_POINT('',(-16.73354261024,-19.59246110473));
#2414 = ( GEOMETRIC_REPRESENTATION_CONTEXT(2) 
PARAMETRIC_REPRESENTATION_CONTEXT() REPRESENTATION_CONTEXT('2D SPACE',''
  ) );
#2415 = PCURVE('',#2416,#2421);
#2416 = CYLINDRICAL_SURFACE('',#2417,0.555);
#2417 = AXIS2_PLACEMENT_3D('',#2418,#2419,#2420);
#2418 = CARTESIAN_POINT('',(-16.37309894342,37.4,231.17043579382));
#2419 = DIRECTION('',(-0.,-1.,-1.110223024625E-16));
#2420 = DIRECTION('',(-0.64944804833,-8.442202110715E-17,0.7604059656));
#2421 = DEFINITIONAL_REPRESENTATION('',(#2422),#2426);
#2422 = LINE('',#2423,#2424);
#2423 = CARTESIAN_POINT('',(-6.28318530718,-0.1));
#2424 = VECTOR('',#2425,1.);
#2425 = DIRECTION('',(1.,-0.));
#2426 = ( GEOMETRIC_REPRESENTATION_CONTEXT(2) 
PARAMETRIC_REPRESENTATION_CONTEXT() REPRESENTATION_CONTEXT('2D SPACE',''
  ) );
#2427 = ORIENTED_EDGE('',*,*,#2428,.F.);
#2428 = EDGE_CURVE('',#2429,#2396,#2431,.T.);
#2429 = VERTEX_POINT('',#2430);
#2430 = CARTESIAN_POINT('',(-17.4299810027,37.5,230.21482198051));
#2431 = SURFACE_CURVE('',#2432,(#2437,#2444),.PCURVE_S1.);
#2432 = CIRCLE('',#2433,25.210790894703);
#2433 = AXIS2_PLACEMENT_3D('',#2434,#2435,#2436);
#2434 = CARTESIAN_POINT('',(0.,37.5,212.));
#2435 = DIRECTION('',(-0.,1.,1.110223024625E-16));
#2436 = DIRECTION('',(1.,0.,0.));
#2437 = PCURVE('',#326,#2438);
#2438 = DEFINITIONAL_REPRESENTATION('',(#2439),#2443);
#2439 = CIRCLE('',#2440,25.210790894703);
#2440 = AXIS2_PLACEMENT_2D('',#2441,#2442);
#2441 = CARTESIAN_POINT('',(2.412172678695E-15,0.));
#2442 = DIRECTION('',(1.,0.));
#2443 = ( GEOMETRIC_REPRESENTATION_CONTEXT(2) 
PARAMETRIC_REPRESENTATION_CONTEXT() REPRESENTATION_CONTEXT('2D SPACE',''
  ) );
#2444 = PCURVE('',#2445,#2450);
#2445 = CYLINDRICAL_SURFACE('',#2446,25.210790894703);
#2446 = AXIS2_PLACEMENT_3D('',#2447,#2448,#2449);
#2447 = CARTESIAN_POINT('',(0.,37.5,212.));
#2448 = DIRECTION('',(-0.,-1.,-1.110223024625E-16));
#2449 = DIRECTION('',(1.,0.,0.));
#2450 = DEFINITIONAL_REPRESENTATION('',(#2451),#2455);
#2451 = LINE('',#2452,#2453);
#2452 = CARTESIAN_POINT('',(-0.,0.));
#2453 = VECTOR('',#2454,1.);
#2454 = DIRECTION('',(-1.,0.));
#2455 = ( GEOMETRIC_REPRESENTATION_CONTEXT(2) 
PARAMETRIC_REPRESENTATION_CONTEXT() REPRESENTATION_CONTEXT('2D SPACE',''
  ) );
#2456 = ORIENTED_EDGE('',*,*,#2457,.F.);
#2457 = EDGE_CURVE('',#2458,#2429,#2460,.T.);
#2458 = VERTEX_POINT('',#2459);
#2459 = CARTESIAN_POINT('',(-18.21482198051,37.5,229.4299810027));
#2460 = SURFACE_CURVE('',#2461,(#2466,#2477),.PCURVE_S1.);
#2461 = CIRCLE('',#2462,0.555);
#2462 = AXIS2_PLACEMENT_3D('',#2463,#2464,#2465);
#2463 = CARTESIAN_POINT('',(-17.82672120072,37.5,229.82672120072));
#2464 = DIRECTION('',(0.,-1.,-1.110223024625E-16));
#2465 = DIRECTION('',(-0.707106781187,-7.850462293419E-17,0.707106781187
    ));
#2466 = PCURVE('',#326,#2467);
#2467 = DEFINITIONAL_REPRESENTATION('',(#2468),#2476);
#2468 = ( BOUNDED_CURVE() B_SPLINE_CURVE(2,(#2469,#2470,#2471,#2472,
#2473,#2474,#2475),.UNSPECIFIED.,.T.,.F.) B_SPLINE_CURVE_WITH_KNOTS((1,2
    ,2,2,2,1),(-2.094395102393,0.,2.094395102393,4.188790204786,
6.28318530718,8.377580409573),.UNSPECIFIED.) CURVE() 
GEOMETRIC_REPRESENTATION_ITEM() RATIONAL_B_SPLINE_CURVE((1.,0.5,1.,0.5,
1.,0.5,1.)) REPRESENTATION_ITEM('') );
#2469 = CARTESIAN_POINT('',(-18.21916546427,-18.21916546427));
#2470 = CARTESIAN_POINT('',(-18.8988988679,-17.53943206065));
#2471 = CARTESIAN_POINT('',(-17.97036577075,-17.29063236713));
#2472 = CARTESIAN_POINT('',(-17.0418326736,-17.0418326736));
#2473 = CARTESIAN_POINT('',(-17.29063236713,-17.97036577075));
#2474 = CARTESIAN_POINT('',(-17.53943206065,-18.8988988679));
#2475 = CARTESIAN_POINT('',(-18.21916546427,-18.21916546427));
#2476 = ( GEOMETRIC_REPRESENTATION_CONTEXT(2) 
PARAMETRIC_REPRESENTATION_CONTEXT() REPRESENTATION_CONTEXT('2D SPACE',''
  ) );
#2477 = PCURVE('',#2478,#2483);
#2478 = CYLINDRICAL_SURFACE('',#2479,0.555);
#2479 = AXIS2_PLACEMENT_3D('',#2480,#2481,#2482);
#2480 = CARTESIAN_POINT('',(-17.82672120072,37.4,229.82672120072));
#2481 = DIRECTION('',(-0.,-1.,-1.110223024625E-16));
#2482 = DIRECTION('',(-0.707106781187,-7.850462293419E-17,0.707106781187
    ));
#2483 = DEFINITIONAL_REPRESENTATION('',(#2484),#2488);
#2484 = LINE('',#2485,#2486);
#2485 = CARTESIAN_POINT('',(-6.28318530718,-0.1));
#2486 = VECTOR('',#2487,1.);
#2487 = DIRECTION('',(1.,-0.));
#2488 = ( GEOMETRIC_REPRESENTATION_CONTEXT(2) 
PARAMETRIC_REPRESENTATION_CONTEXT() REPRESENTATION_CONTEXT('2D SPACE',''
  ) );
#2489 = ORIENTED_EDGE('',*,*,#2490,.F.);
#2490 = EDGE_CURVE('',#2491,#2458,#2493,.T.);
#2491 = VERTEX_POINT('',#2492);
#2492 = CARTESIAN_POINT('',(-18.80536864966,37.5,228.79113121521));
#2493 = SURFACE_CURVE('',#2494,(#2499,#2506),.PCURVE_S1.);
#2494 = CIRCLE('',#2495,25.210790894703);
#2495 = AXIS2_PLACEMENT_3D('',#2496,#2497,#2498);
#2496 = CARTESIAN_POINT('',(0.,37.5,212.));
#2497 = DIRECTION('',(-0.,1.,1.110223024625E-16));
#2498 = DIRECTION('',(1.,0.,0.));
#2499 = PCURVE('',#326,#2500);
#2500 = DEFINITIONAL_REPRESENTATION('',(#2501),#2505);
#2501 = CIRCLE('',#2502,25.210790894703);
#2502 = AXIS2_PLACEMENT_2D('',#2503,#2504);
#2503 = CARTESIAN_POINT('',(2.412172678695E-15,0.));
#2504 = DIRECTION('',(1.,0.));
#2505 = ( GEOMETRIC_REPRESENTATION_CONTEXT(2) 
PARAMETRIC_REPRESENTATION_CONTEXT() REPRESENTATION_CONTEXT('2D SPACE',''
  ) );
#2506 = PCURVE('',#2507,#2512);
#2507 = CYLINDRICAL_SURFACE('',#2508,25.210790894703);
#2508 = AXIS2_PLACEMENT_3D('',#2509,#2510,#2511);
#2509 = CARTESIAN_POINT('',(0.,37.5,212.));
#2510 = DIRECTION('',(-0.,-1.,-1.110223024625E-16));
#2511 = DIRECTION('',(1.,0.,0.));
#2512 = DEFINITIONAL_REPRESENTATION('',(#2513),#2517);
#2513 = LINE('',#2514,#2515);
#2514 = CARTESIAN_POINT('',(-0.,0.));
#2515 = VECTOR('',#2516,1.);
#2516 = DIRECTION('',(-1.,0.));
#2517 = ( GEOMETRIC_REPRESENTATION_CONTEXT(2) 
PARAMETRIC_REPRESENTATION_CONTEXT() REPRESENTATION_CONTEXT('2D SPACE',''
  ) );
#2518 = ORIENTED_EDGE('',*,*,#2519,.F.);
#2519 = EDGE_CURVE('',#2520,#2491,#2522,.T.);
#2520 = VERTEX_POINT('',#2521);
#2521 = CARTESIAN_POINT('',(-19.52621231126,37.5,227.94713172679));
#2522 = SURFACE_CURVE('',#2523,(#2528,#2539),.PCURVE_S1.);
#2523 = CIRCLE('',#2524,0.555);
#2524 = AXIS2_PLACEMENT_3D('',#2525,#2526,#2527);
#2525 = CARTESIAN_POINT('',(-19.17043579382,37.5,228.37309894342));
#2526 = DIRECTION('',(0.,-1.,-1.110223024625E-16));
#2527 = DIRECTION('',(-0.7604059656,-7.21032176554E-17,0.64944804833));
#2528 = PCURVE('',#326,#2529);
#2529 = DEFINITIONAL_REPRESENTATION('',(#2530),#2538);
#2530 = ( BOUNDED_CURVE() B_SPLINE_CURVE(2,(#2531,#2532,#2533,#2534,
#2535,#2536,#2537),.UNSPECIFIED.,.T.,.F.) B_SPLINE_CURVE_WITH_KNOTS((1,2
    ,2,2,2,1),(-2.094395102393,0.,2.094395102393,4.188790204786,
6.28318530718,8.377580409573),.UNSPECIFIED.) CURVE() 
GEOMETRIC_REPRESENTATION_ITEM() RATIONAL_B_SPLINE_CURVE((1.,0.5,1.,0.5,
1.,0.5,1.)) REPRESENTATION_ITEM('') );
#2531 = CARTESIAN_POINT('',(-19.59246110473,-16.73354261024));
#2532 = CARTESIAN_POINT('',(-20.21676784894,-16.00257332967));
#2533 = CARTESIAN_POINT('',(-19.27157651047,-15.82739246972));
#2534 = CARTESIAN_POINT('',(-18.32638517201,-15.65221160977));
#2535 = CARTESIAN_POINT('',(-18.64726976627,-16.5583617503));
#2536 = CARTESIAN_POINT('',(-18.96815436053,-17.46451189082));
#2537 = CARTESIAN_POINT('',(-19.59246110473,-16.73354261024));
#2538 = ( GEOMETRIC_REPRESENTATION_CONTEXT(2) 
PARAMETRIC_REPRESENTATION_CONTEXT() REPRESENTATION_CONTEXT('2D SPACE',''
  ) );
#2539 = PCURVE('',#2540,#2545);
#2540 = CYLINDRICAL_SURFACE('',#2541,0.555);
#2541 = AXIS2_PLACEMENT_3D('',#2542,#2543,#2544);
#2542 = CARTESIAN_POINT('',(-19.17043579382,37.4,228.37309894342));
#2543 = DIRECTION('',(-0.,-1.,-1.110223024625E-16));
#2544 = DIRECTION('',(-0.7604059656,-7.21032176554E-17,0.64944804833));
#2545 = DEFINITIONAL_REPRESENTATION('',(#2546),#2550);
#2546 = LINE('',#2547,#2548);
#2547 = CARTESIAN_POINT('',(-6.28318530718,-0.1));
#2548 = VECTOR('',#2549,1.);
#2549 = DIRECTION('',(1.,-0.));
#2550 = ( GEOMETRIC_REPRESENTATION_CONTEXT(2) 
PARAMETRIC_REPRESENTATION_CONTEXT() REPRESENTATION_CONTEXT('2D SPACE',''
  ) );
#2551 = ORIENTED_EDGE('',*,*,#2552,.F.);
#2552 = EDGE_CURVE('',#2553,#2520,#2555,.T.);
#2553 = VERTEX_POINT('',#2554);
#2554 = CARTESIAN_POINT('',(-20.06481494549,37.5,227.26391754235));
#2555 = SURFACE_CURVE('',#2556,(#2561,#2568),.PCURVE_S1.);
#2556 = CIRCLE('',#2557,25.210790894703);
#2557 = AXIS2_PLACEMENT_3D('',#2558,#2559,#2560);
#2558 = CARTESIAN_POINT('',(0.,37.5,212.));
#2559 = DIRECTION('',(-0.,1.,1.110223024625E-16));
#2560 = DIRECTION('',(1.,0.,0.));
#2561 = PCURVE('',#326,#2562);
#2562 = DEFINITIONAL_REPRESENTATION('',(#2563),#2567);
#2563 = CIRCLE('',#2564,25.210790894703);
#2564 = AXIS2_PLACEMENT_2D('',#2565,#2566);
#2565 = CARTESIAN_POINT('',(2.412172678695E-15,0.));
#2566 = DIRECTION('',(1.,0.));
#2567 = ( GEOMETRIC_REPRESENTATION_CONTEXT(2) 
PARAMETRIC_REPRESENTATION_CONTEXT() REPRESENTATION_CONTEXT('2D SPACE',''
  ) );
#2568 = PCURVE('',#2569,#2574);
#2569 = CYLINDRICAL_SURFACE('',#2570,25.210790894703);
#2570 = AXIS2_PLACEMENT_3D('',#2571,#2572,#2573);
#2571 = CARTESIAN_POINT('',(0.,37.5,212.));
#2572 = DIRECTION('',(-0.,-1.,-1.110223024625E-16));
#2573 = DIRECTION('',(1.,0.,0.));
#2574 = DEFINITIONAL_REPRESENTATION('',(#2575),#2579);
#2575 = LINE('',#2576,#2577);
#2576 = CARTESIAN_POINT('',(-0.,0.));
#2577 = VECTOR('',#2578,1.);
#2578 = DIRECTION('',(-1.,0.));
#2579 = ( GEOMETRIC_REPRESENTATION_CONTEXT(2) 
PARAMETRIC_REPRESENTATION_CONTEXT() REPRESENTATION_CONTEXT('2D SPACE',''
  ) );
#2580 = ORIENTED_EDGE('',*,*,#2581,.F.);
#2581 = EDGE_CURVE('',#2582,#2553,#2584,.T.);
#2582 = VERTEX_POINT('',#2583);
#2583 = CARTESIAN_POINT('',(-20.71721704999,37.5,226.36596308084));
#2584 = SURFACE_CURVE('',#2585,(#2590,#2601),.PCURVE_S1.);
#2585 = CIRCLE('',#2586,0.555);
#2586 = AXIS2_PLACEMENT_3D('',#2587,#2588,#2589);
#2587 = CARTESIAN_POINT('',(-20.39595827544,37.5,226.81853108653));
#2588 = DIRECTION('',(0.,-1.,-1.110223024625E-16));
#2589 = DIRECTION('',(-0.809016994375,-6.525727206302E-17,0.587785252292
    ));
#2590 = PCURVE('',#326,#2591);
#2591 = DEFINITIONAL_REPRESENTATION('',(#2592),#2600);
#2592 = ( BOUNDED_CURVE() B_SPLINE_CURVE(2,(#2593,#2594,#2595,#2596,
#2597,#2598,#2599),.UNSPECIFIED.,.T.,.F.) B_SPLINE_CURVE_WITH_KNOTS((1,2
    ,2,2,2,1),(-2.094395102393,0.,2.094395102393,4.188790204786,
6.28318530718,8.377580409573),.UNSPECIFIED.) CURVE() 
GEOMETRIC_REPRESENTATION_ITEM() RATIONAL_B_SPLINE_CURVE((1.,0.5,1.,0.5,
1.,0.5,1.)) REPRESENTATION_ITEM('') );
#2593 = CARTESIAN_POINT('',(-20.84496270732,-15.14475190155));
#2594 = CARTESIAN_POINT('',(-21.40999373343,-14.36705341272));
#2595 = CARTESIAN_POINT('',(-20.45397157256,-14.2665714346));
#2596 = CARTESIAN_POINT('',(-19.49794941169,-14.16608945649));
#2597 = CARTESIAN_POINT('',(-19.88894054645,-15.04426992344));
#2598 = CARTESIAN_POINT('',(-20.27993168122,-15.92245039039));
#2599 = CARTESIAN_POINT('',(-20.84496270732,-15.14475190155));
#2600 = ( GEOMETRIC_REPRESENTATION_CONTEXT(2) 
PARAMETRIC_REPRESENTATION_CONTEXT() REPRESENTATION_CONTEXT('2D SPACE',''
  ) );
#2601 = PCURVE('',#2602,#2607);
#2602 = CYLINDRICAL_SURFACE('',#2603,0.555);
#2603 = AXIS2_PLACEMENT_3D('',#2604,#2605,#2606);
#2604 = CARTESIAN_POINT('',(-20.39595827544,37.4,226.81853108653));
#2605 = DIRECTION('',(-0.,-1.,-1.110223024625E-16));
#2606 = DIRECTION('',(-0.809016994375,-6.525727206302E-17,0.587785252292
    ));
#2607 = DEFINITIONAL_REPRESENTATION('',(#2608),#2612);
#2608 = LINE('',#2609,#2610);
#2609 = CARTESIAN_POINT('',(-6.28318530718,-0.1));
#2610 = VECTOR('',#2611,1.);
#2611 = DIRECTION('',(1.,-0.));
#2612 = ( GEOMETRIC_REPRESENTATION_CONTEXT(2) 
PARAMETRIC_REPRESENTATION_CONTEXT() REPRESENTATION_CONTEXT('2D SPACE',''
  ) );
#2613 = ORIENTED_EDGE('',*,*,#2614,.F.);
#2614 = EDGE_CURVE('',#2615,#2582,#2617,.T.);
#2615 = VERTEX_POINT('',#2616);
#2616 = CARTESIAN_POINT('',(-21.20055498494,37.5,225.64259674207));
#2617 = SURFACE_CURVE('',#2618,(#2623,#2630),.PCURVE_S1.);
#2618 = CIRCLE('',#2619,25.210790894703);
#2619 = AXIS2_PLACEMENT_3D('',#2620,#2621,#2622);
#2620 = CARTESIAN_POINT('',(0.,37.5,212.));
#2621 = DIRECTION('',(-0.,1.,1.110223024625E-16));
#2622 = DIRECTION('',(1.,0.,0.));
#2623 = PCURVE('',#326,#2624);
#2624 = DEFINITIONAL_REPRESENTATION('',(#2625),#2629);
#2625 = CIRCLE('',#2626,25.210790894703);
#2626 = AXIS2_PLACEMENT_2D('',#2627,#2628);
#2627 = CARTESIAN_POINT('',(2.412172678695E-15,0.));
#2628 = DIRECTION('',(1.,0.));
#2629 = ( GEOMETRIC_REPRESENTATION_CONTEXT(2) 
PARAMETRIC_REPRESENTATION_CONTEXT() REPRESENTATION_CONTEXT('2D SPACE',''
  ) );
#2630 = PCURVE('',#2631,#2636);
#2631 = CYLINDRICAL_SURFACE('',#2632,25.210790894703);
#2632 = AXIS2_PLACEMENT_3D('',#2633,#2634,#2635);
#2633 = CARTESIAN_POINT('',(0.,37.5,212.));
#2634 = DIRECTION('',(-0.,-1.,-1.110223024625E-16));
#2635 = DIRECTION('',(1.,0.,0.));
#2636 = DEFINITIONAL_REPRESENTATION('',(#2637),#2641);
#2637 = LINE('',#2638,#2639);
#2638 = CARTESIAN_POINT('',(-0.,0.));
#2639 = VECTOR('',#2640,1.);
#2640 = DIRECTION('',(-1.,0.));
#2641 = ( GEOMETRIC_REPRESENTATION_CONTEXT(2) 
PARAMETRIC_REPRESENTATION_CONTEXT() REPRESENTATION_CONTEXT('2D SPACE',''
  ) );
#2642 = ORIENTED_EDGE('',*,*,#2643,.F.);
#2643 = EDGE_CURVE('',#2644,#2615,#2646,.T.);
#2644 = VERTEX_POINT('',#2645);
#2645 = CARTESIAN_POINT('',(-21.78049325642,37.5,224.69622349532));
#2646 = SURFACE_CURVE('',#2647,(#2652,#2663),.PCURVE_S1.);
#2647 = CIRCLE('',#2648,0.555);
#2648 = AXIS2_PLACEMENT_3D('',#2649,#2650,#2651);
#2649 = CARTESIAN_POINT('',(-21.49573289195,37.5,225.17260205783));
#2650 = DIRECTION('',(0.,-1.,-1.110223024625E-16));
#2651 = DIRECTION('',(-0.852640164354,-5.800899368812E-17,0.522498564716
    ));
#2652 = PCURVE('',#326,#2653);
#2653 = DEFINITIONAL_REPRESENTATION('',(#2654),#2662);
#2654 = ( BOUNDED_CURVE() B_SPLINE_CURVE(2,(#2655,#2656,#2657,#2658,
#2659,#2660,#2661),.UNSPECIFIED.,.T.,.F.) B_SPLINE_CURVE_WITH_KNOTS((1,2
    ,2,2,2,1),(-2.094395102393,0.,2.094395102393,4.188790204786,
6.28318530718,8.377580409573),.UNSPECIFIED.) CURVE() 
GEOMETRIC_REPRESENTATION_ITEM() RATIONAL_B_SPLINE_CURVE((1.,0.5,1.,0.5,
1.,0.5,1.)) REPRESENTATION_ITEM('') );
#2655 = CARTESIAN_POINT('',(-21.96894818317,-13.46258876125));
#2656 = CARTESIAN_POINT('',(-22.47121988701,-12.64295583394));
#2657 = CARTESIAN_POINT('',(-21.51026109826,-12.61779224247));
#2658 = CARTESIAN_POINT('',(-20.54930230952,-12.592628651));
#2659 = CARTESIAN_POINT('',(-21.00798939442,-13.43742516978));
#2660 = CARTESIAN_POINT('',(-21.46667647933,-14.28222168855));
#2661 = CARTESIAN_POINT('',(-21.96894818317,-13.46258876125));
#2662 = ( GEOMETRIC_REPRESENTATION_CONTEXT(2) 
PARAMETRIC_REPRESENTATION_CONTEXT() REPRESENTATION_CONTEXT('2D SPACE',''
  ) );
#2663 = PCURVE('',#2664,#2669);
#2664 = CYLINDRICAL_SURFACE('',#2665,0.555);
#2665 = AXIS2_PLACEMENT_3D('',#2666,#2667,#2668);
#2666 = CARTESIAN_POINT('',(-21.49573289195,37.4,225.17260205783));
#2667 = DIRECTION('',(-0.,-1.,-1.110223024625E-16));
#2668 = DIRECTION('',(-0.852640164354,-5.800899368812E-17,0.522498564716
    ));
#2669 = DEFINITIONAL_REPRESENTATION('',(#2670),#2674);
#2670 = LINE('',#2671,#2672);
#2671 = CARTESIAN_POINT('',(-6.28318530718,-0.1));
#2672 = VECTOR('',#2673,1.);
#2673 = DIRECTION('',(1.,-0.));
#2674 = ( GEOMETRIC_REPRESENTATION_CONTEXT(2) 
PARAMETRIC_REPRESENTATION_CONTEXT() REPRESENTATION_CONTEXT('2D SPACE',''
  ) );
#2675 = ORIENTED_EDGE('',*,*,#2676,.F.);
#2676 = EDGE_CURVE('',#2677,#2644,#2679,.T.);
#2677 = VERTEX_POINT('',#2678);
#2678 = CARTESIAN_POINT('',(-22.20558655301,37.5,223.93716479625));
#2679 = SURFACE_CURVE('',#2680,(#2685,#2692),.PCURVE_S1.);
#2680 = CIRCLE('',#2681,25.210790894703);
#2681 = AXIS2_PLACEMENT_3D('',#2682,#2683,#2684);
#2682 = CARTESIAN_POINT('',(0.,37.5,212.));
#2683 = DIRECTION('',(-0.,1.,1.110223024625E-16));
#2684 = DIRECTION('',(1.,0.,0.));
#2685 = PCURVE('',#326,#2686);
#2686 = DEFINITIONAL_REPRESENTATION('',(#2687),#2691);
#2687 = CIRCLE('',#2688,25.210790894703);
#2688 = AXIS2_PLACEMENT_2D('',#2689,#2690);
#2689 = CARTESIAN_POINT('',(2.412172678695E-15,0.));
#2690 = DIRECTION('',(1.,0.));
#2691 = ( GEOMETRIC_REPRESENTATION_CONTEXT(2) 
PARAMETRIC_REPRESENTATION_CONTEXT() REPRESENTATION_CONTEXT('2D SPACE',''
  ) );
#2692 = PCURVE('',#2693,#2698);
#2693 = CYLINDRICAL_SURFACE('',#2694,25.210790894703);
#2694 = AXIS2_PLACEMENT_3D('',#2695,#2696,#2697);
#2695 = CARTESIAN_POINT('',(0.,37.5,212.));
#2696 = DIRECTION('',(-0.,-1.,-1.110223024625E-16));
#2697 = DIRECTION('',(1.,0.,0.));
#2698 = DEFINITIONAL_REPRESENTATION('',(#2699),#2703);
#2699 = LINE('',#2700,#2701);
#2700 = CARTESIAN_POINT('',(-0.,0.));
#2701 = VECTOR('',#2702,1.);
#2702 = DIRECTION('',(-1.,0.));
#2703 = ( GEOMETRIC_REPRESENTATION_CONTEXT(2) 
PARAMETRIC_REPRESENTATION_CONTEXT() REPRESENTATION_CONTEXT('2D SPACE',''
  ) );
#2704 = ORIENTED_EDGE('',*,*,#2705,.F.);
#2705 = EDGE_CURVE('',#2706,#2677,#2708,.T.);
#2706 = VERTEX_POINT('',#2707);
#2707 = CARTESIAN_POINT('',(-22.70948547919,37.5,222.94820747002));
#2708 = SURFACE_CURVE('',#2709,(#2714,#2725),.PCURVE_S1.);
#2709 = CIRCLE('',#2710,0.555);
#2710 = AXIS2_PLACEMENT_3D('',#2711,#2712,#2713);
#2711 = CARTESIAN_POINT('',(-22.46297916712,37.5,223.44545955711));
#2712 = DIRECTION('',(0.,-1.,-1.110223024625E-16));
#2713 = DIRECTION('',(-0.891006524188,-5.040307057719E-17,0.45399049974)
  );
#2714 = PCURVE('',#326,#2715);
#2715 = DEFINITIONAL_REPRESENTATION('',(#2716),#2724);
#2716 = ( BOUNDED_CURVE() B_SPLINE_CURVE(2,(#2717,#2718,#2719,#2720,
#2721,#2722,#2723),.UNSPECIFIED.,.T.,.F.) B_SPLINE_CURVE_WITH_KNOTS((1,2
    ,2,2,2,1),(-2.094395102393,0.,2.094395102393,4.188790204786,
6.28318530718,8.377580409573),.UNSPECIFIED.) CURVE() 
GEOMETRIC_REPRESENTATION_ITEM() RATIONAL_B_SPLINE_CURVE((1.,0.5,1.,0.5,
1.,0.5,1.)) REPRESENTATION_ITEM('') );
#2717 = CARTESIAN_POINT('',(-22.95748778805,-11.69742428447));
#2718 = CARTESIAN_POINT('',(-23.39390349754,-10.84091022824));
#2719 = CARTESIAN_POINT('',(-22.43393271141,-10.89122016532));
#2720 = CARTESIAN_POINT('',(-21.47396192528,-10.9415301024));
#2721 = CARTESIAN_POINT('',(-21.99751700192,-11.74773422154));
#2722 = CARTESIAN_POINT('',(-22.52107207855,-12.55393834069));
#2723 = CARTESIAN_POINT('',(-22.95748778805,-11.69742428447));
#2724 = ( GEOMETRIC_REPRESENTATION_CONTEXT(2) 
PARAMETRIC_REPRESENTATION_CONTEXT() REPRESENTATION_CONTEXT('2D SPACE',''
  ) );
#2725 = PCURVE('',#2726,#2731);
#2726 = CYLINDRICAL_SURFACE('',#2727,0.555);
#2727 = AXIS2_PLACEMENT_3D('',#2728,#2729,#2730);
#2728 = CARTESIAN_POINT('',(-22.46297916712,37.4,223.44545955711));
#2729 = DIRECTION('',(-0.,-1.,-1.110223024625E-16));
#2730 = DIRECTION('',(-0.891006524188,-5.040307057719E-17,0.45399049974)
  );
#2731 = DEFINITIONAL_REPRESENTATION('',(#2732),#2736);
#2732 = LINE('',#2733,#2734);
#2733 = CARTESIAN_POINT('',(-6.28318530718,-0.1));
#2734 = VECTOR('',#2735,1.);
#2735 = DIRECTION('',(1.,-0.));
#2736 = ( GEOMETRIC_REPRESENTATION_CONTEXT(2) 
PARAMETRIC_REPRESENTATION_CONTEXT() REPRESENTATION_CONTEXT('2D SPACE',''
  ) );
#2737 = ORIENTED_EDGE('',*,*,#2738,.F.);
#2738 = EDGE_CURVE('',#2739,#2706,#2741,.T.);
#2739 = VERTEX_POINT('',#2740);
#2740 = CARTESIAN_POINT('',(-23.07371329588,37.5,222.15813625996));
#2741 = SURFACE_CURVE('',#2742,(#2747,#2754),.PCURVE_S1.);
#2742 = CIRCLE('',#2743,25.210790894703);
#2743 = AXIS2_PLACEMENT_3D('',#2744,#2745,#2746);
#2744 = CARTESIAN_POINT('',(0.,37.5,212.));
#2745 = DIRECTION('',(-0.,1.,1.110223024625E-16));
#2746 = DIRECTION('',(1.,0.,0.));
#2747 = PCURVE('',#326,#2748);
#2748 = DEFINITIONAL_REPRESENTATION('',(#2749),#2753);
#2749 = CIRCLE('',#2750,25.210790894703);
#2750 = AXIS2_PLACEMENT_2D('',#2751,#2752);
#2751 = CARTESIAN_POINT('',(2.412172678695E-15,0.));
#2752 = DIRECTION('',(1.,0.));
#2753 = ( GEOMETRIC_REPRESENTATION_CONTEXT(2) 
PARAMETRIC_REPRESENTATION_CONTEXT() REPRESENTATION_CONTEXT('2D SPACE',''
  ) );
#2754 = PCURVE('',#2755,#2760);
#2755 = CYLINDRICAL_SURFACE('',#2756,25.210790894703);
#2756 = AXIS2_PLACEMENT_3D('',#2757,#2758,#2759);
#2757 = CARTESIAN_POINT('',(0.,37.5,212.));
#2758 = DIRECTION('',(-0.,-1.,-1.110223024625E-16));
#2759 = DIRECTION('',(1.,0.,0.));
#2760 = DEFINITIONAL_REPRESENTATION('',(#2761),#2765);
#2761 = LINE('',#2762,#2763);
#2762 = CARTESIAN_POINT('',(-0.,0.));
#2763 = VECTOR('',#2764,1.);
#2764 = DIRECTION('',(-1.,0.));
#2765 = ( GEOMETRIC_REPRESENTATION_CONTEXT(2) 
PARAMETRIC_REPRESENTATION_CONTEXT() REPRESENTATION_CONTEXT('2D SPACE',''
  ) );
#2766 = ORIENTED_EDGE('',*,*,#2767,.F.);
#2767 = EDGE_CURVE('',#2768,#2739,#2770,.T.);
#2768 = VERTEX_POINT('',#2769);
#2769 = CARTESIAN_POINT('',(-23.4984661723,37.5,221.13269210503));
#2770 = SURFACE_CURVE('',#2771,(#2776,#2787),.PCURVE_S1.);
#2771 = CIRCLE('',#2772,0.555);
#2772 = AXIS2_PLACEMENT_3D('',#2773,#2774,#2775);
#2773 = CARTESIAN_POINT('',(-23.29173370603,37.5,221.64775199222));
#2774 = DIRECTION('',(0.,-1.,-1.110223024625E-16));
#2775 = DIRECTION('',(-0.923879532511,-4.248639577543E-17,0.382683432365
    ));
#2776 = PCURVE('',#326,#2777);
#2777 = DEFINITIONAL_REPRESENTATION('',(#2778),#2786);
#2778 = ( BOUNDED_CURVE() B_SPLINE_CURVE(2,(#2779,#2780,#2781,#2782,
#2783,#2784,#2785),.UNSPECIFIED.,.T.,.F.) B_SPLINE_CURVE_WITH_KNOTS((1,2
    ,2,2,2,1),(-2.094395102393,0.,2.094395102393,4.188790204786,
6.28318530718,8.377580409573),.UNSPECIFIED.) CURVE() 
GEOMETRIC_REPRESENTATION_ITEM() RATIONAL_B_SPLINE_CURVE((1.,0.5,1.,0.5,
1.,0.5,1.)) REPRESENTATION_ITEM('') );
#2779 = CARTESIAN_POINT('',(-23.80448684658,-9.860141297186));
#2780 = CARTESIAN_POINT('',(-24.17235591376,-8.972026806024));
#2781 = CARTESIAN_POINT('',(-23.21929166935,-9.097500094161));
#2782 = CARTESIAN_POINT('',(-22.26622742495,-9.222973382298));
#2783 = CARTESIAN_POINT('',(-22.85142260217,-9.985614585323));
#2784 = CARTESIAN_POINT('',(-23.4366177794,-10.74825578834));
#2785 = CARTESIAN_POINT('',(-23.80448684658,-9.860141297186));
#2786 = ( GEOMETRIC_REPRESENTATION_CONTEXT(2) 
PARAMETRIC_REPRESENTATION_CONTEXT() REPRESENTATION_CONTEXT('2D SPACE',''
  ) );
#2787 = PCURVE('',#2788,#2793);
#2788 = CYLINDRICAL_SURFACE('',#2789,0.555);
#2789 = AXIS2_PLACEMENT_3D('',#2790,#2791,#2792);
#2790 = CARTESIAN_POINT('',(-23.29173370603,37.4,221.64775199222));
#2791 = DIRECTION('',(-0.,-1.,-1.110223024625E-16));
#2792 = DIRECTION('',(-0.923879532511,-4.248639577543E-17,0.382683432365
    ));
#2793 = DEFINITIONAL_REPRESENTATION('',(#2794),#2798);
#2794 = LINE('',#2795,#2796);
#2795 = CARTESIAN_POINT('',(-6.28318530718,-0.1));
#2796 = VECTOR('',#2797,1.);
#2797 = DIRECTION('',(1.,-0.));
#2798 = ( GEOMETRIC_REPRESENTATION_CONTEXT(2) 
PARAMETRIC_REPRESENTATION_CONTEXT() REPRESENTATION_CONTEXT('2D SPACE',''
  ) );
#2799 = ORIENTED_EDGE('',*,*,#2800,.F.);
#2800 = EDGE_CURVE('',#2801,#2768,#2803,.T.);
#2801 = VERTEX_POINT('',#2802);
#2802 = CARTESIAN_POINT('',(-23.79958292348,37.5,220.3164794357));
#2803 = SURFACE_CURVE('',#2804,(#2809,#2816),.PCURVE_S1.);
#2804 = CIRCLE('',#2805,25.210790894703);
#2805 = AXIS2_PLACEMENT_3D('',#2806,#2807,#2808);
#2806 = CARTESIAN_POINT('',(0.,37.5,212.));
#2807 = DIRECTION('',(-0.,1.,1.110223024625E-16));
#2808 = DIRECTION('',(1.,0.,0.));
#2809 = PCURVE('',#326,#2810);
#2810 = DEFINITIONAL_REPRESENTATION('',(#2811),#2815);
#2811 = CIRCLE('',#2812,25.210790894703);
#2812 = AXIS2_PLACEMENT_2D('',#2813,#2814);
#2813 = CARTESIAN_POINT('',(2.412172678695E-15,0.));
#2814 = DIRECTION('',(1.,0.));
#2815 = ( GEOMETRIC_REPRESENTATION_CONTEXT(2) 
PARAMETRIC_REPRESENTATION_CONTEXT() REPRESENTATION_CONTEXT('2D SPACE',''
  ) );
#2816 = PCURVE('',#2817,#2822);
#2817 = CYLINDRICAL_SURFACE('',#2818,25.210790894703);
#2818 = AXIS2_PLACEMENT_3D('',#2819,#2820,#2821);
#2819 = CARTESIAN_POINT('',(0.,37.5,212.));
#2820 = DIRECTION('',(-0.,-1.,-1.110223024625E-16));
#2821 = DIRECTION('',(1.,0.,0.));
#2822 = DEFINITIONAL_REPRESENTATION('',(#2823),#2827);
#2823 = LINE('',#2824,#2825);
#2824 = CARTESIAN_POINT('',(-0.,0.));
#2825 = VECTOR('',#2826,1.);
#2826 = DIRECTION('',(-1.,0.));
#2827 = ( GEOMETRIC_REPRESENTATION_CONTEXT(2) 
PARAMETRIC_REPRESENTATION_CONTEXT() REPRESENTATION_CONTEXT('2D SPACE',''
  ) );
#2828 = ORIENTED_EDGE('',*,*,#2829,.F.);
#2829 = EDGE_CURVE('',#2830,#2801,#2832,.T.);
#2830 = VERTEX_POINT('',#2831);
#2831 = CARTESIAN_POINT('',(-24.14257100743,37.5,219.26087065628));
#2832 = SURFACE_CURVE('',#2833,(#2838,#2849),.PCURVE_S1.);
#2833 = CIRCLE('',#2834,0.555);
#2834 = AXIS2_PLACEMENT_3D('',#2835,#2836,#2837);
#2835 = CARTESIAN_POINT('',(-23.97688696136,37.5,219.79056282809));
#2836 = DIRECTION('',(0.,-1.,-1.110223024625E-16));
#2837 = DIRECTION('',(-0.951056516295,-3.430777821555E-17,0.309016994375
    ));
#2838 = PCURVE('',#326,#2839);
#2839 = DEFINITIONAL_REPRESENTATION('',(#2840),#2848);
#2840 = ( BOUNDED_CURVE() B_SPLINE_CURVE(2,(#2841,#2842,#2843,#2844,
#2845,#2846,#2847),.UNSPECIFIED.,.T.,.F.) B_SPLINE_CURVE_WITH_KNOTS((1,2
    ,2,2,2,1),(-2.094395102393,0.,2.094395102393,4.188790204786,
6.28318530718,8.377580409573),.UNSPECIFIED.) CURVE() 
GEOMETRIC_REPRESENTATION_ITEM() RATIONAL_B_SPLINE_CURVE((1.,0.5,1.,0.5,
1.,0.5,1.)) REPRESENTATION_ITEM('') );
#2841 = CARTESIAN_POINT('',(-24.5047233279,-7.962067259975));
#2842 = CARTESIAN_POINT('',(-24.80177771764,-7.047827855038));
#2843 = CARTESIAN_POINT('',(-23.86149597295,-7.247690909689));
#2844 = CARTESIAN_POINT('',(-22.92121422827,-7.44755396434));
#2845 = CARTESIAN_POINT('',(-23.56444158322,-8.161930314626));
#2846 = CARTESIAN_POINT('',(-24.20766893817,-8.876306664911));
#2847 = CARTESIAN_POINT('',(-24.5047233279,-7.962067259975));
#2848 = ( GEOMETRIC_REPRESENTATION_CONTEXT(2) 
PARAMETRIC_REPRESENTATION_CONTEXT() REPRESENTATION_CONTEXT('2D SPACE',''
  ) );
#2849 = PCURVE('',#2850,#2855);
#2850 = CYLINDRICAL_SURFACE('',#2851,0.555);
#2851 = AXIS2_PLACEMENT_3D('',#2852,#2853,#2854);
#2852 = CARTESIAN_POINT('',(-23.97688696136,37.4,219.79056282809));
#2853 = DIRECTION('',(-0.,-1.,-1.110223024625E-16));
#2854 = DIRECTION('',(-0.951056516295,-3.430777821555E-17,0.309016994375
    ));
#2855 = DEFINITIONAL_REPRESENTATION('',(#2856),#2860);
#2856 = LINE('',#2857,#2858);
#2857 = CARTESIAN_POINT('',(-6.28318530718,-0.1));
#2858 = VECTOR('',#2859,1.);
#2859 = DIRECTION('',(1.,-0.));
#2860 = ( GEOMETRIC_REPRESENTATION_CONTEXT(2) 
PARAMETRIC_REPRESENTATION_CONTEXT() REPRESENTATION_CONTEXT('2D SPACE',''
  ) );
#2861 = ORIENTED_EDGE('',*,*,#2862,.F.);
#2862 = EDGE_CURVE('',#2863,#2830,#2865,.T.);
#2863 = VERTEX_POINT('',#2864);
#2864 = CARTESIAN_POINT('',(-24.3787202082,37.5,218.4235487502));
#2865 = SURFACE_CURVE('',#2866,(#2871,#2878),.PCURVE_S1.);
#2866 = CIRCLE('',#2867,25.210790894703);
#2867 = AXIS2_PLACEMENT_3D('',#2868,#2869,#2870);
#2868 = CARTESIAN_POINT('',(0.,37.5,212.));
#2869 = DIRECTION('',(-0.,1.,1.110223024625E-16));
#2870 = DIRECTION('',(1.,0.,0.));
#2871 = PCURVE('',#326,#2872);
#2872 = DEFINITIONAL_REPRESENTATION('',(#2873),#2877);
#2873 = CIRCLE('',#2874,25.210790894703);
#2874 = AXIS2_PLACEMENT_2D('',#2875,#2876);
#2875 = CARTESIAN_POINT('',(2.412172678695E-15,0.));
#2876 = DIRECTION('',(1.,0.));
#2877 = ( GEOMETRIC_REPRESENTATION_CONTEXT(2) 
PARAMETRIC_REPRESENTATION_CONTEXT() REPRESENTATION_CONTEXT('2D SPACE',''
  ) );
#2878 = PCURVE('',#2879,#2884);
#2879 = CYLINDRICAL_SURFACE('',#2880,25.210790894703);
#2880 = AXIS2_PLACEMENT_3D('',#2881,#2882,#2883);
#2881 = CARTESIAN_POINT('',(0.,37.5,212.));
#2882 = DIRECTION('',(-0.,-1.,-1.110223024625E-16));
#2883 = DIRECTION('',(1.,0.,0.));
#2884 = DEFINITIONAL_REPRESENTATION('',(#2885),#2889);
#2885 = LINE('',#2886,#2887);
#2886 = CARTESIAN_POINT('',(-0.,0.));
#2887 = VECTOR('',#2888,1.);
#2888 = DIRECTION('',(-1.,0.));
#2889 = ( GEOMETRIC_REPRESENTATION_CONTEXT(2) 
PARAMETRIC_REPRESENTATION_CONTEXT() REPRESENTATION_CONTEXT('2D SPACE',''
  ) );
#2890 = ORIENTED_EDGE('',*,*,#2891,.F.);
#2891 = EDGE_CURVE('',#2892,#2863,#2894,.T.);
#2892 = VERTEX_POINT('',#2893);
#2893 = CARTESIAN_POINT('',(-24.63782886408,37.5,217.34428352545));
#2894 = SURFACE_CURVE('',#2895,(#2900,#2911),.PCURVE_S1.);
#2895 = CIRCLE('',#2896,0.555);
#2896 = AXIS2_PLACEMENT_3D('',#2897,#2898,#2899);
#2897 = CARTESIAN_POINT('',(-24.51421473544,37.5,217.8853422535));
#2898 = DIRECTION('',(0.,-1.,-1.110223024625E-16));
#2899 = DIRECTION('',(-0.972369920398,-2.591764179448E-17,0.233445363856
    ));
#2900 = PCURVE('',#326,#2901);
#2901 = DEFINITIONAL_REPRESENTATION('',(#2902),#2910);
#2902 = ( BOUNDED_CURVE() B_SPLINE_CURVE(2,(#2903,#2904,#2905,#2906,
#2907,#2908,#2909),.UNSPECIFIED.,.T.,.F.) B_SPLINE_CURVE_WITH_KNOTS((1,2
    ,2,2,2,1),(-2.094395102393,0.,2.094395102393,4.188790204786,
6.28318530718,8.377580409573),.UNSPECIFIED.) CURVE() 
GEOMETRIC_REPRESENTATION_ITEM() RATIONAL_B_SPLINE_CURVE((1.,0.5,1.,0.5,
1.,0.5,1.)) REPRESENTATION_ITEM('') );
#2903 = CARTESIAN_POINT('',(-25.05388004126,-6.014904430449));
#2904 = CARTESIAN_POINT('',(-25.27828831446,-5.080176701686));
#2905 = CARTESIAN_POINT('',(-24.35658621913,-5.353197300657));
#2906 = CARTESIAN_POINT('',(-23.4348841238,-5.626217899629));
#2907 = CARTESIAN_POINT('',(-24.13217794593,-6.287925029421));
#2908 = CARTESIAN_POINT('',(-24.82947176806,-6.949632159213));
#2909 = CARTESIAN_POINT('',(-25.05388004126,-6.014904430449));
#2910 = ( GEOMETRIC_REPRESENTATION_CONTEXT(2) 
PARAMETRIC_REPRESENTATION_CONTEXT() REPRESENTATION_CONTEXT('2D SPACE',''
  ) );
#2911 = PCURVE('',#2912,#2917);
#2912 = CYLINDRICAL_SURFACE('',#2913,0.555);
#2913 = AXIS2_PLACEMENT_3D('',#2914,#2915,#2916);
#2914 = CARTESIAN_POINT('',(-24.51421473544,37.4,217.8853422535));
#2915 = DIRECTION('',(-0.,-1.,-1.110223024625E-16));
#2916 = DIRECTION('',(-0.972369920398,-2.591764179448E-17,0.233445363856
    ));
#2917 = DEFINITIONAL_REPRESENTATION('',(#2918),#2922);
#2918 = LINE('',#2919,#2920);
#2919 = CARTESIAN_POINT('',(-6.28318530718,-0.1));
#2920 = VECTOR('',#2921,1.);
#2921 = DIRECTION('',(1.,-0.));
#2922 = ( GEOMETRIC_REPRESENTATION_CONTEXT(2) 
PARAMETRIC_REPRESENTATION_CONTEXT() REPRESENTATION_CONTEXT('2D SPACE',''
  ) );
#2923 = ORIENTED_EDGE('',*,*,#2924,.F.);
#2924 = EDGE_CURVE('',#2925,#2892,#2927,.T.);
#2925 = VERTEX_POINT('',#2926);
#2926 = CARTESIAN_POINT('',(-24.80755457609,37.5,216.49101475062));
#2927 = SURFACE_CURVE('',#2928,(#2933,#2940),.PCURVE_S1.);
#2928 = CIRCLE('',#2929,25.210790894703);
#2929 = AXIS2_PLACEMENT_3D('',#2930,#2931,#2932);
#2930 = CARTESIAN_POINT('',(0.,37.5,212.));
#2931 = DIRECTION('',(-0.,1.,1.110223024625E-16));
#2932 = DIRECTION('',(1.,0.,0.));
#2933 = PCURVE('',#326,#2934);
#2934 = DEFINITIONAL_REPRESENTATION('',(#2935),#2939);
#2935 = CIRCLE('',#2936,25.210790894703);
#2936 = AXIS2_PLACEMENT_2D('',#2937,#2938);
#2937 = CARTESIAN_POINT('',(2.412172678695E-15,0.));
#2938 = DIRECTION('',(1.,0.));
#2939 = ( GEOMETRIC_REPRESENTATION_CONTEXT(2) 
PARAMETRIC_REPRESENTATION_CONTEXT() REPRESENTATION_CONTEXT('2D SPACE',''
  ) );
#2940 = PCURVE('',#2941,#2946);
#2941 = CYLINDRICAL_SURFACE('',#2942,25.210790894703);
#2942 = AXIS2_PLACEMENT_3D('',#2943,#2944,#2945);
#2943 = CARTESIAN_POINT('',(0.,37.5,212.));
#2944 = DIRECTION('',(-0.,-1.,-1.110223024625E-16));
#2945 = DIRECTION('',(1.,0.,0.));
#2946 = DEFINITIONAL_REPRESENTATION('',(#2947),#2951);
#2947 = LINE('',#2948,#2949);
#2948 = CARTESIAN_POINT('',(-0.,0.));
#2949 = VECTOR('',#2950,1.);
#2950 = DIRECTION('',(-1.,0.));
#2951 = ( GEOMETRIC_REPRESENTATION_CONTEXT(2) 
PARAMETRIC_REPRESENTATION_CONTEXT() REPRESENTATION_CONTEXT('2D SPACE',''
  ) );
#2952 = ORIENTED_EDGE('',*,*,#2953,.F.);
#2953 = EDGE_CURVE('',#2954,#2925,#2956,.T.);
#2954 = VERTEX_POINT('',#2955);
#2955 = CARTESIAN_POINT('',(-24.98118631287,37.5,215.39474710954));
#2956 = SURFACE_CURVE('',#2957,(#2962,#2973),.PCURVE_S1.);
#2957 = CIRCLE('',#2958,0.555);
#2958 = AXIS2_PLACEMENT_3D('',#2959,#2960,#2961);
#2959 = CARTESIAN_POINT('',(-24.90040422388,37.5,215.94383658685));
#2960 = DIRECTION('',(0.,-1.,-1.110223024625E-16));
#2961 = DIRECTION('',(-0.987688340595,-1.736771449326E-17,0.15643446504)
  );
#2962 = PCURVE('',#326,#2963);
#2963 = DEFINITIONAL_REPRESENTATION('',(#2964),#2972);
#2964 = ( BOUNDED_CURVE() B_SPLINE_CURVE(2,(#2965,#2966,#2967,#2968,
#2969,#2970,#2971),.UNSPECIFIED.,.T.,.F.) B_SPLINE_CURVE_WITH_KNOTS((1,2
    ,2,2,2,1),(-2.094395102393,0.,2.094395102393,4.188790204786,
6.28318530718,8.377580409573),.UNSPECIFIED.) CURVE() 
GEOMETRIC_REPRESENTATION_ITEM() RATIONAL_B_SPLINE_CURVE((1.,0.5,1.,0.5,
1.,0.5,1.)) REPRESENTATION_ITEM('') );
#2965 = CARTESIAN_POINT('',(-25.44857125291,-4.030657714951));
#2966 = CARTESIAN_POINT('',(-25.59894985794,-3.081204569637));
#2967 = CARTESIAN_POINT('',(-24.70151001188,-3.425699450148));
#2968 = CARTESIAN_POINT('',(-23.80407016582,-3.770194330659));
#2969 = CARTESIAN_POINT('',(-24.55113140684,-4.375152595463));
#2970 = CARTESIAN_POINT('',(-25.29819264787,-4.980110860266));
#2971 = CARTESIAN_POINT('',(-25.44857125291,-4.030657714951));
#2972 = ( GEOMETRIC_REPRESENTATION_CONTEXT(2) 
PARAMETRIC_REPRESENTATION_CONTEXT() REPRESENTATION_CONTEXT('2D SPACE',''
  ) );
#2973 = PCURVE('',#2974,#2979);
#2974 = CYLINDRICAL_SURFACE('',#2975,0.555);
#2975 = AXIS2_PLACEMENT_3D('',#2976,#2977,#2978);
#2976 = CARTESIAN_POINT('',(-24.90040422388,37.4,215.94383658685));
#2977 = DIRECTION('',(-0.,-1.,-1.110223024625E-16));
#2978 = DIRECTION('',(-0.987688340595,-1.736771449326E-17,0.15643446504)
  );
#2979 = DEFINITIONAL_REPRESENTATION('',(#2980),#2984);
#2980 = LINE('',#2981,#2982);
#2981 = CARTESIAN_POINT('',(-6.28318530718,-0.1));
#2982 = VECTOR('',#2983,1.);
#2983 = DIRECTION('',(1.,-0.));
#2984 = ( GEOMETRIC_REPRESENTATION_CONTEXT(2) 
PARAMETRIC_REPRESENTATION_CONTEXT() REPRESENTATION_CONTEXT('2D SPACE',''
  ) );
#2985 = ORIENTED_EDGE('',*,*,#2986,.F.);
#2986 = EDGE_CURVE('',#2987,#2954,#2989,.T.);
#2987 = VERTEX_POINT('',#2988);
#2988 = CARTESIAN_POINT('',(-25.08344212067,37.5,214.53079215168));
#2989 = SURFACE_CURVE('',#2990,(#2995,#3002),.PCURVE_S1.);
#2990 = CIRCLE('',#2991,25.210790894703);
#2991 = AXIS2_PLACEMENT_3D('',#2992,#2993,#2994);
#2992 = CARTESIAN_POINT('',(0.,37.5,212.));
#2993 = DIRECTION('',(-0.,1.,1.110223024625E-16));
#2994 = DIRECTION('',(1.,0.,0.));
#2995 = PCURVE('',#326,#2996);
#2996 = DEFINITIONAL_REPRESENTATION('',(#2997),#3001);
#2997 = CIRCLE('',#2998,25.210790894703);
#2998 = AXIS2_PLACEMENT_2D('',#2999,#3000);
#2999 = CARTESIAN_POINT('',(2.412172678695E-15,0.));
#3000 = DIRECTION('',(1.,0.));
#3001 = ( GEOMETRIC_REPRESENTATION_CONTEXT(2) 
PARAMETRIC_REPRESENTATION_CONTEXT() REPRESENTATION_CONTEXT('2D SPACE',''
  ) );
#3002 = PCURVE('',#3003,#3008);
#3003 = CYLINDRICAL_SURFACE('',#3004,25.210790894703);
#3004 = AXIS2_PLACEMENT_3D('',#3005,#3006,#3007);
#3005 = CARTESIAN_POINT('',(0.,37.5,212.));
#3006 = DIRECTION('',(-0.,-1.,-1.110223024625E-16));
#3007 = DIRECTION('',(1.,0.,0.));
#3008 = DEFINITIONAL_REPRESENTATION('',(#3009),#3013);
#3009 = LINE('',#3010,#3011);
#3010 = CARTESIAN_POINT('',(-0.,0.));
#3011 = VECTOR('',#3012,1.);
#3012 = DIRECTION('',(-1.,0.));
#3013 = ( GEOMETRIC_REPRESENTATION_CONTEXT(2) 
PARAMETRIC_REPRESENTATION_CONTEXT() REPRESENTATION_CONTEXT('2D SPACE',''
  ) );
#3014 = ORIENTED_EDGE('',*,*,#3015,.F.);
#3015 = EDGE_CURVE('',#3016,#2987,#3018,.T.);
#3016 = VERTEX_POINT('',#3017);
#3017 = CARTESIAN_POINT('',(-25.17052644096,37.5,213.42428094882));
#3018 = SURFACE_CURVE('',#3019,(#3024,#3035),.PCURVE_S1.);
#3019 = CIRCLE('',#3020,0.555);
#3020 = AXIS2_PLACEMENT_3D('',#3021,#3022,#3023);
#3021 = CARTESIAN_POINT('',(-25.13307444005,37.5,213.97801585618));
#3022 = DIRECTION('',(0.,-1.,-1.110223024625E-16));
#3023 = DIRECTION('',(-0.996917333733,-8.710709456832E-18,
    7.845909572784E-02));
#3024 = PCURVE('',#326,#3025);
#3025 = DEFINITIONAL_REPRESENTATION('',(#3026),#3034);
#3026 = ( BOUNDED_CURVE() B_SPLINE_CURVE(2,(#3027,#3028,#3029,#3030,
#3031,#3032,#3033),.UNSPECIFIED.,.T.,.F.) B_SPLINE_CURVE_WITH_KNOTS((1,2
    ,2,2,2,1),(-2.094395102393,0.,2.094395102393,4.188790204786,
6.28318530718,8.377580409573),.UNSPECIFIED.) CURVE() 
GEOMETRIC_REPRESENTATION_ITEM() RATIONAL_B_SPLINE_CURVE((1.,0.5,1.,0.5,
1.,0.5,1.)) REPRESENTATION_ITEM('') );
#3027 = CARTESIAN_POINT('',(-25.68636356027,-2.021560654311));
#3028 = CARTESIAN_POINT('',(-25.76178536303,-1.063235786812));
#3029 = CARTESIAN_POINT('',(-24.89414078132,-1.477081023368));
#3030 = CARTESIAN_POINT('',(-24.0264961996,-1.890926259924));
#3031 = CARTESIAN_POINT('',(-24.81871897855,-2.435405890867));
#3032 = CARTESIAN_POINT('',(-25.6109417575,-2.979885521811));
#3033 = CARTESIAN_POINT('',(-25.68636356027,-2.021560654311));
#3034 = ( GEOMETRIC_REPRESENTATION_CONTEXT(2) 
PARAMETRIC_REPRESENTATION_CONTEXT() REPRESENTATION_CONTEXT('2D SPACE',''
  ) );
#3035 = PCURVE('',#3036,#3041);
#3036 = CYLINDRICAL_SURFACE('',#3037,0.555);
#3037 = AXIS2_PLACEMENT_3D('',#3038,#3039,#3040);
#3038 = CARTESIAN_POINT('',(-25.13307444005,37.4,213.97801585618));
#3039 = DIRECTION('',(-0.,-1.,-1.110223024625E-16));
#3040 = DIRECTION('',(-0.996917333733,-8.710709456832E-18,
    7.845909572784E-02));
#3041 = DEFINITIONAL_REPRESENTATION('',(#3042),#3046);
#3042 = LINE('',#3043,#3044);
#3043 = CARTESIAN_POINT('',(-6.28318530718,-0.1));
#3044 = VECTOR('',#3045,1.);
#3045 = DIRECTION('',(1.,-0.));
#3046 = ( GEOMETRIC_REPRESENTATION_CONTEXT(2) 
PARAMETRIC_REPRESENTATION_CONTEXT() REPRESENTATION_CONTEXT('2D SPACE',''
  ) );
#3047 = ORIENTED_EDGE('',*,*,#3048,.F.);
#3048 = EDGE_CURVE('',#3049,#3016,#3051,.T.);
#3049 = VERTEX_POINT('',#3050);
#3050 = CARTESIAN_POINT('',(-25.20468190349,37.5,212.55496637756));
#3051 = SURFACE_CURVE('',#3052,(#3057,#3064),.PCURVE_S1.);
#3052 = CIRCLE('',#3053,25.210790894703);
#3053 = AXIS2_PLACEMENT_3D('',#3054,#3055,#3056);
#3054 = CARTESIAN_POINT('',(0.,37.5,212.));
#3055 = DIRECTION('',(-0.,1.,1.110223024625E-16));
#3056 = DIRECTION('',(1.,0.,0.));
#3057 = PCURVE('',#326,#3058);
#3058 = DEFINITIONAL_REPRESENTATION('',(#3059),#3063);
#3059 = CIRCLE('',#3060,25.210790894703);
#3060 = AXIS2_PLACEMENT_2D('',#3061,#3062);
#3061 = CARTESIAN_POINT('',(2.412172678695E-15,0.));
#3062 = DIRECTION('',(1.,0.));
#3063 = ( GEOMETRIC_REPRESENTATION_CONTEXT(2) 
PARAMETRIC_REPRESENTATION_CONTEXT() REPRESENTATION_CONTEXT('2D SPACE',''
  ) );
#3064 = PCURVE('',#3065,#3070);
#3065 = CYLINDRICAL_SURFACE('',#3066,25.210790894703);
#3066 = AXIS2_PLACEMENT_3D('',#3067,#3068,#3069);
#3067 = CARTESIAN_POINT('',(0.,37.5,212.));
#3068 = DIRECTION('',(-0.,-1.,-1.110223024625E-16));
#3069 = DIRECTION('',(1.,0.,0.));
#3070 = DEFINITIONAL_REPRESENTATION('',(#3071),#3075);
#3071 = LINE('',#3072,#3073);
#3072 = CARTESIAN_POINT('',(-0.,0.));
#3073 = VECTOR('',#3074,1.);
#3074 = DIRECTION('',(-1.,0.));
#3075 = ( GEOMETRIC_REPRESENTATION_CONTEXT(2) 
PARAMETRIC_REPRESENTATION_CONTEXT() REPRESENTATION_CONTEXT('2D SPACE',''
  ) );
#3076 = ORIENTED_EDGE('',*,*,#3077,.F.);
#3077 = EDGE_CURVE('',#3078,#3049,#3080,.T.);
#3078 = VERTEX_POINT('',#3079);
#3079 = CARTESIAN_POINT('',(-25.20468190349,37.5,211.44503362243));
#3080 = SURFACE_CURVE('',#3081,(#3086,#3097),.PCURVE_S1.);
#3081 = CIRCLE('',#3082,0.555);
#3082 = AXIS2_PLACEMENT_3D('',#3083,#3084,#3085);
#3083 = CARTESIAN_POINT('',(-25.2107908947,37.5,212.));
#3084 = DIRECTION('',(0.,-1.,-1.110223024625E-16));
#3085 = DIRECTION('',(-1.,1.359631073447E-32,-1.224646799147E-16));
#3086 = PCURVE('',#326,#3087);
#3087 = DEFINITIONAL_REPRESENTATION('',(#3088),#3096);
#3088 = ( BOUNDED_CURVE() B_SPLINE_CURVE(2,(#3089,#3090,#3091,#3092,
#3093,#3094,#3095),.UNSPECIFIED.,.T.,.F.) B_SPLINE_CURVE_WITH_KNOTS((1,2
    ,2,2,2,1),(-2.094395102393,0.,2.094395102393,4.188790204786,
6.28318530718,8.377580409573),.UNSPECIFIED.) CURVE() 
GEOMETRIC_REPRESENTATION_ITEM() RATIONAL_B_SPLINE_CURVE((1.,0.5,1.,0.5,
1.,0.5,1.)) REPRESENTATION_ITEM('') );
#3089 = CARTESIAN_POINT('',(-25.7657908947,6.796789735268E-17));
#3090 = CARTESIAN_POINT('',(-25.7657908947,0.961288198201));
#3091 = CARTESIAN_POINT('',(-24.9332908947,0.4806440991));
#3092 = CARTESIAN_POINT('',(-24.1007908947,0.));
#3093 = CARTESIAN_POINT('',(-24.9332908947,-0.4806440991));
#3094 = CARTESIAN_POINT('',(-25.7657908947,-0.961288198201));
#3095 = CARTESIAN_POINT('',(-25.7657908947,6.796789735268E-17));
#3096 = ( GEOMETRIC_REPRESENTATION_CONTEXT(2) 
PARAMETRIC_REPRESENTATION_CONTEXT() REPRESENTATION_CONTEXT('2D SPACE',''
  ) );
#3097 = PCURVE('',#3098,#3103);
#3098 = CYLINDRICAL_SURFACE('',#3099,0.555);
#3099 = AXIS2_PLACEMENT_3D('',#3100,#3101,#3102);
#3100 = CARTESIAN_POINT('',(-25.2107908947,37.4,212.));
#3101 = DIRECTION('',(-0.,-1.,-1.110223024625E-16));
#3102 = DIRECTION('',(-1.,1.359631073447E-32,-1.224646799147E-16));
#3103 = DEFINITIONAL_REPRESENTATION('',(#3104),#3108);
#3104 = LINE('',#3105,#3106);
#3105 = CARTESIAN_POINT('',(-6.28318530718,-0.1));
#3106 = VECTOR('',#3107,1.);
#3107 = DIRECTION('',(1.,-0.));
#3108 = ( GEOMETRIC_REPRESENTATION_CONTEXT(2) 
PARAMETRIC_REPRESENTATION_CONTEXT() REPRESENTATION_CONTEXT('2D SPACE',''
  ) );
#3109 = ORIENTED_EDGE('',*,*,#3110,.F.);
#3110 = EDGE_CURVE('',#3111,#3078,#3113,.T.);
#3111 = VERTEX_POINT('',#3112);
#3112 = CARTESIAN_POINT('',(-25.17052644096,37.5,210.57571905117));
#3113 = SURFACE_CURVE('',#3114,(#3119,#3126),.PCURVE_S1.);
#3114 = CIRCLE('',#3115,25.210790894703);
#3115 = AXIS2_PLACEMENT_3D('',#3116,#3117,#3118);
#3116 = CARTESIAN_POINT('',(0.,37.5,212.));
#3117 = DIRECTION('',(-0.,1.,1.110223024625E-16));
#3118 = DIRECTION('',(1.,0.,0.));
#3119 = PCURVE('',#326,#3120);
#3120 = DEFINITIONAL_REPRESENTATION('',(#3121),#3125);
#3121 = CIRCLE('',#3122,25.210790894703);
#3122 = AXIS2_PLACEMENT_2D('',#3123,#3124);
#3123 = CARTESIAN_POINT('',(2.412172678695E-15,0.));
#3124 = DIRECTION('',(1.,0.));
#3125 = ( GEOMETRIC_REPRESENTATION_CONTEXT(2) 
PARAMETRIC_REPRESENTATION_CONTEXT() REPRESENTATION_CONTEXT('2D SPACE',''
  ) );
#3126 = PCURVE('',#3127,#3132);
#3127 = CYLINDRICAL_SURFACE('',#3128,25.210790894703);
#3128 = AXIS2_PLACEMENT_3D('',#3129,#3130,#3131);
#3129 = CARTESIAN_POINT('',(0.,37.5,212.));
#3130 = DIRECTION('',(-0.,-1.,-1.110223024625E-16));
#3131 = DIRECTION('',(1.,0.,0.));
#3132 = DEFINITIONAL_REPRESENTATION('',(#3133),#3137);
#3133 = LINE('',#3134,#3135);
#3134 = CARTESIAN_POINT('',(-0.,0.));
#3135 = VECTOR('',#3136,1.);
#3136 = DIRECTION('',(-1.,0.));
#3137 = ( GEOMETRIC_REPRESENTATION_CONTEXT(2) 
PARAMETRIC_REPRESENTATION_CONTEXT() REPRESENTATION_CONTEXT('2D SPACE',''
  ) );
#3138 = ORIENTED_EDGE('',*,*,#3139,.F.);
#3139 = EDGE_CURVE('',#3140,#3111,#3142,.T.);
#3140 = VERTEX_POINT('',#3141);
#3141 = CARTESIAN_POINT('',(-25.08344212067,37.5,209.46920784831));
#3142 = SURFACE_CURVE('',#3143,(#3148,#3159),.PCURVE_S1.);
#3143 = CIRCLE('',#3144,0.555);
#3144 = AXIS2_PLACEMENT_3D('',#3145,#3146,#3147);
#3145 = CARTESIAN_POINT('',(-25.13307444005,37.5,210.02198414381));
#3146 = DIRECTION('',(0.,-1.,-1.110223024625E-16));
#3147 = DIRECTION('',(-0.996917333733,8.710709456832E-18,
    -7.845909572785E-02));
#3148 = PCURVE('',#326,#3149);
#3149 = DEFINITIONAL_REPRESENTATION('',(#3150),#3158);
#3150 = ( BOUNDED_CURVE() B_SPLINE_CURVE(2,(#3151,#3152,#3153,#3154,
#3155,#3156,#3157),.UNSPECIFIED.,.T.,.F.) B_SPLINE_CURVE_WITH_KNOTS((1,2
    ,2,2,2,1),(-2.094395102393,0.,2.094395102393,4.188790204786,
6.28318530718,8.377580409573),.UNSPECIFIED.) CURVE() 
GEOMETRIC_REPRESENTATION_ITEM() RATIONAL_B_SPLINE_CURVE((1.,0.5,1.,0.5,
1.,0.5,1.)) REPRESENTATION_ITEM('') );
#3151 = CARTESIAN_POINT('',(-25.68636356027,2.021560654311));
#3152 = CARTESIAN_POINT('',(-25.6109417575,2.979885521811));
#3153 = CARTESIAN_POINT('',(-24.81871897855,2.435405890867));
#3154 = CARTESIAN_POINT('',(-24.0264961996,1.890926259924));
#3155 = CARTESIAN_POINT('',(-24.89414078132,1.477081023368));
#3156 = CARTESIAN_POINT('',(-25.76178536303,1.063235786812));
#3157 = CARTESIAN_POINT('',(-25.68636356027,2.021560654311));
#3158 = ( GEOMETRIC_REPRESENTATION_CONTEXT(2) 
PARAMETRIC_REPRESENTATION_CONTEXT() REPRESENTATION_CONTEXT('2D SPACE',''
  ) );
#3159 = PCURVE('',#3160,#3165);
#3160 = CYLINDRICAL_SURFACE('',#3161,0.555);
#3161 = AXIS2_PLACEMENT_3D('',#3162,#3163,#3164);
#3162 = CARTESIAN_POINT('',(-25.13307444005,37.4,210.02198414381));
#3163 = DIRECTION('',(-0.,-1.,-1.110223024625E-16));
#3164 = DIRECTION('',(-0.996917333733,8.710709456832E-18,
    -7.845909572785E-02));
#3165 = DEFINITIONAL_REPRESENTATION('',(#3166),#3170);
#3166 = LINE('',#3167,#3168);
#3167 = CARTESIAN_POINT('',(-6.28318530718,-0.1));
#3168 = VECTOR('',#3169,1.);
#3169 = DIRECTION('',(1.,-0.));
#3170 = ( GEOMETRIC_REPRESENTATION_CONTEXT(2) 
PARAMETRIC_REPRESENTATION_CONTEXT() REPRESENTATION_CONTEXT('2D SPACE',''
  ) );
#3171 = ORIENTED_EDGE('',*,*,#3172,.F.);
#3172 = EDGE_CURVE('',#3173,#3140,#3175,.T.);
#3173 = VERTEX_POINT('',#3174);
#3174 = CARTESIAN_POINT('',(-24.98118631287,37.5,208.60525289046));
#3175 = SURFACE_CURVE('',#3176,(#3181,#3188),.PCURVE_S1.);
#3176 = CIRCLE('',#3177,25.210790894703);
#3177 = AXIS2_PLACEMENT_3D('',#3178,#3179,#3180);
#3178 = CARTESIAN_POINT('',(0.,37.5,212.));
#3179 = DIRECTION('',(-0.,1.,1.110223024625E-16));
#3180 = DIRECTION('',(1.,0.,0.));
#3181 = PCURVE('',#326,#3182);
#3182 = DEFINITIONAL_REPRESENTATION('',(#3183),#3187);
#3183 = CIRCLE('',#3184,25.210790894703);
#3184 = AXIS2_PLACEMENT_2D('',#3185,#3186);
#3185 = CARTESIAN_POINT('',(2.412172678695E-15,0.));
#3186 = DIRECTION('',(1.,0.));
#3187 = ( GEOMETRIC_REPRESENTATION_CONTEXT(2) 
PARAMETRIC_REPRESENTATION_CONTEXT() REPRESENTATION_CONTEXT('2D SPACE',''
  ) );
#3188 = PCURVE('',#3189,#3194);
#3189 = CYLINDRICAL_SURFACE('',#3190,25.210790894703);
#3190 = AXIS2_PLACEMENT_3D('',#3191,#3192,#3193);
#3191 = CARTESIAN_POINT('',(0.,37.5,212.));
#3192 = DIRECTION('',(-0.,-1.,-1.110223024625E-16));
#3193 = DIRECTION('',(1.,0.,0.));
#3194 = DEFINITIONAL_REPRESENTATION('',(#3195),#3199);
#3195 = LINE('',#3196,#3197);
#3196 = CARTESIAN_POINT('',(-0.,0.));
#3197 = VECTOR('',#3198,1.);
#3198 = DIRECTION('',(-1.,0.));
#3199 = ( GEOMETRIC_REPRESENTATION_CONTEXT(2) 
PARAMETRIC_REPRESENTATION_CONTEXT() REPRESENTATION_CONTEXT('2D SPACE',''
  ) );
#3200 = ORIENTED_EDGE('',*,*,#3201,.F.);
#3201 = EDGE_CURVE('',#3202,#3173,#3204,.T.);
#3202 = VERTEX_POINT('',#3203);
#3203 = CARTESIAN_POINT('',(-24.80755457609,37.5,207.50898524937));
#3204 = SURFACE_CURVE('',#3205,(#3210,#3221),.PCURVE_S1.);
#3205 = CIRCLE('',#3206,0.555);
#3206 = AXIS2_PLACEMENT_3D('',#3207,#3208,#3209);
#3207 = CARTESIAN_POINT('',(-24.90040422388,37.5,208.05616341314));
#3208 = DIRECTION('',(0.,-1.,-1.110223024625E-16));
#3209 = DIRECTION('',(-0.987688340595,1.736771449326E-17,-0.15643446504)
  );
#3210 = PCURVE('',#326,#3211);
#3211 = DEFINITIONAL_REPRESENTATION('',(#3212),#3220);
#3212 = ( BOUNDED_CURVE() B_SPLINE_CURVE(2,(#3213,#3214,#3215,#3216,
#3217,#3218,#3219),.UNSPECIFIED.,.T.,.F.) B_SPLINE_CURVE_WITH_KNOTS((1,2
    ,2,2,2,1),(-2.094395102393,0.,2.094395102393,4.188790204786,
6.28318530718,8.377580409573),.UNSPECIFIED.) CURVE() 
GEOMETRIC_REPRESENTATION_ITEM() RATIONAL_B_SPLINE_CURVE((1.,0.5,1.,0.5,
1.,0.5,1.)) REPRESENTATION_ITEM('') );
#3213 = CARTESIAN_POINT('',(-25.44857125291,4.030657714951));
#3214 = CARTESIAN_POINT('',(-25.29819264787,4.980110860266));
#3215 = CARTESIAN_POINT('',(-24.55113140684,4.375152595463));
#3216 = CARTESIAN_POINT('',(-23.80407016582,3.770194330659));
#3217 = CARTESIAN_POINT('',(-24.70151001188,3.425699450148));
#3218 = CARTESIAN_POINT('',(-25.59894985794,3.081204569637));
#3219 = CARTESIAN_POINT('',(-25.44857125291,4.030657714951));
#3220 = ( GEOMETRIC_REPRESENTATION_CONTEXT(2) 
PARAMETRIC_REPRESENTATION_CONTEXT() REPRESENTATION_CONTEXT('2D SPACE',''
  ) );
#3221 = PCURVE('',#3222,#3227);
#3222 = CYLINDRICAL_SURFACE('',#3223,0.555);
#3223 = AXIS2_PLACEMENT_3D('',#3224,#3225,#3226);
#3224 = CARTESIAN_POINT('',(-24.90040422388,37.4,208.05616341314));
#3225 = DIRECTION('',(-0.,-1.,-1.110223024625E-16));
#3226 = DIRECTION('',(-0.987688340595,1.736771449326E-17,-0.15643446504)
  );
#3227 = DEFINITIONAL_REPRESENTATION('',(#3228),#3232);
#3228 = LINE('',#3229,#3230);
#3229 = CARTESIAN_POINT('',(-6.28318530718,-0.1));
#3230 = VECTOR('',#3231,1.);
#3231 = DIRECTION('',(1.,-0.));
#3232 = ( GEOMETRIC_REPRESENTATION_CONTEXT(2) 
PARAMETRIC_REPRESENTATION_CONTEXT() REPRESENTATION_CONTEXT('2D SPACE',''
  ) );
#3233 = ORIENTED_EDGE('',*,*,#3234,.F.);
#3234 = EDGE_CURVE('',#3235,#3202,#3237,.T.);
#3235 = VERTEX_POINT('',#3236);
#3236 = CARTESIAN_POINT('',(-24.63782886408,37.5,206.65571647454));
#3237 = SURFACE_CURVE('',#3238,(#3243,#3250),.PCURVE_S1.);
#3238 = CIRCLE('',#3239,25.210790894703);
#3239 = AXIS2_PLACEMENT_3D('',#3240,#3241,#3242);
#3240 = CARTESIAN_POINT('',(0.,37.5,212.));
#3241 = DIRECTION('',(-0.,1.,1.110223024625E-16));
#3242 = DIRECTION('',(1.,0.,0.));
#3243 = PCURVE('',#326,#3244);
#3244 = DEFINITIONAL_REPRESENTATION('',(#3245),#3249);
#3245 = CIRCLE('',#3246,25.210790894703);
#3246 = AXIS2_PLACEMENT_2D('',#3247,#3248);
#3247 = CARTESIAN_POINT('',(2.412172678695E-15,0.));
#3248 = DIRECTION('',(1.,0.));
#3249 = ( GEOMETRIC_REPRESENTATION_CONTEXT(2) 
PARAMETRIC_REPRESENTATION_CONTEXT() REPRESENTATION_CONTEXT('2D SPACE',''
  ) );
#3250 = PCURVE('',#3251,#3256);
#3251 = CYLINDRICAL_SURFACE('',#3252,25.210790894703);
#3252 = AXIS2_PLACEMENT_3D('',#3253,#3254,#3255);
#3253 = CARTESIAN_POINT('',(0.,37.5,212.));
#3254 = DIRECTION('',(-0.,-1.,-1.110223024625E-16));
#3255 = DIRECTION('',(1.,0.,0.));
#3256 = DEFINITIONAL_REPRESENTATION('',(#3257),#3261);
#3257 = LINE('',#3258,#3259);
#3258 = CARTESIAN_POINT('',(-0.,0.));
#3259 = VECTOR('',#3260,1.);
#3260 = DIRECTION('',(-1.,0.));
#3261 = ( GEOMETRIC_REPRESENTATION_CONTEXT(2) 
PARAMETRIC_REPRESENTATION_CONTEXT() REPRESENTATION_CONTEXT('2D SPACE',''
  ) );
#3262 = ORIENTED_EDGE('',*,*,#3263,.F.);
#3263 = EDGE_CURVE('',#3264,#3235,#3266,.T.);
#3264 = VERTEX_POINT('',#3265);
#3265 = CARTESIAN_POINT('',(-24.3787202082,37.5,205.57645124979));
#3266 = SURFACE_CURVE('',#3267,(#3272,#3283),.PCURVE_S1.);
#3267 = CIRCLE('',#3268,0.555);
#3268 = AXIS2_PLACEMENT_3D('',#3269,#3270,#3271);
#3269 = CARTESIAN_POINT('',(-24.51421473544,37.5,206.11465774649));
#3270 = DIRECTION('',(0.,-1.,-1.110223024625E-16));
#3271 = DIRECTION('',(-0.972369920398,2.591764179448E-17,-0.233445363856
    ));
#3272 = PCURVE('',#326,#3273);
#3273 = DEFINITIONAL_REPRESENTATION('',(#3274),#3282);
#3274 = ( BOUNDED_CURVE() B_SPLINE_CURVE(2,(#3275,#3276,#3277,#3278,
#3279,#3280,#3281),.UNSPECIFIED.,.T.,.F.) B_SPLINE_CURVE_WITH_KNOTS((1,2
    ,2,2,2,1),(-2.094395102393,0.,2.094395102393,4.188790204786,
6.28318530718,8.377580409573),.UNSPECIFIED.) CURVE() 
GEOMETRIC_REPRESENTATION_ITEM() RATIONAL_B_SPLINE_CURVE((1.,0.5,1.,0.5,
1.,0.5,1.)) REPRESENTATION_ITEM('') );
#3275 = CARTESIAN_POINT('',(-25.05388004126,6.014904430449));
#3276 = CARTESIAN_POINT('',(-24.82947176806,6.949632159213));
#3277 = CARTESIAN_POINT('',(-24.13217794593,6.287925029421));
#3278 = CARTESIAN_POINT('',(-23.4348841238,5.626217899629));
#3279 = CARTESIAN_POINT('',(-24.35658621913,5.353197300657));
#3280 = CARTESIAN_POINT('',(-25.27828831446,5.080176701686));
#3281 = CARTESIAN_POINT('',(-25.05388004126,6.014904430449));
#3282 = ( GEOMETRIC_REPRESENTATION_CONTEXT(2) 
PARAMETRIC_REPRESENTATION_CONTEXT() REPRESENTATION_CONTEXT('2D SPACE',''
  ) );
#3283 = PCURVE('',#3284,#3289);
#3284 = CYLINDRICAL_SURFACE('',#3285,0.555);
#3285 = AXIS2_PLACEMENT_3D('',#3286,#3287,#3288);
#3286 = CARTESIAN_POINT('',(-24.51421473544,37.4,206.11465774649));
#3287 = DIRECTION('',(-0.,-1.,-1.110223024625E-16));
#3288 = DIRECTION('',(-0.972369920398,2.591764179448E-17,-0.233445363856
    ));
#3289 = DEFINITIONAL_REPRESENTATION('',(#3290),#3294);
#3290 = LINE('',#3291,#3292);
#3291 = CARTESIAN_POINT('',(-6.28318530718,-0.1));
#3292 = VECTOR('',#3293,1.);
#3293 = DIRECTION('',(1.,-0.));
#3294 = ( GEOMETRIC_REPRESENTATION_CONTEXT(2) 
PARAMETRIC_REPRESENTATION_CONTEXT() REPRESENTATION_CONTEXT('2D SPACE',''
  ) );
#3295 = ORIENTED_EDGE('',*,*,#3296,.F.);
#3296 = EDGE_CURVE('',#3297,#3264,#3299,.T.);
#3297 = VERTEX_POINT('',#3298);
#3298 = CARTESIAN_POINT('',(-24.14257100743,37.5,204.73912934371));
#3299 = SURFACE_CURVE('',#3300,(#3305,#3312),.PCURVE_S1.);
#3300 = CIRCLE('',#3301,25.210790894703);
#3301 = AXIS2_PLACEMENT_3D('',#3302,#3303,#3304);
#3302 = CARTESIAN_POINT('',(0.,37.5,212.));
#3303 = DIRECTION('',(-0.,1.,1.110223024625E-16));
#3304 = DIRECTION('',(1.,0.,0.));
#3305 = PCURVE('',#326,#3306);
#3306 = DEFINITIONAL_REPRESENTATION('',(#3307),#3311);
#3307 = CIRCLE('',#3308,25.210790894703);
#3308 = AXIS2_PLACEMENT_2D('',#3309,#3310);
#3309 = CARTESIAN_POINT('',(2.412172678695E-15,0.));
#3310 = DIRECTION('',(1.,0.));
#3311 = ( GEOMETRIC_REPRESENTATION_CONTEXT(2) 
PARAMETRIC_REPRESENTATION_CONTEXT() REPRESENTATION_CONTEXT('2D SPACE',''
  ) );
#3312 = PCURVE('',#3313,#3318);
#3313 = CYLINDRICAL_SURFACE('',#3314,25.210790894703);
#3314 = AXIS2_PLACEMENT_3D('',#3315,#3316,#3317);
#3315 = CARTESIAN_POINT('',(0.,37.5,212.));
#3316 = DIRECTION('',(-0.,-1.,-1.110223024625E-16));
#3317 = DIRECTION('',(1.,0.,0.));
#3318 = DEFINITIONAL_REPRESENTATION('',(#3319),#3323);
#3319 = LINE('',#3320,#3321);
#3320 = CARTESIAN_POINT('',(-0.,0.));
#3321 = VECTOR('',#3322,1.);
#3322 = DIRECTION('',(-1.,0.));
#3323 = ( GEOMETRIC_REPRESENTATION_CONTEXT(2) 
PARAMETRIC_REPRESENTATION_CONTEXT() REPRESENTATION_CONTEXT('2D SPACE',''
  ) );
#3324 = ORIENTED_EDGE('',*,*,#3325,.F.);
#3325 = EDGE_CURVE('',#3326,#3297,#3328,.T.);
#3326 = VERTEX_POINT('',#3327);
#3327 = CARTESIAN_POINT('',(-23.79958292348,37.5,203.68352056429));
#3328 = SURFACE_CURVE('',#3329,(#3334,#3345),.PCURVE_S1.);
#3329 = CIRCLE('',#3330,0.555);
#3330 = AXIS2_PLACEMENT_3D('',#3331,#3332,#3333);
#3331 = CARTESIAN_POINT('',(-23.97688696136,37.5,204.2094371719));
#3332 = DIRECTION('',(0.,-1.,-1.110223024625E-16));
#3333 = DIRECTION('',(-0.951056516295,3.430777821555E-17,-0.309016994375
    ));
#3334 = PCURVE('',#326,#3335);
#3335 = DEFINITIONAL_REPRESENTATION('',(#3336),#3344);
#3336 = ( BOUNDED_CURVE() B_SPLINE_CURVE(2,(#3337,#3338,#3339,#3340,
#3341,#3342,#3343),.UNSPECIFIED.,.T.,.F.) B_SPLINE_CURVE_WITH_KNOTS((1,2
    ,2,2,2,1),(-2.094395102393,0.,2.094395102393,4.188790204786,
6.28318530718,8.377580409573),.UNSPECIFIED.) CURVE() 
GEOMETRIC_REPRESENTATION_ITEM() RATIONAL_B_SPLINE_CURVE((1.,0.5,1.,0.5,
1.,0.5,1.)) REPRESENTATION_ITEM('') );
#3337 = CARTESIAN_POINT('',(-24.5047233279,7.962067259975));
#3338 = CARTESIAN_POINT('',(-24.20766893817,8.876306664911));
#3339 = CARTESIAN_POINT('',(-23.56444158322,8.161930314626));
#3340 = CARTESIAN_POINT('',(-22.92121422827,7.44755396434));
#3341 = CARTESIAN_POINT('',(-23.86149597295,7.247690909689));
#3342 = CARTESIAN_POINT('',(-24.80177771764,7.047827855038));
#3343 = CARTESIAN_POINT('',(-24.5047233279,7.962067259975));
#3344 = ( GEOMETRIC_REPRESENTATION_CONTEXT(2) 
PARAMETRIC_REPRESENTATION_CONTEXT() REPRESENTATION_CONTEXT('2D SPACE',''
  ) );
#3345 = PCURVE('',#3346,#3351);
#3346 = CYLINDRICAL_SURFACE('',#3347,0.555);
#3347 = AXIS2_PLACEMENT_3D('',#3348,#3349,#3350);
#3348 = CARTESIAN_POINT('',(-23.97688696136,37.4,204.2094371719));
#3349 = DIRECTION('',(-0.,-1.,-1.110223024625E-16));
#3350 = DIRECTION('',(-0.951056516295,3.430777821555E-17,-0.309016994375
    ));
#3351 = DEFINITIONAL_REPRESENTATION('',(#3352),#3356);
#3352 = LINE('',#3353,#3354);
#3353 = CARTESIAN_POINT('',(-6.28318530718,-0.1));
#3354 = VECTOR('',#3355,1.);
#3355 = DIRECTION('',(1.,-0.));
#3356 = ( GEOMETRIC_REPRESENTATION_CONTEXT(2) 
PARAMETRIC_REPRESENTATION_CONTEXT() REPRESENTATION_CONTEXT('2D SPACE',''
  ) );
#3357 = ORIENTED_EDGE('',*,*,#3358,.F.);
#3358 = EDGE_CURVE('',#3359,#3326,#3361,.T.);
#3359 = VERTEX_POINT('',#3360);
#3360 = CARTESIAN_POINT('',(-23.4984661723,37.5,202.86730789496));
#3361 = SURFACE_CURVE('',#3362,(#3367,#3374),.PCURVE_S1.);
#3362 = CIRCLE('',#3363,25.210790894703);
#3363 = AXIS2_PLACEMENT_3D('',#3364,#3365,#3366);
#3364 = CARTESIAN_POINT('',(0.,37.5,212.));
#3365 = DIRECTION('',(-0.,1.,1.110223024625E-16));
#3366 = DIRECTION('',(1.,0.,0.));
#3367 = PCURVE('',#326,#3368);
#3368 = DEFINITIONAL_REPRESENTATION('',(#3369),#3373);
#3369 = CIRCLE('',#3370,25.210790894703);
#3370 = AXIS2_PLACEMENT_2D('',#3371,#3372);
#3371 = CARTESIAN_POINT('',(2.412172678695E-15,0.));
#3372 = DIRECTION('',(1.,0.));
#3373 = ( GEOMETRIC_REPRESENTATION_CONTEXT(2) 
PARAMETRIC_REPRESENTATION_CONTEXT() REPRESENTATION_CONTEXT('2D SPACE',''
  ) );
#3374 = PCURVE('',#3375,#3380);
#3375 = CYLINDRICAL_SURFACE('',#3376,25.210790894703);
#3376 = AXIS2_PLACEMENT_3D('',#3377,#3378,#3379);
#3377 = CARTESIAN_POINT('',(0.,37.5,212.));
#3378 = DIRECTION('',(-0.,-1.,-1.110223024625E-16));
#3379 = DIRECTION('',(1.,0.,0.));
#3380 = DEFINITIONAL_REPRESENTATION('',(#3381),#3385);
#3381 = LINE('',#3382,#3383);
#3382 = CARTESIAN_POINT('',(-0.,0.));
#3383 = VECTOR('',#3384,1.);
#3384 = DIRECTION('',(-1.,0.));
#3385 = ( GEOMETRIC_REPRESENTATION_CONTEXT(2) 
PARAMETRIC_REPRESENTATION_CONTEXT() REPRESENTATION_CONTEXT('2D SPACE',''
  ) );
#3386 = ORIENTED_EDGE('',*,*,#3387,.F.);
#3387 = EDGE_CURVE('',#3388,#3359,#3390,.T.);
#3388 = VERTEX_POINT('',#3389);
#3389 = CARTESIAN_POINT('',(-23.07371329588,37.5,201.84186374003));
#3390 = SURFACE_CURVE('',#3391,(#3396,#3407),.PCURVE_S1.);
#3391 = CIRCLE('',#3392,0.555);
#3392 = AXIS2_PLACEMENT_3D('',#3393,#3394,#3395);
#3393 = CARTESIAN_POINT('',(-23.29173370603,37.5,202.35224800777));
#3394 = DIRECTION('',(0.,-1.,-1.110223024625E-16));
#3395 = DIRECTION('',(-0.923879532511,4.248639577543E-17,-0.382683432365
    ));
#3396 = PCURVE('',#326,#3397);
#3397 = DEFINITIONAL_REPRESENTATION('',(#3398),#3406);
#3398 = ( BOUNDED_CURVE() B_SPLINE_CURVE(2,(#3399,#3400,#3401,#3402,
#3403,#3404,#3405),.UNSPECIFIED.,.T.,.F.) B_SPLINE_CURVE_WITH_KNOTS((1,2
    ,2,2,2,1),(-2.094395102393,0.,2.094395102393,4.188790204786,
6.28318530718,8.377580409573),.UNSPECIFIED.) CURVE() 
GEOMETRIC_REPRESENTATION_ITEM() RATIONAL_B_SPLINE_CURVE((1.,0.5,1.,0.5,
1.,0.5,1.)) REPRESENTATION_ITEM('') );
#3399 = CARTESIAN_POINT('',(-23.80448684658,9.860141297186));
#3400 = CARTESIAN_POINT('',(-23.4366177794,10.748255788349));
#3401 = CARTESIAN_POINT('',(-22.85142260217,9.985614585323));
#3402 = CARTESIAN_POINT('',(-22.26622742495,9.222973382298));
#3403 = CARTESIAN_POINT('',(-23.21929166935,9.097500094161));
#3404 = CARTESIAN_POINT('',(-24.17235591376,8.972026806024));
#3405 = CARTESIAN_POINT('',(-23.80448684658,9.860141297186));
#3406 = ( GEOMETRIC_REPRESENTATION_CONTEXT(2) 
PARAMETRIC_REPRESENTATION_CONTEXT() REPRESENTATION_CONTEXT('2D SPACE',''
  ) );
#3407 = PCURVE('',#3408,#3413);
#3408 = CYLINDRICAL_SURFACE('',#3409,0.555);
#3409 = AXIS2_PLACEMENT_3D('',#3410,#3411,#3412);
#3410 = CARTESIAN_POINT('',(-23.29173370603,37.4,202.35224800777));
#3411 = DIRECTION('',(-0.,-1.,-1.110223024625E-16));
#3412 = DIRECTION('',(-0.923879532511,4.248639577543E-17,-0.382683432365
    ));
#3413 = DEFINITIONAL_REPRESENTATION('',(#3414),#3418);
#3414 = LINE('',#3415,#3416);
#3415 = CARTESIAN_POINT('',(-6.28318530718,-0.1));
#3416 = VECTOR('',#3417,1.);
#3417 = DIRECTION('',(1.,-0.));
#3418 = ( GEOMETRIC_REPRESENTATION_CONTEXT(2) 
PARAMETRIC_REPRESENTATION_CONTEXT() REPRESENTATION_CONTEXT('2D SPACE',''
  ) );
#3419 = ORIENTED_EDGE('',*,*,#3420,.F.);
#3420 = EDGE_CURVE('',#3421,#3388,#3423,.T.);
#3421 = VERTEX_POINT('',#3422);
#3422 = CARTESIAN_POINT('',(-22.70948547919,37.5,201.05179252997));
#3423 = SURFACE_CURVE('',#3424,(#3429,#3436),.PCURVE_S1.);
#3424 = CIRCLE('',#3425,25.210790894703);
#3425 = AXIS2_PLACEMENT_3D('',#3426,#3427,#3428);
#3426 = CARTESIAN_POINT('',(0.,37.5,212.));
#3427 = DIRECTION('',(-0.,1.,1.110223024625E-16));
#3428 = DIRECTION('',(1.,0.,0.));
#3429 = PCURVE('',#326,#3430);
#3430 = DEFINITIONAL_REPRESENTATION('',(#3431),#3435);
#3431 = CIRCLE('',#3432,25.210790894703);
#3432 = AXIS2_PLACEMENT_2D('',#3433,#3434);
#3433 = CARTESIAN_POINT('',(2.412172678695E-15,0.));
#3434 = DIRECTION('',(1.,0.));
#3435 = ( GEOMETRIC_REPRESENTATION_CONTEXT(2) 
PARAMETRIC_REPRESENTATION_CONTEXT() REPRESENTATION_CONTEXT('2D SPACE',''
  ) );
#3436 = PCURVE('',#3437,#3442);
#3437 = CYLINDRICAL_SURFACE('',#3438,25.210790894703);
#3438 = AXIS2_PLACEMENT_3D('',#3439,#3440,#3441);
#3439 = CARTESIAN_POINT('',(0.,37.5,212.));
#3440 = DIRECTION('',(-0.,-1.,-1.110223024625E-16));
#3441 = DIRECTION('',(1.,0.,0.));
#3442 = DEFINITIONAL_REPRESENTATION('',(#3443),#3447);
#3443 = LINE('',#3444,#3445);
#3444 = CARTESIAN_POINT('',(-0.,0.));
#3445 = VECTOR('',#3446,1.);
#3446 = DIRECTION('',(-1.,0.));
#3447 = ( GEOMETRIC_REPRESENTATION_CONTEXT(2) 
PARAMETRIC_REPRESENTATION_CONTEXT() REPRESENTATION_CONTEXT('2D SPACE',''
  ) );
#3448 = ORIENTED_EDGE('',*,*,#3449,.F.);
#3449 = EDGE_CURVE('',#3450,#3421,#3452,.T.);
#3450 = VERTEX_POINT('',#3451);
#3451 = CARTESIAN_POINT('',(-22.20558655301,37.5,200.06283520374));
#3452 = SURFACE_CURVE('',#3453,(#3458,#3469),.PCURVE_S1.);
#3453 = CIRCLE('',#3454,0.555);
#3454 = AXIS2_PLACEMENT_3D('',#3455,#3456,#3457);
#3455 = CARTESIAN_POINT('',(-22.46297916712,37.5,200.55454044288));
#3456 = DIRECTION('',(0.,-1.,-1.110223024625E-16));
#3457 = DIRECTION('',(-0.891006524188,5.040307057719E-17,-0.45399049974)
  );
#3458 = PCURVE('',#326,#3459);
#3459 = DEFINITIONAL_REPRESENTATION('',(#3460),#3468);
#3460 = ( BOUNDED_CURVE() B_SPLINE_CURVE(2,(#3461,#3462,#3463,#3464,
#3465,#3466,#3467),.UNSPECIFIED.,.T.,.F.) B_SPLINE_CURVE_WITH_KNOTS((1,2
    ,2,2,2,1),(-2.094395102393,0.,2.094395102393,4.188790204786,
6.28318530718,8.377580409573),.UNSPECIFIED.) CURVE() 
GEOMETRIC_REPRESENTATION_ITEM() RATIONAL_B_SPLINE_CURVE((1.,0.5,1.,0.5,
1.,0.5,1.)) REPRESENTATION_ITEM('') );
#3461 = CARTESIAN_POINT('',(-22.95748778805,11.697424284471));
#3462 = CARTESIAN_POINT('',(-22.52107207855,12.553938340693));
#3463 = CARTESIAN_POINT('',(-21.99751700192,11.747734221549));
#3464 = CARTESIAN_POINT('',(-21.47396192528,10.941530102405));
#3465 = CARTESIAN_POINT('',(-22.43393271141,10.891220165327));
#3466 = CARTESIAN_POINT('',(-23.39390349754,10.840910228249));
#3467 = CARTESIAN_POINT('',(-22.95748778805,11.697424284471));
#3468 = ( GEOMETRIC_REPRESENTATION_CONTEXT(2) 
PARAMETRIC_REPRESENTATION_CONTEXT() REPRESENTATION_CONTEXT('2D SPACE',''
  ) );
#3469 = PCURVE('',#3470,#3475);
#3470 = CYLINDRICAL_SURFACE('',#3471,0.555);
#3471 = AXIS2_PLACEMENT_3D('',#3472,#3473,#3474);
#3472 = CARTESIAN_POINT('',(-22.46297916712,37.4,200.55454044288));
#3473 = DIRECTION('',(-0.,-1.,-1.110223024625E-16));
#3474 = DIRECTION('',(-0.891006524188,5.040307057719E-17,-0.45399049974)
  );
#3475 = DEFINITIONAL_REPRESENTATION('',(#3476),#3480);
#3476 = LINE('',#3477,#3478);
#3477 = CARTESIAN_POINT('',(-6.28318530718,-0.1));
#3478 = VECTOR('',#3479,1.);
#3479 = DIRECTION('',(1.,-0.));
#3480 = ( GEOMETRIC_REPRESENTATION_CONTEXT(2) 
PARAMETRIC_REPRESENTATION_CONTEXT() REPRESENTATION_CONTEXT('2D SPACE',''
  ) );
#3481 = ORIENTED_EDGE('',*,*,#3482,.F.);
#3482 = EDGE_CURVE('',#3483,#3450,#3485,.T.);
#3483 = VERTEX_POINT('',#3484);
#3484 = CARTESIAN_POINT('',(-21.78049325642,37.5,199.30377650468));
#3485 = SURFACE_CURVE('',#3486,(#3491,#3498),.PCURVE_S1.);
#3486 = CIRCLE('',#3487,25.210790894703);
#3487 = AXIS2_PLACEMENT_3D('',#3488,#3489,#3490);
#3488 = CARTESIAN_POINT('',(0.,37.5,212.));
#3489 = DIRECTION('',(-0.,1.,1.110223024625E-16));
#3490 = DIRECTION('',(1.,0.,0.));
#3491 = PCURVE('',#326,#3492);
#3492 = DEFINITIONAL_REPRESENTATION('',(#3493),#3497);
#3493 = CIRCLE('',#3494,25.210790894703);
#3494 = AXIS2_PLACEMENT_2D('',#3495,#3496);
#3495 = CARTESIAN_POINT('',(2.412172678695E-15,0.));
#3496 = DIRECTION('',(1.,0.));
#3497 = ( GEOMETRIC_REPRESENTATION_CONTEXT(2) 
PARAMETRIC_REPRESENTATION_CONTEXT() REPRESENTATION_CONTEXT('2D SPACE',''
  ) );
#3498 = PCURVE('',#3499,#3504);
#3499 = CYLINDRICAL_SURFACE('',#3500,25.210790894703);
#3500 = AXIS2_PLACEMENT_3D('',#3501,#3502,#3503);
#3501 = CARTESIAN_POINT('',(0.,37.5,212.));
#3502 = DIRECTION('',(-0.,-1.,-1.110223024625E-16));
#3503 = DIRECTION('',(1.,0.,0.));
#3504 = DEFINITIONAL_REPRESENTATION('',(#3505),#3509);
#3505 = LINE('',#3506,#3507);
#3506 = CARTESIAN_POINT('',(-0.,0.));
#3507 = VECTOR('',#3508,1.);
#3508 = DIRECTION('',(-1.,0.));
#3509 = ( GEOMETRIC_REPRESENTATION_CONTEXT(2) 
PARAMETRIC_REPRESENTATION_CONTEXT() REPRESENTATION_CONTEXT('2D SPACE',''
  ) );
#3510 = ORIENTED_EDGE('',*,*,#3511,.F.);
#3511 = EDGE_CURVE('',#3512,#3483,#3514,.T.);
#3512 = VERTEX_POINT('',#3513);
#3513 = CARTESIAN_POINT('',(-21.20055498494,37.5,198.35740325792));
#3514 = SURFACE_CURVE('',#3515,(#3520,#3531),.PCURVE_S1.);
#3515 = CIRCLE('',#3516,0.555);
#3516 = AXIS2_PLACEMENT_3D('',#3517,#3518,#3519);
#3517 = CARTESIAN_POINT('',(-21.49573289195,37.5,198.82739794216));
#3518 = DIRECTION('',(0.,-1.,-1.110223024625E-16));
#3519 = DIRECTION('',(-0.852640164354,5.800899368812E-17,-0.522498564716
    ));
#3520 = PCURVE('',#326,#3521);
#3521 = DEFINITIONAL_REPRESENTATION('',(#3522),#3530);
#3522 = ( BOUNDED_CURVE() B_SPLINE_CURVE(2,(#3523,#3524,#3525,#3526,
#3527,#3528,#3529),.UNSPECIFIED.,.T.,.F.) B_SPLINE_CURVE_WITH_KNOTS((1,2
    ,2,2,2,1),(-2.094395102393,0.,2.094395102393,4.188790204786,
6.28318530718,8.377580409573),.UNSPECIFIED.) CURVE() 
GEOMETRIC_REPRESENTATION_ITEM() RATIONAL_B_SPLINE_CURVE((1.,0.5,1.,0.5,
1.,0.5,1.)) REPRESENTATION_ITEM('') );
#3523 = CARTESIAN_POINT('',(-21.96894818317,13.462588761254));
#3524 = CARTESIAN_POINT('',(-21.46667647933,14.282221688559));
#3525 = CARTESIAN_POINT('',(-21.00798939442,13.43742516978));
#3526 = CARTESIAN_POINT('',(-20.54930230952,12.592628651002));
#3527 = CARTESIAN_POINT('',(-21.51026109826,12.617792242475));
#3528 = CARTESIAN_POINT('',(-22.47121988701,12.642955833948));
#3529 = CARTESIAN_POINT('',(-21.96894818317,13.462588761254));
#3530 = ( GEOMETRIC_REPRESENTATION_CONTEXT(2) 
PARAMETRIC_REPRESENTATION_CONTEXT() REPRESENTATION_CONTEXT('2D SPACE',''
  ) );
#3531 = PCURVE('',#3532,#3537);
#3532 = CYLINDRICAL_SURFACE('',#3533,0.555);
#3533 = AXIS2_PLACEMENT_3D('',#3534,#3535,#3536);
#3534 = CARTESIAN_POINT('',(-21.49573289195,37.4,198.82739794216));
#3535 = DIRECTION('',(-0.,-1.,-1.110223024625E-16));
#3536 = DIRECTION('',(-0.852640164354,5.800899368812E-17,-0.522498564716
    ));
#3537 = DEFINITIONAL_REPRESENTATION('',(#3538),#3542);
#3538 = LINE('',#3539,#3540);
#3539 = CARTESIAN_POINT('',(-6.28318530718,-0.1));
#3540 = VECTOR('',#3541,1.);
#3541 = DIRECTION('',(1.,-0.));
#3542 = ( GEOMETRIC_REPRESENTATION_CONTEXT(2) 
PARAMETRIC_REPRESENTATION_CONTEXT() REPRESENTATION_CONTEXT('2D SPACE',''
  ) );
#3543 = ORIENTED_EDGE('',*,*,#3544,.F.);
#3544 = EDGE_CURVE('',#3545,#3512,#3547,.T.);
#3545 = VERTEX_POINT('',#3546);
#3546 = CARTESIAN_POINT('',(-20.71721704999,37.5,197.63403691916));
#3547 = SURFACE_CURVE('',#3548,(#3553,#3560),.PCURVE_S1.);
#3548 = CIRCLE('',#3549,25.210790894703);
#3549 = AXIS2_PLACEMENT_3D('',#3550,#3551,#3552);
#3550 = CARTESIAN_POINT('',(0.,37.5,212.));
#3551 = DIRECTION('',(-0.,1.,1.110223024625E-16));
#3552 = DIRECTION('',(1.,0.,0.));
#3553 = PCURVE('',#326,#3554);
#3554 = DEFINITIONAL_REPRESENTATION('',(#3555),#3559);
#3555 = CIRCLE('',#3556,25.210790894703);
#3556 = AXIS2_PLACEMENT_2D('',#3557,#3558);
#3557 = CARTESIAN_POINT('',(2.412172678695E-15,0.));
#3558 = DIRECTION('',(1.,0.));
#3559 = ( GEOMETRIC_REPRESENTATION_CONTEXT(2) 
PARAMETRIC_REPRESENTATION_CONTEXT() REPRESENTATION_CONTEXT('2D SPACE',''
  ) );
#3560 = PCURVE('',#3561,#3566);
#3561 = CYLINDRICAL_SURFACE('',#3562,25.210790894703);
#3562 = AXIS2_PLACEMENT_3D('',#3563,#3564,#3565);
#3563 = CARTESIAN_POINT('',(0.,37.5,212.));
#3564 = DIRECTION('',(-0.,-1.,-1.110223024625E-16));
#3565 = DIRECTION('',(1.,0.,0.));
#3566 = DEFINITIONAL_REPRESENTATION('',(#3567),#3571);
#3567 = LINE('',#3568,#3569);
#3568 = CARTESIAN_POINT('',(-0.,0.));
#3569 = VECTOR('',#3570,1.);
#3570 = DIRECTION('',(-1.,0.));
#3571 = ( GEOMETRIC_REPRESENTATION_CONTEXT(2) 
PARAMETRIC_REPRESENTATION_CONTEXT() REPRESENTATION_CONTEXT('2D SPACE',''
  ) );
#3572 = ORIENTED_EDGE('',*,*,#3573,.F.);
#3573 = EDGE_CURVE('',#3574,#3545,#3576,.T.);
#3574 = VERTEX_POINT('',#3575);
#3575 = CARTESIAN_POINT('',(-20.06481494549,37.5,196.73608245764));
#3576 = SURFACE_CURVE('',#3577,(#3582,#3593),.PCURVE_S1.);
#3577 = CIRCLE('',#3578,0.555);
#3578 = AXIS2_PLACEMENT_3D('',#3579,#3580,#3581);
#3579 = CARTESIAN_POINT('',(-20.39595827544,37.5,197.18146891346));
#3580 = DIRECTION('',(0.,-1.,-1.110223024625E-16));
#3581 = DIRECTION('',(-0.809016994375,6.525727206302E-17,-0.587785252292
    ));
#3582 = PCURVE('',#326,#3583);
#3583 = DEFINITIONAL_REPRESENTATION('',(#3584),#3592);
#3584 = ( BOUNDED_CURVE() B_SPLINE_CURVE(2,(#3585,#3586,#3587,#3588,
#3589,#3590,#3591),.UNSPECIFIED.,.T.,.F.) B_SPLINE_CURVE_WITH_KNOTS((1,2
    ,2,2,2,1),(-2.094395102393,0.,2.094395102393,4.188790204786,
6.28318530718,8.377580409573),.UNSPECIFIED.) CURVE() 
GEOMETRIC_REPRESENTATION_ITEM() RATIONAL_B_SPLINE_CURVE((1.,0.5,1.,0.5,
1.,0.5,1.)) REPRESENTATION_ITEM('') );
#3585 = CARTESIAN_POINT('',(-20.84496270732,15.144751901558));
#3586 = CARTESIAN_POINT('',(-20.27993168122,15.922450390395));
#3587 = CARTESIAN_POINT('',(-19.88894054645,15.044269923443));
#3588 = CARTESIAN_POINT('',(-19.49794941169,14.166089456491));
#3589 = CARTESIAN_POINT('',(-20.45397157256,14.266571434607));
#3590 = CARTESIAN_POINT('',(-21.40999373343,14.367053412722));
#3591 = CARTESIAN_POINT('',(-20.84496270732,15.144751901558));
#3592 = ( GEOMETRIC_REPRESENTATION_CONTEXT(2) 
PARAMETRIC_REPRESENTATION_CONTEXT() REPRESENTATION_CONTEXT('2D SPACE',''
  ) );
#3593 = PCURVE('',#3594,#3599);
#3594 = CYLINDRICAL_SURFACE('',#3595,0.555);
#3595 = AXIS2_PLACEMENT_3D('',#3596,#3597,#3598);
#3596 = CARTESIAN_POINT('',(-20.39595827544,37.4,197.18146891346));
#3597 = DIRECTION('',(-0.,-1.,-1.110223024625E-16));
#3598 = DIRECTION('',(-0.809016994375,6.525727206302E-17,-0.587785252292
    ));
#3599 = DEFINITIONAL_REPRESENTATION('',(#3600),#3604);
#3600 = LINE('',#3601,#3602);
#3601 = CARTESIAN_POINT('',(-6.28318530718,-0.1));
#3602 = VECTOR('',#3603,1.);
#3603 = DIRECTION('',(1.,-0.));
#3604 = ( GEOMETRIC_REPRESENTATION_CONTEXT(2) 
PARAMETRIC_REPRESENTATION_CONTEXT() REPRESENTATION_CONTEXT('2D SPACE',''
  ) );
#3605 = ORIENTED_EDGE('',*,*,#3606,.F.);
#3606 = EDGE_CURVE('',#3607,#3574,#3609,.T.);
#3607 = VERTEX_POINT('',#3608);
#3608 = CARTESIAN_POINT('',(-19.52621231126,37.5,196.0528682732));
#3609 = SURFACE_CURVE('',#3610,(#3615,#3622),.PCURVE_S1.);
#3610 = CIRCLE('',#3611,25.210790894703);
#3611 = AXIS2_PLACEMENT_3D('',#3612,#3613,#3614);
#3612 = CARTESIAN_POINT('',(0.,37.5,212.));
#3613 = DIRECTION('',(-0.,1.,1.110223024625E-16));
#3614 = DIRECTION('',(1.,0.,0.));
#3615 = PCURVE('',#326,#3616);
#3616 = DEFINITIONAL_REPRESENTATION('',(#3617),#3621);
#3617 = CIRCLE('',#3618,25.210790894703);
#3618 = AXIS2_PLACEMENT_2D('',#3619,#3620);
#3619 = CARTESIAN_POINT('',(2.412172678695E-15,0.));
#3620 = DIRECTION('',(1.,0.));
#3621 = ( GEOMETRIC_REPRESENTATION_CONTEXT(2) 
PARAMETRIC_REPRESENTATION_CONTEXT() REPRESENTATION_CONTEXT('2D SPACE',''
  ) );
#3622 = PCURVE('',#3623,#3628);
#3623 = CYLINDRICAL_SURFACE('',#3624,25.210790894703);
#3624 = AXIS2_PLACEMENT_3D('',#3625,#3626,#3627);
#3625 = CARTESIAN_POINT('',(0.,37.5,212.));
#3626 = DIRECTION('',(-0.,-1.,-1.110223024625E-16));
#3627 = DIRECTION('',(1.,0.,0.));
#3628 = DEFINITIONAL_REPRESENTATION('',(#3629),#3633);
#3629 = LINE('',#3630,#3631);
#3630 = CARTESIAN_POINT('',(-0.,0.));
#3631 = VECTOR('',#3632,1.);
#3632 = DIRECTION('',(-1.,0.));
#3633 = ( GEOMETRIC_REPRESENTATION_CONTEXT(2) 
PARAMETRIC_REPRESENTATION_CONTEXT() REPRESENTATION_CONTEXT('2D SPACE',''
  ) );
#3634 = ORIENTED_EDGE('',*,*,#3635,.F.);
#3635 = EDGE_CURVE('',#3636,#3607,#3638,.T.);
#3636 = VERTEX_POINT('',#3637);
#3637 = CARTESIAN_POINT('',(-18.80536864966,37.5,195.20886878478));
#3638 = SURFACE_CURVE('',#3639,(#3644,#3655),.PCURVE_S1.);
#3639 = CIRCLE('',#3640,0.555);
#3640 = AXIS2_PLACEMENT_3D('',#3641,#3642,#3643);
#3641 = CARTESIAN_POINT('',(-19.17043579382,37.5,195.62690105657));
#3642 = DIRECTION('',(0.,-1.,-1.110223024625E-16));
#3643 = DIRECTION('',(-0.7604059656,7.21032176554E-17,-0.64944804833));
#3644 = PCURVE('',#326,#3645);
#3645 = DEFINITIONAL_REPRESENTATION('',(#3646),#3654);
#3646 = ( BOUNDED_CURVE() B_SPLINE_CURVE(2,(#3647,#3648,#3649,#3650,
#3651,#3652,#3653),.UNSPECIFIED.,.T.,.F.) B_SPLINE_CURVE_WITH_KNOTS((1,2
    ,2,2,2,1),(-2.094395102393,0.,2.094395102393,4.188790204786,
6.28318530718,8.377580409573),.UNSPECIFIED.) CURVE() 
GEOMETRIC_REPRESENTATION_ITEM() RATIONAL_B_SPLINE_CURVE((1.,0.5,1.,0.5,
1.,0.5,1.)) REPRESENTATION_ITEM('') );
#3647 = CARTESIAN_POINT('',(-19.59246110473,16.733542610249));
#3648 = CARTESIAN_POINT('',(-18.96815436053,17.464511890821));
#3649 = CARTESIAN_POINT('',(-18.64726976627,16.5583617503));
#3650 = CARTESIAN_POINT('',(-18.32638517201,15.652211609779));
#3651 = CARTESIAN_POINT('',(-19.27157651047,15.827392469727));
#3652 = CARTESIAN_POINT('',(-20.21676784894,16.002573329676));
#3653 = CARTESIAN_POINT('',(-19.59246110473,16.733542610249));
#3654 = ( GEOMETRIC_REPRESENTATION_CONTEXT(2) 
PARAMETRIC_REPRESENTATION_CONTEXT() REPRESENTATION_CONTEXT('2D SPACE',''
  ) );
#3655 = PCURVE('',#3656,#3661);
#3656 = CYLINDRICAL_SURFACE('',#3657,0.555);
#3657 = AXIS2_PLACEMENT_3D('',#3658,#3659,#3660);
#3658 = CARTESIAN_POINT('',(-19.17043579382,37.4,195.62690105657));
#3659 = DIRECTION('',(-0.,-1.,-1.110223024625E-16));
#3660 = DIRECTION('',(-0.7604059656,7.21032176554E-17,-0.64944804833));
#3661 = DEFINITIONAL_REPRESENTATION('',(#3662),#3666);
#3662 = LINE('',#3663,#3664);
#3663 = CARTESIAN_POINT('',(-6.28318530718,-0.1));
#3664 = VECTOR('',#3665,1.);
#3665 = DIRECTION('',(1.,-0.));
#3666 = ( GEOMETRIC_REPRESENTATION_CONTEXT(2) 
PARAMETRIC_REPRESENTATION_CONTEXT() REPRESENTATION_CONTEXT('2D SPACE',''
  ) );
#3667 = ORIENTED_EDGE('',*,*,#3668,.F.);
#3668 = EDGE_CURVE('',#3669,#3636,#3671,.T.);
#3669 = VERTEX_POINT('',#3670);
#3670 = CARTESIAN_POINT('',(-18.21482198051,37.5,194.57001899729));
#3671 = SURFACE_CURVE('',#3672,(#3677,#3684),.PCURVE_S1.);
#3672 = CIRCLE('',#3673,25.210790894703);
#3673 = AXIS2_PLACEMENT_3D('',#3674,#3675,#3676);
#3674 = CARTESIAN_POINT('',(0.,37.5,212.));
#3675 = DIRECTION('',(-0.,1.,1.110223024625E-16));
#3676 = DIRECTION('',(1.,0.,0.));
#3677 = PCURVE('',#326,#3678);
#3678 = DEFINITIONAL_REPRESENTATION('',(#3679),#3683);
#3679 = CIRCLE('',#3680,25.210790894703);
#3680 = AXIS2_PLACEMENT_2D('',#3681,#3682);
#3681 = CARTESIAN_POINT('',(2.412172678695E-15,0.));
#3682 = DIRECTION('',(1.,0.));
#3683 = ( GEOMETRIC_REPRESENTATION_CONTEXT(2) 
PARAMETRIC_REPRESENTATION_CONTEXT() REPRESENTATION_CONTEXT('2D SPACE',''
  ) );
#3684 = PCURVE('',#3685,#3690);
#3685 = CYLINDRICAL_SURFACE('',#3686,25.210790894703);
#3686 = AXIS2_PLACEMENT_3D('',#3687,#3688,#3689);
#3687 = CARTESIAN_POINT('',(0.,37.5,212.));
#3688 = DIRECTION('',(-0.,-1.,-1.110223024625E-16));
#3689 = DIRECTION('',(1.,0.,0.));
#3690 = DEFINITIONAL_REPRESENTATION('',(#3691),#3695);
#3691 = LINE('',#3692,#3693);
#3692 = CARTESIAN_POINT('',(-0.,0.));
#3693 = VECTOR('',#3694,1.);
#3694 = DIRECTION('',(-1.,0.));
#3695 = ( GEOMETRIC_REPRESENTATION_CONTEXT(2) 
PARAMETRIC_REPRESENTATION_CONTEXT() REPRESENTATION_CONTEXT('2D SPACE',''
  ) );
#3696 = ORIENTED_EDGE('',*,*,#3697,.F.);
#3697 = EDGE_CURVE('',#3698,#3669,#3700,.T.);
#3698 = VERTEX_POINT('',#3699);
#3699 = CARTESIAN_POINT('',(-17.4299810027,37.5,193.78517801948));
#3700 = SURFACE_CURVE('',#3701,(#3706,#3717),.PCURVE_S1.);
#3701 = CIRCLE('',#3702,0.555);
#3702 = AXIS2_PLACEMENT_3D('',#3703,#3704,#3705);
#3703 = CARTESIAN_POINT('',(-17.82672120072,37.5,194.17327879927));
#3704 = DIRECTION('',(0.,-1.,-1.110223024625E-16));
#3705 = DIRECTION('',(-0.707106781187,7.850462293419E-17,-0.707106781187
    ));
#3706 = PCURVE('',#326,#3707);
#3707 = DEFINITIONAL_REPRESENTATION('',(#3708),#3716);
#3708 = ( BOUNDED_CURVE() B_SPLINE_CURVE(2,(#3709,#3710,#3711,#3712,
#3713,#3714,#3715),.UNSPECIFIED.,.T.,.F.) B_SPLINE_CURVE_WITH_KNOTS((1,2
    ,2,2,2,1),(-2.094395102393,0.,2.094395102393,4.188790204786,
6.28318530718,8.377580409573),.UNSPECIFIED.) CURVE() 
GEOMETRIC_REPRESENTATION_ITEM() RATIONAL_B_SPLINE_CURVE((1.,0.5,1.,0.5,
1.,0.5,1.)) REPRESENTATION_ITEM('') );
#3709 = CARTESIAN_POINT('',(-18.21916546427,18.219165464279));
#3710 = CARTESIAN_POINT('',(-17.53943206065,18.898898867902));
#3711 = CARTESIAN_POINT('',(-17.29063236713,17.970365770753));
#3712 = CARTESIAN_POINT('',(-17.0418326736,17.041832673604));
#3713 = CARTESIAN_POINT('',(-17.97036577075,17.29063236713));
#3714 = CARTESIAN_POINT('',(-18.8988988679,17.539432060657));
#3715 = CARTESIAN_POINT('',(-18.21916546427,18.219165464279));
#3716 = ( GEOMETRIC_REPRESENTATION_CONTEXT(2) 
PARAMETRIC_REPRESENTATION_CONTEXT() REPRESENTATION_CONTEXT('2D SPACE',''
  ) );
#3717 = PCURVE('',#3718,#3723);
#3718 = CYLINDRICAL_SURFACE('',#3719,0.555);
#3719 = AXIS2_PLACEMENT_3D('',#3720,#3721,#3722);
#3720 = CARTESIAN_POINT('',(-17.82672120072,37.4,194.17327879927));
#3721 = DIRECTION('',(-0.,-1.,-1.110223024625E-16));
#3722 = DIRECTION('',(-0.707106781187,7.850462293419E-17,-0.707106781187
    ));
#3723 = DEFINITIONAL_REPRESENTATION('',(#3724),#3728);
#3724 = LINE('',#3725,#3726);
#3725 = CARTESIAN_POINT('',(-6.28318530718,-0.1));
#3726 = VECTOR('',#3727,1.);
#3727 = DIRECTION('',(1.,-0.));
#3728 = ( GEOMETRIC_REPRESENTATION_CONTEXT(2) 
PARAMETRIC_REPRESENTATION_CONTEXT() REPRESENTATION_CONTEXT('2D SPACE',''
  ) );
#3729 = ORIENTED_EDGE('',*,*,#3730,.F.);
#3730 = EDGE_CURVE('',#3731,#3698,#3733,.T.);
#3731 = VERTEX_POINT('',#3732);
#3732 = CARTESIAN_POINT('',(-16.79113121521,37.5,193.19463135033));
#3733 = SURFACE_CURVE('',#3734,(#3739,#3746),.PCURVE_S1.);
#3734 = CIRCLE('',#3735,25.210790894703);
#3735 = AXIS2_PLACEMENT_3D('',#3736,#3737,#3738);
#3736 = CARTESIAN_POINT('',(0.,37.5,212.));
#3737 = DIRECTION('',(-0.,1.,1.110223024625E-16));
#3738 = DIRECTION('',(1.,0.,0.));
#3739 = PCURVE('',#326,#3740);
#3740 = DEFINITIONAL_REPRESENTATION('',(#3741),#3745);
#3741 = CIRCLE('',#3742,25.210790894703);
#3742 = AXIS2_PLACEMENT_2D('',#3743,#3744);
#3743 = CARTESIAN_POINT('',(2.412172678695E-15,0.));
#3744 = DIRECTION('',(1.,0.));
#3745 = ( GEOMETRIC_REPRESENTATION_CONTEXT(2) 
PARAMETRIC_REPRESENTATION_CONTEXT() REPRESENTATION_CONTEXT('2D SPACE',''
  ) );
#3746 = PCURVE('',#3747,#3752);
#3747 = CYLINDRICAL_SURFACE('',#3748,25.210790894703);
#3748 = AXIS2_PLACEMENT_3D('',#3749,#3750,#3751);
#3749 = CARTESIAN_POINT('',(0.,37.5,212.));
#3750 = DIRECTION('',(-0.,-1.,-1.110223024625E-16));
#3751 = DIRECTION('',(1.,0.,0.));
#3752 = DEFINITIONAL_REPRESENTATION('',(#3753),#3757);
#3753 = LINE('',#3754,#3755);
#3754 = CARTESIAN_POINT('',(-0.,0.));
#3755 = VECTOR('',#3756,1.);
#3756 = DIRECTION('',(-1.,0.));
#3757 = ( GEOMETRIC_REPRESENTATION_CONTEXT(2) 
PARAMETRIC_REPRESENTATION_CONTEXT() REPRESENTATION_CONTEXT('2D SPACE',''
  ) );
#3758 = ORIENTED_EDGE('',*,*,#3759,.F.);
#3759 = EDGE_CURVE('',#3760,#3731,#3762,.T.);
#3760 = VERTEX_POINT('',#3761);
#3761 = CARTESIAN_POINT('',(-15.94713172679,37.5,192.47378768873));
#3762 = SURFACE_CURVE('',#3763,(#3768,#3779),.PCURVE_S1.);
#3763 = CIRCLE('',#3764,0.555);
#3764 = AXIS2_PLACEMENT_3D('',#3765,#3766,#3767);
#3765 = CARTESIAN_POINT('',(-16.37309894342,37.5,192.82956420617));
#3766 = DIRECTION('',(0.,-1.,-1.110223024625E-16));
#3767 = DIRECTION('',(-0.64944804833,8.442202110715E-17,-0.7604059656));
#3768 = PCURVE('',#326,#3769);
#3769 = DEFINITIONAL_REPRESENTATION('',(#3770),#3778);
#3770 = ( BOUNDED_CURVE() B_SPLINE_CURVE(2,(#3771,#3772,#3773,#3774,
#3775,#3776,#3777),.UNSPECIFIED.,.T.,.F.) B_SPLINE_CURVE_WITH_KNOTS((1,2
    ,2,2,2,1),(-2.094395102393,0.,2.094395102393,4.188790204786,
6.28318530718,8.377580409573),.UNSPECIFIED.) CURVE() 
GEOMETRIC_REPRESENTATION_ITEM() RATIONAL_B_SPLINE_CURVE((1.,0.5,1.,0.5,
1.,0.5,1.)) REPRESENTATION_ITEM('') );
#3771 = CARTESIAN_POINT('',(-16.73354261024,19.592461104735));
#3772 = CARTESIAN_POINT('',(-16.00257332967,20.21676784894));
#3773 = CARTESIAN_POINT('',(-15.82739246972,19.271576510475));
#3774 = CARTESIAN_POINT('',(-15.65221160977,18.326385172011));
#3775 = CARTESIAN_POINT('',(-16.5583617503,18.647269766271));
#3776 = CARTESIAN_POINT('',(-17.46451189082,18.968154360531));
#3777 = CARTESIAN_POINT('',(-16.73354261024,19.592461104735));
#3778 = ( GEOMETRIC_REPRESENTATION_CONTEXT(2) 
PARAMETRIC_REPRESENTATION_CONTEXT() REPRESENTATION_CONTEXT('2D SPACE',''
  ) );
#3779 = PCURVE('',#3780,#3785);
#3780 = CYLINDRICAL_SURFACE('',#3781,0.555);
#3781 = AXIS2_PLACEMENT_3D('',#3782,#3783,#3784);
#3782 = CARTESIAN_POINT('',(-16.37309894342,37.4,192.82956420617));
#3783 = DIRECTION('',(-0.,-1.,-1.110223024625E-16));
#3784 = DIRECTION('',(-0.64944804833,8.442202110715E-17,-0.7604059656));
#3785 = DEFINITIONAL_REPRESENTATION('',(#3786),#3790);
#3786 = LINE('',#3787,#3788);
#3787 = CARTESIAN_POINT('',(-6.28318530718,-0.1));
#3788 = VECTOR('',#3789,1.);
#3789 = DIRECTION('',(1.,-0.));
#3790 = ( GEOMETRIC_REPRESENTATION_CONTEXT(2) 
PARAMETRIC_REPRESENTATION_CONTEXT() REPRESENTATION_CONTEXT('2D SPACE',''
  ) );
#3791 = ORIENTED_EDGE('',*,*,#3792,.F.);
#3792 = EDGE_CURVE('',#3793,#3760,#3795,.T.);
#3793 = VERTEX_POINT('',#3794);
#3794 = CARTESIAN_POINT('',(-15.26391754235,37.5,191.93518505451));
#3795 = SURFACE_CURVE('',#3796,(#3801,#3808),.PCURVE_S1.);
#3796 = CIRCLE('',#3797,25.210790894703);
#3797 = AXIS2_PLACEMENT_3D('',#3798,#3799,#3800);
#3798 = CARTESIAN_POINT('',(0.,37.5,212.));
#3799 = DIRECTION('',(-0.,1.,1.110223024625E-16));
#3800 = DIRECTION('',(1.,0.,0.));
#3801 = PCURVE('',#326,#3802);
#3802 = DEFINITIONAL_REPRESENTATION('',(#3803),#3807);
#3803 = CIRCLE('',#3804,25.210790894703);
#3804 = AXIS2_PLACEMENT_2D('',#3805,#3806);
#3805 = CARTESIAN_POINT('',(2.412172678695E-15,0.));
#3806 = DIRECTION('',(1.,0.));
#3807 = ( GEOMETRIC_REPRESENTATION_CONTEXT(2) 
PARAMETRIC_REPRESENTATION_CONTEXT() REPRESENTATION_CONTEXT('2D SPACE',''
  ) );
#3808 = PCURVE('',#3809,#3814);
#3809 = CYLINDRICAL_SURFACE('',#3810,25.210790894703);
#3810 = AXIS2_PLACEMENT_3D('',#3811,#3812,#3813);
#3811 = CARTESIAN_POINT('',(0.,37.5,212.));
#3812 = DIRECTION('',(-0.,-1.,-1.110223024625E-16));
#3813 = DIRECTION('',(1.,0.,0.));
#3814 = DEFINITIONAL_REPRESENTATION('',(#3815),#3819);
#3815 = LINE('',#3816,#3817);
#3816 = CARTESIAN_POINT('',(-0.,0.));
#3817 = VECTOR('',#3818,1.);
#3818 = DIRECTION('',(-1.,0.));
#3819 = ( GEOMETRIC_REPRESENTATION_CONTEXT(2) 
PARAMETRIC_REPRESENTATION_CONTEXT() REPRESENTATION_CONTEXT('2D SPACE',''
  ) );
#3820 = ORIENTED_EDGE('',*,*,#3821,.F.);
#3821 = EDGE_CURVE('',#3822,#3793,#3824,.T.);
#3822 = VERTEX_POINT('',#3823);
#3823 = CARTESIAN_POINT('',(-14.36596308084,37.5,191.28278295001));
#3824 = SURFACE_CURVE('',#3825,(#3830,#3841),.PCURVE_S1.);
#3825 = CIRCLE('',#3826,0.555);
#3826 = AXIS2_PLACEMENT_3D('',#3827,#3828,#3829);
#3827 = CARTESIAN_POINT('',(-14.81853108653,37.5,191.60404172455));
#3828 = DIRECTION('',(0.,-1.,-1.110223024625E-16));
#3829 = DIRECTION('',(-0.587785252292,8.981892944681E-17,-0.809016994375
    ));
#3830 = PCURVE('',#326,#3831);
#3831 = DEFINITIONAL_REPRESENTATION('',(#3832),#3840);
#3832 = ( BOUNDED_CURVE() B_SPLINE_CURVE(2,(#3833,#3834,#3835,#3836,
#3837,#3838,#3839),.UNSPECIFIED.,.T.,.F.) B_SPLINE_CURVE_WITH_KNOTS((1,2
    ,2,2,2,1),(-2.094395102393,0.,2.094395102393,4.188790204786,
6.28318530718,8.377580409573),.UNSPECIFIED.) CURVE() 
GEOMETRIC_REPRESENTATION_ITEM() RATIONAL_B_SPLINE_CURVE((1.,0.5,1.,0.5,
1.,0.5,1.)) REPRESENTATION_ITEM('') );
#3833 = CARTESIAN_POINT('',(-15.14475190155,20.844962707326));
#3834 = CARTESIAN_POINT('',(-14.36705341272,21.409993733431));
#3835 = CARTESIAN_POINT('',(-14.2665714346,20.453971572562));
#3836 = CARTESIAN_POINT('',(-14.16608945649,19.497949411692));
#3837 = CARTESIAN_POINT('',(-15.04426992344,19.888940546456));
#3838 = CARTESIAN_POINT('',(-15.92245039039,20.279931681221));
#3839 = CARTESIAN_POINT('',(-15.14475190155,20.844962707326));
#3840 = ( GEOMETRIC_REPRESENTATION_CONTEXT(2) 
PARAMETRIC_REPRESENTATION_CONTEXT() REPRESENTATION_CONTEXT('2D SPACE',''
  ) );
#3841 = PCURVE('',#3842,#3847);
#3842 = CYLINDRICAL_SURFACE('',#3843,0.555);
#3843 = AXIS2_PLACEMENT_3D('',#3844,#3845,#3846);
#3844 = CARTESIAN_POINT('',(-14.81853108653,37.4,191.60404172455));
#3845 = DIRECTION('',(-0.,-1.,-1.110223024625E-16));
#3846 = DIRECTION('',(-0.587785252292,8.981892944681E-17,-0.809016994375
    ));
#3847 = DEFINITIONAL_REPRESENTATION('',(#3848),#3852);
#3848 = LINE('',#3849,#3850);
#3849 = CARTESIAN_POINT('',(-6.28318530718,-0.1));
#3850 = VECTOR('',#3851,1.);
#3851 = DIRECTION('',(1.,-0.));
#3852 = ( GEOMETRIC_REPRESENTATION_CONTEXT(2) 
PARAMETRIC_REPRESENTATION_CONTEXT() REPRESENTATION_CONTEXT('2D SPACE',''
  ) );
#3853 = ORIENTED_EDGE('',*,*,#3854,.F.);
#3854 = EDGE_CURVE('',#3855,#3822,#3857,.T.);
#3855 = VERTEX_POINT('',#3856);
#3856 = CARTESIAN_POINT('',(-13.64259674207,37.5,190.79944501505));
#3857 = SURFACE_CURVE('',#3858,(#3863,#3870),.PCURVE_S1.);
#3858 = CIRCLE('',#3859,25.210790894703);
#3859 = AXIS2_PLACEMENT_3D('',#3860,#3861,#3862);
#3860 = CARTESIAN_POINT('',(0.,37.5,212.));
#3861 = DIRECTION('',(-0.,1.,1.110223024625E-16));
#3862 = DIRECTION('',(1.,0.,0.));
#3863 = PCURVE('',#326,#3864);
#3864 = DEFINITIONAL_REPRESENTATION('',(#3865),#3869);
#3865 = CIRCLE('',#3866,25.210790894703);
#3866 = AXIS2_PLACEMENT_2D('',#3867,#3868);
#3867 = CARTESIAN_POINT('',(2.412172678695E-15,0.));
#3868 = DIRECTION('',(1.,0.));
#3869 = ( GEOMETRIC_REPRESENTATION_CONTEXT(2) 
PARAMETRIC_REPRESENTATION_CONTEXT() REPRESENTATION_CONTEXT('2D SPACE',''
  ) );
#3870 = PCURVE('',#3871,#3876);
#3871 = CYLINDRICAL_SURFACE('',#3872,25.210790894703);
#3872 = AXIS2_PLACEMENT_3D('',#3873,#3874,#3875);
#3873 = CARTESIAN_POINT('',(0.,37.5,212.));
#3874 = DIRECTION('',(-0.,-1.,-1.110223024625E-16));
#3875 = DIRECTION('',(1.,0.,0.));
#3876 = DEFINITIONAL_REPRESENTATION('',(#3877),#3881);
#3877 = LINE('',#3878,#3879);
#3878 = CARTESIAN_POINT('',(-0.,0.));
#3879 = VECTOR('',#3880,1.);
#3880 = DIRECTION('',(-1.,0.));
#3881 = ( GEOMETRIC_REPRESENTATION_CONTEXT(2) 
PARAMETRIC_REPRESENTATION_CONTEXT() REPRESENTATION_CONTEXT('2D SPACE',''
  ) );
#3882 = ORIENTED_EDGE('',*,*,#3883,.F.);
#3883 = EDGE_CURVE('',#3884,#3855,#3886,.T.);
#3884 = VERTEX_POINT('',#3885);
#3885 = CARTESIAN_POINT('',(-12.69622349532,37.5,190.21950674357));
#3886 = SURFACE_CURVE('',#3887,(#3892,#3903),.PCURVE_S1.);
#3887 = CIRCLE('',#3888,0.555);
#3888 = AXIS2_PLACEMENT_3D('',#3889,#3890,#3891);
#3889 = CARTESIAN_POINT('',(-13.17260205783,37.5,190.50426710804));
#3890 = DIRECTION('',(0.,-1.,-1.110223024625E-16));
#3891 = DIRECTION('',(-0.522498564716,9.466207421861E-17,-0.852640164354
    ));
#3892 = PCURVE('',#326,#3893);
#3893 = DEFINITIONAL_REPRESENTATION('',(#3894),#3902);
#3894 = ( BOUNDED_CURVE() B_SPLINE_CURVE(2,(#3895,#3896,#3897,#3898,
#3899,#3900,#3901),.UNSPECIFIED.,.T.,.F.) B_SPLINE_CURVE_WITH_KNOTS((1,2
    ,2,2,2,1),(-2.094395102393,0.,2.094395102393,4.188790204786,
6.28318530718,8.377580409573),.UNSPECIFIED.) CURVE() 
GEOMETRIC_REPRESENTATION_ITEM() RATIONAL_B_SPLINE_CURVE((1.,0.5,1.,0.5,
1.,0.5,1.)) REPRESENTATION_ITEM('') );
#3895 = CARTESIAN_POINT('',(-13.46258876125,21.968948183173));
#3896 = CARTESIAN_POINT('',(-12.64295583394,22.471219887011));
#3897 = CARTESIAN_POINT('',(-12.61779224247,21.510261098267));
#3898 = CARTESIAN_POINT('',(-12.592628651,20.549302309523));
#3899 = CARTESIAN_POINT('',(-13.43742516978,21.007989394429));
#3900 = CARTESIAN_POINT('',(-14.28222168855,21.466676479335));
#3901 = CARTESIAN_POINT('',(-13.46258876125,21.968948183173));
#3902 = ( GEOMETRIC_REPRESENTATION_CONTEXT(2) 
PARAMETRIC_REPRESENTATION_CONTEXT() REPRESENTATION_CONTEXT('2D SPACE',''
  ) );
#3903 = PCURVE('',#3904,#3909);
#3904 = CYLINDRICAL_SURFACE('',#3905,0.555);
#3905 = AXIS2_PLACEMENT_3D('',#3906,#3907,#3908);
#3906 = CARTESIAN_POINT('',(-13.17260205783,37.4,190.50426710804));
#3907 = DIRECTION('',(-0.,-1.,-1.110223024625E-16));
#3908 = DIRECTION('',(-0.522498564716,9.466207421861E-17,-0.852640164354
    ));
#3909 = DEFINITIONAL_REPRESENTATION('',(#3910),#3914);
#3910 = LINE('',#3911,#3912);
#3911 = CARTESIAN_POINT('',(-6.28318530718,-0.1));
#3912 = VECTOR('',#3913,1.);
#3913 = DIRECTION('',(1.,-0.));
#3914 = ( GEOMETRIC_REPRESENTATION_CONTEXT(2) 
PARAMETRIC_REPRESENTATION_CONTEXT() REPRESENTATION_CONTEXT('2D SPACE',''
  ) );
#3915 = ORIENTED_EDGE('',*,*,#3916,.F.);
#3916 = EDGE_CURVE('',#3917,#3884,#3919,.T.);
#3917 = VERTEX_POINT('',#3918);
#3918 = CARTESIAN_POINT('',(-11.93716479625,37.5,189.79441344698));
#3919 = SURFACE_CURVE('',#3920,(#3925,#3932),.PCURVE_S1.);
#3920 = CIRCLE('',#3921,25.210790894703);
#3921 = AXIS2_PLACEMENT_3D('',#3922,#3923,#3924);
#3922 = CARTESIAN_POINT('',(0.,37.5,212.));
#3923 = DIRECTION('',(-0.,1.,1.110223024625E-16));
#3924 = DIRECTION('',(1.,0.,0.));
#3925 = PCURVE('',#326,#3926);
#3926 = DEFINITIONAL_REPRESENTATION('',(#3927),#3931);
#3927 = CIRCLE('',#3928,25.210790894703);
#3928 = AXIS2_PLACEMENT_2D('',#3929,#3930);
#3929 = CARTESIAN_POINT('',(2.412172678695E-15,0.));
#3930 = DIRECTION('',(1.,0.));
#3931 = ( GEOMETRIC_REPRESENTATION_CONTEXT(2) 
PARAMETRIC_REPRESENTATION_CONTEXT() REPRESENTATION_CONTEXT('2D SPACE',''
  ) );
#3932 = PCURVE('',#3933,#3938);
#3933 = CYLINDRICAL_SURFACE('',#3934,25.210790894703);
#3934 = AXIS2_PLACEMENT_3D('',#3935,#3936,#3937);
#3935 = CARTESIAN_POINT('',(0.,37.5,212.));
#3936 = DIRECTION('',(-0.,-1.,-1.110223024625E-16));
#3937 = DIRECTION('',(1.,0.,0.));
#3938 = DEFINITIONAL_REPRESENTATION('',(#3939),#3943);
#3939 = LINE('',#3940,#3941);
#3940 = CARTESIAN_POINT('',(-0.,0.));
#3941 = VECTOR('',#3942,1.);
#3942 = DIRECTION('',(-1.,0.));
#3943 = ( GEOMETRIC_REPRESENTATION_CONTEXT(2) 
PARAMETRIC_REPRESENTATION_CONTEXT() REPRESENTATION_CONTEXT('2D SPACE',''
  ) );
#3944 = ORIENTED_EDGE('',*,*,#3945,.F.);
#3945 = EDGE_CURVE('',#3946,#3917,#3948,.T.);
#3946 = VERTEX_POINT('',#3947);
#3947 = CARTESIAN_POINT('',(-10.94820747002,37.5,189.2905145208));
#3948 = SURFACE_CURVE('',#3949,(#3954,#3965),.PCURVE_S1.);
#3949 = CIRCLE('',#3950,0.555);
#3950 = AXIS2_PLACEMENT_3D('',#3951,#3952,#3953);
#3951 = CARTESIAN_POINT('',(-11.44545955711,37.5,189.53702083287));
#3952 = DIRECTION('',(0.,-1.,-1.110223024625E-16));
#3953 = DIRECTION('',(-0.45399049974,9.892159582452E-17,-0.891006524188)
  );
#3954 = PCURVE('',#326,#3955);
#3955 = DEFINITIONAL_REPRESENTATION('',(#3956),#3964);
#3956 = ( BOUNDED_CURVE() B_SPLINE_CURVE(2,(#3957,#3958,#3959,#3960,
#3961,#3962,#3963),.UNSPECIFIED.,.T.,.F.) B_SPLINE_CURVE_WITH_KNOTS((1,2
    ,2,2,2,1),(-2.094395102393,0.,2.094395102393,4.188790204786,
6.28318530718,8.377580409573),.UNSPECIFIED.) CURVE() 
GEOMETRIC_REPRESENTATION_ITEM() RATIONAL_B_SPLINE_CURVE((1.,0.5,1.,0.5,
1.,0.5,1.)) REPRESENTATION_ITEM('') );
#3957 = CARTESIAN_POINT('',(-11.69742428447,22.957487788054));
#3958 = CARTESIAN_POINT('',(-10.84091022824,23.393903497549));
#3959 = CARTESIAN_POINT('',(-10.89122016532,22.433932711414));
#3960 = CARTESIAN_POINT('',(-10.9415301024,21.47396192528));
#3961 = CARTESIAN_POINT('',(-11.74773422154,21.99751700192));
#3962 = CARTESIAN_POINT('',(-12.55393834069,22.521072078559));
#3963 = CARTESIAN_POINT('',(-11.69742428447,22.957487788054));
#3964 = ( GEOMETRIC_REPRESENTATION_CONTEXT(2) 
PARAMETRIC_REPRESENTATION_CONTEXT() REPRESENTATION_CONTEXT('2D SPACE',''
  ) );
#3965 = PCURVE('',#3966,#3971);
#3966 = CYLINDRICAL_SURFACE('',#3967,0.555);
#3967 = AXIS2_PLACEMENT_3D('',#3968,#3969,#3970);
#3968 = CARTESIAN_POINT('',(-11.44545955711,37.4,189.53702083287));
#3969 = DIRECTION('',(-0.,-1.,-1.110223024625E-16));
#3970 = DIRECTION('',(-0.45399049974,9.892159582452E-17,-0.891006524188)
  );
#3971 = DEFINITIONAL_REPRESENTATION('',(#3972),#3976);
#3972 = LINE('',#3973,#3974);
#3973 = CARTESIAN_POINT('',(-6.28318530718,-0.1));
#3974 = VECTOR('',#3975,1.);
#3975 = DIRECTION('',(1.,-0.));
#3976 = ( GEOMETRIC_REPRESENTATION_CONTEXT(2) 
PARAMETRIC_REPRESENTATION_CONTEXT() REPRESENTATION_CONTEXT('2D SPACE',''
  ) );
#3977 = ORIENTED_EDGE('',*,*,#3978,.F.);
#3978 = EDGE_CURVE('',#3979,#3946,#3981,.T.);
#3979 = VERTEX_POINT('',#3980);
#3980 = CARTESIAN_POINT('',(-10.15813625996,37.5,188.92628670411));
#3981 = SURFACE_CURVE('',#3982,(#3987,#3994),.PCURVE_S1.);
#3982 = CIRCLE('',#3983,25.210790894703);
#3983 = AXIS2_PLACEMENT_3D('',#3984,#3985,#3986);
#3984 = CARTESIAN_POINT('',(0.,37.5,212.));
#3985 = DIRECTION('',(-0.,1.,1.110223024625E-16));
#3986 = DIRECTION('',(1.,0.,0.));
#3987 = PCURVE('',#326,#3988);
#3988 = DEFINITIONAL_REPRESENTATION('',(#3989),#3993);
#3989 = CIRCLE('',#3990,25.210790894703);
#3990 = AXIS2_PLACEMENT_2D('',#3991,#3992);
#3991 = CARTESIAN_POINT('',(2.412172678695E-15,0.));
#3992 = DIRECTION('',(1.,0.));
#3993 = ( GEOMETRIC_REPRESENTATION_CONTEXT(2) 
PARAMETRIC_REPRESENTATION_CONTEXT() REPRESENTATION_CONTEXT('2D SPACE',''
  ) );
#3994 = PCURVE('',#3995,#4000);
#3995 = CYLINDRICAL_SURFACE('',#3996,25.210790894703);
#3996 = AXIS2_PLACEMENT_3D('',#3997,#3998,#3999);
#3997 = CARTESIAN_POINT('',(0.,37.5,212.));
#3998 = DIRECTION('',(-0.,-1.,-1.110223024625E-16));
#3999 = DIRECTION('',(1.,0.,0.));
#4000 = DEFINITIONAL_REPRESENTATION('',(#4001),#4005);
#4001 = LINE('',#4002,#4003);
#4002 = CARTESIAN_POINT('',(-0.,0.));
#4003 = VECTOR('',#4004,1.);
#4004 = DIRECTION('',(-1.,0.));
#4005 = ( GEOMETRIC_REPRESENTATION_CONTEXT(2) 
PARAMETRIC_REPRESENTATION_CONTEXT() REPRESENTATION_CONTEXT('2D SPACE',''
  ) );
#4006 = ORIENTED_EDGE('',*,*,#4007,.F.);
#4007 = EDGE_CURVE('',#4008,#3979,#4010,.T.);
#4008 = VERTEX_POINT('',#4009);
#4009 = CARTESIAN_POINT('',(-9.132692105035,37.5,188.50153382769));
#4010 = SURFACE_CURVE('',#4011,(#4016,#4027),.PCURVE_S1.);
#4011 = CIRCLE('',#4012,0.555);
#4012 = AXIS2_PLACEMENT_3D('',#4013,#4014,#4015);
#4013 = CARTESIAN_POINT('',(-9.647751992224,37.5,188.70826629396));
#4014 = DIRECTION('',(0.,-1.,-1.110223024625E-16));
#4015 = DIRECTION('',(-0.382683432365,1.025712328974E-16,-0.923879532511
    ));
#4016 = PCURVE('',#326,#4017);
#4017 = DEFINITIONAL_REPRESENTATION('',(#4018),#4026);
#4018 = ( BOUNDED_CURVE() B_SPLINE_CURVE(2,(#4019,#4020,#4021,#4022,
#4023,#4024,#4025),.UNSPECIFIED.,.T.,.F.) B_SPLINE_CURVE_WITH_KNOTS((1,2
    ,2,2,2,1),(-2.094395102393,0.,2.094395102393,4.188790204786,
6.28318530718,8.377580409573),.UNSPECIFIED.) CURVE() 
GEOMETRIC_REPRESENTATION_ITEM() RATIONAL_B_SPLINE_CURVE((1.,0.5,1.,0.5,
1.,0.5,1.)) REPRESENTATION_ITEM('') );
#4019 = CARTESIAN_POINT('',(-9.860141297186,23.804486846582));
#4020 = CARTESIAN_POINT('',(-8.972026806024,24.172355913762));
#4021 = CARTESIAN_POINT('',(-9.097500094161,23.219291669356));
#4022 = CARTESIAN_POINT('',(-9.222973382298,22.266227424951));
#4023 = CARTESIAN_POINT('',(-9.985614585323,22.851422602177));
#4024 = CARTESIAN_POINT('',(-10.74825578834,23.436617779403));
#4025 = CARTESIAN_POINT('',(-9.860141297186,23.804486846582));
#4026 = ( GEOMETRIC_REPRESENTATION_CONTEXT(2) 
PARAMETRIC_REPRESENTATION_CONTEXT() REPRESENTATION_CONTEXT('2D SPACE',''
  ) );
#4027 = PCURVE('',#4028,#4033);
#4028 = CYLINDRICAL_SURFACE('',#4029,0.555);
#4029 = AXIS2_PLACEMENT_3D('',#4030,#4031,#4032);
#4030 = CARTESIAN_POINT('',(-9.647751992224,37.4,188.70826629396));
#4031 = DIRECTION('',(-0.,-1.,-1.110223024625E-16));
#4032 = DIRECTION('',(-0.382683432365,1.025712328974E-16,-0.923879532511
    ));
#4033 = DEFINITIONAL_REPRESENTATION('',(#4034),#4038);
#4034 = LINE('',#4035,#4036);
#4035 = CARTESIAN_POINT('',(-6.28318530718,-0.1));
#4036 = VECTOR('',#4037,1.);
#4037 = DIRECTION('',(1.,-0.));
#4038 = ( GEOMETRIC_REPRESENTATION_CONTEXT(2) 
PARAMETRIC_REPRESENTATION_CONTEXT() REPRESENTATION_CONTEXT('2D SPACE',''
  ) );
#4039 = ORIENTED_EDGE('',*,*,#4040,.F.);
#4040 = EDGE_CURVE('',#4041,#4008,#4043,.T.);
#4041 = VERTEX_POINT('',#4042);
#4042 = CARTESIAN_POINT('',(-8.316479435701,37.5,188.20041707651));
#4043 = SURFACE_CURVE('',#4044,(#4049,#4056),.PCURVE_S1.);
#4044 = CIRCLE('',#4045,25.210790894703);
#4045 = AXIS2_PLACEMENT_3D('',#4046,#4047,#4048);
#4046 = CARTESIAN_POINT('',(0.,37.5,212.));
#4047 = DIRECTION('',(-0.,1.,1.110223024625E-16));
#4048 = DIRECTION('',(1.,0.,0.));
#4049 = PCURVE('',#326,#4050);
#4050 = DEFINITIONAL_REPRESENTATION('',(#4051),#4055);
#4051 = CIRCLE('',#4052,25.210790894703);
#4052 = AXIS2_PLACEMENT_2D('',#4053,#4054);
#4053 = CARTESIAN_POINT('',(2.412172678695E-15,0.));
#4054 = DIRECTION('',(1.,0.));
#4055 = ( GEOMETRIC_REPRESENTATION_CONTEXT(2) 
PARAMETRIC_REPRESENTATION_CONTEXT() REPRESENTATION_CONTEXT('2D SPACE',''
  ) );
#4056 = PCURVE('',#4057,#4062);
#4057 = CYLINDRICAL_SURFACE('',#4058,25.210790894703);
#4058 = AXIS2_PLACEMENT_3D('',#4059,#4060,#4061);
#4059 = CARTESIAN_POINT('',(0.,37.5,212.));
#4060 = DIRECTION('',(-0.,-1.,-1.110223024625E-16));
#4061 = DIRECTION('',(1.,0.,0.));
#4062 = DEFINITIONAL_REPRESENTATION('',(#4063),#4067);
#4063 = LINE('',#4064,#4065);
#4064 = CARTESIAN_POINT('',(-0.,0.));
#4065 = VECTOR('',#4066,1.);
#4066 = DIRECTION('',(-1.,0.));
#4067 = ( GEOMETRIC_REPRESENTATION_CONTEXT(2) 
PARAMETRIC_REPRESENTATION_CONTEXT() REPRESENTATION_CONTEXT('2D SPACE',''
  ) );
#4068 = ORIENTED_EDGE('',*,*,#4069,.F.);
#4069 = EDGE_CURVE('',#4070,#4041,#4072,.T.);
#4070 = VERTEX_POINT('',#4071);
#4071 = CARTESIAN_POINT('',(-7.260870656287,37.5,187.85742899256));
#4072 = SURFACE_CURVE('',#4073,(#4078,#4089),.PCURVE_S1.);
#4073 = CIRCLE('',#4074,0.555);
#4074 = AXIS2_PLACEMENT_3D('',#4075,#4076,#4077);
#4075 = CARTESIAN_POINT('',(-7.790562828096,37.5,188.02311303863));
#4076 = DIRECTION('',(0.,-1.,-1.110223024625E-16));
#4077 = DIRECTION('',(-0.309016994375,1.055884842111E-16,-0.951056516295
    ));
#4078 = PCURVE('',#326,#4079);
#4079 = DEFINITIONAL_REPRESENTATION('',(#4080),#4088);
#4080 = ( BOUNDED_CURVE() B_SPLINE_CURVE(2,(#4081,#4082,#4083,#4084,
#4085,#4086,#4087),.UNSPECIFIED.,.T.,.F.) B_SPLINE_CURVE_WITH_KNOTS((1,2
    ,2,2,2,1),(-2.094395102393,0.,2.094395102393,4.188790204786,
6.28318530718,8.377580409573),.UNSPECIFIED.) CURVE() 
GEOMETRIC_REPRESENTATION_ITEM() RATIONAL_B_SPLINE_CURVE((1.,0.5,1.,0.5,
1.,0.5,1.)) REPRESENTATION_ITEM('') );
#4081 = CARTESIAN_POINT('',(-7.962067259975,24.504723327906));
#4082 = CARTESIAN_POINT('',(-7.047827855038,24.801777717642));
#4083 = CARTESIAN_POINT('',(-7.247690909689,23.861495972958));
#4084 = CARTESIAN_POINT('',(-7.44755396434,22.921214228274));
#4085 = CARTESIAN_POINT('',(-8.161930314626,23.564441583222));
#4086 = CARTESIAN_POINT('',(-8.876306664911,24.20766893817));
#4087 = CARTESIAN_POINT('',(-7.962067259975,24.504723327906));
#4088 = ( GEOMETRIC_REPRESENTATION_CONTEXT(2) 
PARAMETRIC_REPRESENTATION_CONTEXT() REPRESENTATION_CONTEXT('2D SPACE',''
  ) );
#4089 = PCURVE('',#4090,#4095);
#4090 = CYLINDRICAL_SURFACE('',#4091,0.555);
#4091 = AXIS2_PLACEMENT_3D('',#4092,#4093,#4094);
#4092 = CARTESIAN_POINT('',(-7.790562828096,37.4,188.02311303863));
#4093 = DIRECTION('',(-0.,-1.,-1.110223024625E-16));
#4094 = DIRECTION('',(-0.309016994375,1.055884842111E-16,-0.951056516295
    ));
#4095 = DEFINITIONAL_REPRESENTATION('',(#4096),#4100);
#4096 = LINE('',#4097,#4098);
#4097 = CARTESIAN_POINT('',(-6.28318530718,-0.1));
#4098 = VECTOR('',#4099,1.);
#4099 = DIRECTION('',(1.,-0.));
#4100 = ( GEOMETRIC_REPRESENTATION_CONTEXT(2) 
PARAMETRIC_REPRESENTATION_CONTEXT() REPRESENTATION_CONTEXT('2D SPACE',''
  ) );
#4101 = ORIENTED_EDGE('',*,*,#4102,.F.);
#4102 = EDGE_CURVE('',#4103,#4070,#4105,.T.);
#4103 = VERTEX_POINT('',#4104);
#4104 = CARTESIAN_POINT('',(-6.423548750208,37.5,187.62127979179));
#4105 = SURFACE_CURVE('',#4106,(#4111,#4118),.PCURVE_S1.);
#4106 = CIRCLE('',#4107,25.210790894703);
#4107 = AXIS2_PLACEMENT_3D('',#4108,#4109,#4110);
#4108 = CARTESIAN_POINT('',(0.,37.5,212.));
#4109 = DIRECTION('',(-0.,1.,1.110223024625E-16));
#4110 = DIRECTION('',(1.,0.,0.));
#4111 = PCURVE('',#326,#4112);
#4112 = DEFINITIONAL_REPRESENTATION('',(#4113),#4117);
#4113 = CIRCLE('',#4114,25.210790894703);
#4114 = AXIS2_PLACEMENT_2D('',#4115,#4116);
#4115 = CARTESIAN_POINT('',(2.412172678695E-15,0.));
#4116 = DIRECTION('',(1.,0.));
#4117 = ( GEOMETRIC_REPRESENTATION_CONTEXT(2) 
PARAMETRIC_REPRESENTATION_CONTEXT() REPRESENTATION_CONTEXT('2D SPACE',''
  ) );
#4118 = PCURVE('',#4119,#4124);
#4119 = CYLINDRICAL_SURFACE('',#4120,25.210790894703);
#4120 = AXIS2_PLACEMENT_3D('',#4121,#4122,#4123);
#4121 = CARTESIAN_POINT('',(0.,37.5,212.));
#4122 = DIRECTION('',(-0.,-1.,-1.110223024625E-16));
#4123 = DIRECTION('',(1.,0.,0.));
#4124 = DEFINITIONAL_REPRESENTATION('',(#4125),#4129);
#4125 = LINE('',#4126,#4127);
#4126 = CARTESIAN_POINT('',(-0.,0.));
#4127 = VECTOR('',#4128,1.);
#4128 = DIRECTION('',(-1.,0.));
#4129 = ( GEOMETRIC_REPRESENTATION_CONTEXT(2) 
PARAMETRIC_REPRESENTATION_CONTEXT() REPRESENTATION_CONTEXT('2D SPACE',''
  ) );
#4130 = ORIENTED_EDGE('',*,*,#4131,.F.);
#4131 = EDGE_CURVE('',#4132,#4103,#4134,.T.);
#4132 = VERTEX_POINT('',#4133);
#4133 = CARTESIAN_POINT('',(-5.344283525458,37.5,187.36217113591));
#4134 = SURFACE_CURVE('',#4135,(#4140,#4151),.PCURVE_S1.);
#4135 = CIRCLE('',#4136,0.555);
#4136 = AXIS2_PLACEMENT_3D('',#4137,#4138,#4139);
#4137 = CARTESIAN_POINT('',(-5.885342253509,37.5,187.48578526455));
#4138 = DIRECTION('',(0.,-1.,-1.110223024625E-16));
#4139 = DIRECTION('',(-0.233445363856,1.079547474078E-16,-0.972369920398
    ));
#4140 = PCURVE('',#326,#4141);
#4141 = DEFINITIONAL_REPRESENTATION('',(#4142),#4150);
#4142 = ( BOUNDED_CURVE() B_SPLINE_CURVE(2,(#4143,#4144,#4145,#4146,
#4147,#4148,#4149),.UNSPECIFIED.,.T.,.F.) B_SPLINE_CURVE_WITH_KNOTS((1,2
    ,2,2,2,1),(-2.094395102393,0.,2.094395102393,4.188790204786,
6.28318530718,8.377580409573),.UNSPECIFIED.) CURVE() 
GEOMETRIC_REPRESENTATION_ITEM() RATIONAL_B_SPLINE_CURVE((1.,0.5,1.,0.5,
1.,0.5,1.)) REPRESENTATION_ITEM('') );
#4143 = CARTESIAN_POINT('',(-6.014904430449,25.053880041266));
#4144 = CARTESIAN_POINT('',(-5.080176701686,25.278288314465));
#4145 = CARTESIAN_POINT('',(-5.353197300657,24.356586219134));
#4146 = CARTESIAN_POINT('',(-5.626217899629,23.434884123804));
#4147 = CARTESIAN_POINT('',(-6.287925029421,24.132177945935));
#4148 = CARTESIAN_POINT('',(-6.949632159213,24.829471768066));
#4149 = CARTESIAN_POINT('',(-6.014904430449,25.053880041266));
#4150 = ( GEOMETRIC_REPRESENTATION_CONTEXT(2) 
PARAMETRIC_REPRESENTATION_CONTEXT() REPRESENTATION_CONTEXT('2D SPACE',''
  ) );
#4151 = PCURVE('',#4152,#4157);
#4152 = CYLINDRICAL_SURFACE('',#4153,0.555);
#4153 = AXIS2_PLACEMENT_3D('',#4154,#4155,#4156);
#4154 = CARTESIAN_POINT('',(-5.885342253509,37.4,187.48578526455));
#4155 = DIRECTION('',(-0.,-1.,-1.110223024625E-16));
#4156 = DIRECTION('',(-0.233445363856,1.079547474078E-16,-0.972369920398
    ));
#4157 = DEFINITIONAL_REPRESENTATION('',(#4158),#4162);
#4158 = LINE('',#4159,#4160);
#4159 = CARTESIAN_POINT('',(-6.28318530718,-0.1));
#4160 = VECTOR('',#4161,1.);
#4161 = DIRECTION('',(1.,-0.));
#4162 = ( GEOMETRIC_REPRESENTATION_CONTEXT(2) 
PARAMETRIC_REPRESENTATION_CONTEXT() REPRESENTATION_CONTEXT('2D SPACE',''
  ) );
#4163 = ORIENTED_EDGE('',*,*,#4164,.F.);
#4164 = EDGE_CURVE('',#4165,#4132,#4167,.T.);
#4165 = VERTEX_POINT('',#4166);
#4166 = CARTESIAN_POINT('',(-4.491014750624,37.5,187.1924454239));
#4167 = SURFACE_CURVE('',#4168,(#4173,#4180),.PCURVE_S1.);
#4168 = CIRCLE('',#4169,25.210790894703);
#4169 = AXIS2_PLACEMENT_3D('',#4170,#4171,#4172);
#4170 = CARTESIAN_POINT('',(0.,37.5,212.));
#4171 = DIRECTION('',(-0.,1.,1.110223024625E-16));
#4172 = DIRECTION('',(1.,0.,0.));
#4173 = PCURVE('',#326,#4174);
#4174 = DEFINITIONAL_REPRESENTATION('',(#4175),#4179);
#4175 = CIRCLE('',#4176,25.210790894703);
#4176 = AXIS2_PLACEMENT_2D('',#4177,#4178);
#4177 = CARTESIAN_POINT('',(2.412172678695E-15,0.));
#4178 = DIRECTION('',(1.,0.));
#4179 = ( GEOMETRIC_REPRESENTATION_CONTEXT(2) 
PARAMETRIC_REPRESENTATION_CONTEXT() REPRESENTATION_CONTEXT('2D SPACE',''
  ) );
#4180 = PCURVE('',#4181,#4186);
#4181 = CYLINDRICAL_SURFACE('',#4182,25.210790894703);
#4182 = AXIS2_PLACEMENT_3D('',#4183,#4184,#4185);
#4183 = CARTESIAN_POINT('',(0.,37.5,212.));
#4184 = DIRECTION('',(-0.,-1.,-1.110223024625E-16));
#4185 = DIRECTION('',(1.,0.,0.));
#4186 = DEFINITIONAL_REPRESENTATION('',(#4187),#4191);
#4187 = LINE('',#4188,#4189);
#4188 = CARTESIAN_POINT('',(-0.,0.));
#4189 = VECTOR('',#4190,1.);
#4190 = DIRECTION('',(-1.,0.));
#4191 = ( GEOMETRIC_REPRESENTATION_CONTEXT(2) 
PARAMETRIC_REPRESENTATION_CONTEXT() REPRESENTATION_CONTEXT('2D SPACE',''
  ) );
#4192 = ORIENTED_EDGE('',*,*,#4193,.F.);
#4193 = EDGE_CURVE('',#4194,#4165,#4196,.T.);
#4194 = VERTEX_POINT('',#4195);
#4195 = CARTESIAN_POINT('',(-3.394747109539,37.5,187.01881368712));
#4196 = SURFACE_CURVE('',#4197,(#4202,#4213),.PCURVE_S1.);
#4197 = CIRCLE('',#4198,0.555);
#4198 = AXIS2_PLACEMENT_3D('',#4199,#4200,#4201);
#4199 = CARTESIAN_POINT('',(-3.943836586854,37.5,187.09959577612));
#4200 = DIRECTION('',(0.,-1.,-1.110223024625E-16));
#4201 = DIRECTION('',(-0.15643446504,1.096554336883E-16,-0.987688340595)
  );
#4202 = PCURVE('',#326,#4203);
#4203 = DEFINITIONAL_REPRESENTATION('',(#4204),#4212);
#4204 = ( BOUNDED_CURVE() B_SPLINE_CURVE(2,(#4205,#4206,#4207,#4208,
#4209,#4210,#4211),.UNSPECIFIED.,.T.,.F.) B_SPLINE_CURVE_WITH_KNOTS((1,2
    ,2,2,2,1),(-2.094395102393,0.,2.094395102393,4.188790204786,
6.28318530718,8.377580409573),.UNSPECIFIED.) CURVE() 
GEOMETRIC_REPRESENTATION_ITEM() RATIONAL_B_SPLINE_CURVE((1.,0.5,1.,0.5,
1.,0.5,1.)) REPRESENTATION_ITEM('') );
#4205 = CARTESIAN_POINT('',(-4.030657714951,25.448571252911));
#4206 = CARTESIAN_POINT('',(-3.081204569637,25.598949857946));
#4207 = CARTESIAN_POINT('',(-3.425699450148,24.701510011883));
#4208 = CARTESIAN_POINT('',(-3.770194330659,23.80407016582));
#4209 = CARTESIAN_POINT('',(-4.375152595463,24.551131406848));
#4210 = CARTESIAN_POINT('',(-4.980110860266,25.298192647876));
#4211 = CARTESIAN_POINT('',(-4.030657714951,25.448571252911));
#4212 = ( GEOMETRIC_REPRESENTATION_CONTEXT(2) 
PARAMETRIC_REPRESENTATION_CONTEXT() REPRESENTATION_CONTEXT('2D SPACE',''
  ) );
#4213 = PCURVE('',#4214,#4219);
#4214 = CYLINDRICAL_SURFACE('',#4215,0.555);
#4215 = AXIS2_PLACEMENT_3D('',#4216,#4217,#4218);
#4216 = CARTESIAN_POINT('',(-3.943836586854,37.4,187.09959577612));
#4217 = DIRECTION('',(-0.,-1.,-1.110223024625E-16));
#4218 = DIRECTION('',(-0.15643446504,1.096554336883E-16,-0.987688340595)
  );
#4219 = DEFINITIONAL_REPRESENTATION('',(#4220),#4224);
#4220 = LINE('',#4221,#4222);
#4221 = CARTESIAN_POINT('',(-6.28318530718,-0.1));
#4222 = VECTOR('',#4223,1.);
#4223 = DIRECTION('',(1.,-0.));
#4224 = ( GEOMETRIC_REPRESENTATION_CONTEXT(2) 
PARAMETRIC_REPRESENTATION_CONTEXT() REPRESENTATION_CONTEXT('2D SPACE',''
  ) );
#4225 = ORIENTED_EDGE('',*,*,#4226,.F.);
#4226 = EDGE_CURVE('',#4227,#4194,#4229,.T.);
#4227 = VERTEX_POINT('',#4228);
#4228 = CARTESIAN_POINT('',(-2.530792151689,37.5,186.91655787932));
#4229 = SURFACE_CURVE('',#4230,(#4235,#4242),.PCURVE_S1.);
#4230 = CIRCLE('',#4231,25.210790894703);
#4231 = AXIS2_PLACEMENT_3D('',#4232,#4233,#4234);
#4232 = CARTESIAN_POINT('',(0.,37.5,212.));
#4233 = DIRECTION('',(-0.,1.,1.110223024625E-16));
#4234 = DIRECTION('',(1.,0.,0.));
#4235 = PCURVE('',#326,#4236);
#4236 = DEFINITIONAL_REPRESENTATION('',(#4237),#4241);
#4237 = CIRCLE('',#4238,25.210790894703);
#4238 = AXIS2_PLACEMENT_2D('',#4239,#4240);
#4239 = CARTESIAN_POINT('',(2.412172678695E-15,0.));
#4240 = DIRECTION('',(1.,0.));
#4241 = ( GEOMETRIC_REPRESENTATION_CONTEXT(2) 
PARAMETRIC_REPRESENTATION_CONTEXT() REPRESENTATION_CONTEXT('2D SPACE',''
  ) );
#4242 = PCURVE('',#4243,#4248);
#4243 = CYLINDRICAL_SURFACE('',#4244,25.210790894703);
#4244 = AXIS2_PLACEMENT_3D('',#4245,#4246,#4247);
#4245 = CARTESIAN_POINT('',(0.,37.5,212.));
#4246 = DIRECTION('',(-0.,-1.,-1.110223024625E-16));
#4247 = DIRECTION('',(1.,0.,0.));
#4248 = DEFINITIONAL_REPRESENTATION('',(#4249),#4253);
#4249 = LINE('',#4250,#4251);
#4250 = CARTESIAN_POINT('',(-0.,0.));
#4251 = VECTOR('',#4252,1.);
#4252 = DIRECTION('',(-1.,0.));
#4253 = ( GEOMETRIC_REPRESENTATION_CONTEXT(2) 
PARAMETRIC_REPRESENTATION_CONTEXT() REPRESENTATION_CONTEXT('2D SPACE',''
  ) );
#4254 = ORIENTED_EDGE('',*,*,#4255,.F.);
#4255 = EDGE_CURVE('',#4256,#4227,#4258,.T.);
#4256 = VERTEX_POINT('',#4257);
#4257 = CARTESIAN_POINT('',(-1.424280948823,37.5,186.82947355903));
#4258 = SURFACE_CURVE('',#4259,(#4264,#4275),.PCURVE_S1.);
#4259 = CIRCLE('',#4260,0.555);
#4260 = AXIS2_PLACEMENT_3D('',#4261,#4262,#4263);
#4261 = CARTESIAN_POINT('',(-1.978015856182,37.5,186.86692555994));
#4262 = DIRECTION('',(0.,-1.,-1.110223024625E-16));
#4263 = DIRECTION('',(-7.845909572784E-02,1.106800577558E-16,
    -0.996917333733));
#4264 = PCURVE('',#326,#4265);
#4265 = DEFINITIONAL_REPRESENTATION('',(#4266),#4274);
#4266 = ( BOUNDED_CURVE() B_SPLINE_CURVE(2,(#4267,#4268,#4269,#4270,
#4271,#4272,#4273),.UNSPECIFIED.,.T.,.F.) B_SPLINE_CURVE_WITH_KNOTS((1,2
    ,2,2,2,1),(-2.094395102393,0.,2.094395102393,4.188790204786,
6.28318530718,8.377580409573),.UNSPECIFIED.) CURVE() 
GEOMETRIC_REPRESENTATION_ITEM() RATIONAL_B_SPLINE_CURVE((1.,0.5,1.,0.5,
1.,0.5,1.)) REPRESENTATION_ITEM('') );
#4267 = CARTESIAN_POINT('',(-2.021560654311,25.686363560273));
#4268 = CARTESIAN_POINT('',(-1.063235786812,25.761785363038));
#4269 = CARTESIAN_POINT('',(-1.477081023368,24.894140781322));
#4270 = CARTESIAN_POINT('',(-1.890926259924,24.026496199607));
#4271 = CARTESIAN_POINT('',(-2.435405890867,24.818718978558));
#4272 = CARTESIAN_POINT('',(-2.979885521811,25.610941757508));
#4273 = CARTESIAN_POINT('',(-2.021560654311,25.686363560273));
#4274 = ( GEOMETRIC_REPRESENTATION_CONTEXT(2) 
PARAMETRIC_REPRESENTATION_CONTEXT() REPRESENTATION_CONTEXT('2D SPACE',''
  ) );
#4275 = PCURVE('',#4276,#4281);
#4276 = CYLINDRICAL_SURFACE('',#4277,0.555);
#4277 = AXIS2_PLACEMENT_3D('',#4278,#4279,#4280);
#4278 = CARTESIAN_POINT('',(-1.978015856182,37.4,186.86692555994));
#4279 = DIRECTION('',(-0.,-1.,-1.110223024625E-16));
#4280 = DIRECTION('',(-7.845909572784E-02,1.106800577558E-16,
    -0.996917333733));
#4281 = DEFINITIONAL_REPRESENTATION('',(#4282),#4286);
#4282 = LINE('',#4283,#4284);
#4283 = CARTESIAN_POINT('',(-6.28318530718,-0.1));
#4284 = VECTOR('',#4285,1.);
#4285 = DIRECTION('',(1.,-0.));
#4286 = ( GEOMETRIC_REPRESENTATION_CONTEXT(2) 
PARAMETRIC_REPRESENTATION_CONTEXT() REPRESENTATION_CONTEXT('2D SPACE',''
  ) );
#4287 = ORIENTED_EDGE('',*,*,#4288,.F.);
#4288 = EDGE_CURVE('',#4289,#4256,#4291,.T.);
#4289 = VERTEX_POINT('',#4290);
#4290 = CARTESIAN_POINT('',(-0.554966377564,37.5,186.7953180965));
#4291 = SURFACE_CURVE('',#4292,(#4297,#4304),.PCURVE_S1.);
#4292 = CIRCLE('',#4293,25.210790894703);
#4293 = AXIS2_PLACEMENT_3D('',#4294,#4295,#4296);
#4294 = CARTESIAN_POINT('',(0.,37.5,212.));
#4295 = DIRECTION('',(-0.,1.,1.110223024625E-16));
#4296 = DIRECTION('',(1.,0.,0.));
#4297 = PCURVE('',#326,#4298);
#4298 = DEFINITIONAL_REPRESENTATION('',(#4299),#4303);
#4299 = CIRCLE('',#4300,25.210790894703);
#4300 = AXIS2_PLACEMENT_2D('',#4301,#4302);
#4301 = CARTESIAN_POINT('',(2.412172678695E-15,0.));
#4302 = DIRECTION('',(1.,0.));
#4303 = ( GEOMETRIC_REPRESENTATION_CONTEXT(2) 
PARAMETRIC_REPRESENTATION_CONTEXT() REPRESENTATION_CONTEXT('2D SPACE',''
  ) );
#4304 = PCURVE('',#4305,#4310);
#4305 = CYLINDRICAL_SURFACE('',#4306,25.210790894703);
#4306 = AXIS2_PLACEMENT_3D('',#4307,#4308,#4309);
#4307 = CARTESIAN_POINT('',(0.,37.5,212.));
#4308 = DIRECTION('',(-0.,-1.,-1.110223024625E-16));
#4309 = DIRECTION('',(1.,0.,0.));
#4310 = DEFINITIONAL_REPRESENTATION('',(#4311),#4315);
#4311 = LINE('',#4312,#4313);
#4312 = CARTESIAN_POINT('',(-0.,0.));
#4313 = VECTOR('',#4314,1.);
#4314 = DIRECTION('',(-1.,0.));
#4315 = ( GEOMETRIC_REPRESENTATION_CONTEXT(2) 
PARAMETRIC_REPRESENTATION_CONTEXT() REPRESENTATION_CONTEXT('2D SPACE',''
  ) );
#4316 = ORIENTED_EDGE('',*,*,#4317,.F.);
#4317 = EDGE_CURVE('',#4318,#4289,#4320,.T.);
#4318 = VERTEX_POINT('',#4319);
#4319 = CARTESIAN_POINT('',(0.554966377564,37.5,186.7953180965));
#4320 = SURFACE_CURVE('',#4321,(#4326,#4337),.PCURVE_S1.);
#4321 = CIRCLE('',#4322,0.555);
#4322 = AXIS2_PLACEMENT_3D('',#4323,#4324,#4325);
#4323 = CARTESIAN_POINT('',(1.543715718659E-15,37.5,186.78920910529));
#4324 = DIRECTION('',(0.,-1.,-1.110223024625E-16));
#4325 = DIRECTION('',(1.110223024625E-16,1.110223024625E-16,-1.));
#4326 = PCURVE('',#326,#4327);
#4327 = DEFINITIONAL_REPRESENTATION('',(#4328),#4336);
#4328 = ( BOUNDED_CURVE() B_SPLINE_CURVE(2,(#4329,#4330,#4331,#4332,
#4333,#4334,#4335),.UNSPECIFIED.,.T.,.F.) B_SPLINE_CURVE_WITH_KNOTS((1,2
    ,2,2,2,1),(-2.094395102393,0.,2.094395102393,4.188790204786,
6.28318530718,8.377580409573),.UNSPECIFIED.) CURVE() 
GEOMETRIC_REPRESENTATION_ITEM() RATIONAL_B_SPLINE_CURVE((1.,0.5,1.,0.5,
1.,0.5,1.)) REPRESENTATION_ITEM('') );
#4329 = CARTESIAN_POINT('',(4.017505775221E-15,25.765790894703));
#4330 = CARTESIAN_POINT('',(0.961288198201,25.765790894703));
#4331 = CARTESIAN_POINT('',(0.4806440991,24.933290894703));
#4332 = CARTESIAN_POINT('',(3.968589436326E-15,24.100790894703));
#4333 = CARTESIAN_POINT('',(-0.4806440991,24.933290894703));
#4334 = CARTESIAN_POINT('',(-0.961288198201,25.765790894703));
#4335 = CARTESIAN_POINT('',(4.017505775221E-15,25.765790894703));
#4336 = ( GEOMETRIC_REPRESENTATION_CONTEXT(2) 
PARAMETRIC_REPRESENTATION_CONTEXT() REPRESENTATION_CONTEXT('2D SPACE',''
  ) );
#4337 = PCURVE('',#4338,#4343);
#4338 = CYLINDRICAL_SURFACE('',#4339,0.555);
#4339 = AXIS2_PLACEMENT_3D('',#4340,#4341,#4342);
#4340 = CARTESIAN_POINT('',(1.543715718659E-15,37.4,186.78920910529));
#4341 = DIRECTION('',(0.,-1.,-1.110223024625E-16));
#4342 = DIRECTION('',(1.110223024625E-16,1.110223024625E-16,-1.));
#4343 = DEFINITIONAL_REPRESENTATION('',(#4344),#4348);
#4344 = LINE('',#4345,#4346);
#4345 = CARTESIAN_POINT('',(-6.28318530718,-0.1));
#4346 = VECTOR('',#4347,1.);
#4347 = DIRECTION('',(1.,-0.));
#4348 = ( GEOMETRIC_REPRESENTATION_CONTEXT(2) 
PARAMETRIC_REPRESENTATION_CONTEXT() REPRESENTATION_CONTEXT('2D SPACE',''
  ) );
#4349 = ORIENTED_EDGE('',*,*,#4350,.F.);
#4350 = EDGE_CURVE('',#4351,#4318,#4353,.T.);
#4351 = VERTEX_POINT('',#4352);
#4352 = CARTESIAN_POINT('',(1.424280948823,37.5,186.82947355903));
#4353 = SURFACE_CURVE('',#4354,(#4359,#4366),.PCURVE_S1.);
#4354 = CIRCLE('',#4355,25.210790894703);
#4355 = AXIS2_PLACEMENT_3D('',#4356,#4357,#4358);
#4356 = CARTESIAN_POINT('',(0.,37.5,212.));
#4357 = DIRECTION('',(-0.,1.,1.110223024625E-16));
#4358 = DIRECTION('',(1.,0.,0.));
#4359 = PCURVE('',#326,#4360);
#4360 = DEFINITIONAL_REPRESENTATION('',(#4361),#4365);
#4361 = CIRCLE('',#4362,25.210790894703);
#4362 = AXIS2_PLACEMENT_2D('',#4363,#4364);
#4363 = CARTESIAN_POINT('',(2.412172678695E-15,0.));
#4364 = DIRECTION('',(1.,0.));
#4365 = ( GEOMETRIC_REPRESENTATION_CONTEXT(2) 
PARAMETRIC_REPRESENTATION_CONTEXT() REPRESENTATION_CONTEXT('2D SPACE',''
  ) );
#4366 = PCURVE('',#4367,#4372);
#4367 = CYLINDRICAL_SURFACE('',#4368,25.210790894703);
#4368 = AXIS2_PLACEMENT_3D('',#4369,#4370,#4371);
#4369 = CARTESIAN_POINT('',(0.,37.5,212.));
#4370 = DIRECTION('',(-0.,-1.,-1.110223024625E-16));
#4371 = DIRECTION('',(1.,0.,0.));
#4372 = DEFINITIONAL_REPRESENTATION('',(#4373),#4377);
#4373 = LINE('',#4374,#4375);
#4374 = CARTESIAN_POINT('',(-0.,0.));
#4375 = VECTOR('',#4376,1.);
#4376 = DIRECTION('',(-1.,0.));
#4377 = ( GEOMETRIC_REPRESENTATION_CONTEXT(2) 
PARAMETRIC_REPRESENTATION_CONTEXT() REPRESENTATION_CONTEXT('2D SPACE',''
  ) );
#4378 = ORIENTED_EDGE('',*,*,#4379,.F.);
#4379 = EDGE_CURVE('',#4380,#4351,#4382,.T.);
#4380 = VERTEX_POINT('',#4381);
#4381 = CARTESIAN_POINT('',(2.530792151689,37.5,186.91655787932));
#4382 = SURFACE_CURVE('',#4383,(#4388,#4399),.PCURVE_S1.);
#4383 = CIRCLE('',#4384,0.555);
#4384 = AXIS2_PLACEMENT_3D('',#4385,#4386,#4387);
#4385 = CARTESIAN_POINT('',(1.978015856182,37.5,186.86692555994));
#4386 = DIRECTION('',(0.,-1.,-1.110223024625E-16));
#4387 = DIRECTION('',(7.845909572785E-02,1.106800577558E-16,
    -0.996917333733));
#4388 = PCURVE('',#326,#4389);
#4389 = DEFINITIONAL_REPRESENTATION('',(#4390),#4398);
#4390 = ( BOUNDED_CURVE() B_SPLINE_CURVE(2,(#4391,#4392,#4393,#4394,
#4395,#4396,#4397),.UNSPECIFIED.,.T.,.F.) B_SPLINE_CURVE_WITH_KNOTS((1,2
    ,2,2,2,1),(-2.094395102393,0.,2.094395102393,4.188790204786,
6.28318530718,8.377580409573),.UNSPECIFIED.) CURVE() 
GEOMETRIC_REPRESENTATION_ITEM() RATIONAL_B_SPLINE_CURVE((1.,0.5,1.,0.5,
1.,0.5,1.)) REPRESENTATION_ITEM('') );
#4391 = CARTESIAN_POINT('',(2.021560654311,25.686363560273));
#4392 = CARTESIAN_POINT('',(2.979885521811,25.610941757508));
#4393 = CARTESIAN_POINT('',(2.435405890867,24.818718978558));
#4394 = CARTESIAN_POINT('',(1.890926259924,24.026496199607));
#4395 = CARTESIAN_POINT('',(1.477081023368,24.894140781322));
#4396 = CARTESIAN_POINT('',(1.063235786812,25.761785363038));
#4397 = CARTESIAN_POINT('',(2.021560654311,25.686363560273));
#4398 = ( GEOMETRIC_REPRESENTATION_CONTEXT(2) 
PARAMETRIC_REPRESENTATION_CONTEXT() REPRESENTATION_CONTEXT('2D SPACE',''
  ) );
#4399 = PCURVE('',#4400,#4405);
#4400 = CYLINDRICAL_SURFACE('',#4401,0.555);
#4401 = AXIS2_PLACEMENT_3D('',#4402,#4403,#4404);
#4402 = CARTESIAN_POINT('',(1.978015856182,37.4,186.86692555994));
#4403 = DIRECTION('',(0.,-1.,-1.110223024625E-16));
#4404 = DIRECTION('',(7.845909572785E-02,1.106800577558E-16,
    -0.996917333733));
#4405 = DEFINITIONAL_REPRESENTATION('',(#4406),#4410);
#4406 = LINE('',#4407,#4408);
#4407 = CARTESIAN_POINT('',(-6.28318530718,-0.1));
#4408 = VECTOR('',#4409,1.);
#4409 = DIRECTION('',(1.,-0.));
#4410 = ( GEOMETRIC_REPRESENTATION_CONTEXT(2) 
PARAMETRIC_REPRESENTATION_CONTEXT() REPRESENTATION_CONTEXT('2D SPACE',''
  ) );
#4411 = ORIENTED_EDGE('',*,*,#4412,.F.);
#4412 = EDGE_CURVE('',#4413,#4380,#4415,.T.);
#4413 = VERTEX_POINT('',#4414);
#4414 = CARTESIAN_POINT('',(3.39474710954,37.5,187.01881368712));
#4415 = SURFACE_CURVE('',#4416,(#4421,#4428),.PCURVE_S1.);
#4416 = CIRCLE('',#4417,25.210790894703);
#4417 = AXIS2_PLACEMENT_3D('',#4418,#4419,#4420);
#4418 = CARTESIAN_POINT('',(0.,37.5,212.));
#4419 = DIRECTION('',(-0.,1.,1.110223024625E-16));
#4420 = DIRECTION('',(1.,0.,0.));
#4421 = PCURVE('',#326,#4422);
#4422 = DEFINITIONAL_REPRESENTATION('',(#4423),#4427);
#4423 = CIRCLE('',#4424,25.210790894703);
#4424 = AXIS2_PLACEMENT_2D('',#4425,#4426);
#4425 = CARTESIAN_POINT('',(2.412172678695E-15,0.));
#4426 = DIRECTION('',(1.,0.));
#4427 = ( GEOMETRIC_REPRESENTATION_CONTEXT(2) 
PARAMETRIC_REPRESENTATION_CONTEXT() REPRESENTATION_CONTEXT('2D SPACE',''
  ) );
#4428 = PCURVE('',#4429,#4434);
#4429 = CYLINDRICAL_SURFACE('',#4430,25.210790894703);
#4430 = AXIS2_PLACEMENT_3D('',#4431,#4432,#4433);
#4431 = CARTESIAN_POINT('',(0.,37.5,212.));
#4432 = DIRECTION('',(-0.,-1.,-1.110223024625E-16));
#4433 = DIRECTION('',(1.,0.,0.));
#4434 = DEFINITIONAL_REPRESENTATION('',(#4435),#4439);
#4435 = LINE('',#4436,#4437);
#4436 = CARTESIAN_POINT('',(-0.,0.));
#4437 = VECTOR('',#4438,1.);
#4438 = DIRECTION('',(-1.,0.));
#4439 = ( GEOMETRIC_REPRESENTATION_CONTEXT(2) 
PARAMETRIC_REPRESENTATION_CONTEXT() REPRESENTATION_CONTEXT('2D SPACE',''
  ) );
#4440 = ORIENTED_EDGE('',*,*,#4441,.F.);
#4441 = EDGE_CURVE('',#4442,#4413,#4444,.T.);
#4442 = VERTEX_POINT('',#4443);
#4443 = CARTESIAN_POINT('',(4.491014750624,37.5,187.1924454239));
#4444 = SURFACE_CURVE('',#4445,(#4450,#4461),.PCURVE_S1.);
#4445 = CIRCLE('',#4446,0.555);
#4446 = AXIS2_PLACEMENT_3D('',#4447,#4448,#4449);
#4447 = CARTESIAN_POINT('',(3.943836586854,37.5,187.09959577612));
#4448 = DIRECTION('',(0.,-1.,-1.110223024625E-16));
#4449 = DIRECTION('',(0.15643446504,1.096554336883E-16,-0.987688340595)
  );
#4450 = PCURVE('',#326,#4451);
#4451 = DEFINITIONAL_REPRESENTATION('',(#4452),#4460);
#4452 = ( BOUNDED_CURVE() B_SPLINE_CURVE(2,(#4453,#4454,#4455,#4456,
#4457,#4458,#4459),.UNSPECIFIED.,.T.,.F.) B_SPLINE_CURVE_WITH_KNOTS((1,2
    ,2,2,2,1),(-2.094395102393,0.,2.094395102393,4.188790204786,
6.28318530718,8.377580409573),.UNSPECIFIED.) CURVE() 
GEOMETRIC_REPRESENTATION_ITEM() RATIONAL_B_SPLINE_CURVE((1.,0.5,1.,0.5,
1.,0.5,1.)) REPRESENTATION_ITEM('') );
#4453 = CARTESIAN_POINT('',(4.030657714951,25.448571252911));
#4454 = CARTESIAN_POINT('',(4.980110860266,25.298192647876));
#4455 = CARTESIAN_POINT('',(4.375152595463,24.551131406848));
#4456 = CARTESIAN_POINT('',(3.770194330659,23.80407016582));
#4457 = CARTESIAN_POINT('',(3.425699450148,24.701510011883));
#4458 = CARTESIAN_POINT('',(3.081204569637,25.598949857946));
#4459 = CARTESIAN_POINT('',(4.030657714951,25.448571252911));
#4460 = ( GEOMETRIC_REPRESENTATION_CONTEXT(2) 
PARAMETRIC_REPRESENTATION_CONTEXT() REPRESENTATION_CONTEXT('2D SPACE',''
  ) );
#4461 = PCURVE('',#4462,#4467);
#4462 = CYLINDRICAL_SURFACE('',#4463,0.555);
#4463 = AXIS2_PLACEMENT_3D('',#4464,#4465,#4466);
#4464 = CARTESIAN_POINT('',(3.943836586854,37.4,187.09959577612));
#4465 = DIRECTION('',(0.,-1.,-1.110223024625E-16));
#4466 = DIRECTION('',(0.15643446504,1.096554336883E-16,-0.987688340595)
  );
#4467 = DEFINITIONAL_REPRESENTATION('',(#4468),#4472);
#4468 = LINE('',#4469,#4470);
#4469 = CARTESIAN_POINT('',(-6.28318530718,-0.1));
#4470 = VECTOR('',#4471,1.);
#4471 = DIRECTION('',(1.,-0.));
#4472 = ( GEOMETRIC_REPRESENTATION_CONTEXT(2) 
PARAMETRIC_REPRESENTATION_CONTEXT() REPRESENTATION_CONTEXT('2D SPACE',''
  ) );
#4473 = ORIENTED_EDGE('',*,*,#4474,.F.);
#4474 = EDGE_CURVE('',#4475,#4442,#4477,.T.);
#4475 = VERTEX_POINT('',#4476);
#4476 = CARTESIAN_POINT('',(5.344283525458,37.5,187.36217113591));
#4477 = SURFACE_CURVE('',#4478,(#4483,#4490),.PCURVE_S1.);
#4478 = CIRCLE('',#4479,25.210790894703);
#4479 = AXIS2_PLACEMENT_3D('',#4480,#4481,#4482);
#4480 = CARTESIAN_POINT('',(0.,37.5,212.));
#4481 = DIRECTION('',(-0.,1.,1.110223024625E-16));
#4482 = DIRECTION('',(1.,0.,0.));
#4483 = PCURVE('',#326,#4484);
#4484 = DEFINITIONAL_REPRESENTATION('',(#4485),#4489);
#4485 = CIRCLE('',#4486,25.210790894703);
#4486 = AXIS2_PLACEMENT_2D('',#4487,#4488);
#4487 = CARTESIAN_POINT('',(2.412172678695E-15,0.));
#4488 = DIRECTION('',(1.,0.));
#4489 = ( GEOMETRIC_REPRESENTATION_CONTEXT(2) 
PARAMETRIC_REPRESENTATION_CONTEXT() REPRESENTATION_CONTEXT('2D SPACE',''
  ) );
#4490 = PCURVE('',#4491,#4496);
#4491 = CYLINDRICAL_SURFACE('',#4492,25.210790894703);
#4492 = AXIS2_PLACEMENT_3D('',#4493,#4494,#4495);
#4493 = CARTESIAN_POINT('',(0.,37.5,212.));
#4494 = DIRECTION('',(-0.,-1.,-1.110223024625E-16));
#4495 = DIRECTION('',(1.,0.,0.));
#4496 = DEFINITIONAL_REPRESENTATION('',(#4497),#4501);
#4497 = LINE('',#4498,#4499);
#4498 = CARTESIAN_POINT('',(-0.,0.));
#4499 = VECTOR('',#4500,1.);
#4500 = DIRECTION('',(-1.,0.));
#4501 = ( GEOMETRIC_REPRESENTATION_CONTEXT(2) 
PARAMETRIC_REPRESENTATION_CONTEXT() REPRESENTATION_CONTEXT('2D SPACE',''
  ) );
#4502 = ORIENTED_EDGE('',*,*,#4503,.F.);
#4503 = EDGE_CURVE('',#4504,#4475,#4506,.T.);
#4504 = VERTEX_POINT('',#4505);
#4505 = CARTESIAN_POINT('',(6.423548750208,37.5,187.62127979179));
#4506 = SURFACE_CURVE('',#4507,(#4512,#4523),.PCURVE_S1.);
#4507 = CIRCLE('',#4508,0.555);
#4508 = AXIS2_PLACEMENT_3D('',#4509,#4510,#4511);
#4509 = CARTESIAN_POINT('',(5.885342253509,37.5,187.48578526455));
#4510 = DIRECTION('',(0.,-1.,-1.110223024625E-16));
#4511 = DIRECTION('',(0.233445363856,1.079547474078E-16,-0.972369920398)
  );
#4512 = PCURVE('',#326,#4513);
#4513 = DEFINITIONAL_REPRESENTATION('',(#4514),#4522);
#4514 = ( BOUNDED_CURVE() B_SPLINE_CURVE(2,(#4515,#4516,#4517,#4518,
#4519,#4520,#4521),.UNSPECIFIED.,.T.,.F.) B_SPLINE_CURVE_WITH_KNOTS((1,2
    ,2,2,2,1),(-2.094395102393,0.,2.094395102393,4.188790204786,
6.28318530718,8.377580409573),.UNSPECIFIED.) CURVE() 
GEOMETRIC_REPRESENTATION_ITEM() RATIONAL_B_SPLINE_CURVE((1.,0.5,1.,0.5,
1.,0.5,1.)) REPRESENTATION_ITEM('') );
#4515 = CARTESIAN_POINT('',(6.014904430449,25.053880041266));
#4516 = CARTESIAN_POINT('',(6.949632159213,24.829471768066));
#4517 = CARTESIAN_POINT('',(6.287925029421,24.132177945935));
#4518 = CARTESIAN_POINT('',(5.626217899629,23.434884123804));
#4519 = CARTESIAN_POINT('',(5.353197300657,24.356586219134));
#4520 = CARTESIAN_POINT('',(5.080176701686,25.278288314465));
#4521 = CARTESIAN_POINT('',(6.014904430449,25.053880041266));
#4522 = ( GEOMETRIC_REPRESENTATION_CONTEXT(2) 
PARAMETRIC_REPRESENTATION_CONTEXT() REPRESENTATION_CONTEXT('2D SPACE',''
  ) );
#4523 = PCURVE('',#4524,#4529);
#4524 = CYLINDRICAL_SURFACE('',#4525,0.555);
#4525 = AXIS2_PLACEMENT_3D('',#4526,#4527,#4528);
#4526 = CARTESIAN_POINT('',(5.885342253509,37.4,187.48578526455));
#4527 = DIRECTION('',(0.,-1.,-1.110223024625E-16));
#4528 = DIRECTION('',(0.233445363856,1.079547474078E-16,-0.972369920398)
  );
#4529 = DEFINITIONAL_REPRESENTATION('',(#4530),#4534);
#4530 = LINE('',#4531,#4532);
#4531 = CARTESIAN_POINT('',(-6.28318530718,-0.1));
#4532 = VECTOR('',#4533,1.);
#4533 = DIRECTION('',(1.,-0.));
#4534 = ( GEOMETRIC_REPRESENTATION_CONTEXT(2) 
PARAMETRIC_REPRESENTATION_CONTEXT() REPRESENTATION_CONTEXT('2D SPACE',''
  ) );
#4535 = ORIENTED_EDGE('',*,*,#4536,.F.);
#4536 = EDGE_CURVE('',#4537,#4504,#4539,.T.);
#4537 = VERTEX_POINT('',#4538);
#4538 = CARTESIAN_POINT('',(7.260870656287,37.5,187.85742899256));
#4539 = SURFACE_CURVE('',#4540,(#4545,#4552),.PCURVE_S1.);
#4540 = CIRCLE('',#4541,25.210790894703);
#4541 = AXIS2_PLACEMENT_3D('',#4542,#4543,#4544);
#4542 = CARTESIAN_POINT('',(0.,37.5,212.));
#4543 = DIRECTION('',(-0.,1.,1.110223024625E-16));
#4544 = DIRECTION('',(1.,0.,0.));
#4545 = PCURVE('',#326,#4546);
#4546 = DEFINITIONAL_REPRESENTATION('',(#4547),#4551);
#4547 = CIRCLE('',#4548,25.210790894703);
#4548 = AXIS2_PLACEMENT_2D('',#4549,#4550);
#4549 = CARTESIAN_POINT('',(2.412172678695E-15,0.));
#4550 = DIRECTION('',(1.,0.));
#4551 = ( GEOMETRIC_REPRESENTATION_CONTEXT(2) 
PARAMETRIC_REPRESENTATION_CONTEXT() REPRESENTATION_CONTEXT('2D SPACE',''
  ) );
#4552 = PCURVE('',#4553,#4558);
#4553 = CYLINDRICAL_SURFACE('',#4554,25.210790894703);
#4554 = AXIS2_PLACEMENT_3D('',#4555,#4556,#4557);
#4555 = CARTESIAN_POINT('',(0.,37.5,212.));
#4556 = DIRECTION('',(-0.,-1.,-1.110223024625E-16));
#4557 = DIRECTION('',(1.,0.,0.));
#4558 = DEFINITIONAL_REPRESENTATION('',(#4559),#4563);
#4559 = LINE('',#4560,#4561);
#4560 = CARTESIAN_POINT('',(-0.,0.));
#4561 = VECTOR('',#4562,1.);
#4562 = DIRECTION('',(-1.,0.));
#4563 = ( GEOMETRIC_REPRESENTATION_CONTEXT(2) 
PARAMETRIC_REPRESENTATION_CONTEXT() REPRESENTATION_CONTEXT('2D SPACE',''
  ) );
#4564 = ORIENTED_EDGE('',*,*,#4565,.F.);
#4565 = EDGE_CURVE('',#4566,#4537,#4568,.T.);
#4566 = VERTEX_POINT('',#4567);
#4567 = CARTESIAN_POINT('',(8.316479435701,37.5,188.20041707651));
#4568 = SURFACE_CURVE('',#4569,(#4574,#4585),.PCURVE_S1.);
#4569 = CIRCLE('',#4570,0.555);
#4570 = AXIS2_PLACEMENT_3D('',#4571,#4572,#4573);
#4571 = CARTESIAN_POINT('',(7.790562828096,37.5,188.02311303863));
#4572 = DIRECTION('',(0.,-1.,-1.110223024625E-16));
#4573 = DIRECTION('',(0.309016994375,1.055884842111E-16,-0.951056516295)
  );
#4574 = PCURVE('',#326,#4575);
#4575 = DEFINITIONAL_REPRESENTATION('',(#4576),#4584);
#4576 = ( BOUNDED_CURVE() B_SPLINE_CURVE(2,(#4577,#4578,#4579,#4580,
#4581,#4582,#4583),.UNSPECIFIED.,.T.,.F.) B_SPLINE_CURVE_WITH_KNOTS((1,2
    ,2,2,2,1),(-2.094395102393,0.,2.094395102393,4.188790204786,
6.28318530718,8.377580409573),.UNSPECIFIED.) CURVE() 
GEOMETRIC_REPRESENTATION_ITEM() RATIONAL_B_SPLINE_CURVE((1.,0.5,1.,0.5,
1.,0.5,1.)) REPRESENTATION_ITEM('') );
#4577 = CARTESIAN_POINT('',(7.962067259975,24.504723327906));
#4578 = CARTESIAN_POINT('',(8.876306664911,24.20766893817));
#4579 = CARTESIAN_POINT('',(8.161930314626,23.564441583222));
#4580 = CARTESIAN_POINT('',(7.44755396434,22.921214228274));
#4581 = CARTESIAN_POINT('',(7.247690909689,23.861495972958));
#4582 = CARTESIAN_POINT('',(7.047827855038,24.801777717642));
#4583 = CARTESIAN_POINT('',(7.962067259975,24.504723327906));
#4584 = ( GEOMETRIC_REPRESENTATION_CONTEXT(2) 
PARAMETRIC_REPRESENTATION_CONTEXT() REPRESENTATION_CONTEXT('2D SPACE',''
  ) );
#4585 = PCURVE('',#4586,#4591);
#4586 = CYLINDRICAL_SURFACE('',#4587,0.555);
#4587 = AXIS2_PLACEMENT_3D('',#4588,#4589,#4590);
#4588 = CARTESIAN_POINT('',(7.790562828096,37.4,188.02311303863));
#4589 = DIRECTION('',(0.,-1.,-1.110223024625E-16));
#4590 = DIRECTION('',(0.309016994375,1.055884842111E-16,-0.951056516295)
  );
#4591 = DEFINITIONAL_REPRESENTATION('',(#4592),#4596);
#4592 = LINE('',#4593,#4594);
#4593 = CARTESIAN_POINT('',(-6.28318530718,-0.1));
#4594 = VECTOR('',#4595,1.);
#4595 = DIRECTION('',(1.,-0.));
#4596 = ( GEOMETRIC_REPRESENTATION_CONTEXT(2) 
PARAMETRIC_REPRESENTATION_CONTEXT() REPRESENTATION_CONTEXT('2D SPACE',''
  ) );
#4597 = ORIENTED_EDGE('',*,*,#4598,.F.);
#4598 = EDGE_CURVE('',#4599,#4566,#4601,.T.);
#4599 = VERTEX_POINT('',#4600);
#4600 = CARTESIAN_POINT('',(9.132692105035,37.5,188.50153382769));
#4601 = SURFACE_CURVE('',#4602,(#4607,#4614),.PCURVE_S1.);
#4602 = CIRCLE('',#4603,25.210790894703);
#4603 = AXIS2_PLACEMENT_3D('',#4604,#4605,#4606);
#4604 = CARTESIAN_POINT('',(0.,37.5,212.));
#4605 = DIRECTION('',(-0.,1.,1.110223024625E-16));
#4606 = DIRECTION('',(1.,0.,0.));
#4607 = PCURVE('',#326,#4608);
#4608 = DEFINITIONAL_REPRESENTATION('',(#4609),#4613);
#4609 = CIRCLE('',#4610,25.210790894703);
#4610 = AXIS2_PLACEMENT_2D('',#4611,#4612);
#4611 = CARTESIAN_POINT('',(2.412172678695E-15,0.));
#4612 = DIRECTION('',(1.,0.));
#4613 = ( GEOMETRIC_REPRESENTATION_CONTEXT(2) 
PARAMETRIC_REPRESENTATION_CONTEXT() REPRESENTATION_CONTEXT('2D SPACE',''
  ) );
#4614 = PCURVE('',#4615,#4620);
#4615 = CYLINDRICAL_SURFACE('',#4616,25.210790894703);
#4616 = AXIS2_PLACEMENT_3D('',#4617,#4618,#4619);
#4617 = CARTESIAN_POINT('',(0.,37.5,212.));
#4618 = DIRECTION('',(-0.,-1.,-1.110223024625E-16));
#4619 = DIRECTION('',(1.,0.,0.));
#4620 = DEFINITIONAL_REPRESENTATION('',(#4621),#4625);
#4621 = LINE('',#4622,#4623);
#4622 = CARTESIAN_POINT('',(-0.,0.));
#4623 = VECTOR('',#4624,1.);
#4624 = DIRECTION('',(-1.,0.));
#4625 = ( GEOMETRIC_REPRESENTATION_CONTEXT(2) 
PARAMETRIC_REPRESENTATION_CONTEXT() REPRESENTATION_CONTEXT('2D SPACE',''
  ) );
#4626 = ORIENTED_EDGE('',*,*,#4627,.F.);
#4627 = EDGE_CURVE('',#4628,#4599,#4630,.T.);
#4628 = VERTEX_POINT('',#4629);
#4629 = CARTESIAN_POINT('',(10.158136259962,37.5,188.92628670411));
#4630 = SURFACE_CURVE('',#4631,(#4636,#4647),.PCURVE_S1.);
#4631 = CIRCLE('',#4632,0.555);
#4632 = AXIS2_PLACEMENT_3D('',#4633,#4634,#4635);
#4633 = CARTESIAN_POINT('',(9.647751992224,37.5,188.70826629396));
#4634 = DIRECTION('',(0.,-1.,-1.110223024625E-16));
#4635 = DIRECTION('',(0.382683432365,1.025712328974E-16,-0.923879532511)
  );
#4636 = PCURVE('',#326,#4637);
#4637 = DEFINITIONAL_REPRESENTATION('',(#4638),#4646);
#4638 = ( BOUNDED_CURVE() B_SPLINE_CURVE(2,(#4639,#4640,#4641,#4642,
#4643,#4644,#4645),.UNSPECIFIED.,.T.,.F.) B_SPLINE_CURVE_WITH_KNOTS((1,2
    ,2,2,2,1),(-2.094395102393,0.,2.094395102393,4.188790204786,
6.28318530718,8.377580409573),.UNSPECIFIED.) CURVE() 
GEOMETRIC_REPRESENTATION_ITEM() RATIONAL_B_SPLINE_CURVE((1.,0.5,1.,0.5,
1.,0.5,1.)) REPRESENTATION_ITEM('') );
#4639 = CARTESIAN_POINT('',(9.860141297186,23.804486846582));
#4640 = CARTESIAN_POINT('',(10.748255788349,23.436617779403));
#4641 = CARTESIAN_POINT('',(9.985614585323,22.851422602177));
#4642 = CARTESIAN_POINT('',(9.222973382298,22.266227424951));
#4643 = CARTESIAN_POINT('',(9.097500094161,23.219291669356));
#4644 = CARTESIAN_POINT('',(8.972026806024,24.172355913762));
#4645 = CARTESIAN_POINT('',(9.860141297186,23.804486846582));
#4646 = ( GEOMETRIC_REPRESENTATION_CONTEXT(2) 
PARAMETRIC_REPRESENTATION_CONTEXT() REPRESENTATION_CONTEXT('2D SPACE',''
  ) );
#4647 = PCURVE('',#4648,#4653);
#4648 = CYLINDRICAL_SURFACE('',#4649,0.555);
#4649 = AXIS2_PLACEMENT_3D('',#4650,#4651,#4652);
#4650 = CARTESIAN_POINT('',(9.647751992224,37.4,188.70826629396));
#4651 = DIRECTION('',(0.,-1.,-1.110223024625E-16));
#4652 = DIRECTION('',(0.382683432365,1.025712328974E-16,-0.923879532511)
  );
#4653 = DEFINITIONAL_REPRESENTATION('',(#4654),#4658);
#4654 = LINE('',#4655,#4656);
#4655 = CARTESIAN_POINT('',(-6.28318530718,-0.1));
#4656 = VECTOR('',#4657,1.);
#4657 = DIRECTION('',(1.,-0.));
#4658 = ( GEOMETRIC_REPRESENTATION_CONTEXT(2) 
PARAMETRIC_REPRESENTATION_CONTEXT() REPRESENTATION_CONTEXT('2D SPACE',''
  ) );
#4659 = ORIENTED_EDGE('',*,*,#4660,.F.);
#4660 = EDGE_CURVE('',#4661,#4628,#4663,.T.);
#4661 = VERTEX_POINT('',#4662);
#4662 = CARTESIAN_POINT('',(10.948207470028,37.5,189.2905145208));
#4663 = SURFACE_CURVE('',#4664,(#4669,#4676),.PCURVE_S1.);
#4664 = CIRCLE('',#4665,25.210790894703);
#4665 = AXIS2_PLACEMENT_3D('',#4666,#4667,#4668);
#4666 = CARTESIAN_POINT('',(0.,37.5,212.));
#4667 = DIRECTION('',(-0.,1.,1.110223024625E-16));
#4668 = DIRECTION('',(1.,0.,0.));
#4669 = PCURVE('',#326,#4670);
#4670 = DEFINITIONAL_REPRESENTATION('',(#4671),#4675);
#4671 = CIRCLE('',#4672,25.210790894703);
#4672 = AXIS2_PLACEMENT_2D('',#4673,#4674);
#4673 = CARTESIAN_POINT('',(2.412172678695E-15,0.));
#4674 = DIRECTION('',(1.,0.));
#4675 = ( GEOMETRIC_REPRESENTATION_CONTEXT(2) 
PARAMETRIC_REPRESENTATION_CONTEXT() REPRESENTATION_CONTEXT('2D SPACE',''
  ) );
#4676 = PCURVE('',#4677,#4682);
#4677 = CYLINDRICAL_SURFACE('',#4678,25.210790894703);
#4678 = AXIS2_PLACEMENT_3D('',#4679,#4680,#4681);
#4679 = CARTESIAN_POINT('',(0.,37.5,212.));
#4680 = DIRECTION('',(-0.,-1.,-1.110223024625E-16));
#4681 = DIRECTION('',(1.,0.,0.));
#4682 = DEFINITIONAL_REPRESENTATION('',(#4683),#4687);
#4683 = LINE('',#4684,#4685);
#4684 = CARTESIAN_POINT('',(-0.,0.));
#4685 = VECTOR('',#4686,1.);
#4686 = DIRECTION('',(-1.,0.));
#4687 = ( GEOMETRIC_REPRESENTATION_CONTEXT(2) 
PARAMETRIC_REPRESENTATION_CONTEXT() REPRESENTATION_CONTEXT('2D SPACE',''
  ) );
#4688 = ORIENTED_EDGE('',*,*,#4689,.F.);
#4689 = EDGE_CURVE('',#4690,#4661,#4692,.T.);
#4690 = VERTEX_POINT('',#4691);
#4691 = CARTESIAN_POINT('',(11.937164796257,37.5,189.79441344698));
#4692 = SURFACE_CURVE('',#4693,(#4698,#4709),.PCURVE_S1.);
#4693 = CIRCLE('',#4694,0.555);
#4694 = AXIS2_PLACEMENT_3D('',#4695,#4696,#4697);
#4695 = CARTESIAN_POINT('',(11.445459557116,37.5,189.53702083287));
#4696 = DIRECTION('',(0.,-1.,-1.110223024625E-16));
#4697 = DIRECTION('',(0.45399049974,9.892159582452E-17,-0.891006524188)
  );
#4698 = PCURVE('',#326,#4699);
#4699 = DEFINITIONAL_REPRESENTATION('',(#4700),#4708);
#4700 = ( BOUNDED_CURVE() B_SPLINE_CURVE(2,(#4701,#4702,#4703,#4704,
#4705,#4706,#4707),.UNSPECIFIED.,.T.,.F.) B_SPLINE_CURVE_WITH_KNOTS((1,2
    ,2,2,2,1),(-2.094395102393,0.,2.094395102393,4.188790204786,
6.28318530718,8.377580409573),.UNSPECIFIED.) CURVE() 
GEOMETRIC_REPRESENTATION_ITEM() RATIONAL_B_SPLINE_CURVE((1.,0.5,1.,0.5,
1.,0.5,1.)) REPRESENTATION_ITEM('') );
#4701 = CARTESIAN_POINT('',(11.697424284471,22.957487788054));
#4702 = CARTESIAN_POINT('',(12.553938340693,22.521072078559));
#4703 = CARTESIAN_POINT('',(11.747734221549,21.99751700192));
#4704 = CARTESIAN_POINT('',(10.941530102405,21.47396192528));
#4705 = CARTESIAN_POINT('',(10.891220165327,22.433932711414));
#4706 = CARTESIAN_POINT('',(10.840910228249,23.393903497549));
#4707 = CARTESIAN_POINT('',(11.697424284471,22.957487788054));
#4708 = ( GEOMETRIC_REPRESENTATION_CONTEXT(2) 
PARAMETRIC_REPRESENTATION_CONTEXT() REPRESENTATION_CONTEXT('2D SPACE',''
  ) );
#4709 = PCURVE('',#4710,#4715);
#4710 = CYLINDRICAL_SURFACE('',#4711,0.555);
#4711 = AXIS2_PLACEMENT_3D('',#4712,#4713,#4714);
#4712 = CARTESIAN_POINT('',(11.445459557116,37.4,189.53702083287));
#4713 = DIRECTION('',(0.,-1.,-1.110223024625E-16));
#4714 = DIRECTION('',(0.45399049974,9.892159582452E-17,-0.891006524188)
  );
#4715 = DEFINITIONAL_REPRESENTATION('',(#4716),#4720);
#4716 = LINE('',#4717,#4718);
#4717 = CARTESIAN_POINT('',(-6.28318530718,-0.1));
#4718 = VECTOR('',#4719,1.);
#4719 = DIRECTION('',(1.,-0.));
#4720 = ( GEOMETRIC_REPRESENTATION_CONTEXT(2) 
PARAMETRIC_REPRESENTATION_CONTEXT() REPRESENTATION_CONTEXT('2D SPACE',''
  ) );
#4721 = ORIENTED_EDGE('',*,*,#4722,.F.);
#4722 = EDGE_CURVE('',#4723,#4690,#4725,.T.);
#4723 = VERTEX_POINT('',#4724);
#4724 = CARTESIAN_POINT('',(12.696223495319,37.5,190.21950674357));
#4725 = SURFACE_CURVE('',#4726,(#4731,#4738),.PCURVE_S1.);
#4726 = CIRCLE('',#4727,25.210790894703);
#4727 = AXIS2_PLACEMENT_3D('',#4728,#4729,#4730);
#4728 = CARTESIAN_POINT('',(0.,37.5,212.));
#4729 = DIRECTION('',(-0.,1.,1.110223024625E-16));
#4730 = DIRECTION('',(1.,0.,0.));
#4731 = PCURVE('',#326,#4732);
#4732 = DEFINITIONAL_REPRESENTATION('',(#4733),#4737);
#4733 = CIRCLE('',#4734,25.210790894703);
#4734 = AXIS2_PLACEMENT_2D('',#4735,#4736);
#4735 = CARTESIAN_POINT('',(2.412172678695E-15,0.));
#4736 = DIRECTION('',(1.,0.));
#4737 = ( GEOMETRIC_REPRESENTATION_CONTEXT(2) 
PARAMETRIC_REPRESENTATION_CONTEXT() REPRESENTATION_CONTEXT('2D SPACE',''
  ) );
#4738 = PCURVE('',#4739,#4744);
#4739 = CYLINDRICAL_SURFACE('',#4740,25.210790894703);
#4740 = AXIS2_PLACEMENT_3D('',#4741,#4742,#4743);
#4741 = CARTESIAN_POINT('',(0.,37.5,212.));
#4742 = DIRECTION('',(-0.,-1.,-1.110223024625E-16));
#4743 = DIRECTION('',(1.,0.,0.));
#4744 = DEFINITIONAL_REPRESENTATION('',(#4745),#4749);
#4745 = LINE('',#4746,#4747);
#4746 = CARTESIAN_POINT('',(-0.,0.));
#4747 = VECTOR('',#4748,1.);
#4748 = DIRECTION('',(-1.,0.));
#4749 = ( GEOMETRIC_REPRESENTATION_CONTEXT(2) 
PARAMETRIC_REPRESENTATION_CONTEXT() REPRESENTATION_CONTEXT('2D SPACE',''
  ) );
#4750 = ORIENTED_EDGE('',*,*,#4751,.F.);
#4751 = EDGE_CURVE('',#4752,#4723,#4754,.T.);
#4752 = VERTEX_POINT('',#4753);
#4753 = CARTESIAN_POINT('',(13.642596742074,37.5,190.79944501505));
#4754 = SURFACE_CURVE('',#4755,(#4760,#4771),.PCURVE_S1.);
#4755 = CIRCLE('',#4756,0.555);
#4756 = AXIS2_PLACEMENT_3D('',#4757,#4758,#4759);
#4757 = CARTESIAN_POINT('',(13.172602057836,37.5,190.50426710804));
#4758 = DIRECTION('',(0.,-1.,-1.110223024625E-16));
#4759 = DIRECTION('',(0.522498564716,9.466207421861E-17,-0.852640164354)
  );
#4760 = PCURVE('',#326,#4761);
#4761 = DEFINITIONAL_REPRESENTATION('',(#4762),#4770);
#4762 = ( BOUNDED_CURVE() B_SPLINE_CURVE(2,(#4763,#4764,#4765,#4766,
#4767,#4768,#4769),.UNSPECIFIED.,.T.,.F.) B_SPLINE_CURVE_WITH_KNOTS((1,2
    ,2,2,2,1),(-2.094395102393,0.,2.094395102393,4.188790204786,
6.28318530718,8.377580409573),.UNSPECIFIED.) CURVE() 
GEOMETRIC_REPRESENTATION_ITEM() RATIONAL_B_SPLINE_CURVE((1.,0.5,1.,0.5,
1.,0.5,1.)) REPRESENTATION_ITEM('') );
#4763 = CARTESIAN_POINT('',(13.462588761254,21.968948183173));
#4764 = CARTESIAN_POINT('',(14.282221688559,21.466676479335));
#4765 = CARTESIAN_POINT('',(13.43742516978,21.007989394429));
#4766 = CARTESIAN_POINT('',(12.592628651002,20.549302309523));
#4767 = CARTESIAN_POINT('',(12.617792242475,21.510261098267));
#4768 = CARTESIAN_POINT('',(12.642955833948,22.471219887011));
#4769 = CARTESIAN_POINT('',(13.462588761254,21.968948183173));
#4770 = ( GEOMETRIC_REPRESENTATION_CONTEXT(2) 
PARAMETRIC_REPRESENTATION_CONTEXT() REPRESENTATION_CONTEXT('2D SPACE',''
  ) );
#4771 = PCURVE('',#4772,#4777);
#4772 = CYLINDRICAL_SURFACE('',#4773,0.555);
#4773 = AXIS2_PLACEMENT_3D('',#4774,#4775,#4776);
#4774 = CARTESIAN_POINT('',(13.172602057836,37.4,190.50426710804));
#4775 = DIRECTION('',(0.,-1.,-1.110223024625E-16));
#4776 = DIRECTION('',(0.522498564716,9.466207421861E-17,-0.852640164354)
  );
#4777 = DEFINITIONAL_REPRESENTATION('',(#4778),#4782);
#4778 = LINE('',#4779,#4780);
#4779 = CARTESIAN_POINT('',(-6.28318530718,-0.1));
#4780 = VECTOR('',#4781,1.);
#4781 = DIRECTION('',(1.,-0.));
#4782 = ( GEOMETRIC_REPRESENTATION_CONTEXT(2) 
PARAMETRIC_REPRESENTATION_CONTEXT() REPRESENTATION_CONTEXT('2D SPACE',''
  ) );
#4783 = ORIENTED_EDGE('',*,*,#4784,.F.);
#4784 = EDGE_CURVE('',#4785,#4752,#4787,.T.);
#4785 = VERTEX_POINT('',#4786);
#4786 = CARTESIAN_POINT('',(14.36596308084,37.5,191.28278295001));
#4787 = SURFACE_CURVE('',#4788,(#4793,#4800),.PCURVE_S1.);
#4788 = CIRCLE('',#4789,25.210790894703);
#4789 = AXIS2_PLACEMENT_3D('',#4790,#4791,#4792);
#4790 = CARTESIAN_POINT('',(0.,37.5,212.));
#4791 = DIRECTION('',(-0.,1.,1.110223024625E-16));
#4792 = DIRECTION('',(1.,0.,0.));
#4793 = PCURVE('',#326,#4794);
#4794 = DEFINITIONAL_REPRESENTATION('',(#4795),#4799);
#4795 = CIRCLE('',#4796,25.210790894703);
#4796 = AXIS2_PLACEMENT_2D('',#4797,#4798);
#4797 = CARTESIAN_POINT('',(2.412172678695E-15,0.));
#4798 = DIRECTION('',(1.,0.));
#4799 = ( GEOMETRIC_REPRESENTATION_CONTEXT(2) 
PARAMETRIC_REPRESENTATION_CONTEXT() REPRESENTATION_CONTEXT('2D SPACE',''
  ) );
#4800 = PCURVE('',#4801,#4806);
#4801 = CYLINDRICAL_SURFACE('',#4802,25.210790894703);
#4802 = AXIS2_PLACEMENT_3D('',#4803,#4804,#4805);
#4803 = CARTESIAN_POINT('',(0.,37.5,212.));
#4804 = DIRECTION('',(-0.,-1.,-1.110223024625E-16));
#4805 = DIRECTION('',(1.,0.,0.));
#4806 = DEFINITIONAL_REPRESENTATION('',(#4807),#4811);
#4807 = LINE('',#4808,#4809);
#4808 = CARTESIAN_POINT('',(-0.,0.));
#4809 = VECTOR('',#4810,1.);
#4810 = DIRECTION('',(-1.,0.));
#4811 = ( GEOMETRIC_REPRESENTATION_CONTEXT(2) 
PARAMETRIC_REPRESENTATION_CONTEXT() REPRESENTATION_CONTEXT('2D SPACE',''
  ) );
#4812 = ORIENTED_EDGE('',*,*,#4813,.F.);
#4813 = EDGE_CURVE('',#4814,#4785,#4816,.T.);
#4814 = VERTEX_POINT('',#4815);
#4815 = CARTESIAN_POINT('',(15.263917542352,37.5,191.93518505451));
#4816 = SURFACE_CURVE('',#4817,(#4822,#4833),.PCURVE_S1.);
#4817 = CIRCLE('',#4818,0.555);
#4818 = AXIS2_PLACEMENT_3D('',#4819,#4820,#4821);
#4819 = CARTESIAN_POINT('',(14.818531086536,37.5,191.60404172455));
#4820 = DIRECTION('',(0.,-1.,-1.110223024625E-16));
#4821 = DIRECTION('',(0.587785252292,8.981892944681E-17,-0.809016994375)
  );
#4822 = PCURVE('',#326,#4823);
#4823 = DEFINITIONAL_REPRESENTATION('',(#4824),#4832);
#4824 = ( BOUNDED_CURVE() B_SPLINE_CURVE(2,(#4825,#4826,#4827,#4828,
#4829,#4830,#4831),.UNSPECIFIED.,.T.,.F.) B_SPLINE_CURVE_WITH_KNOTS((1,2
    ,2,2,2,1),(-2.094395102393,0.,2.094395102393,4.188790204786,
6.28318530718,8.377580409573),.UNSPECIFIED.) CURVE() 
GEOMETRIC_REPRESENTATION_ITEM() RATIONAL_B_SPLINE_CURVE((1.,0.5,1.,0.5,
1.,0.5,1.)) REPRESENTATION_ITEM('') );
#4825 = CARTESIAN_POINT('',(15.144751901558,20.844962707326));
#4826 = CARTESIAN_POINT('',(15.922450390395,20.279931681221));
#4827 = CARTESIAN_POINT('',(15.044269923443,19.888940546456));
#4828 = CARTESIAN_POINT('',(14.166089456491,19.497949411692));
#4829 = CARTESIAN_POINT('',(14.266571434607,20.453971572562));
#4830 = CARTESIAN_POINT('',(14.367053412722,21.409993733431));
#4831 = CARTESIAN_POINT('',(15.144751901558,20.844962707326));
#4832 = ( GEOMETRIC_REPRESENTATION_CONTEXT(2) 
PARAMETRIC_REPRESENTATION_CONTEXT() REPRESENTATION_CONTEXT('2D SPACE',''
  ) );
#4833 = PCURVE('',#4834,#4839);
#4834 = CYLINDRICAL_SURFACE('',#4835,0.555);
#4835 = AXIS2_PLACEMENT_3D('',#4836,#4837,#4838);
#4836 = CARTESIAN_POINT('',(14.818531086536,37.4,191.60404172455));
#4837 = DIRECTION('',(0.,-1.,-1.110223024625E-16));
#4838 = DIRECTION('',(0.587785252292,8.981892944681E-17,-0.809016994375)
  );
#4839 = DEFINITIONAL_REPRESENTATION('',(#4840),#4844);
#4840 = LINE('',#4841,#4842);
#4841 = CARTESIAN_POINT('',(-6.28318530718,-0.1));
#4842 = VECTOR('',#4843,1.);
#4843 = DIRECTION('',(1.,-0.));
#4844 = ( GEOMETRIC_REPRESENTATION_CONTEXT(2) 
PARAMETRIC_REPRESENTATION_CONTEXT() REPRESENTATION_CONTEXT('2D SPACE',''
  ) );
#4845 = ORIENTED_EDGE('',*,*,#4846,.F.);
#4846 = EDGE_CURVE('',#4847,#4814,#4849,.T.);
#4847 = VERTEX_POINT('',#4848);
#4848 = CARTESIAN_POINT('',(15.947131726799,37.5,192.47378768873));
#4849 = SURFACE_CURVE('',#4850,(#4855,#4862),.PCURVE_S1.);
#4850 = CIRCLE('',#4851,25.210790894703);
#4851 = AXIS2_PLACEMENT_3D('',#4852,#4853,#4854);
#4852 = CARTESIAN_POINT('',(0.,37.5,212.));
#4853 = DIRECTION('',(-0.,1.,1.110223024625E-16));
#4854 = DIRECTION('',(1.,0.,0.));
#4855 = PCURVE('',#326,#4856);
#4856 = DEFINITIONAL_REPRESENTATION('',(#4857),#4861);
#4857 = CIRCLE('',#4858,25.210790894703);
#4858 = AXIS2_PLACEMENT_2D('',#4859,#4860);
#4859 = CARTESIAN_POINT('',(2.412172678695E-15,0.));
#4860 = DIRECTION('',(1.,0.));
#4861 = ( GEOMETRIC_REPRESENTATION_CONTEXT(2) 
PARAMETRIC_REPRESENTATION_CONTEXT() REPRESENTATION_CONTEXT('2D SPACE',''
  ) );
#4862 = PCURVE('',#4863,#4868);
#4863 = CYLINDRICAL_SURFACE('',#4864,25.210790894703);
#4864 = AXIS2_PLACEMENT_3D('',#4865,#4866,#4867);
#4865 = CARTESIAN_POINT('',(0.,37.5,212.));
#4866 = DIRECTION('',(-0.,-1.,-1.110223024625E-16));
#4867 = DIRECTION('',(1.,0.,0.));
#4868 = DEFINITIONAL_REPRESENTATION('',(#4869),#4873);
#4869 = LINE('',#4870,#4871);
#4870 = CARTESIAN_POINT('',(-0.,0.));
#4871 = VECTOR('',#4872,1.);
#4872 = DIRECTION('',(-1.,0.));
#4873 = ( GEOMETRIC_REPRESENTATION_CONTEXT(2) 
PARAMETRIC_REPRESENTATION_CONTEXT() REPRESENTATION_CONTEXT('2D SPACE',''
  ) );
#4874 = ORIENTED_EDGE('',*,*,#4875,.F.);
#4875 = EDGE_CURVE('',#4876,#4847,#4878,.T.);
#4876 = VERTEX_POINT('',#4877);
#4877 = CARTESIAN_POINT('',(16.791131215213,37.5,193.19463135033));
#4878 = SURFACE_CURVE('',#4879,(#4884,#4895),.PCURVE_S1.);
#4879 = CIRCLE('',#4880,0.555);
#4880 = AXIS2_PLACEMENT_3D('',#4881,#4882,#4883);
#4881 = CARTESIAN_POINT('',(16.373098943425,37.5,192.82956420617));
#4882 = DIRECTION('',(0.,-1.,-1.110223024625E-16));
#4883 = DIRECTION('',(0.64944804833,8.442202110715E-17,-0.7604059656));
#4884 = PCURVE('',#326,#4885);
#4885 = DEFINITIONAL_REPRESENTATION('',(#4886),#4894);
#4886 = ( BOUNDED_CURVE() B_SPLINE_CURVE(2,(#4887,#4888,#4889,#4890,
#4891,#4892,#4893),.UNSPECIFIED.,.T.,.F.) B_SPLINE_CURVE_WITH_KNOTS((1,2
    ,2,2,2,1),(-2.094395102393,0.,2.094395102393,4.188790204786,
6.28318530718,8.377580409573),.UNSPECIFIED.) CURVE() 
GEOMETRIC_REPRESENTATION_ITEM() RATIONAL_B_SPLINE_CURVE((1.,0.5,1.,0.5,
1.,0.5,1.)) REPRESENTATION_ITEM('') );
#4887 = CARTESIAN_POINT('',(16.733542610249,19.592461104735));
#4888 = CARTESIAN_POINT('',(17.464511890821,18.968154360531));
#4889 = CARTESIAN_POINT('',(16.5583617503,18.647269766271));
#4890 = CARTESIAN_POINT('',(15.652211609779,18.326385172011));
#4891 = CARTESIAN_POINT('',(15.827392469727,19.271576510475));
#4892 = CARTESIAN_POINT('',(16.002573329676,20.21676784894));
#4893 = CARTESIAN_POINT('',(16.733542610249,19.592461104735));
#4894 = ( GEOMETRIC_REPRESENTATION_CONTEXT(2) 
PARAMETRIC_REPRESENTATION_CONTEXT() REPRESENTATION_CONTEXT('2D SPACE',''
  ) );
#4895 = PCURVE('',#4896,#4901);
#4896 = CYLINDRICAL_SURFACE('',#4897,0.555);
#4897 = AXIS2_PLACEMENT_3D('',#4898,#4899,#4900);
#4898 = CARTESIAN_POINT('',(16.373098943425,37.4,192.82956420617));
#4899 = DIRECTION('',(0.,-1.,-1.110223024625E-16));
#4900 = DIRECTION('',(0.64944804833,8.442202110715E-17,-0.7604059656));
#4901 = DEFINITIONAL_REPRESENTATION('',(#4902),#4906);
#4902 = LINE('',#4903,#4904);
#4903 = CARTESIAN_POINT('',(-6.28318530718,-0.1));
#4904 = VECTOR('',#4905,1.);
#4905 = DIRECTION('',(1.,-0.));
#4906 = ( GEOMETRIC_REPRESENTATION_CONTEXT(2) 
PARAMETRIC_REPRESENTATION_CONTEXT() REPRESENTATION_CONTEXT('2D SPACE',''
  ) );
#4907 = ORIENTED_EDGE('',*,*,#4908,.F.);
#4908 = EDGE_CURVE('',#4909,#4876,#4911,.T.);
#4909 = VERTEX_POINT('',#4910);
#4910 = CARTESIAN_POINT('',(17.429981002703,37.5,193.78517801948));
#4911 = SURFACE_CURVE('',#4912,(#4917,#4924),.PCURVE_S1.);
#4912 = CIRCLE('',#4913,25.210790894703);
#4913 = AXIS2_PLACEMENT_3D('',#4914,#4915,#4916);
#4914 = CARTESIAN_POINT('',(0.,37.5,212.));
#4915 = DIRECTION('',(-0.,1.,1.110223024625E-16));
#4916 = DIRECTION('',(1.,0.,0.));
#4917 = PCURVE('',#326,#4918);
#4918 = DEFINITIONAL_REPRESENTATION('',(#4919),#4923);
#4919 = CIRCLE('',#4920,25.210790894703);
#4920 = AXIS2_PLACEMENT_2D('',#4921,#4922);
#4921 = CARTESIAN_POINT('',(2.412172678695E-15,0.));
#4922 = DIRECTION('',(1.,0.));
#4923 = ( GEOMETRIC_REPRESENTATION_CONTEXT(2) 
PARAMETRIC_REPRESENTATION_CONTEXT() REPRESENTATION_CONTEXT('2D SPACE',''
  ) );
#4924 = PCURVE('',#4925,#4930);
#4925 = CYLINDRICAL_SURFACE('',#4926,25.210790894703);
#4926 = AXIS2_PLACEMENT_3D('',#4927,#4928,#4929);
#4927 = CARTESIAN_POINT('',(0.,37.5,212.));
#4928 = DIRECTION('',(-0.,-1.,-1.110223024625E-16));
#4929 = DIRECTION('',(1.,0.,0.));
#4930 = DEFINITIONAL_REPRESENTATION('',(#4931),#4935);
#4931 = LINE('',#4932,#4933);
#4932 = CARTESIAN_POINT('',(-0.,0.));
#4933 = VECTOR('',#4934,1.);
#4934 = DIRECTION('',(-1.,0.));
#4935 = ( GEOMETRIC_REPRESENTATION_CONTEXT(2) 
PARAMETRIC_REPRESENTATION_CONTEXT() REPRESENTATION_CONTEXT('2D SPACE',''
  ) );
#4936 = ORIENTED_EDGE('',*,*,#4937,.F.);
#4937 = EDGE_CURVE('',#4938,#4909,#4940,.T.);
#4938 = VERTEX_POINT('',#4939);
#4939 = CARTESIAN_POINT('',(18.214821980515,37.5,194.57001899729));
#4940 = SURFACE_CURVE('',#4941,(#4946,#4957),.PCURVE_S1.);
#4941 = CIRCLE('',#4942,0.555);
#4942 = AXIS2_PLACEMENT_3D('',#4943,#4944,#4945);
#4943 = CARTESIAN_POINT('',(17.826721200721,37.5,194.17327879927));
#4944 = DIRECTION('',(0.,-1.,-1.110223024625E-16));
#4945 = DIRECTION('',(0.707106781187,7.850462293419E-17,-0.707106781187)
  );
#4946 = PCURVE('',#326,#4947);
#4947 = DEFINITIONAL_REPRESENTATION('',(#4948),#4956);
#4948 = ( BOUNDED_CURVE() B_SPLINE_CURVE(2,(#4949,#4950,#4951,#4952,
#4953,#4954,#4955),.UNSPECIFIED.,.T.,.F.) B_SPLINE_CURVE_WITH_KNOTS((1,2
    ,2,2,2,1),(-2.094395102393,0.,2.094395102393,4.188790204786,
6.28318530718,8.377580409573),.UNSPECIFIED.) CURVE() 
GEOMETRIC_REPRESENTATION_ITEM() RATIONAL_B_SPLINE_CURVE((1.,0.5,1.,0.5,
1.,0.5,1.)) REPRESENTATION_ITEM('') );
#4949 = CARTESIAN_POINT('',(18.219165464279,18.219165464279));
#4950 = CARTESIAN_POINT('',(18.898898867902,17.539432060657));
#4951 = CARTESIAN_POINT('',(17.970365770753,17.29063236713));
#4952 = CARTESIAN_POINT('',(17.041832673604,17.041832673604));
#4953 = CARTESIAN_POINT('',(17.29063236713,17.970365770753));
#4954 = CARTESIAN_POINT('',(17.539432060657,18.898898867902));
#4955 = CARTESIAN_POINT('',(18.219165464279,18.219165464279));
#4956 = ( GEOMETRIC_REPRESENTATION_CONTEXT(2) 
PARAMETRIC_REPRESENTATION_CONTEXT() REPRESENTATION_CONTEXT('2D SPACE',''
  ) );
#4957 = PCURVE('',#4958,#4963);
#4958 = CYLINDRICAL_SURFACE('',#4959,0.555);
#4959 = AXIS2_PLACEMENT_3D('',#4960,#4961,#4962);
#4960 = CARTESIAN_POINT('',(17.826721200721,37.4,194.17327879927));
#4961 = DIRECTION('',(0.,-1.,-1.110223024625E-16));
#4962 = DIRECTION('',(0.707106781187,7.850462293419E-17,-0.707106781187)
  );
#4963 = DEFINITIONAL_REPRESENTATION('',(#4964),#4968);
#4964 = LINE('',#4965,#4966);
#4965 = CARTESIAN_POINT('',(-6.28318530718,-0.1));
#4966 = VECTOR('',#4967,1.);
#4967 = DIRECTION('',(1.,-0.));
#4968 = ( GEOMETRIC_REPRESENTATION_CONTEXT(2) 
PARAMETRIC_REPRESENTATION_CONTEXT() REPRESENTATION_CONTEXT('2D SPACE',''
  ) );
#4969 = ORIENTED_EDGE('',*,*,#4970,.F.);
#4970 = EDGE_CURVE('',#4971,#4938,#4973,.T.);
#4971 = VERTEX_POINT('',#4972);
#4972 = CARTESIAN_POINT('',(18.805368649669,37.5,195.20886878478));
#4973 = SURFACE_CURVE('',#4974,(#4979,#4986),.PCURVE_S1.);
#4974 = CIRCLE('',#4975,25.210790894703);
#4975 = AXIS2_PLACEMENT_3D('',#4976,#4977,#4978);
#4976 = CARTESIAN_POINT('',(0.,37.5,212.));
#4977 = DIRECTION('',(-0.,1.,1.110223024625E-16));
#4978 = DIRECTION('',(1.,0.,0.));
#4979 = PCURVE('',#326,#4980);
#4980 = DEFINITIONAL_REPRESENTATION('',(#4981),#4985);
#4981 = CIRCLE('',#4982,25.210790894703);
#4982 = AXIS2_PLACEMENT_2D('',#4983,#4984);
#4983 = CARTESIAN_POINT('',(2.412172678695E-15,0.));
#4984 = DIRECTION('',(1.,0.));
#4985 = ( GEOMETRIC_REPRESENTATION_CONTEXT(2) 
PARAMETRIC_REPRESENTATION_CONTEXT() REPRESENTATION_CONTEXT('2D SPACE',''
  ) );
#4986 = PCURVE('',#4987,#4992);
#4987 = CYLINDRICAL_SURFACE('',#4988,25.210790894703);
#4988 = AXIS2_PLACEMENT_3D('',#4989,#4990,#4991);
#4989 = CARTESIAN_POINT('',(0.,37.5,212.));
#4990 = DIRECTION('',(-0.,-1.,-1.110223024625E-16));
#4991 = DIRECTION('',(1.,0.,0.));
#4992 = DEFINITIONAL_REPRESENTATION('',(#4993),#4997);
#4993 = LINE('',#4994,#4995);
#4994 = CARTESIAN_POINT('',(-0.,0.));
#4995 = VECTOR('',#4996,1.);
#4996 = DIRECTION('',(-1.,0.));
#4997 = ( GEOMETRIC_REPRESENTATION_CONTEXT(2) 
PARAMETRIC_REPRESENTATION_CONTEXT() REPRESENTATION_CONTEXT('2D SPACE',''
  ) );
#4998 = ORIENTED_EDGE('',*,*,#4999,.F.);
#4999 = EDGE_CURVE('',#5000,#4971,#5002,.T.);
#5000 = VERTEX_POINT('',#5001);
#5001 = CARTESIAN_POINT('',(19.526212311264,37.5,196.0528682732));
#5002 = SURFACE_CURVE('',#5003,(#5008,#5019),.PCURVE_S1.);
#5003 = CIRCLE('',#5004,0.555);
#5004 = AXIS2_PLACEMENT_3D('',#5005,#5006,#5007);
#5005 = CARTESIAN_POINT('',(19.170435793827,37.5,195.62690105657));
#5006 = DIRECTION('',(0.,-1.,-1.110223024625E-16));
#5007 = DIRECTION('',(0.7604059656,7.21032176554E-17,-0.64944804833));
#5008 = PCURVE('',#326,#5009);
#5009 = DEFINITIONAL_REPRESENTATION('',(#5010),#5018);
#5010 = ( BOUNDED_CURVE() B_SPLINE_CURVE(2,(#5011,#5012,#5013,#5014,
#5015,#5016,#5017),.UNSPECIFIED.,.T.,.F.) B_SPLINE_CURVE_WITH_KNOTS((1,2
    ,2,2,2,1),(-2.094395102393,0.,2.094395102393,4.188790204786,
6.28318530718,8.377580409573),.UNSPECIFIED.) CURVE() 
GEOMETRIC_REPRESENTATION_ITEM() RATIONAL_B_SPLINE_CURVE((1.,0.5,1.,0.5,
1.,0.5,1.)) REPRESENTATION_ITEM('') );
#5011 = CARTESIAN_POINT('',(19.592461104735,16.733542610249));
#5012 = CARTESIAN_POINT('',(20.21676784894,16.002573329676));
#5013 = CARTESIAN_POINT('',(19.271576510475,15.827392469727));
#5014 = CARTESIAN_POINT('',(18.326385172011,15.652211609779));
#5015 = CARTESIAN_POINT('',(18.647269766271,16.5583617503));
#5016 = CARTESIAN_POINT('',(18.968154360531,17.464511890821));
#5017 = CARTESIAN_POINT('',(19.592461104735,16.733542610249));
#5018 = ( GEOMETRIC_REPRESENTATION_CONTEXT(2) 
PARAMETRIC_REPRESENTATION_CONTEXT() REPRESENTATION_CONTEXT('2D SPACE',''
  ) );
#5019 = PCURVE('',#5020,#5025);
#5020 = CYLINDRICAL_SURFACE('',#5021,0.555);
#5021 = AXIS2_PLACEMENT_3D('',#5022,#5023,#5024);
#5022 = CARTESIAN_POINT('',(19.170435793827,37.4,195.62690105657));
#5023 = DIRECTION('',(0.,-1.,-1.110223024625E-16));
#5024 = DIRECTION('',(0.7604059656,7.21032176554E-17,-0.64944804833));
#5025 = DEFINITIONAL_REPRESENTATION('',(#5026),#5030);
#5026 = LINE('',#5027,#5028);
#5027 = CARTESIAN_POINT('',(-6.28318530718,-0.1));
#5028 = VECTOR('',#5029,1.);
#5029 = DIRECTION('',(1.,-0.));
#5030 = ( GEOMETRIC_REPRESENTATION_CONTEXT(2) 
PARAMETRIC_REPRESENTATION_CONTEXT() REPRESENTATION_CONTEXT('2D SPACE',''
  ) );
#5031 = ORIENTED_EDGE('',*,*,#5032,.F.);
#5032 = EDGE_CURVE('',#5033,#5000,#5035,.T.);
#5033 = VERTEX_POINT('',#5034);
#5034 = CARTESIAN_POINT('',(20.06481494549,37.5,196.73608245764));
#5035 = SURFACE_CURVE('',#5036,(#5041,#5048),.PCURVE_S1.);
#5036 = CIRCLE('',#5037,25.210790894703);
#5037 = AXIS2_PLACEMENT_3D('',#5038,#5039,#5040);
#5038 = CARTESIAN_POINT('',(0.,37.5,212.));
#5039 = DIRECTION('',(-0.,1.,1.110223024625E-16));
#5040 = DIRECTION('',(1.,0.,0.));
#5041 = PCURVE('',#326,#5042);
#5042 = DEFINITIONAL_REPRESENTATION('',(#5043),#5047);
#5043 = CIRCLE('',#5044,25.210790894703);
#5044 = AXIS2_PLACEMENT_2D('',#5045,#5046);
#5045 = CARTESIAN_POINT('',(2.412172678695E-15,0.));
#5046 = DIRECTION('',(1.,0.));
#5047 = ( GEOMETRIC_REPRESENTATION_CONTEXT(2) 
PARAMETRIC_REPRESENTATION_CONTEXT() REPRESENTATION_CONTEXT('2D SPACE',''
  ) );
#5048 = PCURVE('',#5049,#5054);
#5049 = CYLINDRICAL_SURFACE('',#5050,25.210790894703);
#5050 = AXIS2_PLACEMENT_3D('',#5051,#5052,#5053);
#5051 = CARTESIAN_POINT('',(0.,37.5,212.));
#5052 = DIRECTION('',(-0.,-1.,-1.110223024625E-16));
#5053 = DIRECTION('',(1.,0.,0.));
#5054 = DEFINITIONAL_REPRESENTATION('',(#5055),#5059);
#5055 = LINE('',#5056,#5057);
#5056 = CARTESIAN_POINT('',(-0.,0.));
#5057 = VECTOR('',#5058,1.);
#5058 = DIRECTION('',(-1.,0.));
#5059 = ( GEOMETRIC_REPRESENTATION_CONTEXT(2) 
PARAMETRIC_REPRESENTATION_CONTEXT() REPRESENTATION_CONTEXT('2D SPACE',''
  ) );
#5060 = ORIENTED_EDGE('',*,*,#5061,.F.);
#5061 = EDGE_CURVE('',#5062,#5033,#5064,.T.);
#5062 = VERTEX_POINT('',#5063);
#5063 = CARTESIAN_POINT('',(20.71721704999,37.5,197.63403691916));
#5064 = SURFACE_CURVE('',#5065,(#5070,#5081),.PCURVE_S1.);
#5065 = CIRCLE('',#5066,0.555);
#5066 = AXIS2_PLACEMENT_3D('',#5067,#5068,#5069);
#5067 = CARTESIAN_POINT('',(20.395958275448,37.5,197.18146891346));
#5068 = DIRECTION('',(0.,-1.,-1.110223024625E-16));
#5069 = DIRECTION('',(0.809016994375,6.525727206302E-17,-0.587785252292)
  );
#5070 = PCURVE('',#326,#5071);
#5071 = DEFINITIONAL_REPRESENTATION('',(#5072),#5080);
#5072 = ( BOUNDED_CURVE() B_SPLINE_CURVE(2,(#5073,#5074,#5075,#5076,
#5077,#5078,#5079),.UNSPECIFIED.,.T.,.F.) B_SPLINE_CURVE_WITH_KNOTS((1,2
    ,2,2,2,1),(-2.094395102393,0.,2.094395102393,4.188790204786,
6.28318530718,8.377580409573),.UNSPECIFIED.) CURVE() 
GEOMETRIC_REPRESENTATION_ITEM() RATIONAL_B_SPLINE_CURVE((1.,0.5,1.,0.5,
1.,0.5,1.)) REPRESENTATION_ITEM('') );
#5073 = CARTESIAN_POINT('',(20.844962707326,15.144751901558));
#5074 = CARTESIAN_POINT('',(21.409993733431,14.367053412722));
#5075 = CARTESIAN_POINT('',(20.453971572562,14.266571434607));
#5076 = CARTESIAN_POINT('',(19.497949411692,14.166089456491));
#5077 = CARTESIAN_POINT('',(19.888940546456,15.044269923443));
#5078 = CARTESIAN_POINT('',(20.279931681221,15.922450390395));
#5079 = CARTESIAN_POINT('',(20.844962707326,15.144751901558));
#5080 = ( GEOMETRIC_REPRESENTATION_CONTEXT(2) 
PARAMETRIC_REPRESENTATION_CONTEXT() REPRESENTATION_CONTEXT('2D SPACE',''
  ) );
#5081 = PCURVE('',#5082,#5087);
#5082 = CYLINDRICAL_SURFACE('',#5083,0.555);
#5083 = AXIS2_PLACEMENT_3D('',#5084,#5085,#5086);
#5084 = CARTESIAN_POINT('',(20.395958275448,37.4,197.18146891346));
#5085 = DIRECTION('',(0.,-1.,-1.110223024625E-16));
#5086 = DIRECTION('',(0.809016994375,6.525727206302E-17,-0.587785252292)
  );
#5087 = DEFINITIONAL_REPRESENTATION('',(#5088),#5092);
#5088 = LINE('',#5089,#5090);
#5089 = CARTESIAN_POINT('',(-6.28318530718,-0.1));
#5090 = VECTOR('',#5091,1.);
#5091 = DIRECTION('',(1.,-0.));
#5092 = ( GEOMETRIC_REPRESENTATION_CONTEXT(2) 
PARAMETRIC_REPRESENTATION_CONTEXT() REPRESENTATION_CONTEXT('2D SPACE',''
  ) );
#5093 = ORIENTED_EDGE('',*,*,#5094,.F.);
#5094 = EDGE_CURVE('',#5095,#5062,#5097,.T.);
#5095 = VERTEX_POINT('',#5096);
#5096 = CARTESIAN_POINT('',(21.200554984943,37.5,198.35740325792));
#5097 = SURFACE_CURVE('',#5098,(#5103,#5110),.PCURVE_S1.);
#5098 = CIRCLE('',#5099,25.210790894703);
#5099 = AXIS2_PLACEMENT_3D('',#5100,#5101,#5102);
#5100 = CARTESIAN_POINT('',(0.,37.5,212.));
#5101 = DIRECTION('',(-0.,1.,1.110223024625E-16));
#5102 = DIRECTION('',(1.,0.,0.));
#5103 = PCURVE('',#326,#5104);
#5104 = DEFINITIONAL_REPRESENTATION('',(#5105),#5109);
#5105 = CIRCLE('',#5106,25.210790894703);
#5106 = AXIS2_PLACEMENT_2D('',#5107,#5108);
#5107 = CARTESIAN_POINT('',(2.412172678695E-15,0.));
#5108 = DIRECTION('',(1.,0.));
#5109 = ( GEOMETRIC_REPRESENTATION_CONTEXT(2) 
PARAMETRIC_REPRESENTATION_CONTEXT() REPRESENTATION_CONTEXT('2D SPACE',''
  ) );
#5110 = PCURVE('',#5111,#5116);
#5111 = CYLINDRICAL_SURFACE('',#5112,25.210790894703);
#5112 = AXIS2_PLACEMENT_3D('',#5113,#5114,#5115);
#5113 = CARTESIAN_POINT('',(0.,37.5,212.));
#5114 = DIRECTION('',(-0.,-1.,-1.110223024625E-16));
#5115 = DIRECTION('',(1.,0.,0.));
#5116 = DEFINITIONAL_REPRESENTATION('',(#5117),#5121);
#5117 = LINE('',#5118,#5119);
#5118 = CARTESIAN_POINT('',(-0.,0.));
#5119 = VECTOR('',#5120,1.);
#5120 = DIRECTION('',(-1.,0.));
#5121 = ( GEOMETRIC_REPRESENTATION_CONTEXT(2) 
PARAMETRIC_REPRESENTATION_CONTEXT() REPRESENTATION_CONTEXT('2D SPACE',''
  ) );
#5122 = ORIENTED_EDGE('',*,*,#5123,.F.);
#5123 = EDGE_CURVE('',#5124,#5095,#5126,.T.);
#5124 = VERTEX_POINT('',#5125);
#5125 = CARTESIAN_POINT('',(21.780493256429,37.5,199.30377650468));
#5126 = SURFACE_CURVE('',#5127,(#5132,#5143),.PCURVE_S1.);
#5127 = CIRCLE('',#5128,0.555);
#5128 = AXIS2_PLACEMENT_3D('',#5129,#5130,#5131);
#5129 = CARTESIAN_POINT('',(21.495732891956,37.5,198.82739794216));
#5130 = DIRECTION('',(0.,-1.,-1.110223024625E-16));
#5131 = DIRECTION('',(0.852640164354,5.800899368812E-17,-0.522498564716)
  );
#5132 = PCURVE('',#326,#5133);
#5133 = DEFINITIONAL_REPRESENTATION('',(#5134),#5142);
#5134 = ( BOUNDED_CURVE() B_SPLINE_CURVE(2,(#5135,#5136,#5137,#5138,
#5139,#5140,#5141),.UNSPECIFIED.,.T.,.F.) B_SPLINE_CURVE_WITH_KNOTS((1,2
    ,2,2,2,1),(-2.094395102393,0.,2.094395102393,4.188790204786,
6.28318530718,8.377580409573),.UNSPECIFIED.) CURVE() 
GEOMETRIC_REPRESENTATION_ITEM() RATIONAL_B_SPLINE_CURVE((1.,0.5,1.,0.5,
1.,0.5,1.)) REPRESENTATION_ITEM('') );
#5135 = CARTESIAN_POINT('',(21.968948183173,13.462588761254));
#5136 = CARTESIAN_POINT('',(22.471219887011,12.642955833948));
#5137 = CARTESIAN_POINT('',(21.510261098267,12.617792242475));
#5138 = CARTESIAN_POINT('',(20.549302309523,12.592628651002));
#5139 = CARTESIAN_POINT('',(21.007989394429,13.43742516978));
#5140 = CARTESIAN_POINT('',(21.466676479335,14.282221688559));
#5141 = CARTESIAN_POINT('',(21.968948183173,13.462588761254));
#5142 = ( GEOMETRIC_REPRESENTATION_CONTEXT(2) 
PARAMETRIC_REPRESENTATION_CONTEXT() REPRESENTATION_CONTEXT('2D SPACE',''
  ) );
#5143 = PCURVE('',#5144,#5149);
#5144 = CYLINDRICAL_SURFACE('',#5145,0.555);
#5145 = AXIS2_PLACEMENT_3D('',#5146,#5147,#5148);
#5146 = CARTESIAN_POINT('',(21.495732891956,37.4,198.82739794216));
#5147 = DIRECTION('',(0.,-1.,-1.110223024625E-16));
#5148 = DIRECTION('',(0.852640164354,5.800899368812E-17,-0.522498564716)
  );
#5149 = DEFINITIONAL_REPRESENTATION('',(#5150),#5154);
#5150 = LINE('',#5151,#5152);
#5151 = CARTESIAN_POINT('',(-6.28318530718,-0.1));
#5152 = VECTOR('',#5153,1.);
#5153 = DIRECTION('',(1.,-0.));
#5154 = ( GEOMETRIC_REPRESENTATION_CONTEXT(2) 
PARAMETRIC_REPRESENTATION_CONTEXT() REPRESENTATION_CONTEXT('2D SPACE',''
  ) );
#5155 = ORIENTED_EDGE('',*,*,#5156,.F.);
#5156 = EDGE_CURVE('',#5157,#5124,#5159,.T.);
#5157 = VERTEX_POINT('',#5158);
#5158 = CARTESIAN_POINT('',(22.205586553015,37.5,200.06283520374));
#5159 = SURFACE_CURVE('',#5160,(#5165,#5172),.PCURVE_S1.);
#5160 = CIRCLE('',#5161,25.210790894703);
#5161 = AXIS2_PLACEMENT_3D('',#5162,#5163,#5164);
#5162 = CARTESIAN_POINT('',(0.,37.5,212.));
#5163 = DIRECTION('',(-0.,1.,1.110223024625E-16));
#5164 = DIRECTION('',(1.,0.,0.));
#5165 = PCURVE('',#326,#5166);
#5166 = DEFINITIONAL_REPRESENTATION('',(#5167),#5171);
#5167 = CIRCLE('',#5168,25.210790894703);
#5168 = AXIS2_PLACEMENT_2D('',#5169,#5170);
#5169 = CARTESIAN_POINT('',(2.412172678695E-15,0.));
#5170 = DIRECTION('',(1.,0.));
#5171 = ( GEOMETRIC_REPRESENTATION_CONTEXT(2) 
PARAMETRIC_REPRESENTATION_CONTEXT() REPRESENTATION_CONTEXT('2D SPACE',''
  ) );
#5172 = PCURVE('',#5173,#5178);
#5173 = CYLINDRICAL_SURFACE('',#5174,25.210790894703);
#5174 = AXIS2_PLACEMENT_3D('',#5175,#5176,#5177);
#5175 = CARTESIAN_POINT('',(0.,37.5,212.));
#5176 = DIRECTION('',(-0.,-1.,-1.110223024625E-16));
#5177 = DIRECTION('',(1.,0.,0.));
#5178 = DEFINITIONAL_REPRESENTATION('',(#5179),#5183);
#5179 = LINE('',#5180,#5181);
#5180 = CARTESIAN_POINT('',(-0.,0.));
#5181 = VECTOR('',#5182,1.);
#5182 = DIRECTION('',(-1.,0.));
#5183 = ( GEOMETRIC_REPRESENTATION_CONTEXT(2) 
PARAMETRIC_REPRESENTATION_CONTEXT() REPRESENTATION_CONTEXT('2D SPACE',''
  ) );
#5184 = ORIENTED_EDGE('',*,*,#5185,.F.);
#5185 = EDGE_CURVE('',#5186,#5157,#5188,.T.);
#5186 = VERTEX_POINT('',#5187);
#5187 = CARTESIAN_POINT('',(22.709485479193,37.5,201.05179252997));
#5188 = SURFACE_CURVE('',#5189,(#5194,#5205),.PCURVE_S1.);
#5189 = CIRCLE('',#5190,0.555);
#5190 = AXIS2_PLACEMENT_3D('',#5191,#5192,#5193);
#5191 = CARTESIAN_POINT('',(22.462979167129,37.5,200.55454044288));
#5192 = DIRECTION('',(0.,-1.,-1.110223024625E-16));
#5193 = DIRECTION('',(0.891006524188,5.040307057719E-17,-0.45399049974)
  );
#5194 = PCURVE('',#326,#5195);
#5195 = DEFINITIONAL_REPRESENTATION('',(#5196),#5204);
#5196 = ( BOUNDED_CURVE() B_SPLINE_CURVE(2,(#5197,#5198,#5199,#5200,
#5201,#5202,#5203),.UNSPECIFIED.,.T.,.F.) B_SPLINE_CURVE_WITH_KNOTS((1,2
    ,2,2,2,1),(-2.094395102393,0.,2.094395102393,4.188790204786,
6.28318530718,8.377580409573),.UNSPECIFIED.) CURVE() 
GEOMETRIC_REPRESENTATION_ITEM() RATIONAL_B_SPLINE_CURVE((1.,0.5,1.,0.5,
1.,0.5,1.)) REPRESENTATION_ITEM('') );
#5197 = CARTESIAN_POINT('',(22.957487788054,11.697424284471));
#5198 = CARTESIAN_POINT('',(23.393903497549,10.840910228249));
#5199 = CARTESIAN_POINT('',(22.433932711414,10.891220165327));
#5200 = CARTESIAN_POINT('',(21.47396192528,10.941530102405));
#5201 = CARTESIAN_POINT('',(21.99751700192,11.747734221549));
#5202 = CARTESIAN_POINT('',(22.521072078559,12.553938340693));
#5203 = CARTESIAN_POINT('',(22.957487788054,11.697424284471));
#5204 = ( GEOMETRIC_REPRESENTATION_CONTEXT(2) 
PARAMETRIC_REPRESENTATION_CONTEXT() REPRESENTATION_CONTEXT('2D SPACE',''
  ) );
#5205 = PCURVE('',#5206,#5211);
#5206 = CYLINDRICAL_SURFACE('',#5207,0.555);
#5207 = AXIS2_PLACEMENT_3D('',#5208,#5209,#5210);
#5208 = CARTESIAN_POINT('',(22.462979167129,37.4,200.55454044288));
#5209 = DIRECTION('',(0.,-1.,-1.110223024625E-16));
#5210 = DIRECTION('',(0.891006524188,5.040307057719E-17,-0.45399049974)
  );
#5211 = DEFINITIONAL_REPRESENTATION('',(#5212),#5216);
#5212 = LINE('',#5213,#5214);
#5213 = CARTESIAN_POINT('',(-6.28318530718,-0.1));
#5214 = VECTOR('',#5215,1.);
#5215 = DIRECTION('',(1.,-0.));
#5216 = ( GEOMETRIC_REPRESENTATION_CONTEXT(2) 
PARAMETRIC_REPRESENTATION_CONTEXT() REPRESENTATION_CONTEXT('2D SPACE',''
  ) );
#5217 = ORIENTED_EDGE('',*,*,#5218,.F.);
#5218 = EDGE_CURVE('',#5219,#5186,#5221,.T.);
#5219 = VERTEX_POINT('',#5220);
#5220 = CARTESIAN_POINT('',(23.073713295881,37.5,201.84186374003));
#5221 = SURFACE_CURVE('',#5222,(#5227,#5234),.PCURVE_S1.);
#5222 = CIRCLE('',#5223,25.210790894703);
#5223 = AXIS2_PLACEMENT_3D('',#5224,#5225,#5226);
#5224 = CARTESIAN_POINT('',(0.,37.5,212.));
#5225 = DIRECTION('',(-0.,1.,1.110223024625E-16));
#5226 = DIRECTION('',(1.,0.,0.));
#5227 = PCURVE('',#326,#5228);
#5228 = DEFINITIONAL_REPRESENTATION('',(#5229),#5233);
#5229 = CIRCLE('',#5230,25.210790894703);
#5230 = AXIS2_PLACEMENT_2D('',#5231,#5232);
#5231 = CARTESIAN_POINT('',(2.412172678695E-15,0.));
#5232 = DIRECTION('',(1.,0.));
#5233 = ( GEOMETRIC_REPRESENTATION_CONTEXT(2) 
PARAMETRIC_REPRESENTATION_CONTEXT() REPRESENTATION_CONTEXT('2D SPACE',''
  ) );
#5234 = PCURVE('',#5235,#5240);
#5235 = CYLINDRICAL_SURFACE('',#5236,25.210790894703);
#5236 = AXIS2_PLACEMENT_3D('',#5237,#5238,#5239);
#5237 = CARTESIAN_POINT('',(0.,37.5,212.));
#5238 = DIRECTION('',(-0.,-1.,-1.110223024625E-16));
#5239 = DIRECTION('',(1.,0.,0.));
#5240 = DEFINITIONAL_REPRESENTATION('',(#5241),#5245);
#5241 = LINE('',#5242,#5243);
#5242 = CARTESIAN_POINT('',(-0.,0.));
#5243 = VECTOR('',#5244,1.);
#5244 = DIRECTION('',(-1.,0.));
#5245 = ( GEOMETRIC_REPRESENTATION_CONTEXT(2) 
PARAMETRIC_REPRESENTATION_CONTEXT() REPRESENTATION_CONTEXT('2D SPACE',''
  ) );
#5246 = ORIENTED_EDGE('',*,*,#5247,.F.);
#5247 = EDGE_CURVE('',#5248,#5219,#5250,.T.);
#5248 = VERTEX_POINT('',#5249);
#5249 = CARTESIAN_POINT('',(23.498466172307,37.5,202.86730789496));
#5250 = SURFACE_CURVE('',#5251,(#5256,#5267),.PCURVE_S1.);
#5251 = CIRCLE('',#5252,0.555);
#5252 = AXIS2_PLACEMENT_3D('',#5253,#5254,#5255);
#5253 = CARTESIAN_POINT('',(23.291733706038,37.5,202.35224800777));
#5254 = DIRECTION('',(0.,-1.,-1.110223024625E-16));
#5255 = DIRECTION('',(0.923879532511,4.248639577543E-17,-0.382683432365)
  );
#5256 = PCURVE('',#326,#5257);
#5257 = DEFINITIONAL_REPRESENTATION('',(#5258),#5266);
#5258 = ( BOUNDED_CURVE() B_SPLINE_CURVE(2,(#5259,#5260,#5261,#5262,
#5263,#5264,#5265),.UNSPECIFIED.,.T.,.F.) B_SPLINE_CURVE_WITH_KNOTS((1,2
    ,2,2,2,1),(-2.094395102393,0.,2.094395102393,4.188790204786,
6.28318530718,8.377580409573),.UNSPECIFIED.) CURVE() 
GEOMETRIC_REPRESENTATION_ITEM() RATIONAL_B_SPLINE_CURVE((1.,0.5,1.,0.5,
1.,0.5,1.)) REPRESENTATION_ITEM('') );
#5259 = CARTESIAN_POINT('',(23.804486846582,9.860141297186));
#5260 = CARTESIAN_POINT('',(24.172355913762,8.972026806024));
#5261 = CARTESIAN_POINT('',(23.219291669356,9.097500094161));
#5262 = CARTESIAN_POINT('',(22.266227424951,9.222973382298));
#5263 = CARTESIAN_POINT('',(22.851422602177,9.985614585323));
#5264 = CARTESIAN_POINT('',(23.436617779403,10.748255788349));
#5265 = CARTESIAN_POINT('',(23.804486846582,9.860141297186));
#5266 = ( GEOMETRIC_REPRESENTATION_CONTEXT(2) 
PARAMETRIC_REPRESENTATION_CONTEXT() REPRESENTATION_CONTEXT('2D SPACE',''
  ) );
#5267 = PCURVE('',#5268,#5273);
#5268 = CYLINDRICAL_SURFACE('',#5269,0.555);
#5269 = AXIS2_PLACEMENT_3D('',#5270,#5271,#5272);
#5270 = CARTESIAN_POINT('',(23.291733706038,37.4,202.35224800777));
#5271 = DIRECTION('',(0.,-1.,-1.110223024625E-16));
#5272 = DIRECTION('',(0.923879532511,4.248639577543E-17,-0.382683432365)
  );
#5273 = DEFINITIONAL_REPRESENTATION('',(#5274),#5278);
#5274 = LINE('',#5275,#5276);
#5275 = CARTESIAN_POINT('',(-6.28318530718,-0.1));
#5276 = VECTOR('',#5277,1.);
#5277 = DIRECTION('',(1.,-0.));
#5278 = ( GEOMETRIC_REPRESENTATION_CONTEXT(2) 
PARAMETRIC_REPRESENTATION_CONTEXT() REPRESENTATION_CONTEXT('2D SPACE',''
  ) );
#5279 = ORIENTED_EDGE('',*,*,#5280,.F.);
#5280 = EDGE_CURVE('',#5281,#5248,#5283,.T.);
#5281 = VERTEX_POINT('',#5282);
#5282 = CARTESIAN_POINT('',(23.799582923489,37.5,203.68352056429));
#5283 = SURFACE_CURVE('',#5284,(#5289,#5296),.PCURVE_S1.);
#5284 = CIRCLE('',#5285,25.210790894703);
#5285 = AXIS2_PLACEMENT_3D('',#5286,#5287,#5288);
#5286 = CARTESIAN_POINT('',(0.,37.5,212.));
#5287 = DIRECTION('',(-0.,1.,1.110223024625E-16));
#5288 = DIRECTION('',(1.,0.,0.));
#5289 = PCURVE('',#326,#5290);
#5290 = DEFINITIONAL_REPRESENTATION('',(#5291),#5295);
#5291 = CIRCLE('',#5292,25.210790894703);
#5292 = AXIS2_PLACEMENT_2D('',#5293,#5294);
#5293 = CARTESIAN_POINT('',(2.412172678695E-15,0.));
#5294 = DIRECTION('',(1.,0.));
#5295 = ( GEOMETRIC_REPRESENTATION_CONTEXT(2) 
PARAMETRIC_REPRESENTATION_CONTEXT() REPRESENTATION_CONTEXT('2D SPACE',''
  ) );
#5296 = PCURVE('',#5297,#5302);
#5297 = CYLINDRICAL_SURFACE('',#5298,25.210790894703);
#5298 = AXIS2_PLACEMENT_3D('',#5299,#5300,#5301);
#5299 = CARTESIAN_POINT('',(0.,37.5,212.));
#5300 = DIRECTION('',(-0.,-1.,-1.110223024625E-16));
#5301 = DIRECTION('',(1.,0.,0.));
#5302 = DEFINITIONAL_REPRESENTATION('',(#5303),#5307);
#5303 = LINE('',#5304,#5305);
#5304 = CARTESIAN_POINT('',(-0.,0.));
#5305 = VECTOR('',#5306,1.);
#5306 = DIRECTION('',(-1.,0.));
#5307 = ( GEOMETRIC_REPRESENTATION_CONTEXT(2) 
PARAMETRIC_REPRESENTATION_CONTEXT() REPRESENTATION_CONTEXT('2D SPACE',''
  ) );
#5308 = ORIENTED_EDGE('',*,*,#5309,.F.);
#5309 = EDGE_CURVE('',#5310,#5281,#5312,.T.);
#5310 = VERTEX_POINT('',#5311);
#5311 = CARTESIAN_POINT('',(24.142571007437,37.5,204.73912934371));
#5312 = SURFACE_CURVE('',#5313,(#5318,#5329),.PCURVE_S1.);
#5313 = CIRCLE('',#5314,0.555);
#5314 = AXIS2_PLACEMENT_3D('',#5315,#5316,#5317);
#5315 = CARTESIAN_POINT('',(23.976886961362,37.5,204.2094371719));
#5316 = DIRECTION('',(0.,-1.,-1.110223024625E-16));
#5317 = DIRECTION('',(0.951056516295,3.430777821555E-17,-0.309016994375)
  );
#5318 = PCURVE('',#326,#5319);
#5319 = DEFINITIONAL_REPRESENTATION('',(#5320),#5328);
#5320 = ( BOUNDED_CURVE() B_SPLINE_CURVE(2,(#5321,#5322,#5323,#5324,
#5325,#5326,#5327),.UNSPECIFIED.,.T.,.F.) B_SPLINE_CURVE_WITH_KNOTS((1,2
    ,2,2,2,1),(-2.094395102393,0.,2.094395102393,4.188790204786,
6.28318530718,8.377580409573),.UNSPECIFIED.) CURVE() 
GEOMETRIC_REPRESENTATION_ITEM() RATIONAL_B_SPLINE_CURVE((1.,0.5,1.,0.5,
1.,0.5,1.)) REPRESENTATION_ITEM('') );
#5321 = CARTESIAN_POINT('',(24.504723327906,7.962067259975));
#5322 = CARTESIAN_POINT('',(24.801777717642,7.047827855038));
#5323 = CARTESIAN_POINT('',(23.861495972958,7.247690909689));
#5324 = CARTESIAN_POINT('',(22.921214228274,7.44755396434));
#5325 = CARTESIAN_POINT('',(23.564441583222,8.161930314626));
#5326 = CARTESIAN_POINT('',(24.20766893817,8.876306664911));
#5327 = CARTESIAN_POINT('',(24.504723327906,7.962067259975));
#5328 = ( GEOMETRIC_REPRESENTATION_CONTEXT(2) 
PARAMETRIC_REPRESENTATION_CONTEXT() REPRESENTATION_CONTEXT('2D SPACE',''
  ) );
#5329 = PCURVE('',#5330,#5335);
#5330 = CYLINDRICAL_SURFACE('',#5331,0.555);
#5331 = AXIS2_PLACEMENT_3D('',#5332,#5333,#5334);
#5332 = CARTESIAN_POINT('',(23.976886961362,37.4,204.2094371719));
#5333 = DIRECTION('',(0.,-1.,-1.110223024625E-16));
#5334 = DIRECTION('',(0.951056516295,3.430777821555E-17,-0.309016994375)
  );
#5335 = DEFINITIONAL_REPRESENTATION('',(#5336),#5340);
#5336 = LINE('',#5337,#5338);
#5337 = CARTESIAN_POINT('',(-6.28318530718,-0.1));
#5338 = VECTOR('',#5339,1.);
#5339 = DIRECTION('',(1.,-0.));
#5340 = ( GEOMETRIC_REPRESENTATION_CONTEXT(2) 
PARAMETRIC_REPRESENTATION_CONTEXT() REPRESENTATION_CONTEXT('2D SPACE',''
  ) );
#5341 = ORIENTED_EDGE('',*,*,#5342,.F.);
#5342 = EDGE_CURVE('',#5343,#5310,#5345,.T.);
#5343 = VERTEX_POINT('',#5344);
#5344 = CARTESIAN_POINT('',(24.378720208209,37.5,205.57645124979));
#5345 = SURFACE_CURVE('',#5346,(#5351,#5358),.PCURVE_S1.);
#5346 = CIRCLE('',#5347,25.210790894703);
#5347 = AXIS2_PLACEMENT_3D('',#5348,#5349,#5350);
#5348 = CARTESIAN_POINT('',(0.,37.5,212.));
#5349 = DIRECTION('',(-0.,1.,1.110223024625E-16));
#5350 = DIRECTION('',(1.,0.,0.));
#5351 = PCURVE('',#326,#5352);
#5352 = DEFINITIONAL_REPRESENTATION('',(#5353),#5357);
#5353 = CIRCLE('',#5354,25.210790894703);
#5354 = AXIS2_PLACEMENT_2D('',#5355,#5356);
#5355 = CARTESIAN_POINT('',(2.412172678695E-15,0.));
#5356 = DIRECTION('',(1.,0.));
#5357 = ( GEOMETRIC_REPRESENTATION_CONTEXT(2) 
PARAMETRIC_REPRESENTATION_CONTEXT() REPRESENTATION_CONTEXT('2D SPACE',''
  ) );
#5358 = PCURVE('',#5359,#5364);
#5359 = CYLINDRICAL_SURFACE('',#5360,25.210790894703);
#5360 = AXIS2_PLACEMENT_3D('',#5361,#5362,#5363);
#5361 = CARTESIAN_POINT('',(0.,37.5,212.));
#5362 = DIRECTION('',(-0.,-1.,-1.110223024625E-16));
#5363 = DIRECTION('',(1.,0.,0.));
#5364 = DEFINITIONAL_REPRESENTATION('',(#5365),#5369);
#5365 = LINE('',#5366,#5367);
#5366 = CARTESIAN_POINT('',(-0.,0.));
#5367 = VECTOR('',#5368,1.);
#5368 = DIRECTION('',(-1.,0.));
#5369 = ( GEOMETRIC_REPRESENTATION_CONTEXT(2) 
PARAMETRIC_REPRESENTATION_CONTEXT() REPRESENTATION_CONTEXT('2D SPACE',''
  ) );
#5370 = ORIENTED_EDGE('',*,*,#5371,.F.);
#5371 = EDGE_CURVE('',#5372,#5343,#5374,.T.);
#5372 = VERTEX_POINT('',#5373);
#5373 = CARTESIAN_POINT('',(24.637828864086,37.5,206.65571647454));
#5374 = SURFACE_CURVE('',#5375,(#5380,#5391),.PCURVE_S1.);
#5375 = CIRCLE('',#5376,0.555);
#5376 = AXIS2_PLACEMENT_3D('',#5377,#5378,#5379);
#5377 = CARTESIAN_POINT('',(24.514214735445,37.5,206.11465774649));
#5378 = DIRECTION('',(0.,-1.,-1.110223024625E-16));
#5379 = DIRECTION('',(0.972369920398,2.591764179448E-17,-0.233445363856)
  );
#5380 = PCURVE('',#326,#5381);
#5381 = DEFINITIONAL_REPRESENTATION('',(#5382),#5390);
#5382 = ( BOUNDED_CURVE() B_SPLINE_CURVE(2,(#5383,#5384,#5385,#5386,
#5387,#5388,#5389),.UNSPECIFIED.,.T.,.F.) B_SPLINE_CURVE_WITH_KNOTS((1,2
    ,2,2,2,1),(-2.094395102393,0.,2.094395102393,4.188790204786,
6.28318530718,8.377580409573),.UNSPECIFIED.) CURVE() 
GEOMETRIC_REPRESENTATION_ITEM() RATIONAL_B_SPLINE_CURVE((1.,0.5,1.,0.5,
1.,0.5,1.)) REPRESENTATION_ITEM('') );
#5383 = CARTESIAN_POINT('',(25.053880041266,6.014904430449));
#5384 = CARTESIAN_POINT('',(25.278288314465,5.080176701686));
#5385 = CARTESIAN_POINT('',(24.356586219134,5.353197300657));
#5386 = CARTESIAN_POINT('',(23.434884123804,5.626217899629));
#5387 = CARTESIAN_POINT('',(24.132177945935,6.287925029421));
#5388 = CARTESIAN_POINT('',(24.829471768066,6.949632159213));
#5389 = CARTESIAN_POINT('',(25.053880041266,6.014904430449));
#5390 = ( GEOMETRIC_REPRESENTATION_CONTEXT(2) 
PARAMETRIC_REPRESENTATION_CONTEXT() REPRESENTATION_CONTEXT('2D SPACE',''
  ) );
#5391 = PCURVE('',#5392,#5397);
#5392 = CYLINDRICAL_SURFACE('',#5393,0.555);
#5393 = AXIS2_PLACEMENT_3D('',#5394,#5395,#5396);
#5394 = CARTESIAN_POINT('',(24.514214735445,37.4,206.11465774649));
#5395 = DIRECTION('',(0.,-1.,-1.110223024625E-16));
#5396 = DIRECTION('',(0.972369920398,2.591764179448E-17,-0.233445363856)
  );
#5397 = DEFINITIONAL_REPRESENTATION('',(#5398),#5402);
#5398 = LINE('',#5399,#5400);
#5399 = CARTESIAN_POINT('',(-6.28318530718,-0.1));
#5400 = VECTOR('',#5401,1.);
#5401 = DIRECTION('',(1.,-0.));
#5402 = ( GEOMETRIC_REPRESENTATION_CONTEXT(2) 
PARAMETRIC_REPRESENTATION_CONTEXT() REPRESENTATION_CONTEXT('2D SPACE',''
  ) );
#5403 = ORIENTED_EDGE('',*,*,#5404,.F.);
#5404 = EDGE_CURVE('',#5405,#5372,#5407,.T.);
#5405 = VERTEX_POINT('',#5406);
#5406 = CARTESIAN_POINT('',(24.807554576099,37.5,207.50898524937));
#5407 = SURFACE_CURVE('',#5408,(#5413,#5420),.PCURVE_S1.);
#5408 = CIRCLE('',#5409,25.210790894703);
#5409 = AXIS2_PLACEMENT_3D('',#5410,#5411,#5412);
#5410 = CARTESIAN_POINT('',(0.,37.5,212.));
#5411 = DIRECTION('',(-0.,1.,1.110223024625E-16));
#5412 = DIRECTION('',(1.,0.,0.));
#5413 = PCURVE('',#326,#5414);
#5414 = DEFINITIONAL_REPRESENTATION('',(#5415),#5419);
#5415 = CIRCLE('',#5416,25.210790894703);
#5416 = AXIS2_PLACEMENT_2D('',#5417,#5418);
#5417 = CARTESIAN_POINT('',(2.412172678695E-15,0.));
#5418 = DIRECTION('',(1.,0.));
#5419 = ( GEOMETRIC_REPRESENTATION_CONTEXT(2) 
PARAMETRIC_REPRESENTATION_CONTEXT() REPRESENTATION_CONTEXT('2D SPACE',''
  ) );
#5420 = PCURVE('',#5421,#5426);
#5421 = CYLINDRICAL_SURFACE('',#5422,25.210790894703);
#5422 = AXIS2_PLACEMENT_3D('',#5423,#5424,#5425);
#5423 = CARTESIAN_POINT('',(0.,37.5,212.));
#5424 = DIRECTION('',(-0.,-1.,-1.110223024625E-16));
#5425 = DIRECTION('',(1.,0.,0.));
#5426 = DEFINITIONAL_REPRESENTATION('',(#5427),#5431);
#5427 = LINE('',#5428,#5429);
#5428 = CARTESIAN_POINT('',(-0.,0.));
#5429 = VECTOR('',#5430,1.);
#5430 = DIRECTION('',(-1.,0.));
#5431 = ( GEOMETRIC_REPRESENTATION_CONTEXT(2) 
PARAMETRIC_REPRESENTATION_CONTEXT() REPRESENTATION_CONTEXT('2D SPACE',''
  ) );
#5432 = ORIENTED_EDGE('',*,*,#5433,.F.);
#5433 = EDGE_CURVE('',#5434,#5405,#5436,.T.);
#5434 = VERTEX_POINT('',#5435);
#5435 = CARTESIAN_POINT('',(24.981186312878,37.5,208.60525289046));
#5436 = SURFACE_CURVE('',#5437,(#5442,#5453),.PCURVE_S1.);
#5437 = CIRCLE('',#5438,0.555);
#5438 = AXIS2_PLACEMENT_3D('',#5439,#5440,#5441);
#5439 = CARTESIAN_POINT('',(24.90040422388,37.5,208.05616341314));
#5440 = DIRECTION('',(0.,-1.,-1.110223024625E-16));
#5441 = DIRECTION('',(0.987688340595,1.736771449326E-17,-0.15643446504)
  );
#5442 = PCURVE('',#326,#5443);
#5443 = DEFINITIONAL_REPRESENTATION('',(#5444),#5452);
#5444 = ( BOUNDED_CURVE() B_SPLINE_CURVE(2,(#5445,#5446,#5447,#5448,
#5449,#5450,#5451),.UNSPECIFIED.,.T.,.F.) B_SPLINE_CURVE_WITH_KNOTS((1,2
    ,2,2,2,1),(-2.094395102393,0.,2.094395102393,4.188790204786,
6.28318530718,8.377580409573),.UNSPECIFIED.) CURVE() 
GEOMETRIC_REPRESENTATION_ITEM() RATIONAL_B_SPLINE_CURVE((1.,0.5,1.,0.5,
1.,0.5,1.)) REPRESENTATION_ITEM('') );
#5445 = CARTESIAN_POINT('',(25.448571252911,4.030657714951));
#5446 = CARTESIAN_POINT('',(25.598949857946,3.081204569637));
#5447 = CARTESIAN_POINT('',(24.701510011883,3.425699450148));
#5448 = CARTESIAN_POINT('',(23.80407016582,3.770194330659));
#5449 = CARTESIAN_POINT('',(24.551131406848,4.375152595463));
#5450 = CARTESIAN_POINT('',(25.298192647876,4.980110860266));
#5451 = CARTESIAN_POINT('',(25.448571252911,4.030657714951));
#5452 = ( GEOMETRIC_REPRESENTATION_CONTEXT(2) 
PARAMETRIC_REPRESENTATION_CONTEXT() REPRESENTATION_CONTEXT('2D SPACE',''
  ) );
#5453 = PCURVE('',#5454,#5459);
#5454 = CYLINDRICAL_SURFACE('',#5455,0.555);
#5455 = AXIS2_PLACEMENT_3D('',#5456,#5457,#5458);
#5456 = CARTESIAN_POINT('',(24.90040422388,37.4,208.05616341314));
#5457 = DIRECTION('',(0.,-1.,-1.110223024625E-16));
#5458 = DIRECTION('',(0.987688340595,1.736771449326E-17,-0.15643446504)
  );
#5459 = DEFINITIONAL_REPRESENTATION('',(#5460),#5464);
#5460 = LINE('',#5461,#5462);
#5461 = CARTESIAN_POINT('',(-6.28318530718,-0.1));
#5462 = VECTOR('',#5463,1.);
#5463 = DIRECTION('',(1.,-0.));
#5464 = ( GEOMETRIC_REPRESENTATION_CONTEXT(2) 
PARAMETRIC_REPRESENTATION_CONTEXT() REPRESENTATION_CONTEXT('2D SPACE',''
  ) );
#5465 = ORIENTED_EDGE('',*,*,#5466,.F.);
#5466 = EDGE_CURVE('',#5467,#5434,#5469,.T.);
#5467 = VERTEX_POINT('',#5468);
#5468 = CARTESIAN_POINT('',(25.083442120678,37.5,209.46920784831));
#5469 = SURFACE_CURVE('',#5470,(#5475,#5482),.PCURVE_S1.);
#5470 = CIRCLE('',#5471,25.210790894703);
#5471 = AXIS2_PLACEMENT_3D('',#5472,#5473,#5474);
#5472 = CARTESIAN_POINT('',(0.,37.5,212.));
#5473 = DIRECTION('',(-0.,1.,1.110223024625E-16));
#5474 = DIRECTION('',(1.,0.,0.));
#5475 = PCURVE('',#326,#5476);
#5476 = DEFINITIONAL_REPRESENTATION('',(#5477),#5481);
#5477 = CIRCLE('',#5478,25.210790894703);
#5478 = AXIS2_PLACEMENT_2D('',#5479,#5480);
#5479 = CARTESIAN_POINT('',(2.412172678695E-15,0.));
#5480 = DIRECTION('',(1.,0.));
#5481 = ( GEOMETRIC_REPRESENTATION_CONTEXT(2) 
PARAMETRIC_REPRESENTATION_CONTEXT() REPRESENTATION_CONTEXT('2D SPACE',''
  ) );
#5482 = PCURVE('',#5483,#5488);
#5483 = CYLINDRICAL_SURFACE('',#5484,25.210790894703);
#5484 = AXIS2_PLACEMENT_3D('',#5485,#5486,#5487);
#5485 = CARTESIAN_POINT('',(0.,37.5,212.));
#5486 = DIRECTION('',(-0.,-1.,-1.110223024625E-16));
#5487 = DIRECTION('',(1.,0.,0.));
#5488 = DEFINITIONAL_REPRESENTATION('',(#5489),#5493);
#5489 = LINE('',#5490,#5491);
#5490 = CARTESIAN_POINT('',(-0.,0.));
#5491 = VECTOR('',#5492,1.);
#5492 = DIRECTION('',(-1.,0.));
#5493 = ( GEOMETRIC_REPRESENTATION_CONTEXT(2) 
PARAMETRIC_REPRESENTATION_CONTEXT() REPRESENTATION_CONTEXT('2D SPACE',''
  ) );
#5494 = ORIENTED_EDGE('',*,*,#5495,.F.);
#5495 = EDGE_CURVE('',#569,#5467,#5496,.T.);
#5496 = SURFACE_CURVE('',#5497,(#5502,#5513),.PCURVE_S1.);
#5497 = CIRCLE('',#5498,0.555);
#5498 = AXIS2_PLACEMENT_3D('',#5499,#5500,#5501);
#5499 = CARTESIAN_POINT('',(25.133074440051,37.5,210.02198414381));
#5500 = DIRECTION('',(0.,-1.,-1.110223024625E-16));
#5501 = DIRECTION('',(0.996917333733,8.710709456832E-18,
    -7.845909572784E-02));
#5502 = PCURVE('',#326,#5503);
#5503 = DEFINITIONAL_REPRESENTATION('',(#5504),#5512);
#5504 = ( BOUNDED_CURVE() B_SPLINE_CURVE(2,(#5505,#5506,#5507,#5508,
#5509,#5510,#5511),.UNSPECIFIED.,.T.,.F.) B_SPLINE_CURVE_WITH_KNOTS((1,2
    ,2,2,2,1),(-2.094395102393,0.,2.094395102393,4.188790204786,
6.28318530718,8.377580409573),.UNSPECIFIED.) CURVE() 
GEOMETRIC_REPRESENTATION_ITEM() RATIONAL_B_SPLINE_CURVE((1.,0.5,1.,0.5,
1.,0.5,1.)) REPRESENTATION_ITEM('') );
#5505 = CARTESIAN_POINT('',(25.686363560273,2.021560654311));
#5506 = CARTESIAN_POINT('',(25.761785363038,1.063235786812));
#5507 = CARTESIAN_POINT('',(24.894140781322,1.477081023368));
#5508 = CARTESIAN_POINT('',(24.026496199607,1.890926259924));
#5509 = CARTESIAN_POINT('',(24.818718978558,2.435405890867));
#5510 = CARTESIAN_POINT('',(25.610941757508,2.979885521811));
#5511 = CARTESIAN_POINT('',(25.686363560273,2.021560654311));
#5512 = ( GEOMETRIC_REPRESENTATION_CONTEXT(2) 
PARAMETRIC_REPRESENTATION_CONTEXT() REPRESENTATION_CONTEXT('2D SPACE',''
  ) );
#5513 = PCURVE('',#5514,#5519);
#5514 = CYLINDRICAL_SURFACE('',#5515,0.555);
#5515 = AXIS2_PLACEMENT_3D('',#5516,#5517,#5518);
#5516 = CARTESIAN_POINT('',(25.133074440051,37.4,210.02198414381));
#5517 = DIRECTION('',(0.,-1.,-1.110223024625E-16));
#5518 = DIRECTION('',(0.996917333733,8.710709456832E-18,
    -7.845909572784E-02));
#5519 = DEFINITIONAL_REPRESENTATION('',(#5520),#5524);
#5520 = LINE('',#5521,#5522);
#5521 = CARTESIAN_POINT('',(-6.28318530718,-0.1));
#5522 = VECTOR('',#5523,1.);
#5523 = DIRECTION('',(1.,-0.));
#5524 = ( GEOMETRIC_REPRESENTATION_CONTEXT(2) 
PARAMETRIC_REPRESENTATION_CONTEXT() REPRESENTATION_CONTEXT('2D SPACE',''
  ) );
#5525 = ADVANCED_FACE('',(#5526),#360,.T.);
#5526 = FACE_BOUND('',#5527,.T.);
#5527 = EDGE_LOOP('',(#5528));
#5528 = ORIENTED_EDGE('',*,*,#343,.T.);
#5529 = ADVANCED_FACE('',(#5530),#415,.T.);
#5530 = FACE_BOUND('',#5531,.T.);
#5531 = EDGE_LOOP('',(#5532));
#5532 = ORIENTED_EDGE('',*,*,#398,.T.);
#5533 = ADVANCED_FACE('',(#5534),#470,.T.);
#5534 = FACE_BOUND('',#5535,.T.);
#5535 = EDGE_LOOP('',(#5536));
#5536 = ORIENTED_EDGE('',*,*,#453,.T.);
#5537 = ADVANCED_FACE('',(#5538),#525,.T.);
#5538 = FACE_BOUND('',#5539,.T.);
#5539 = EDGE_LOOP('',(#5540));
#5540 = ORIENTED_EDGE('',*,*,#508,.T.);
#5541 = ADVANCED_FACE('',(#5542),#585,.T.);
#5542 = FACE_BOUND('',#5543,.F.);
#5543 = EDGE_LOOP('',(#5544,#5545,#5568,#5597));
#5544 = ORIENTED_EDGE('',*,*,#566,.F.);
#5545 = ORIENTED_EDGE('',*,*,#5546,.F.);
#5546 = EDGE_CURVE('',#5547,#567,#5549,.T.);
#5547 = VERTEX_POINT('',#5548);
#5548 = CARTESIAN_POINT('',(25.204681903492,44.5,211.44503362243));
#5549 = SURFACE_CURVE('',#5550,(#5554,#5561),.PCURVE_S1.);
#5550 = LINE('',#5551,#5552);
#5551 = CARTESIAN_POINT('',(25.204681903492,37.5,211.44503362243));
#5552 = VECTOR('',#5553,1.);
#5553 = DIRECTION('',(-0.,-1.,-1.110223024625E-16));
#5554 = PCURVE('',#585,#5555);
#5555 = DEFINITIONAL_REPRESENTATION('',(#5556),#5560);
#5556 = LINE('',#5557,#5558);
#5557 = CARTESIAN_POINT('',(-2.201482730424E-02,0.));
#5558 = VECTOR('',#5559,1.);
#5559 = DIRECTION('',(-0.,1.));
#5560 = ( GEOMETRIC_REPRESENTATION_CONTEXT(2) 
PARAMETRIC_REPRESENTATION_CONTEXT() REPRESENTATION_CONTEXT('2D SPACE',''
  ) );
#5561 = PCURVE('',#618,#5562);
#5562 = DEFINITIONAL_REPRESENTATION('',(#5563),#5567);
#5563 = LINE('',#5564,#5565);
#5564 = CARTESIAN_POINT('',(-1.581803740447,-0.1));
#5565 = VECTOR('',#5566,1.);
#5566 = DIRECTION('',(-0.,1.));
#5567 = ( GEOMETRIC_REPRESENTATION_CONTEXT(2) 
PARAMETRIC_REPRESENTATION_CONTEXT() REPRESENTATION_CONTEXT('2D SPACE',''
  ) );
#5568 = ORIENTED_EDGE('',*,*,#5569,.T.);
#5569 = EDGE_CURVE('',#5547,#5570,#5572,.T.);
#5570 = VERTEX_POINT('',#5571);
#5571 = CARTESIAN_POINT('',(25.170526440964,44.5,210.57571905117));
#5572 = SURFACE_CURVE('',#5573,(#5578,#5585),.PCURVE_S1.);
#5573 = CIRCLE('',#5574,25.210790894703);
#5574 = AXIS2_PLACEMENT_3D('',#5575,#5576,#5577);
#5575 = CARTESIAN_POINT('',(0.,44.5,212.));
#5576 = DIRECTION('',(-0.,1.,1.110223024625E-16));
#5577 = DIRECTION('',(1.,0.,0.));
#5578 = PCURVE('',#585,#5579);
#5579 = DEFINITIONAL_REPRESENTATION('',(#5580),#5584);
#5580 = LINE('',#5581,#5582);
#5581 = CARTESIAN_POINT('',(-0.,-7.));
#5582 = VECTOR('',#5583,1.);
#5583 = DIRECTION('',(-1.,0.));
#5584 = ( GEOMETRIC_REPRESENTATION_CONTEXT(2) 
PARAMETRIC_REPRESENTATION_CONTEXT() REPRESENTATION_CONTEXT('2D SPACE',''
  ) );
#5585 = PCURVE('',#5586,#5591);
#5586 = PLANE('',#5587);
#5587 = AXIS2_PLACEMENT_3D('',#5588,#5589,#5590);
#5588 = CARTESIAN_POINT('',(-2.412172678695E-15,44.5,212.));
#5589 = DIRECTION('',(0.,1.,1.110223024625E-16));
#5590 = DIRECTION('',(1.,0.,0.));
#5591 = DEFINITIONAL_REPRESENTATION('',(#5592),#5596);
#5592 = CIRCLE('',#5593,25.210790894703);
#5593 = AXIS2_PLACEMENT_2D('',#5594,#5595);
#5594 = CARTESIAN_POINT('',(2.412172678695E-15,0.));
#5595 = DIRECTION('',(1.,0.));
#5596 = ( GEOMETRIC_REPRESENTATION_CONTEXT(2) 
PARAMETRIC_REPRESENTATION_CONTEXT() REPRESENTATION_CONTEXT('2D SPACE',''
  ) );
#5597 = ORIENTED_EDGE('',*,*,#5598,.T.);
#5598 = EDGE_CURVE('',#5570,#569,#5599,.T.);
#5599 = SURFACE_CURVE('',#5600,(#5604,#5611),.PCURVE_S1.);
#5600 = LINE('',#5601,#5602);
#5601 = CARTESIAN_POINT('',(25.170526440964,37.5,210.57571905117));
#5602 = VECTOR('',#5603,1.);
#5603 = DIRECTION('',(-0.,-1.,-1.110223024625E-16));
#5604 = PCURVE('',#585,#5605);
#5605 = DEFINITIONAL_REPRESENTATION('',(#5606),#5610);
#5606 = LINE('',#5607,#5608);
#5607 = CARTESIAN_POINT('',(-5.65249890355E-02,0.));
#5608 = VECTOR('',#5609,1.);
#5609 = DIRECTION('',(-0.,1.));
#5610 = ( GEOMETRIC_REPRESENTATION_CONTEXT(2) 
PARAMETRIC_REPRESENTATION_CONTEXT() REPRESENTATION_CONTEXT('2D SPACE',''
  ) );
#5611 = PCURVE('',#5514,#5612);
#5612 = DEFINITIONAL_REPRESENTATION('',(#5613),#5617);
#5613 = LINE('',#5614,#5615);
#5614 = CARTESIAN_POINT('',(-4.701381566733,-0.1));
#5615 = VECTOR('',#5616,1.);
#5616 = DIRECTION('',(-0.,1.));
#5617 = ( GEOMETRIC_REPRESENTATION_CONTEXT(2) 
PARAMETRIC_REPRESENTATION_CONTEXT() REPRESENTATION_CONTEXT('2D SPACE',''
  ) );
#5618 = ADVANCED_FACE('',(#5619),#5514,.F.);
#5619 = FACE_BOUND('',#5620,.T.);
#5620 = EDGE_LOOP('',(#5621,#5644,#5670,#5671));
#5621 = ORIENTED_EDGE('',*,*,#5622,.F.);
#5622 = EDGE_CURVE('',#5623,#5467,#5625,.T.);
#5623 = VERTEX_POINT('',#5624);
#5624 = CARTESIAN_POINT('',(25.083442120678,44.5,209.46920784831));
#5625 = SURFACE_CURVE('',#5626,(#5630,#5637),.PCURVE_S1.);
#5626 = LINE('',#5627,#5628);
#5627 = CARTESIAN_POINT('',(25.083442120678,37.5,209.46920784831));
#5628 = VECTOR('',#5629,1.);
#5629 = DIRECTION('',(-0.,-1.,-1.110223024625E-16));
#5630 = PCURVE('',#5514,#5631);
#5631 = DEFINITIONAL_REPRESENTATION('',(#5632),#5636);
#5632 = LINE('',#5633,#5634);
#5633 = CARTESIAN_POINT('',(-1.581803740447,-0.1));
#5634 = VECTOR('',#5635,1.);
#5635 = DIRECTION('',(-0.,1.));
#5636 = ( GEOMETRIC_REPRESENTATION_CONTEXT(2) 
PARAMETRIC_REPRESENTATION_CONTEXT() REPRESENTATION_CONTEXT('2D SPACE',''
  ) );
#5637 = PCURVE('',#5483,#5638);
#5638 = DEFINITIONAL_REPRESENTATION('',(#5639),#5643);
#5639 = LINE('',#5640,#5641);
#5640 = CARTESIAN_POINT('',(-0.100554643644,0.));
#5641 = VECTOR('',#5642,1.);
#5642 = DIRECTION('',(-0.,1.));
#5643 = ( GEOMETRIC_REPRESENTATION_CONTEXT(2) 
PARAMETRIC_REPRESENTATION_CONTEXT() REPRESENTATION_CONTEXT('2D SPACE',''
  ) );
#5644 = ORIENTED_EDGE('',*,*,#5645,.F.);
#5645 = EDGE_CURVE('',#5570,#5623,#5646,.T.);
#5646 = SURFACE_CURVE('',#5647,(#5652,#5659),.PCURVE_S1.);
#5647 = CIRCLE('',#5648,0.555);
#5648 = AXIS2_PLACEMENT_3D('',#5649,#5650,#5651);
#5649 = CARTESIAN_POINT('',(25.133074440051,44.5,210.02198414381));
#5650 = DIRECTION('',(0.,-1.,-1.110223024625E-16));
#5651 = DIRECTION('',(0.996917333733,8.710709456832E-18,
    -7.845909572784E-02));
#5652 = PCURVE('',#5514,#5653);
#5653 = DEFINITIONAL_REPRESENTATION('',(#5654),#5658);
#5654 = LINE('',#5655,#5656);
#5655 = CARTESIAN_POINT('',(-6.28318530718,-7.1));
#5656 = VECTOR('',#5657,1.);
#5657 = DIRECTION('',(1.,-0.));
#5658 = ( GEOMETRIC_REPRESENTATION_CONTEXT(2) 
PARAMETRIC_REPRESENTATION_CONTEXT() REPRESENTATION_CONTEXT('2D SPACE',''
  ) );
#5659 = PCURVE('',#5586,#5660);
#5660 = DEFINITIONAL_REPRESENTATION('',(#5661),#5669);
#5661 = ( BOUNDED_CURVE() B_SPLINE_CURVE(2,(#5662,#5663,#5664,#5665,
#5666,#5667,#5668),.UNSPECIFIED.,.T.,.F.) B_SPLINE_CURVE_WITH_KNOTS((1,2
    ,2,2,2,1),(-2.094395102393,0.,2.094395102393,4.188790204786,
6.28318530718,8.377580409573),.UNSPECIFIED.) CURVE() 
GEOMETRIC_REPRESENTATION_ITEM() RATIONAL_B_SPLINE_CURVE((1.,0.5,1.,0.5,
1.,0.5,1.)) REPRESENTATION_ITEM('') );
#5662 = CARTESIAN_POINT('',(25.686363560273,2.021560654311));
#5663 = CARTESIAN_POINT('',(25.761785363038,1.063235786812));
#5664 = CARTESIAN_POINT('',(24.894140781322,1.477081023368));
#5665 = CARTESIAN_POINT('',(24.026496199607,1.890926259924));
#5666 = CARTESIAN_POINT('',(24.818718978558,2.435405890867));
#5667 = CARTESIAN_POINT('',(25.610941757508,2.979885521811));
#5668 = CARTESIAN_POINT('',(25.686363560273,2.021560654311));
#5669 = ( GEOMETRIC_REPRESENTATION_CONTEXT(2) 
PARAMETRIC_REPRESENTATION_CONTEXT() REPRESENTATION_CONTEXT('2D SPACE',''
  ) );
#5670 = ORIENTED_EDGE('',*,*,#5598,.T.);
#5671 = ORIENTED_EDGE('',*,*,#5495,.T.);
#5672 = ADVANCED_FACE('',(#5673),#5483,.T.);
#5673 = FACE_BOUND('',#5674,.F.);
#5674 = EDGE_LOOP('',(#5675,#5676,#5677,#5701));
#5675 = ORIENTED_EDGE('',*,*,#5466,.F.);
#5676 = ORIENTED_EDGE('',*,*,#5622,.F.);
#5677 = ORIENTED_EDGE('',*,*,#5678,.T.);
#5678 = EDGE_CURVE('',#5623,#5679,#5681,.T.);
#5679 = VERTEX_POINT('',#5680);
#5680 = CARTESIAN_POINT('',(24.981186312878,44.5,208.60525289046));
#5681 = SURFACE_CURVE('',#5682,(#5687,#5694),.PCURVE_S1.);
#5682 = CIRCLE('',#5683,25.210790894703);
#5683 = AXIS2_PLACEMENT_3D('',#5684,#5685,#5686);
#5684 = CARTESIAN_POINT('',(0.,44.5,212.));
#5685 = DIRECTION('',(-0.,1.,1.110223024625E-16));
#5686 = DIRECTION('',(1.,0.,0.));
#5687 = PCURVE('',#5483,#5688);
#5688 = DEFINITIONAL_REPRESENTATION('',(#5689),#5693);
#5689 = LINE('',#5690,#5691);
#5690 = CARTESIAN_POINT('',(-0.,-7.));
#5691 = VECTOR('',#5692,1.);
#5692 = DIRECTION('',(-1.,0.));
#5693 = ( GEOMETRIC_REPRESENTATION_CONTEXT(2) 
PARAMETRIC_REPRESENTATION_CONTEXT() REPRESENTATION_CONTEXT('2D SPACE',''
  ) );
#5694 = PCURVE('',#5586,#5695);
#5695 = DEFINITIONAL_REPRESENTATION('',(#5696),#5700);
#5696 = CIRCLE('',#5697,25.210790894703);
#5697 = AXIS2_PLACEMENT_2D('',#5698,#5699);
#5698 = CARTESIAN_POINT('',(2.412172678695E-15,0.));
#5699 = DIRECTION('',(1.,0.));
#5700 = ( GEOMETRIC_REPRESENTATION_CONTEXT(2) 
PARAMETRIC_REPRESENTATION_CONTEXT() REPRESENTATION_CONTEXT('2D SPACE',''
  ) );
#5701 = ORIENTED_EDGE('',*,*,#5702,.T.);
#5702 = EDGE_CURVE('',#5679,#5434,#5703,.T.);
#5703 = SURFACE_CURVE('',#5704,(#5708,#5715),.PCURVE_S1.);
#5704 = LINE('',#5705,#5706);
#5705 = CARTESIAN_POINT('',(24.981186312878,37.5,208.60525289046));
#5706 = VECTOR('',#5707,1.);
#5707 = DIRECTION('',(-0.,-1.,-1.110223024625E-16));
#5708 = PCURVE('',#5483,#5709);
#5709 = DEFINITIONAL_REPRESENTATION('',(#5710),#5714);
#5710 = LINE('',#5711,#5712);
#5711 = CARTESIAN_POINT('',(-0.135064805375,0.));
#5712 = VECTOR('',#5713,1.);
#5713 = DIRECTION('',(-0.,1.));
#5714 = ( GEOMETRIC_REPRESENTATION_CONTEXT(2) 
PARAMETRIC_REPRESENTATION_CONTEXT() REPRESENTATION_CONTEXT('2D SPACE',''
  ) );
#5715 = PCURVE('',#5454,#5716);
#5716 = DEFINITIONAL_REPRESENTATION('',(#5717),#5721);
#5717 = LINE('',#5718,#5719);
#5718 = CARTESIAN_POINT('',(-4.701381566733,-0.1));
#5719 = VECTOR('',#5720,1.);
#5720 = DIRECTION('',(-0.,1.));
#5721 = ( GEOMETRIC_REPRESENTATION_CONTEXT(2) 
PARAMETRIC_REPRESENTATION_CONTEXT() REPRESENTATION_CONTEXT('2D SPACE',''
  ) );
#5722 = ADVANCED_FACE('',(#5723),#5454,.F.);
#5723 = FACE_BOUND('',#5724,.T.);
#5724 = EDGE_LOOP('',(#5725,#5748,#5774,#5775));
#5725 = ORIENTED_EDGE('',*,*,#5726,.F.);
#5726 = EDGE_CURVE('',#5727,#5405,#5729,.T.);
#5727 = VERTEX_POINT('',#5728);
#5728 = CARTESIAN_POINT('',(24.807554576099,44.5,207.50898524937));
#5729 = SURFACE_CURVE('',#5730,(#5734,#5741),.PCURVE_S1.);
#5730 = LINE('',#5731,#5732);
#5731 = CARTESIAN_POINT('',(24.807554576099,37.5,207.50898524937));
#5732 = VECTOR('',#5733,1.);
#5733 = DIRECTION('',(-0.,-1.,-1.110223024625E-16));
#5734 = PCURVE('',#5454,#5735);
#5735 = DEFINITIONAL_REPRESENTATION('',(#5736),#5740);
#5736 = LINE('',#5737,#5738);
#5737 = CARTESIAN_POINT('',(-1.581803740447,-0.1));
#5738 = VECTOR('',#5739,1.);
#5739 = DIRECTION('',(-0.,1.));
#5740 = ( GEOMETRIC_REPRESENTATION_CONTEXT(2) 
PARAMETRIC_REPRESENTATION_CONTEXT() REPRESENTATION_CONTEXT('2D SPACE',''
  ) );
#5741 = PCURVE('',#5421,#5742);
#5742 = DEFINITIONAL_REPRESENTATION('',(#5743),#5747);
#5743 = LINE('',#5744,#5745);
#5744 = CARTESIAN_POINT('',(-0.179094459984,0.));
#5745 = VECTOR('',#5746,1.);
#5746 = DIRECTION('',(-0.,1.));
#5747 = ( GEOMETRIC_REPRESENTATION_CONTEXT(2) 
PARAMETRIC_REPRESENTATION_CONTEXT() REPRESENTATION_CONTEXT('2D SPACE',''
  ) );
#5748 = ORIENTED_EDGE('',*,*,#5749,.F.);
#5749 = EDGE_CURVE('',#5679,#5727,#5750,.T.);
#5750 = SURFACE_CURVE('',#5751,(#5756,#5763),.PCURVE_S1.);
#5751 = CIRCLE('',#5752,0.555);
#5752 = AXIS2_PLACEMENT_3D('',#5753,#5754,#5755);
#5753 = CARTESIAN_POINT('',(24.90040422388,44.5,208.05616341314));
#5754 = DIRECTION('',(0.,-1.,-1.110223024625E-16));
#5755 = DIRECTION('',(0.987688340595,1.736771449326E-17,-0.15643446504)
  );
#5756 = PCURVE('',#5454,#5757);
#5757 = DEFINITIONAL_REPRESENTATION('',(#5758),#5762);
#5758 = LINE('',#5759,#5760);
#5759 = CARTESIAN_POINT('',(-6.28318530718,-7.1));
#5760 = VECTOR('',#5761,1.);
#5761 = DIRECTION('',(1.,-0.));
#5762 = ( GEOMETRIC_REPRESENTATION_CONTEXT(2) 
PARAMETRIC_REPRESENTATION_CONTEXT() REPRESENTATION_CONTEXT('2D SPACE',''
  ) );
#5763 = PCURVE('',#5586,#5764);
#5764 = DEFINITIONAL_REPRESENTATION('',(#5765),#5773);
#5765 = ( BOUNDED_CURVE() B_SPLINE_CURVE(2,(#5766,#5767,#5768,#5769,
#5770,#5771,#5772),.UNSPECIFIED.,.T.,.F.) B_SPLINE_CURVE_WITH_KNOTS((1,2
    ,2,2,2,1),(-2.094395102393,0.,2.094395102393,4.188790204786,
6.28318530718,8.377580409573),.UNSPECIFIED.) CURVE() 
GEOMETRIC_REPRESENTATION_ITEM() RATIONAL_B_SPLINE_CURVE((1.,0.5,1.,0.5,
1.,0.5,1.)) REPRESENTATION_ITEM('') );
#5766 = CARTESIAN_POINT('',(25.448571252911,4.030657714951));
#5767 = CARTESIAN_POINT('',(25.598949857946,3.081204569637));
#5768 = CARTESIAN_POINT('',(24.701510011883,3.425699450148));
#5769 = CARTESIAN_POINT('',(23.80407016582,3.770194330659));
#5770 = CARTESIAN_POINT('',(24.551131406848,4.375152595463));
#5771 = CARTESIAN_POINT('',(25.298192647876,4.980110860266));
#5772 = CARTESIAN_POINT('',(25.448571252911,4.030657714951));
#5773 = ( GEOMETRIC_REPRESENTATION_CONTEXT(2) 
PARAMETRIC_REPRESENTATION_CONTEXT() REPRESENTATION_CONTEXT('2D SPACE',''
  ) );
#5774 = ORIENTED_EDGE('',*,*,#5702,.T.);
#5775 = ORIENTED_EDGE('',*,*,#5433,.T.);
#5776 = ADVANCED_FACE('',(#5777),#5421,.T.);
#5777 = FACE_BOUND('',#5778,.F.);
#5778 = EDGE_LOOP('',(#5779,#5780,#5781,#5805));
#5779 = ORIENTED_EDGE('',*,*,#5404,.F.);
#5780 = ORIENTED_EDGE('',*,*,#5726,.F.);
#5781 = ORIENTED_EDGE('',*,*,#5782,.T.);
#5782 = EDGE_CURVE('',#5727,#5783,#5785,.T.);
#5783 = VERTEX_POINT('',#5784);
#5784 = CARTESIAN_POINT('',(24.637828864086,44.5,206.65571647454));
#5785 = SURFACE_CURVE('',#5786,(#5791,#5798),.PCURVE_S1.);
#5786 = CIRCLE('',#5787,25.210790894703);
#5787 = AXIS2_PLACEMENT_3D('',#5788,#5789,#5790);
#5788 = CARTESIAN_POINT('',(0.,44.5,212.));
#5789 = DIRECTION('',(-0.,1.,1.110223024625E-16));
#5790 = DIRECTION('',(1.,0.,0.));
#5791 = PCURVE('',#5421,#5792);
#5792 = DEFINITIONAL_REPRESENTATION('',(#5793),#5797);
#5793 = LINE('',#5794,#5795);
#5794 = CARTESIAN_POINT('',(-0.,-7.));
#5795 = VECTOR('',#5796,1.);
#5796 = DIRECTION('',(-1.,0.));
#5797 = ( GEOMETRIC_REPRESENTATION_CONTEXT(2) 
PARAMETRIC_REPRESENTATION_CONTEXT() REPRESENTATION_CONTEXT('2D SPACE',''
  ) );
#5798 = PCURVE('',#5586,#5799);
#5799 = DEFINITIONAL_REPRESENTATION('',(#5800),#5804);
#5800 = CIRCLE('',#5801,25.210790894703);
#5801 = AXIS2_PLACEMENT_2D('',#5802,#5803);
#5802 = CARTESIAN_POINT('',(2.412172678695E-15,0.));
#5803 = DIRECTION('',(1.,0.));
#5804 = ( GEOMETRIC_REPRESENTATION_CONTEXT(2) 
PARAMETRIC_REPRESENTATION_CONTEXT() REPRESENTATION_CONTEXT('2D SPACE',''
  ) );
#5805 = ORIENTED_EDGE('',*,*,#5806,.T.);
#5806 = EDGE_CURVE('',#5783,#5372,#5807,.T.);
#5807 = SURFACE_CURVE('',#5808,(#5812,#5819),.PCURVE_S1.);
#5808 = LINE('',#5809,#5810);
#5809 = CARTESIAN_POINT('',(24.637828864086,37.5,206.65571647454));
#5810 = VECTOR('',#5811,1.);
#5811 = DIRECTION('',(-0.,-1.,-1.110223024625E-16));
#5812 = PCURVE('',#5421,#5813);
#5813 = DEFINITIONAL_REPRESENTATION('',(#5814),#5818);
#5814 = LINE('',#5815,#5816);
#5815 = CARTESIAN_POINT('',(-0.213604621715,0.));
#5816 = VECTOR('',#5817,1.);
#5817 = DIRECTION('',(-0.,1.));
#5818 = ( GEOMETRIC_REPRESENTATION_CONTEXT(2) 
PARAMETRIC_REPRESENTATION_CONTEXT() REPRESENTATION_CONTEXT('2D SPACE',''
  ) );
#5819 = PCURVE('',#5392,#5820);
#5820 = DEFINITIONAL_REPRESENTATION('',(#5821),#5825);
#5821 = LINE('',#5822,#5823);
#5822 = CARTESIAN_POINT('',(-4.701381566733,-0.1));
#5823 = VECTOR('',#5824,1.);
#5824 = DIRECTION('',(-0.,1.));
#5825 = ( GEOMETRIC_REPRESENTATION_CONTEXT(2) 
PARAMETRIC_REPRESENTATION_CONTEXT() REPRESENTATION_CONTEXT('2D SPACE',''
  ) );
#5826 = ADVANCED_FACE('',(#5827),#5392,.F.);
#5827 = FACE_BOUND('',#5828,.T.);
#5828 = EDGE_LOOP('',(#5829,#5852,#5878,#5879));
#5829 = ORIENTED_EDGE('',*,*,#5830,.F.);
#5830 = EDGE_CURVE('',#5831,#5343,#5833,.T.);
#5831 = VERTEX_POINT('',#5832);
#5832 = CARTESIAN_POINT('',(24.378720208209,44.5,205.57645124979));
#5833 = SURFACE_CURVE('',#5834,(#5838,#5845),.PCURVE_S1.);
#5834 = LINE('',#5835,#5836);
#5835 = CARTESIAN_POINT('',(24.378720208209,37.5,205.57645124979));
#5836 = VECTOR('',#5837,1.);
#5837 = DIRECTION('',(-0.,-1.,-1.110223024625E-16));
#5838 = PCURVE('',#5392,#5839);
#5839 = DEFINITIONAL_REPRESENTATION('',(#5840),#5844);
#5840 = LINE('',#5841,#5842);
#5841 = CARTESIAN_POINT('',(-1.581803740447,-0.1));
#5842 = VECTOR('',#5843,1.);
#5843 = DIRECTION('',(-0.,1.));
#5844 = ( GEOMETRIC_REPRESENTATION_CONTEXT(2) 
PARAMETRIC_REPRESENTATION_CONTEXT() REPRESENTATION_CONTEXT('2D SPACE',''
  ) );
#5845 = PCURVE('',#5359,#5846);
#5846 = DEFINITIONAL_REPRESENTATION('',(#5847),#5851);
#5847 = LINE('',#5848,#5849);
#5848 = CARTESIAN_POINT('',(-0.257634276323,0.));
#5849 = VECTOR('',#5850,1.);
#5850 = DIRECTION('',(-0.,1.));
#5851 = ( GEOMETRIC_REPRESENTATION_CONTEXT(2) 
PARAMETRIC_REPRESENTATION_CONTEXT() REPRESENTATION_CONTEXT('2D SPACE',''
  ) );
#5852 = ORIENTED_EDGE('',*,*,#5853,.F.);
#5853 = EDGE_CURVE('',#5783,#5831,#5854,.T.);
#5854 = SURFACE_CURVE('',#5855,(#5860,#5867),.PCURVE_S1.);
#5855 = CIRCLE('',#5856,0.555);
#5856 = AXIS2_PLACEMENT_3D('',#5857,#5858,#5859);
#5857 = CARTESIAN_POINT('',(24.514214735445,44.5,206.11465774649));
#5858 = DIRECTION('',(0.,-1.,-1.110223024625E-16));
#5859 = DIRECTION('',(0.972369920398,2.591764179448E-17,-0.233445363856)
  );
#5860 = PCURVE('',#5392,#5861);
#5861 = DEFINITIONAL_REPRESENTATION('',(#5862),#5866);
#5862 = LINE('',#5863,#5864);
#5863 = CARTESIAN_POINT('',(-6.28318530718,-7.1));
#5864 = VECTOR('',#5865,1.);
#5865 = DIRECTION('',(1.,-0.));
#5866 = ( GEOMETRIC_REPRESENTATION_CONTEXT(2) 
PARAMETRIC_REPRESENTATION_CONTEXT() REPRESENTATION_CONTEXT('2D SPACE',''
  ) );
#5867 = PCURVE('',#5586,#5868);
#5868 = DEFINITIONAL_REPRESENTATION('',(#5869),#5877);
#5869 = ( BOUNDED_CURVE() B_SPLINE_CURVE(2,(#5870,#5871,#5872,#5873,
#5874,#5875,#5876),.UNSPECIFIED.,.T.,.F.) B_SPLINE_CURVE_WITH_KNOTS((1,2
    ,2,2,2,1),(-2.094395102393,0.,2.094395102393,4.188790204786,
6.28318530718,8.377580409573),.UNSPECIFIED.) CURVE() 
GEOMETRIC_REPRESENTATION_ITEM() RATIONAL_B_SPLINE_CURVE((1.,0.5,1.,0.5,
1.,0.5,1.)) REPRESENTATION_ITEM('') );
#5870 = CARTESIAN_POINT('',(25.053880041266,6.014904430449));
#5871 = CARTESIAN_POINT('',(25.278288314465,5.080176701686));
#5872 = CARTESIAN_POINT('',(24.356586219134,5.353197300657));
#5873 = CARTESIAN_POINT('',(23.434884123804,5.626217899629));
#5874 = CARTESIAN_POINT('',(24.132177945935,6.287925029421));
#5875 = CARTESIAN_POINT('',(24.829471768066,6.949632159213));
#5876 = CARTESIAN_POINT('',(25.053880041266,6.014904430449));
#5877 = ( GEOMETRIC_REPRESENTATION_CONTEXT(2) 
PARAMETRIC_REPRESENTATION_CONTEXT() REPRESENTATION_CONTEXT('2D SPACE',''
  ) );
#5878 = ORIENTED_EDGE('',*,*,#5806,.T.);
#5879 = ORIENTED_EDGE('',*,*,#5371,.T.);
#5880 = ADVANCED_FACE('',(#5881),#5359,.T.);
#5881 = FACE_BOUND('',#5882,.F.);
#5882 = EDGE_LOOP('',(#5883,#5884,#5885,#5909));
#5883 = ORIENTED_EDGE('',*,*,#5342,.F.);
#5884 = ORIENTED_EDGE('',*,*,#5830,.F.);
#5885 = ORIENTED_EDGE('',*,*,#5886,.T.);
#5886 = EDGE_CURVE('',#5831,#5887,#5889,.T.);
#5887 = VERTEX_POINT('',#5888);
#5888 = CARTESIAN_POINT('',(24.142571007437,44.5,204.73912934371));
#5889 = SURFACE_CURVE('',#5890,(#5895,#5902),.PCURVE_S1.);
#5890 = CIRCLE('',#5891,25.210790894703);
#5891 = AXIS2_PLACEMENT_3D('',#5892,#5893,#5894);
#5892 = CARTESIAN_POINT('',(0.,44.5,212.));
#5893 = DIRECTION('',(-0.,1.,1.110223024625E-16));
#5894 = DIRECTION('',(1.,0.,0.));
#5895 = PCURVE('',#5359,#5896);
#5896 = DEFINITIONAL_REPRESENTATION('',(#5897),#5901);
#5897 = LINE('',#5898,#5899);
#5898 = CARTESIAN_POINT('',(-0.,-7.));
#5899 = VECTOR('',#5900,1.);
#5900 = DIRECTION('',(-1.,0.));
#5901 = ( GEOMETRIC_REPRESENTATION_CONTEXT(2) 
PARAMETRIC_REPRESENTATION_CONTEXT() REPRESENTATION_CONTEXT('2D SPACE',''
  ) );
#5902 = PCURVE('',#5586,#5903);
#5903 = DEFINITIONAL_REPRESENTATION('',(#5904),#5908);
#5904 = CIRCLE('',#5905,25.210790894703);
#5905 = AXIS2_PLACEMENT_2D('',#5906,#5907);
#5906 = CARTESIAN_POINT('',(2.412172678695E-15,0.));
#5907 = DIRECTION('',(1.,0.));
#5908 = ( GEOMETRIC_REPRESENTATION_CONTEXT(2) 
PARAMETRIC_REPRESENTATION_CONTEXT() REPRESENTATION_CONTEXT('2D SPACE',''
  ) );
#5909 = ORIENTED_EDGE('',*,*,#5910,.T.);
#5910 = EDGE_CURVE('',#5887,#5310,#5911,.T.);
#5911 = SURFACE_CURVE('',#5912,(#5916,#5923),.PCURVE_S1.);
#5912 = LINE('',#5913,#5914);
#5913 = CARTESIAN_POINT('',(24.142571007437,37.5,204.73912934371));
#5914 = VECTOR('',#5915,1.);
#5915 = DIRECTION('',(-0.,-1.,-1.110223024625E-16));
#5916 = PCURVE('',#5359,#5917);
#5917 = DEFINITIONAL_REPRESENTATION('',(#5918),#5922);
#5918 = LINE('',#5919,#5920);
#5919 = CARTESIAN_POINT('',(-0.292144438055,0.));
#5920 = VECTOR('',#5921,1.);
#5921 = DIRECTION('',(-0.,1.));
#5922 = ( GEOMETRIC_REPRESENTATION_CONTEXT(2) 
PARAMETRIC_REPRESENTATION_CONTEXT() REPRESENTATION_CONTEXT('2D SPACE',''
  ) );
#5923 = PCURVE('',#5330,#5924);
#5924 = DEFINITIONAL_REPRESENTATION('',(#5925),#5929);
#5925 = LINE('',#5926,#5927);
#5926 = CARTESIAN_POINT('',(-4.701381566733,-0.1));
#5927 = VECTOR('',#5928,1.);
#5928 = DIRECTION('',(-0.,1.));
#5929 = ( GEOMETRIC_REPRESENTATION_CONTEXT(2) 
PARAMETRIC_REPRESENTATION_CONTEXT() REPRESENTATION_CONTEXT('2D SPACE',''
  ) );
#5930 = ADVANCED_FACE('',(#5931),#5330,.F.);
#5931 = FACE_BOUND('',#5932,.T.);
#5932 = EDGE_LOOP('',(#5933,#5956,#5982,#5983));
#5933 = ORIENTED_EDGE('',*,*,#5934,.F.);
#5934 = EDGE_CURVE('',#5935,#5281,#5937,.T.);
#5935 = VERTEX_POINT('',#5936);
#5936 = CARTESIAN_POINT('',(23.799582923489,44.5,203.68352056429));
#5937 = SURFACE_CURVE('',#5938,(#5942,#5949),.PCURVE_S1.);
#5938 = LINE('',#5939,#5940);
#5939 = CARTESIAN_POINT('',(23.799582923489,37.5,203.68352056429));
#5940 = VECTOR('',#5941,1.);
#5941 = DIRECTION('',(-0.,-1.,-1.110223024625E-16));
#5942 = PCURVE('',#5330,#5943);
#5943 = DEFINITIONAL_REPRESENTATION('',(#5944),#5948);
#5944 = LINE('',#5945,#5946);
#5945 = CARTESIAN_POINT('',(-1.581803740447,-0.1));
#5946 = VECTOR('',#5947,1.);
#5947 = DIRECTION('',(-0.,1.));
#5948 = ( GEOMETRIC_REPRESENTATION_CONTEXT(2) 
PARAMETRIC_REPRESENTATION_CONTEXT() REPRESENTATION_CONTEXT('2D SPACE',''
  ) );
#5949 = PCURVE('',#5297,#5950);
#5950 = DEFINITIONAL_REPRESENTATION('',(#5951),#5955);
#5951 = LINE('',#5952,#5953);
#5952 = CARTESIAN_POINT('',(-0.336174092663,0.));
#5953 = VECTOR('',#5954,1.);
#5954 = DIRECTION('',(-0.,1.));
#5955 = ( GEOMETRIC_REPRESENTATION_CONTEXT(2) 
PARAMETRIC_REPRESENTATION_CONTEXT() REPRESENTATION_CONTEXT('2D SPACE',''
  ) );
#5956 = ORIENTED_EDGE('',*,*,#5957,.F.);
#5957 = EDGE_CURVE('',#5887,#5935,#5958,.T.);
#5958 = SURFACE_CURVE('',#5959,(#5964,#5971),.PCURVE_S1.);
#5959 = CIRCLE('',#5960,0.555);
#5960 = AXIS2_PLACEMENT_3D('',#5961,#5962,#5963);
#5961 = CARTESIAN_POINT('',(23.976886961362,44.5,204.2094371719));
#5962 = DIRECTION('',(0.,-1.,-1.110223024625E-16));
#5963 = DIRECTION('',(0.951056516295,3.430777821555E-17,-0.309016994375)
  );
#5964 = PCURVE('',#5330,#5965);
#5965 = DEFINITIONAL_REPRESENTATION('',(#5966),#5970);
#5966 = LINE('',#5967,#5968);
#5967 = CARTESIAN_POINT('',(-6.28318530718,-7.1));
#5968 = VECTOR('',#5969,1.);
#5969 = DIRECTION('',(1.,-0.));
#5970 = ( GEOMETRIC_REPRESENTATION_CONTEXT(2) 
PARAMETRIC_REPRESENTATION_CONTEXT() REPRESENTATION_CONTEXT('2D SPACE',''
  ) );
#5971 = PCURVE('',#5586,#5972);
#5972 = DEFINITIONAL_REPRESENTATION('',(#5973),#5981);
#5973 = ( BOUNDED_CURVE() B_SPLINE_CURVE(2,(#5974,#5975,#5976,#5977,
#5978,#5979,#5980),.UNSPECIFIED.,.T.,.F.) B_SPLINE_CURVE_WITH_KNOTS((1,2
    ,2,2,2,1),(-2.094395102393,0.,2.094395102393,4.188790204786,
6.28318530718,8.377580409573),.UNSPECIFIED.) CURVE() 
GEOMETRIC_REPRESENTATION_ITEM() RATIONAL_B_SPLINE_CURVE((1.,0.5,1.,0.5,
1.,0.5,1.)) REPRESENTATION_ITEM('') );
#5974 = CARTESIAN_POINT('',(24.504723327906,7.962067259975));
#5975 = CARTESIAN_POINT('',(24.801777717642,7.047827855038));
#5976 = CARTESIAN_POINT('',(23.861495972958,7.247690909689));
#5977 = CARTESIAN_POINT('',(22.921214228274,7.44755396434));
#5978 = CARTESIAN_POINT('',(23.564441583222,8.161930314626));
#5979 = CARTESIAN_POINT('',(24.20766893817,8.876306664911));
#5980 = CARTESIAN_POINT('',(24.504723327906,7.962067259975));
#5981 = ( GEOMETRIC_REPRESENTATION_CONTEXT(2) 
PARAMETRIC_REPRESENTATION_CONTEXT() REPRESENTATION_CONTEXT('2D SPACE',''
  ) );
#5982 = ORIENTED_EDGE('',*,*,#5910,.T.);
#5983 = ORIENTED_EDGE('',*,*,#5309,.T.);
#5984 = ADVANCED_FACE('',(#5985),#5297,.T.);
#5985 = FACE_BOUND('',#5986,.F.);
#5986 = EDGE_LOOP('',(#5987,#5988,#5989,#6013));
#5987 = ORIENTED_EDGE('',*,*,#5280,.F.);
#5988 = ORIENTED_EDGE('',*,*,#5934,.F.);
#5989 = ORIENTED_EDGE('',*,*,#5990,.T.);
#5990 = EDGE_CURVE('',#5935,#5991,#5993,.T.);
#5991 = VERTEX_POINT('',#5992);
#5992 = CARTESIAN_POINT('',(23.498466172307,44.5,202.86730789496));
#5993 = SURFACE_CURVE('',#5994,(#5999,#6006),.PCURVE_S1.);
#5994 = CIRCLE('',#5995,25.210790894703);
#5995 = AXIS2_PLACEMENT_3D('',#5996,#5997,#5998);
#5996 = CARTESIAN_POINT('',(0.,44.5,212.));
#5997 = DIRECTION('',(-0.,1.,1.110223024625E-16));
#5998 = DIRECTION('',(1.,0.,0.));
#5999 = PCURVE('',#5297,#6000);
#6000 = DEFINITIONAL_REPRESENTATION('',(#6001),#6005);
#6001 = LINE('',#6002,#6003);
#6002 = CARTESIAN_POINT('',(-0.,-7.));
#6003 = VECTOR('',#6004,1.);
#6004 = DIRECTION('',(-1.,0.));
#6005 = ( GEOMETRIC_REPRESENTATION_CONTEXT(2) 
PARAMETRIC_REPRESENTATION_CONTEXT() REPRESENTATION_CONTEXT('2D SPACE',''
  ) );
#6006 = PCURVE('',#5586,#6007);
#6007 = DEFINITIONAL_REPRESENTATION('',(#6008),#6012);
#6008 = CIRCLE('',#6009,25.210790894703);
#6009 = AXIS2_PLACEMENT_2D('',#6010,#6011);
#6010 = CARTESIAN_POINT('',(2.412172678695E-15,0.));
#6011 = DIRECTION('',(1.,0.));
#6012 = ( GEOMETRIC_REPRESENTATION_CONTEXT(2) 
PARAMETRIC_REPRESENTATION_CONTEXT() REPRESENTATION_CONTEXT('2D SPACE',''
  ) );
#6013 = ORIENTED_EDGE('',*,*,#6014,.T.);
#6014 = EDGE_CURVE('',#5991,#5248,#6015,.T.);
#6015 = SURFACE_CURVE('',#6016,(#6020,#6027),.PCURVE_S1.);
#6016 = LINE('',#6017,#6018);
#6017 = CARTESIAN_POINT('',(23.498466172307,37.5,202.86730789496));
#6018 = VECTOR('',#6019,1.);
#6019 = DIRECTION('',(-0.,-1.,-1.110223024625E-16));
#6020 = PCURVE('',#5297,#6021);
#6021 = DEFINITIONAL_REPRESENTATION('',(#6022),#6026);
#6022 = LINE('',#6023,#6024);
#6023 = CARTESIAN_POINT('',(-0.370684254394,0.));
#6024 = VECTOR('',#6025,1.);
#6025 = DIRECTION('',(-0.,1.));
#6026 = ( GEOMETRIC_REPRESENTATION_CONTEXT(2) 
PARAMETRIC_REPRESENTATION_CONTEXT() REPRESENTATION_CONTEXT('2D SPACE',''
  ) );
#6027 = PCURVE('',#5268,#6028);
#6028 = DEFINITIONAL_REPRESENTATION('',(#6029),#6033);
#6029 = LINE('',#6030,#6031);
#6030 = CARTESIAN_POINT('',(-4.701381566733,-0.1));
#6031 = VECTOR('',#6032,1.);
#6032 = DIRECTION('',(-0.,1.));
#6033 = ( GEOMETRIC_REPRESENTATION_CONTEXT(2) 
PARAMETRIC_REPRESENTATION_CONTEXT() REPRESENTATION_CONTEXT('2D SPACE',''
  ) );
#6034 = ADVANCED_FACE('',(#6035),#5268,.F.);
#6035 = FACE_BOUND('',#6036,.T.);
#6036 = EDGE_LOOP('',(#6037,#6060,#6086,#6087));
#6037 = ORIENTED_EDGE('',*,*,#6038,.F.);
#6038 = EDGE_CURVE('',#6039,#5219,#6041,.T.);
#6039 = VERTEX_POINT('',#6040);
#6040 = CARTESIAN_POINT('',(23.073713295881,44.5,201.84186374003));
#6041 = SURFACE_CURVE('',#6042,(#6046,#6053),.PCURVE_S1.);
#6042 = LINE('',#6043,#6044);
#6043 = CARTESIAN_POINT('',(23.073713295881,37.5,201.84186374003));
#6044 = VECTOR('',#6045,1.);
#6045 = DIRECTION('',(-0.,-1.,-1.110223024625E-16));
#6046 = PCURVE('',#5268,#6047);
#6047 = DEFINITIONAL_REPRESENTATION('',(#6048),#6052);
#6048 = LINE('',#6049,#6050);
#6049 = CARTESIAN_POINT('',(-1.581803740447,-0.1));
#6050 = VECTOR('',#6051,1.);
#6051 = DIRECTION('',(-0.,1.));
#6052 = ( GEOMETRIC_REPRESENTATION_CONTEXT(2) 
PARAMETRIC_REPRESENTATION_CONTEXT() REPRESENTATION_CONTEXT('2D SPACE',''
  ) );
#6053 = PCURVE('',#5235,#6054);
#6054 = DEFINITIONAL_REPRESENTATION('',(#6055),#6059);
#6055 = LINE('',#6056,#6057);
#6056 = CARTESIAN_POINT('',(-0.414713909003,0.));
#6057 = VECTOR('',#6058,1.);
#6058 = DIRECTION('',(-0.,1.));
#6059 = ( GEOMETRIC_REPRESENTATION_CONTEXT(2) 
PARAMETRIC_REPRESENTATION_CONTEXT() REPRESENTATION_CONTEXT('2D SPACE',''
  ) );
#6060 = ORIENTED_EDGE('',*,*,#6061,.F.);
#6061 = EDGE_CURVE('',#5991,#6039,#6062,.T.);
#6062 = SURFACE_CURVE('',#6063,(#6068,#6075),.PCURVE_S1.);
#6063 = CIRCLE('',#6064,0.555);
#6064 = AXIS2_PLACEMENT_3D('',#6065,#6066,#6067);
#6065 = CARTESIAN_POINT('',(23.291733706038,44.5,202.35224800777));
#6066 = DIRECTION('',(0.,-1.,-1.110223024625E-16));
#6067 = DIRECTION('',(0.923879532511,4.248639577543E-17,-0.382683432365)
  );
#6068 = PCURVE('',#5268,#6069);
#6069 = DEFINITIONAL_REPRESENTATION('',(#6070),#6074);
#6070 = LINE('',#6071,#6072);
#6071 = CARTESIAN_POINT('',(-6.28318530718,-7.1));
#6072 = VECTOR('',#6073,1.);
#6073 = DIRECTION('',(1.,-0.));
#6074 = ( GEOMETRIC_REPRESENTATION_CONTEXT(2) 
PARAMETRIC_REPRESENTATION_CONTEXT() REPRESENTATION_CONTEXT('2D SPACE',''
  ) );
#6075 = PCURVE('',#5586,#6076);
#6076 = DEFINITIONAL_REPRESENTATION('',(#6077),#6085);
#6077 = ( BOUNDED_CURVE() B_SPLINE_CURVE(2,(#6078,#6079,#6080,#6081,
#6082,#6083,#6084),.UNSPECIFIED.,.T.,.F.) B_SPLINE_CURVE_WITH_KNOTS((1,2
    ,2,2,2,1),(-2.094395102393,0.,2.094395102393,4.188790204786,
6.28318530718,8.377580409573),.UNSPECIFIED.) CURVE() 
GEOMETRIC_REPRESENTATION_ITEM() RATIONAL_B_SPLINE_CURVE((1.,0.5,1.,0.5,
1.,0.5,1.)) REPRESENTATION_ITEM('') );
#6078 = CARTESIAN_POINT('',(23.804486846582,9.860141297186));
#6079 = CARTESIAN_POINT('',(24.172355913762,8.972026806024));
#6080 = CARTESIAN_POINT('',(23.219291669356,9.097500094161));
#6081 = CARTESIAN_POINT('',(22.266227424951,9.222973382298));
#6082 = CARTESIAN_POINT('',(22.851422602177,9.985614585323));
#6083 = CARTESIAN_POINT('',(23.436617779403,10.748255788349));
#6084 = CARTESIAN_POINT('',(23.804486846582,9.860141297186));
#6085 = ( GEOMETRIC_REPRESENTATION_CONTEXT(2) 
PARAMETRIC_REPRESENTATION_CONTEXT() REPRESENTATION_CONTEXT('2D SPACE',''
  ) );
#6086 = ORIENTED_EDGE('',*,*,#6014,.T.);
#6087 = ORIENTED_EDGE('',*,*,#5247,.T.);
#6088 = ADVANCED_FACE('',(#6089),#5235,.T.);
#6089 = FACE_BOUND('',#6090,.F.);
#6090 = EDGE_LOOP('',(#6091,#6092,#6093,#6117));
#6091 = ORIENTED_EDGE('',*,*,#5218,.F.);
#6092 = ORIENTED_EDGE('',*,*,#6038,.F.);
#6093 = ORIENTED_EDGE('',*,*,#6094,.T.);
#6094 = EDGE_CURVE('',#6039,#6095,#6097,.T.);
#6095 = VERTEX_POINT('',#6096);
#6096 = CARTESIAN_POINT('',(22.709485479193,44.5,201.05179252997));
#6097 = SURFACE_CURVE('',#6098,(#6103,#6110),.PCURVE_S1.);
#6098 = CIRCLE('',#6099,25.210790894703);
#6099 = AXIS2_PLACEMENT_3D('',#6100,#6101,#6102);
#6100 = CARTESIAN_POINT('',(0.,44.5,212.));
#6101 = DIRECTION('',(-0.,1.,1.110223024625E-16));
#6102 = DIRECTION('',(1.,0.,0.));
#6103 = PCURVE('',#5235,#6104);
#6104 = DEFINITIONAL_REPRESENTATION('',(#6105),#6109);
#6105 = LINE('',#6106,#6107);
#6106 = CARTESIAN_POINT('',(-0.,-7.));
#6107 = VECTOR('',#6108,1.);
#6108 = DIRECTION('',(-1.,0.));
#6109 = ( GEOMETRIC_REPRESENTATION_CONTEXT(2) 
PARAMETRIC_REPRESENTATION_CONTEXT() REPRESENTATION_CONTEXT('2D SPACE',''
  ) );
#6110 = PCURVE('',#5586,#6111);
#6111 = DEFINITIONAL_REPRESENTATION('',(#6112),#6116);
#6112 = CIRCLE('',#6113,25.210790894703);
#6113 = AXIS2_PLACEMENT_2D('',#6114,#6115);
#6114 = CARTESIAN_POINT('',(2.412172678695E-15,0.));
#6115 = DIRECTION('',(1.,0.));
#6116 = ( GEOMETRIC_REPRESENTATION_CONTEXT(2) 
PARAMETRIC_REPRESENTATION_CONTEXT() REPRESENTATION_CONTEXT('2D SPACE',''
  ) );
#6117 = ORIENTED_EDGE('',*,*,#6118,.T.);
#6118 = EDGE_CURVE('',#6095,#5186,#6119,.T.);
#6119 = SURFACE_CURVE('',#6120,(#6124,#6131),.PCURVE_S1.);
#6120 = LINE('',#6121,#6122);
#6121 = CARTESIAN_POINT('',(22.709485479193,37.5,201.05179252997));
#6122 = VECTOR('',#6123,1.);
#6123 = DIRECTION('',(-0.,-1.,-1.110223024625E-16));
#6124 = PCURVE('',#5235,#6125);
#6125 = DEFINITIONAL_REPRESENTATION('',(#6126),#6130);
#6126 = LINE('',#6127,#6128);
#6127 = CARTESIAN_POINT('',(-0.449224070734,0.));
#6128 = VECTOR('',#6129,1.);
#6129 = DIRECTION('',(-0.,1.));
#6130 = ( GEOMETRIC_REPRESENTATION_CONTEXT(2) 
PARAMETRIC_REPRESENTATION_CONTEXT() REPRESENTATION_CONTEXT('2D SPACE',''
  ) );
#6131 = PCURVE('',#5206,#6132);
#6132 = DEFINITIONAL_REPRESENTATION('',(#6133),#6137);
#6133 = LINE('',#6134,#6135);
#6134 = CARTESIAN_POINT('',(-4.701381566733,-0.1));
#6135 = VECTOR('',#6136,1.);
#6136 = DIRECTION('',(-0.,1.));
#6137 = ( GEOMETRIC_REPRESENTATION_CONTEXT(2) 
PARAMETRIC_REPRESENTATION_CONTEXT() REPRESENTATION_CONTEXT('2D SPACE',''
  ) );
#6138 = ADVANCED_FACE('',(#6139),#5206,.F.);
#6139 = FACE_BOUND('',#6140,.T.);
#6140 = EDGE_LOOP('',(#6141,#6164,#6190,#6191));
#6141 = ORIENTED_EDGE('',*,*,#6142,.F.);
#6142 = EDGE_CURVE('',#6143,#5157,#6145,.T.);
#6143 = VERTEX_POINT('',#6144);
#6144 = CARTESIAN_POINT('',(22.205586553015,44.5,200.06283520374));
#6145 = SURFACE_CURVE('',#6146,(#6150,#6157),.PCURVE_S1.);
#6146 = LINE('',#6147,#6148);
#6147 = CARTESIAN_POINT('',(22.205586553015,37.5,200.06283520374));
#6148 = VECTOR('',#6149,1.);
#6149 = DIRECTION('',(-0.,-1.,-1.110223024625E-16));
#6150 = PCURVE('',#5206,#6151);
#6151 = DEFINITIONAL_REPRESENTATION('',(#6152),#6156);
#6152 = LINE('',#6153,#6154);
#6153 = CARTESIAN_POINT('',(-1.581803740447,-0.1));
#6154 = VECTOR('',#6155,1.);
#6155 = DIRECTION('',(-0.,1.));
#6156 = ( GEOMETRIC_REPRESENTATION_CONTEXT(2) 
PARAMETRIC_REPRESENTATION_CONTEXT() REPRESENTATION_CONTEXT('2D SPACE',''
  ) );
#6157 = PCURVE('',#5173,#6158);
#6158 = DEFINITIONAL_REPRESENTATION('',(#6159),#6163);
#6159 = LINE('',#6160,#6161);
#6160 = CARTESIAN_POINT('',(-0.493253725343,0.));
#6161 = VECTOR('',#6162,1.);
#6162 = DIRECTION('',(-0.,1.));
#6163 = ( GEOMETRIC_REPRESENTATION_CONTEXT(2) 
PARAMETRIC_REPRESENTATION_CONTEXT() REPRESENTATION_CONTEXT('2D SPACE',''
  ) );
#6164 = ORIENTED_EDGE('',*,*,#6165,.F.);
#6165 = EDGE_CURVE('',#6095,#6143,#6166,.T.);
#6166 = SURFACE_CURVE('',#6167,(#6172,#6179),.PCURVE_S1.);
#6167 = CIRCLE('',#6168,0.555);
#6168 = AXIS2_PLACEMENT_3D('',#6169,#6170,#6171);
#6169 = CARTESIAN_POINT('',(22.462979167129,44.5,200.55454044288));
#6170 = DIRECTION('',(0.,-1.,-1.110223024625E-16));
#6171 = DIRECTION('',(0.891006524188,5.040307057719E-17,-0.45399049974)
  );
#6172 = PCURVE('',#5206,#6173);
#6173 = DEFINITIONAL_REPRESENTATION('',(#6174),#6178);
#6174 = LINE('',#6175,#6176);
#6175 = CARTESIAN_POINT('',(-6.28318530718,-7.1));
#6176 = VECTOR('',#6177,1.);
#6177 = DIRECTION('',(1.,-0.));
#6178 = ( GEOMETRIC_REPRESENTATION_CONTEXT(2) 
PARAMETRIC_REPRESENTATION_CONTEXT() REPRESENTATION_CONTEXT('2D SPACE',''
  ) );
#6179 = PCURVE('',#5586,#6180);
#6180 = DEFINITIONAL_REPRESENTATION('',(#6181),#6189);
#6181 = ( BOUNDED_CURVE() B_SPLINE_CURVE(2,(#6182,#6183,#6184,#6185,
#6186,#6187,#6188),.UNSPECIFIED.,.T.,.F.) B_SPLINE_CURVE_WITH_KNOTS((1,2
    ,2,2,2,1),(-2.094395102393,0.,2.094395102393,4.188790204786,
6.28318530718,8.377580409573),.UNSPECIFIED.) CURVE() 
GEOMETRIC_REPRESENTATION_ITEM() RATIONAL_B_SPLINE_CURVE((1.,0.5,1.,0.5,
1.,0.5,1.)) REPRESENTATION_ITEM('') );
#6182 = CARTESIAN_POINT('',(22.957487788054,11.697424284471));
#6183 = CARTESIAN_POINT('',(23.393903497549,10.840910228249));
#6184 = CARTESIAN_POINT('',(22.433932711414,10.891220165327));
#6185 = CARTESIAN_POINT('',(21.47396192528,10.941530102405));
#6186 = CARTESIAN_POINT('',(21.99751700192,11.747734221549));
#6187 = CARTESIAN_POINT('',(22.521072078559,12.553938340693));
#6188 = CARTESIAN_POINT('',(22.957487788054,11.697424284471));
#6189 = ( GEOMETRIC_REPRESENTATION_CONTEXT(2) 
PARAMETRIC_REPRESENTATION_CONTEXT() REPRESENTATION_CONTEXT('2D SPACE',''
  ) );
#6190 = ORIENTED_EDGE('',*,*,#6118,.T.);
#6191 = ORIENTED_EDGE('',*,*,#5185,.T.);
#6192 = ADVANCED_FACE('',(#6193),#5173,.T.);
#6193 = FACE_BOUND('',#6194,.F.);
#6194 = EDGE_LOOP('',(#6195,#6196,#6197,#6221));
#6195 = ORIENTED_EDGE('',*,*,#5156,.F.);
#6196 = ORIENTED_EDGE('',*,*,#6142,.F.);
#6197 = ORIENTED_EDGE('',*,*,#6198,.T.);
#6198 = EDGE_CURVE('',#6143,#6199,#6201,.T.);
#6199 = VERTEX_POINT('',#6200);
#6200 = CARTESIAN_POINT('',(21.780493256429,44.5,199.30377650468));
#6201 = SURFACE_CURVE('',#6202,(#6207,#6214),.PCURVE_S1.);
#6202 = CIRCLE('',#6203,25.210790894703);
#6203 = AXIS2_PLACEMENT_3D('',#6204,#6205,#6206);
#6204 = CARTESIAN_POINT('',(0.,44.5,212.));
#6205 = DIRECTION('',(-0.,1.,1.110223024625E-16));
#6206 = DIRECTION('',(1.,0.,0.));
#6207 = PCURVE('',#5173,#6208);
#6208 = DEFINITIONAL_REPRESENTATION('',(#6209),#6213);
#6209 = LINE('',#6210,#6211);
#6210 = CARTESIAN_POINT('',(-0.,-7.));
#6211 = VECTOR('',#6212,1.);
#6212 = DIRECTION('',(-1.,0.));
#6213 = ( GEOMETRIC_REPRESENTATION_CONTEXT(2) 
PARAMETRIC_REPRESENTATION_CONTEXT() REPRESENTATION_CONTEXT('2D SPACE',''
  ) );
#6214 = PCURVE('',#5586,#6215);
#6215 = DEFINITIONAL_REPRESENTATION('',(#6216),#6220);
#6216 = CIRCLE('',#6217,25.210790894703);
#6217 = AXIS2_PLACEMENT_2D('',#6218,#6219);
#6218 = CARTESIAN_POINT('',(2.412172678695E-15,0.));
#6219 = DIRECTION('',(1.,0.));
#6220 = ( GEOMETRIC_REPRESENTATION_CONTEXT(2) 
PARAMETRIC_REPRESENTATION_CONTEXT() REPRESENTATION_CONTEXT('2D SPACE',''
  ) );
#6221 = ORIENTED_EDGE('',*,*,#6222,.T.);
#6222 = EDGE_CURVE('',#6199,#5124,#6223,.T.);
#6223 = SURFACE_CURVE('',#6224,(#6228,#6235),.PCURVE_S1.);
#6224 = LINE('',#6225,#6226);
#6225 = CARTESIAN_POINT('',(21.780493256429,37.5,199.30377650468));
#6226 = VECTOR('',#6227,1.);
#6227 = DIRECTION('',(-0.,-1.,-1.110223024625E-16));
#6228 = PCURVE('',#5173,#6229);
#6229 = DEFINITIONAL_REPRESENTATION('',(#6230),#6234);
#6230 = LINE('',#6231,#6232);
#6231 = CARTESIAN_POINT('',(-0.527763887074,0.));
#6232 = VECTOR('',#6233,1.);
#6233 = DIRECTION('',(-0.,1.));
#6234 = ( GEOMETRIC_REPRESENTATION_CONTEXT(2) 
PARAMETRIC_REPRESENTATION_CONTEXT() REPRESENTATION_CONTEXT('2D SPACE',''
  ) );
#6235 = PCURVE('',#5144,#6236);
#6236 = DEFINITIONAL_REPRESENTATION('',(#6237),#6241);
#6237 = LINE('',#6238,#6239);
#6238 = CARTESIAN_POINT('',(-4.701381566733,-0.1));
#6239 = VECTOR('',#6240,1.);
#6240 = DIRECTION('',(-0.,1.));
#6241 = ( GEOMETRIC_REPRESENTATION_CONTEXT(2) 
PARAMETRIC_REPRESENTATION_CONTEXT() REPRESENTATION_CONTEXT('2D SPACE',''
  ) );
#6242 = ADVANCED_FACE('',(#6243),#5144,.F.);
#6243 = FACE_BOUND('',#6244,.T.);
#6244 = EDGE_LOOP('',(#6245,#6268,#6294,#6295));
#6245 = ORIENTED_EDGE('',*,*,#6246,.F.);
#6246 = EDGE_CURVE('',#6247,#5095,#6249,.T.);
#6247 = VERTEX_POINT('',#6248);
#6248 = CARTESIAN_POINT('',(21.200554984943,44.5,198.35740325792));
#6249 = SURFACE_CURVE('',#6250,(#6254,#6261),.PCURVE_S1.);
#6250 = LINE('',#6251,#6252);
#6251 = CARTESIAN_POINT('',(21.200554984943,37.5,198.35740325792));
#6252 = VECTOR('',#6253,1.);
#6253 = DIRECTION('',(-0.,-1.,-1.110223024625E-16));
#6254 = PCURVE('',#5144,#6255);
#6255 = DEFINITIONAL_REPRESENTATION('',(#6256),#6260);
#6256 = LINE('',#6257,#6258);
#6257 = CARTESIAN_POINT('',(-1.581803740447,-0.1));
#6258 = VECTOR('',#6259,1.);
#6259 = DIRECTION('',(-0.,1.));
#6260 = ( GEOMETRIC_REPRESENTATION_CONTEXT(2) 
PARAMETRIC_REPRESENTATION_CONTEXT() REPRESENTATION_CONTEXT('2D SPACE',''
  ) );
#6261 = PCURVE('',#5111,#6262);
#6262 = DEFINITIONAL_REPRESENTATION('',(#6263),#6267);
#6263 = LINE('',#6264,#6265);
#6264 = CARTESIAN_POINT('',(-0.571793541682,0.));
#6265 = VECTOR('',#6266,1.);
#6266 = DIRECTION('',(-0.,1.));
#6267 = ( GEOMETRIC_REPRESENTATION_CONTEXT(2) 
PARAMETRIC_REPRESENTATION_CONTEXT() REPRESENTATION_CONTEXT('2D SPACE',''
  ) );
#6268 = ORIENTED_EDGE('',*,*,#6269,.F.);
#6269 = EDGE_CURVE('',#6199,#6247,#6270,.T.);
#6270 = SURFACE_CURVE('',#6271,(#6276,#6283),.PCURVE_S1.);
#6271 = CIRCLE('',#6272,0.555);
#6272 = AXIS2_PLACEMENT_3D('',#6273,#6274,#6275);
#6273 = CARTESIAN_POINT('',(21.495732891956,44.5,198.82739794216));
#6274 = DIRECTION('',(0.,-1.,-1.110223024625E-16));
#6275 = DIRECTION('',(0.852640164354,5.800899368812E-17,-0.522498564716)
  );
#6276 = PCURVE('',#5144,#6277);
#6277 = DEFINITIONAL_REPRESENTATION('',(#6278),#6282);
#6278 = LINE('',#6279,#6280);
#6279 = CARTESIAN_POINT('',(-6.28318530718,-7.1));
#6280 = VECTOR('',#6281,1.);
#6281 = DIRECTION('',(1.,-0.));
#6282 = ( GEOMETRIC_REPRESENTATION_CONTEXT(2) 
PARAMETRIC_REPRESENTATION_CONTEXT() REPRESENTATION_CONTEXT('2D SPACE',''
  ) );
#6283 = PCURVE('',#5586,#6284);
#6284 = DEFINITIONAL_REPRESENTATION('',(#6285),#6293);
#6285 = ( BOUNDED_CURVE() B_SPLINE_CURVE(2,(#6286,#6287,#6288,#6289,
#6290,#6291,#6292),.UNSPECIFIED.,.T.,.F.) B_SPLINE_CURVE_WITH_KNOTS((1,2
    ,2,2,2,1),(-2.094395102393,0.,2.094395102393,4.188790204786,
6.28318530718,8.377580409573),.UNSPECIFIED.) CURVE() 
GEOMETRIC_REPRESENTATION_ITEM() RATIONAL_B_SPLINE_CURVE((1.,0.5,1.,0.5,
1.,0.5,1.)) REPRESENTATION_ITEM('') );
#6286 = CARTESIAN_POINT('',(21.968948183173,13.462588761254));
#6287 = CARTESIAN_POINT('',(22.471219887011,12.642955833948));
#6288 = CARTESIAN_POINT('',(21.510261098267,12.617792242475));
#6289 = CARTESIAN_POINT('',(20.549302309523,12.592628651002));
#6290 = CARTESIAN_POINT('',(21.007989394429,13.43742516978));
#6291 = CARTESIAN_POINT('',(21.466676479335,14.282221688559));
#6292 = CARTESIAN_POINT('',(21.968948183173,13.462588761254));
#6293 = ( GEOMETRIC_REPRESENTATION_CONTEXT(2) 
PARAMETRIC_REPRESENTATION_CONTEXT() REPRESENTATION_CONTEXT('2D SPACE',''
  ) );
#6294 = ORIENTED_EDGE('',*,*,#6222,.T.);
#6295 = ORIENTED_EDGE('',*,*,#5123,.T.);
#6296 = ADVANCED_FACE('',(#6297),#5111,.T.);
#6297 = FACE_BOUND('',#6298,.F.);
#6298 = EDGE_LOOP('',(#6299,#6300,#6301,#6325));
#6299 = ORIENTED_EDGE('',*,*,#5094,.F.);
#6300 = ORIENTED_EDGE('',*,*,#6246,.F.);
#6301 = ORIENTED_EDGE('',*,*,#6302,.T.);
#6302 = EDGE_CURVE('',#6247,#6303,#6305,.T.);
#6303 = VERTEX_POINT('',#6304);
#6304 = CARTESIAN_POINT('',(20.71721704999,44.5,197.63403691916));
#6305 = SURFACE_CURVE('',#6306,(#6311,#6318),.PCURVE_S1.);
#6306 = CIRCLE('',#6307,25.210790894703);
#6307 = AXIS2_PLACEMENT_3D('',#6308,#6309,#6310);
#6308 = CARTESIAN_POINT('',(0.,44.5,212.));
#6309 = DIRECTION('',(-0.,1.,1.110223024625E-16));
#6310 = DIRECTION('',(1.,0.,0.));
#6311 = PCURVE('',#5111,#6312);
#6312 = DEFINITIONAL_REPRESENTATION('',(#6313),#6317);
#6313 = LINE('',#6314,#6315);
#6314 = CARTESIAN_POINT('',(-0.,-7.));
#6315 = VECTOR('',#6316,1.);
#6316 = DIRECTION('',(-1.,0.));
#6317 = ( GEOMETRIC_REPRESENTATION_CONTEXT(2) 
PARAMETRIC_REPRESENTATION_CONTEXT() REPRESENTATION_CONTEXT('2D SPACE',''
  ) );
#6318 = PCURVE('',#5586,#6319);
#6319 = DEFINITIONAL_REPRESENTATION('',(#6320),#6324);
#6320 = CIRCLE('',#6321,25.210790894703);
#6321 = AXIS2_PLACEMENT_2D('',#6322,#6323);
#6322 = CARTESIAN_POINT('',(2.412172678695E-15,0.));
#6323 = DIRECTION('',(1.,0.));
#6324 = ( GEOMETRIC_REPRESENTATION_CONTEXT(2) 
PARAMETRIC_REPRESENTATION_CONTEXT() REPRESENTATION_CONTEXT('2D SPACE',''
  ) );
#6325 = ORIENTED_EDGE('',*,*,#6326,.T.);
#6326 = EDGE_CURVE('',#6303,#5062,#6327,.T.);
#6327 = SURFACE_CURVE('',#6328,(#6332,#6339),.PCURVE_S1.);
#6328 = LINE('',#6329,#6330);
#6329 = CARTESIAN_POINT('',(20.71721704999,37.5,197.63403691916));
#6330 = VECTOR('',#6331,1.);
#6331 = DIRECTION('',(-0.,-1.,-1.110223024625E-16));
#6332 = PCURVE('',#5111,#6333);
#6333 = DEFINITIONAL_REPRESENTATION('',(#6334),#6338);
#6334 = LINE('',#6335,#6336);
#6335 = CARTESIAN_POINT('',(-0.606303703414,0.));
#6336 = VECTOR('',#6337,1.);
#6337 = DIRECTION('',(-0.,1.));
#6338 = ( GEOMETRIC_REPRESENTATION_CONTEXT(2) 
PARAMETRIC_REPRESENTATION_CONTEXT() REPRESENTATION_CONTEXT('2D SPACE',''
  ) );
#6339 = PCURVE('',#5082,#6340);
#6340 = DEFINITIONAL_REPRESENTATION('',(#6341),#6345);
#6341 = LINE('',#6342,#6343);
#6342 = CARTESIAN_POINT('',(-4.701381566733,-0.1));
#6343 = VECTOR('',#6344,1.);
#6344 = DIRECTION('',(-0.,1.));
#6345 = ( GEOMETRIC_REPRESENTATION_CONTEXT(2) 
PARAMETRIC_REPRESENTATION_CONTEXT() REPRESENTATION_CONTEXT('2D SPACE',''
  ) );
#6346 = ADVANCED_FACE('',(#6347),#5082,.F.);
#6347 = FACE_BOUND('',#6348,.T.);
#6348 = EDGE_LOOP('',(#6349,#6372,#6398,#6399));
#6349 = ORIENTED_EDGE('',*,*,#6350,.F.);
#6350 = EDGE_CURVE('',#6351,#5033,#6353,.T.);
#6351 = VERTEX_POINT('',#6352);
#6352 = CARTESIAN_POINT('',(20.06481494549,44.5,196.73608245764));
#6353 = SURFACE_CURVE('',#6354,(#6358,#6365),.PCURVE_S1.);
#6354 = LINE('',#6355,#6356);
#6355 = CARTESIAN_POINT('',(20.06481494549,37.5,196.73608245764));
#6356 = VECTOR('',#6357,1.);
#6357 = DIRECTION('',(-0.,-1.,-1.110223024625E-16));
#6358 = PCURVE('',#5082,#6359);
#6359 = DEFINITIONAL_REPRESENTATION('',(#6360),#6364);
#6360 = LINE('',#6361,#6362);
#6361 = CARTESIAN_POINT('',(-1.581803740447,-0.1));
#6362 = VECTOR('',#6363,1.);
#6363 = DIRECTION('',(-0.,1.));
#6364 = ( GEOMETRIC_REPRESENTATION_CONTEXT(2) 
PARAMETRIC_REPRESENTATION_CONTEXT() REPRESENTATION_CONTEXT('2D SPACE',''
  ) );
#6365 = PCURVE('',#5049,#6366);
#6366 = DEFINITIONAL_REPRESENTATION('',(#6367),#6371);
#6367 = LINE('',#6368,#6369);
#6368 = CARTESIAN_POINT('',(-0.650333358022,0.));
#6369 = VECTOR('',#6370,1.);
#6370 = DIRECTION('',(-0.,1.));
#6371 = ( GEOMETRIC_REPRESENTATION_CONTEXT(2) 
PARAMETRIC_REPRESENTATION_CONTEXT() REPRESENTATION_CONTEXT('2D SPACE',''
  ) );
#6372 = ORIENTED_EDGE('',*,*,#6373,.F.);
#6373 = EDGE_CURVE('',#6303,#6351,#6374,.T.);
#6374 = SURFACE_CURVE('',#6375,(#6380,#6387),.PCURVE_S1.);
#6375 = CIRCLE('',#6376,0.555);
#6376 = AXIS2_PLACEMENT_3D('',#6377,#6378,#6379);
#6377 = CARTESIAN_POINT('',(20.395958275448,44.5,197.18146891346));
#6378 = DIRECTION('',(0.,-1.,-1.110223024625E-16));
#6379 = DIRECTION('',(0.809016994375,6.525727206302E-17,-0.587785252292)
  );
#6380 = PCURVE('',#5082,#6381);
#6381 = DEFINITIONAL_REPRESENTATION('',(#6382),#6386);
#6382 = LINE('',#6383,#6384);
#6383 = CARTESIAN_POINT('',(-6.28318530718,-7.1));
#6384 = VECTOR('',#6385,1.);
#6385 = DIRECTION('',(1.,-0.));
#6386 = ( GEOMETRIC_REPRESENTATION_CONTEXT(2) 
PARAMETRIC_REPRESENTATION_CONTEXT() REPRESENTATION_CONTEXT('2D SPACE',''
  ) );
#6387 = PCURVE('',#5586,#6388);
#6388 = DEFINITIONAL_REPRESENTATION('',(#6389),#6397);
#6389 = ( BOUNDED_CURVE() B_SPLINE_CURVE(2,(#6390,#6391,#6392,#6393,
#6394,#6395,#6396),.UNSPECIFIED.,.T.,.F.) B_SPLINE_CURVE_WITH_KNOTS((1,2
    ,2,2,2,1),(-2.094395102393,0.,2.094395102393,4.188790204786,
6.28318530718,8.377580409573),.UNSPECIFIED.) CURVE() 
GEOMETRIC_REPRESENTATION_ITEM() RATIONAL_B_SPLINE_CURVE((1.,0.5,1.,0.5,
1.,0.5,1.)) REPRESENTATION_ITEM('') );
#6390 = CARTESIAN_POINT('',(20.844962707326,15.144751901558));
#6391 = CARTESIAN_POINT('',(21.409993733431,14.367053412722));
#6392 = CARTESIAN_POINT('',(20.453971572562,14.266571434607));
#6393 = CARTESIAN_POINT('',(19.497949411692,14.166089456491));
#6394 = CARTESIAN_POINT('',(19.888940546456,15.044269923443));
#6395 = CARTESIAN_POINT('',(20.279931681221,15.922450390395));
#6396 = CARTESIAN_POINT('',(20.844962707326,15.144751901558));
#6397 = ( GEOMETRIC_REPRESENTATION_CONTEXT(2) 
PARAMETRIC_REPRESENTATION_CONTEXT() REPRESENTATION_CONTEXT('2D SPACE',''
  ) );
#6398 = ORIENTED_EDGE('',*,*,#6326,.T.);
#6399 = ORIENTED_EDGE('',*,*,#5061,.T.);
#6400 = ADVANCED_FACE('',(#6401),#5049,.T.);
#6401 = FACE_BOUND('',#6402,.F.);
#6402 = EDGE_LOOP('',(#6403,#6404,#6405,#6429));
#6403 = ORIENTED_EDGE('',*,*,#5032,.F.);
#6404 = ORIENTED_EDGE('',*,*,#6350,.F.);
#6405 = ORIENTED_EDGE('',*,*,#6406,.T.);
#6406 = EDGE_CURVE('',#6351,#6407,#6409,.T.);
#6407 = VERTEX_POINT('',#6408);
#6408 = CARTESIAN_POINT('',(19.526212311264,44.5,196.0528682732));
#6409 = SURFACE_CURVE('',#6410,(#6415,#6422),.PCURVE_S1.);
#6410 = CIRCLE('',#6411,25.210790894703);
#6411 = AXIS2_PLACEMENT_3D('',#6412,#6413,#6414);
#6412 = CARTESIAN_POINT('',(0.,44.5,212.));
#6413 = DIRECTION('',(-0.,1.,1.110223024625E-16));
#6414 = DIRECTION('',(1.,0.,0.));
#6415 = PCURVE('',#5049,#6416);
#6416 = DEFINITIONAL_REPRESENTATION('',(#6417),#6421);
#6417 = LINE('',#6418,#6419);
#6418 = CARTESIAN_POINT('',(-0.,-7.));
#6419 = VECTOR('',#6420,1.);
#6420 = DIRECTION('',(-1.,0.));
#6421 = ( GEOMETRIC_REPRESENTATION_CONTEXT(2) 
PARAMETRIC_REPRESENTATION_CONTEXT() REPRESENTATION_CONTEXT('2D SPACE',''
  ) );
#6422 = PCURVE('',#5586,#6423);
#6423 = DEFINITIONAL_REPRESENTATION('',(#6424),#6428);
#6424 = CIRCLE('',#6425,25.210790894703);
#6425 = AXIS2_PLACEMENT_2D('',#6426,#6427);
#6426 = CARTESIAN_POINT('',(2.412172678695E-15,0.));
#6427 = DIRECTION('',(1.,0.));
#6428 = ( GEOMETRIC_REPRESENTATION_CONTEXT(2) 
PARAMETRIC_REPRESENTATION_CONTEXT() REPRESENTATION_CONTEXT('2D SPACE',''
  ) );
#6429 = ORIENTED_EDGE('',*,*,#6430,.T.);
#6430 = EDGE_CURVE('',#6407,#5000,#6431,.T.);
#6431 = SURFACE_CURVE('',#6432,(#6436,#6443),.PCURVE_S1.);
#6432 = LINE('',#6433,#6434);
#6433 = CARTESIAN_POINT('',(19.526212311264,37.5,196.0528682732));
#6434 = VECTOR('',#6435,1.);
#6435 = DIRECTION('',(-0.,-1.,-1.110223024625E-16));
#6436 = PCURVE('',#5049,#6437);
#6437 = DEFINITIONAL_REPRESENTATION('',(#6438),#6442);
#6438 = LINE('',#6439,#6440);
#6439 = CARTESIAN_POINT('',(-0.684843519753,0.));
#6440 = VECTOR('',#6441,1.);
#6441 = DIRECTION('',(-0.,1.));
#6442 = ( GEOMETRIC_REPRESENTATION_CONTEXT(2) 
PARAMETRIC_REPRESENTATION_CONTEXT() REPRESENTATION_CONTEXT('2D SPACE',''
  ) );
#6443 = PCURVE('',#5020,#6444);
#6444 = DEFINITIONAL_REPRESENTATION('',(#6445),#6449);
#6445 = LINE('',#6446,#6447);
#6446 = CARTESIAN_POINT('',(-4.701381566733,-0.1));
#6447 = VECTOR('',#6448,1.);
#6448 = DIRECTION('',(-0.,1.));
#6449 = ( GEOMETRIC_REPRESENTATION_CONTEXT(2) 
PARAMETRIC_REPRESENTATION_CONTEXT() REPRESENTATION_CONTEXT('2D SPACE',''
  ) );
#6450 = ADVANCED_FACE('',(#6451),#5020,.F.);
#6451 = FACE_BOUND('',#6452,.T.);
#6452 = EDGE_LOOP('',(#6453,#6476,#6502,#6503));
#6453 = ORIENTED_EDGE('',*,*,#6454,.F.);
#6454 = EDGE_CURVE('',#6455,#4971,#6457,.T.);
#6455 = VERTEX_POINT('',#6456);
#6456 = CARTESIAN_POINT('',(18.805368649669,44.5,195.20886878478));
#6457 = SURFACE_CURVE('',#6458,(#6462,#6469),.PCURVE_S1.);
#6458 = LINE('',#6459,#6460);
#6459 = CARTESIAN_POINT('',(18.805368649669,37.5,195.20886878478));
#6460 = VECTOR('',#6461,1.);
#6461 = DIRECTION('',(-0.,-1.,-1.110223024625E-16));
#6462 = PCURVE('',#5020,#6463);
#6463 = DEFINITIONAL_REPRESENTATION('',(#6464),#6468);
#6464 = LINE('',#6465,#6466);
#6465 = CARTESIAN_POINT('',(-1.581803740447,-0.1));
#6466 = VECTOR('',#6467,1.);
#6467 = DIRECTION('',(-0.,1.));
#6468 = ( GEOMETRIC_REPRESENTATION_CONTEXT(2) 
PARAMETRIC_REPRESENTATION_CONTEXT() REPRESENTATION_CONTEXT('2D SPACE',''
  ) );
#6469 = PCURVE('',#4987,#6470);
#6470 = DEFINITIONAL_REPRESENTATION('',(#6471),#6475);
#6471 = LINE('',#6472,#6473);
#6472 = CARTESIAN_POINT('',(-0.728873174362,0.));
#6473 = VECTOR('',#6474,1.);
#6474 = DIRECTION('',(-0.,1.));
#6475 = ( GEOMETRIC_REPRESENTATION_CONTEXT(2) 
PARAMETRIC_REPRESENTATION_CONTEXT() REPRESENTATION_CONTEXT('2D SPACE',''
  ) );
#6476 = ORIENTED_EDGE('',*,*,#6477,.F.);
#6477 = EDGE_CURVE('',#6407,#6455,#6478,.T.);
#6478 = SURFACE_CURVE('',#6479,(#6484,#6491),.PCURVE_S1.);
#6479 = CIRCLE('',#6480,0.555);
#6480 = AXIS2_PLACEMENT_3D('',#6481,#6482,#6483);
#6481 = CARTESIAN_POINT('',(19.170435793827,44.5,195.62690105657));
#6482 = DIRECTION('',(0.,-1.,-1.110223024625E-16));
#6483 = DIRECTION('',(0.7604059656,7.21032176554E-17,-0.64944804833));
#6484 = PCURVE('',#5020,#6485);
#6485 = DEFINITIONAL_REPRESENTATION('',(#6486),#6490);
#6486 = LINE('',#6487,#6488);
#6487 = CARTESIAN_POINT('',(-6.28318530718,-7.1));
#6488 = VECTOR('',#6489,1.);
#6489 = DIRECTION('',(1.,-0.));
#6490 = ( GEOMETRIC_REPRESENTATION_CONTEXT(2) 
PARAMETRIC_REPRESENTATION_CONTEXT() REPRESENTATION_CONTEXT('2D SPACE',''
  ) );
#6491 = PCURVE('',#5586,#6492);
#6492 = DEFINITIONAL_REPRESENTATION('',(#6493),#6501);
#6493 = ( BOUNDED_CURVE() B_SPLINE_CURVE(2,(#6494,#6495,#6496,#6497,
#6498,#6499,#6500),.UNSPECIFIED.,.T.,.F.) B_SPLINE_CURVE_WITH_KNOTS((1,2
    ,2,2,2,1),(-2.094395102393,0.,2.094395102393,4.188790204786,
6.28318530718,8.377580409573),.UNSPECIFIED.) CURVE() 
GEOMETRIC_REPRESENTATION_ITEM() RATIONAL_B_SPLINE_CURVE((1.,0.5,1.,0.5,
1.,0.5,1.)) REPRESENTATION_ITEM('') );
#6494 = CARTESIAN_POINT('',(19.592461104735,16.733542610249));
#6495 = CARTESIAN_POINT('',(20.21676784894,16.002573329676));
#6496 = CARTESIAN_POINT('',(19.271576510475,15.827392469727));
#6497 = CARTESIAN_POINT('',(18.326385172011,15.652211609779));
#6498 = CARTESIAN_POINT('',(18.647269766271,16.5583617503));
#6499 = CARTESIAN_POINT('',(18.968154360531,17.464511890821));
#6500 = CARTESIAN_POINT('',(19.592461104735,16.733542610249));
#6501 = ( GEOMETRIC_REPRESENTATION_CONTEXT(2) 
PARAMETRIC_REPRESENTATION_CONTEXT() REPRESENTATION_CONTEXT('2D SPACE',''
  ) );
#6502 = ORIENTED_EDGE('',*,*,#6430,.T.);
#6503 = ORIENTED_EDGE('',*,*,#4999,.T.);
#6504 = ADVANCED_FACE('',(#6505),#4987,.T.);
#6505 = FACE_BOUND('',#6506,.F.);
#6506 = EDGE_LOOP('',(#6507,#6508,#6509,#6533));
#6507 = ORIENTED_EDGE('',*,*,#4970,.F.);
#6508 = ORIENTED_EDGE('',*,*,#6454,.F.);
#6509 = ORIENTED_EDGE('',*,*,#6510,.T.);
#6510 = EDGE_CURVE('',#6455,#6511,#6513,.T.);
#6511 = VERTEX_POINT('',#6512);
#6512 = CARTESIAN_POINT('',(18.214821980515,44.5,194.57001899729));
#6513 = SURFACE_CURVE('',#6514,(#6519,#6526),.PCURVE_S1.);
#6514 = CIRCLE('',#6515,25.210790894703);
#6515 = AXIS2_PLACEMENT_3D('',#6516,#6517,#6518);
#6516 = CARTESIAN_POINT('',(0.,44.5,212.));
#6517 = DIRECTION('',(-0.,1.,1.110223024625E-16));
#6518 = DIRECTION('',(1.,0.,0.));
#6519 = PCURVE('',#4987,#6520);
#6520 = DEFINITIONAL_REPRESENTATION('',(#6521),#6525);
#6521 = LINE('',#6522,#6523);
#6522 = CARTESIAN_POINT('',(-0.,-7.));
#6523 = VECTOR('',#6524,1.);
#6524 = DIRECTION('',(-1.,0.));
#6525 = ( GEOMETRIC_REPRESENTATION_CONTEXT(2) 
PARAMETRIC_REPRESENTATION_CONTEXT() REPRESENTATION_CONTEXT('2D SPACE',''
  ) );
#6526 = PCURVE('',#5586,#6527);
#6527 = DEFINITIONAL_REPRESENTATION('',(#6528),#6532);
#6528 = CIRCLE('',#6529,25.210790894703);
#6529 = AXIS2_PLACEMENT_2D('',#6530,#6531);
#6530 = CARTESIAN_POINT('',(2.412172678695E-15,0.));
#6531 = DIRECTION('',(1.,0.));
#6532 = ( GEOMETRIC_REPRESENTATION_CONTEXT(2) 
PARAMETRIC_REPRESENTATION_CONTEXT() REPRESENTATION_CONTEXT('2D SPACE',''
  ) );
#6533 = ORIENTED_EDGE('',*,*,#6534,.T.);
#6534 = EDGE_CURVE('',#6511,#4938,#6535,.T.);
#6535 = SURFACE_CURVE('',#6536,(#6540,#6547),.PCURVE_S1.);
#6536 = LINE('',#6537,#6538);
#6537 = CARTESIAN_POINT('',(18.214821980515,37.5,194.57001899729));
#6538 = VECTOR('',#6539,1.);
#6539 = DIRECTION('',(-0.,-1.,-1.110223024625E-16));
#6540 = PCURVE('',#4987,#6541);
#6541 = DEFINITIONAL_REPRESENTATION('',(#6542),#6546);
#6542 = LINE('',#6543,#6544);
#6543 = CARTESIAN_POINT('',(-0.763383336093,0.));
#6544 = VECTOR('',#6545,1.);
#6545 = DIRECTION('',(-0.,1.));
#6546 = ( GEOMETRIC_REPRESENTATION_CONTEXT(2) 
PARAMETRIC_REPRESENTATION_CONTEXT() REPRESENTATION_CONTEXT('2D SPACE',''
  ) );
#6547 = PCURVE('',#4958,#6548);
#6548 = DEFINITIONAL_REPRESENTATION('',(#6549),#6553);
#6549 = LINE('',#6550,#6551);
#6550 = CARTESIAN_POINT('',(-4.701381566733,-0.1));
#6551 = VECTOR('',#6552,1.);
#6552 = DIRECTION('',(-0.,1.));
#6553 = ( GEOMETRIC_REPRESENTATION_CONTEXT(2) 
PARAMETRIC_REPRESENTATION_CONTEXT() REPRESENTATION_CONTEXT('2D SPACE',''
  ) );
#6554 = ADVANCED_FACE('',(#6555),#4958,.F.);
#6555 = FACE_BOUND('',#6556,.T.);
#6556 = EDGE_LOOP('',(#6557,#6580,#6606,#6607));
#6557 = ORIENTED_EDGE('',*,*,#6558,.F.);
#6558 = EDGE_CURVE('',#6559,#4909,#6561,.T.);
#6559 = VERTEX_POINT('',#6560);
#6560 = CARTESIAN_POINT('',(17.429981002703,44.5,193.78517801948));
#6561 = SURFACE_CURVE('',#6562,(#6566,#6573),.PCURVE_S1.);
#6562 = LINE('',#6563,#6564);
#6563 = CARTESIAN_POINT('',(17.429981002703,37.5,193.78517801948));
#6564 = VECTOR('',#6565,1.);
#6565 = DIRECTION('',(-0.,-1.,-1.110223024625E-16));
#6566 = PCURVE('',#4958,#6567);
#6567 = DEFINITIONAL_REPRESENTATION('',(#6568),#6572);
#6568 = LINE('',#6569,#6570);
#6569 = CARTESIAN_POINT('',(-1.581803740447,-0.1));
#6570 = VECTOR('',#6571,1.);
#6571 = DIRECTION('',(-0.,1.));
#6572 = ( GEOMETRIC_REPRESENTATION_CONTEXT(2) 
PARAMETRIC_REPRESENTATION_CONTEXT() REPRESENTATION_CONTEXT('2D SPACE',''
  ) );
#6573 = PCURVE('',#4925,#6574);
#6574 = DEFINITIONAL_REPRESENTATION('',(#6575),#6579);
#6575 = LINE('',#6576,#6577);
#6576 = CARTESIAN_POINT('',(-0.807412990702,0.));
#6577 = VECTOR('',#6578,1.);
#6578 = DIRECTION('',(-0.,1.));
#6579 = ( GEOMETRIC_REPRESENTATION_CONTEXT(2) 
PARAMETRIC_REPRESENTATION_CONTEXT() REPRESENTATION_CONTEXT('2D SPACE',''
  ) );
#6580 = ORIENTED_EDGE('',*,*,#6581,.F.);
#6581 = EDGE_CURVE('',#6511,#6559,#6582,.T.);
#6582 = SURFACE_CURVE('',#6583,(#6588,#6595),.PCURVE_S1.);
#6583 = CIRCLE('',#6584,0.555);
#6584 = AXIS2_PLACEMENT_3D('',#6585,#6586,#6587);
#6585 = CARTESIAN_POINT('',(17.826721200721,44.5,194.17327879927));
#6586 = DIRECTION('',(0.,-1.,-1.110223024625E-16));
#6587 = DIRECTION('',(0.707106781187,7.850462293419E-17,-0.707106781187)
  );
#6588 = PCURVE('',#4958,#6589);
#6589 = DEFINITIONAL_REPRESENTATION('',(#6590),#6594);
#6590 = LINE('',#6591,#6592);
#6591 = CARTESIAN_POINT('',(-6.28318530718,-7.1));
#6592 = VECTOR('',#6593,1.);
#6593 = DIRECTION('',(1.,-0.));
#6594 = ( GEOMETRIC_REPRESENTATION_CONTEXT(2) 
PARAMETRIC_REPRESENTATION_CONTEXT() REPRESENTATION_CONTEXT('2D SPACE',''
  ) );
#6595 = PCURVE('',#5586,#6596);
#6596 = DEFINITIONAL_REPRESENTATION('',(#6597),#6605);
#6597 = ( BOUNDED_CURVE() B_SPLINE_CURVE(2,(#6598,#6599,#6600,#6601,
#6602,#6603,#6604),.UNSPECIFIED.,.T.,.F.) B_SPLINE_CURVE_WITH_KNOTS((1,2
    ,2,2,2,1),(-2.094395102393,0.,2.094395102393,4.188790204786,
6.28318530718,8.377580409573),.UNSPECIFIED.) CURVE() 
GEOMETRIC_REPRESENTATION_ITEM() RATIONAL_B_SPLINE_CURVE((1.,0.5,1.,0.5,
1.,0.5,1.)) REPRESENTATION_ITEM('') );
#6598 = CARTESIAN_POINT('',(18.219165464279,18.219165464279));
#6599 = CARTESIAN_POINT('',(18.898898867902,17.539432060657));
#6600 = CARTESIAN_POINT('',(17.970365770753,17.29063236713));
#6601 = CARTESIAN_POINT('',(17.041832673604,17.041832673604));
#6602 = CARTESIAN_POINT('',(17.29063236713,17.970365770753));
#6603 = CARTESIAN_POINT('',(17.539432060657,18.898898867902));
#6604 = CARTESIAN_POINT('',(18.219165464279,18.219165464279));
#6605 = ( GEOMETRIC_REPRESENTATION_CONTEXT(2) 
PARAMETRIC_REPRESENTATION_CONTEXT() REPRESENTATION_CONTEXT('2D SPACE',''
  ) );
#6606 = ORIENTED_EDGE('',*,*,#6534,.T.);
#6607 = ORIENTED_EDGE('',*,*,#4937,.T.);
#6608 = ADVANCED_FACE('',(#6609),#4925,.T.);
#6609 = FACE_BOUND('',#6610,.F.);
#6610 = EDGE_LOOP('',(#6611,#6612,#6613,#6637));
#6611 = ORIENTED_EDGE('',*,*,#4908,.F.);
#6612 = ORIENTED_EDGE('',*,*,#6558,.F.);
#6613 = ORIENTED_EDGE('',*,*,#6614,.T.);
#6614 = EDGE_CURVE('',#6559,#6615,#6617,.T.);
#6615 = VERTEX_POINT('',#6616);
#6616 = CARTESIAN_POINT('',(16.791131215213,44.5,193.19463135033));
#6617 = SURFACE_CURVE('',#6618,(#6623,#6630),.PCURVE_S1.);
#6618 = CIRCLE('',#6619,25.210790894703);
#6619 = AXIS2_PLACEMENT_3D('',#6620,#6621,#6622);
#6620 = CARTESIAN_POINT('',(0.,44.5,212.));
#6621 = DIRECTION('',(-0.,1.,1.110223024625E-16));
#6622 = DIRECTION('',(1.,0.,0.));
#6623 = PCURVE('',#4925,#6624);
#6624 = DEFINITIONAL_REPRESENTATION('',(#6625),#6629);
#6625 = LINE('',#6626,#6627);
#6626 = CARTESIAN_POINT('',(-0.,-7.));
#6627 = VECTOR('',#6628,1.);
#6628 = DIRECTION('',(-1.,0.));
#6629 = ( GEOMETRIC_REPRESENTATION_CONTEXT(2) 
PARAMETRIC_REPRESENTATION_CONTEXT() REPRESENTATION_CONTEXT('2D SPACE',''
  ) );
#6630 = PCURVE('',#5586,#6631);
#6631 = DEFINITIONAL_REPRESENTATION('',(#6632),#6636);
#6632 = CIRCLE('',#6633,25.210790894703);
#6633 = AXIS2_PLACEMENT_2D('',#6634,#6635);
#6634 = CARTESIAN_POINT('',(2.412172678695E-15,0.));
#6635 = DIRECTION('',(1.,0.));
#6636 = ( GEOMETRIC_REPRESENTATION_CONTEXT(2) 
PARAMETRIC_REPRESENTATION_CONTEXT() REPRESENTATION_CONTEXT('2D SPACE',''
  ) );
#6637 = ORIENTED_EDGE('',*,*,#6638,.T.);
#6638 = EDGE_CURVE('',#6615,#4876,#6639,.T.);
#6639 = SURFACE_CURVE('',#6640,(#6644,#6651),.PCURVE_S1.);
#6640 = LINE('',#6641,#6642);
#6641 = CARTESIAN_POINT('',(16.791131215213,37.5,193.19463135033));
#6642 = VECTOR('',#6643,1.);
#6643 = DIRECTION('',(-0.,-1.,-1.110223024625E-16));
#6644 = PCURVE('',#4925,#6645);
#6645 = DEFINITIONAL_REPRESENTATION('',(#6646),#6650);
#6646 = LINE('',#6647,#6648);
#6647 = CARTESIAN_POINT('',(-0.841923152433,0.));
#6648 = VECTOR('',#6649,1.);
#6649 = DIRECTION('',(-0.,1.));
#6650 = ( GEOMETRIC_REPRESENTATION_CONTEXT(2) 
PARAMETRIC_REPRESENTATION_CONTEXT() REPRESENTATION_CONTEXT('2D SPACE',''
  ) );
#6651 = PCURVE('',#4896,#6652);
#6652 = DEFINITIONAL_REPRESENTATION('',(#6653),#6657);
#6653 = LINE('',#6654,#6655);
#6654 = CARTESIAN_POINT('',(-4.701381566733,-0.1));
#6655 = VECTOR('',#6656,1.);
#6656 = DIRECTION('',(-0.,1.));
#6657 = ( GEOMETRIC_REPRESENTATION_CONTEXT(2) 
PARAMETRIC_REPRESENTATION_CONTEXT() REPRESENTATION_CONTEXT('2D SPACE',''
  ) );
#6658 = ADVANCED_FACE('',(#6659),#4896,.F.);
#6659 = FACE_BOUND('',#6660,.T.);
#6660 = EDGE_LOOP('',(#6661,#6684,#6710,#6711));
#6661 = ORIENTED_EDGE('',*,*,#6662,.F.);
#6662 = EDGE_CURVE('',#6663,#4847,#6665,.T.);
#6663 = VERTEX_POINT('',#6664);
#6664 = CARTESIAN_POINT('',(15.947131726799,44.5,192.47378768873));
#6665 = SURFACE_CURVE('',#6666,(#6670,#6677),.PCURVE_S1.);
#6666 = LINE('',#6667,#6668);
#6667 = CARTESIAN_POINT('',(15.947131726799,37.5,192.47378768873));
#6668 = VECTOR('',#6669,1.);
#6669 = DIRECTION('',(-0.,-1.,-1.110223024625E-16));
#6670 = PCURVE('',#4896,#6671);
#6671 = DEFINITIONAL_REPRESENTATION('',(#6672),#6676);
#6672 = LINE('',#6673,#6674);
#6673 = CARTESIAN_POINT('',(-1.581803740447,-0.1));
#6674 = VECTOR('',#6675,1.);
#6675 = DIRECTION('',(-0.,1.));
#6676 = ( GEOMETRIC_REPRESENTATION_CONTEXT(2) 
PARAMETRIC_REPRESENTATION_CONTEXT() REPRESENTATION_CONTEXT('2D SPACE',''
  ) );
#6677 = PCURVE('',#4863,#6678);
#6678 = DEFINITIONAL_REPRESENTATION('',(#6679),#6683);
#6679 = LINE('',#6680,#6681);
#6680 = CARTESIAN_POINT('',(-0.885952807041,0.));
#6681 = VECTOR('',#6682,1.);
#6682 = DIRECTION('',(-0.,1.));
#6683 = ( GEOMETRIC_REPRESENTATION_CONTEXT(2) 
PARAMETRIC_REPRESENTATION_CONTEXT() REPRESENTATION_CONTEXT('2D SPACE',''
  ) );
#6684 = ORIENTED_EDGE('',*,*,#6685,.F.);
#6685 = EDGE_CURVE('',#6615,#6663,#6686,.T.);
#6686 = SURFACE_CURVE('',#6687,(#6692,#6699),.PCURVE_S1.);
#6687 = CIRCLE('',#6688,0.555);
#6688 = AXIS2_PLACEMENT_3D('',#6689,#6690,#6691);
#6689 = CARTESIAN_POINT('',(16.373098943425,44.5,192.82956420617));
#6690 = DIRECTION('',(0.,-1.,-1.110223024625E-16));
#6691 = DIRECTION('',(0.64944804833,8.442202110715E-17,-0.7604059656));
#6692 = PCURVE('',#4896,#6693);
#6693 = DEFINITIONAL_REPRESENTATION('',(#6694),#6698);
#6694 = LINE('',#6695,#6696);
#6695 = CARTESIAN_POINT('',(-6.28318530718,-7.1));
#6696 = VECTOR('',#6697,1.);
#6697 = DIRECTION('',(1.,-0.));
#6698 = ( GEOMETRIC_REPRESENTATION_CONTEXT(2) 
PARAMETRIC_REPRESENTATION_CONTEXT() REPRESENTATION_CONTEXT('2D SPACE',''
  ) );
#6699 = PCURVE('',#5586,#6700);
#6700 = DEFINITIONAL_REPRESENTATION('',(#6701),#6709);
#6701 = ( BOUNDED_CURVE() B_SPLINE_CURVE(2,(#6702,#6703,#6704,#6705,
#6706,#6707,#6708),.UNSPECIFIED.,.T.,.F.) B_SPLINE_CURVE_WITH_KNOTS((1,2
    ,2,2,2,1),(-2.094395102393,0.,2.094395102393,4.188790204786,
6.28318530718,8.377580409573),.UNSPECIFIED.) CURVE() 
GEOMETRIC_REPRESENTATION_ITEM() RATIONAL_B_SPLINE_CURVE((1.,0.5,1.,0.5,
1.,0.5,1.)) REPRESENTATION_ITEM('') );
#6702 = CARTESIAN_POINT('',(16.733542610249,19.592461104735));
#6703 = CARTESIAN_POINT('',(17.464511890821,18.968154360531));
#6704 = CARTESIAN_POINT('',(16.5583617503,18.647269766271));
#6705 = CARTESIAN_POINT('',(15.652211609779,18.326385172011));
#6706 = CARTESIAN_POINT('',(15.827392469727,19.271576510475));
#6707 = CARTESIAN_POINT('',(16.002573329676,20.21676784894));
#6708 = CARTESIAN_POINT('',(16.733542610249,19.592461104735));
#6709 = ( GEOMETRIC_REPRESENTATION_CONTEXT(2) 
PARAMETRIC_REPRESENTATION_CONTEXT() REPRESENTATION_CONTEXT('2D SPACE',''
  ) );
#6710 = ORIENTED_EDGE('',*,*,#6638,.T.);
#6711 = ORIENTED_EDGE('',*,*,#4875,.T.);
#6712 = ADVANCED_FACE('',(#6713),#4863,.T.);
#6713 = FACE_BOUND('',#6714,.F.);
#6714 = EDGE_LOOP('',(#6715,#6716,#6717,#6741));
#6715 = ORIENTED_EDGE('',*,*,#4846,.F.);
#6716 = ORIENTED_EDGE('',*,*,#6662,.F.);
#6717 = ORIENTED_EDGE('',*,*,#6718,.T.);
#6718 = EDGE_CURVE('',#6663,#6719,#6721,.T.);
#6719 = VERTEX_POINT('',#6720);
#6720 = CARTESIAN_POINT('',(15.263917542352,44.5,191.93518505451));
#6721 = SURFACE_CURVE('',#6722,(#6727,#6734),.PCURVE_S1.);
#6722 = CIRCLE('',#6723,25.210790894703);
#6723 = AXIS2_PLACEMENT_3D('',#6724,#6725,#6726);
#6724 = CARTESIAN_POINT('',(0.,44.5,212.));
#6725 = DIRECTION('',(-0.,1.,1.110223024625E-16));
#6726 = DIRECTION('',(1.,0.,0.));
#6727 = PCURVE('',#4863,#6728);
#6728 = DEFINITIONAL_REPRESENTATION('',(#6729),#6733);
#6729 = LINE('',#6730,#6731);
#6730 = CARTESIAN_POINT('',(-0.,-7.));
#6731 = VECTOR('',#6732,1.);
#6732 = DIRECTION('',(-1.,0.));
#6733 = ( GEOMETRIC_REPRESENTATION_CONTEXT(2) 
PARAMETRIC_REPRESENTATION_CONTEXT() REPRESENTATION_CONTEXT('2D SPACE',''
  ) );
#6734 = PCURVE('',#5586,#6735);
#6735 = DEFINITIONAL_REPRESENTATION('',(#6736),#6740);
#6736 = CIRCLE('',#6737,25.210790894703);
#6737 = AXIS2_PLACEMENT_2D('',#6738,#6739);
#6738 = CARTESIAN_POINT('',(2.412172678695E-15,0.));
#6739 = DIRECTION('',(1.,0.));
#6740 = ( GEOMETRIC_REPRESENTATION_CONTEXT(2) 
PARAMETRIC_REPRESENTATION_CONTEXT() REPRESENTATION_CONTEXT('2D SPACE',''
  ) );
#6741 = ORIENTED_EDGE('',*,*,#6742,.T.);
#6742 = EDGE_CURVE('',#6719,#4814,#6743,.T.);
#6743 = SURFACE_CURVE('',#6744,(#6748,#6755),.PCURVE_S1.);
#6744 = LINE('',#6745,#6746);
#6745 = CARTESIAN_POINT('',(15.263917542352,37.5,191.93518505451));
#6746 = VECTOR('',#6747,1.);
#6747 = DIRECTION('',(-0.,-1.,-1.110223024625E-16));
#6748 = PCURVE('',#4863,#6749);
#6749 = DEFINITIONAL_REPRESENTATION('',(#6750),#6754);
#6750 = LINE('',#6751,#6752);
#6751 = CARTESIAN_POINT('',(-0.920462968773,0.));
#6752 = VECTOR('',#6753,1.);
#6753 = DIRECTION('',(-0.,1.));
#6754 = ( GEOMETRIC_REPRESENTATION_CONTEXT(2) 
PARAMETRIC_REPRESENTATION_CONTEXT() REPRESENTATION_CONTEXT('2D SPACE',''
  ) );
#6755 = PCURVE('',#4834,#6756);
#6756 = DEFINITIONAL_REPRESENTATION('',(#6757),#6761);
#6757 = LINE('',#6758,#6759);
#6758 = CARTESIAN_POINT('',(-4.701381566733,-0.1));
#6759 = VECTOR('',#6760,1.);
#6760 = DIRECTION('',(-0.,1.));
#6761 = ( GEOMETRIC_REPRESENTATION_CONTEXT(2) 
PARAMETRIC_REPRESENTATION_CONTEXT() REPRESENTATION_CONTEXT('2D SPACE',''
  ) );
#6762 = ADVANCED_FACE('',(#6763),#4834,.F.);
#6763 = FACE_BOUND('',#6764,.T.);
#6764 = EDGE_LOOP('',(#6765,#6788,#6814,#6815));
#6765 = ORIENTED_EDGE('',*,*,#6766,.F.);
#6766 = EDGE_CURVE('',#6767,#4785,#6769,.T.);
#6767 = VERTEX_POINT('',#6768);
#6768 = CARTESIAN_POINT('',(14.36596308084,44.5,191.28278295001));
#6769 = SURFACE_CURVE('',#6770,(#6774,#6781),.PCURVE_S1.);
#6770 = LINE('',#6771,#6772);
#6771 = CARTESIAN_POINT('',(14.36596308084,37.5,191.28278295001));
#6772 = VECTOR('',#6773,1.);
#6773 = DIRECTION('',(-0.,-1.,-1.110223024625E-16));
#6774 = PCURVE('',#4834,#6775);
#6775 = DEFINITIONAL_REPRESENTATION('',(#6776),#6780);
#6776 = LINE('',#6777,#6778);
#6777 = CARTESIAN_POINT('',(-1.581803740447,-0.1));
#6778 = VECTOR('',#6779,1.);
#6779 = DIRECTION('',(-0.,1.));
#6780 = ( GEOMETRIC_REPRESENTATION_CONTEXT(2) 
PARAMETRIC_REPRESENTATION_CONTEXT() REPRESENTATION_CONTEXT('2D SPACE',''
  ) );
#6781 = PCURVE('',#4801,#6782);
#6782 = DEFINITIONAL_REPRESENTATION('',(#6783),#6787);
#6783 = LINE('',#6784,#6785);
#6784 = CARTESIAN_POINT('',(-0.964492623381,0.));
#6785 = VECTOR('',#6786,1.);
#6786 = DIRECTION('',(-0.,1.));
#6787 = ( GEOMETRIC_REPRESENTATION_CONTEXT(2) 
PARAMETRIC_REPRESENTATION_CONTEXT() REPRESENTATION_CONTEXT('2D SPACE',''
  ) );
#6788 = ORIENTED_EDGE('',*,*,#6789,.F.);
#6789 = EDGE_CURVE('',#6719,#6767,#6790,.T.);
#6790 = SURFACE_CURVE('',#6791,(#6796,#6803),.PCURVE_S1.);
#6791 = CIRCLE('',#6792,0.555);
#6792 = AXIS2_PLACEMENT_3D('',#6793,#6794,#6795);
#6793 = CARTESIAN_POINT('',(14.818531086536,44.5,191.60404172455));
#6794 = DIRECTION('',(0.,-1.,-1.110223024625E-16));
#6795 = DIRECTION('',(0.587785252292,8.981892944681E-17,-0.809016994375)
  );
#6796 = PCURVE('',#4834,#6797);
#6797 = DEFINITIONAL_REPRESENTATION('',(#6798),#6802);
#6798 = LINE('',#6799,#6800);
#6799 = CARTESIAN_POINT('',(-6.28318530718,-7.1));
#6800 = VECTOR('',#6801,1.);
#6801 = DIRECTION('',(1.,-0.));
#6802 = ( GEOMETRIC_REPRESENTATION_CONTEXT(2) 
PARAMETRIC_REPRESENTATION_CONTEXT() REPRESENTATION_CONTEXT('2D SPACE',''
  ) );
#6803 = PCURVE('',#5586,#6804);
#6804 = DEFINITIONAL_REPRESENTATION('',(#6805),#6813);
#6805 = ( BOUNDED_CURVE() B_SPLINE_CURVE(2,(#6806,#6807,#6808,#6809,
#6810,#6811,#6812),.UNSPECIFIED.,.T.,.F.) B_SPLINE_CURVE_WITH_KNOTS((1,2
    ,2,2,2,1),(-2.094395102393,0.,2.094395102393,4.188790204786,
6.28318530718,8.377580409573),.UNSPECIFIED.) CURVE() 
GEOMETRIC_REPRESENTATION_ITEM() RATIONAL_B_SPLINE_CURVE((1.,0.5,1.,0.5,
1.,0.5,1.)) REPRESENTATION_ITEM('') );
#6806 = CARTESIAN_POINT('',(15.144751901558,20.844962707326));
#6807 = CARTESIAN_POINT('',(15.922450390395,20.279931681221));
#6808 = CARTESIAN_POINT('',(15.044269923443,19.888940546456));
#6809 = CARTESIAN_POINT('',(14.166089456491,19.497949411692));
#6810 = CARTESIAN_POINT('',(14.266571434607,20.453971572562));
#6811 = CARTESIAN_POINT('',(14.367053412722,21.409993733431));
#6812 = CARTESIAN_POINT('',(15.144751901558,20.844962707326));
#6813 = ( GEOMETRIC_REPRESENTATION_CONTEXT(2) 
PARAMETRIC_REPRESENTATION_CONTEXT() REPRESENTATION_CONTEXT('2D SPACE',''
  ) );
#6814 = ORIENTED_EDGE('',*,*,#6742,.T.);
#6815 = ORIENTED_EDGE('',*,*,#4813,.T.);
#6816 = ADVANCED_FACE('',(#6817),#4801,.T.);
#6817 = FACE_BOUND('',#6818,.F.);
#6818 = EDGE_LOOP('',(#6819,#6820,#6821,#6845));
#6819 = ORIENTED_EDGE('',*,*,#4784,.F.);
#6820 = ORIENTED_EDGE('',*,*,#6766,.F.);
#6821 = ORIENTED_EDGE('',*,*,#6822,.T.);
#6822 = EDGE_CURVE('',#6767,#6823,#6825,.T.);
#6823 = VERTEX_POINT('',#6824);
#6824 = CARTESIAN_POINT('',(13.642596742074,44.5,190.79944501505));
#6825 = SURFACE_CURVE('',#6826,(#6831,#6838),.PCURVE_S1.);
#6826 = CIRCLE('',#6827,25.210790894703);
#6827 = AXIS2_PLACEMENT_3D('',#6828,#6829,#6830);
#6828 = CARTESIAN_POINT('',(0.,44.5,212.));
#6829 = DIRECTION('',(-0.,1.,1.110223024625E-16));
#6830 = DIRECTION('',(1.,0.,0.));
#6831 = PCURVE('',#4801,#6832);
#6832 = DEFINITIONAL_REPRESENTATION('',(#6833),#6837);
#6833 = LINE('',#6834,#6835);
#6834 = CARTESIAN_POINT('',(-0.,-7.));
#6835 = VECTOR('',#6836,1.);
#6836 = DIRECTION('',(-1.,0.));
#6837 = ( GEOMETRIC_REPRESENTATION_CONTEXT(2) 
PARAMETRIC_REPRESENTATION_CONTEXT() REPRESENTATION_CONTEXT('2D SPACE',''
  ) );
#6838 = PCURVE('',#5586,#6839);
#6839 = DEFINITIONAL_REPRESENTATION('',(#6840),#6844);
#6840 = CIRCLE('',#6841,25.210790894703);
#6841 = AXIS2_PLACEMENT_2D('',#6842,#6843);
#6842 = CARTESIAN_POINT('',(2.412172678695E-15,0.));
#6843 = DIRECTION('',(1.,0.));
#6844 = ( GEOMETRIC_REPRESENTATION_CONTEXT(2) 
PARAMETRIC_REPRESENTATION_CONTEXT() REPRESENTATION_CONTEXT('2D SPACE',''
  ) );
#6845 = ORIENTED_EDGE('',*,*,#6846,.T.);
#6846 = EDGE_CURVE('',#6823,#4752,#6847,.T.);
#6847 = SURFACE_CURVE('',#6848,(#6852,#6859),.PCURVE_S1.);
#6848 = LINE('',#6849,#6850);
#6849 = CARTESIAN_POINT('',(13.642596742074,37.5,190.79944501505));
#6850 = VECTOR('',#6851,1.);
#6851 = DIRECTION('',(-0.,-1.,-1.110223024625E-16));
#6852 = PCURVE('',#4801,#6853);
#6853 = DEFINITIONAL_REPRESENTATION('',(#6854),#6858);
#6854 = LINE('',#6855,#6856);
#6855 = CARTESIAN_POINT('',(-0.999002785112,0.));
#6856 = VECTOR('',#6857,1.);
#6857 = DIRECTION('',(-0.,1.));
#6858 = ( GEOMETRIC_REPRESENTATION_CONTEXT(2) 
PARAMETRIC_REPRESENTATION_CONTEXT() REPRESENTATION_CONTEXT('2D SPACE',''
  ) );
#6859 = PCURVE('',#4772,#6860);
#6860 = DEFINITIONAL_REPRESENTATION('',(#6861),#6865);
#6861 = LINE('',#6862,#6863);
#6862 = CARTESIAN_POINT('',(-4.701381566733,-0.1));
#6863 = VECTOR('',#6864,1.);
#6864 = DIRECTION('',(-0.,1.));
#6865 = ( GEOMETRIC_REPRESENTATION_CONTEXT(2) 
PARAMETRIC_REPRESENTATION_CONTEXT() REPRESENTATION_CONTEXT('2D SPACE',''
  ) );
#6866 = ADVANCED_FACE('',(#6867),#4772,.F.);
#6867 = FACE_BOUND('',#6868,.T.);
#6868 = EDGE_LOOP('',(#6869,#6892,#6918,#6919));
#6869 = ORIENTED_EDGE('',*,*,#6870,.F.);
#6870 = EDGE_CURVE('',#6871,#4723,#6873,.T.);
#6871 = VERTEX_POINT('',#6872);
#6872 = CARTESIAN_POINT('',(12.696223495319,44.5,190.21950674357));
#6873 = SURFACE_CURVE('',#6874,(#6878,#6885),.PCURVE_S1.);
#6874 = LINE('',#6875,#6876);
#6875 = CARTESIAN_POINT('',(12.69622349532,37.5,190.21950674357));
#6876 = VECTOR('',#6877,1.);
#6877 = DIRECTION('',(-0.,-1.,-1.110223024625E-16));
#6878 = PCURVE('',#4772,#6879);
#6879 = DEFINITIONAL_REPRESENTATION('',(#6880),#6884);
#6880 = LINE('',#6881,#6882);
#6881 = CARTESIAN_POINT('',(-1.581803740447,-0.1));
#6882 = VECTOR('',#6883,1.);
#6883 = DIRECTION('',(-0.,1.));
#6884 = ( GEOMETRIC_REPRESENTATION_CONTEXT(2) 
PARAMETRIC_REPRESENTATION_CONTEXT() REPRESENTATION_CONTEXT('2D SPACE',''
  ) );
#6885 = PCURVE('',#4739,#6886);
#6886 = DEFINITIONAL_REPRESENTATION('',(#6887),#6891);
#6887 = LINE('',#6888,#6889);
#6888 = CARTESIAN_POINT('',(-1.043032439721,0.));
#6889 = VECTOR('',#6890,1.);
#6890 = DIRECTION('',(-0.,1.));
#6891 = ( GEOMETRIC_REPRESENTATION_CONTEXT(2) 
PARAMETRIC_REPRESENTATION_CONTEXT() REPRESENTATION_CONTEXT('2D SPACE',''
  ) );
#6892 = ORIENTED_EDGE('',*,*,#6893,.F.);
#6893 = EDGE_CURVE('',#6823,#6871,#6894,.T.);
#6894 = SURFACE_CURVE('',#6895,(#6900,#6907),.PCURVE_S1.);
#6895 = CIRCLE('',#6896,0.555);
#6896 = AXIS2_PLACEMENT_3D('',#6897,#6898,#6899);
#6897 = CARTESIAN_POINT('',(13.172602057836,44.5,190.50426710804));
#6898 = DIRECTION('',(0.,-1.,-1.110223024625E-16));
#6899 = DIRECTION('',(0.522498564716,9.466207421861E-17,-0.852640164354)
  );
#6900 = PCURVE('',#4772,#6901);
#6901 = DEFINITIONAL_REPRESENTATION('',(#6902),#6906);
#6902 = LINE('',#6903,#6904);
#6903 = CARTESIAN_POINT('',(-6.28318530718,-7.1));
#6904 = VECTOR('',#6905,1.);
#6905 = DIRECTION('',(1.,-0.));
#6906 = ( GEOMETRIC_REPRESENTATION_CONTEXT(2) 
PARAMETRIC_REPRESENTATION_CONTEXT() REPRESENTATION_CONTEXT('2D SPACE',''
  ) );
#6907 = PCURVE('',#5586,#6908);
#6908 = DEFINITIONAL_REPRESENTATION('',(#6909),#6917);
#6909 = ( BOUNDED_CURVE() B_SPLINE_CURVE(2,(#6910,#6911,#6912,#6913,
#6914,#6915,#6916),.UNSPECIFIED.,.T.,.F.) B_SPLINE_CURVE_WITH_KNOTS((1,2
    ,2,2,2,1),(-2.094395102393,0.,2.094395102393,4.188790204786,
6.28318530718,8.377580409573),.UNSPECIFIED.) CURVE() 
GEOMETRIC_REPRESENTATION_ITEM() RATIONAL_B_SPLINE_CURVE((1.,0.5,1.,0.5,
1.,0.5,1.)) REPRESENTATION_ITEM('') );
#6910 = CARTESIAN_POINT('',(13.462588761254,21.968948183173));
#6911 = CARTESIAN_POINT('',(14.282221688559,21.466676479335));
#6912 = CARTESIAN_POINT('',(13.43742516978,21.007989394429));
#6913 = CARTESIAN_POINT('',(12.592628651002,20.549302309523));
#6914 = CARTESIAN_POINT('',(12.617792242475,21.510261098267));
#6915 = CARTESIAN_POINT('',(12.642955833948,22.471219887011));
#6916 = CARTESIAN_POINT('',(13.462588761254,21.968948183173));
#6917 = ( GEOMETRIC_REPRESENTATION_CONTEXT(2) 
PARAMETRIC_REPRESENTATION_CONTEXT() REPRESENTATION_CONTEXT('2D SPACE',''
  ) );
#6918 = ORIENTED_EDGE('',*,*,#6846,.T.);
#6919 = ORIENTED_EDGE('',*,*,#4751,.T.);
#6920 = ADVANCED_FACE('',(#6921),#4739,.T.);
#6921 = FACE_BOUND('',#6922,.F.);
#6922 = EDGE_LOOP('',(#6923,#6924,#6925,#6949));
#6923 = ORIENTED_EDGE('',*,*,#4722,.F.);
#6924 = ORIENTED_EDGE('',*,*,#6870,.F.);
#6925 = ORIENTED_EDGE('',*,*,#6926,.T.);
#6926 = EDGE_CURVE('',#6871,#6927,#6929,.T.);
#6927 = VERTEX_POINT('',#6928);
#6928 = CARTESIAN_POINT('',(11.937164796257,44.5,189.79441344698));
#6929 = SURFACE_CURVE('',#6930,(#6935,#6942),.PCURVE_S1.);
#6930 = CIRCLE('',#6931,25.210790894703);
#6931 = AXIS2_PLACEMENT_3D('',#6932,#6933,#6934);
#6932 = CARTESIAN_POINT('',(0.,44.5,212.));
#6933 = DIRECTION('',(-0.,1.,1.110223024625E-16));
#6934 = DIRECTION('',(1.,0.,0.));
#6935 = PCURVE('',#4739,#6936);
#6936 = DEFINITIONAL_REPRESENTATION('',(#6937),#6941);
#6937 = LINE('',#6938,#6939);
#6938 = CARTESIAN_POINT('',(-0.,-7.));
#6939 = VECTOR('',#6940,1.);
#6940 = DIRECTION('',(-1.,0.));
#6941 = ( GEOMETRIC_REPRESENTATION_CONTEXT(2) 
PARAMETRIC_REPRESENTATION_CONTEXT() REPRESENTATION_CONTEXT('2D SPACE',''
  ) );
#6942 = PCURVE('',#5586,#6943);
#6943 = DEFINITIONAL_REPRESENTATION('',(#6944),#6948);
#6944 = CIRCLE('',#6945,25.210790894703);
#6945 = AXIS2_PLACEMENT_2D('',#6946,#6947);
#6946 = CARTESIAN_POINT('',(2.412172678695E-15,0.));
#6947 = DIRECTION('',(1.,0.));
#6948 = ( GEOMETRIC_REPRESENTATION_CONTEXT(2) 
PARAMETRIC_REPRESENTATION_CONTEXT() REPRESENTATION_CONTEXT('2D SPACE',''
  ) );
#6949 = ORIENTED_EDGE('',*,*,#6950,.T.);
#6950 = EDGE_CURVE('',#6927,#4690,#6951,.T.);
#6951 = SURFACE_CURVE('',#6952,(#6956,#6963),.PCURVE_S1.);
#6952 = LINE('',#6953,#6954);
#6953 = CARTESIAN_POINT('',(11.937164796258,37.5,189.79441344698));
#6954 = VECTOR('',#6955,1.);
#6955 = DIRECTION('',(-0.,-1.,-1.110223024625E-16));
#6956 = PCURVE('',#4739,#6957);
#6957 = DEFINITIONAL_REPRESENTATION('',(#6958),#6962);
#6958 = LINE('',#6959,#6960);
#6959 = CARTESIAN_POINT('',(-1.077542601452,0.));
#6960 = VECTOR('',#6961,1.);
#6961 = DIRECTION('',(-0.,1.));
#6962 = ( GEOMETRIC_REPRESENTATION_CONTEXT(2) 
PARAMETRIC_REPRESENTATION_CONTEXT() REPRESENTATION_CONTEXT('2D SPACE',''
  ) );
#6963 = PCURVE('',#4710,#6964);
#6964 = DEFINITIONAL_REPRESENTATION('',(#6965),#6969);
#6965 = LINE('',#6966,#6967);
#6966 = CARTESIAN_POINT('',(-4.701381566733,-0.1));
#6967 = VECTOR('',#6968,1.);
#6968 = DIRECTION('',(-0.,1.));
#6969 = ( GEOMETRIC_REPRESENTATION_CONTEXT(2) 
PARAMETRIC_REPRESENTATION_CONTEXT() REPRESENTATION_CONTEXT('2D SPACE',''
  ) );
#6970 = ADVANCED_FACE('',(#6971),#4710,.F.);
#6971 = FACE_BOUND('',#6972,.T.);
#6972 = EDGE_LOOP('',(#6973,#6996,#7022,#7023));
#6973 = ORIENTED_EDGE('',*,*,#6974,.F.);
#6974 = EDGE_CURVE('',#6975,#4661,#6977,.T.);
#6975 = VERTEX_POINT('',#6976);
#6976 = CARTESIAN_POINT('',(10.948207470028,44.5,189.2905145208));
#6977 = SURFACE_CURVE('',#6978,(#6982,#6989),.PCURVE_S1.);
#6978 = LINE('',#6979,#6980);
#6979 = CARTESIAN_POINT('',(10.948207470028,37.5,189.2905145208));
#6980 = VECTOR('',#6981,1.);
#6981 = DIRECTION('',(-0.,-1.,-1.110223024625E-16));
#6982 = PCURVE('',#4710,#6983);
#6983 = DEFINITIONAL_REPRESENTATION('',(#6984),#6988);
#6984 = LINE('',#6985,#6986);
#6985 = CARTESIAN_POINT('',(-1.581803740447,-0.1));
#6986 = VECTOR('',#6987,1.);
#6987 = DIRECTION('',(-0.,1.));
#6988 = ( GEOMETRIC_REPRESENTATION_CONTEXT(2) 
PARAMETRIC_REPRESENTATION_CONTEXT() REPRESENTATION_CONTEXT('2D SPACE',''
  ) );
#6989 = PCURVE('',#4677,#6990);
#6990 = DEFINITIONAL_REPRESENTATION('',(#6991),#6995);
#6991 = LINE('',#6992,#6993);
#6992 = CARTESIAN_POINT('',(-1.121572256061,0.));
#6993 = VECTOR('',#6994,1.);
#6994 = DIRECTION('',(-0.,1.));
#6995 = ( GEOMETRIC_REPRESENTATION_CONTEXT(2) 
PARAMETRIC_REPRESENTATION_CONTEXT() REPRESENTATION_CONTEXT('2D SPACE',''
  ) );
#6996 = ORIENTED_EDGE('',*,*,#6997,.F.);
#6997 = EDGE_CURVE('',#6927,#6975,#6998,.T.);
#6998 = SURFACE_CURVE('',#6999,(#7004,#7011),.PCURVE_S1.);
#6999 = CIRCLE('',#7000,0.555);
#7000 = AXIS2_PLACEMENT_3D('',#7001,#7002,#7003);
#7001 = CARTESIAN_POINT('',(11.445459557116,44.5,189.53702083287));
#7002 = DIRECTION('',(0.,-1.,-1.110223024625E-16));
#7003 = DIRECTION('',(0.45399049974,9.892159582452E-17,-0.891006524188)
  );
#7004 = PCURVE('',#4710,#7005);
#7005 = DEFINITIONAL_REPRESENTATION('',(#7006),#7010);
#7006 = LINE('',#7007,#7008);
#7007 = CARTESIAN_POINT('',(-6.28318530718,-7.1));
#7008 = VECTOR('',#7009,1.);
#7009 = DIRECTION('',(1.,-0.));
#7010 = ( GEOMETRIC_REPRESENTATION_CONTEXT(2) 
PARAMETRIC_REPRESENTATION_CONTEXT() REPRESENTATION_CONTEXT('2D SPACE',''
  ) );
#7011 = PCURVE('',#5586,#7012);
#7012 = DEFINITIONAL_REPRESENTATION('',(#7013),#7021);
#7013 = ( BOUNDED_CURVE() B_SPLINE_CURVE(2,(#7014,#7015,#7016,#7017,
#7018,#7019,#7020),.UNSPECIFIED.,.T.,.F.) B_SPLINE_CURVE_WITH_KNOTS((1,2
    ,2,2,2,1),(-2.094395102393,0.,2.094395102393,4.188790204786,
6.28318530718,8.377580409573),.UNSPECIFIED.) CURVE() 
GEOMETRIC_REPRESENTATION_ITEM() RATIONAL_B_SPLINE_CURVE((1.,0.5,1.,0.5,
1.,0.5,1.)) REPRESENTATION_ITEM('') );
#7014 = CARTESIAN_POINT('',(11.697424284471,22.957487788054));
#7015 = CARTESIAN_POINT('',(12.553938340693,22.521072078559));
#7016 = CARTESIAN_POINT('',(11.747734221549,21.99751700192));
#7017 = CARTESIAN_POINT('',(10.941530102405,21.47396192528));
#7018 = CARTESIAN_POINT('',(10.891220165327,22.433932711414));
#7019 = CARTESIAN_POINT('',(10.840910228249,23.393903497549));
#7020 = CARTESIAN_POINT('',(11.697424284471,22.957487788054));
#7021 = ( GEOMETRIC_REPRESENTATION_CONTEXT(2) 
PARAMETRIC_REPRESENTATION_CONTEXT() REPRESENTATION_CONTEXT('2D SPACE',''
  ) );
#7022 = ORIENTED_EDGE('',*,*,#6950,.T.);
#7023 = ORIENTED_EDGE('',*,*,#4689,.T.);
#7024 = ADVANCED_FACE('',(#7025),#4677,.T.);
#7025 = FACE_BOUND('',#7026,.F.);
#7026 = EDGE_LOOP('',(#7027,#7028,#7029,#7053));
#7027 = ORIENTED_EDGE('',*,*,#4660,.F.);
#7028 = ORIENTED_EDGE('',*,*,#6974,.F.);
#7029 = ORIENTED_EDGE('',*,*,#7030,.T.);
#7030 = EDGE_CURVE('',#6975,#7031,#7033,.T.);
#7031 = VERTEX_POINT('',#7032);
#7032 = CARTESIAN_POINT('',(10.158136259962,44.5,188.92628670411));
#7033 = SURFACE_CURVE('',#7034,(#7039,#7046),.PCURVE_S1.);
#7034 = CIRCLE('',#7035,25.210790894703);
#7035 = AXIS2_PLACEMENT_3D('',#7036,#7037,#7038);
#7036 = CARTESIAN_POINT('',(0.,44.5,212.));
#7037 = DIRECTION('',(-0.,1.,1.110223024625E-16));
#7038 = DIRECTION('',(1.,0.,0.));
#7039 = PCURVE('',#4677,#7040);
#7040 = DEFINITIONAL_REPRESENTATION('',(#7041),#7045);
#7041 = LINE('',#7042,#7043);
#7042 = CARTESIAN_POINT('',(-0.,-7.));
#7043 = VECTOR('',#7044,1.);
#7044 = DIRECTION('',(-1.,0.));
#7045 = ( GEOMETRIC_REPRESENTATION_CONTEXT(2) 
PARAMETRIC_REPRESENTATION_CONTEXT() REPRESENTATION_CONTEXT('2D SPACE',''
  ) );
#7046 = PCURVE('',#5586,#7047);
#7047 = DEFINITIONAL_REPRESENTATION('',(#7048),#7052);
#7048 = CIRCLE('',#7049,25.210790894703);
#7049 = AXIS2_PLACEMENT_2D('',#7050,#7051);
#7050 = CARTESIAN_POINT('',(2.412172678695E-15,0.));
#7051 = DIRECTION('',(1.,0.));
#7052 = ( GEOMETRIC_REPRESENTATION_CONTEXT(2) 
PARAMETRIC_REPRESENTATION_CONTEXT() REPRESENTATION_CONTEXT('2D SPACE',''
  ) );
#7053 = ORIENTED_EDGE('',*,*,#7054,.T.);
#7054 = EDGE_CURVE('',#7031,#4628,#7055,.T.);
#7055 = SURFACE_CURVE('',#7056,(#7060,#7067),.PCURVE_S1.);
#7056 = LINE('',#7057,#7058);
#7057 = CARTESIAN_POINT('',(10.158136259962,37.5,188.92628670411));
#7058 = VECTOR('',#7059,1.);
#7059 = DIRECTION('',(-0.,-1.,-1.110223024625E-16));
#7060 = PCURVE('',#4677,#7061);
#7061 = DEFINITIONAL_REPRESENTATION('',(#7062),#7066);
#7062 = LINE('',#7063,#7064);
#7063 = CARTESIAN_POINT('',(-1.156082417792,0.));
#7064 = VECTOR('',#7065,1.);
#7065 = DIRECTION('',(-0.,1.));
#7066 = ( GEOMETRIC_REPRESENTATION_CONTEXT(2) 
PARAMETRIC_REPRESENTATION_CONTEXT() REPRESENTATION_CONTEXT('2D SPACE',''
  ) );
#7067 = PCURVE('',#4648,#7068);
#7068 = DEFINITIONAL_REPRESENTATION('',(#7069),#7073);
#7069 = LINE('',#7070,#7071);
#7070 = CARTESIAN_POINT('',(-4.701381566733,-0.1));
#7071 = VECTOR('',#7072,1.);
#7072 = DIRECTION('',(-0.,1.));
#7073 = ( GEOMETRIC_REPRESENTATION_CONTEXT(2) 
PARAMETRIC_REPRESENTATION_CONTEXT() REPRESENTATION_CONTEXT('2D SPACE',''
  ) );
#7074 = ADVANCED_FACE('',(#7075),#4648,.F.);
#7075 = FACE_BOUND('',#7076,.T.);
#7076 = EDGE_LOOP('',(#7077,#7100,#7126,#7127));
#7077 = ORIENTED_EDGE('',*,*,#7078,.F.);
#7078 = EDGE_CURVE('',#7079,#4599,#7081,.T.);
#7079 = VERTEX_POINT('',#7080);
#7080 = CARTESIAN_POINT('',(9.132692105035,44.5,188.50153382769));
#7081 = SURFACE_CURVE('',#7082,(#7086,#7093),.PCURVE_S1.);
#7082 = LINE('',#7083,#7084);
#7083 = CARTESIAN_POINT('',(9.132692105035,37.5,188.50153382769));
#7084 = VECTOR('',#7085,1.);
#7085 = DIRECTION('',(-0.,-1.,-1.110223024625E-16));
#7086 = PCURVE('',#4648,#7087);
#7087 = DEFINITIONAL_REPRESENTATION('',(#7088),#7092);
#7088 = LINE('',#7089,#7090);
#7089 = CARTESIAN_POINT('',(-1.581803740447,-0.1));
#7090 = VECTOR('',#7091,1.);
#7091 = DIRECTION('',(-0.,1.));
#7092 = ( GEOMETRIC_REPRESENTATION_CONTEXT(2) 
PARAMETRIC_REPRESENTATION_CONTEXT() REPRESENTATION_CONTEXT('2D SPACE',''
  ) );
#7093 = PCURVE('',#4615,#7094);
#7094 = DEFINITIONAL_REPRESENTATION('',(#7095),#7099);
#7095 = LINE('',#7096,#7097);
#7096 = CARTESIAN_POINT('',(-1.2001120724,0.));
#7097 = VECTOR('',#7098,1.);
#7098 = DIRECTION('',(-0.,1.));
#7099 = ( GEOMETRIC_REPRESENTATION_CONTEXT(2) 
PARAMETRIC_REPRESENTATION_CONTEXT() REPRESENTATION_CONTEXT('2D SPACE',''
  ) );
#7100 = ORIENTED_EDGE('',*,*,#7101,.F.);
#7101 = EDGE_CURVE('',#7031,#7079,#7102,.T.);
#7102 = SURFACE_CURVE('',#7103,(#7108,#7115),.PCURVE_S1.);
#7103 = CIRCLE('',#7104,0.555);
#7104 = AXIS2_PLACEMENT_3D('',#7105,#7106,#7107);
#7105 = CARTESIAN_POINT('',(9.647751992224,44.5,188.70826629396));
#7106 = DIRECTION('',(0.,-1.,-1.110223024625E-16));
#7107 = DIRECTION('',(0.382683432365,1.025712328974E-16,-0.923879532511)
  );
#7108 = PCURVE('',#4648,#7109);
#7109 = DEFINITIONAL_REPRESENTATION('',(#7110),#7114);
#7110 = LINE('',#7111,#7112);
#7111 = CARTESIAN_POINT('',(-6.28318530718,-7.1));
#7112 = VECTOR('',#7113,1.);
#7113 = DIRECTION('',(1.,-0.));
#7114 = ( GEOMETRIC_REPRESENTATION_CONTEXT(2) 
PARAMETRIC_REPRESENTATION_CONTEXT() REPRESENTATION_CONTEXT('2D SPACE',''
  ) );
#7115 = PCURVE('',#5586,#7116);
#7116 = DEFINITIONAL_REPRESENTATION('',(#7117),#7125);
#7117 = ( BOUNDED_CURVE() B_SPLINE_CURVE(2,(#7118,#7119,#7120,#7121,
#7122,#7123,#7124),.UNSPECIFIED.,.T.,.F.) B_SPLINE_CURVE_WITH_KNOTS((1,2
    ,2,2,2,1),(-2.094395102393,0.,2.094395102393,4.188790204786,
6.28318530718,8.377580409573),.UNSPECIFIED.) CURVE() 
GEOMETRIC_REPRESENTATION_ITEM() RATIONAL_B_SPLINE_CURVE((1.,0.5,1.,0.5,
1.,0.5,1.)) REPRESENTATION_ITEM('') );
#7118 = CARTESIAN_POINT('',(9.860141297186,23.804486846582));
#7119 = CARTESIAN_POINT('',(10.748255788349,23.436617779403));
#7120 = CARTESIAN_POINT('',(9.985614585323,22.851422602177));
#7121 = CARTESIAN_POINT('',(9.222973382298,22.266227424951));
#7122 = CARTESIAN_POINT('',(9.097500094161,23.219291669356));
#7123 = CARTESIAN_POINT('',(8.972026806024,24.172355913762));
#7124 = CARTESIAN_POINT('',(9.860141297186,23.804486846582));
#7125 = ( GEOMETRIC_REPRESENTATION_CONTEXT(2) 
PARAMETRIC_REPRESENTATION_CONTEXT() REPRESENTATION_CONTEXT('2D SPACE',''
  ) );
#7126 = ORIENTED_EDGE('',*,*,#7054,.T.);
#7127 = ORIENTED_EDGE('',*,*,#4627,.T.);
#7128 = ADVANCED_FACE('',(#7129),#4615,.T.);
#7129 = FACE_BOUND('',#7130,.F.);
#7130 = EDGE_LOOP('',(#7131,#7132,#7133,#7157));
#7131 = ORIENTED_EDGE('',*,*,#4598,.F.);
#7132 = ORIENTED_EDGE('',*,*,#7078,.F.);
#7133 = ORIENTED_EDGE('',*,*,#7134,.T.);
#7134 = EDGE_CURVE('',#7079,#7135,#7137,.T.);
#7135 = VERTEX_POINT('',#7136);
#7136 = CARTESIAN_POINT('',(8.316479435701,44.5,188.20041707651));
#7137 = SURFACE_CURVE('',#7138,(#7143,#7150),.PCURVE_S1.);
#7138 = CIRCLE('',#7139,25.210790894703);
#7139 = AXIS2_PLACEMENT_3D('',#7140,#7141,#7142);
#7140 = CARTESIAN_POINT('',(0.,44.5,212.));
#7141 = DIRECTION('',(-0.,1.,1.110223024625E-16));
#7142 = DIRECTION('',(1.,0.,0.));
#7143 = PCURVE('',#4615,#7144);
#7144 = DEFINITIONAL_REPRESENTATION('',(#7145),#7149);
#7145 = LINE('',#7146,#7147);
#7146 = CARTESIAN_POINT('',(-0.,-7.));
#7147 = VECTOR('',#7148,1.);
#7148 = DIRECTION('',(-1.,0.));
#7149 = ( GEOMETRIC_REPRESENTATION_CONTEXT(2) 
PARAMETRIC_REPRESENTATION_CONTEXT() REPRESENTATION_CONTEXT('2D SPACE',''
  ) );
#7150 = PCURVE('',#5586,#7151);
#7151 = DEFINITIONAL_REPRESENTATION('',(#7152),#7156);
#7152 = CIRCLE('',#7153,25.210790894703);
#7153 = AXIS2_PLACEMENT_2D('',#7154,#7155);
#7154 = CARTESIAN_POINT('',(2.412172678695E-15,0.));
#7155 = DIRECTION('',(1.,0.));
#7156 = ( GEOMETRIC_REPRESENTATION_CONTEXT(2) 
PARAMETRIC_REPRESENTATION_CONTEXT() REPRESENTATION_CONTEXT('2D SPACE',''
  ) );
#7157 = ORIENTED_EDGE('',*,*,#7158,.T.);
#7158 = EDGE_CURVE('',#7135,#4566,#7159,.T.);
#7159 = SURFACE_CURVE('',#7160,(#7164,#7171),.PCURVE_S1.);
#7160 = LINE('',#7161,#7162);
#7161 = CARTESIAN_POINT('',(8.316479435701,37.5,188.20041707651));
#7162 = VECTOR('',#7163,1.);
#7163 = DIRECTION('',(-0.,-1.,-1.110223024625E-16));
#7164 = PCURVE('',#4615,#7165);
#7165 = DEFINITIONAL_REPRESENTATION('',(#7166),#7170);
#7166 = LINE('',#7167,#7168);
#7167 = CARTESIAN_POINT('',(-1.234622234132,0.));
#7168 = VECTOR('',#7169,1.);
#7169 = DIRECTION('',(-0.,1.));
#7170 = ( GEOMETRIC_REPRESENTATION_CONTEXT(2) 
PARAMETRIC_REPRESENTATION_CONTEXT() REPRESENTATION_CONTEXT('2D SPACE',''
  ) );
#7171 = PCURVE('',#4586,#7172);
#7172 = DEFINITIONAL_REPRESENTATION('',(#7173),#7177);
#7173 = LINE('',#7174,#7175);
#7174 = CARTESIAN_POINT('',(-4.701381566733,-0.1));
#7175 = VECTOR('',#7176,1.);
#7176 = DIRECTION('',(-0.,1.));
#7177 = ( GEOMETRIC_REPRESENTATION_CONTEXT(2) 
PARAMETRIC_REPRESENTATION_CONTEXT() REPRESENTATION_CONTEXT('2D SPACE',''
  ) );
#7178 = ADVANCED_FACE('',(#7179),#4586,.F.);
#7179 = FACE_BOUND('',#7180,.T.);
#7180 = EDGE_LOOP('',(#7181,#7204,#7230,#7231));
#7181 = ORIENTED_EDGE('',*,*,#7182,.F.);
#7182 = EDGE_CURVE('',#7183,#4537,#7185,.T.);
#7183 = VERTEX_POINT('',#7184);
#7184 = CARTESIAN_POINT('',(7.260870656287,44.5,187.85742899256));
#7185 = SURFACE_CURVE('',#7186,(#7190,#7197),.PCURVE_S1.);
#7186 = LINE('',#7187,#7188);
#7187 = CARTESIAN_POINT('',(7.260870656287,37.5,187.85742899256));
#7188 = VECTOR('',#7189,1.);
#7189 = DIRECTION('',(-0.,-1.,-1.110223024625E-16));
#7190 = PCURVE('',#4586,#7191);
#7191 = DEFINITIONAL_REPRESENTATION('',(#7192),#7196);
#7192 = LINE('',#7193,#7194);
#7193 = CARTESIAN_POINT('',(-1.581803740447,-0.1));
#7194 = VECTOR('',#7195,1.);
#7195 = DIRECTION('',(-0.,1.));
#7196 = ( GEOMETRIC_REPRESENTATION_CONTEXT(2) 
PARAMETRIC_REPRESENTATION_CONTEXT() REPRESENTATION_CONTEXT('2D SPACE',''
  ) );
#7197 = PCURVE('',#4553,#7198);
#7198 = DEFINITIONAL_REPRESENTATION('',(#7199),#7203);
#7199 = LINE('',#7200,#7201);
#7200 = CARTESIAN_POINT('',(-1.27865188874,0.));
#7201 = VECTOR('',#7202,1.);
#7202 = DIRECTION('',(-0.,1.));
#7203 = ( GEOMETRIC_REPRESENTATION_CONTEXT(2) 
PARAMETRIC_REPRESENTATION_CONTEXT() REPRESENTATION_CONTEXT('2D SPACE',''
  ) );
#7204 = ORIENTED_EDGE('',*,*,#7205,.F.);
#7205 = EDGE_CURVE('',#7135,#7183,#7206,.T.);
#7206 = SURFACE_CURVE('',#7207,(#7212,#7219),.PCURVE_S1.);
#7207 = CIRCLE('',#7208,0.555);
#7208 = AXIS2_PLACEMENT_3D('',#7209,#7210,#7211);
#7209 = CARTESIAN_POINT('',(7.790562828096,44.5,188.02311303863));
#7210 = DIRECTION('',(0.,-1.,-1.110223024625E-16));
#7211 = DIRECTION('',(0.309016994375,1.055884842111E-16,-0.951056516295)
  );
#7212 = PCURVE('',#4586,#7213);
#7213 = DEFINITIONAL_REPRESENTATION('',(#7214),#7218);
#7214 = LINE('',#7215,#7216);
#7215 = CARTESIAN_POINT('',(-6.28318530718,-7.1));
#7216 = VECTOR('',#7217,1.);
#7217 = DIRECTION('',(1.,-0.));
#7218 = ( GEOMETRIC_REPRESENTATION_CONTEXT(2) 
PARAMETRIC_REPRESENTATION_CONTEXT() REPRESENTATION_CONTEXT('2D SPACE',''
  ) );
#7219 = PCURVE('',#5586,#7220);
#7220 = DEFINITIONAL_REPRESENTATION('',(#7221),#7229);
#7221 = ( BOUNDED_CURVE() B_SPLINE_CURVE(2,(#7222,#7223,#7224,#7225,
#7226,#7227,#7228),.UNSPECIFIED.,.T.,.F.) B_SPLINE_CURVE_WITH_KNOTS((1,2
    ,2,2,2,1),(-2.094395102393,0.,2.094395102393,4.188790204786,
6.28318530718,8.377580409573),.UNSPECIFIED.) CURVE() 
GEOMETRIC_REPRESENTATION_ITEM() RATIONAL_B_SPLINE_CURVE((1.,0.5,1.,0.5,
1.,0.5,1.)) REPRESENTATION_ITEM('') );
#7222 = CARTESIAN_POINT('',(7.962067259975,24.504723327906));
#7223 = CARTESIAN_POINT('',(8.876306664911,24.20766893817));
#7224 = CARTESIAN_POINT('',(8.161930314626,23.564441583222));
#7225 = CARTESIAN_POINT('',(7.44755396434,22.921214228274));
#7226 = CARTESIAN_POINT('',(7.247690909689,23.861495972958));
#7227 = CARTESIAN_POINT('',(7.047827855038,24.801777717642));
#7228 = CARTESIAN_POINT('',(7.962067259975,24.504723327906));
#7229 = ( GEOMETRIC_REPRESENTATION_CONTEXT(2) 
PARAMETRIC_REPRESENTATION_CONTEXT() REPRESENTATION_CONTEXT('2D SPACE',''
  ) );
#7230 = ORIENTED_EDGE('',*,*,#7158,.T.);
#7231 = ORIENTED_EDGE('',*,*,#4565,.T.);
#7232 = ADVANCED_FACE('',(#7233),#4553,.T.);
#7233 = FACE_BOUND('',#7234,.F.);
#7234 = EDGE_LOOP('',(#7235,#7236,#7237,#7261));
#7235 = ORIENTED_EDGE('',*,*,#4536,.F.);
#7236 = ORIENTED_EDGE('',*,*,#7182,.F.);
#7237 = ORIENTED_EDGE('',*,*,#7238,.T.);
#7238 = EDGE_CURVE('',#7183,#7239,#7241,.T.);
#7239 = VERTEX_POINT('',#7240);
#7240 = CARTESIAN_POINT('',(6.423548750208,44.5,187.62127979179));
#7241 = SURFACE_CURVE('',#7242,(#7247,#7254),.PCURVE_S1.);
#7242 = CIRCLE('',#7243,25.210790894703);
#7243 = AXIS2_PLACEMENT_3D('',#7244,#7245,#7246);
#7244 = CARTESIAN_POINT('',(0.,44.5,212.));
#7245 = DIRECTION('',(-0.,1.,1.110223024625E-16));
#7246 = DIRECTION('',(1.,0.,0.));
#7247 = PCURVE('',#4553,#7248);
#7248 = DEFINITIONAL_REPRESENTATION('',(#7249),#7253);
#7249 = LINE('',#7250,#7251);
#7250 = CARTESIAN_POINT('',(-0.,-7.));
#7251 = VECTOR('',#7252,1.);
#7252 = DIRECTION('',(-1.,0.));
#7253 = ( GEOMETRIC_REPRESENTATION_CONTEXT(2) 
PARAMETRIC_REPRESENTATION_CONTEXT() REPRESENTATION_CONTEXT('2D SPACE',''
  ) );
#7254 = PCURVE('',#5586,#7255);
#7255 = DEFINITIONAL_REPRESENTATION('',(#7256),#7260);
#7256 = CIRCLE('',#7257,25.210790894703);
#7257 = AXIS2_PLACEMENT_2D('',#7258,#7259);
#7258 = CARTESIAN_POINT('',(2.412172678695E-15,0.));
#7259 = DIRECTION('',(1.,0.));
#7260 = ( GEOMETRIC_REPRESENTATION_CONTEXT(2) 
PARAMETRIC_REPRESENTATION_CONTEXT() REPRESENTATION_CONTEXT('2D SPACE',''
  ) );
#7261 = ORIENTED_EDGE('',*,*,#7262,.T.);
#7262 = EDGE_CURVE('',#7239,#4504,#7263,.T.);
#7263 = SURFACE_CURVE('',#7264,(#7268,#7275),.PCURVE_S1.);
#7264 = LINE('',#7265,#7266);
#7265 = CARTESIAN_POINT('',(6.423548750208,37.5,187.62127979179));
#7266 = VECTOR('',#7267,1.);
#7267 = DIRECTION('',(-0.,-1.,-1.110223024625E-16));
#7268 = PCURVE('',#4553,#7269);
#7269 = DEFINITIONAL_REPRESENTATION('',(#7270),#7274);
#7270 = LINE('',#7271,#7272);
#7271 = CARTESIAN_POINT('',(-1.313162050471,0.));
#7272 = VECTOR('',#7273,1.);
#7273 = DIRECTION('',(-0.,1.));
#7274 = ( GEOMETRIC_REPRESENTATION_CONTEXT(2) 
PARAMETRIC_REPRESENTATION_CONTEXT() REPRESENTATION_CONTEXT('2D SPACE',''
  ) );
#7275 = PCURVE('',#4524,#7276);
#7276 = DEFINITIONAL_REPRESENTATION('',(#7277),#7281);
#7277 = LINE('',#7278,#7279);
#7278 = CARTESIAN_POINT('',(-4.701381566733,-0.1));
#7279 = VECTOR('',#7280,1.);
#7280 = DIRECTION('',(-0.,1.));
#7281 = ( GEOMETRIC_REPRESENTATION_CONTEXT(2) 
PARAMETRIC_REPRESENTATION_CONTEXT() REPRESENTATION_CONTEXT('2D SPACE',''
  ) );
#7282 = ADVANCED_FACE('',(#7283),#4524,.F.);
#7283 = FACE_BOUND('',#7284,.T.);
#7284 = EDGE_LOOP('',(#7285,#7308,#7334,#7335));
#7285 = ORIENTED_EDGE('',*,*,#7286,.F.);
#7286 = EDGE_CURVE('',#7287,#4475,#7289,.T.);
#7287 = VERTEX_POINT('',#7288);
#7288 = CARTESIAN_POINT('',(5.344283525458,44.5,187.36217113591));
#7289 = SURFACE_CURVE('',#7290,(#7294,#7301),.PCURVE_S1.);
#7290 = LINE('',#7291,#7292);
#7291 = CARTESIAN_POINT('',(5.344283525458,37.5,187.36217113591));
#7292 = VECTOR('',#7293,1.);
#7293 = DIRECTION('',(-0.,-1.,-1.110223024625E-16));
#7294 = PCURVE('',#4524,#7295);
#7295 = DEFINITIONAL_REPRESENTATION('',(#7296),#7300);
#7296 = LINE('',#7297,#7298);
#7297 = CARTESIAN_POINT('',(-1.581803740447,-0.1));
#7298 = VECTOR('',#7299,1.);
#7299 = DIRECTION('',(-0.,1.));
#7300 = ( GEOMETRIC_REPRESENTATION_CONTEXT(2) 
PARAMETRIC_REPRESENTATION_CONTEXT() REPRESENTATION_CONTEXT('2D SPACE',''
  ) );
#7301 = PCURVE('',#4491,#7302);
#7302 = DEFINITIONAL_REPRESENTATION('',(#7303),#7307);
#7303 = LINE('',#7304,#7305);
#7304 = CARTESIAN_POINT('',(-1.35719170508,0.));
#7305 = VECTOR('',#7306,1.);
#7306 = DIRECTION('',(-0.,1.));
#7307 = ( GEOMETRIC_REPRESENTATION_CONTEXT(2) 
PARAMETRIC_REPRESENTATION_CONTEXT() REPRESENTATION_CONTEXT('2D SPACE',''
  ) );
#7308 = ORIENTED_EDGE('',*,*,#7309,.F.);
#7309 = EDGE_CURVE('',#7239,#7287,#7310,.T.);
#7310 = SURFACE_CURVE('',#7311,(#7316,#7323),.PCURVE_S1.);
#7311 = CIRCLE('',#7312,0.555);
#7312 = AXIS2_PLACEMENT_3D('',#7313,#7314,#7315);
#7313 = CARTESIAN_POINT('',(5.885342253509,44.5,187.48578526455));
#7314 = DIRECTION('',(0.,-1.,-1.110223024625E-16));
#7315 = DIRECTION('',(0.233445363856,1.079547474078E-16,-0.972369920398)
  );
#7316 = PCURVE('',#4524,#7317);
#7317 = DEFINITIONAL_REPRESENTATION('',(#7318),#7322);
#7318 = LINE('',#7319,#7320);
#7319 = CARTESIAN_POINT('',(-6.28318530718,-7.1));
#7320 = VECTOR('',#7321,1.);
#7321 = DIRECTION('',(1.,-0.));
#7322 = ( GEOMETRIC_REPRESENTATION_CONTEXT(2) 
PARAMETRIC_REPRESENTATION_CONTEXT() REPRESENTATION_CONTEXT('2D SPACE',''
  ) );
#7323 = PCURVE('',#5586,#7324);
#7324 = DEFINITIONAL_REPRESENTATION('',(#7325),#7333);
#7325 = ( BOUNDED_CURVE() B_SPLINE_CURVE(2,(#7326,#7327,#7328,#7329,
#7330,#7331,#7332),.UNSPECIFIED.,.T.,.F.) B_SPLINE_CURVE_WITH_KNOTS((1,2
    ,2,2,2,1),(-2.094395102393,0.,2.094395102393,4.188790204786,
6.28318530718,8.377580409573),.UNSPECIFIED.) CURVE() 
GEOMETRIC_REPRESENTATION_ITEM() RATIONAL_B_SPLINE_CURVE((1.,0.5,1.,0.5,
1.,0.5,1.)) REPRESENTATION_ITEM('') );
#7326 = CARTESIAN_POINT('',(6.014904430449,25.053880041266));
#7327 = CARTESIAN_POINT('',(6.949632159213,24.829471768066));
#7328 = CARTESIAN_POINT('',(6.287925029421,24.132177945935));
#7329 = CARTESIAN_POINT('',(5.626217899629,23.434884123804));
#7330 = CARTESIAN_POINT('',(5.353197300657,24.356586219134));
#7331 = CARTESIAN_POINT('',(5.080176701686,25.278288314465));
#7332 = CARTESIAN_POINT('',(6.014904430449,25.053880041266));
#7333 = ( GEOMETRIC_REPRESENTATION_CONTEXT(2) 
PARAMETRIC_REPRESENTATION_CONTEXT() REPRESENTATION_CONTEXT('2D SPACE',''
  ) );
#7334 = ORIENTED_EDGE('',*,*,#7262,.T.);
#7335 = ORIENTED_EDGE('',*,*,#4503,.T.);
#7336 = ADVANCED_FACE('',(#7337),#4491,.T.);
#7337 = FACE_BOUND('',#7338,.F.);
#7338 = EDGE_LOOP('',(#7339,#7340,#7341,#7365));
#7339 = ORIENTED_EDGE('',*,*,#4474,.F.);
#7340 = ORIENTED_EDGE('',*,*,#7286,.F.);
#7341 = ORIENTED_EDGE('',*,*,#7342,.T.);
#7342 = EDGE_CURVE('',#7287,#7343,#7345,.T.);
#7343 = VERTEX_POINT('',#7344);
#7344 = CARTESIAN_POINT('',(4.491014750624,44.5,187.1924454239));
#7345 = SURFACE_CURVE('',#7346,(#7351,#7358),.PCURVE_S1.);
#7346 = CIRCLE('',#7347,25.210790894703);
#7347 = AXIS2_PLACEMENT_3D('',#7348,#7349,#7350);
#7348 = CARTESIAN_POINT('',(0.,44.5,212.));
#7349 = DIRECTION('',(-0.,1.,1.110223024625E-16));
#7350 = DIRECTION('',(1.,0.,0.));
#7351 = PCURVE('',#4491,#7352);
#7352 = DEFINITIONAL_REPRESENTATION('',(#7353),#7357);
#7353 = LINE('',#7354,#7355);
#7354 = CARTESIAN_POINT('',(-0.,-7.));
#7355 = VECTOR('',#7356,1.);
#7356 = DIRECTION('',(-1.,0.));
#7357 = ( GEOMETRIC_REPRESENTATION_CONTEXT(2) 
PARAMETRIC_REPRESENTATION_CONTEXT() REPRESENTATION_CONTEXT('2D SPACE',''
  ) );
#7358 = PCURVE('',#5586,#7359);
#7359 = DEFINITIONAL_REPRESENTATION('',(#7360),#7364);
#7360 = CIRCLE('',#7361,25.210790894703);
#7361 = AXIS2_PLACEMENT_2D('',#7362,#7363);
#7362 = CARTESIAN_POINT('',(2.412172678695E-15,0.));
#7363 = DIRECTION('',(1.,0.));
#7364 = ( GEOMETRIC_REPRESENTATION_CONTEXT(2) 
PARAMETRIC_REPRESENTATION_CONTEXT() REPRESENTATION_CONTEXT('2D SPACE',''
  ) );
#7365 = ORIENTED_EDGE('',*,*,#7366,.T.);
#7366 = EDGE_CURVE('',#7343,#4442,#7367,.T.);
#7367 = SURFACE_CURVE('',#7368,(#7372,#7379),.PCURVE_S1.);
#7368 = LINE('',#7369,#7370);
#7369 = CARTESIAN_POINT('',(4.491014750624,37.5,187.1924454239));
#7370 = VECTOR('',#7371,1.);
#7371 = DIRECTION('',(-0.,-1.,-1.110223024625E-16));
#7372 = PCURVE('',#4491,#7373);
#7373 = DEFINITIONAL_REPRESENTATION('',(#7374),#7378);
#7374 = LINE('',#7375,#7376);
#7375 = CARTESIAN_POINT('',(-1.391701866811,0.));
#7376 = VECTOR('',#7377,1.);
#7377 = DIRECTION('',(-0.,1.));
#7378 = ( GEOMETRIC_REPRESENTATION_CONTEXT(2) 
PARAMETRIC_REPRESENTATION_CONTEXT() REPRESENTATION_CONTEXT('2D SPACE',''
  ) );
#7379 = PCURVE('',#4462,#7380);
#7380 = DEFINITIONAL_REPRESENTATION('',(#7381),#7385);
#7381 = LINE('',#7382,#7383);
#7382 = CARTESIAN_POINT('',(-4.701381566733,-0.1));
#7383 = VECTOR('',#7384,1.);
#7384 = DIRECTION('',(-0.,1.));
#7385 = ( GEOMETRIC_REPRESENTATION_CONTEXT(2) 
PARAMETRIC_REPRESENTATION_CONTEXT() REPRESENTATION_CONTEXT('2D SPACE',''
  ) );
#7386 = ADVANCED_FACE('',(#7387),#4462,.F.);
#7387 = FACE_BOUND('',#7388,.T.);
#7388 = EDGE_LOOP('',(#7389,#7412,#7438,#7439));
#7389 = ORIENTED_EDGE('',*,*,#7390,.F.);
#7390 = EDGE_CURVE('',#7391,#4413,#7393,.T.);
#7391 = VERTEX_POINT('',#7392);
#7392 = CARTESIAN_POINT('',(3.39474710954,44.5,187.01881368712));
#7393 = SURFACE_CURVE('',#7394,(#7398,#7405),.PCURVE_S1.);
#7394 = LINE('',#7395,#7396);
#7395 = CARTESIAN_POINT('',(3.39474710954,37.5,187.01881368712));
#7396 = VECTOR('',#7397,1.);
#7397 = DIRECTION('',(-0.,-1.,-1.110223024625E-16));
#7398 = PCURVE('',#4462,#7399);
#7399 = DEFINITIONAL_REPRESENTATION('',(#7400),#7404);
#7400 = LINE('',#7401,#7402);
#7401 = CARTESIAN_POINT('',(-1.581803740447,-0.1));
#7402 = VECTOR('',#7403,1.);
#7403 = DIRECTION('',(-0.,1.));
#7404 = ( GEOMETRIC_REPRESENTATION_CONTEXT(2) 
PARAMETRIC_REPRESENTATION_CONTEXT() REPRESENTATION_CONTEXT('2D SPACE',''
  ) );
#7405 = PCURVE('',#4429,#7406);
#7406 = DEFINITIONAL_REPRESENTATION('',(#7407),#7411);
#7407 = LINE('',#7408,#7409);
#7408 = CARTESIAN_POINT('',(-1.43573152142,0.));
#7409 = VECTOR('',#7410,1.);
#7410 = DIRECTION('',(-0.,1.));
#7411 = ( GEOMETRIC_REPRESENTATION_CONTEXT(2) 
PARAMETRIC_REPRESENTATION_CONTEXT() REPRESENTATION_CONTEXT('2D SPACE',''
  ) );
#7412 = ORIENTED_EDGE('',*,*,#7413,.F.);
#7413 = EDGE_CURVE('',#7343,#7391,#7414,.T.);
#7414 = SURFACE_CURVE('',#7415,(#7420,#7427),.PCURVE_S1.);
#7415 = CIRCLE('',#7416,0.555);
#7416 = AXIS2_PLACEMENT_3D('',#7417,#7418,#7419);
#7417 = CARTESIAN_POINT('',(3.943836586854,44.5,187.09959577612));
#7418 = DIRECTION('',(0.,-1.,-1.110223024625E-16));
#7419 = DIRECTION('',(0.15643446504,1.096554336883E-16,-0.987688340595)
  );
#7420 = PCURVE('',#4462,#7421);
#7421 = DEFINITIONAL_REPRESENTATION('',(#7422),#7426);
#7422 = LINE('',#7423,#7424);
#7423 = CARTESIAN_POINT('',(-6.28318530718,-7.1));
#7424 = VECTOR('',#7425,1.);
#7425 = DIRECTION('',(1.,-0.));
#7426 = ( GEOMETRIC_REPRESENTATION_CONTEXT(2) 
PARAMETRIC_REPRESENTATION_CONTEXT() REPRESENTATION_CONTEXT('2D SPACE',''
  ) );
#7427 = PCURVE('',#5586,#7428);
#7428 = DEFINITIONAL_REPRESENTATION('',(#7429),#7437);
#7429 = ( BOUNDED_CURVE() B_SPLINE_CURVE(2,(#7430,#7431,#7432,#7433,
#7434,#7435,#7436),.UNSPECIFIED.,.T.,.F.) B_SPLINE_CURVE_WITH_KNOTS((1,2
    ,2,2,2,1),(-2.094395102393,0.,2.094395102393,4.188790204786,
6.28318530718,8.377580409573),.UNSPECIFIED.) CURVE() 
GEOMETRIC_REPRESENTATION_ITEM() RATIONAL_B_SPLINE_CURVE((1.,0.5,1.,0.5,
1.,0.5,1.)) REPRESENTATION_ITEM('') );
#7430 = CARTESIAN_POINT('',(4.030657714951,25.448571252911));
#7431 = CARTESIAN_POINT('',(4.980110860266,25.298192647876));
#7432 = CARTESIAN_POINT('',(4.375152595463,24.551131406848));
#7433 = CARTESIAN_POINT('',(3.770194330659,23.80407016582));
#7434 = CARTESIAN_POINT('',(3.425699450148,24.701510011883));
#7435 = CARTESIAN_POINT('',(3.081204569637,25.598949857946));
#7436 = CARTESIAN_POINT('',(4.030657714951,25.448571252911));
#7437 = ( GEOMETRIC_REPRESENTATION_CONTEXT(2) 
PARAMETRIC_REPRESENTATION_CONTEXT() REPRESENTATION_CONTEXT('2D SPACE',''
  ) );
#7438 = ORIENTED_EDGE('',*,*,#7366,.T.);
#7439 = ORIENTED_EDGE('',*,*,#4441,.T.);
#7440 = ADVANCED_FACE('',(#7441),#4429,.T.);
#7441 = FACE_BOUND('',#7442,.F.);
#7442 = EDGE_LOOP('',(#7443,#7444,#7445,#7469));
#7443 = ORIENTED_EDGE('',*,*,#4412,.F.);
#7444 = ORIENTED_EDGE('',*,*,#7390,.F.);
#7445 = ORIENTED_EDGE('',*,*,#7446,.T.);
#7446 = EDGE_CURVE('',#7391,#7447,#7449,.T.);
#7447 = VERTEX_POINT('',#7448);
#7448 = CARTESIAN_POINT('',(2.530792151689,44.5,186.91655787932));
#7449 = SURFACE_CURVE('',#7450,(#7455,#7462),.PCURVE_S1.);
#7450 = CIRCLE('',#7451,25.210790894703);
#7451 = AXIS2_PLACEMENT_3D('',#7452,#7453,#7454);
#7452 = CARTESIAN_POINT('',(0.,44.5,212.));
#7453 = DIRECTION('',(-0.,1.,1.110223024625E-16));
#7454 = DIRECTION('',(1.,0.,0.));
#7455 = PCURVE('',#4429,#7456);
#7456 = DEFINITIONAL_REPRESENTATION('',(#7457),#7461);
#7457 = LINE('',#7458,#7459);
#7458 = CARTESIAN_POINT('',(-0.,-7.));
#7459 = VECTOR('',#7460,1.);
#7460 = DIRECTION('',(-1.,0.));
#7461 = ( GEOMETRIC_REPRESENTATION_CONTEXT(2) 
PARAMETRIC_REPRESENTATION_CONTEXT() REPRESENTATION_CONTEXT('2D SPACE',''
  ) );
#7462 = PCURVE('',#5586,#7463);
#7463 = DEFINITIONAL_REPRESENTATION('',(#7464),#7468);
#7464 = CIRCLE('',#7465,25.210790894703);
#7465 = AXIS2_PLACEMENT_2D('',#7466,#7467);
#7466 = CARTESIAN_POINT('',(2.412172678695E-15,0.));
#7467 = DIRECTION('',(1.,0.));
#7468 = ( GEOMETRIC_REPRESENTATION_CONTEXT(2) 
PARAMETRIC_REPRESENTATION_CONTEXT() REPRESENTATION_CONTEXT('2D SPACE',''
  ) );
#7469 = ORIENTED_EDGE('',*,*,#7470,.T.);
#7470 = EDGE_CURVE('',#7447,#4380,#7471,.T.);
#7471 = SURFACE_CURVE('',#7472,(#7476,#7483),.PCURVE_S1.);
#7472 = LINE('',#7473,#7474);
#7473 = CARTESIAN_POINT('',(2.530792151689,37.5,186.91655787932));
#7474 = VECTOR('',#7475,1.);
#7475 = DIRECTION('',(-0.,-1.,-1.110223024625E-16));
#7476 = PCURVE('',#4429,#7477);
#7477 = DEFINITIONAL_REPRESENTATION('',(#7478),#7482);
#7478 = LINE('',#7479,#7480);
#7479 = CARTESIAN_POINT('',(-1.470241683151,0.));
#7480 = VECTOR('',#7481,1.);
#7481 = DIRECTION('',(-0.,1.));
#7482 = ( GEOMETRIC_REPRESENTATION_CONTEXT(2) 
PARAMETRIC_REPRESENTATION_CONTEXT() REPRESENTATION_CONTEXT('2D SPACE',''
  ) );
#7483 = PCURVE('',#4400,#7484);
#7484 = DEFINITIONAL_REPRESENTATION('',(#7485),#7489);
#7485 = LINE('',#7486,#7487);
#7486 = CARTESIAN_POINT('',(-4.701381566733,-0.1));
#7487 = VECTOR('',#7488,1.);
#7488 = DIRECTION('',(-0.,1.));
#7489 = ( GEOMETRIC_REPRESENTATION_CONTEXT(2) 
PARAMETRIC_REPRESENTATION_CONTEXT() REPRESENTATION_CONTEXT('2D SPACE',''
  ) );
#7490 = ADVANCED_FACE('',(#7491),#4400,.F.);
#7491 = FACE_BOUND('',#7492,.T.);
#7492 = EDGE_LOOP('',(#7493,#7516,#7542,#7543));
#7493 = ORIENTED_EDGE('',*,*,#7494,.F.);
#7494 = EDGE_CURVE('',#7495,#4351,#7497,.T.);
#7495 = VERTEX_POINT('',#7496);
#7496 = CARTESIAN_POINT('',(1.424280948823,44.5,186.82947355903));
#7497 = SURFACE_CURVE('',#7498,(#7502,#7509),.PCURVE_S1.);
#7498 = LINE('',#7499,#7500);
#7499 = CARTESIAN_POINT('',(1.424280948823,37.5,186.82947355903));
#7500 = VECTOR('',#7501,1.);
#7501 = DIRECTION('',(-0.,-1.,-1.110223024625E-16));
#7502 = PCURVE('',#4400,#7503);
#7503 = DEFINITIONAL_REPRESENTATION('',(#7504),#7508);
#7504 = LINE('',#7505,#7506);
#7505 = CARTESIAN_POINT('',(-1.581803740447,-0.1));
#7506 = VECTOR('',#7507,1.);
#7507 = DIRECTION('',(-0.,1.));
#7508 = ( GEOMETRIC_REPRESENTATION_CONTEXT(2) 
PARAMETRIC_REPRESENTATION_CONTEXT() REPRESENTATION_CONTEXT('2D SPACE',''
  ) );
#7509 = PCURVE('',#4367,#7510);
#7510 = DEFINITIONAL_REPRESENTATION('',(#7511),#7515);
#7511 = LINE('',#7512,#7513);
#7512 = CARTESIAN_POINT('',(-1.514271337759,0.));
#7513 = VECTOR('',#7514,1.);
#7514 = DIRECTION('',(-0.,1.));
#7515 = ( GEOMETRIC_REPRESENTATION_CONTEXT(2) 
PARAMETRIC_REPRESENTATION_CONTEXT() REPRESENTATION_CONTEXT('2D SPACE',''
  ) );
#7516 = ORIENTED_EDGE('',*,*,#7517,.F.);
#7517 = EDGE_CURVE('',#7447,#7495,#7518,.T.);
#7518 = SURFACE_CURVE('',#7519,(#7524,#7531),.PCURVE_S1.);
#7519 = CIRCLE('',#7520,0.555);
#7520 = AXIS2_PLACEMENT_3D('',#7521,#7522,#7523);
#7521 = CARTESIAN_POINT('',(1.978015856182,44.5,186.86692555994));
#7522 = DIRECTION('',(0.,-1.,-1.110223024625E-16));
#7523 = DIRECTION('',(7.845909572785E-02,1.106800577558E-16,
    -0.996917333733));
#7524 = PCURVE('',#4400,#7525);
#7525 = DEFINITIONAL_REPRESENTATION('',(#7526),#7530);
#7526 = LINE('',#7527,#7528);
#7527 = CARTESIAN_POINT('',(-6.28318530718,-7.1));
#7528 = VECTOR('',#7529,1.);
#7529 = DIRECTION('',(1.,-0.));
#7530 = ( GEOMETRIC_REPRESENTATION_CONTEXT(2) 
PARAMETRIC_REPRESENTATION_CONTEXT() REPRESENTATION_CONTEXT('2D SPACE',''
  ) );
#7531 = PCURVE('',#5586,#7532);
#7532 = DEFINITIONAL_REPRESENTATION('',(#7533),#7541);
#7533 = ( BOUNDED_CURVE() B_SPLINE_CURVE(2,(#7534,#7535,#7536,#7537,
#7538,#7539,#7540),.UNSPECIFIED.,.T.,.F.) B_SPLINE_CURVE_WITH_KNOTS((1,2
    ,2,2,2,1),(-2.094395102393,0.,2.094395102393,4.188790204786,
6.28318530718,8.377580409573),.UNSPECIFIED.) CURVE() 
GEOMETRIC_REPRESENTATION_ITEM() RATIONAL_B_SPLINE_CURVE((1.,0.5,1.,0.5,
1.,0.5,1.)) REPRESENTATION_ITEM('') );
#7534 = CARTESIAN_POINT('',(2.021560654311,25.686363560273));
#7535 = CARTESIAN_POINT('',(2.979885521811,25.610941757508));
#7536 = CARTESIAN_POINT('',(2.435405890867,24.818718978558));
#7537 = CARTESIAN_POINT('',(1.890926259924,24.026496199607));
#7538 = CARTESIAN_POINT('',(1.477081023368,24.894140781322));
#7539 = CARTESIAN_POINT('',(1.063235786812,25.761785363038));
#7540 = CARTESIAN_POINT('',(2.021560654311,25.686363560273));
#7541 = ( GEOMETRIC_REPRESENTATION_CONTEXT(2) 
PARAMETRIC_REPRESENTATION_CONTEXT() REPRESENTATION_CONTEXT('2D SPACE',''
  ) );
#7542 = ORIENTED_EDGE('',*,*,#7470,.T.);
#7543 = ORIENTED_EDGE('',*,*,#4379,.T.);
#7544 = ADVANCED_FACE('',(#7545),#4367,.T.);
#7545 = FACE_BOUND('',#7546,.F.);
#7546 = EDGE_LOOP('',(#7547,#7548,#7549,#7573));
#7547 = ORIENTED_EDGE('',*,*,#4350,.F.);
#7548 = ORIENTED_EDGE('',*,*,#7494,.F.);
#7549 = ORIENTED_EDGE('',*,*,#7550,.T.);
#7550 = EDGE_CURVE('',#7495,#7551,#7553,.T.);
#7551 = VERTEX_POINT('',#7552);
#7552 = CARTESIAN_POINT('',(0.554966377564,44.5,186.7953180965));
#7553 = SURFACE_CURVE('',#7554,(#7559,#7566),.PCURVE_S1.);
#7554 = CIRCLE('',#7555,25.210790894703);
#7555 = AXIS2_PLACEMENT_3D('',#7556,#7557,#7558);
#7556 = CARTESIAN_POINT('',(0.,44.5,212.));
#7557 = DIRECTION('',(-0.,1.,1.110223024625E-16));
#7558 = DIRECTION('',(1.,0.,0.));
#7559 = PCURVE('',#4367,#7560);
#7560 = DEFINITIONAL_REPRESENTATION('',(#7561),#7565);
#7561 = LINE('',#7562,#7563);
#7562 = CARTESIAN_POINT('',(-0.,-7.));
#7563 = VECTOR('',#7564,1.);
#7564 = DIRECTION('',(-1.,0.));
#7565 = ( GEOMETRIC_REPRESENTATION_CONTEXT(2) 
PARAMETRIC_REPRESENTATION_CONTEXT() REPRESENTATION_CONTEXT('2D SPACE',''
  ) );
#7566 = PCURVE('',#5586,#7567);
#7567 = DEFINITIONAL_REPRESENTATION('',(#7568),#7572);
#7568 = CIRCLE('',#7569,25.210790894703);
#7569 = AXIS2_PLACEMENT_2D('',#7570,#7571);
#7570 = CARTESIAN_POINT('',(2.412172678695E-15,0.));
#7571 = DIRECTION('',(1.,0.));
#7572 = ( GEOMETRIC_REPRESENTATION_CONTEXT(2) 
PARAMETRIC_REPRESENTATION_CONTEXT() REPRESENTATION_CONTEXT('2D SPACE',''
  ) );
#7573 = ORIENTED_EDGE('',*,*,#7574,.T.);
#7574 = EDGE_CURVE('',#7551,#4318,#7575,.T.);
#7575 = SURFACE_CURVE('',#7576,(#7580,#7587),.PCURVE_S1.);
#7576 = LINE('',#7577,#7578);
#7577 = CARTESIAN_POINT('',(0.554966377564,37.5,186.7953180965));
#7578 = VECTOR('',#7579,1.);
#7579 = DIRECTION('',(-0.,-1.,-1.110223024625E-16));
#7580 = PCURVE('',#4367,#7581);
#7581 = DEFINITIONAL_REPRESENTATION('',(#7582),#7586);
#7582 = LINE('',#7583,#7584);
#7583 = CARTESIAN_POINT('',(-1.548781499491,0.));
#7584 = VECTOR('',#7585,1.);
#7585 = DIRECTION('',(-0.,1.));
#7586 = ( GEOMETRIC_REPRESENTATION_CONTEXT(2) 
PARAMETRIC_REPRESENTATION_CONTEXT() REPRESENTATION_CONTEXT('2D SPACE',''
  ) );
#7587 = PCURVE('',#4338,#7588);
#7588 = DEFINITIONAL_REPRESENTATION('',(#7589),#7593);
#7589 = LINE('',#7590,#7591);
#7590 = CARTESIAN_POINT('',(-4.701381566733,-0.1));
#7591 = VECTOR('',#7592,1.);
#7592 = DIRECTION('',(-0.,1.));
#7593 = ( GEOMETRIC_REPRESENTATION_CONTEXT(2) 
PARAMETRIC_REPRESENTATION_CONTEXT() REPRESENTATION_CONTEXT('2D SPACE',''
  ) );
#7594 = ADVANCED_FACE('',(#7595),#4338,.F.);
#7595 = FACE_BOUND('',#7596,.T.);
#7596 = EDGE_LOOP('',(#7597,#7620,#7646,#7647));
#7597 = ORIENTED_EDGE('',*,*,#7598,.F.);
#7598 = EDGE_CURVE('',#7599,#4289,#7601,.T.);
#7599 = VERTEX_POINT('',#7600);
#7600 = CARTESIAN_POINT('',(-0.554966377564,44.5,186.7953180965));
#7601 = SURFACE_CURVE('',#7602,(#7606,#7613),.PCURVE_S1.);
#7602 = LINE('',#7603,#7604);
#7603 = CARTESIAN_POINT('',(-0.554966377564,37.5,186.7953180965));
#7604 = VECTOR('',#7605,1.);
#7605 = DIRECTION('',(-0.,-1.,-1.110223024625E-16));
#7606 = PCURVE('',#4338,#7607);
#7607 = DEFINITIONAL_REPRESENTATION('',(#7608),#7612);
#7608 = LINE('',#7609,#7610);
#7609 = CARTESIAN_POINT('',(-1.581803740447,-0.1));
#7610 = VECTOR('',#7611,1.);
#7611 = DIRECTION('',(-0.,1.));
#7612 = ( GEOMETRIC_REPRESENTATION_CONTEXT(2) 
PARAMETRIC_REPRESENTATION_CONTEXT() REPRESENTATION_CONTEXT('2D SPACE',''
  ) );
#7613 = PCURVE('',#4305,#7614);
#7614 = DEFINITIONAL_REPRESENTATION('',(#7615),#7619);
#7615 = LINE('',#7616,#7617);
#7616 = CARTESIAN_POINT('',(-1.592811154099,0.));
#7617 = VECTOR('',#7618,1.);
#7618 = DIRECTION('',(-0.,1.));
#7619 = ( GEOMETRIC_REPRESENTATION_CONTEXT(2) 
PARAMETRIC_REPRESENTATION_CONTEXT() REPRESENTATION_CONTEXT('2D SPACE',''
  ) );
#7620 = ORIENTED_EDGE('',*,*,#7621,.F.);
#7621 = EDGE_CURVE('',#7551,#7599,#7622,.T.);
#7622 = SURFACE_CURVE('',#7623,(#7628,#7635),.PCURVE_S1.);
#7623 = CIRCLE('',#7624,0.555);
#7624 = AXIS2_PLACEMENT_3D('',#7625,#7626,#7627);
#7625 = CARTESIAN_POINT('',(1.543715718659E-15,44.5,186.78920910529));
#7626 = DIRECTION('',(0.,-1.,-1.110223024625E-16));
#7627 = DIRECTION('',(1.110223024625E-16,1.110223024625E-16,-1.));
#7628 = PCURVE('',#4338,#7629);
#7629 = DEFINITIONAL_REPRESENTATION('',(#7630),#7634);
#7630 = LINE('',#7631,#7632);
#7631 = CARTESIAN_POINT('',(-6.28318530718,-7.1));
#7632 = VECTOR('',#7633,1.);
#7633 = DIRECTION('',(1.,-0.));
#7634 = ( GEOMETRIC_REPRESENTATION_CONTEXT(2) 
PARAMETRIC_REPRESENTATION_CONTEXT() REPRESENTATION_CONTEXT('2D SPACE',''
  ) );
#7635 = PCURVE('',#5586,#7636);
#7636 = DEFINITIONAL_REPRESENTATION('',(#7637),#7645);
#7637 = ( BOUNDED_CURVE() B_SPLINE_CURVE(2,(#7638,#7639,#7640,#7641,
#7642,#7643,#7644),.UNSPECIFIED.,.T.,.F.) B_SPLINE_CURVE_WITH_KNOTS((1,2
    ,2,2,2,1),(-2.094395102393,0.,2.094395102393,4.188790204786,
6.28318530718,8.377580409573),.UNSPECIFIED.) CURVE() 
GEOMETRIC_REPRESENTATION_ITEM() RATIONAL_B_SPLINE_CURVE((1.,0.5,1.,0.5,
1.,0.5,1.)) REPRESENTATION_ITEM('') );
#7638 = CARTESIAN_POINT('',(4.017505775221E-15,25.765790894703));
#7639 = CARTESIAN_POINT('',(0.961288198201,25.765790894703));
#7640 = CARTESIAN_POINT('',(0.4806440991,24.933290894703));
#7641 = CARTESIAN_POINT('',(3.968589436326E-15,24.100790894703));
#7642 = CARTESIAN_POINT('',(-0.4806440991,24.933290894703));
#7643 = CARTESIAN_POINT('',(-0.961288198201,25.765790894703));
#7644 = CARTESIAN_POINT('',(4.017505775221E-15,25.765790894703));
#7645 = ( GEOMETRIC_REPRESENTATION_CONTEXT(2) 
PARAMETRIC_REPRESENTATION_CONTEXT() REPRESENTATION_CONTEXT('2D SPACE',''
  ) );
#7646 = ORIENTED_EDGE('',*,*,#7574,.T.);
#7647 = ORIENTED_EDGE('',*,*,#4317,.T.);
#7648 = ADVANCED_FACE('',(#7649),#4305,.T.);
#7649 = FACE_BOUND('',#7650,.F.);
#7650 = EDGE_LOOP('',(#7651,#7652,#7653,#7677));
#7651 = ORIENTED_EDGE('',*,*,#4288,.F.);
#7652 = ORIENTED_EDGE('',*,*,#7598,.F.);
#7653 = ORIENTED_EDGE('',*,*,#7654,.T.);
#7654 = EDGE_CURVE('',#7599,#7655,#7657,.T.);
#7655 = VERTEX_POINT('',#7656);
#7656 = CARTESIAN_POINT('',(-1.424280948823,44.5,186.82947355903));
#7657 = SURFACE_CURVE('',#7658,(#7663,#7670),.PCURVE_S1.);
#7658 = CIRCLE('',#7659,25.210790894703);
#7659 = AXIS2_PLACEMENT_3D('',#7660,#7661,#7662);
#7660 = CARTESIAN_POINT('',(0.,44.5,212.));
#7661 = DIRECTION('',(-0.,1.,1.110223024625E-16));
#7662 = DIRECTION('',(1.,0.,0.));
#7663 = PCURVE('',#4305,#7664);
#7664 = DEFINITIONAL_REPRESENTATION('',(#7665),#7669);
#7665 = LINE('',#7666,#7667);
#7666 = CARTESIAN_POINT('',(-0.,-7.));
#7667 = VECTOR('',#7668,1.);
#7668 = DIRECTION('',(-1.,0.));
#7669 = ( GEOMETRIC_REPRESENTATION_CONTEXT(2) 
PARAMETRIC_REPRESENTATION_CONTEXT() REPRESENTATION_CONTEXT('2D SPACE',''
  ) );
#7670 = PCURVE('',#5586,#7671);
#7671 = DEFINITIONAL_REPRESENTATION('',(#7672),#7676);
#7672 = CIRCLE('',#7673,25.210790894703);
#7673 = AXIS2_PLACEMENT_2D('',#7674,#7675);
#7674 = CARTESIAN_POINT('',(2.412172678695E-15,0.));
#7675 = DIRECTION('',(1.,0.));
#7676 = ( GEOMETRIC_REPRESENTATION_CONTEXT(2) 
PARAMETRIC_REPRESENTATION_CONTEXT() REPRESENTATION_CONTEXT('2D SPACE',''
  ) );
#7677 = ORIENTED_EDGE('',*,*,#7678,.T.);
#7678 = EDGE_CURVE('',#7655,#4256,#7679,.T.);
#7679 = SURFACE_CURVE('',#7680,(#7684,#7691),.PCURVE_S1.);
#7680 = LINE('',#7681,#7682);
#7681 = CARTESIAN_POINT('',(-1.424280948823,37.5,186.82947355903));
#7682 = VECTOR('',#7683,1.);
#7683 = DIRECTION('',(-0.,-1.,-1.110223024625E-16));
#7684 = PCURVE('',#4305,#7685);
#7685 = DEFINITIONAL_REPRESENTATION('',(#7686),#7690);
#7686 = LINE('',#7687,#7688);
#7687 = CARTESIAN_POINT('',(-1.62732131583,0.));
#7688 = VECTOR('',#7689,1.);
#7689 = DIRECTION('',(-0.,1.));
#7690 = ( GEOMETRIC_REPRESENTATION_CONTEXT(2) 
PARAMETRIC_REPRESENTATION_CONTEXT() REPRESENTATION_CONTEXT('2D SPACE',''
  ) );
#7691 = PCURVE('',#4276,#7692);
#7692 = DEFINITIONAL_REPRESENTATION('',(#7693),#7697);
#7693 = LINE('',#7694,#7695);
#7694 = CARTESIAN_POINT('',(-4.701381566733,-0.1));
#7695 = VECTOR('',#7696,1.);
#7696 = DIRECTION('',(-0.,1.));
#7697 = ( GEOMETRIC_REPRESENTATION_CONTEXT(2) 
PARAMETRIC_REPRESENTATION_CONTEXT() REPRESENTATION_CONTEXT('2D SPACE',''
  ) );
#7698 = ADVANCED_FACE('',(#7699),#4276,.F.);
#7699 = FACE_BOUND('',#7700,.T.);
#7700 = EDGE_LOOP('',(#7701,#7724,#7750,#7751));
#7701 = ORIENTED_EDGE('',*,*,#7702,.F.);
#7702 = EDGE_CURVE('',#7703,#4227,#7705,.T.);
#7703 = VERTEX_POINT('',#7704);
#7704 = CARTESIAN_POINT('',(-2.530792151689,44.5,186.91655787932));
#7705 = SURFACE_CURVE('',#7706,(#7710,#7717),.PCURVE_S1.);
#7706 = LINE('',#7707,#7708);
#7707 = CARTESIAN_POINT('',(-2.530792151689,37.5,186.91655787932));
#7708 = VECTOR('',#7709,1.);
#7709 = DIRECTION('',(-0.,-1.,-1.110223024625E-16));
#7710 = PCURVE('',#4276,#7711);
#7711 = DEFINITIONAL_REPRESENTATION('',(#7712),#7716);
#7712 = LINE('',#7713,#7714);
#7713 = CARTESIAN_POINT('',(-1.581803740447,-0.1));
#7714 = VECTOR('',#7715,1.);
#7715 = DIRECTION('',(-0.,1.));
#7716 = ( GEOMETRIC_REPRESENTATION_CONTEXT(2) 
PARAMETRIC_REPRESENTATION_CONTEXT() REPRESENTATION_CONTEXT('2D SPACE',''
  ) );
#7717 = PCURVE('',#4243,#7718);
#7718 = DEFINITIONAL_REPRESENTATION('',(#7719),#7723);
#7719 = LINE('',#7720,#7721);
#7720 = CARTESIAN_POINT('',(-1.671350970439,0.));
#7721 = VECTOR('',#7722,1.);
#7722 = DIRECTION('',(-0.,1.));
#7723 = ( GEOMETRIC_REPRESENTATION_CONTEXT(2) 
PARAMETRIC_REPRESENTATION_CONTEXT() REPRESENTATION_CONTEXT('2D SPACE',''
  ) );
#7724 = ORIENTED_EDGE('',*,*,#7725,.F.);
#7725 = EDGE_CURVE('',#7655,#7703,#7726,.T.);
#7726 = SURFACE_CURVE('',#7727,(#7732,#7739),.PCURVE_S1.);
#7727 = CIRCLE('',#7728,0.555);
#7728 = AXIS2_PLACEMENT_3D('',#7729,#7730,#7731);
#7729 = CARTESIAN_POINT('',(-1.978015856182,44.5,186.86692555994));
#7730 = DIRECTION('',(0.,-1.,-1.110223024625E-16));
#7731 = DIRECTION('',(-7.845909572784E-02,1.106800577558E-16,
    -0.996917333733));
#7732 = PCURVE('',#4276,#7733);
#7733 = DEFINITIONAL_REPRESENTATION('',(#7734),#7738);
#7734 = LINE('',#7735,#7736);
#7735 = CARTESIAN_POINT('',(-6.28318530718,-7.1));
#7736 = VECTOR('',#7737,1.);
#7737 = DIRECTION('',(1.,-0.));
#7738 = ( GEOMETRIC_REPRESENTATION_CONTEXT(2) 
PARAMETRIC_REPRESENTATION_CONTEXT() REPRESENTATION_CONTEXT('2D SPACE',''
  ) );
#7739 = PCURVE('',#5586,#7740);
#7740 = DEFINITIONAL_REPRESENTATION('',(#7741),#7749);
#7741 = ( BOUNDED_CURVE() B_SPLINE_CURVE(2,(#7742,#7743,#7744,#7745,
#7746,#7747,#7748),.UNSPECIFIED.,.T.,.F.) B_SPLINE_CURVE_WITH_KNOTS((1,2
    ,2,2,2,1),(-2.094395102393,0.,2.094395102393,4.188790204786,
6.28318530718,8.377580409573),.UNSPECIFIED.) CURVE() 
GEOMETRIC_REPRESENTATION_ITEM() RATIONAL_B_SPLINE_CURVE((1.,0.5,1.,0.5,
1.,0.5,1.)) REPRESENTATION_ITEM('') );
#7742 = CARTESIAN_POINT('',(-2.021560654311,25.686363560273));
#7743 = CARTESIAN_POINT('',(-1.063235786812,25.761785363038));
#7744 = CARTESIAN_POINT('',(-1.477081023368,24.894140781322));
#7745 = CARTESIAN_POINT('',(-1.890926259924,24.026496199607));
#7746 = CARTESIAN_POINT('',(-2.435405890867,24.818718978558));
#7747 = CARTESIAN_POINT('',(-2.979885521811,25.610941757508));
#7748 = CARTESIAN_POINT('',(-2.021560654311,25.686363560273));
#7749 = ( GEOMETRIC_REPRESENTATION_CONTEXT(2) 
PARAMETRIC_REPRESENTATION_CONTEXT() REPRESENTATION_CONTEXT('2D SPACE',''
  ) );
#7750 = ORIENTED_EDGE('',*,*,#7678,.T.);
#7751 = ORIENTED_EDGE('',*,*,#4255,.T.);
#7752 = ADVANCED_FACE('',(#7753),#4243,.T.);
#7753 = FACE_BOUND('',#7754,.F.);
#7754 = EDGE_LOOP('',(#7755,#7756,#7757,#7781));
#7755 = ORIENTED_EDGE('',*,*,#4226,.F.);
#7756 = ORIENTED_EDGE('',*,*,#7702,.F.);
#7757 = ORIENTED_EDGE('',*,*,#7758,.T.);
#7758 = EDGE_CURVE('',#7703,#7759,#7761,.T.);
#7759 = VERTEX_POINT('',#7760);
#7760 = CARTESIAN_POINT('',(-3.394747109539,44.5,187.01881368712));
#7761 = SURFACE_CURVE('',#7762,(#7767,#7774),.PCURVE_S1.);
#7762 = CIRCLE('',#7763,25.210790894703);
#7763 = AXIS2_PLACEMENT_3D('',#7764,#7765,#7766);
#7764 = CARTESIAN_POINT('',(0.,44.5,212.));
#7765 = DIRECTION('',(-0.,1.,1.110223024625E-16));
#7766 = DIRECTION('',(1.,0.,0.));
#7767 = PCURVE('',#4243,#7768);
#7768 = DEFINITIONAL_REPRESENTATION('',(#7769),#7773);
#7769 = LINE('',#7770,#7771);
#7770 = CARTESIAN_POINT('',(-0.,-7.));
#7771 = VECTOR('',#7772,1.);
#7772 = DIRECTION('',(-1.,0.));
#7773 = ( GEOMETRIC_REPRESENTATION_CONTEXT(2) 
PARAMETRIC_REPRESENTATION_CONTEXT() REPRESENTATION_CONTEXT('2D SPACE',''
  ) );
#7774 = PCURVE('',#5586,#7775);
#7775 = DEFINITIONAL_REPRESENTATION('',(#7776),#7780);
#7776 = CIRCLE('',#7777,25.210790894703);
#7777 = AXIS2_PLACEMENT_2D('',#7778,#7779);
#7778 = CARTESIAN_POINT('',(2.412172678695E-15,0.));
#7779 = DIRECTION('',(1.,0.));
#7780 = ( GEOMETRIC_REPRESENTATION_CONTEXT(2) 
PARAMETRIC_REPRESENTATION_CONTEXT() REPRESENTATION_CONTEXT('2D SPACE',''
  ) );
#7781 = ORIENTED_EDGE('',*,*,#7782,.T.);
#7782 = EDGE_CURVE('',#7759,#4194,#7783,.T.);
#7783 = SURFACE_CURVE('',#7784,(#7788,#7795),.PCURVE_S1.);
#7784 = LINE('',#7785,#7786);
#7785 = CARTESIAN_POINT('',(-3.39474710954,37.5,187.01881368712));
#7786 = VECTOR('',#7787,1.);
#7787 = DIRECTION('',(-0.,-1.,-1.110223024625E-16));
#7788 = PCURVE('',#4243,#7789);
#7789 = DEFINITIONAL_REPRESENTATION('',(#7790),#7794);
#7790 = LINE('',#7791,#7792);
#7791 = CARTESIAN_POINT('',(-1.70586113217,0.));
#7792 = VECTOR('',#7793,1.);
#7793 = DIRECTION('',(-0.,1.));
#7794 = ( GEOMETRIC_REPRESENTATION_CONTEXT(2) 
PARAMETRIC_REPRESENTATION_CONTEXT() REPRESENTATION_CONTEXT('2D SPACE',''
  ) );
#7795 = PCURVE('',#4214,#7796);
#7796 = DEFINITIONAL_REPRESENTATION('',(#7797),#7801);
#7797 = LINE('',#7798,#7799);
#7798 = CARTESIAN_POINT('',(-4.701381566733,-0.1));
#7799 = VECTOR('',#7800,1.);
#7800 = DIRECTION('',(-0.,1.));
#7801 = ( GEOMETRIC_REPRESENTATION_CONTEXT(2) 
PARAMETRIC_REPRESENTATION_CONTEXT() REPRESENTATION_CONTEXT('2D SPACE',''
  ) );
#7802 = ADVANCED_FACE('',(#7803),#4214,.F.);
#7803 = FACE_BOUND('',#7804,.T.);
#7804 = EDGE_LOOP('',(#7805,#7828,#7854,#7855));
#7805 = ORIENTED_EDGE('',*,*,#7806,.F.);
#7806 = EDGE_CURVE('',#7807,#4165,#7809,.T.);
#7807 = VERTEX_POINT('',#7808);
#7808 = CARTESIAN_POINT('',(-4.491014750624,44.5,187.1924454239));
#7809 = SURFACE_CURVE('',#7810,(#7814,#7821),.PCURVE_S1.);
#7810 = LINE('',#7811,#7812);
#7811 = CARTESIAN_POINT('',(-4.491014750624,37.5,187.1924454239));
#7812 = VECTOR('',#7813,1.);
#7813 = DIRECTION('',(-0.,-1.,-1.110223024625E-16));
#7814 = PCURVE('',#4214,#7815);
#7815 = DEFINITIONAL_REPRESENTATION('',(#7816),#7820);
#7816 = LINE('',#7817,#7818);
#7817 = CARTESIAN_POINT('',(-1.581803740447,-0.1));
#7818 = VECTOR('',#7819,1.);
#7819 = DIRECTION('',(-0.,1.));
#7820 = ( GEOMETRIC_REPRESENTATION_CONTEXT(2) 
PARAMETRIC_REPRESENTATION_CONTEXT() REPRESENTATION_CONTEXT('2D SPACE',''
  ) );
#7821 = PCURVE('',#4181,#7822);
#7822 = DEFINITIONAL_REPRESENTATION('',(#7823),#7827);
#7823 = LINE('',#7824,#7825);
#7824 = CARTESIAN_POINT('',(-1.749890786779,0.));
#7825 = VECTOR('',#7826,1.);
#7826 = DIRECTION('',(-0.,1.));
#7827 = ( GEOMETRIC_REPRESENTATION_CONTEXT(2) 
PARAMETRIC_REPRESENTATION_CONTEXT() REPRESENTATION_CONTEXT('2D SPACE',''
  ) );
#7828 = ORIENTED_EDGE('',*,*,#7829,.F.);
#7829 = EDGE_CURVE('',#7759,#7807,#7830,.T.);
#7830 = SURFACE_CURVE('',#7831,(#7836,#7843),.PCURVE_S1.);
#7831 = CIRCLE('',#7832,0.555);
#7832 = AXIS2_PLACEMENT_3D('',#7833,#7834,#7835);
#7833 = CARTESIAN_POINT('',(-3.943836586854,44.5,187.09959577612));
#7834 = DIRECTION('',(0.,-1.,-1.110223024625E-16));
#7835 = DIRECTION('',(-0.15643446504,1.096554336883E-16,-0.987688340595)
  );
#7836 = PCURVE('',#4214,#7837);
#7837 = DEFINITIONAL_REPRESENTATION('',(#7838),#7842);
#7838 = LINE('',#7839,#7840);
#7839 = CARTESIAN_POINT('',(-6.28318530718,-7.1));
#7840 = VECTOR('',#7841,1.);
#7841 = DIRECTION('',(1.,-0.));
#7842 = ( GEOMETRIC_REPRESENTATION_CONTEXT(2) 
PARAMETRIC_REPRESENTATION_CONTEXT() REPRESENTATION_CONTEXT('2D SPACE',''
  ) );
#7843 = PCURVE('',#5586,#7844);
#7844 = DEFINITIONAL_REPRESENTATION('',(#7845),#7853);
#7845 = ( BOUNDED_CURVE() B_SPLINE_CURVE(2,(#7846,#7847,#7848,#7849,
#7850,#7851,#7852),.UNSPECIFIED.,.T.,.F.) B_SPLINE_CURVE_WITH_KNOTS((1,2
    ,2,2,2,1),(-2.094395102393,0.,2.094395102393,4.188790204786,
6.28318530718,8.377580409573),.UNSPECIFIED.) CURVE() 
GEOMETRIC_REPRESENTATION_ITEM() RATIONAL_B_SPLINE_CURVE((1.,0.5,1.,0.5,
1.,0.5,1.)) REPRESENTATION_ITEM('') );
#7846 = CARTESIAN_POINT('',(-4.030657714951,25.448571252911));
#7847 = CARTESIAN_POINT('',(-3.081204569637,25.598949857946));
#7848 = CARTESIAN_POINT('',(-3.425699450148,24.701510011883));
#7849 = CARTESIAN_POINT('',(-3.770194330659,23.80407016582));
#7850 = CARTESIAN_POINT('',(-4.375152595463,24.551131406848));
#7851 = CARTESIAN_POINT('',(-4.980110860266,25.298192647876));
#7852 = CARTESIAN_POINT('',(-4.030657714951,25.448571252911));
#7853 = ( GEOMETRIC_REPRESENTATION_CONTEXT(2) 
PARAMETRIC_REPRESENTATION_CONTEXT() REPRESENTATION_CONTEXT('2D SPACE',''
  ) );
#7854 = ORIENTED_EDGE('',*,*,#7782,.T.);
#7855 = ORIENTED_EDGE('',*,*,#4193,.T.);
#7856 = ADVANCED_FACE('',(#7857),#4181,.T.);
#7857 = FACE_BOUND('',#7858,.F.);
#7858 = EDGE_LOOP('',(#7859,#7860,#7861,#7885));
#7859 = ORIENTED_EDGE('',*,*,#4164,.F.);
#7860 = ORIENTED_EDGE('',*,*,#7806,.F.);
#7861 = ORIENTED_EDGE('',*,*,#7862,.T.);
#7862 = EDGE_CURVE('',#7807,#7863,#7865,.T.);
#7863 = VERTEX_POINT('',#7864);
#7864 = CARTESIAN_POINT('',(-5.344283525458,44.5,187.36217113591));
#7865 = SURFACE_CURVE('',#7866,(#7871,#7878),.PCURVE_S1.);
#7866 = CIRCLE('',#7867,25.210790894703);
#7867 = AXIS2_PLACEMENT_3D('',#7868,#7869,#7870);
#7868 = CARTESIAN_POINT('',(0.,44.5,212.));
#7869 = DIRECTION('',(-0.,1.,1.110223024625E-16));
#7870 = DIRECTION('',(1.,0.,0.));
#7871 = PCURVE('',#4181,#7872);
#7872 = DEFINITIONAL_REPRESENTATION('',(#7873),#7877);
#7873 = LINE('',#7874,#7875);
#7874 = CARTESIAN_POINT('',(-0.,-7.));
#7875 = VECTOR('',#7876,1.);
#7876 = DIRECTION('',(-1.,0.));
#7877 = ( GEOMETRIC_REPRESENTATION_CONTEXT(2) 
PARAMETRIC_REPRESENTATION_CONTEXT() REPRESENTATION_CONTEXT('2D SPACE',''
  ) );
#7878 = PCURVE('',#5586,#7879);
#7879 = DEFINITIONAL_REPRESENTATION('',(#7880),#7884);
#7880 = CIRCLE('',#7881,25.210790894703);
#7881 = AXIS2_PLACEMENT_2D('',#7882,#7883);
#7882 = CARTESIAN_POINT('',(2.412172678695E-15,0.));
#7883 = DIRECTION('',(1.,0.));
#7884 = ( GEOMETRIC_REPRESENTATION_CONTEXT(2) 
PARAMETRIC_REPRESENTATION_CONTEXT() REPRESENTATION_CONTEXT('2D SPACE',''
  ) );
#7885 = ORIENTED_EDGE('',*,*,#7886,.T.);
#7886 = EDGE_CURVE('',#7863,#4132,#7887,.T.);
#7887 = SURFACE_CURVE('',#7888,(#7892,#7899),.PCURVE_S1.);
#7888 = LINE('',#7889,#7890);
#7889 = CARTESIAN_POINT('',(-5.344283525458,37.5,187.36217113591));
#7890 = VECTOR('',#7891,1.);
#7891 = DIRECTION('',(-0.,-1.,-1.110223024625E-16));
#7892 = PCURVE('',#4181,#7893);
#7893 = DEFINITIONAL_REPRESENTATION('',(#7894),#7898);
#7894 = LINE('',#7895,#7896);
#7895 = CARTESIAN_POINT('',(-1.78440094851,0.));
#7896 = VECTOR('',#7897,1.);
#7897 = DIRECTION('',(-0.,1.));
#7898 = ( GEOMETRIC_REPRESENTATION_CONTEXT(2) 
PARAMETRIC_REPRESENTATION_CONTEXT() REPRESENTATION_CONTEXT('2D SPACE',''
  ) );
#7899 = PCURVE('',#4152,#7900);
#7900 = DEFINITIONAL_REPRESENTATION('',(#7901),#7905);
#7901 = LINE('',#7902,#7903);
#7902 = CARTESIAN_POINT('',(-4.701381566733,-0.1));
#7903 = VECTOR('',#7904,1.);
#7904 = DIRECTION('',(-0.,1.));
#7905 = ( GEOMETRIC_REPRESENTATION_CONTEXT(2) 
PARAMETRIC_REPRESENTATION_CONTEXT() REPRESENTATION_CONTEXT('2D SPACE',''
  ) );
#7906 = ADVANCED_FACE('',(#7907),#4152,.F.);
#7907 = FACE_BOUND('',#7908,.T.);
#7908 = EDGE_LOOP('',(#7909,#7932,#7958,#7959));
#7909 = ORIENTED_EDGE('',*,*,#7910,.F.);
#7910 = EDGE_CURVE('',#7911,#4103,#7913,.T.);
#7911 = VERTEX_POINT('',#7912);
#7912 = CARTESIAN_POINT('',(-6.423548750208,44.5,187.62127979179));
#7913 = SURFACE_CURVE('',#7914,(#7918,#7925),.PCURVE_S1.);
#7914 = LINE('',#7915,#7916);
#7915 = CARTESIAN_POINT('',(-6.423548750208,37.5,187.62127979179));
#7916 = VECTOR('',#7917,1.);
#7917 = DIRECTION('',(-0.,-1.,-1.110223024625E-16));
#7918 = PCURVE('',#4152,#7919);
#7919 = DEFINITIONAL_REPRESENTATION('',(#7920),#7924);
#7920 = LINE('',#7921,#7922);
#7921 = CARTESIAN_POINT('',(-1.581803740447,-0.1));
#7922 = VECTOR('',#7923,1.);
#7923 = DIRECTION('',(-0.,1.));
#7924 = ( GEOMETRIC_REPRESENTATION_CONTEXT(2) 
PARAMETRIC_REPRESENTATION_CONTEXT() REPRESENTATION_CONTEXT('2D SPACE',''
  ) );
#7925 = PCURVE('',#4119,#7926);
#7926 = DEFINITIONAL_REPRESENTATION('',(#7927),#7931);
#7927 = LINE('',#7928,#7929);
#7928 = CARTESIAN_POINT('',(-1.828430603118,0.));
#7929 = VECTOR('',#7930,1.);
#7930 = DIRECTION('',(-0.,1.));
#7931 = ( GEOMETRIC_REPRESENTATION_CONTEXT(2) 
PARAMETRIC_REPRESENTATION_CONTEXT() REPRESENTATION_CONTEXT('2D SPACE',''
  ) );
#7932 = ORIENTED_EDGE('',*,*,#7933,.F.);
#7933 = EDGE_CURVE('',#7863,#7911,#7934,.T.);
#7934 = SURFACE_CURVE('',#7935,(#7940,#7947),.PCURVE_S1.);
#7935 = CIRCLE('',#7936,0.555);
#7936 = AXIS2_PLACEMENT_3D('',#7937,#7938,#7939);
#7937 = CARTESIAN_POINT('',(-5.885342253509,44.5,187.48578526455));
#7938 = DIRECTION('',(0.,-1.,-1.110223024625E-16));
#7939 = DIRECTION('',(-0.233445363856,1.079547474078E-16,-0.972369920398
    ));
#7940 = PCURVE('',#4152,#7941);
#7941 = DEFINITIONAL_REPRESENTATION('',(#7942),#7946);
#7942 = LINE('',#7943,#7944);
#7943 = CARTESIAN_POINT('',(-6.28318530718,-7.1));
#7944 = VECTOR('',#7945,1.);
#7945 = DIRECTION('',(1.,-0.));
#7946 = ( GEOMETRIC_REPRESENTATION_CONTEXT(2) 
PARAMETRIC_REPRESENTATION_CONTEXT() REPRESENTATION_CONTEXT('2D SPACE',''
  ) );
#7947 = PCURVE('',#5586,#7948);
#7948 = DEFINITIONAL_REPRESENTATION('',(#7949),#7957);
#7949 = ( BOUNDED_CURVE() B_SPLINE_CURVE(2,(#7950,#7951,#7952,#7953,
#7954,#7955,#7956),.UNSPECIFIED.,.T.,.F.) B_SPLINE_CURVE_WITH_KNOTS((1,2
    ,2,2,2,1),(-2.094395102393,0.,2.094395102393,4.188790204786,
6.28318530718,8.377580409573),.UNSPECIFIED.) CURVE() 
GEOMETRIC_REPRESENTATION_ITEM() RATIONAL_B_SPLINE_CURVE((1.,0.5,1.,0.5,
1.,0.5,1.)) REPRESENTATION_ITEM('') );
#7950 = CARTESIAN_POINT('',(-6.014904430449,25.053880041266));
#7951 = CARTESIAN_POINT('',(-5.080176701686,25.278288314465));
#7952 = CARTESIAN_POINT('',(-5.353197300657,24.356586219134));
#7953 = CARTESIAN_POINT('',(-5.626217899629,23.434884123804));
#7954 = CARTESIAN_POINT('',(-6.287925029421,24.132177945935));
#7955 = CARTESIAN_POINT('',(-6.949632159213,24.829471768066));
#7956 = CARTESIAN_POINT('',(-6.014904430449,25.053880041266));
#7957 = ( GEOMETRIC_REPRESENTATION_CONTEXT(2) 
PARAMETRIC_REPRESENTATION_CONTEXT() REPRESENTATION_CONTEXT('2D SPACE',''
  ) );
#7958 = ORIENTED_EDGE('',*,*,#7886,.T.);
#7959 = ORIENTED_EDGE('',*,*,#4131,.T.);
#7960 = ADVANCED_FACE('',(#7961),#4119,.T.);
#7961 = FACE_BOUND('',#7962,.F.);
#7962 = EDGE_LOOP('',(#7963,#7964,#7965,#7989));
#7963 = ORIENTED_EDGE('',*,*,#4102,.F.);
#7964 = ORIENTED_EDGE('',*,*,#7910,.F.);
#7965 = ORIENTED_EDGE('',*,*,#7966,.T.);
#7966 = EDGE_CURVE('',#7911,#7967,#7969,.T.);
#7967 = VERTEX_POINT('',#7968);
#7968 = CARTESIAN_POINT('',(-7.260870656287,44.5,187.85742899256));
#7969 = SURFACE_CURVE('',#7970,(#7975,#7982),.PCURVE_S1.);
#7970 = CIRCLE('',#7971,25.210790894703);
#7971 = AXIS2_PLACEMENT_3D('',#7972,#7973,#7974);
#7972 = CARTESIAN_POINT('',(0.,44.5,212.));
#7973 = DIRECTION('',(-0.,1.,1.110223024625E-16));
#7974 = DIRECTION('',(1.,0.,0.));
#7975 = PCURVE('',#4119,#7976);
#7976 = DEFINITIONAL_REPRESENTATION('',(#7977),#7981);
#7977 = LINE('',#7978,#7979);
#7978 = CARTESIAN_POINT('',(-0.,-7.));
#7979 = VECTOR('',#7980,1.);
#7980 = DIRECTION('',(-1.,0.));
#7981 = ( GEOMETRIC_REPRESENTATION_CONTEXT(2) 
PARAMETRIC_REPRESENTATION_CONTEXT() REPRESENTATION_CONTEXT('2D SPACE',''
  ) );
#7982 = PCURVE('',#5586,#7983);
#7983 = DEFINITIONAL_REPRESENTATION('',(#7984),#7988);
#7984 = CIRCLE('',#7985,25.210790894703);
#7985 = AXIS2_PLACEMENT_2D('',#7986,#7987);
#7986 = CARTESIAN_POINT('',(2.412172678695E-15,0.));
#7987 = DIRECTION('',(1.,0.));
#7988 = ( GEOMETRIC_REPRESENTATION_CONTEXT(2) 
PARAMETRIC_REPRESENTATION_CONTEXT() REPRESENTATION_CONTEXT('2D SPACE',''
  ) );
#7989 = ORIENTED_EDGE('',*,*,#7990,.T.);
#7990 = EDGE_CURVE('',#7967,#4070,#7991,.T.);
#7991 = SURFACE_CURVE('',#7992,(#7996,#8003),.PCURVE_S1.);
#7992 = LINE('',#7993,#7994);
#7993 = CARTESIAN_POINT('',(-7.260870656287,37.5,187.85742899256));
#7994 = VECTOR('',#7995,1.);
#7995 = DIRECTION('',(-0.,-1.,-1.110223024625E-16));
#7996 = PCURVE('',#4119,#7997);
#7997 = DEFINITIONAL_REPRESENTATION('',(#7998),#8002);
#7998 = LINE('',#7999,#8000);
#7999 = CARTESIAN_POINT('',(-1.86294076485,0.));
#8000 = VECTOR('',#8001,1.);
#8001 = DIRECTION('',(-0.,1.));
#8002 = ( GEOMETRIC_REPRESENTATION_CONTEXT(2) 
PARAMETRIC_REPRESENTATION_CONTEXT() REPRESENTATION_CONTEXT('2D SPACE',''
  ) );
#8003 = PCURVE('',#4090,#8004);
#8004 = DEFINITIONAL_REPRESENTATION('',(#8005),#8009);
#8005 = LINE('',#8006,#8007);
#8006 = CARTESIAN_POINT('',(-4.701381566733,-0.1));
#8007 = VECTOR('',#8008,1.);
#8008 = DIRECTION('',(-0.,1.));
#8009 = ( GEOMETRIC_REPRESENTATION_CONTEXT(2) 
PARAMETRIC_REPRESENTATION_CONTEXT() REPRESENTATION_CONTEXT('2D SPACE',''
  ) );
#8010 = ADVANCED_FACE('',(#8011),#4090,.F.);
#8011 = FACE_BOUND('',#8012,.T.);
#8012 = EDGE_LOOP('',(#8013,#8036,#8062,#8063));
#8013 = ORIENTED_EDGE('',*,*,#8014,.F.);
#8014 = EDGE_CURVE('',#8015,#4041,#8017,.T.);
#8015 = VERTEX_POINT('',#8016);
#8016 = CARTESIAN_POINT('',(-8.316479435701,44.5,188.20041707651));
#8017 = SURFACE_CURVE('',#8018,(#8022,#8029),.PCURVE_S1.);
#8018 = LINE('',#8019,#8020);
#8019 = CARTESIAN_POINT('',(-8.316479435701,37.5,188.20041707651));
#8020 = VECTOR('',#8021,1.);
#8021 = DIRECTION('',(-0.,-1.,-1.110223024625E-16));
#8022 = PCURVE('',#4090,#8023);
#8023 = DEFINITIONAL_REPRESENTATION('',(#8024),#8028);
#8024 = LINE('',#8025,#8026);
#8025 = CARTESIAN_POINT('',(-1.581803740447,-0.1));
#8026 = VECTOR('',#8027,1.);
#8027 = DIRECTION('',(-0.,1.));
#8028 = ( GEOMETRIC_REPRESENTATION_CONTEXT(2) 
PARAMETRIC_REPRESENTATION_CONTEXT() REPRESENTATION_CONTEXT('2D SPACE',''
  ) );
#8029 = PCURVE('',#4057,#8030);
#8030 = DEFINITIONAL_REPRESENTATION('',(#8031),#8035);
#8031 = LINE('',#8032,#8033);
#8032 = CARTESIAN_POINT('',(-1.906970419458,0.));
#8033 = VECTOR('',#8034,1.);
#8034 = DIRECTION('',(-0.,1.));
#8035 = ( GEOMETRIC_REPRESENTATION_CONTEXT(2) 
PARAMETRIC_REPRESENTATION_CONTEXT() REPRESENTATION_CONTEXT('2D SPACE',''
  ) );
#8036 = ORIENTED_EDGE('',*,*,#8037,.F.);
#8037 = EDGE_CURVE('',#7967,#8015,#8038,.T.);
#8038 = SURFACE_CURVE('',#8039,(#8044,#8051),.PCURVE_S1.);
#8039 = CIRCLE('',#8040,0.555);
#8040 = AXIS2_PLACEMENT_3D('',#8041,#8042,#8043);
#8041 = CARTESIAN_POINT('',(-7.790562828096,44.5,188.02311303863));
#8042 = DIRECTION('',(0.,-1.,-1.110223024625E-16));
#8043 = DIRECTION('',(-0.309016994375,1.055884842111E-16,-0.951056516295
    ));
#8044 = PCURVE('',#4090,#8045);
#8045 = DEFINITIONAL_REPRESENTATION('',(#8046),#8050);
#8046 = LINE('',#8047,#8048);
#8047 = CARTESIAN_POINT('',(-6.28318530718,-7.1));
#8048 = VECTOR('',#8049,1.);
#8049 = DIRECTION('',(1.,-0.));
#8050 = ( GEOMETRIC_REPRESENTATION_CONTEXT(2) 
PARAMETRIC_REPRESENTATION_CONTEXT() REPRESENTATION_CONTEXT('2D SPACE',''
  ) );
#8051 = PCURVE('',#5586,#8052);
#8052 = DEFINITIONAL_REPRESENTATION('',(#8053),#8061);
#8053 = ( BOUNDED_CURVE() B_SPLINE_CURVE(2,(#8054,#8055,#8056,#8057,
#8058,#8059,#8060),.UNSPECIFIED.,.T.,.F.) B_SPLINE_CURVE_WITH_KNOTS((1,2
    ,2,2,2,1),(-2.094395102393,0.,2.094395102393,4.188790204786,
6.28318530718,8.377580409573),.UNSPECIFIED.) CURVE() 
GEOMETRIC_REPRESENTATION_ITEM() RATIONAL_B_SPLINE_CURVE((1.,0.5,1.,0.5,
1.,0.5,1.)) REPRESENTATION_ITEM('') );
#8054 = CARTESIAN_POINT('',(-7.962067259975,24.504723327906));
#8055 = CARTESIAN_POINT('',(-7.047827855038,24.801777717642));
#8056 = CARTESIAN_POINT('',(-7.247690909689,23.861495972958));
#8057 = CARTESIAN_POINT('',(-7.44755396434,22.921214228274));
#8058 = CARTESIAN_POINT('',(-8.161930314626,23.564441583222));
#8059 = CARTESIAN_POINT('',(-8.876306664911,24.20766893817));
#8060 = CARTESIAN_POINT('',(-7.962067259975,24.504723327906));
#8061 = ( GEOMETRIC_REPRESENTATION_CONTEXT(2) 
PARAMETRIC_REPRESENTATION_CONTEXT() REPRESENTATION_CONTEXT('2D SPACE',''
  ) );
#8062 = ORIENTED_EDGE('',*,*,#7990,.T.);
#8063 = ORIENTED_EDGE('',*,*,#4069,.T.);
#8064 = ADVANCED_FACE('',(#8065),#4057,.T.);
#8065 = FACE_BOUND('',#8066,.F.);
#8066 = EDGE_LOOP('',(#8067,#8068,#8069,#8093));
#8067 = ORIENTED_EDGE('',*,*,#4040,.F.);
#8068 = ORIENTED_EDGE('',*,*,#8014,.F.);
#8069 = ORIENTED_EDGE('',*,*,#8070,.T.);
#8070 = EDGE_CURVE('',#8015,#8071,#8073,.T.);
#8071 = VERTEX_POINT('',#8072);
#8072 = CARTESIAN_POINT('',(-9.132692105035,44.5,188.50153382769));
#8073 = SURFACE_CURVE('',#8074,(#8079,#8086),.PCURVE_S1.);
#8074 = CIRCLE('',#8075,25.210790894703);
#8075 = AXIS2_PLACEMENT_3D('',#8076,#8077,#8078);
#8076 = CARTESIAN_POINT('',(0.,44.5,212.));
#8077 = DIRECTION('',(-0.,1.,1.110223024625E-16));
#8078 = DIRECTION('',(1.,0.,0.));
#8079 = PCURVE('',#4057,#8080);
#8080 = DEFINITIONAL_REPRESENTATION('',(#8081),#8085);
#8081 = LINE('',#8082,#8083);
#8082 = CARTESIAN_POINT('',(-0.,-7.));
#8083 = VECTOR('',#8084,1.);
#8084 = DIRECTION('',(-1.,0.));
#8085 = ( GEOMETRIC_REPRESENTATION_CONTEXT(2) 
PARAMETRIC_REPRESENTATION_CONTEXT() REPRESENTATION_CONTEXT('2D SPACE',''
  ) );
#8086 = PCURVE('',#5586,#8087);
#8087 = DEFINITIONAL_REPRESENTATION('',(#8088),#8092);
#8088 = CIRCLE('',#8089,25.210790894703);
#8089 = AXIS2_PLACEMENT_2D('',#8090,#8091);
#8090 = CARTESIAN_POINT('',(2.412172678695E-15,0.));
#8091 = DIRECTION('',(1.,0.));
#8092 = ( GEOMETRIC_REPRESENTATION_CONTEXT(2) 
PARAMETRIC_REPRESENTATION_CONTEXT() REPRESENTATION_CONTEXT('2D SPACE',''
  ) );
#8093 = ORIENTED_EDGE('',*,*,#8094,.T.);
#8094 = EDGE_CURVE('',#8071,#4008,#8095,.T.);
#8095 = SURFACE_CURVE('',#8096,(#8100,#8107),.PCURVE_S1.);
#8096 = LINE('',#8097,#8098);
#8097 = CARTESIAN_POINT('',(-9.132692105035,37.5,188.50153382769));
#8098 = VECTOR('',#8099,1.);
#8099 = DIRECTION('',(-0.,-1.,-1.110223024625E-16));
#8100 = PCURVE('',#4057,#8101);
#8101 = DEFINITIONAL_REPRESENTATION('',(#8102),#8106);
#8102 = LINE('',#8103,#8104);
#8103 = CARTESIAN_POINT('',(-1.941480581189,0.));
#8104 = VECTOR('',#8105,1.);
#8105 = DIRECTION('',(-0.,1.));
#8106 = ( GEOMETRIC_REPRESENTATION_CONTEXT(2) 
PARAMETRIC_REPRESENTATION_CONTEXT() REPRESENTATION_CONTEXT('2D SPACE',''
  ) );
#8107 = PCURVE('',#4028,#8108);
#8108 = DEFINITIONAL_REPRESENTATION('',(#8109),#8113);
#8109 = LINE('',#8110,#8111);
#8110 = CARTESIAN_POINT('',(-4.701381566733,-0.1));
#8111 = VECTOR('',#8112,1.);
#8112 = DIRECTION('',(-0.,1.));
#8113 = ( GEOMETRIC_REPRESENTATION_CONTEXT(2) 
PARAMETRIC_REPRESENTATION_CONTEXT() REPRESENTATION_CONTEXT('2D SPACE',''
  ) );
#8114 = ADVANCED_FACE('',(#8115),#4028,.F.);
#8115 = FACE_BOUND('',#8116,.T.);
#8116 = EDGE_LOOP('',(#8117,#8140,#8166,#8167));
#8117 = ORIENTED_EDGE('',*,*,#8118,.F.);
#8118 = EDGE_CURVE('',#8119,#3979,#8121,.T.);
#8119 = VERTEX_POINT('',#8120);
#8120 = CARTESIAN_POINT('',(-10.15813625996,44.5,188.92628670411));
#8121 = SURFACE_CURVE('',#8122,(#8126,#8133),.PCURVE_S1.);
#8122 = LINE('',#8123,#8124);
#8123 = CARTESIAN_POINT('',(-10.15813625996,37.5,188.92628670411));
#8124 = VECTOR('',#8125,1.);
#8125 = DIRECTION('',(-0.,-1.,-1.110223024625E-16));
#8126 = PCURVE('',#4028,#8127);
#8127 = DEFINITIONAL_REPRESENTATION('',(#8128),#8132);
#8128 = LINE('',#8129,#8130);
#8129 = CARTESIAN_POINT('',(-1.581803740447,-0.1));
#8130 = VECTOR('',#8131,1.);
#8131 = DIRECTION('',(-0.,1.));
#8132 = ( GEOMETRIC_REPRESENTATION_CONTEXT(2) 
PARAMETRIC_REPRESENTATION_CONTEXT() REPRESENTATION_CONTEXT('2D SPACE',''
  ) );
#8133 = PCURVE('',#3995,#8134);
#8134 = DEFINITIONAL_REPRESENTATION('',(#8135),#8139);
#8135 = LINE('',#8136,#8137);
#8136 = CARTESIAN_POINT('',(-1.985510235798,0.));
#8137 = VECTOR('',#8138,1.);
#8138 = DIRECTION('',(-0.,1.));
#8139 = ( GEOMETRIC_REPRESENTATION_CONTEXT(2) 
PARAMETRIC_REPRESENTATION_CONTEXT() REPRESENTATION_CONTEXT('2D SPACE',''
  ) );
#8140 = ORIENTED_EDGE('',*,*,#8141,.F.);
#8141 = EDGE_CURVE('',#8071,#8119,#8142,.T.);
#8142 = SURFACE_CURVE('',#8143,(#8148,#8155),.PCURVE_S1.);
#8143 = CIRCLE('',#8144,0.555);
#8144 = AXIS2_PLACEMENT_3D('',#8145,#8146,#8147);
#8145 = CARTESIAN_POINT('',(-9.647751992224,44.5,188.70826629396));
#8146 = DIRECTION('',(0.,-1.,-1.110223024625E-16));
#8147 = DIRECTION('',(-0.382683432365,1.025712328974E-16,-0.923879532511
    ));
#8148 = PCURVE('',#4028,#8149);
#8149 = DEFINITIONAL_REPRESENTATION('',(#8150),#8154);
#8150 = LINE('',#8151,#8152);
#8151 = CARTESIAN_POINT('',(-6.28318530718,-7.1));
#8152 = VECTOR('',#8153,1.);
#8153 = DIRECTION('',(1.,-0.));
#8154 = ( GEOMETRIC_REPRESENTATION_CONTEXT(2) 
PARAMETRIC_REPRESENTATION_CONTEXT() REPRESENTATION_CONTEXT('2D SPACE',''
  ) );
#8155 = PCURVE('',#5586,#8156);
#8156 = DEFINITIONAL_REPRESENTATION('',(#8157),#8165);
#8157 = ( BOUNDED_CURVE() B_SPLINE_CURVE(2,(#8158,#8159,#8160,#8161,
#8162,#8163,#8164),.UNSPECIFIED.,.T.,.F.) B_SPLINE_CURVE_WITH_KNOTS((1,2
    ,2,2,2,1),(-2.094395102393,0.,2.094395102393,4.188790204786,
6.28318530718,8.377580409573),.UNSPECIFIED.) CURVE() 
GEOMETRIC_REPRESENTATION_ITEM() RATIONAL_B_SPLINE_CURVE((1.,0.5,1.,0.5,
1.,0.5,1.)) REPRESENTATION_ITEM('') );
#8158 = CARTESIAN_POINT('',(-9.860141297186,23.804486846582));
#8159 = CARTESIAN_POINT('',(-8.972026806024,24.172355913762));
#8160 = CARTESIAN_POINT('',(-9.097500094161,23.219291669356));
#8161 = CARTESIAN_POINT('',(-9.222973382298,22.266227424951));
#8162 = CARTESIAN_POINT('',(-9.985614585323,22.851422602177));
#8163 = CARTESIAN_POINT('',(-10.74825578834,23.436617779403));
#8164 = CARTESIAN_POINT('',(-9.860141297186,23.804486846582));
#8165 = ( GEOMETRIC_REPRESENTATION_CONTEXT(2) 
PARAMETRIC_REPRESENTATION_CONTEXT() REPRESENTATION_CONTEXT('2D SPACE',''
  ) );
#8166 = ORIENTED_EDGE('',*,*,#8094,.T.);
#8167 = ORIENTED_EDGE('',*,*,#4007,.T.);
#8168 = ADVANCED_FACE('',(#8169),#3995,.T.);
#8169 = FACE_BOUND('',#8170,.F.);
#8170 = EDGE_LOOP('',(#8171,#8172,#8173,#8197));
#8171 = ORIENTED_EDGE('',*,*,#3978,.F.);
#8172 = ORIENTED_EDGE('',*,*,#8118,.F.);
#8173 = ORIENTED_EDGE('',*,*,#8174,.T.);
#8174 = EDGE_CURVE('',#8119,#8175,#8177,.T.);
#8175 = VERTEX_POINT('',#8176);
#8176 = CARTESIAN_POINT('',(-10.94820747002,44.5,189.2905145208));
#8177 = SURFACE_CURVE('',#8178,(#8183,#8190),.PCURVE_S1.);
#8178 = CIRCLE('',#8179,25.210790894703);
#8179 = AXIS2_PLACEMENT_3D('',#8180,#8181,#8182);
#8180 = CARTESIAN_POINT('',(0.,44.5,212.));
#8181 = DIRECTION('',(-0.,1.,1.110223024625E-16));
#8182 = DIRECTION('',(1.,0.,0.));
#8183 = PCURVE('',#3995,#8184);
#8184 = DEFINITIONAL_REPRESENTATION('',(#8185),#8189);
#8185 = LINE('',#8186,#8187);
#8186 = CARTESIAN_POINT('',(-0.,-7.));
#8187 = VECTOR('',#8188,1.);
#8188 = DIRECTION('',(-1.,0.));
#8189 = ( GEOMETRIC_REPRESENTATION_CONTEXT(2) 
PARAMETRIC_REPRESENTATION_CONTEXT() REPRESENTATION_CONTEXT('2D SPACE',''
  ) );
#8190 = PCURVE('',#5586,#8191);
#8191 = DEFINITIONAL_REPRESENTATION('',(#8192),#8196);
#8192 = CIRCLE('',#8193,25.210790894703);
#8193 = AXIS2_PLACEMENT_2D('',#8194,#8195);
#8194 = CARTESIAN_POINT('',(2.412172678695E-15,0.));
#8195 = DIRECTION('',(1.,0.));
#8196 = ( GEOMETRIC_REPRESENTATION_CONTEXT(2) 
PARAMETRIC_REPRESENTATION_CONTEXT() REPRESENTATION_CONTEXT('2D SPACE',''
  ) );
#8197 = ORIENTED_EDGE('',*,*,#8198,.T.);
#8198 = EDGE_CURVE('',#8175,#3946,#8199,.T.);
#8199 = SURFACE_CURVE('',#8200,(#8204,#8211),.PCURVE_S1.);
#8200 = LINE('',#8201,#8202);
#8201 = CARTESIAN_POINT('',(-10.94820747002,37.5,189.2905145208));
#8202 = VECTOR('',#8203,1.);
#8203 = DIRECTION('',(-0.,-1.,-1.110223024625E-16));
#8204 = PCURVE('',#3995,#8205);
#8205 = DEFINITIONAL_REPRESENTATION('',(#8206),#8210);
#8206 = LINE('',#8207,#8208);
#8207 = CARTESIAN_POINT('',(-2.020020397529,0.));
#8208 = VECTOR('',#8209,1.);
#8209 = DIRECTION('',(-0.,1.));
#8210 = ( GEOMETRIC_REPRESENTATION_CONTEXT(2) 
PARAMETRIC_REPRESENTATION_CONTEXT() REPRESENTATION_CONTEXT('2D SPACE',''
  ) );
#8211 = PCURVE('',#3966,#8212);
#8212 = DEFINITIONAL_REPRESENTATION('',(#8213),#8217);
#8213 = LINE('',#8214,#8215);
#8214 = CARTESIAN_POINT('',(-4.701381566733,-0.1));
#8215 = VECTOR('',#8216,1.);
#8216 = DIRECTION('',(-0.,1.));
#8217 = ( GEOMETRIC_REPRESENTATION_CONTEXT(2) 
PARAMETRIC_REPRESENTATION_CONTEXT() REPRESENTATION_CONTEXT('2D SPACE',''
  ) );
#8218 = ADVANCED_FACE('',(#8219),#3966,.F.);
#8219 = FACE_BOUND('',#8220,.T.);
#8220 = EDGE_LOOP('',(#8221,#8244,#8270,#8271));
#8221 = ORIENTED_EDGE('',*,*,#8222,.F.);
#8222 = EDGE_CURVE('',#8223,#3917,#8225,.T.);
#8223 = VERTEX_POINT('',#8224);
#8224 = CARTESIAN_POINT('',(-11.93716479625,44.5,189.79441344698));
#8225 = SURFACE_CURVE('',#8226,(#8230,#8237),.PCURVE_S1.);
#8226 = LINE('',#8227,#8228);
#8227 = CARTESIAN_POINT('',(-11.93716479625,37.5,189.79441344698));
#8228 = VECTOR('',#8229,1.);
#8229 = DIRECTION('',(-0.,-1.,-1.110223024625E-16));
#8230 = PCURVE('',#3966,#8231);
#8231 = DEFINITIONAL_REPRESENTATION('',(#8232),#8236);
#8232 = LINE('',#8233,#8234);
#8233 = CARTESIAN_POINT('',(-1.581803740447,-0.1));
#8234 = VECTOR('',#8235,1.);
#8235 = DIRECTION('',(-0.,1.));
#8236 = ( GEOMETRIC_REPRESENTATION_CONTEXT(2) 
PARAMETRIC_REPRESENTATION_CONTEXT() REPRESENTATION_CONTEXT('2D SPACE',''
  ) );
#8237 = PCURVE('',#3933,#8238);
#8238 = DEFINITIONAL_REPRESENTATION('',(#8239),#8243);
#8239 = LINE('',#8240,#8241);
#8240 = CARTESIAN_POINT('',(-2.064050052138,0.));
#8241 = VECTOR('',#8242,1.);
#8242 = DIRECTION('',(-0.,1.));
#8243 = ( GEOMETRIC_REPRESENTATION_CONTEXT(2) 
PARAMETRIC_REPRESENTATION_CONTEXT() REPRESENTATION_CONTEXT('2D SPACE',''
  ) );
#8244 = ORIENTED_EDGE('',*,*,#8245,.F.);
#8245 = EDGE_CURVE('',#8175,#8223,#8246,.T.);
#8246 = SURFACE_CURVE('',#8247,(#8252,#8259),.PCURVE_S1.);
#8247 = CIRCLE('',#8248,0.555);
#8248 = AXIS2_PLACEMENT_3D('',#8249,#8250,#8251);
#8249 = CARTESIAN_POINT('',(-11.44545955711,44.5,189.53702083287));
#8250 = DIRECTION('',(0.,-1.,-1.110223024625E-16));
#8251 = DIRECTION('',(-0.45399049974,9.892159582452E-17,-0.891006524188)
  );
#8252 = PCURVE('',#3966,#8253);
#8253 = DEFINITIONAL_REPRESENTATION('',(#8254),#8258);
#8254 = LINE('',#8255,#8256);
#8255 = CARTESIAN_POINT('',(-6.28318530718,-7.1));
#8256 = VECTOR('',#8257,1.);
#8257 = DIRECTION('',(1.,-0.));
#8258 = ( GEOMETRIC_REPRESENTATION_CONTEXT(2) 
PARAMETRIC_REPRESENTATION_CONTEXT() REPRESENTATION_CONTEXT('2D SPACE',''
  ) );
#8259 = PCURVE('',#5586,#8260);
#8260 = DEFINITIONAL_REPRESENTATION('',(#8261),#8269);
#8261 = ( BOUNDED_CURVE() B_SPLINE_CURVE(2,(#8262,#8263,#8264,#8265,
#8266,#8267,#8268),.UNSPECIFIED.,.T.,.F.) B_SPLINE_CURVE_WITH_KNOTS((1,2
    ,2,2,2,1),(-2.094395102393,0.,2.094395102393,4.188790204786,
6.28318530718,8.377580409573),.UNSPECIFIED.) CURVE() 
GEOMETRIC_REPRESENTATION_ITEM() RATIONAL_B_SPLINE_CURVE((1.,0.5,1.,0.5,
1.,0.5,1.)) REPRESENTATION_ITEM('') );
#8262 = CARTESIAN_POINT('',(-11.69742428447,22.957487788054));
#8263 = CARTESIAN_POINT('',(-10.84091022824,23.393903497549));
#8264 = CARTESIAN_POINT('',(-10.89122016532,22.433932711414));
#8265 = CARTESIAN_POINT('',(-10.9415301024,21.47396192528));
#8266 = CARTESIAN_POINT('',(-11.74773422154,21.99751700192));
#8267 = CARTESIAN_POINT('',(-12.55393834069,22.521072078559));
#8268 = CARTESIAN_POINT('',(-11.69742428447,22.957487788054));
#8269 = ( GEOMETRIC_REPRESENTATION_CONTEXT(2) 
PARAMETRIC_REPRESENTATION_CONTEXT() REPRESENTATION_CONTEXT('2D SPACE',''
  ) );
#8270 = ORIENTED_EDGE('',*,*,#8198,.T.);
#8271 = ORIENTED_EDGE('',*,*,#3945,.T.);
#8272 = ADVANCED_FACE('',(#8273),#3933,.T.);
#8273 = FACE_BOUND('',#8274,.F.);
#8274 = EDGE_LOOP('',(#8275,#8276,#8277,#8301));
#8275 = ORIENTED_EDGE('',*,*,#3916,.F.);
#8276 = ORIENTED_EDGE('',*,*,#8222,.F.);
#8277 = ORIENTED_EDGE('',*,*,#8278,.T.);
#8278 = EDGE_CURVE('',#8223,#8279,#8281,.T.);
#8279 = VERTEX_POINT('',#8280);
#8280 = CARTESIAN_POINT('',(-12.69622349532,44.5,190.21950674357));
#8281 = SURFACE_CURVE('',#8282,(#8287,#8294),.PCURVE_S1.);
#8282 = CIRCLE('',#8283,25.210790894703);
#8283 = AXIS2_PLACEMENT_3D('',#8284,#8285,#8286);
#8284 = CARTESIAN_POINT('',(0.,44.5,212.));
#8285 = DIRECTION('',(-0.,1.,1.110223024625E-16));
#8286 = DIRECTION('',(1.,0.,0.));
#8287 = PCURVE('',#3933,#8288);
#8288 = DEFINITIONAL_REPRESENTATION('',(#8289),#8293);
#8289 = LINE('',#8290,#8291);
#8290 = CARTESIAN_POINT('',(-0.,-7.));
#8291 = VECTOR('',#8292,1.);
#8292 = DIRECTION('',(-1.,0.));
#8293 = ( GEOMETRIC_REPRESENTATION_CONTEXT(2) 
PARAMETRIC_REPRESENTATION_CONTEXT() REPRESENTATION_CONTEXT('2D SPACE',''
  ) );
#8294 = PCURVE('',#5586,#8295);
#8295 = DEFINITIONAL_REPRESENTATION('',(#8296),#8300);
#8296 = CIRCLE('',#8297,25.210790894703);
#8297 = AXIS2_PLACEMENT_2D('',#8298,#8299);
#8298 = CARTESIAN_POINT('',(2.412172678695E-15,0.));
#8299 = DIRECTION('',(1.,0.));
#8300 = ( GEOMETRIC_REPRESENTATION_CONTEXT(2) 
PARAMETRIC_REPRESENTATION_CONTEXT() REPRESENTATION_CONTEXT('2D SPACE',''
  ) );
#8301 = ORIENTED_EDGE('',*,*,#8302,.T.);
#8302 = EDGE_CURVE('',#8279,#3884,#8303,.T.);
#8303 = SURFACE_CURVE('',#8304,(#8308,#8315),.PCURVE_S1.);
#8304 = LINE('',#8305,#8306);
#8305 = CARTESIAN_POINT('',(-12.69622349532,37.5,190.21950674357));
#8306 = VECTOR('',#8307,1.);
#8307 = DIRECTION('',(-0.,-1.,-1.110223024625E-16));
#8308 = PCURVE('',#3933,#8309);
#8309 = DEFINITIONAL_REPRESENTATION('',(#8310),#8314);
#8310 = LINE('',#8311,#8312);
#8311 = CARTESIAN_POINT('',(-2.098560213869,0.));
#8312 = VECTOR('',#8313,1.);
#8313 = DIRECTION('',(-0.,1.));
#8314 = ( GEOMETRIC_REPRESENTATION_CONTEXT(2) 
PARAMETRIC_REPRESENTATION_CONTEXT() REPRESENTATION_CONTEXT('2D SPACE',''
  ) );
#8315 = PCURVE('',#3904,#8316);
#8316 = DEFINITIONAL_REPRESENTATION('',(#8317),#8321);
#8317 = LINE('',#8318,#8319);
#8318 = CARTESIAN_POINT('',(-4.701381566733,-0.1));
#8319 = VECTOR('',#8320,1.);
#8320 = DIRECTION('',(-0.,1.));
#8321 = ( GEOMETRIC_REPRESENTATION_CONTEXT(2) 
PARAMETRIC_REPRESENTATION_CONTEXT() REPRESENTATION_CONTEXT('2D SPACE',''
  ) );
#8322 = ADVANCED_FACE('',(#8323),#3904,.F.);
#8323 = FACE_BOUND('',#8324,.T.);
#8324 = EDGE_LOOP('',(#8325,#8348,#8374,#8375));
#8325 = ORIENTED_EDGE('',*,*,#8326,.F.);
#8326 = EDGE_CURVE('',#8327,#3855,#8329,.T.);
#8327 = VERTEX_POINT('',#8328);
#8328 = CARTESIAN_POINT('',(-13.64259674207,44.5,190.79944501505));
#8329 = SURFACE_CURVE('',#8330,(#8334,#8341),.PCURVE_S1.);
#8330 = LINE('',#8331,#8332);
#8331 = CARTESIAN_POINT('',(-13.64259674207,37.5,190.79944501505));
#8332 = VECTOR('',#8333,1.);
#8333 = DIRECTION('',(-0.,-1.,-1.110223024625E-16));
#8334 = PCURVE('',#3904,#8335);
#8335 = DEFINITIONAL_REPRESENTATION('',(#8336),#8340);
#8336 = LINE('',#8337,#8338);
#8337 = CARTESIAN_POINT('',(-1.581803740447,-0.1));
#8338 = VECTOR('',#8339,1.);
#8339 = DIRECTION('',(-0.,1.));
#8340 = ( GEOMETRIC_REPRESENTATION_CONTEXT(2) 
PARAMETRIC_REPRESENTATION_CONTEXT() REPRESENTATION_CONTEXT('2D SPACE',''
  ) );
#8341 = PCURVE('',#3871,#8342);
#8342 = DEFINITIONAL_REPRESENTATION('',(#8343),#8347);
#8343 = LINE('',#8344,#8345);
#8344 = CARTESIAN_POINT('',(-2.142589868477,0.));
#8345 = VECTOR('',#8346,1.);
#8346 = DIRECTION('',(-0.,1.));
#8347 = ( GEOMETRIC_REPRESENTATION_CONTEXT(2) 
PARAMETRIC_REPRESENTATION_CONTEXT() REPRESENTATION_CONTEXT('2D SPACE',''
  ) );
#8348 = ORIENTED_EDGE('',*,*,#8349,.F.);
#8349 = EDGE_CURVE('',#8279,#8327,#8350,.T.);
#8350 = SURFACE_CURVE('',#8351,(#8356,#8363),.PCURVE_S1.);
#8351 = CIRCLE('',#8352,0.555);
#8352 = AXIS2_PLACEMENT_3D('',#8353,#8354,#8355);
#8353 = CARTESIAN_POINT('',(-13.17260205783,44.5,190.50426710804));
#8354 = DIRECTION('',(0.,-1.,-1.110223024625E-16));
#8355 = DIRECTION('',(-0.522498564716,9.466207421861E-17,-0.852640164354
    ));
#8356 = PCURVE('',#3904,#8357);
#8357 = DEFINITIONAL_REPRESENTATION('',(#8358),#8362);
#8358 = LINE('',#8359,#8360);
#8359 = CARTESIAN_POINT('',(-6.28318530718,-7.1));
#8360 = VECTOR('',#8361,1.);
#8361 = DIRECTION('',(1.,-0.));
#8362 = ( GEOMETRIC_REPRESENTATION_CONTEXT(2) 
PARAMETRIC_REPRESENTATION_CONTEXT() REPRESENTATION_CONTEXT('2D SPACE',''
  ) );
#8363 = PCURVE('',#5586,#8364);
#8364 = DEFINITIONAL_REPRESENTATION('',(#8365),#8373);
#8365 = ( BOUNDED_CURVE() B_SPLINE_CURVE(2,(#8366,#8367,#8368,#8369,
#8370,#8371,#8372),.UNSPECIFIED.,.T.,.F.) B_SPLINE_CURVE_WITH_KNOTS((1,2
    ,2,2,2,1),(-2.094395102393,0.,2.094395102393,4.188790204786,
6.28318530718,8.377580409573),.UNSPECIFIED.) CURVE() 
GEOMETRIC_REPRESENTATION_ITEM() RATIONAL_B_SPLINE_CURVE((1.,0.5,1.,0.5,
1.,0.5,1.)) REPRESENTATION_ITEM('') );
#8366 = CARTESIAN_POINT('',(-13.46258876125,21.968948183173));
#8367 = CARTESIAN_POINT('',(-12.64295583394,22.471219887011));
#8368 = CARTESIAN_POINT('',(-12.61779224247,21.510261098267));
#8369 = CARTESIAN_POINT('',(-12.592628651,20.549302309523));
#8370 = CARTESIAN_POINT('',(-13.43742516978,21.007989394429));
#8371 = CARTESIAN_POINT('',(-14.28222168855,21.466676479335));
#8372 = CARTESIAN_POINT('',(-13.46258876125,21.968948183173));
#8373 = ( GEOMETRIC_REPRESENTATION_CONTEXT(2) 
PARAMETRIC_REPRESENTATION_CONTEXT() REPRESENTATION_CONTEXT('2D SPACE',''
  ) );
#8374 = ORIENTED_EDGE('',*,*,#8302,.T.);
#8375 = ORIENTED_EDGE('',*,*,#3883,.T.);
#8376 = ADVANCED_FACE('',(#8377),#3871,.T.);
#8377 = FACE_BOUND('',#8378,.F.);
#8378 = EDGE_LOOP('',(#8379,#8380,#8381,#8405));
#8379 = ORIENTED_EDGE('',*,*,#3854,.F.);
#8380 = ORIENTED_EDGE('',*,*,#8326,.F.);
#8381 = ORIENTED_EDGE('',*,*,#8382,.T.);
#8382 = EDGE_CURVE('',#8327,#8383,#8385,.T.);
#8383 = VERTEX_POINT('',#8384);
#8384 = CARTESIAN_POINT('',(-14.36596308084,44.5,191.28278295001));
#8385 = SURFACE_CURVE('',#8386,(#8391,#8398),.PCURVE_S1.);
#8386 = CIRCLE('',#8387,25.210790894703);
#8387 = AXIS2_PLACEMENT_3D('',#8388,#8389,#8390);
#8388 = CARTESIAN_POINT('',(0.,44.5,212.));
#8389 = DIRECTION('',(-0.,1.,1.110223024625E-16));
#8390 = DIRECTION('',(1.,0.,0.));
#8391 = PCURVE('',#3871,#8392);
#8392 = DEFINITIONAL_REPRESENTATION('',(#8393),#8397);
#8393 = LINE('',#8394,#8395);
#8394 = CARTESIAN_POINT('',(-0.,-7.));
#8395 = VECTOR('',#8396,1.);
#8396 = DIRECTION('',(-1.,0.));
#8397 = ( GEOMETRIC_REPRESENTATION_CONTEXT(2) 
PARAMETRIC_REPRESENTATION_CONTEXT() REPRESENTATION_CONTEXT('2D SPACE',''
  ) );
#8398 = PCURVE('',#5586,#8399);
#8399 = DEFINITIONAL_REPRESENTATION('',(#8400),#8404);
#8400 = CIRCLE('',#8401,25.210790894703);
#8401 = AXIS2_PLACEMENT_2D('',#8402,#8403);
#8402 = CARTESIAN_POINT('',(2.412172678695E-15,0.));
#8403 = DIRECTION('',(1.,0.));
#8404 = ( GEOMETRIC_REPRESENTATION_CONTEXT(2) 
PARAMETRIC_REPRESENTATION_CONTEXT() REPRESENTATION_CONTEXT('2D SPACE',''
  ) );
#8405 = ORIENTED_EDGE('',*,*,#8406,.T.);
#8406 = EDGE_CURVE('',#8383,#3822,#8407,.T.);
#8407 = SURFACE_CURVE('',#8408,(#8412,#8419),.PCURVE_S1.);
#8408 = LINE('',#8409,#8410);
#8409 = CARTESIAN_POINT('',(-14.36596308084,37.5,191.28278295001));
#8410 = VECTOR('',#8411,1.);
#8411 = DIRECTION('',(-0.,-1.,-1.110223024625E-16));
#8412 = PCURVE('',#3871,#8413);
#8413 = DEFINITIONAL_REPRESENTATION('',(#8414),#8418);
#8414 = LINE('',#8415,#8416);
#8415 = CARTESIAN_POINT('',(-2.177100030209,0.));
#8416 = VECTOR('',#8417,1.);
#8417 = DIRECTION('',(-0.,1.));
#8418 = ( GEOMETRIC_REPRESENTATION_CONTEXT(2) 
PARAMETRIC_REPRESENTATION_CONTEXT() REPRESENTATION_CONTEXT('2D SPACE',''
  ) );
#8419 = PCURVE('',#3842,#8420);
#8420 = DEFINITIONAL_REPRESENTATION('',(#8421),#8425);
#8421 = LINE('',#8422,#8423);
#8422 = CARTESIAN_POINT('',(-4.701381566733,-0.1));
#8423 = VECTOR('',#8424,1.);
#8424 = DIRECTION('',(-0.,1.));
#8425 = ( GEOMETRIC_REPRESENTATION_CONTEXT(2) 
PARAMETRIC_REPRESENTATION_CONTEXT() REPRESENTATION_CONTEXT('2D SPACE',''
  ) );
#8426 = ADVANCED_FACE('',(#8427),#3842,.F.);
#8427 = FACE_BOUND('',#8428,.T.);
#8428 = EDGE_LOOP('',(#8429,#8452,#8478,#8479));
#8429 = ORIENTED_EDGE('',*,*,#8430,.F.);
#8430 = EDGE_CURVE('',#8431,#3793,#8433,.T.);
#8431 = VERTEX_POINT('',#8432);
#8432 = CARTESIAN_POINT('',(-15.26391754235,44.5,191.93518505451));
#8433 = SURFACE_CURVE('',#8434,(#8438,#8445),.PCURVE_S1.);
#8434 = LINE('',#8435,#8436);
#8435 = CARTESIAN_POINT('',(-15.26391754235,37.5,191.93518505451));
#8436 = VECTOR('',#8437,1.);
#8437 = DIRECTION('',(-0.,-1.,-1.110223024625E-16));
#8438 = PCURVE('',#3842,#8439);
#8439 = DEFINITIONAL_REPRESENTATION('',(#8440),#8444);
#8440 = LINE('',#8441,#8442);
#8441 = CARTESIAN_POINT('',(-1.581803740447,-0.1));
#8442 = VECTOR('',#8443,1.);
#8443 = DIRECTION('',(-0.,1.));
#8444 = ( GEOMETRIC_REPRESENTATION_CONTEXT(2) 
PARAMETRIC_REPRESENTATION_CONTEXT() REPRESENTATION_CONTEXT('2D SPACE',''
  ) );
#8445 = PCURVE('',#3809,#8446);
#8446 = DEFINITIONAL_REPRESENTATION('',(#8447),#8451);
#8447 = LINE('',#8448,#8449);
#8448 = CARTESIAN_POINT('',(-2.221129684817,0.));
#8449 = VECTOR('',#8450,1.);
#8450 = DIRECTION('',(-0.,1.));
#8451 = ( GEOMETRIC_REPRESENTATION_CONTEXT(2) 
PARAMETRIC_REPRESENTATION_CONTEXT() REPRESENTATION_CONTEXT('2D SPACE',''
  ) );
#8452 = ORIENTED_EDGE('',*,*,#8453,.F.);
#8453 = EDGE_CURVE('',#8383,#8431,#8454,.T.);
#8454 = SURFACE_CURVE('',#8455,(#8460,#8467),.PCURVE_S1.);
#8455 = CIRCLE('',#8456,0.555);
#8456 = AXIS2_PLACEMENT_3D('',#8457,#8458,#8459);
#8457 = CARTESIAN_POINT('',(-14.81853108653,44.5,191.60404172455));
#8458 = DIRECTION('',(0.,-1.,-1.110223024625E-16));
#8459 = DIRECTION('',(-0.587785252292,8.981892944681E-17,-0.809016994375
    ));
#8460 = PCURVE('',#3842,#8461);
#8461 = DEFINITIONAL_REPRESENTATION('',(#8462),#8466);
#8462 = LINE('',#8463,#8464);
#8463 = CARTESIAN_POINT('',(-6.28318530718,-7.1));
#8464 = VECTOR('',#8465,1.);
#8465 = DIRECTION('',(1.,-0.));
#8466 = ( GEOMETRIC_REPRESENTATION_CONTEXT(2) 
PARAMETRIC_REPRESENTATION_CONTEXT() REPRESENTATION_CONTEXT('2D SPACE',''
  ) );
#8467 = PCURVE('',#5586,#8468);
#8468 = DEFINITIONAL_REPRESENTATION('',(#8469),#8477);
#8469 = ( BOUNDED_CURVE() B_SPLINE_CURVE(2,(#8470,#8471,#8472,#8473,
#8474,#8475,#8476),.UNSPECIFIED.,.T.,.F.) B_SPLINE_CURVE_WITH_KNOTS((1,2
    ,2,2,2,1),(-2.094395102393,0.,2.094395102393,4.188790204786,
6.28318530718,8.377580409573),.UNSPECIFIED.) CURVE() 
GEOMETRIC_REPRESENTATION_ITEM() RATIONAL_B_SPLINE_CURVE((1.,0.5,1.,0.5,
1.,0.5,1.)) REPRESENTATION_ITEM('') );
#8470 = CARTESIAN_POINT('',(-15.14475190155,20.844962707326));
#8471 = CARTESIAN_POINT('',(-14.36705341272,21.409993733431));
#8472 = CARTESIAN_POINT('',(-14.2665714346,20.453971572562));
#8473 = CARTESIAN_POINT('',(-14.16608945649,19.497949411692));
#8474 = CARTESIAN_POINT('',(-15.04426992344,19.888940546456));
#8475 = CARTESIAN_POINT('',(-15.92245039039,20.279931681221));
#8476 = CARTESIAN_POINT('',(-15.14475190155,20.844962707326));
#8477 = ( GEOMETRIC_REPRESENTATION_CONTEXT(2) 
PARAMETRIC_REPRESENTATION_CONTEXT() REPRESENTATION_CONTEXT('2D SPACE',''
  ) );
#8478 = ORIENTED_EDGE('',*,*,#8406,.T.);
#8479 = ORIENTED_EDGE('',*,*,#3821,.T.);
#8480 = ADVANCED_FACE('',(#8481),#3809,.T.);
#8481 = FACE_BOUND('',#8482,.F.);
#8482 = EDGE_LOOP('',(#8483,#8484,#8485,#8509));
#8483 = ORIENTED_EDGE('',*,*,#3792,.F.);
#8484 = ORIENTED_EDGE('',*,*,#8430,.F.);
#8485 = ORIENTED_EDGE('',*,*,#8486,.T.);
#8486 = EDGE_CURVE('',#8431,#8487,#8489,.T.);
#8487 = VERTEX_POINT('',#8488);
#8488 = CARTESIAN_POINT('',(-15.94713172679,44.5,192.47378768873));
#8489 = SURFACE_CURVE('',#8490,(#8495,#8502),.PCURVE_S1.);
#8490 = CIRCLE('',#8491,25.210790894703);
#8491 = AXIS2_PLACEMENT_3D('',#8492,#8493,#8494);
#8492 = CARTESIAN_POINT('',(0.,44.5,212.));
#8493 = DIRECTION('',(-0.,1.,1.110223024625E-16));
#8494 = DIRECTION('',(1.,0.,0.));
#8495 = PCURVE('',#3809,#8496);
#8496 = DEFINITIONAL_REPRESENTATION('',(#8497),#8501);
#8497 = LINE('',#8498,#8499);
#8498 = CARTESIAN_POINT('',(-0.,-7.));
#8499 = VECTOR('',#8500,1.);
#8500 = DIRECTION('',(-1.,0.));
#8501 = ( GEOMETRIC_REPRESENTATION_CONTEXT(2) 
PARAMETRIC_REPRESENTATION_CONTEXT() REPRESENTATION_CONTEXT('2D SPACE',''
  ) );
#8502 = PCURVE('',#5586,#8503);
#8503 = DEFINITIONAL_REPRESENTATION('',(#8504),#8508);
#8504 = CIRCLE('',#8505,25.210790894703);
#8505 = AXIS2_PLACEMENT_2D('',#8506,#8507);
#8506 = CARTESIAN_POINT('',(2.412172678695E-15,0.));
#8507 = DIRECTION('',(1.,0.));
#8508 = ( GEOMETRIC_REPRESENTATION_CONTEXT(2) 
PARAMETRIC_REPRESENTATION_CONTEXT() REPRESENTATION_CONTEXT('2D SPACE',''
  ) );
#8509 = ORIENTED_EDGE('',*,*,#8510,.T.);
#8510 = EDGE_CURVE('',#8487,#3760,#8511,.T.);
#8511 = SURFACE_CURVE('',#8512,(#8516,#8523),.PCURVE_S1.);
#8512 = LINE('',#8513,#8514);
#8513 = CARTESIAN_POINT('',(-15.94713172679,37.5,192.47378768873));
#8514 = VECTOR('',#8515,1.);
#8515 = DIRECTION('',(-0.,-1.,-1.110223024625E-16));
#8516 = PCURVE('',#3809,#8517);
#8517 = DEFINITIONAL_REPRESENTATION('',(#8518),#8522);
#8518 = LINE('',#8519,#8520);
#8519 = CARTESIAN_POINT('',(-2.255639846548,0.));
#8520 = VECTOR('',#8521,1.);
#8521 = DIRECTION('',(-0.,1.));
#8522 = ( GEOMETRIC_REPRESENTATION_CONTEXT(2) 
PARAMETRIC_REPRESENTATION_CONTEXT() REPRESENTATION_CONTEXT('2D SPACE',''
  ) );
#8523 = PCURVE('',#3780,#8524);
#8524 = DEFINITIONAL_REPRESENTATION('',(#8525),#8529);
#8525 = LINE('',#8526,#8527);
#8526 = CARTESIAN_POINT('',(-4.701381566733,-0.1));
#8527 = VECTOR('',#8528,1.);
#8528 = DIRECTION('',(-0.,1.));
#8529 = ( GEOMETRIC_REPRESENTATION_CONTEXT(2) 
PARAMETRIC_REPRESENTATION_CONTEXT() REPRESENTATION_CONTEXT('2D SPACE',''
  ) );
#8530 = ADVANCED_FACE('',(#8531),#3780,.F.);
#8531 = FACE_BOUND('',#8532,.T.);
#8532 = EDGE_LOOP('',(#8533,#8556,#8582,#8583));
#8533 = ORIENTED_EDGE('',*,*,#8534,.F.);
#8534 = EDGE_CURVE('',#8535,#3731,#8537,.T.);
#8535 = VERTEX_POINT('',#8536);
#8536 = CARTESIAN_POINT('',(-16.79113121521,44.5,193.19463135033));
#8537 = SURFACE_CURVE('',#8538,(#8542,#8549),.PCURVE_S1.);
#8538 = LINE('',#8539,#8540);
#8539 = CARTESIAN_POINT('',(-16.79113121521,37.5,193.19463135033));
#8540 = VECTOR('',#8541,1.);
#8541 = DIRECTION('',(-0.,-1.,-1.110223024625E-16));
#8542 = PCURVE('',#3780,#8543);
#8543 = DEFINITIONAL_REPRESENTATION('',(#8544),#8548);
#8544 = LINE('',#8545,#8546);
#8545 = CARTESIAN_POINT('',(-1.581803740447,-0.1));
#8546 = VECTOR('',#8547,1.);
#8547 = DIRECTION('',(-0.,1.));
#8548 = ( GEOMETRIC_REPRESENTATION_CONTEXT(2) 
PARAMETRIC_REPRESENTATION_CONTEXT() REPRESENTATION_CONTEXT('2D SPACE',''
  ) );
#8549 = PCURVE('',#3747,#8550);
#8550 = DEFINITIONAL_REPRESENTATION('',(#8551),#8555);
#8551 = LINE('',#8552,#8553);
#8552 = CARTESIAN_POINT('',(-2.299669501157,0.));
#8553 = VECTOR('',#8554,1.);
#8554 = DIRECTION('',(-0.,1.));
#8555 = ( GEOMETRIC_REPRESENTATION_CONTEXT(2) 
PARAMETRIC_REPRESENTATION_CONTEXT() REPRESENTATION_CONTEXT('2D SPACE',''
  ) );
#8556 = ORIENTED_EDGE('',*,*,#8557,.F.);
#8557 = EDGE_CURVE('',#8487,#8535,#8558,.T.);
#8558 = SURFACE_CURVE('',#8559,(#8564,#8571),.PCURVE_S1.);
#8559 = CIRCLE('',#8560,0.555);
#8560 = AXIS2_PLACEMENT_3D('',#8561,#8562,#8563);
#8561 = CARTESIAN_POINT('',(-16.37309894342,44.5,192.82956420617));
#8562 = DIRECTION('',(0.,-1.,-1.110223024625E-16));
#8563 = DIRECTION('',(-0.64944804833,8.442202110715E-17,-0.7604059656));
#8564 = PCURVE('',#3780,#8565);
#8565 = DEFINITIONAL_REPRESENTATION('',(#8566),#8570);
#8566 = LINE('',#8567,#8568);
#8567 = CARTESIAN_POINT('',(-6.28318530718,-7.1));
#8568 = VECTOR('',#8569,1.);
#8569 = DIRECTION('',(1.,-0.));
#8570 = ( GEOMETRIC_REPRESENTATION_CONTEXT(2) 
PARAMETRIC_REPRESENTATION_CONTEXT() REPRESENTATION_CONTEXT('2D SPACE',''
  ) );
#8571 = PCURVE('',#5586,#8572);
#8572 = DEFINITIONAL_REPRESENTATION('',(#8573),#8581);
#8573 = ( BOUNDED_CURVE() B_SPLINE_CURVE(2,(#8574,#8575,#8576,#8577,
#8578,#8579,#8580),.UNSPECIFIED.,.T.,.F.) B_SPLINE_CURVE_WITH_KNOTS((1,2
    ,2,2,2,1),(-2.094395102393,0.,2.094395102393,4.188790204786,
6.28318530718,8.377580409573),.UNSPECIFIED.) CURVE() 
GEOMETRIC_REPRESENTATION_ITEM() RATIONAL_B_SPLINE_CURVE((1.,0.5,1.,0.5,
1.,0.5,1.)) REPRESENTATION_ITEM('') );
#8574 = CARTESIAN_POINT('',(-16.73354261024,19.592461104735));
#8575 = CARTESIAN_POINT('',(-16.00257332967,20.21676784894));
#8576 = CARTESIAN_POINT('',(-15.82739246972,19.271576510475));
#8577 = CARTESIAN_POINT('',(-15.65221160977,18.326385172011));
#8578 = CARTESIAN_POINT('',(-16.5583617503,18.647269766271));
#8579 = CARTESIAN_POINT('',(-17.46451189082,18.968154360531));
#8580 = CARTESIAN_POINT('',(-16.73354261024,19.592461104735));
#8581 = ( GEOMETRIC_REPRESENTATION_CONTEXT(2) 
PARAMETRIC_REPRESENTATION_CONTEXT() REPRESENTATION_CONTEXT('2D SPACE',''
  ) );
#8582 = ORIENTED_EDGE('',*,*,#8510,.T.);
#8583 = ORIENTED_EDGE('',*,*,#3759,.T.);
#8584 = ADVANCED_FACE('',(#8585),#3747,.T.);
#8585 = FACE_BOUND('',#8586,.F.);
#8586 = EDGE_LOOP('',(#8587,#8588,#8589,#8613));
#8587 = ORIENTED_EDGE('',*,*,#3730,.F.);
#8588 = ORIENTED_EDGE('',*,*,#8534,.F.);
#8589 = ORIENTED_EDGE('',*,*,#8590,.T.);
#8590 = EDGE_CURVE('',#8535,#8591,#8593,.T.);
#8591 = VERTEX_POINT('',#8592);
#8592 = CARTESIAN_POINT('',(-17.4299810027,44.5,193.78517801948));
#8593 = SURFACE_CURVE('',#8594,(#8599,#8606),.PCURVE_S1.);
#8594 = CIRCLE('',#8595,25.210790894703);
#8595 = AXIS2_PLACEMENT_3D('',#8596,#8597,#8598);
#8596 = CARTESIAN_POINT('',(0.,44.5,212.));
#8597 = DIRECTION('',(-0.,1.,1.110223024625E-16));
#8598 = DIRECTION('',(1.,0.,0.));
#8599 = PCURVE('',#3747,#8600);
#8600 = DEFINITIONAL_REPRESENTATION('',(#8601),#8605);
#8601 = LINE('',#8602,#8603);
#8602 = CARTESIAN_POINT('',(-0.,-7.));
#8603 = VECTOR('',#8604,1.);
#8604 = DIRECTION('',(-1.,0.));
#8605 = ( GEOMETRIC_REPRESENTATION_CONTEXT(2) 
PARAMETRIC_REPRESENTATION_CONTEXT() REPRESENTATION_CONTEXT('2D SPACE',''
  ) );
#8606 = PCURVE('',#5586,#8607);
#8607 = DEFINITIONAL_REPRESENTATION('',(#8608),#8612);
#8608 = CIRCLE('',#8609,25.210790894703);
#8609 = AXIS2_PLACEMENT_2D('',#8610,#8611);
#8610 = CARTESIAN_POINT('',(2.412172678695E-15,0.));
#8611 = DIRECTION('',(1.,0.));
#8612 = ( GEOMETRIC_REPRESENTATION_CONTEXT(2) 
PARAMETRIC_REPRESENTATION_CONTEXT() REPRESENTATION_CONTEXT('2D SPACE',''
  ) );
#8613 = ORIENTED_EDGE('',*,*,#8614,.T.);
#8614 = EDGE_CURVE('',#8591,#3698,#8615,.T.);
#8615 = SURFACE_CURVE('',#8616,(#8620,#8627),.PCURVE_S1.);
#8616 = LINE('',#8617,#8618);
#8617 = CARTESIAN_POINT('',(-17.4299810027,37.5,193.78517801948));
#8618 = VECTOR('',#8619,1.);
#8619 = DIRECTION('',(-0.,-1.,-1.110223024625E-16));
#8620 = PCURVE('',#3747,#8621);
#8621 = DEFINITIONAL_REPRESENTATION('',(#8622),#8626);
#8622 = LINE('',#8623,#8624);
#8623 = CARTESIAN_POINT('',(-2.334179662888,0.));
#8624 = VECTOR('',#8625,1.);
#8625 = DIRECTION('',(-0.,1.));
#8626 = ( GEOMETRIC_REPRESENTATION_CONTEXT(2) 
PARAMETRIC_REPRESENTATION_CONTEXT() REPRESENTATION_CONTEXT('2D SPACE',''
  ) );
#8627 = PCURVE('',#3718,#8628);
#8628 = DEFINITIONAL_REPRESENTATION('',(#8629),#8633);
#8629 = LINE('',#8630,#8631);
#8630 = CARTESIAN_POINT('',(-4.701381566733,-0.1));
#8631 = VECTOR('',#8632,1.);
#8632 = DIRECTION('',(-0.,1.));
#8633 = ( GEOMETRIC_REPRESENTATION_CONTEXT(2) 
PARAMETRIC_REPRESENTATION_CONTEXT() REPRESENTATION_CONTEXT('2D SPACE',''
  ) );
#8634 = ADVANCED_FACE('',(#8635),#3718,.F.);
#8635 = FACE_BOUND('',#8636,.T.);
#8636 = EDGE_LOOP('',(#8637,#8660,#8686,#8687));
#8637 = ORIENTED_EDGE('',*,*,#8638,.F.);
#8638 = EDGE_CURVE('',#8639,#3669,#8641,.T.);
#8639 = VERTEX_POINT('',#8640);
#8640 = CARTESIAN_POINT('',(-18.21482198051,44.5,194.57001899729));
#8641 = SURFACE_CURVE('',#8642,(#8646,#8653),.PCURVE_S1.);
#8642 = LINE('',#8643,#8644);
#8643 = CARTESIAN_POINT('',(-18.21482198051,37.5,194.57001899729));
#8644 = VECTOR('',#8645,1.);
#8645 = DIRECTION('',(-0.,-1.,-1.110223024625E-16));
#8646 = PCURVE('',#3718,#8647);
#8647 = DEFINITIONAL_REPRESENTATION('',(#8648),#8652);
#8648 = LINE('',#8649,#8650);
#8649 = CARTESIAN_POINT('',(-1.581803740447,-0.1));
#8650 = VECTOR('',#8651,1.);
#8651 = DIRECTION('',(-0.,1.));
#8652 = ( GEOMETRIC_REPRESENTATION_CONTEXT(2) 
PARAMETRIC_REPRESENTATION_CONTEXT() REPRESENTATION_CONTEXT('2D SPACE',''
  ) );
#8653 = PCURVE('',#3685,#8654);
#8654 = DEFINITIONAL_REPRESENTATION('',(#8655),#8659);
#8655 = LINE('',#8656,#8657);
#8656 = CARTESIAN_POINT('',(-2.378209317497,0.));
#8657 = VECTOR('',#8658,1.);
#8658 = DIRECTION('',(-0.,1.));
#8659 = ( GEOMETRIC_REPRESENTATION_CONTEXT(2) 
PARAMETRIC_REPRESENTATION_CONTEXT() REPRESENTATION_CONTEXT('2D SPACE',''
  ) );
#8660 = ORIENTED_EDGE('',*,*,#8661,.F.);
#8661 = EDGE_CURVE('',#8591,#8639,#8662,.T.);
#8662 = SURFACE_CURVE('',#8663,(#8668,#8675),.PCURVE_S1.);
#8663 = CIRCLE('',#8664,0.555);
#8664 = AXIS2_PLACEMENT_3D('',#8665,#8666,#8667);
#8665 = CARTESIAN_POINT('',(-17.82672120072,44.5,194.17327879927));
#8666 = DIRECTION('',(0.,-1.,-1.110223024625E-16));
#8667 = DIRECTION('',(-0.707106781187,7.850462293419E-17,-0.707106781187
    ));
#8668 = PCURVE('',#3718,#8669);
#8669 = DEFINITIONAL_REPRESENTATION('',(#8670),#8674);
#8670 = LINE('',#8671,#8672);
#8671 = CARTESIAN_POINT('',(-6.28318530718,-7.1));
#8672 = VECTOR('',#8673,1.);
#8673 = DIRECTION('',(1.,-0.));
#8674 = ( GEOMETRIC_REPRESENTATION_CONTEXT(2) 
PARAMETRIC_REPRESENTATION_CONTEXT() REPRESENTATION_CONTEXT('2D SPACE',''
  ) );
#8675 = PCURVE('',#5586,#8676);
#8676 = DEFINITIONAL_REPRESENTATION('',(#8677),#8685);
#8677 = ( BOUNDED_CURVE() B_SPLINE_CURVE(2,(#8678,#8679,#8680,#8681,
#8682,#8683,#8684),.UNSPECIFIED.,.T.,.F.) B_SPLINE_CURVE_WITH_KNOTS((1,2
    ,2,2,2,1),(-2.094395102393,0.,2.094395102393,4.188790204786,
6.28318530718,8.377580409573),.UNSPECIFIED.) CURVE() 
GEOMETRIC_REPRESENTATION_ITEM() RATIONAL_B_SPLINE_CURVE((1.,0.5,1.,0.5,
1.,0.5,1.)) REPRESENTATION_ITEM('') );
#8678 = CARTESIAN_POINT('',(-18.21916546427,18.219165464279));
#8679 = CARTESIAN_POINT('',(-17.53943206065,18.898898867902));
#8680 = CARTESIAN_POINT('',(-17.29063236713,17.970365770753));
#8681 = CARTESIAN_POINT('',(-17.0418326736,17.041832673604));
#8682 = CARTESIAN_POINT('',(-17.97036577075,17.29063236713));
#8683 = CARTESIAN_POINT('',(-18.8988988679,17.539432060657));
#8684 = CARTESIAN_POINT('',(-18.21916546427,18.219165464279));
#8685 = ( GEOMETRIC_REPRESENTATION_CONTEXT(2) 
PARAMETRIC_REPRESENTATION_CONTEXT() REPRESENTATION_CONTEXT('2D SPACE',''
  ) );
#8686 = ORIENTED_EDGE('',*,*,#8614,.T.);
#8687 = ORIENTED_EDGE('',*,*,#3697,.T.);
#8688 = ADVANCED_FACE('',(#8689),#3685,.T.);
#8689 = FACE_BOUND('',#8690,.F.);
#8690 = EDGE_LOOP('',(#8691,#8692,#8693,#8717));
#8691 = ORIENTED_EDGE('',*,*,#3668,.F.);
#8692 = ORIENTED_EDGE('',*,*,#8638,.F.);
#8693 = ORIENTED_EDGE('',*,*,#8694,.T.);
#8694 = EDGE_CURVE('',#8639,#8695,#8697,.T.);
#8695 = VERTEX_POINT('',#8696);
#8696 = CARTESIAN_POINT('',(-18.80536864966,44.5,195.20886878478));
#8697 = SURFACE_CURVE('',#8698,(#8703,#8710),.PCURVE_S1.);
#8698 = CIRCLE('',#8699,25.210790894703);
#8699 = AXIS2_PLACEMENT_3D('',#8700,#8701,#8702);
#8700 = CARTESIAN_POINT('',(0.,44.5,212.));
#8701 = DIRECTION('',(-0.,1.,1.110223024625E-16));
#8702 = DIRECTION('',(1.,0.,0.));
#8703 = PCURVE('',#3685,#8704);
#8704 = DEFINITIONAL_REPRESENTATION('',(#8705),#8709);
#8705 = LINE('',#8706,#8707);
#8706 = CARTESIAN_POINT('',(-0.,-7.));
#8707 = VECTOR('',#8708,1.);
#8708 = DIRECTION('',(-1.,0.));
#8709 = ( GEOMETRIC_REPRESENTATION_CONTEXT(2) 
PARAMETRIC_REPRESENTATION_CONTEXT() REPRESENTATION_CONTEXT('2D SPACE',''
  ) );
#8710 = PCURVE('',#5586,#8711);
#8711 = DEFINITIONAL_REPRESENTATION('',(#8712),#8716);
#8712 = CIRCLE('',#8713,25.210790894703);
#8713 = AXIS2_PLACEMENT_2D('',#8714,#8715);
#8714 = CARTESIAN_POINT('',(2.412172678695E-15,0.));
#8715 = DIRECTION('',(1.,0.));
#8716 = ( GEOMETRIC_REPRESENTATION_CONTEXT(2) 
PARAMETRIC_REPRESENTATION_CONTEXT() REPRESENTATION_CONTEXT('2D SPACE',''
  ) );
#8717 = ORIENTED_EDGE('',*,*,#8718,.T.);
#8718 = EDGE_CURVE('',#8695,#3636,#8719,.T.);
#8719 = SURFACE_CURVE('',#8720,(#8724,#8731),.PCURVE_S1.);
#8720 = LINE('',#8721,#8722);
#8721 = CARTESIAN_POINT('',(-18.80536864966,37.5,195.20886878478));
#8722 = VECTOR('',#8723,1.);
#8723 = DIRECTION('',(-0.,-1.,-1.110223024625E-16));
#8724 = PCURVE('',#3685,#8725);
#8725 = DEFINITIONAL_REPRESENTATION('',(#8726),#8730);
#8726 = LINE('',#8727,#8728);
#8727 = CARTESIAN_POINT('',(-2.412719479228,0.));
#8728 = VECTOR('',#8729,1.);
#8729 = DIRECTION('',(-0.,1.));
#8730 = ( GEOMETRIC_REPRESENTATION_CONTEXT(2) 
PARAMETRIC_REPRESENTATION_CONTEXT() REPRESENTATION_CONTEXT('2D SPACE',''
  ) );
#8731 = PCURVE('',#3656,#8732);
#8732 = DEFINITIONAL_REPRESENTATION('',(#8733),#8737);
#8733 = LINE('',#8734,#8735);
#8734 = CARTESIAN_POINT('',(-4.701381566733,-0.1));
#8735 = VECTOR('',#8736,1.);
#8736 = DIRECTION('',(-0.,1.));
#8737 = ( GEOMETRIC_REPRESENTATION_CONTEXT(2) 
PARAMETRIC_REPRESENTATION_CONTEXT() REPRESENTATION_CONTEXT('2D SPACE',''
  ) );
#8738 = ADVANCED_FACE('',(#8739),#3656,.F.);
#8739 = FACE_BOUND('',#8740,.T.);
#8740 = EDGE_LOOP('',(#8741,#8764,#8790,#8791));
#8741 = ORIENTED_EDGE('',*,*,#8742,.F.);
#8742 = EDGE_CURVE('',#8743,#3607,#8745,.T.);
#8743 = VERTEX_POINT('',#8744);
#8744 = CARTESIAN_POINT('',(-19.52621231126,44.5,196.0528682732));
#8745 = SURFACE_CURVE('',#8746,(#8750,#8757),.PCURVE_S1.);
#8746 = LINE('',#8747,#8748);
#8747 = CARTESIAN_POINT('',(-19.52621231126,37.5,196.0528682732));
#8748 = VECTOR('',#8749,1.);
#8749 = DIRECTION('',(-0.,-1.,-1.110223024625E-16));
#8750 = PCURVE('',#3656,#8751);
#8751 = DEFINITIONAL_REPRESENTATION('',(#8752),#8756);
#8752 = LINE('',#8753,#8754);
#8753 = CARTESIAN_POINT('',(-1.581803740447,-0.1));
#8754 = VECTOR('',#8755,1.);
#8755 = DIRECTION('',(-0.,1.));
#8756 = ( GEOMETRIC_REPRESENTATION_CONTEXT(2) 
PARAMETRIC_REPRESENTATION_CONTEXT() REPRESENTATION_CONTEXT('2D SPACE',''
  ) );
#8757 = PCURVE('',#3623,#8758);
#8758 = DEFINITIONAL_REPRESENTATION('',(#8759),#8763);
#8759 = LINE('',#8760,#8761);
#8760 = CARTESIAN_POINT('',(-2.456749133836,0.));
#8761 = VECTOR('',#8762,1.);
#8762 = DIRECTION('',(-0.,1.));
#8763 = ( GEOMETRIC_REPRESENTATION_CONTEXT(2) 
PARAMETRIC_REPRESENTATION_CONTEXT() REPRESENTATION_CONTEXT('2D SPACE',''
  ) );
#8764 = ORIENTED_EDGE('',*,*,#8765,.F.);
#8765 = EDGE_CURVE('',#8695,#8743,#8766,.T.);
#8766 = SURFACE_CURVE('',#8767,(#8772,#8779),.PCURVE_S1.);
#8767 = CIRCLE('',#8768,0.555);
#8768 = AXIS2_PLACEMENT_3D('',#8769,#8770,#8771);
#8769 = CARTESIAN_POINT('',(-19.17043579382,44.5,195.62690105657));
#8770 = DIRECTION('',(0.,-1.,-1.110223024625E-16));
#8771 = DIRECTION('',(-0.7604059656,7.21032176554E-17,-0.64944804833));
#8772 = PCURVE('',#3656,#8773);
#8773 = DEFINITIONAL_REPRESENTATION('',(#8774),#8778);
#8774 = LINE('',#8775,#8776);
#8775 = CARTESIAN_POINT('',(-6.28318530718,-7.1));
#8776 = VECTOR('',#8777,1.);
#8777 = DIRECTION('',(1.,-0.));
#8778 = ( GEOMETRIC_REPRESENTATION_CONTEXT(2) 
PARAMETRIC_REPRESENTATION_CONTEXT() REPRESENTATION_CONTEXT('2D SPACE',''
  ) );
#8779 = PCURVE('',#5586,#8780);
#8780 = DEFINITIONAL_REPRESENTATION('',(#8781),#8789);
#8781 = ( BOUNDED_CURVE() B_SPLINE_CURVE(2,(#8782,#8783,#8784,#8785,
#8786,#8787,#8788),.UNSPECIFIED.,.T.,.F.) B_SPLINE_CURVE_WITH_KNOTS((1,2
    ,2,2,2,1),(-2.094395102393,0.,2.094395102393,4.188790204786,
6.28318530718,8.377580409573),.UNSPECIFIED.) CURVE() 
GEOMETRIC_REPRESENTATION_ITEM() RATIONAL_B_SPLINE_CURVE((1.,0.5,1.,0.5,
1.,0.5,1.)) REPRESENTATION_ITEM('') );
#8782 = CARTESIAN_POINT('',(-19.59246110473,16.733542610249));
#8783 = CARTESIAN_POINT('',(-18.96815436053,17.464511890821));
#8784 = CARTESIAN_POINT('',(-18.64726976627,16.5583617503));
#8785 = CARTESIAN_POINT('',(-18.32638517201,15.652211609779));
#8786 = CARTESIAN_POINT('',(-19.27157651047,15.827392469727));
#8787 = CARTESIAN_POINT('',(-20.21676784894,16.002573329676));
#8788 = CARTESIAN_POINT('',(-19.59246110473,16.733542610249));
#8789 = ( GEOMETRIC_REPRESENTATION_CONTEXT(2) 
PARAMETRIC_REPRESENTATION_CONTEXT() REPRESENTATION_CONTEXT('2D SPACE',''
  ) );
#8790 = ORIENTED_EDGE('',*,*,#8718,.T.);
#8791 = ORIENTED_EDGE('',*,*,#3635,.T.);
#8792 = ADVANCED_FACE('',(#8793),#3623,.T.);
#8793 = FACE_BOUND('',#8794,.F.);
#8794 = EDGE_LOOP('',(#8795,#8796,#8797,#8821));
#8795 = ORIENTED_EDGE('',*,*,#3606,.F.);
#8796 = ORIENTED_EDGE('',*,*,#8742,.F.);
#8797 = ORIENTED_EDGE('',*,*,#8798,.T.);
#8798 = EDGE_CURVE('',#8743,#8799,#8801,.T.);
#8799 = VERTEX_POINT('',#8800);
#8800 = CARTESIAN_POINT('',(-20.06481494549,44.5,196.73608245764));
#8801 = SURFACE_CURVE('',#8802,(#8807,#8814),.PCURVE_S1.);
#8802 = CIRCLE('',#8803,25.210790894703);
#8803 = AXIS2_PLACEMENT_3D('',#8804,#8805,#8806);
#8804 = CARTESIAN_POINT('',(0.,44.5,212.));
#8805 = DIRECTION('',(-0.,1.,1.110223024625E-16));
#8806 = DIRECTION('',(1.,0.,0.));
#8807 = PCURVE('',#3623,#8808);
#8808 = DEFINITIONAL_REPRESENTATION('',(#8809),#8813);
#8809 = LINE('',#8810,#8811);
#8810 = CARTESIAN_POINT('',(-0.,-7.));
#8811 = VECTOR('',#8812,1.);
#8812 = DIRECTION('',(-1.,0.));
#8813 = ( GEOMETRIC_REPRESENTATION_CONTEXT(2) 
PARAMETRIC_REPRESENTATION_CONTEXT() REPRESENTATION_CONTEXT('2D SPACE',''
  ) );
#8814 = PCURVE('',#5586,#8815);
#8815 = DEFINITIONAL_REPRESENTATION('',(#8816),#8820);
#8816 = CIRCLE('',#8817,25.210790894703);
#8817 = AXIS2_PLACEMENT_2D('',#8818,#8819);
#8818 = CARTESIAN_POINT('',(2.412172678695E-15,0.));
#8819 = DIRECTION('',(1.,0.));
#8820 = ( GEOMETRIC_REPRESENTATION_CONTEXT(2) 
PARAMETRIC_REPRESENTATION_CONTEXT() REPRESENTATION_CONTEXT('2D SPACE',''
  ) );
#8821 = ORIENTED_EDGE('',*,*,#8822,.T.);
#8822 = EDGE_CURVE('',#8799,#3574,#8823,.T.);
#8823 = SURFACE_CURVE('',#8824,(#8828,#8835),.PCURVE_S1.);
#8824 = LINE('',#8825,#8826);
#8825 = CARTESIAN_POINT('',(-20.06481494549,37.5,196.73608245764));
#8826 = VECTOR('',#8827,1.);
#8827 = DIRECTION('',(-0.,-1.,-1.110223024625E-16));
#8828 = PCURVE('',#3623,#8829);
#8829 = DEFINITIONAL_REPRESENTATION('',(#8830),#8834);
#8830 = LINE('',#8831,#8832);
#8831 = CARTESIAN_POINT('',(-2.491259295568,0.));
#8832 = VECTOR('',#8833,1.);
#8833 = DIRECTION('',(-0.,1.));
#8834 = ( GEOMETRIC_REPRESENTATION_CONTEXT(2) 
PARAMETRIC_REPRESENTATION_CONTEXT() REPRESENTATION_CONTEXT('2D SPACE',''
  ) );
#8835 = PCURVE('',#3594,#8836);
#8836 = DEFINITIONAL_REPRESENTATION('',(#8837),#8841);
#8837 = LINE('',#8838,#8839);
#8838 = CARTESIAN_POINT('',(-4.701381566733,-0.1));
#8839 = VECTOR('',#8840,1.);
#8840 = DIRECTION('',(-0.,1.));
#8841 = ( GEOMETRIC_REPRESENTATION_CONTEXT(2) 
PARAMETRIC_REPRESENTATION_CONTEXT() REPRESENTATION_CONTEXT('2D SPACE',''
  ) );
#8842 = ADVANCED_FACE('',(#8843),#3594,.F.);
#8843 = FACE_BOUND('',#8844,.T.);
#8844 = EDGE_LOOP('',(#8845,#8868,#8894,#8895));
#8845 = ORIENTED_EDGE('',*,*,#8846,.F.);
#8846 = EDGE_CURVE('',#8847,#3545,#8849,.T.);
#8847 = VERTEX_POINT('',#8848);
#8848 = CARTESIAN_POINT('',(-20.71721704999,44.5,197.63403691916));
#8849 = SURFACE_CURVE('',#8850,(#8854,#8861),.PCURVE_S1.);
#8850 = LINE('',#8851,#8852);
#8851 = CARTESIAN_POINT('',(-20.71721704999,37.5,197.63403691916));
#8852 = VECTOR('',#8853,1.);
#8853 = DIRECTION('',(-0.,-1.,-1.110223024625E-16));
#8854 = PCURVE('',#3594,#8855);
#8855 = DEFINITIONAL_REPRESENTATION('',(#8856),#8860);
#8856 = LINE('',#8857,#8858);
#8857 = CARTESIAN_POINT('',(-1.581803740447,-0.1));
#8858 = VECTOR('',#8859,1.);
#8859 = DIRECTION('',(-0.,1.));
#8860 = ( GEOMETRIC_REPRESENTATION_CONTEXT(2) 
PARAMETRIC_REPRESENTATION_CONTEXT() REPRESENTATION_CONTEXT('2D SPACE',''
  ) );
#8861 = PCURVE('',#3561,#8862);
#8862 = DEFINITIONAL_REPRESENTATION('',(#8863),#8867);
#8863 = LINE('',#8864,#8865);
#8864 = CARTESIAN_POINT('',(-2.535288950176,0.));
#8865 = VECTOR('',#8866,1.);
#8866 = DIRECTION('',(-0.,1.));
#8867 = ( GEOMETRIC_REPRESENTATION_CONTEXT(2) 
PARAMETRIC_REPRESENTATION_CONTEXT() REPRESENTATION_CONTEXT('2D SPACE',''
  ) );
#8868 = ORIENTED_EDGE('',*,*,#8869,.F.);
#8869 = EDGE_CURVE('',#8799,#8847,#8870,.T.);
#8870 = SURFACE_CURVE('',#8871,(#8876,#8883),.PCURVE_S1.);
#8871 = CIRCLE('',#8872,0.555);
#8872 = AXIS2_PLACEMENT_3D('',#8873,#8874,#8875);
#8873 = CARTESIAN_POINT('',(-20.39595827544,44.5,197.18146891346));
#8874 = DIRECTION('',(0.,-1.,-1.110223024625E-16));
#8875 = DIRECTION('',(-0.809016994375,6.525727206302E-17,-0.587785252292
    ));
#8876 = PCURVE('',#3594,#8877);
#8877 = DEFINITIONAL_REPRESENTATION('',(#8878),#8882);
#8878 = LINE('',#8879,#8880);
#8879 = CARTESIAN_POINT('',(-6.28318530718,-7.1));
#8880 = VECTOR('',#8881,1.);
#8881 = DIRECTION('',(1.,-0.));
#8882 = ( GEOMETRIC_REPRESENTATION_CONTEXT(2) 
PARAMETRIC_REPRESENTATION_CONTEXT() REPRESENTATION_CONTEXT('2D SPACE',''
  ) );
#8883 = PCURVE('',#5586,#8884);
#8884 = DEFINITIONAL_REPRESENTATION('',(#8885),#8893);
#8885 = ( BOUNDED_CURVE() B_SPLINE_CURVE(2,(#8886,#8887,#8888,#8889,
#8890,#8891,#8892),.UNSPECIFIED.,.T.,.F.) B_SPLINE_CURVE_WITH_KNOTS((1,2
    ,2,2,2,1),(-2.094395102393,0.,2.094395102393,4.188790204786,
6.28318530718,8.377580409573),.UNSPECIFIED.) CURVE() 
GEOMETRIC_REPRESENTATION_ITEM() RATIONAL_B_SPLINE_CURVE((1.,0.5,1.,0.5,
1.,0.5,1.)) REPRESENTATION_ITEM('') );
#8886 = CARTESIAN_POINT('',(-20.84496270732,15.144751901558));
#8887 = CARTESIAN_POINT('',(-20.27993168122,15.922450390395));
#8888 = CARTESIAN_POINT('',(-19.88894054645,15.044269923443));
#8889 = CARTESIAN_POINT('',(-19.49794941169,14.166089456491));
#8890 = CARTESIAN_POINT('',(-20.45397157256,14.266571434607));
#8891 = CARTESIAN_POINT('',(-21.40999373343,14.367053412722));
#8892 = CARTESIAN_POINT('',(-20.84496270732,15.144751901558));
#8893 = ( GEOMETRIC_REPRESENTATION_CONTEXT(2) 
PARAMETRIC_REPRESENTATION_CONTEXT() REPRESENTATION_CONTEXT('2D SPACE',''
  ) );
#8894 = ORIENTED_EDGE('',*,*,#8822,.T.);
#8895 = ORIENTED_EDGE('',*,*,#3573,.T.);
#8896 = ADVANCED_FACE('',(#8897),#3561,.T.);
#8897 = FACE_BOUND('',#8898,.F.);
#8898 = EDGE_LOOP('',(#8899,#8900,#8901,#8925));
#8899 = ORIENTED_EDGE('',*,*,#3544,.F.);
#8900 = ORIENTED_EDGE('',*,*,#8846,.F.);
#8901 = ORIENTED_EDGE('',*,*,#8902,.T.);
#8902 = EDGE_CURVE('',#8847,#8903,#8905,.T.);
#8903 = VERTEX_POINT('',#8904);
#8904 = CARTESIAN_POINT('',(-21.20055498494,44.5,198.35740325792));
#8905 = SURFACE_CURVE('',#8906,(#8911,#8918),.PCURVE_S1.);
#8906 = CIRCLE('',#8907,25.210790894703);
#8907 = AXIS2_PLACEMENT_3D('',#8908,#8909,#8910);
#8908 = CARTESIAN_POINT('',(0.,44.5,212.));
#8909 = DIRECTION('',(-0.,1.,1.110223024625E-16));
#8910 = DIRECTION('',(1.,0.,0.));
#8911 = PCURVE('',#3561,#8912);
#8912 = DEFINITIONAL_REPRESENTATION('',(#8913),#8917);
#8913 = LINE('',#8914,#8915);
#8914 = CARTESIAN_POINT('',(-0.,-7.));
#8915 = VECTOR('',#8916,1.);
#8916 = DIRECTION('',(-1.,0.));
#8917 = ( GEOMETRIC_REPRESENTATION_CONTEXT(2) 
PARAMETRIC_REPRESENTATION_CONTEXT() REPRESENTATION_CONTEXT('2D SPACE',''
  ) );
#8918 = PCURVE('',#5586,#8919);
#8919 = DEFINITIONAL_REPRESENTATION('',(#8920),#8924);
#8920 = CIRCLE('',#8921,25.210790894703);
#8921 = AXIS2_PLACEMENT_2D('',#8922,#8923);
#8922 = CARTESIAN_POINT('',(2.412172678695E-15,0.));
#8923 = DIRECTION('',(1.,0.));
#8924 = ( GEOMETRIC_REPRESENTATION_CONTEXT(2) 
PARAMETRIC_REPRESENTATION_CONTEXT() REPRESENTATION_CONTEXT('2D SPACE',''
  ) );
#8925 = ORIENTED_EDGE('',*,*,#8926,.T.);
#8926 = EDGE_CURVE('',#8903,#3512,#8927,.T.);
#8927 = SURFACE_CURVE('',#8928,(#8932,#8939),.PCURVE_S1.);
#8928 = LINE('',#8929,#8930);
#8929 = CARTESIAN_POINT('',(-21.20055498494,37.5,198.35740325792));
#8930 = VECTOR('',#8931,1.);
#8931 = DIRECTION('',(-0.,-1.,-1.110223024625E-16));
#8932 = PCURVE('',#3561,#8933);
#8933 = DEFINITIONAL_REPRESENTATION('',(#8934),#8938);
#8934 = LINE('',#8935,#8936);
#8935 = CARTESIAN_POINT('',(-2.569799111907,0.));
#8936 = VECTOR('',#8937,1.);
#8937 = DIRECTION('',(-0.,1.));
#8938 = ( GEOMETRIC_REPRESENTATION_CONTEXT(2) 
PARAMETRIC_REPRESENTATION_CONTEXT() REPRESENTATION_CONTEXT('2D SPACE',''
  ) );
#8939 = PCURVE('',#3532,#8940);
#8940 = DEFINITIONAL_REPRESENTATION('',(#8941),#8945);
#8941 = LINE('',#8942,#8943);
#8942 = CARTESIAN_POINT('',(-4.701381566733,-0.1));
#8943 = VECTOR('',#8944,1.);
#8944 = DIRECTION('',(-0.,1.));
#8945 = ( GEOMETRIC_REPRESENTATION_CONTEXT(2) 
PARAMETRIC_REPRESENTATION_CONTEXT() REPRESENTATION_CONTEXT('2D SPACE',''
  ) );
#8946 = ADVANCED_FACE('',(#8947),#3532,.F.);
#8947 = FACE_BOUND('',#8948,.T.);
#8948 = EDGE_LOOP('',(#8949,#8972,#8998,#8999));
#8949 = ORIENTED_EDGE('',*,*,#8950,.F.);
#8950 = EDGE_CURVE('',#8951,#3483,#8953,.T.);
#8951 = VERTEX_POINT('',#8952);
#8952 = CARTESIAN_POINT('',(-21.78049325642,44.5,199.30377650468));
#8953 = SURFACE_CURVE('',#8954,(#8958,#8965),.PCURVE_S1.);
#8954 = LINE('',#8955,#8956);
#8955 = CARTESIAN_POINT('',(-21.78049325642,37.5,199.30377650468));
#8956 = VECTOR('',#8957,1.);
#8957 = DIRECTION('',(-0.,-1.,-1.110223024625E-16));
#8958 = PCURVE('',#3532,#8959);
#8959 = DEFINITIONAL_REPRESENTATION('',(#8960),#8964);
#8960 = LINE('',#8961,#8962);
#8961 = CARTESIAN_POINT('',(-1.581803740447,-0.1));
#8962 = VECTOR('',#8963,1.);
#8963 = DIRECTION('',(-0.,1.));
#8964 = ( GEOMETRIC_REPRESENTATION_CONTEXT(2) 
PARAMETRIC_REPRESENTATION_CONTEXT() REPRESENTATION_CONTEXT('2D SPACE',''
  ) );
#8965 = PCURVE('',#3499,#8966);
#8966 = DEFINITIONAL_REPRESENTATION('',(#8967),#8971);
#8967 = LINE('',#8968,#8969);
#8968 = CARTESIAN_POINT('',(-2.613828766516,0.));
#8969 = VECTOR('',#8970,1.);
#8970 = DIRECTION('',(-0.,1.));
#8971 = ( GEOMETRIC_REPRESENTATION_CONTEXT(2) 
PARAMETRIC_REPRESENTATION_CONTEXT() REPRESENTATION_CONTEXT('2D SPACE',''
  ) );
#8972 = ORIENTED_EDGE('',*,*,#8973,.F.);
#8973 = EDGE_CURVE('',#8903,#8951,#8974,.T.);
#8974 = SURFACE_CURVE('',#8975,(#8980,#8987),.PCURVE_S1.);
#8975 = CIRCLE('',#8976,0.555);
#8976 = AXIS2_PLACEMENT_3D('',#8977,#8978,#8979);
#8977 = CARTESIAN_POINT('',(-21.49573289195,44.5,198.82739794216));
#8978 = DIRECTION('',(0.,-1.,-1.110223024625E-16));
#8979 = DIRECTION('',(-0.852640164354,5.800899368812E-17,-0.522498564716
    ));
#8980 = PCURVE('',#3532,#8981);
#8981 = DEFINITIONAL_REPRESENTATION('',(#8982),#8986);
#8982 = LINE('',#8983,#8984);
#8983 = CARTESIAN_POINT('',(-6.28318530718,-7.1));
#8984 = VECTOR('',#8985,1.);
#8985 = DIRECTION('',(1.,-0.));
#8986 = ( GEOMETRIC_REPRESENTATION_CONTEXT(2) 
PARAMETRIC_REPRESENTATION_CONTEXT() REPRESENTATION_CONTEXT('2D SPACE',''
  ) );
#8987 = PCURVE('',#5586,#8988);
#8988 = DEFINITIONAL_REPRESENTATION('',(#8989),#8997);
#8989 = ( BOUNDED_CURVE() B_SPLINE_CURVE(2,(#8990,#8991,#8992,#8993,
#8994,#8995,#8996),.UNSPECIFIED.,.T.,.F.) B_SPLINE_CURVE_WITH_KNOTS((1,2
    ,2,2,2,1),(-2.094395102393,0.,2.094395102393,4.188790204786,
6.28318530718,8.377580409573),.UNSPECIFIED.) CURVE() 
GEOMETRIC_REPRESENTATION_ITEM() RATIONAL_B_SPLINE_CURVE((1.,0.5,1.,0.5,
1.,0.5,1.)) REPRESENTATION_ITEM('') );
#8990 = CARTESIAN_POINT('',(-21.96894818317,13.462588761254));
#8991 = CARTESIAN_POINT('',(-21.46667647933,14.282221688559));
#8992 = CARTESIAN_POINT('',(-21.00798939442,13.43742516978));
#8993 = CARTESIAN_POINT('',(-20.54930230952,12.592628651002));
#8994 = CARTESIAN_POINT('',(-21.51026109826,12.617792242475));
#8995 = CARTESIAN_POINT('',(-22.47121988701,12.642955833948));
#8996 = CARTESIAN_POINT('',(-21.96894818317,13.462588761254));
#8997 = ( GEOMETRIC_REPRESENTATION_CONTEXT(2) 
PARAMETRIC_REPRESENTATION_CONTEXT() REPRESENTATION_CONTEXT('2D SPACE',''
  ) );
#8998 = ORIENTED_EDGE('',*,*,#8926,.T.);
#8999 = ORIENTED_EDGE('',*,*,#3511,.T.);
#9000 = ADVANCED_FACE('',(#9001),#3499,.T.);
#9001 = FACE_BOUND('',#9002,.F.);
#9002 = EDGE_LOOP('',(#9003,#9004,#9005,#9029));
#9003 = ORIENTED_EDGE('',*,*,#3482,.F.);
#9004 = ORIENTED_EDGE('',*,*,#8950,.F.);
#9005 = ORIENTED_EDGE('',*,*,#9006,.T.);
#9006 = EDGE_CURVE('',#8951,#9007,#9009,.T.);
#9007 = VERTEX_POINT('',#9008);
#9008 = CARTESIAN_POINT('',(-22.20558655301,44.5,200.06283520374));
#9009 = SURFACE_CURVE('',#9010,(#9015,#9022),.PCURVE_S1.);
#9010 = CIRCLE('',#9011,25.210790894703);
#9011 = AXIS2_PLACEMENT_3D('',#9012,#9013,#9014);
#9012 = CARTESIAN_POINT('',(0.,44.5,212.));
#9013 = DIRECTION('',(-0.,1.,1.110223024625E-16));
#9014 = DIRECTION('',(1.,0.,0.));
#9015 = PCURVE('',#3499,#9016);
#9016 = DEFINITIONAL_REPRESENTATION('',(#9017),#9021);
#9017 = LINE('',#9018,#9019);
#9018 = CARTESIAN_POINT('',(-0.,-7.));
#9019 = VECTOR('',#9020,1.);
#9020 = DIRECTION('',(-1.,0.));
#9021 = ( GEOMETRIC_REPRESENTATION_CONTEXT(2) 
PARAMETRIC_REPRESENTATION_CONTEXT() REPRESENTATION_CONTEXT('2D SPACE',''
  ) );
#9022 = PCURVE('',#5586,#9023);
#9023 = DEFINITIONAL_REPRESENTATION('',(#9024),#9028);
#9024 = CIRCLE('',#9025,25.210790894703);
#9025 = AXIS2_PLACEMENT_2D('',#9026,#9027);
#9026 = CARTESIAN_POINT('',(2.412172678695E-15,0.));
#9027 = DIRECTION('',(1.,0.));
#9028 = ( GEOMETRIC_REPRESENTATION_CONTEXT(2) 
PARAMETRIC_REPRESENTATION_CONTEXT() REPRESENTATION_CONTEXT('2D SPACE',''
  ) );
#9029 = ORIENTED_EDGE('',*,*,#9030,.T.);
#9030 = EDGE_CURVE('',#9007,#3450,#9031,.T.);
#9031 = SURFACE_CURVE('',#9032,(#9036,#9043),.PCURVE_S1.);
#9032 = LINE('',#9033,#9034);
#9033 = CARTESIAN_POINT('',(-22.20558655301,37.5,200.06283520374));
#9034 = VECTOR('',#9035,1.);
#9035 = DIRECTION('',(-0.,-1.,-1.110223024625E-16));
#9036 = PCURVE('',#3499,#9037);
#9037 = DEFINITIONAL_REPRESENTATION('',(#9038),#9042);
#9038 = LINE('',#9039,#9040);
#9039 = CARTESIAN_POINT('',(-2.648338928247,0.));
#9040 = VECTOR('',#9041,1.);
#9041 = DIRECTION('',(-0.,1.));
#9042 = ( GEOMETRIC_REPRESENTATION_CONTEXT(2) 
PARAMETRIC_REPRESENTATION_CONTEXT() REPRESENTATION_CONTEXT('2D SPACE',''
  ) );
#9043 = PCURVE('',#3470,#9044);
#9044 = DEFINITIONAL_REPRESENTATION('',(#9045),#9049);
#9045 = LINE('',#9046,#9047);
#9046 = CARTESIAN_POINT('',(-4.701381566733,-0.1));
#9047 = VECTOR('',#9048,1.);
#9048 = DIRECTION('',(-0.,1.));
#9049 = ( GEOMETRIC_REPRESENTATION_CONTEXT(2) 
PARAMETRIC_REPRESENTATION_CONTEXT() REPRESENTATION_CONTEXT('2D SPACE',''
  ) );
#9050 = ADVANCED_FACE('',(#9051),#3470,.F.);
#9051 = FACE_BOUND('',#9052,.T.);
#9052 = EDGE_LOOP('',(#9053,#9076,#9102,#9103));
#9053 = ORIENTED_EDGE('',*,*,#9054,.F.);
#9054 = EDGE_CURVE('',#9055,#3421,#9057,.T.);
#9055 = VERTEX_POINT('',#9056);
#9056 = CARTESIAN_POINT('',(-22.70948547919,44.5,201.05179252997));
#9057 = SURFACE_CURVE('',#9058,(#9062,#9069),.PCURVE_S1.);
#9058 = LINE('',#9059,#9060);
#9059 = CARTESIAN_POINT('',(-22.70948547919,37.5,201.05179252997));
#9060 = VECTOR('',#9061,1.);
#9061 = DIRECTION('',(-0.,-1.,-1.110223024625E-16));
#9062 = PCURVE('',#3470,#9063);
#9063 = DEFINITIONAL_REPRESENTATION('',(#9064),#9068);
#9064 = LINE('',#9065,#9066);
#9065 = CARTESIAN_POINT('',(-1.581803740447,-0.1));
#9066 = VECTOR('',#9067,1.);
#9067 = DIRECTION('',(-0.,1.));
#9068 = ( GEOMETRIC_REPRESENTATION_CONTEXT(2) 
PARAMETRIC_REPRESENTATION_CONTEXT() REPRESENTATION_CONTEXT('2D SPACE',''
  ) );
#9069 = PCURVE('',#3437,#9070);
#9070 = DEFINITIONAL_REPRESENTATION('',(#9071),#9075);
#9071 = LINE('',#9072,#9073);
#9072 = CARTESIAN_POINT('',(-2.692368582856,0.));
#9073 = VECTOR('',#9074,1.);
#9074 = DIRECTION('',(-0.,1.));
#9075 = ( GEOMETRIC_REPRESENTATION_CONTEXT(2) 
PARAMETRIC_REPRESENTATION_CONTEXT() REPRESENTATION_CONTEXT('2D SPACE',''
  ) );
#9076 = ORIENTED_EDGE('',*,*,#9077,.F.);
#9077 = EDGE_CURVE('',#9007,#9055,#9078,.T.);
#9078 = SURFACE_CURVE('',#9079,(#9084,#9091),.PCURVE_S1.);
#9079 = CIRCLE('',#9080,0.555);
#9080 = AXIS2_PLACEMENT_3D('',#9081,#9082,#9083);
#9081 = CARTESIAN_POINT('',(-22.46297916712,44.5,200.55454044288));
#9082 = DIRECTION('',(0.,-1.,-1.110223024625E-16));
#9083 = DIRECTION('',(-0.891006524188,5.040307057719E-17,-0.45399049974)
  );
#9084 = PCURVE('',#3470,#9085);
#9085 = DEFINITIONAL_REPRESENTATION('',(#9086),#9090);
#9086 = LINE('',#9087,#9088);
#9087 = CARTESIAN_POINT('',(-6.28318530718,-7.1));
#9088 = VECTOR('',#9089,1.);
#9089 = DIRECTION('',(1.,-0.));
#9090 = ( GEOMETRIC_REPRESENTATION_CONTEXT(2) 
PARAMETRIC_REPRESENTATION_CONTEXT() REPRESENTATION_CONTEXT('2D SPACE',''
  ) );
#9091 = PCURVE('',#5586,#9092);
#9092 = DEFINITIONAL_REPRESENTATION('',(#9093),#9101);
#9093 = ( BOUNDED_CURVE() B_SPLINE_CURVE(2,(#9094,#9095,#9096,#9097,
#9098,#9099,#9100),.UNSPECIFIED.,.T.,.F.) B_SPLINE_CURVE_WITH_KNOTS((1,2
    ,2,2,2,1),(-2.094395102393,0.,2.094395102393,4.188790204786,
6.28318530718,8.377580409573),.UNSPECIFIED.) CURVE() 
GEOMETRIC_REPRESENTATION_ITEM() RATIONAL_B_SPLINE_CURVE((1.,0.5,1.,0.5,
1.,0.5,1.)) REPRESENTATION_ITEM('') );
#9094 = CARTESIAN_POINT('',(-22.95748778805,11.697424284471));
#9095 = CARTESIAN_POINT('',(-22.52107207855,12.553938340693));
#9096 = CARTESIAN_POINT('',(-21.99751700192,11.747734221549));
#9097 = CARTESIAN_POINT('',(-21.47396192528,10.941530102405));
#9098 = CARTESIAN_POINT('',(-22.43393271141,10.891220165327));
#9099 = CARTESIAN_POINT('',(-23.39390349754,10.840910228249));
#9100 = CARTESIAN_POINT('',(-22.95748778805,11.697424284471));
#9101 = ( GEOMETRIC_REPRESENTATION_CONTEXT(2) 
PARAMETRIC_REPRESENTATION_CONTEXT() REPRESENTATION_CONTEXT('2D SPACE',''
  ) );
#9102 = ORIENTED_EDGE('',*,*,#9030,.T.);
#9103 = ORIENTED_EDGE('',*,*,#3449,.T.);
#9104 = ADVANCED_FACE('',(#9105),#3437,.T.);
#9105 = FACE_BOUND('',#9106,.F.);
#9106 = EDGE_LOOP('',(#9107,#9108,#9109,#9133));
#9107 = ORIENTED_EDGE('',*,*,#3420,.F.);
#9108 = ORIENTED_EDGE('',*,*,#9054,.F.);
#9109 = ORIENTED_EDGE('',*,*,#9110,.T.);
#9110 = EDGE_CURVE('',#9055,#9111,#9113,.T.);
#9111 = VERTEX_POINT('',#9112);
#9112 = CARTESIAN_POINT('',(-23.07371329588,44.5,201.84186374003));
#9113 = SURFACE_CURVE('',#9114,(#9119,#9126),.PCURVE_S1.);
#9114 = CIRCLE('',#9115,25.210790894703);
#9115 = AXIS2_PLACEMENT_3D('',#9116,#9117,#9118);
#9116 = CARTESIAN_POINT('',(0.,44.5,212.));
#9117 = DIRECTION('',(-0.,1.,1.110223024625E-16));
#9118 = DIRECTION('',(1.,0.,0.));
#9119 = PCURVE('',#3437,#9120);
#9120 = DEFINITIONAL_REPRESENTATION('',(#9121),#9125);
#9121 = LINE('',#9122,#9123);
#9122 = CARTESIAN_POINT('',(-0.,-7.));
#9123 = VECTOR('',#9124,1.);
#9124 = DIRECTION('',(-1.,0.));
#9125 = ( GEOMETRIC_REPRESENTATION_CONTEXT(2) 
PARAMETRIC_REPRESENTATION_CONTEXT() REPRESENTATION_CONTEXT('2D SPACE',''
  ) );
#9126 = PCURVE('',#5586,#9127);
#9127 = DEFINITIONAL_REPRESENTATION('',(#9128),#9132);
#9128 = CIRCLE('',#9129,25.210790894703);
#9129 = AXIS2_PLACEMENT_2D('',#9130,#9131);
#9130 = CARTESIAN_POINT('',(2.412172678695E-15,0.));
#9131 = DIRECTION('',(1.,0.));
#9132 = ( GEOMETRIC_REPRESENTATION_CONTEXT(2) 
PARAMETRIC_REPRESENTATION_CONTEXT() REPRESENTATION_CONTEXT('2D SPACE',''
  ) );
#9133 = ORIENTED_EDGE('',*,*,#9134,.T.);
#9134 = EDGE_CURVE('',#9111,#3388,#9135,.T.);
#9135 = SURFACE_CURVE('',#9136,(#9140,#9147),.PCURVE_S1.);
#9136 = LINE('',#9137,#9138);
#9137 = CARTESIAN_POINT('',(-23.07371329588,37.5,201.84186374003));
#9138 = VECTOR('',#9139,1.);
#9139 = DIRECTION('',(-0.,-1.,-1.110223024625E-16));
#9140 = PCURVE('',#3437,#9141);
#9141 = DEFINITIONAL_REPRESENTATION('',(#9142),#9146);
#9142 = LINE('',#9143,#9144);
#9143 = CARTESIAN_POINT('',(-2.726878744587,0.));
#9144 = VECTOR('',#9145,1.);
#9145 = DIRECTION('',(-0.,1.));
#9146 = ( GEOMETRIC_REPRESENTATION_CONTEXT(2) 
PARAMETRIC_REPRESENTATION_CONTEXT() REPRESENTATION_CONTEXT('2D SPACE',''
  ) );
#9147 = PCURVE('',#3408,#9148);
#9148 = DEFINITIONAL_REPRESENTATION('',(#9149),#9153);
#9149 = LINE('',#9150,#9151);
#9150 = CARTESIAN_POINT('',(-4.701381566733,-0.1));
#9151 = VECTOR('',#9152,1.);
#9152 = DIRECTION('',(-0.,1.));
#9153 = ( GEOMETRIC_REPRESENTATION_CONTEXT(2) 
PARAMETRIC_REPRESENTATION_CONTEXT() REPRESENTATION_CONTEXT('2D SPACE',''
  ) );
#9154 = ADVANCED_FACE('',(#9155),#3408,.F.);
#9155 = FACE_BOUND('',#9156,.T.);
#9156 = EDGE_LOOP('',(#9157,#9180,#9206,#9207));
#9157 = ORIENTED_EDGE('',*,*,#9158,.F.);
#9158 = EDGE_CURVE('',#9159,#3359,#9161,.T.);
#9159 = VERTEX_POINT('',#9160);
#9160 = CARTESIAN_POINT('',(-23.4984661723,44.5,202.86730789496));
#9161 = SURFACE_CURVE('',#9162,(#9166,#9173),.PCURVE_S1.);
#9162 = LINE('',#9163,#9164);
#9163 = CARTESIAN_POINT('',(-23.4984661723,37.5,202.86730789496));
#9164 = VECTOR('',#9165,1.);
#9165 = DIRECTION('',(-0.,-1.,-1.110223024625E-16));
#9166 = PCURVE('',#3408,#9167);
#9167 = DEFINITIONAL_REPRESENTATION('',(#9168),#9172);
#9168 = LINE('',#9169,#9170);
#9169 = CARTESIAN_POINT('',(-1.581803740447,-0.1));
#9170 = VECTOR('',#9171,1.);
#9171 = DIRECTION('',(-0.,1.));
#9172 = ( GEOMETRIC_REPRESENTATION_CONTEXT(2) 
PARAMETRIC_REPRESENTATION_CONTEXT() REPRESENTATION_CONTEXT('2D SPACE',''
  ) );
#9173 = PCURVE('',#3375,#9174);
#9174 = DEFINITIONAL_REPRESENTATION('',(#9175),#9179);
#9175 = LINE('',#9176,#9177);
#9176 = CARTESIAN_POINT('',(-2.770908399195,0.));
#9177 = VECTOR('',#9178,1.);
#9178 = DIRECTION('',(-0.,1.));
#9179 = ( GEOMETRIC_REPRESENTATION_CONTEXT(2) 
PARAMETRIC_REPRESENTATION_CONTEXT() REPRESENTATION_CONTEXT('2D SPACE',''
  ) );
#9180 = ORIENTED_EDGE('',*,*,#9181,.F.);
#9181 = EDGE_CURVE('',#9111,#9159,#9182,.T.);
#9182 = SURFACE_CURVE('',#9183,(#9188,#9195),.PCURVE_S1.);
#9183 = CIRCLE('',#9184,0.555);
#9184 = AXIS2_PLACEMENT_3D('',#9185,#9186,#9187);
#9185 = CARTESIAN_POINT('',(-23.29173370603,44.5,202.35224800777));
#9186 = DIRECTION('',(0.,-1.,-1.110223024625E-16));
#9187 = DIRECTION('',(-0.923879532511,4.248639577543E-17,-0.382683432365
    ));
#9188 = PCURVE('',#3408,#9189);
#9189 = DEFINITIONAL_REPRESENTATION('',(#9190),#9194);
#9190 = LINE('',#9191,#9192);
#9191 = CARTESIAN_POINT('',(-6.28318530718,-7.1));
#9192 = VECTOR('',#9193,1.);
#9193 = DIRECTION('',(1.,-0.));
#9194 = ( GEOMETRIC_REPRESENTATION_CONTEXT(2) 
PARAMETRIC_REPRESENTATION_CONTEXT() REPRESENTATION_CONTEXT('2D SPACE',''
  ) );
#9195 = PCURVE('',#5586,#9196);
#9196 = DEFINITIONAL_REPRESENTATION('',(#9197),#9205);
#9197 = ( BOUNDED_CURVE() B_SPLINE_CURVE(2,(#9198,#9199,#9200,#9201,
#9202,#9203,#9204),.UNSPECIFIED.,.T.,.F.) B_SPLINE_CURVE_WITH_KNOTS((1,2
    ,2,2,2,1),(-2.094395102393,0.,2.094395102393,4.188790204786,
6.28318530718,8.377580409573),.UNSPECIFIED.) CURVE() 
GEOMETRIC_REPRESENTATION_ITEM() RATIONAL_B_SPLINE_CURVE((1.,0.5,1.,0.5,
1.,0.5,1.)) REPRESENTATION_ITEM('') );
#9198 = CARTESIAN_POINT('',(-23.80448684658,9.860141297186));
#9199 = CARTESIAN_POINT('',(-23.4366177794,10.748255788349));
#9200 = CARTESIAN_POINT('',(-22.85142260217,9.985614585323));
#9201 = CARTESIAN_POINT('',(-22.26622742495,9.222973382298));
#9202 = CARTESIAN_POINT('',(-23.21929166935,9.097500094161));
#9203 = CARTESIAN_POINT('',(-24.17235591376,8.972026806024));
#9204 = CARTESIAN_POINT('',(-23.80448684658,9.860141297186));
#9205 = ( GEOMETRIC_REPRESENTATION_CONTEXT(2) 
PARAMETRIC_REPRESENTATION_CONTEXT() REPRESENTATION_CONTEXT('2D SPACE',''
  ) );
#9206 = ORIENTED_EDGE('',*,*,#9134,.T.);
#9207 = ORIENTED_EDGE('',*,*,#3387,.T.);
#9208 = ADVANCED_FACE('',(#9209),#3375,.T.);
#9209 = FACE_BOUND('',#9210,.F.);
#9210 = EDGE_LOOP('',(#9211,#9212,#9213,#9237));
#9211 = ORIENTED_EDGE('',*,*,#3358,.F.);
#9212 = ORIENTED_EDGE('',*,*,#9158,.F.);
#9213 = ORIENTED_EDGE('',*,*,#9214,.T.);
#9214 = EDGE_CURVE('',#9159,#9215,#9217,.T.);
#9215 = VERTEX_POINT('',#9216);
#9216 = CARTESIAN_POINT('',(-23.79958292348,44.5,203.68352056429));
#9217 = SURFACE_CURVE('',#9218,(#9223,#9230),.PCURVE_S1.);
#9218 = CIRCLE('',#9219,25.210790894703);
#9219 = AXIS2_PLACEMENT_3D('',#9220,#9221,#9222);
#9220 = CARTESIAN_POINT('',(0.,44.5,212.));
#9221 = DIRECTION('',(-0.,1.,1.110223024625E-16));
#9222 = DIRECTION('',(1.,0.,0.));
#9223 = PCURVE('',#3375,#9224);
#9224 = DEFINITIONAL_REPRESENTATION('',(#9225),#9229);
#9225 = LINE('',#9226,#9227);
#9226 = CARTESIAN_POINT('',(-0.,-7.));
#9227 = VECTOR('',#9228,1.);
#9228 = DIRECTION('',(-1.,0.));
#9229 = ( GEOMETRIC_REPRESENTATION_CONTEXT(2) 
PARAMETRIC_REPRESENTATION_CONTEXT() REPRESENTATION_CONTEXT('2D SPACE',''
  ) );
#9230 = PCURVE('',#5586,#9231);
#9231 = DEFINITIONAL_REPRESENTATION('',(#9232),#9236);
#9232 = CIRCLE('',#9233,25.210790894703);
#9233 = AXIS2_PLACEMENT_2D('',#9234,#9235);
#9234 = CARTESIAN_POINT('',(2.412172678695E-15,0.));
#9235 = DIRECTION('',(1.,0.));
#9236 = ( GEOMETRIC_REPRESENTATION_CONTEXT(2) 
PARAMETRIC_REPRESENTATION_CONTEXT() REPRESENTATION_CONTEXT('2D SPACE',''
  ) );
#9237 = ORIENTED_EDGE('',*,*,#9238,.T.);
#9238 = EDGE_CURVE('',#9215,#3326,#9239,.T.);
#9239 = SURFACE_CURVE('',#9240,(#9244,#9251),.PCURVE_S1.);
#9240 = LINE('',#9241,#9242);
#9241 = CARTESIAN_POINT('',(-23.79958292348,37.5,203.68352056429));
#9242 = VECTOR('',#9243,1.);
#9243 = DIRECTION('',(-0.,-1.,-1.110223024625E-16));
#9244 = PCURVE('',#3375,#9245);
#9245 = DEFINITIONAL_REPRESENTATION('',(#9246),#9250);
#9246 = LINE('',#9247,#9248);
#9247 = CARTESIAN_POINT('',(-2.805418560927,0.));
#9248 = VECTOR('',#9249,1.);
#9249 = DIRECTION('',(-0.,1.));
#9250 = ( GEOMETRIC_REPRESENTATION_CONTEXT(2) 
PARAMETRIC_REPRESENTATION_CONTEXT() REPRESENTATION_CONTEXT('2D SPACE',''
  ) );
#9251 = PCURVE('',#3346,#9252);
#9252 = DEFINITIONAL_REPRESENTATION('',(#9253),#9257);
#9253 = LINE('',#9254,#9255);
#9254 = CARTESIAN_POINT('',(-4.701381566733,-0.1));
#9255 = VECTOR('',#9256,1.);
#9256 = DIRECTION('',(-0.,1.));
#9257 = ( GEOMETRIC_REPRESENTATION_CONTEXT(2) 
PARAMETRIC_REPRESENTATION_CONTEXT() REPRESENTATION_CONTEXT('2D SPACE',''
  ) );
#9258 = ADVANCED_FACE('',(#9259),#3346,.F.);
#9259 = FACE_BOUND('',#9260,.T.);
#9260 = EDGE_LOOP('',(#9261,#9284,#9310,#9311));
#9261 = ORIENTED_EDGE('',*,*,#9262,.F.);
#9262 = EDGE_CURVE('',#9263,#3297,#9265,.T.);
#9263 = VERTEX_POINT('',#9264);
#9264 = CARTESIAN_POINT('',(-24.14257100743,44.5,204.73912934371));
#9265 = SURFACE_CURVE('',#9266,(#9270,#9277),.PCURVE_S1.);
#9266 = LINE('',#9267,#9268);
#9267 = CARTESIAN_POINT('',(-24.14257100743,37.5,204.73912934371));
#9268 = VECTOR('',#9269,1.);
#9269 = DIRECTION('',(-0.,-1.,-1.110223024625E-16));
#9270 = PCURVE('',#3346,#9271);
#9271 = DEFINITIONAL_REPRESENTATION('',(#9272),#9276);
#9272 = LINE('',#9273,#9274);
#9273 = CARTESIAN_POINT('',(-1.581803740447,-0.1));
#9274 = VECTOR('',#9275,1.);
#9275 = DIRECTION('',(-0.,1.));
#9276 = ( GEOMETRIC_REPRESENTATION_CONTEXT(2) 
PARAMETRIC_REPRESENTATION_CONTEXT() REPRESENTATION_CONTEXT('2D SPACE',''
  ) );
#9277 = PCURVE('',#3313,#9278);
#9278 = DEFINITIONAL_REPRESENTATION('',(#9279),#9283);
#9279 = LINE('',#9280,#9281);
#9280 = CARTESIAN_POINT('',(-2.849448215535,0.));
#9281 = VECTOR('',#9282,1.);
#9282 = DIRECTION('',(-0.,1.));
#9283 = ( GEOMETRIC_REPRESENTATION_CONTEXT(2) 
PARAMETRIC_REPRESENTATION_CONTEXT() REPRESENTATION_CONTEXT('2D SPACE',''
  ) );
#9284 = ORIENTED_EDGE('',*,*,#9285,.F.);
#9285 = EDGE_CURVE('',#9215,#9263,#9286,.T.);
#9286 = SURFACE_CURVE('',#9287,(#9292,#9299),.PCURVE_S1.);
#9287 = CIRCLE('',#9288,0.555);
#9288 = AXIS2_PLACEMENT_3D('',#9289,#9290,#9291);
#9289 = CARTESIAN_POINT('',(-23.97688696136,44.5,204.2094371719));
#9290 = DIRECTION('',(0.,-1.,-1.110223024625E-16));
#9291 = DIRECTION('',(-0.951056516295,3.430777821555E-17,-0.309016994375
    ));
#9292 = PCURVE('',#3346,#9293);
#9293 = DEFINITIONAL_REPRESENTATION('',(#9294),#9298);
#9294 = LINE('',#9295,#9296);
#9295 = CARTESIAN_POINT('',(-6.28318530718,-7.1));
#9296 = VECTOR('',#9297,1.);
#9297 = DIRECTION('',(1.,-0.));
#9298 = ( GEOMETRIC_REPRESENTATION_CONTEXT(2) 
PARAMETRIC_REPRESENTATION_CONTEXT() REPRESENTATION_CONTEXT('2D SPACE',''
  ) );
#9299 = PCURVE('',#5586,#9300);
#9300 = DEFINITIONAL_REPRESENTATION('',(#9301),#9309);
#9301 = ( BOUNDED_CURVE() B_SPLINE_CURVE(2,(#9302,#9303,#9304,#9305,
#9306,#9307,#9308),.UNSPECIFIED.,.T.,.F.) B_SPLINE_CURVE_WITH_KNOTS((1,2
    ,2,2,2,1),(-2.094395102393,0.,2.094395102393,4.188790204786,
6.28318530718,8.377580409573),.UNSPECIFIED.) CURVE() 
GEOMETRIC_REPRESENTATION_ITEM() RATIONAL_B_SPLINE_CURVE((1.,0.5,1.,0.5,
1.,0.5,1.)) REPRESENTATION_ITEM('') );
#9302 = CARTESIAN_POINT('',(-24.5047233279,7.962067259975));
#9303 = CARTESIAN_POINT('',(-24.20766893817,8.876306664911));
#9304 = CARTESIAN_POINT('',(-23.56444158322,8.161930314626));
#9305 = CARTESIAN_POINT('',(-22.92121422827,7.44755396434));
#9306 = CARTESIAN_POINT('',(-23.86149597295,7.247690909689));
#9307 = CARTESIAN_POINT('',(-24.80177771764,7.047827855038));
#9308 = CARTESIAN_POINT('',(-24.5047233279,7.962067259975));
#9309 = ( GEOMETRIC_REPRESENTATION_CONTEXT(2) 
PARAMETRIC_REPRESENTATION_CONTEXT() REPRESENTATION_CONTEXT('2D SPACE',''
  ) );
#9310 = ORIENTED_EDGE('',*,*,#9238,.T.);
#9311 = ORIENTED_EDGE('',*,*,#3325,.T.);
#9312 = ADVANCED_FACE('',(#9313),#3313,.T.);
#9313 = FACE_BOUND('',#9314,.F.);
#9314 = EDGE_LOOP('',(#9315,#9316,#9317,#9341));
#9315 = ORIENTED_EDGE('',*,*,#3296,.F.);
#9316 = ORIENTED_EDGE('',*,*,#9262,.F.);
#9317 = ORIENTED_EDGE('',*,*,#9318,.T.);
#9318 = EDGE_CURVE('',#9263,#9319,#9321,.T.);
#9319 = VERTEX_POINT('',#9320);
#9320 = CARTESIAN_POINT('',(-24.3787202082,44.5,205.57645124979));
#9321 = SURFACE_CURVE('',#9322,(#9327,#9334),.PCURVE_S1.);
#9322 = CIRCLE('',#9323,25.210790894703);
#9323 = AXIS2_PLACEMENT_3D('',#9324,#9325,#9326);
#9324 = CARTESIAN_POINT('',(0.,44.5,212.));
#9325 = DIRECTION('',(-0.,1.,1.110223024625E-16));
#9326 = DIRECTION('',(1.,0.,0.));
#9327 = PCURVE('',#3313,#9328);
#9328 = DEFINITIONAL_REPRESENTATION('',(#9329),#9333);
#9329 = LINE('',#9330,#9331);
#9330 = CARTESIAN_POINT('',(-0.,-7.));
#9331 = VECTOR('',#9332,1.);
#9332 = DIRECTION('',(-1.,0.));
#9333 = ( GEOMETRIC_REPRESENTATION_CONTEXT(2) 
PARAMETRIC_REPRESENTATION_CONTEXT() REPRESENTATION_CONTEXT('2D SPACE',''
  ) );
#9334 = PCURVE('',#5586,#9335);
#9335 = DEFINITIONAL_REPRESENTATION('',(#9336),#9340);
#9336 = CIRCLE('',#9337,25.210790894703);
#9337 = AXIS2_PLACEMENT_2D('',#9338,#9339);
#9338 = CARTESIAN_POINT('',(2.412172678695E-15,0.));
#9339 = DIRECTION('',(1.,0.));
#9340 = ( GEOMETRIC_REPRESENTATION_CONTEXT(2) 
PARAMETRIC_REPRESENTATION_CONTEXT() REPRESENTATION_CONTEXT('2D SPACE',''
  ) );
#9341 = ORIENTED_EDGE('',*,*,#9342,.T.);
#9342 = EDGE_CURVE('',#9319,#3264,#9343,.T.);
#9343 = SURFACE_CURVE('',#9344,(#9348,#9355),.PCURVE_S1.);
#9344 = LINE('',#9345,#9346);
#9345 = CARTESIAN_POINT('',(-24.3787202082,37.5,205.57645124979));
#9346 = VECTOR('',#9347,1.);
#9347 = DIRECTION('',(-0.,-1.,-1.110223024625E-16));
#9348 = PCURVE('',#3313,#9349);
#9349 = DEFINITIONAL_REPRESENTATION('',(#9350),#9354);
#9350 = LINE('',#9351,#9352);
#9351 = CARTESIAN_POINT('',(-2.883958377266,0.));
#9352 = VECTOR('',#9353,1.);
#9353 = DIRECTION('',(-0.,1.));
#9354 = ( GEOMETRIC_REPRESENTATION_CONTEXT(2) 
PARAMETRIC_REPRESENTATION_CONTEXT() REPRESENTATION_CONTEXT('2D SPACE',''
  ) );
#9355 = PCURVE('',#3284,#9356);
#9356 = DEFINITIONAL_REPRESENTATION('',(#9357),#9361);
#9357 = LINE('',#9358,#9359);
#9358 = CARTESIAN_POINT('',(-4.701381566733,-0.1));
#9359 = VECTOR('',#9360,1.);
#9360 = DIRECTION('',(-0.,1.));
#9361 = ( GEOMETRIC_REPRESENTATION_CONTEXT(2) 
PARAMETRIC_REPRESENTATION_CONTEXT() REPRESENTATION_CONTEXT('2D SPACE',''
  ) );
#9362 = ADVANCED_FACE('',(#9363),#3284,.F.);
#9363 = FACE_BOUND('',#9364,.T.);
#9364 = EDGE_LOOP('',(#9365,#9388,#9414,#9415));
#9365 = ORIENTED_EDGE('',*,*,#9366,.F.);
#9366 = EDGE_CURVE('',#9367,#3235,#9369,.T.);
#9367 = VERTEX_POINT('',#9368);
#9368 = CARTESIAN_POINT('',(-24.63782886408,44.5,206.65571647454));
#9369 = SURFACE_CURVE('',#9370,(#9374,#9381),.PCURVE_S1.);
#9370 = LINE('',#9371,#9372);
#9371 = CARTESIAN_POINT('',(-24.63782886408,37.5,206.65571647454));
#9372 = VECTOR('',#9373,1.);
#9373 = DIRECTION('',(-0.,-1.,-1.110223024625E-16));
#9374 = PCURVE('',#3284,#9375);
#9375 = DEFINITIONAL_REPRESENTATION('',(#9376),#9380);
#9376 = LINE('',#9377,#9378);
#9377 = CARTESIAN_POINT('',(-1.581803740447,-0.1));
#9378 = VECTOR('',#9379,1.);
#9379 = DIRECTION('',(-0.,1.));
#9380 = ( GEOMETRIC_REPRESENTATION_CONTEXT(2) 
PARAMETRIC_REPRESENTATION_CONTEXT() REPRESENTATION_CONTEXT('2D SPACE',''
  ) );
#9381 = PCURVE('',#3251,#9382);
#9382 = DEFINITIONAL_REPRESENTATION('',(#9383),#9387);
#9383 = LINE('',#9384,#9385);
#9384 = CARTESIAN_POINT('',(-2.927988031875,0.));
#9385 = VECTOR('',#9386,1.);
#9386 = DIRECTION('',(-0.,1.));
#9387 = ( GEOMETRIC_REPRESENTATION_CONTEXT(2) 
PARAMETRIC_REPRESENTATION_CONTEXT() REPRESENTATION_CONTEXT('2D SPACE',''
  ) );
#9388 = ORIENTED_EDGE('',*,*,#9389,.F.);
#9389 = EDGE_CURVE('',#9319,#9367,#9390,.T.);
#9390 = SURFACE_CURVE('',#9391,(#9396,#9403),.PCURVE_S1.);
#9391 = CIRCLE('',#9392,0.555);
#9392 = AXIS2_PLACEMENT_3D('',#9393,#9394,#9395);
#9393 = CARTESIAN_POINT('',(-24.51421473544,44.5,206.11465774649));
#9394 = DIRECTION('',(0.,-1.,-1.110223024625E-16));
#9395 = DIRECTION('',(-0.972369920398,2.591764179448E-17,-0.233445363856
    ));
#9396 = PCURVE('',#3284,#9397);
#9397 = DEFINITIONAL_REPRESENTATION('',(#9398),#9402);
#9398 = LINE('',#9399,#9400);
#9399 = CARTESIAN_POINT('',(-6.28318530718,-7.1));
#9400 = VECTOR('',#9401,1.);
#9401 = DIRECTION('',(1.,-0.));
#9402 = ( GEOMETRIC_REPRESENTATION_CONTEXT(2) 
PARAMETRIC_REPRESENTATION_CONTEXT() REPRESENTATION_CONTEXT('2D SPACE',''
  ) );
#9403 = PCURVE('',#5586,#9404);
#9404 = DEFINITIONAL_REPRESENTATION('',(#9405),#9413);
#9405 = ( BOUNDED_CURVE() B_SPLINE_CURVE(2,(#9406,#9407,#9408,#9409,
#9410,#9411,#9412),.UNSPECIFIED.,.T.,.F.) B_SPLINE_CURVE_WITH_KNOTS((1,2
    ,2,2,2,1),(-2.094395102393,0.,2.094395102393,4.188790204786,
6.28318530718,8.377580409573),.UNSPECIFIED.) CURVE() 
GEOMETRIC_REPRESENTATION_ITEM() RATIONAL_B_SPLINE_CURVE((1.,0.5,1.,0.5,
1.,0.5,1.)) REPRESENTATION_ITEM('') );
#9406 = CARTESIAN_POINT('',(-25.05388004126,6.014904430449));
#9407 = CARTESIAN_POINT('',(-24.82947176806,6.949632159213));
#9408 = CARTESIAN_POINT('',(-24.13217794593,6.287925029421));
#9409 = CARTESIAN_POINT('',(-23.4348841238,5.626217899629));
#9410 = CARTESIAN_POINT('',(-24.35658621913,5.353197300657));
#9411 = CARTESIAN_POINT('',(-25.27828831446,5.080176701686));
#9412 = CARTESIAN_POINT('',(-25.05388004126,6.014904430449));
#9413 = ( GEOMETRIC_REPRESENTATION_CONTEXT(2) 
PARAMETRIC_REPRESENTATION_CONTEXT() REPRESENTATION_CONTEXT('2D SPACE',''
  ) );
#9414 = ORIENTED_EDGE('',*,*,#9342,.T.);
#9415 = ORIENTED_EDGE('',*,*,#3263,.T.);
#9416 = ADVANCED_FACE('',(#9417),#3251,.T.);
#9417 = FACE_BOUND('',#9418,.F.);
#9418 = EDGE_LOOP('',(#9419,#9420,#9421,#9445));
#9419 = ORIENTED_EDGE('',*,*,#3234,.F.);
#9420 = ORIENTED_EDGE('',*,*,#9366,.F.);
#9421 = ORIENTED_EDGE('',*,*,#9422,.T.);
#9422 = EDGE_CURVE('',#9367,#9423,#9425,.T.);
#9423 = VERTEX_POINT('',#9424);
#9424 = CARTESIAN_POINT('',(-24.80755457609,44.5,207.50898524937));
#9425 = SURFACE_CURVE('',#9426,(#9431,#9438),.PCURVE_S1.);
#9426 = CIRCLE('',#9427,25.210790894703);
#9427 = AXIS2_PLACEMENT_3D('',#9428,#9429,#9430);
#9428 = CARTESIAN_POINT('',(0.,44.5,212.));
#9429 = DIRECTION('',(-0.,1.,1.110223024625E-16));
#9430 = DIRECTION('',(1.,0.,0.));
#9431 = PCURVE('',#3251,#9432);
#9432 = DEFINITIONAL_REPRESENTATION('',(#9433),#9437);
#9433 = LINE('',#9434,#9435);
#9434 = CARTESIAN_POINT('',(-0.,-7.));
#9435 = VECTOR('',#9436,1.);
#9436 = DIRECTION('',(-1.,0.));
#9437 = ( GEOMETRIC_REPRESENTATION_CONTEXT(2) 
PARAMETRIC_REPRESENTATION_CONTEXT() REPRESENTATION_CONTEXT('2D SPACE',''
  ) );
#9438 = PCURVE('',#5586,#9439);
#9439 = DEFINITIONAL_REPRESENTATION('',(#9440),#9444);
#9440 = CIRCLE('',#9441,25.210790894703);
#9441 = AXIS2_PLACEMENT_2D('',#9442,#9443);
#9442 = CARTESIAN_POINT('',(2.412172678695E-15,0.));
#9443 = DIRECTION('',(1.,0.));
#9444 = ( GEOMETRIC_REPRESENTATION_CONTEXT(2) 
PARAMETRIC_REPRESENTATION_CONTEXT() REPRESENTATION_CONTEXT('2D SPACE',''
  ) );
#9445 = ORIENTED_EDGE('',*,*,#9446,.T.);
#9446 = EDGE_CURVE('',#9423,#3202,#9447,.T.);
#9447 = SURFACE_CURVE('',#9448,(#9452,#9459),.PCURVE_S1.);
#9448 = LINE('',#9449,#9450);
#9449 = CARTESIAN_POINT('',(-24.80755457609,37.5,207.50898524937));
#9450 = VECTOR('',#9451,1.);
#9451 = DIRECTION('',(-0.,-1.,-1.110223024625E-16));
#9452 = PCURVE('',#3251,#9453);
#9453 = DEFINITIONAL_REPRESENTATION('',(#9454),#9458);
#9454 = LINE('',#9455,#9456);
#9455 = CARTESIAN_POINT('',(-2.962498193606,0.));
#9456 = VECTOR('',#9457,1.);
#9457 = DIRECTION('',(-0.,1.));
#9458 = ( GEOMETRIC_REPRESENTATION_CONTEXT(2) 
PARAMETRIC_REPRESENTATION_CONTEXT() REPRESENTATION_CONTEXT('2D SPACE',''
  ) );
#9459 = PCURVE('',#3222,#9460);
#9460 = DEFINITIONAL_REPRESENTATION('',(#9461),#9465);
#9461 = LINE('',#9462,#9463);
#9462 = CARTESIAN_POINT('',(-4.701381566733,-0.1));
#9463 = VECTOR('',#9464,1.);
#9464 = DIRECTION('',(-0.,1.));
#9465 = ( GEOMETRIC_REPRESENTATION_CONTEXT(2) 
PARAMETRIC_REPRESENTATION_CONTEXT() REPRESENTATION_CONTEXT('2D SPACE',''
  ) );
#9466 = ADVANCED_FACE('',(#9467),#3222,.F.);
#9467 = FACE_BOUND('',#9468,.T.);
#9468 = EDGE_LOOP('',(#9469,#9492,#9518,#9519));
#9469 = ORIENTED_EDGE('',*,*,#9470,.F.);
#9470 = EDGE_CURVE('',#9471,#3173,#9473,.T.);
#9471 = VERTEX_POINT('',#9472);
#9472 = CARTESIAN_POINT('',(-24.98118631287,44.5,208.60525289046));
#9473 = SURFACE_CURVE('',#9474,(#9478,#9485),.PCURVE_S1.);
#9474 = LINE('',#9475,#9476);
#9475 = CARTESIAN_POINT('',(-24.98118631287,37.5,208.60525289046));
#9476 = VECTOR('',#9477,1.);
#9477 = DIRECTION('',(-0.,-1.,-1.110223024625E-16));
#9478 = PCURVE('',#3222,#9479);
#9479 = DEFINITIONAL_REPRESENTATION('',(#9480),#9484);
#9480 = LINE('',#9481,#9482);
#9481 = CARTESIAN_POINT('',(-1.581803740447,-0.1));
#9482 = VECTOR('',#9483,1.);
#9483 = DIRECTION('',(-0.,1.));
#9484 = ( GEOMETRIC_REPRESENTATION_CONTEXT(2) 
PARAMETRIC_REPRESENTATION_CONTEXT() REPRESENTATION_CONTEXT('2D SPACE',''
  ) );
#9485 = PCURVE('',#3189,#9486);
#9486 = DEFINITIONAL_REPRESENTATION('',(#9487),#9491);
#9487 = LINE('',#9488,#9489);
#9488 = CARTESIAN_POINT('',(-3.006527848215,0.));
#9489 = VECTOR('',#9490,1.);
#9490 = DIRECTION('',(-0.,1.));
#9491 = ( GEOMETRIC_REPRESENTATION_CONTEXT(2) 
PARAMETRIC_REPRESENTATION_CONTEXT() REPRESENTATION_CONTEXT('2D SPACE',''
  ) );
#9492 = ORIENTED_EDGE('',*,*,#9493,.F.);
#9493 = EDGE_CURVE('',#9423,#9471,#9494,.T.);
#9494 = SURFACE_CURVE('',#9495,(#9500,#9507),.PCURVE_S1.);
#9495 = CIRCLE('',#9496,0.555);
#9496 = AXIS2_PLACEMENT_3D('',#9497,#9498,#9499);
#9497 = CARTESIAN_POINT('',(-24.90040422388,44.5,208.05616341314));
#9498 = DIRECTION('',(0.,-1.,-1.110223024625E-16));
#9499 = DIRECTION('',(-0.987688340595,1.736771449326E-17,-0.15643446504)
  );
#9500 = PCURVE('',#3222,#9501);
#9501 = DEFINITIONAL_REPRESENTATION('',(#9502),#9506);
#9502 = LINE('',#9503,#9504);
#9503 = CARTESIAN_POINT('',(-6.28318530718,-7.1));
#9504 = VECTOR('',#9505,1.);
#9505 = DIRECTION('',(1.,-0.));
#9506 = ( GEOMETRIC_REPRESENTATION_CONTEXT(2) 
PARAMETRIC_REPRESENTATION_CONTEXT() REPRESENTATION_CONTEXT('2D SPACE',''
  ) );
#9507 = PCURVE('',#5586,#9508);
#9508 = DEFINITIONAL_REPRESENTATION('',(#9509),#9517);
#9509 = ( BOUNDED_CURVE() B_SPLINE_CURVE(2,(#9510,#9511,#9512,#9513,
#9514,#9515,#9516),.UNSPECIFIED.,.T.,.F.) B_SPLINE_CURVE_WITH_KNOTS((1,2
    ,2,2,2,1),(-2.094395102393,0.,2.094395102393,4.188790204786,
6.28318530718,8.377580409573),.UNSPECIFIED.) CURVE() 
GEOMETRIC_REPRESENTATION_ITEM() RATIONAL_B_SPLINE_CURVE((1.,0.5,1.,0.5,
1.,0.5,1.)) REPRESENTATION_ITEM('') );
#9510 = CARTESIAN_POINT('',(-25.44857125291,4.030657714951));
#9511 = CARTESIAN_POINT('',(-25.29819264787,4.980110860266));
#9512 = CARTESIAN_POINT('',(-24.55113140684,4.375152595463));
#9513 = CARTESIAN_POINT('',(-23.80407016582,3.770194330659));
#9514 = CARTESIAN_POINT('',(-24.70151001188,3.425699450148));
#9515 = CARTESIAN_POINT('',(-25.59894985794,3.081204569637));
#9516 = CARTESIAN_POINT('',(-25.44857125291,4.030657714951));
#9517 = ( GEOMETRIC_REPRESENTATION_CONTEXT(2) 
PARAMETRIC_REPRESENTATION_CONTEXT() REPRESENTATION_CONTEXT('2D SPACE',''
  ) );
#9518 = ORIENTED_EDGE('',*,*,#9446,.T.);
#9519 = ORIENTED_EDGE('',*,*,#3201,.T.);
#9520 = ADVANCED_FACE('',(#9521),#3189,.T.);
#9521 = FACE_BOUND('',#9522,.F.);
#9522 = EDGE_LOOP('',(#9523,#9524,#9525,#9549));
#9523 = ORIENTED_EDGE('',*,*,#3172,.F.);
#9524 = ORIENTED_EDGE('',*,*,#9470,.F.);
#9525 = ORIENTED_EDGE('',*,*,#9526,.T.);
#9526 = EDGE_CURVE('',#9471,#9527,#9529,.T.);
#9527 = VERTEX_POINT('',#9528);
#9528 = CARTESIAN_POINT('',(-25.08344212067,44.5,209.46920784831));
#9529 = SURFACE_CURVE('',#9530,(#9535,#9542),.PCURVE_S1.);
#9530 = CIRCLE('',#9531,25.210790894703);
#9531 = AXIS2_PLACEMENT_3D('',#9532,#9533,#9534);
#9532 = CARTESIAN_POINT('',(0.,44.5,212.));
#9533 = DIRECTION('',(-0.,1.,1.110223024625E-16));
#9534 = DIRECTION('',(1.,0.,0.));
#9535 = PCURVE('',#3189,#9536);
#9536 = DEFINITIONAL_REPRESENTATION('',(#9537),#9541);
#9537 = LINE('',#9538,#9539);
#9538 = CARTESIAN_POINT('',(-0.,-7.));
#9539 = VECTOR('',#9540,1.);
#9540 = DIRECTION('',(-1.,0.));
#9541 = ( GEOMETRIC_REPRESENTATION_CONTEXT(2) 
PARAMETRIC_REPRESENTATION_CONTEXT() REPRESENTATION_CONTEXT('2D SPACE',''
  ) );
#9542 = PCURVE('',#5586,#9543);
#9543 = DEFINITIONAL_REPRESENTATION('',(#9544),#9548);
#9544 = CIRCLE('',#9545,25.210790894703);
#9545 = AXIS2_PLACEMENT_2D('',#9546,#9547);
#9546 = CARTESIAN_POINT('',(2.412172678695E-15,0.));
#9547 = DIRECTION('',(1.,0.));
#9548 = ( GEOMETRIC_REPRESENTATION_CONTEXT(2) 
PARAMETRIC_REPRESENTATION_CONTEXT() REPRESENTATION_CONTEXT('2D SPACE',''
  ) );
#9549 = ORIENTED_EDGE('',*,*,#9550,.T.);
#9550 = EDGE_CURVE('',#9527,#3140,#9551,.T.);
#9551 = SURFACE_CURVE('',#9552,(#9556,#9563),.PCURVE_S1.);
#9552 = LINE('',#9553,#9554);
#9553 = CARTESIAN_POINT('',(-25.08344212067,37.5,209.46920784831));
#9554 = VECTOR('',#9555,1.);
#9555 = DIRECTION('',(-0.,-1.,-1.110223024625E-16));
#9556 = PCURVE('',#3189,#9557);
#9557 = DEFINITIONAL_REPRESENTATION('',(#9558),#9562);
#9558 = LINE('',#9559,#9560);
#9559 = CARTESIAN_POINT('',(-3.041038009946,0.));
#9560 = VECTOR('',#9561,1.);
#9561 = DIRECTION('',(-0.,1.));
#9562 = ( GEOMETRIC_REPRESENTATION_CONTEXT(2) 
PARAMETRIC_REPRESENTATION_CONTEXT() REPRESENTATION_CONTEXT('2D SPACE',''
  ) );
#9563 = PCURVE('',#3160,#9564);
#9564 = DEFINITIONAL_REPRESENTATION('',(#9565),#9569);
#9565 = LINE('',#9566,#9567);
#9566 = CARTESIAN_POINT('',(-4.701381566733,-0.1));
#9567 = VECTOR('',#9568,1.);
#9568 = DIRECTION('',(-0.,1.));
#9569 = ( GEOMETRIC_REPRESENTATION_CONTEXT(2) 
PARAMETRIC_REPRESENTATION_CONTEXT() REPRESENTATION_CONTEXT('2D SPACE',''
  ) );
#9570 = ADVANCED_FACE('',(#9571),#3160,.F.);
#9571 = FACE_BOUND('',#9572,.T.);
#9572 = EDGE_LOOP('',(#9573,#9596,#9622,#9623));
#9573 = ORIENTED_EDGE('',*,*,#9574,.F.);
#9574 = EDGE_CURVE('',#9575,#3111,#9577,.T.);
#9575 = VERTEX_POINT('',#9576);
#9576 = CARTESIAN_POINT('',(-25.17052644096,44.5,210.57571905117));
#9577 = SURFACE_CURVE('',#9578,(#9582,#9589),.PCURVE_S1.);
#9578 = LINE('',#9579,#9580);
#9579 = CARTESIAN_POINT('',(-25.17052644096,37.5,210.57571905117));
#9580 = VECTOR('',#9581,1.);
#9581 = DIRECTION('',(-0.,-1.,-1.110223024625E-16));
#9582 = PCURVE('',#3160,#9583);
#9583 = DEFINITIONAL_REPRESENTATION('',(#9584),#9588);
#9584 = LINE('',#9585,#9586);
#9585 = CARTESIAN_POINT('',(-1.581803740447,-0.1));
#9586 = VECTOR('',#9587,1.);
#9587 = DIRECTION('',(-0.,1.));
#9588 = ( GEOMETRIC_REPRESENTATION_CONTEXT(2) 
PARAMETRIC_REPRESENTATION_CONTEXT() REPRESENTATION_CONTEXT('2D SPACE',''
  ) );
#9589 = PCURVE('',#3127,#9590);
#9590 = DEFINITIONAL_REPRESENTATION('',(#9591),#9595);
#9591 = LINE('',#9592,#9593);
#9592 = CARTESIAN_POINT('',(-3.085067664554,0.));
#9593 = VECTOR('',#9594,1.);
#9594 = DIRECTION('',(-0.,1.));
#9595 = ( GEOMETRIC_REPRESENTATION_CONTEXT(2) 
PARAMETRIC_REPRESENTATION_CONTEXT() REPRESENTATION_CONTEXT('2D SPACE',''
  ) );
#9596 = ORIENTED_EDGE('',*,*,#9597,.F.);
#9597 = EDGE_CURVE('',#9527,#9575,#9598,.T.);
#9598 = SURFACE_CURVE('',#9599,(#9604,#9611),.PCURVE_S1.);
#9599 = CIRCLE('',#9600,0.555);
#9600 = AXIS2_PLACEMENT_3D('',#9601,#9602,#9603);
#9601 = CARTESIAN_POINT('',(-25.13307444005,44.5,210.02198414381));
#9602 = DIRECTION('',(0.,-1.,-1.110223024625E-16));
#9603 = DIRECTION('',(-0.996917333733,8.710709456832E-18,
    -7.845909572785E-02));
#9604 = PCURVE('',#3160,#9605);
#9605 = DEFINITIONAL_REPRESENTATION('',(#9606),#9610);
#9606 = LINE('',#9607,#9608);
#9607 = CARTESIAN_POINT('',(-6.28318530718,-7.1));
#9608 = VECTOR('',#9609,1.);
#9609 = DIRECTION('',(1.,-0.));
#9610 = ( GEOMETRIC_REPRESENTATION_CONTEXT(2) 
PARAMETRIC_REPRESENTATION_CONTEXT() REPRESENTATION_CONTEXT('2D SPACE',''
  ) );
#9611 = PCURVE('',#5586,#9612);
#9612 = DEFINITIONAL_REPRESENTATION('',(#9613),#9621);
#9613 = ( BOUNDED_CURVE() B_SPLINE_CURVE(2,(#9614,#9615,#9616,#9617,
#9618,#9619,#9620),.UNSPECIFIED.,.T.,.F.) B_SPLINE_CURVE_WITH_KNOTS((1,2
    ,2,2,2,1),(-2.094395102393,0.,2.094395102393,4.188790204786,
6.28318530718,8.377580409573),.UNSPECIFIED.) CURVE() 
GEOMETRIC_REPRESENTATION_ITEM() RATIONAL_B_SPLINE_CURVE((1.,0.5,1.,0.5,
1.,0.5,1.)) REPRESENTATION_ITEM('') );
#9614 = CARTESIAN_POINT('',(-25.68636356027,2.021560654311));
#9615 = CARTESIAN_POINT('',(-25.6109417575,2.979885521811));
#9616 = CARTESIAN_POINT('',(-24.81871897855,2.435405890867));
#9617 = CARTESIAN_POINT('',(-24.0264961996,1.890926259924));
#9618 = CARTESIAN_POINT('',(-24.89414078132,1.477081023368));
#9619 = CARTESIAN_POINT('',(-25.76178536303,1.063235786812));
#9620 = CARTESIAN_POINT('',(-25.68636356027,2.021560654311));
#9621 = ( GEOMETRIC_REPRESENTATION_CONTEXT(2) 
PARAMETRIC_REPRESENTATION_CONTEXT() REPRESENTATION_CONTEXT('2D SPACE',''
  ) );
#9622 = ORIENTED_EDGE('',*,*,#9550,.T.);
#9623 = ORIENTED_EDGE('',*,*,#3139,.T.);
#9624 = ADVANCED_FACE('',(#9625),#3127,.T.);
#9625 = FACE_BOUND('',#9626,.F.);
#9626 = EDGE_LOOP('',(#9627,#9628,#9629,#9653));
#9627 = ORIENTED_EDGE('',*,*,#3110,.F.);
#9628 = ORIENTED_EDGE('',*,*,#9574,.F.);
#9629 = ORIENTED_EDGE('',*,*,#9630,.T.);
#9630 = EDGE_CURVE('',#9575,#9631,#9633,.T.);
#9631 = VERTEX_POINT('',#9632);
#9632 = CARTESIAN_POINT('',(-25.20468190349,44.5,211.44503362243));
#9633 = SURFACE_CURVE('',#9634,(#9639,#9646),.PCURVE_S1.);
#9634 = CIRCLE('',#9635,25.210790894703);
#9635 = AXIS2_PLACEMENT_3D('',#9636,#9637,#9638);
#9636 = CARTESIAN_POINT('',(0.,44.5,212.));
#9637 = DIRECTION('',(-0.,1.,1.110223024625E-16));
#9638 = DIRECTION('',(1.,0.,0.));
#9639 = PCURVE('',#3127,#9640);
#9640 = DEFINITIONAL_REPRESENTATION('',(#9641),#9645);
#9641 = LINE('',#9642,#9643);
#9642 = CARTESIAN_POINT('',(-0.,-7.));
#9643 = VECTOR('',#9644,1.);
#9644 = DIRECTION('',(-1.,0.));
#9645 = ( GEOMETRIC_REPRESENTATION_CONTEXT(2) 
PARAMETRIC_REPRESENTATION_CONTEXT() REPRESENTATION_CONTEXT('2D SPACE',''
  ) );
#9646 = PCURVE('',#5586,#9647);
#9647 = DEFINITIONAL_REPRESENTATION('',(#9648),#9652);
#9648 = CIRCLE('',#9649,25.210790894703);
#9649 = AXIS2_PLACEMENT_2D('',#9650,#9651);
#9650 = CARTESIAN_POINT('',(2.412172678695E-15,0.));
#9651 = DIRECTION('',(1.,0.));
#9652 = ( GEOMETRIC_REPRESENTATION_CONTEXT(2) 
PARAMETRIC_REPRESENTATION_CONTEXT() REPRESENTATION_CONTEXT('2D SPACE',''
  ) );
#9653 = ORIENTED_EDGE('',*,*,#9654,.T.);
#9654 = EDGE_CURVE('',#9631,#3078,#9655,.T.);
#9655 = SURFACE_CURVE('',#9656,(#9660,#9667),.PCURVE_S1.);
#9656 = LINE('',#9657,#9658);
#9657 = CARTESIAN_POINT('',(-25.20468190349,37.5,211.44503362243));
#9658 = VECTOR('',#9659,1.);
#9659 = DIRECTION('',(-0.,-1.,-1.110223024625E-16));
#9660 = PCURVE('',#3127,#9661);
#9661 = DEFINITIONAL_REPRESENTATION('',(#9662),#9666);
#9662 = LINE('',#9663,#9664);
#9663 = CARTESIAN_POINT('',(-3.119577826286,0.));
#9664 = VECTOR('',#9665,1.);
#9665 = DIRECTION('',(-0.,1.));
#9666 = ( GEOMETRIC_REPRESENTATION_CONTEXT(2) 
PARAMETRIC_REPRESENTATION_CONTEXT() REPRESENTATION_CONTEXT('2D SPACE',''
  ) );
#9667 = PCURVE('',#3098,#9668);
#9668 = DEFINITIONAL_REPRESENTATION('',(#9669),#9673);
#9669 = LINE('',#9670,#9671);
#9670 = CARTESIAN_POINT('',(-4.701381566733,-0.1));
#9671 = VECTOR('',#9672,1.);
#9672 = DIRECTION('',(-0.,1.));
#9673 = ( GEOMETRIC_REPRESENTATION_CONTEXT(2) 
PARAMETRIC_REPRESENTATION_CONTEXT() REPRESENTATION_CONTEXT('2D SPACE',''
  ) );
#9674 = ADVANCED_FACE('',(#9675),#3098,.F.);
#9675 = FACE_BOUND('',#9676,.T.);
#9676 = EDGE_LOOP('',(#9677,#9700,#9726,#9727));
#9677 = ORIENTED_EDGE('',*,*,#9678,.F.);
#9678 = EDGE_CURVE('',#9679,#3049,#9681,.T.);
#9679 = VERTEX_POINT('',#9680);
#9680 = CARTESIAN_POINT('',(-25.20468190349,44.5,212.55496637756));
#9681 = SURFACE_CURVE('',#9682,(#9686,#9693),.PCURVE_S1.);
#9682 = LINE('',#9683,#9684);
#9683 = CARTESIAN_POINT('',(-25.20468190349,37.5,212.55496637756));
#9684 = VECTOR('',#9685,1.);
#9685 = DIRECTION('',(-0.,-1.,-1.110223024625E-16));
#9686 = PCURVE('',#3098,#9687);
#9687 = DEFINITIONAL_REPRESENTATION('',(#9688),#9692);
#9688 = LINE('',#9689,#9690);
#9689 = CARTESIAN_POINT('',(-1.581803740447,-0.1));
#9690 = VECTOR('',#9691,1.);
#9691 = DIRECTION('',(-0.,1.));
#9692 = ( GEOMETRIC_REPRESENTATION_CONTEXT(2) 
PARAMETRIC_REPRESENTATION_CONTEXT() REPRESENTATION_CONTEXT('2D SPACE',''
  ) );
#9693 = PCURVE('',#3065,#9694);
#9694 = DEFINITIONAL_REPRESENTATION('',(#9695),#9699);
#9695 = LINE('',#9696,#9697);
#9696 = CARTESIAN_POINT('',(-3.163607480894,0.));
#9697 = VECTOR('',#9698,1.);
#9698 = DIRECTION('',(-0.,1.));
#9699 = ( GEOMETRIC_REPRESENTATION_CONTEXT(2) 
PARAMETRIC_REPRESENTATION_CONTEXT() REPRESENTATION_CONTEXT('2D SPACE',''
  ) );
#9700 = ORIENTED_EDGE('',*,*,#9701,.F.);
#9701 = EDGE_CURVE('',#9631,#9679,#9702,.T.);
#9702 = SURFACE_CURVE('',#9703,(#9708,#9715),.PCURVE_S1.);
#9703 = CIRCLE('',#9704,0.555);
#9704 = AXIS2_PLACEMENT_3D('',#9705,#9706,#9707);
#9705 = CARTESIAN_POINT('',(-25.2107908947,44.5,212.));
#9706 = DIRECTION('',(0.,-1.,-1.110223024625E-16));
#9707 = DIRECTION('',(-1.,1.359631073447E-32,-1.224646799147E-16));
#9708 = PCURVE('',#3098,#9709);
#9709 = DEFINITIONAL_REPRESENTATION('',(#9710),#9714);
#9710 = LINE('',#9711,#9712);
#9711 = CARTESIAN_POINT('',(-6.28318530718,-7.1));
#9712 = VECTOR('',#9713,1.);
#9713 = DIRECTION('',(1.,-0.));
#9714 = ( GEOMETRIC_REPRESENTATION_CONTEXT(2) 
PARAMETRIC_REPRESENTATION_CONTEXT() REPRESENTATION_CONTEXT('2D SPACE',''
  ) );
#9715 = PCURVE('',#5586,#9716);
#9716 = DEFINITIONAL_REPRESENTATION('',(#9717),#9725);
#9717 = ( BOUNDED_CURVE() B_SPLINE_CURVE(2,(#9718,#9719,#9720,#9721,
#9722,#9723,#9724),.UNSPECIFIED.,.T.,.F.) B_SPLINE_CURVE_WITH_KNOTS((1,2
    ,2,2,2,1),(-2.094395102393,0.,2.094395102393,4.188790204786,
6.28318530718,8.377580409573),.UNSPECIFIED.) CURVE() 
GEOMETRIC_REPRESENTATION_ITEM() RATIONAL_B_SPLINE_CURVE((1.,0.5,1.,0.5,
1.,0.5,1.)) REPRESENTATION_ITEM('') );
#9718 = CARTESIAN_POINT('',(-25.7657908947,6.796789735268E-17));
#9719 = CARTESIAN_POINT('',(-25.7657908947,0.961288198201));
#9720 = CARTESIAN_POINT('',(-24.9332908947,0.4806440991));
#9721 = CARTESIAN_POINT('',(-24.1007908947,0.));
#9722 = CARTESIAN_POINT('',(-24.9332908947,-0.4806440991));
#9723 = CARTESIAN_POINT('',(-25.7657908947,-0.961288198201));
#9724 = CARTESIAN_POINT('',(-25.7657908947,6.796789735268E-17));
#9725 = ( GEOMETRIC_REPRESENTATION_CONTEXT(2) 
PARAMETRIC_REPRESENTATION_CONTEXT() REPRESENTATION_CONTEXT('2D SPACE',''
  ) );
#9726 = ORIENTED_EDGE('',*,*,#9654,.T.);
#9727 = ORIENTED_EDGE('',*,*,#3077,.T.);
#9728 = ADVANCED_FACE('',(#9729),#3065,.T.);
#9729 = FACE_BOUND('',#9730,.F.);
#9730 = EDGE_LOOP('',(#9731,#9754,#9755,#9756));
#9731 = ORIENTED_EDGE('',*,*,#9732,.T.);
#9732 = EDGE_CURVE('',#9733,#3016,#9735,.T.);
#9733 = VERTEX_POINT('',#9734);
#9734 = CARTESIAN_POINT('',(-25.17052644096,44.5,213.42428094882));
#9735 = SURFACE_CURVE('',#9736,(#9740,#9747),.PCURVE_S1.);
#9736 = LINE('',#9737,#9738);
#9737 = CARTESIAN_POINT('',(-25.17052644096,37.5,213.42428094882));
#9738 = VECTOR('',#9739,1.);
#9739 = DIRECTION('',(-0.,-1.,-1.110223024625E-16));
#9740 = PCURVE('',#3065,#9741);
#9741 = DEFINITIONAL_REPRESENTATION('',(#9742),#9746);
#9742 = LINE('',#9743,#9744);
#9743 = CARTESIAN_POINT('',(-3.198117642625,0.));
#9744 = VECTOR('',#9745,1.);
#9745 = DIRECTION('',(-0.,1.));
#9746 = ( GEOMETRIC_REPRESENTATION_CONTEXT(2) 
PARAMETRIC_REPRESENTATION_CONTEXT() REPRESENTATION_CONTEXT('2D SPACE',''
  ) );
#9747 = PCURVE('',#3036,#9748);
#9748 = DEFINITIONAL_REPRESENTATION('',(#9749),#9753);
#9749 = LINE('',#9750,#9751);
#9750 = CARTESIAN_POINT('',(-4.701381566733,-0.1));
#9751 = VECTOR('',#9752,1.);
#9752 = DIRECTION('',(-0.,1.));
#9753 = ( GEOMETRIC_REPRESENTATION_CONTEXT(2) 
PARAMETRIC_REPRESENTATION_CONTEXT() REPRESENTATION_CONTEXT('2D SPACE',''
  ) );
#9754 = ORIENTED_EDGE('',*,*,#3048,.F.);
#9755 = ORIENTED_EDGE('',*,*,#9678,.F.);
#9756 = ORIENTED_EDGE('',*,*,#9757,.T.);
#9757 = EDGE_CURVE('',#9679,#9733,#9758,.T.);
#9758 = SURFACE_CURVE('',#9759,(#9764,#9771),.PCURVE_S1.);
#9759 = CIRCLE('',#9760,25.210790894703);
#9760 = AXIS2_PLACEMENT_3D('',#9761,#9762,#9763);
#9761 = CARTESIAN_POINT('',(0.,44.5,212.));
#9762 = DIRECTION('',(-0.,1.,1.110223024625E-16));
#9763 = DIRECTION('',(1.,0.,0.));
#9764 = PCURVE('',#3065,#9765);
#9765 = DEFINITIONAL_REPRESENTATION('',(#9766),#9770);
#9766 = LINE('',#9767,#9768);
#9767 = CARTESIAN_POINT('',(-0.,-7.));
#9768 = VECTOR('',#9769,1.);
#9769 = DIRECTION('',(-1.,0.));
#9770 = ( GEOMETRIC_REPRESENTATION_CONTEXT(2) 
PARAMETRIC_REPRESENTATION_CONTEXT() REPRESENTATION_CONTEXT('2D SPACE',''
  ) );
#9771 = PCURVE('',#5586,#9772);
#9772 = DEFINITIONAL_REPRESENTATION('',(#9773),#9777);
#9773 = CIRCLE('',#9774,25.210790894703);
#9774 = AXIS2_PLACEMENT_2D('',#9775,#9776);
#9775 = CARTESIAN_POINT('',(2.412172678695E-15,0.));
#9776 = DIRECTION('',(1.,0.));
#9777 = ( GEOMETRIC_REPRESENTATION_CONTEXT(2) 
PARAMETRIC_REPRESENTATION_CONTEXT() REPRESENTATION_CONTEXT('2D SPACE',''
  ) );
#9778 = ADVANCED_FACE('',(#9779),#3036,.F.);
#9779 = FACE_BOUND('',#9780,.T.);
#9780 = EDGE_LOOP('',(#9781,#9804,#9830,#9831));
#9781 = ORIENTED_EDGE('',*,*,#9782,.F.);
#9782 = EDGE_CURVE('',#9783,#2987,#9785,.T.);
#9783 = VERTEX_POINT('',#9784);
#9784 = CARTESIAN_POINT('',(-25.08344212067,44.5,214.53079215168));
#9785 = SURFACE_CURVE('',#9786,(#9790,#9797),.PCURVE_S1.);
#9786 = LINE('',#9787,#9788);
#9787 = CARTESIAN_POINT('',(-25.08344212067,37.5,214.53079215168));
#9788 = VECTOR('',#9789,1.);
#9789 = DIRECTION('',(-0.,-1.,-1.110223024625E-16));
#9790 = PCURVE('',#3036,#9791);
#9791 = DEFINITIONAL_REPRESENTATION('',(#9792),#9796);
#9792 = LINE('',#9793,#9794);
#9793 = CARTESIAN_POINT('',(-1.581803740447,-0.1));
#9794 = VECTOR('',#9795,1.);
#9795 = DIRECTION('',(-0.,1.));
#9796 = ( GEOMETRIC_REPRESENTATION_CONTEXT(2) 
PARAMETRIC_REPRESENTATION_CONTEXT() REPRESENTATION_CONTEXT('2D SPACE',''
  ) );
#9797 = PCURVE('',#3003,#9798);
#9798 = DEFINITIONAL_REPRESENTATION('',(#9799),#9803);
#9799 = LINE('',#9800,#9801);
#9800 = CARTESIAN_POINT('',(-3.242147297234,0.));
#9801 = VECTOR('',#9802,1.);
#9802 = DIRECTION('',(-0.,1.));
#9803 = ( GEOMETRIC_REPRESENTATION_CONTEXT(2) 
PARAMETRIC_REPRESENTATION_CONTEXT() REPRESENTATION_CONTEXT('2D SPACE',''
  ) );
#9804 = ORIENTED_EDGE('',*,*,#9805,.F.);
#9805 = EDGE_CURVE('',#9733,#9783,#9806,.T.);
#9806 = SURFACE_CURVE('',#9807,(#9812,#9819),.PCURVE_S1.);
#9807 = CIRCLE('',#9808,0.555);
#9808 = AXIS2_PLACEMENT_3D('',#9809,#9810,#9811);
#9809 = CARTESIAN_POINT('',(-25.13307444005,44.5,213.97801585618));
#9810 = DIRECTION('',(0.,-1.,-1.110223024625E-16));
#9811 = DIRECTION('',(-0.996917333733,-8.710709456832E-18,
    7.845909572784E-02));
#9812 = PCURVE('',#3036,#9813);
#9813 = DEFINITIONAL_REPRESENTATION('',(#9814),#9818);
#9814 = LINE('',#9815,#9816);
#9815 = CARTESIAN_POINT('',(-6.28318530718,-7.1));
#9816 = VECTOR('',#9817,1.);
#9817 = DIRECTION('',(1.,-0.));
#9818 = ( GEOMETRIC_REPRESENTATION_CONTEXT(2) 
PARAMETRIC_REPRESENTATION_CONTEXT() REPRESENTATION_CONTEXT('2D SPACE',''
  ) );
#9819 = PCURVE('',#5586,#9820);
#9820 = DEFINITIONAL_REPRESENTATION('',(#9821),#9829);
#9821 = ( BOUNDED_CURVE() B_SPLINE_CURVE(2,(#9822,#9823,#9824,#9825,
#9826,#9827,#9828),.UNSPECIFIED.,.T.,.F.) B_SPLINE_CURVE_WITH_KNOTS((1,2
    ,2,2,2,1),(-2.094395102393,0.,2.094395102393,4.188790204786,
6.28318530718,8.377580409573),.UNSPECIFIED.) CURVE() 
GEOMETRIC_REPRESENTATION_ITEM() RATIONAL_B_SPLINE_CURVE((1.,0.5,1.,0.5,
1.,0.5,1.)) REPRESENTATION_ITEM('') );
#9822 = CARTESIAN_POINT('',(-25.68636356027,-2.021560654311));
#9823 = CARTESIAN_POINT('',(-25.76178536303,-1.063235786812));
#9824 = CARTESIAN_POINT('',(-24.89414078132,-1.477081023368));
#9825 = CARTESIAN_POINT('',(-24.0264961996,-1.890926259924));
#9826 = CARTESIAN_POINT('',(-24.81871897855,-2.435405890867));
#9827 = CARTESIAN_POINT('',(-25.6109417575,-2.979885521811));
#9828 = CARTESIAN_POINT('',(-25.68636356027,-2.021560654311));
#9829 = ( GEOMETRIC_REPRESENTATION_CONTEXT(2) 
PARAMETRIC_REPRESENTATION_CONTEXT() REPRESENTATION_CONTEXT('2D SPACE',''
  ) );
#9830 = ORIENTED_EDGE('',*,*,#9732,.T.);
#9831 = ORIENTED_EDGE('',*,*,#3015,.T.);
#9832 = ADVANCED_FACE('',(#9833),#3003,.T.);
#9833 = FACE_BOUND('',#9834,.F.);
#9834 = EDGE_LOOP('',(#9835,#9858,#9859,#9860));
#9835 = ORIENTED_EDGE('',*,*,#9836,.T.);
#9836 = EDGE_CURVE('',#9837,#2954,#9839,.T.);
#9837 = VERTEX_POINT('',#9838);
#9838 = CARTESIAN_POINT('',(-24.98118631287,44.5,215.39474710954));
#9839 = SURFACE_CURVE('',#9840,(#9844,#9851),.PCURVE_S1.);
#9840 = LINE('',#9841,#9842);
#9841 = CARTESIAN_POINT('',(-24.98118631287,37.5,215.39474710954));
#9842 = VECTOR('',#9843,1.);
#9843 = DIRECTION('',(-0.,-1.,-1.110223024625E-16));
#9844 = PCURVE('',#3003,#9845);
#9845 = DEFINITIONAL_REPRESENTATION('',(#9846),#9850);
#9846 = LINE('',#9847,#9848);
#9847 = CARTESIAN_POINT('',(-3.276657458965,0.));
#9848 = VECTOR('',#9849,1.);
#9849 = DIRECTION('',(-0.,1.));
#9850 = ( GEOMETRIC_REPRESENTATION_CONTEXT(2) 
PARAMETRIC_REPRESENTATION_CONTEXT() REPRESENTATION_CONTEXT('2D SPACE',''
  ) );
#9851 = PCURVE('',#2974,#9852);
#9852 = DEFINITIONAL_REPRESENTATION('',(#9853),#9857);
#9853 = LINE('',#9854,#9855);
#9854 = CARTESIAN_POINT('',(-4.701381566733,-0.1));
#9855 = VECTOR('',#9856,1.);
#9856 = DIRECTION('',(-0.,1.));
#9857 = ( GEOMETRIC_REPRESENTATION_CONTEXT(2) 
PARAMETRIC_REPRESENTATION_CONTEXT() REPRESENTATION_CONTEXT('2D SPACE',''
  ) );
#9858 = ORIENTED_EDGE('',*,*,#2986,.F.);
#9859 = ORIENTED_EDGE('',*,*,#9782,.F.);
#9860 = ORIENTED_EDGE('',*,*,#9861,.T.);
#9861 = EDGE_CURVE('',#9783,#9837,#9862,.T.);
#9862 = SURFACE_CURVE('',#9863,(#9868,#9875),.PCURVE_S1.);
#9863 = CIRCLE('',#9864,25.210790894703);
#9864 = AXIS2_PLACEMENT_3D('',#9865,#9866,#9867);
#9865 = CARTESIAN_POINT('',(0.,44.5,212.));
#9866 = DIRECTION('',(-0.,1.,1.110223024625E-16));
#9867 = DIRECTION('',(1.,0.,0.));
#9868 = PCURVE('',#3003,#9869);
#9869 = DEFINITIONAL_REPRESENTATION('',(#9870),#9874);
#9870 = LINE('',#9871,#9872);
#9871 = CARTESIAN_POINT('',(-0.,-7.));
#9872 = VECTOR('',#9873,1.);
#9873 = DIRECTION('',(-1.,0.));
#9874 = ( GEOMETRIC_REPRESENTATION_CONTEXT(2) 
PARAMETRIC_REPRESENTATION_CONTEXT() REPRESENTATION_CONTEXT('2D SPACE',''
  ) );
#9875 = PCURVE('',#5586,#9876);
#9876 = DEFINITIONAL_REPRESENTATION('',(#9877),#9881);
#9877 = CIRCLE('',#9878,25.210790894703);
#9878 = AXIS2_PLACEMENT_2D('',#9879,#9880);
#9879 = CARTESIAN_POINT('',(2.412172678695E-15,0.));
#9880 = DIRECTION('',(1.,0.));
#9881 = ( GEOMETRIC_REPRESENTATION_CONTEXT(2) 
PARAMETRIC_REPRESENTATION_CONTEXT() REPRESENTATION_CONTEXT('2D SPACE',''
  ) );
#9882 = ADVANCED_FACE('',(#9883),#2974,.F.);
#9883 = FACE_BOUND('',#9884,.T.);
#9884 = EDGE_LOOP('',(#9885,#9908,#9934,#9935));
#9885 = ORIENTED_EDGE('',*,*,#9886,.F.);
#9886 = EDGE_CURVE('',#9887,#2925,#9889,.T.);
#9887 = VERTEX_POINT('',#9888);
#9888 = CARTESIAN_POINT('',(-24.80755457609,44.5,216.49101475062));
#9889 = SURFACE_CURVE('',#9890,(#9894,#9901),.PCURVE_S1.);
#9890 = LINE('',#9891,#9892);
#9891 = CARTESIAN_POINT('',(-24.80755457609,37.5,216.49101475062));
#9892 = VECTOR('',#9893,1.);
#9893 = DIRECTION('',(-0.,-1.,-1.110223024625E-16));
#9894 = PCURVE('',#2974,#9895);
#9895 = DEFINITIONAL_REPRESENTATION('',(#9896),#9900);
#9896 = LINE('',#9897,#9898);
#9897 = CARTESIAN_POINT('',(-1.581803740447,-0.1));
#9898 = VECTOR('',#9899,1.);
#9899 = DIRECTION('',(-0.,1.));
#9900 = ( GEOMETRIC_REPRESENTATION_CONTEXT(2) 
PARAMETRIC_REPRESENTATION_CONTEXT() REPRESENTATION_CONTEXT('2D SPACE',''
  ) );
#9901 = PCURVE('',#2941,#9902);
#9902 = DEFINITIONAL_REPRESENTATION('',(#9903),#9907);
#9903 = LINE('',#9904,#9905);
#9904 = CARTESIAN_POINT('',(-3.320687113574,0.));
#9905 = VECTOR('',#9906,1.);
#9906 = DIRECTION('',(-0.,1.));
#9907 = ( GEOMETRIC_REPRESENTATION_CONTEXT(2) 
PARAMETRIC_REPRESENTATION_CONTEXT() REPRESENTATION_CONTEXT('2D SPACE',''
  ) );
#9908 = ORIENTED_EDGE('',*,*,#9909,.F.);
#9909 = EDGE_CURVE('',#9837,#9887,#9910,.T.);
#9910 = SURFACE_CURVE('',#9911,(#9916,#9923),.PCURVE_S1.);
#9911 = CIRCLE('',#9912,0.555);
#9912 = AXIS2_PLACEMENT_3D('',#9913,#9914,#9915);
#9913 = CARTESIAN_POINT('',(-24.90040422388,44.5,215.94383658685));
#9914 = DIRECTION('',(0.,-1.,-1.110223024625E-16));
#9915 = DIRECTION('',(-0.987688340595,-1.736771449326E-17,0.15643446504)
  );
#9916 = PCURVE('',#2974,#9917);
#9917 = DEFINITIONAL_REPRESENTATION('',(#9918),#9922);
#9918 = LINE('',#9919,#9920);
#9919 = CARTESIAN_POINT('',(-6.28318530718,-7.1));
#9920 = VECTOR('',#9921,1.);
#9921 = DIRECTION('',(1.,-0.));
#9922 = ( GEOMETRIC_REPRESENTATION_CONTEXT(2) 
PARAMETRIC_REPRESENTATION_CONTEXT() REPRESENTATION_CONTEXT('2D SPACE',''
  ) );
#9923 = PCURVE('',#5586,#9924);
#9924 = DEFINITIONAL_REPRESENTATION('',(#9925),#9933);
#9925 = ( BOUNDED_CURVE() B_SPLINE_CURVE(2,(#9926,#9927,#9928,#9929,
#9930,#9931,#9932),.UNSPECIFIED.,.T.,.F.) B_SPLINE_CURVE_WITH_KNOTS((1,2
    ,2,2,2,1),(-2.094395102393,0.,2.094395102393,4.188790204786,
6.28318530718,8.377580409573),.UNSPECIFIED.) CURVE() 
GEOMETRIC_REPRESENTATION_ITEM() RATIONAL_B_SPLINE_CURVE((1.,0.5,1.,0.5,
1.,0.5,1.)) REPRESENTATION_ITEM('') );
#9926 = CARTESIAN_POINT('',(-25.44857125291,-4.030657714951));
#9927 = CARTESIAN_POINT('',(-25.59894985794,-3.081204569637));
#9928 = CARTESIAN_POINT('',(-24.70151001188,-3.425699450148));
#9929 = CARTESIAN_POINT('',(-23.80407016582,-3.770194330659));
#9930 = CARTESIAN_POINT('',(-24.55113140684,-4.375152595463));
#9931 = CARTESIAN_POINT('',(-25.29819264787,-4.980110860266));
#9932 = CARTESIAN_POINT('',(-25.44857125291,-4.030657714951));
#9933 = ( GEOMETRIC_REPRESENTATION_CONTEXT(2) 
PARAMETRIC_REPRESENTATION_CONTEXT() REPRESENTATION_CONTEXT('2D SPACE',''
  ) );
#9934 = ORIENTED_EDGE('',*,*,#9836,.T.);
#9935 = ORIENTED_EDGE('',*,*,#2953,.T.);
#9936 = ADVANCED_FACE('',(#9937),#2941,.T.);
#9937 = FACE_BOUND('',#9938,.F.);
#9938 = EDGE_LOOP('',(#9939,#9962,#9963,#9964));
#9939 = ORIENTED_EDGE('',*,*,#9940,.T.);
#9940 = EDGE_CURVE('',#9941,#2892,#9943,.T.);
#9941 = VERTEX_POINT('',#9942);
#9942 = CARTESIAN_POINT('',(-24.63782886408,44.5,217.34428352545));
#9943 = SURFACE_CURVE('',#9944,(#9948,#9955),.PCURVE_S1.);
#9944 = LINE('',#9945,#9946);
#9945 = CARTESIAN_POINT('',(-24.63782886408,37.5,217.34428352545));
#9946 = VECTOR('',#9947,1.);
#9947 = DIRECTION('',(-0.,-1.,-1.110223024625E-16));
#9948 = PCURVE('',#2941,#9949);
#9949 = DEFINITIONAL_REPRESENTATION('',(#9950),#9954);
#9950 = LINE('',#9951,#9952);
#9951 = CARTESIAN_POINT('',(-3.355197275305,0.));
#9952 = VECTOR('',#9953,1.);
#9953 = DIRECTION('',(-0.,1.));
#9954 = ( GEOMETRIC_REPRESENTATION_CONTEXT(2) 
PARAMETRIC_REPRESENTATION_CONTEXT() REPRESENTATION_CONTEXT('2D SPACE',''
  ) );
#9955 = PCURVE('',#2912,#9956);
#9956 = DEFINITIONAL_REPRESENTATION('',(#9957),#9961);
#9957 = LINE('',#9958,#9959);
#9958 = CARTESIAN_POINT('',(-4.701381566733,-0.1));
#9959 = VECTOR('',#9960,1.);
#9960 = DIRECTION('',(-0.,1.));
#9961 = ( GEOMETRIC_REPRESENTATION_CONTEXT(2) 
PARAMETRIC_REPRESENTATION_CONTEXT() REPRESENTATION_CONTEXT('2D SPACE',''
  ) );
#9962 = ORIENTED_EDGE('',*,*,#2924,.F.);
#9963 = ORIENTED_EDGE('',*,*,#9886,.F.);
#9964 = ORIENTED_EDGE('',*,*,#9965,.T.);
#9965 = EDGE_CURVE('',#9887,#9941,#9966,.T.);
#9966 = SURFACE_CURVE('',#9967,(#9972,#9979),.PCURVE_S1.);
#9967 = CIRCLE('',#9968,25.210790894703);
#9968 = AXIS2_PLACEMENT_3D('',#9969,#9970,#9971);
#9969 = CARTESIAN_POINT('',(0.,44.5,212.));
#9970 = DIRECTION('',(-0.,1.,1.110223024625E-16));
#9971 = DIRECTION('',(1.,0.,0.));
#9972 = PCURVE('',#2941,#9973);
#9973 = DEFINITIONAL_REPRESENTATION('',(#9974),#9978);
#9974 = LINE('',#9975,#9976);
#9975 = CARTESIAN_POINT('',(-0.,-7.));
#9976 = VECTOR('',#9977,1.);
#9977 = DIRECTION('',(-1.,0.));
#9978 = ( GEOMETRIC_REPRESENTATION_CONTEXT(2) 
PARAMETRIC_REPRESENTATION_CONTEXT() REPRESENTATION_CONTEXT('2D SPACE',''
  ) );
#9979 = PCURVE('',#5586,#9980);
#9980 = DEFINITIONAL_REPRESENTATION('',(#9981),#9985);
#9981 = CIRCLE('',#9982,25.210790894703);
#9982 = AXIS2_PLACEMENT_2D('',#9983,#9984);
#9983 = CARTESIAN_POINT('',(2.412172678695E-15,0.));
#9984 = DIRECTION('',(1.,0.));
#9985 = ( GEOMETRIC_REPRESENTATION_CONTEXT(2) 
PARAMETRIC_REPRESENTATION_CONTEXT() REPRESENTATION_CONTEXT('2D SPACE',''
  ) );
#9986 = ADVANCED_FACE('',(#9987),#2912,.F.);
#9987 = FACE_BOUND('',#9988,.T.);
#9988 = EDGE_LOOP('',(#9989,#10012,#10038,#10039));
#9989 = ORIENTED_EDGE('',*,*,#9990,.F.);
#9990 = EDGE_CURVE('',#9991,#2863,#9993,.T.);
#9991 = VERTEX_POINT('',#9992);
#9992 = CARTESIAN_POINT('',(-24.3787202082,44.5,218.4235487502));
#9993 = SURFACE_CURVE('',#9994,(#9998,#10005),.PCURVE_S1.);
#9994 = LINE('',#9995,#9996);
#9995 = CARTESIAN_POINT('',(-24.3787202082,37.5,218.4235487502));
#9996 = VECTOR('',#9997,1.);
#9997 = DIRECTION('',(-0.,-1.,-1.110223024625E-16));
#9998 = PCURVE('',#2912,#9999);
#9999 = DEFINITIONAL_REPRESENTATION('',(#10000),#10004);
#10000 = LINE('',#10001,#10002);
#10001 = CARTESIAN_POINT('',(-1.581803740447,-0.1));
#10002 = VECTOR('',#10003,1.);
#10003 = DIRECTION('',(-0.,1.));
#10004 = ( GEOMETRIC_REPRESENTATION_CONTEXT(2) 
PARAMETRIC_REPRESENTATION_CONTEXT() REPRESENTATION_CONTEXT('2D SPACE',''
  ) );
#10005 = PCURVE('',#2879,#10006);
#10006 = DEFINITIONAL_REPRESENTATION('',(#10007),#10011);
#10007 = LINE('',#10008,#10009);
#10008 = CARTESIAN_POINT('',(-3.399226929913,0.));
#10009 = VECTOR('',#10010,1.);
#10010 = DIRECTION('',(-0.,1.));
#10011 = ( GEOMETRIC_REPRESENTATION_CONTEXT(2) 
PARAMETRIC_REPRESENTATION_CONTEXT() REPRESENTATION_CONTEXT('2D SPACE',''
  ) );
#10012 = ORIENTED_EDGE('',*,*,#10013,.F.);
#10013 = EDGE_CURVE('',#9941,#9991,#10014,.T.);
#10014 = SURFACE_CURVE('',#10015,(#10020,#10027),.PCURVE_S1.);
#10015 = CIRCLE('',#10016,0.555);
#10016 = AXIS2_PLACEMENT_3D('',#10017,#10018,#10019);
#10017 = CARTESIAN_POINT('',(-24.51421473544,44.5,217.8853422535));
#10018 = DIRECTION('',(0.,-1.,-1.110223024625E-16));
#10019 = DIRECTION('',(-0.972369920398,-2.591764179448E-17,
    0.233445363856));
#10020 = PCURVE('',#2912,#10021);
#10021 = DEFINITIONAL_REPRESENTATION('',(#10022),#10026);
#10022 = LINE('',#10023,#10024);
#10023 = CARTESIAN_POINT('',(-6.28318530718,-7.1));
#10024 = VECTOR('',#10025,1.);
#10025 = DIRECTION('',(1.,-0.));
#10026 = ( GEOMETRIC_REPRESENTATION_CONTEXT(2) 
PARAMETRIC_REPRESENTATION_CONTEXT() REPRESENTATION_CONTEXT('2D SPACE',''
  ) );
#10027 = PCURVE('',#5586,#10028);
#10028 = DEFINITIONAL_REPRESENTATION('',(#10029),#10037);
#10029 = ( BOUNDED_CURVE() B_SPLINE_CURVE(2,(#10030,#10031,#10032,#10033
    ,#10034,#10035,#10036),.UNSPECIFIED.,.T.,.F.) 
B_SPLINE_CURVE_WITH_KNOTS((1,2,2,2,2,1),(-2.094395102393,0.,
    2.094395102393,4.188790204786,6.28318530718,8.377580409573),
.UNSPECIFIED.) CURVE() GEOMETRIC_REPRESENTATION_ITEM() 
RATIONAL_B_SPLINE_CURVE((1.,0.5,1.,0.5,1.,0.5,1.)) REPRESENTATION_ITEM(
  '') );
#10030 = CARTESIAN_POINT('',(-25.05388004126,-6.014904430449));
#10031 = CARTESIAN_POINT('',(-25.27828831446,-5.080176701686));
#10032 = CARTESIAN_POINT('',(-24.35658621913,-5.353197300657));
#10033 = CARTESIAN_POINT('',(-23.4348841238,-5.626217899629));
#10034 = CARTESIAN_POINT('',(-24.13217794593,-6.287925029421));
#10035 = CARTESIAN_POINT('',(-24.82947176806,-6.949632159213));
#10036 = CARTESIAN_POINT('',(-25.05388004126,-6.014904430449));
#10037 = ( GEOMETRIC_REPRESENTATION_CONTEXT(2) 
PARAMETRIC_REPRESENTATION_CONTEXT() REPRESENTATION_CONTEXT('2D SPACE',''
  ) );
#10038 = ORIENTED_EDGE('',*,*,#9940,.T.);
#10039 = ORIENTED_EDGE('',*,*,#2891,.T.);
#10040 = ADVANCED_FACE('',(#10041),#2879,.T.);
#10041 = FACE_BOUND('',#10042,.F.);
#10042 = EDGE_LOOP('',(#10043,#10066,#10067,#10068));
#10043 = ORIENTED_EDGE('',*,*,#10044,.T.);
#10044 = EDGE_CURVE('',#10045,#2830,#10047,.T.);
#10045 = VERTEX_POINT('',#10046);
#10046 = CARTESIAN_POINT('',(-24.14257100743,44.5,219.26087065628));
#10047 = SURFACE_CURVE('',#10048,(#10052,#10059),.PCURVE_S1.);
#10048 = LINE('',#10049,#10050);
#10049 = CARTESIAN_POINT('',(-24.14257100743,37.5,219.26087065628));
#10050 = VECTOR('',#10051,1.);
#10051 = DIRECTION('',(-0.,-1.,-1.110223024625E-16));
#10052 = PCURVE('',#2879,#10053);
#10053 = DEFINITIONAL_REPRESENTATION('',(#10054),#10058);
#10054 = LINE('',#10055,#10056);
#10055 = CARTESIAN_POINT('',(-3.433737091645,0.));
#10056 = VECTOR('',#10057,1.);
#10057 = DIRECTION('',(-0.,1.));
#10058 = ( GEOMETRIC_REPRESENTATION_CONTEXT(2) 
PARAMETRIC_REPRESENTATION_CONTEXT() REPRESENTATION_CONTEXT('2D SPACE',''
  ) );
#10059 = PCURVE('',#2850,#10060);
#10060 = DEFINITIONAL_REPRESENTATION('',(#10061),#10065);
#10061 = LINE('',#10062,#10063);
#10062 = CARTESIAN_POINT('',(-4.701381566733,-0.1));
#10063 = VECTOR('',#10064,1.);
#10064 = DIRECTION('',(-0.,1.));
#10065 = ( GEOMETRIC_REPRESENTATION_CONTEXT(2) 
PARAMETRIC_REPRESENTATION_CONTEXT() REPRESENTATION_CONTEXT('2D SPACE',''
  ) );
#10066 = ORIENTED_EDGE('',*,*,#2862,.F.);
#10067 = ORIENTED_EDGE('',*,*,#9990,.F.);
#10068 = ORIENTED_EDGE('',*,*,#10069,.T.);
#10069 = EDGE_CURVE('',#9991,#10045,#10070,.T.);
#10070 = SURFACE_CURVE('',#10071,(#10076,#10083),.PCURVE_S1.);
#10071 = CIRCLE('',#10072,25.210790894703);
#10072 = AXIS2_PLACEMENT_3D('',#10073,#10074,#10075);
#10073 = CARTESIAN_POINT('',(0.,44.5,212.));
#10074 = DIRECTION('',(-0.,1.,1.110223024625E-16));
#10075 = DIRECTION('',(1.,0.,0.));
#10076 = PCURVE('',#2879,#10077);
#10077 = DEFINITIONAL_REPRESENTATION('',(#10078),#10082);
#10078 = LINE('',#10079,#10080);
#10079 = CARTESIAN_POINT('',(-0.,-7.));
#10080 = VECTOR('',#10081,1.);
#10081 = DIRECTION('',(-1.,0.));
#10082 = ( GEOMETRIC_REPRESENTATION_CONTEXT(2) 
PARAMETRIC_REPRESENTATION_CONTEXT() REPRESENTATION_CONTEXT('2D SPACE',''
  ) );
#10083 = PCURVE('',#5586,#10084);
#10084 = DEFINITIONAL_REPRESENTATION('',(#10085),#10089);
#10085 = CIRCLE('',#10086,25.210790894703);
#10086 = AXIS2_PLACEMENT_2D('',#10087,#10088);
#10087 = CARTESIAN_POINT('',(2.412172678695E-15,0.));
#10088 = DIRECTION('',(1.,0.));
#10089 = ( GEOMETRIC_REPRESENTATION_CONTEXT(2) 
PARAMETRIC_REPRESENTATION_CONTEXT() REPRESENTATION_CONTEXT('2D SPACE',''
  ) );
#10090 = ADVANCED_FACE('',(#10091),#2850,.F.);
#10091 = FACE_BOUND('',#10092,.T.);
#10092 = EDGE_LOOP('',(#10093,#10116,#10142,#10143));
#10093 = ORIENTED_EDGE('',*,*,#10094,.F.);
#10094 = EDGE_CURVE('',#10095,#2801,#10097,.T.);
#10095 = VERTEX_POINT('',#10096);
#10096 = CARTESIAN_POINT('',(-23.79958292348,44.5,220.3164794357));
#10097 = SURFACE_CURVE('',#10098,(#10102,#10109),.PCURVE_S1.);
#10098 = LINE('',#10099,#10100);
#10099 = CARTESIAN_POINT('',(-23.79958292348,37.5,220.3164794357));
#10100 = VECTOR('',#10101,1.);
#10101 = DIRECTION('',(-0.,-1.,-1.110223024625E-16));
#10102 = PCURVE('',#2850,#10103);
#10103 = DEFINITIONAL_REPRESENTATION('',(#10104),#10108);
#10104 = LINE('',#10105,#10106);
#10105 = CARTESIAN_POINT('',(-1.581803740447,-0.1));
#10106 = VECTOR('',#10107,1.);
#10107 = DIRECTION('',(-0.,1.));
#10108 = ( GEOMETRIC_REPRESENTATION_CONTEXT(2) 
PARAMETRIC_REPRESENTATION_CONTEXT() REPRESENTATION_CONTEXT('2D SPACE',''
  ) );
#10109 = PCURVE('',#2817,#10110);
#10110 = DEFINITIONAL_REPRESENTATION('',(#10111),#10115);
#10111 = LINE('',#10112,#10113);
#10112 = CARTESIAN_POINT('',(-3.477766746253,0.));
#10113 = VECTOR('',#10114,1.);
#10114 = DIRECTION('',(-0.,1.));
#10115 = ( GEOMETRIC_REPRESENTATION_CONTEXT(2) 
PARAMETRIC_REPRESENTATION_CONTEXT() REPRESENTATION_CONTEXT('2D SPACE',''
  ) );
#10116 = ORIENTED_EDGE('',*,*,#10117,.F.);
#10117 = EDGE_CURVE('',#10045,#10095,#10118,.T.);
#10118 = SURFACE_CURVE('',#10119,(#10124,#10131),.PCURVE_S1.);
#10119 = CIRCLE('',#10120,0.555);
#10120 = AXIS2_PLACEMENT_3D('',#10121,#10122,#10123);
#10121 = CARTESIAN_POINT('',(-23.97688696136,44.5,219.79056282809));
#10122 = DIRECTION('',(0.,-1.,-1.110223024625E-16));
#10123 = DIRECTION('',(-0.951056516295,-3.430777821555E-17,
    0.309016994375));
#10124 = PCURVE('',#2850,#10125);
#10125 = DEFINITIONAL_REPRESENTATION('',(#10126),#10130);
#10126 = LINE('',#10127,#10128);
#10127 = CARTESIAN_POINT('',(-6.28318530718,-7.1));
#10128 = VECTOR('',#10129,1.);
#10129 = DIRECTION('',(1.,-0.));
#10130 = ( GEOMETRIC_REPRESENTATION_CONTEXT(2) 
PARAMETRIC_REPRESENTATION_CONTEXT() REPRESENTATION_CONTEXT('2D SPACE',''
  ) );
#10131 = PCURVE('',#5586,#10132);
#10132 = DEFINITIONAL_REPRESENTATION('',(#10133),#10141);
#10133 = ( BOUNDED_CURVE() B_SPLINE_CURVE(2,(#10134,#10135,#10136,#10137
    ,#10138,#10139,#10140),.UNSPECIFIED.,.T.,.F.) 
B_SPLINE_CURVE_WITH_KNOTS((1,2,2,2,2,1),(-2.094395102393,0.,
    2.094395102393,4.188790204786,6.28318530718,8.377580409573),
.UNSPECIFIED.) CURVE() GEOMETRIC_REPRESENTATION_ITEM() 
RATIONAL_B_SPLINE_CURVE((1.,0.5,1.,0.5,1.,0.5,1.)) REPRESENTATION_ITEM(
  '') );
#10134 = CARTESIAN_POINT('',(-24.5047233279,-7.962067259975));
#10135 = CARTESIAN_POINT('',(-24.80177771764,-7.047827855038));
#10136 = CARTESIAN_POINT('',(-23.86149597295,-7.247690909689));
#10137 = CARTESIAN_POINT('',(-22.92121422827,-7.44755396434));
#10138 = CARTESIAN_POINT('',(-23.56444158322,-8.161930314626));
#10139 = CARTESIAN_POINT('',(-24.20766893817,-8.876306664911));
#10140 = CARTESIAN_POINT('',(-24.5047233279,-7.962067259975));
#10141 = ( GEOMETRIC_REPRESENTATION_CONTEXT(2) 
PARAMETRIC_REPRESENTATION_CONTEXT() REPRESENTATION_CONTEXT('2D SPACE',''
  ) );
#10142 = ORIENTED_EDGE('',*,*,#10044,.T.);
#10143 = ORIENTED_EDGE('',*,*,#2829,.T.);
#10144 = ADVANCED_FACE('',(#10145),#2817,.T.);
#10145 = FACE_BOUND('',#10146,.F.);
#10146 = EDGE_LOOP('',(#10147,#10170,#10171,#10172));
#10147 = ORIENTED_EDGE('',*,*,#10148,.T.);
#10148 = EDGE_CURVE('',#10149,#2768,#10151,.T.);
#10149 = VERTEX_POINT('',#10150);
#10150 = CARTESIAN_POINT('',(-23.4984661723,44.5,221.13269210503));
#10151 = SURFACE_CURVE('',#10152,(#10156,#10163),.PCURVE_S1.);
#10152 = LINE('',#10153,#10154);
#10153 = CARTESIAN_POINT('',(-23.4984661723,37.5,221.13269210503));
#10154 = VECTOR('',#10155,1.);
#10155 = DIRECTION('',(-0.,-1.,-1.110223024625E-16));
#10156 = PCURVE('',#2817,#10157);
#10157 = DEFINITIONAL_REPRESENTATION('',(#10158),#10162);
#10158 = LINE('',#10159,#10160);
#10159 = CARTESIAN_POINT('',(-3.512276907984,0.));
#10160 = VECTOR('',#10161,1.);
#10161 = DIRECTION('',(-0.,1.));
#10162 = ( GEOMETRIC_REPRESENTATION_CONTEXT(2) 
PARAMETRIC_REPRESENTATION_CONTEXT() REPRESENTATION_CONTEXT('2D SPACE',''
  ) );
#10163 = PCURVE('',#2788,#10164);
#10164 = DEFINITIONAL_REPRESENTATION('',(#10165),#10169);
#10165 = LINE('',#10166,#10167);
#10166 = CARTESIAN_POINT('',(-4.701381566733,-0.1));
#10167 = VECTOR('',#10168,1.);
#10168 = DIRECTION('',(-0.,1.));
#10169 = ( GEOMETRIC_REPRESENTATION_CONTEXT(2) 
PARAMETRIC_REPRESENTATION_CONTEXT() REPRESENTATION_CONTEXT('2D SPACE',''
  ) );
#10170 = ORIENTED_EDGE('',*,*,#2800,.F.);
#10171 = ORIENTED_EDGE('',*,*,#10094,.F.);
#10172 = ORIENTED_EDGE('',*,*,#10173,.T.);
#10173 = EDGE_CURVE('',#10095,#10149,#10174,.T.);
#10174 = SURFACE_CURVE('',#10175,(#10180,#10187),.PCURVE_S1.);
#10175 = CIRCLE('',#10176,25.210790894703);
#10176 = AXIS2_PLACEMENT_3D('',#10177,#10178,#10179);
#10177 = CARTESIAN_POINT('',(0.,44.5,212.));
#10178 = DIRECTION('',(-0.,1.,1.110223024625E-16));
#10179 = DIRECTION('',(1.,0.,0.));
#10180 = PCURVE('',#2817,#10181);
#10181 = DEFINITIONAL_REPRESENTATION('',(#10182),#10186);
#10182 = LINE('',#10183,#10184);
#10183 = CARTESIAN_POINT('',(-0.,-7.));
#10184 = VECTOR('',#10185,1.);
#10185 = DIRECTION('',(-1.,0.));
#10186 = ( GEOMETRIC_REPRESENTATION_CONTEXT(2) 
PARAMETRIC_REPRESENTATION_CONTEXT() REPRESENTATION_CONTEXT('2D SPACE',''
  ) );
#10187 = PCURVE('',#5586,#10188);
#10188 = DEFINITIONAL_REPRESENTATION('',(#10189),#10193);
#10189 = CIRCLE('',#10190,25.210790894703);
#10190 = AXIS2_PLACEMENT_2D('',#10191,#10192);
#10191 = CARTESIAN_POINT('',(2.412172678695E-15,0.));
#10192 = DIRECTION('',(1.,0.));
#10193 = ( GEOMETRIC_REPRESENTATION_CONTEXT(2) 
PARAMETRIC_REPRESENTATION_CONTEXT() REPRESENTATION_CONTEXT('2D SPACE',''
  ) );
#10194 = ADVANCED_FACE('',(#10195),#2788,.F.);
#10195 = FACE_BOUND('',#10196,.T.);
#10196 = EDGE_LOOP('',(#10197,#10220,#10246,#10247));
#10197 = ORIENTED_EDGE('',*,*,#10198,.F.);
#10198 = EDGE_CURVE('',#10199,#2739,#10201,.T.);
#10199 = VERTEX_POINT('',#10200);
#10200 = CARTESIAN_POINT('',(-23.07371329588,44.5,222.15813625996));
#10201 = SURFACE_CURVE('',#10202,(#10206,#10213),.PCURVE_S1.);
#10202 = LINE('',#10203,#10204);
#10203 = CARTESIAN_POINT('',(-23.07371329588,37.5,222.15813625996));
#10204 = VECTOR('',#10205,1.);
#10205 = DIRECTION('',(-0.,-1.,-1.110223024625E-16));
#10206 = PCURVE('',#2788,#10207);
#10207 = DEFINITIONAL_REPRESENTATION('',(#10208),#10212);
#10208 = LINE('',#10209,#10210);
#10209 = CARTESIAN_POINT('',(-1.581803740447,-0.1));
#10210 = VECTOR('',#10211,1.);
#10211 = DIRECTION('',(-0.,1.));
#10212 = ( GEOMETRIC_REPRESENTATION_CONTEXT(2) 
PARAMETRIC_REPRESENTATION_CONTEXT() REPRESENTATION_CONTEXT('2D SPACE',''
  ) );
#10213 = PCURVE('',#2755,#10214);
#10214 = DEFINITIONAL_REPRESENTATION('',(#10215),#10219);
#10215 = LINE('',#10216,#10217);
#10216 = CARTESIAN_POINT('',(-3.556306562593,0.));
#10217 = VECTOR('',#10218,1.);
#10218 = DIRECTION('',(-0.,1.));
#10219 = ( GEOMETRIC_REPRESENTATION_CONTEXT(2) 
PARAMETRIC_REPRESENTATION_CONTEXT() REPRESENTATION_CONTEXT('2D SPACE',''
  ) );
#10220 = ORIENTED_EDGE('',*,*,#10221,.F.);
#10221 = EDGE_CURVE('',#10149,#10199,#10222,.T.);
#10222 = SURFACE_CURVE('',#10223,(#10228,#10235),.PCURVE_S1.);
#10223 = CIRCLE('',#10224,0.555);
#10224 = AXIS2_PLACEMENT_3D('',#10225,#10226,#10227);
#10225 = CARTESIAN_POINT('',(-23.29173370603,44.5,221.64775199222));
#10226 = DIRECTION('',(0.,-1.,-1.110223024625E-16));
#10227 = DIRECTION('',(-0.923879532511,-4.248639577543E-17,
    0.382683432365));
#10228 = PCURVE('',#2788,#10229);
#10229 = DEFINITIONAL_REPRESENTATION('',(#10230),#10234);
#10230 = LINE('',#10231,#10232);
#10231 = CARTESIAN_POINT('',(-6.28318530718,-7.1));
#10232 = VECTOR('',#10233,1.);
#10233 = DIRECTION('',(1.,-0.));
#10234 = ( GEOMETRIC_REPRESENTATION_CONTEXT(2) 
PARAMETRIC_REPRESENTATION_CONTEXT() REPRESENTATION_CONTEXT('2D SPACE',''
  ) );
#10235 = PCURVE('',#5586,#10236);
#10236 = DEFINITIONAL_REPRESENTATION('',(#10237),#10245);
#10237 = ( BOUNDED_CURVE() B_SPLINE_CURVE(2,(#10238,#10239,#10240,#10241
    ,#10242,#10243,#10244),.UNSPECIFIED.,.T.,.F.) 
B_SPLINE_CURVE_WITH_KNOTS((1,2,2,2,2,1),(-2.094395102393,0.,
    2.094395102393,4.188790204786,6.28318530718,8.377580409573),
.UNSPECIFIED.) CURVE() GEOMETRIC_REPRESENTATION_ITEM() 
RATIONAL_B_SPLINE_CURVE((1.,0.5,1.,0.5,1.,0.5,1.)) REPRESENTATION_ITEM(
  '') );
#10238 = CARTESIAN_POINT('',(-23.80448684658,-9.860141297186));
#10239 = CARTESIAN_POINT('',(-24.17235591376,-8.972026806024));
#10240 = CARTESIAN_POINT('',(-23.21929166935,-9.097500094161));
#10241 = CARTESIAN_POINT('',(-22.26622742495,-9.222973382298));
#10242 = CARTESIAN_POINT('',(-22.85142260217,-9.985614585323));
#10243 = CARTESIAN_POINT('',(-23.4366177794,-10.74825578834));
#10244 = CARTESIAN_POINT('',(-23.80448684658,-9.860141297186));
#10245 = ( GEOMETRIC_REPRESENTATION_CONTEXT(2) 
PARAMETRIC_REPRESENTATION_CONTEXT() REPRESENTATION_CONTEXT('2D SPACE',''
  ) );
#10246 = ORIENTED_EDGE('',*,*,#10148,.T.);
#10247 = ORIENTED_EDGE('',*,*,#2767,.T.);
#10248 = ADVANCED_FACE('',(#10249),#2755,.T.);
#10249 = FACE_BOUND('',#10250,.F.);
#10250 = EDGE_LOOP('',(#10251,#10274,#10275,#10276));
#10251 = ORIENTED_EDGE('',*,*,#10252,.T.);
#10252 = EDGE_CURVE('',#10253,#2706,#10255,.T.);
#10253 = VERTEX_POINT('',#10254);
#10254 = CARTESIAN_POINT('',(-22.70948547919,44.5,222.94820747002));
#10255 = SURFACE_CURVE('',#10256,(#10260,#10267),.PCURVE_S1.);
#10256 = LINE('',#10257,#10258);
#10257 = CARTESIAN_POINT('',(-22.70948547919,37.5,222.94820747002));
#10258 = VECTOR('',#10259,1.);
#10259 = DIRECTION('',(-0.,-1.,-1.110223024625E-16));
#10260 = PCURVE('',#2755,#10261);
#10261 = DEFINITIONAL_REPRESENTATION('',(#10262),#10266);
#10262 = LINE('',#10263,#10264);
#10263 = CARTESIAN_POINT('',(-3.590816724324,0.));
#10264 = VECTOR('',#10265,1.);
#10265 = DIRECTION('',(-0.,1.));
#10266 = ( GEOMETRIC_REPRESENTATION_CONTEXT(2) 
PARAMETRIC_REPRESENTATION_CONTEXT() REPRESENTATION_CONTEXT('2D SPACE',''
  ) );
#10267 = PCURVE('',#2726,#10268);
#10268 = DEFINITIONAL_REPRESENTATION('',(#10269),#10273);
#10269 = LINE('',#10270,#10271);
#10270 = CARTESIAN_POINT('',(-4.701381566733,-0.1));
#10271 = VECTOR('',#10272,1.);
#10272 = DIRECTION('',(-0.,1.));
#10273 = ( GEOMETRIC_REPRESENTATION_CONTEXT(2) 
PARAMETRIC_REPRESENTATION_CONTEXT() REPRESENTATION_CONTEXT('2D SPACE',''
  ) );
#10274 = ORIENTED_EDGE('',*,*,#2738,.F.);
#10275 = ORIENTED_EDGE('',*,*,#10198,.F.);
#10276 = ORIENTED_EDGE('',*,*,#10277,.T.);
#10277 = EDGE_CURVE('',#10199,#10253,#10278,.T.);
#10278 = SURFACE_CURVE('',#10279,(#10284,#10291),.PCURVE_S1.);
#10279 = CIRCLE('',#10280,25.210790894703);
#10280 = AXIS2_PLACEMENT_3D('',#10281,#10282,#10283);
#10281 = CARTESIAN_POINT('',(0.,44.5,212.));
#10282 = DIRECTION('',(-0.,1.,1.110223024625E-16));
#10283 = DIRECTION('',(1.,0.,0.));
#10284 = PCURVE('',#2755,#10285);
#10285 = DEFINITIONAL_REPRESENTATION('',(#10286),#10290);
#10286 = LINE('',#10287,#10288);
#10287 = CARTESIAN_POINT('',(-0.,-7.));
#10288 = VECTOR('',#10289,1.);
#10289 = DIRECTION('',(-1.,0.));
#10290 = ( GEOMETRIC_REPRESENTATION_CONTEXT(2) 
PARAMETRIC_REPRESENTATION_CONTEXT() REPRESENTATION_CONTEXT('2D SPACE',''
  ) );
#10291 = PCURVE('',#5586,#10292);
#10292 = DEFINITIONAL_REPRESENTATION('',(#10293),#10297);
#10293 = CIRCLE('',#10294,25.210790894703);
#10294 = AXIS2_PLACEMENT_2D('',#10295,#10296);
#10295 = CARTESIAN_POINT('',(2.412172678695E-15,0.));
#10296 = DIRECTION('',(1.,0.));
#10297 = ( GEOMETRIC_REPRESENTATION_CONTEXT(2) 
PARAMETRIC_REPRESENTATION_CONTEXT() REPRESENTATION_CONTEXT('2D SPACE',''
  ) );
#10298 = ADVANCED_FACE('',(#10299),#2726,.F.);
#10299 = FACE_BOUND('',#10300,.T.);
#10300 = EDGE_LOOP('',(#10301,#10324,#10350,#10351));
#10301 = ORIENTED_EDGE('',*,*,#10302,.F.);
#10302 = EDGE_CURVE('',#10303,#2677,#10305,.T.);
#10303 = VERTEX_POINT('',#10304);
#10304 = CARTESIAN_POINT('',(-22.20558655301,44.5,223.93716479625));
#10305 = SURFACE_CURVE('',#10306,(#10310,#10317),.PCURVE_S1.);
#10306 = LINE('',#10307,#10308);
#10307 = CARTESIAN_POINT('',(-22.20558655301,37.5,223.93716479625));
#10308 = VECTOR('',#10309,1.);
#10309 = DIRECTION('',(-0.,-1.,-1.110223024625E-16));
#10310 = PCURVE('',#2726,#10311);
#10311 = DEFINITIONAL_REPRESENTATION('',(#10312),#10316);
#10312 = LINE('',#10313,#10314);
#10313 = CARTESIAN_POINT('',(-1.581803740447,-0.1));
#10314 = VECTOR('',#10315,1.);
#10315 = DIRECTION('',(-0.,1.));
#10316 = ( GEOMETRIC_REPRESENTATION_CONTEXT(2) 
PARAMETRIC_REPRESENTATION_CONTEXT() REPRESENTATION_CONTEXT('2D SPACE',''
  ) );
#10317 = PCURVE('',#2693,#10318);
#10318 = DEFINITIONAL_REPRESENTATION('',(#10319),#10323);
#10319 = LINE('',#10320,#10321);
#10320 = CARTESIAN_POINT('',(-3.634846378933,0.));
#10321 = VECTOR('',#10322,1.);
#10322 = DIRECTION('',(-0.,1.));
#10323 = ( GEOMETRIC_REPRESENTATION_CONTEXT(2) 
PARAMETRIC_REPRESENTATION_CONTEXT() REPRESENTATION_CONTEXT('2D SPACE',''
  ) );
#10324 = ORIENTED_EDGE('',*,*,#10325,.F.);
#10325 = EDGE_CURVE('',#10253,#10303,#10326,.T.);
#10326 = SURFACE_CURVE('',#10327,(#10332,#10339),.PCURVE_S1.);
#10327 = CIRCLE('',#10328,0.555);
#10328 = AXIS2_PLACEMENT_3D('',#10329,#10330,#10331);
#10329 = CARTESIAN_POINT('',(-22.46297916712,44.5,223.44545955711));
#10330 = DIRECTION('',(0.,-1.,-1.110223024625E-16));
#10331 = DIRECTION('',(-0.891006524188,-5.040307057719E-17,0.45399049974
    ));
#10332 = PCURVE('',#2726,#10333);
#10333 = DEFINITIONAL_REPRESENTATION('',(#10334),#10338);
#10334 = LINE('',#10335,#10336);
#10335 = CARTESIAN_POINT('',(-6.28318530718,-7.1));
#10336 = VECTOR('',#10337,1.);
#10337 = DIRECTION('',(1.,-0.));
#10338 = ( GEOMETRIC_REPRESENTATION_CONTEXT(2) 
PARAMETRIC_REPRESENTATION_CONTEXT() REPRESENTATION_CONTEXT('2D SPACE',''
  ) );
#10339 = PCURVE('',#5586,#10340);
#10340 = DEFINITIONAL_REPRESENTATION('',(#10341),#10349);
#10341 = ( BOUNDED_CURVE() B_SPLINE_CURVE(2,(#10342,#10343,#10344,#10345
    ,#10346,#10347,#10348),.UNSPECIFIED.,.T.,.F.) 
B_SPLINE_CURVE_WITH_KNOTS((1,2,2,2,2,1),(-2.094395102393,0.,
    2.094395102393,4.188790204786,6.28318530718,8.377580409573),
.UNSPECIFIED.) CURVE() GEOMETRIC_REPRESENTATION_ITEM() 
RATIONAL_B_SPLINE_CURVE((1.,0.5,1.,0.5,1.,0.5,1.)) REPRESENTATION_ITEM(
  '') );
#10342 = CARTESIAN_POINT('',(-22.95748778805,-11.69742428447));
#10343 = CARTESIAN_POINT('',(-23.39390349754,-10.84091022824));
#10344 = CARTESIAN_POINT('',(-22.43393271141,-10.89122016532));
#10345 = CARTESIAN_POINT('',(-21.47396192528,-10.9415301024));
#10346 = CARTESIAN_POINT('',(-21.99751700192,-11.74773422154));
#10347 = CARTESIAN_POINT('',(-22.52107207855,-12.55393834069));
#10348 = CARTESIAN_POINT('',(-22.95748778805,-11.69742428447));
#10349 = ( GEOMETRIC_REPRESENTATION_CONTEXT(2) 
PARAMETRIC_REPRESENTATION_CONTEXT() REPRESENTATION_CONTEXT('2D SPACE',''
  ) );
#10350 = ORIENTED_EDGE('',*,*,#10252,.T.);
#10351 = ORIENTED_EDGE('',*,*,#2705,.T.);
#10352 = ADVANCED_FACE('',(#10353),#2693,.T.);
#10353 = FACE_BOUND('',#10354,.F.);
#10354 = EDGE_LOOP('',(#10355,#10378,#10379,#10380));
#10355 = ORIENTED_EDGE('',*,*,#10356,.T.);
#10356 = EDGE_CURVE('',#10357,#2644,#10359,.T.);
#10357 = VERTEX_POINT('',#10358);
#10358 = CARTESIAN_POINT('',(-21.78049325642,44.5,224.69622349532));
#10359 = SURFACE_CURVE('',#10360,(#10364,#10371),.PCURVE_S1.);
#10360 = LINE('',#10361,#10362);
#10361 = CARTESIAN_POINT('',(-21.78049325642,37.5,224.69622349532));
#10362 = VECTOR('',#10363,1.);
#10363 = DIRECTION('',(-0.,-1.,-1.110223024625E-16));
#10364 = PCURVE('',#2693,#10365);
#10365 = DEFINITIONAL_REPRESENTATION('',(#10366),#10370);
#10366 = LINE('',#10367,#10368);
#10367 = CARTESIAN_POINT('',(-3.669356540664,0.));
#10368 = VECTOR('',#10369,1.);
#10369 = DIRECTION('',(-0.,1.));
#10370 = ( GEOMETRIC_REPRESENTATION_CONTEXT(2) 
PARAMETRIC_REPRESENTATION_CONTEXT() REPRESENTATION_CONTEXT('2D SPACE',''
  ) );
#10371 = PCURVE('',#2664,#10372);
#10372 = DEFINITIONAL_REPRESENTATION('',(#10373),#10377);
#10373 = LINE('',#10374,#10375);
#10374 = CARTESIAN_POINT('',(-4.701381566733,-0.1));
#10375 = VECTOR('',#10376,1.);
#10376 = DIRECTION('',(-0.,1.));
#10377 = ( GEOMETRIC_REPRESENTATION_CONTEXT(2) 
PARAMETRIC_REPRESENTATION_CONTEXT() REPRESENTATION_CONTEXT('2D SPACE',''
  ) );
#10378 = ORIENTED_EDGE('',*,*,#2676,.F.);
#10379 = ORIENTED_EDGE('',*,*,#10302,.F.);
#10380 = ORIENTED_EDGE('',*,*,#10381,.T.);
#10381 = EDGE_CURVE('',#10303,#10357,#10382,.T.);
#10382 = SURFACE_CURVE('',#10383,(#10388,#10395),.PCURVE_S1.);
#10383 = CIRCLE('',#10384,25.210790894703);
#10384 = AXIS2_PLACEMENT_3D('',#10385,#10386,#10387);
#10385 = CARTESIAN_POINT('',(0.,44.5,212.));
#10386 = DIRECTION('',(-0.,1.,1.110223024625E-16));
#10387 = DIRECTION('',(1.,0.,0.));
#10388 = PCURVE('',#2693,#10389);
#10389 = DEFINITIONAL_REPRESENTATION('',(#10390),#10394);
#10390 = LINE('',#10391,#10392);
#10391 = CARTESIAN_POINT('',(-0.,-7.));
#10392 = VECTOR('',#10393,1.);
#10393 = DIRECTION('',(-1.,0.));
#10394 = ( GEOMETRIC_REPRESENTATION_CONTEXT(2) 
PARAMETRIC_REPRESENTATION_CONTEXT() REPRESENTATION_CONTEXT('2D SPACE',''
  ) );
#10395 = PCURVE('',#5586,#10396);
#10396 = DEFINITIONAL_REPRESENTATION('',(#10397),#10401);
#10397 = CIRCLE('',#10398,25.210790894703);
#10398 = AXIS2_PLACEMENT_2D('',#10399,#10400);
#10399 = CARTESIAN_POINT('',(2.412172678695E-15,0.));
#10400 = DIRECTION('',(1.,0.));
#10401 = ( GEOMETRIC_REPRESENTATION_CONTEXT(2) 
PARAMETRIC_REPRESENTATION_CONTEXT() REPRESENTATION_CONTEXT('2D SPACE',''
  ) );
#10402 = ADVANCED_FACE('',(#10403),#2664,.F.);
#10403 = FACE_BOUND('',#10404,.T.);
#10404 = EDGE_LOOP('',(#10405,#10428,#10454,#10455));
#10405 = ORIENTED_EDGE('',*,*,#10406,.F.);
#10406 = EDGE_CURVE('',#10407,#2615,#10409,.T.);
#10407 = VERTEX_POINT('',#10408);
#10408 = CARTESIAN_POINT('',(-21.20055498494,44.5,225.64259674207));
#10409 = SURFACE_CURVE('',#10410,(#10414,#10421),.PCURVE_S1.);
#10410 = LINE('',#10411,#10412);
#10411 = CARTESIAN_POINT('',(-21.20055498494,37.5,225.64259674207));
#10412 = VECTOR('',#10413,1.);
#10413 = DIRECTION('',(-0.,-1.,-1.110223024625E-16));
#10414 = PCURVE('',#2664,#10415);
#10415 = DEFINITIONAL_REPRESENTATION('',(#10416),#10420);
#10416 = LINE('',#10417,#10418);
#10417 = CARTESIAN_POINT('',(-1.581803740447,-0.1));
#10418 = VECTOR('',#10419,1.);
#10419 = DIRECTION('',(-0.,1.));
#10420 = ( GEOMETRIC_REPRESENTATION_CONTEXT(2) 
PARAMETRIC_REPRESENTATION_CONTEXT() REPRESENTATION_CONTEXT('2D SPACE',''
  ) );
#10421 = PCURVE('',#2631,#10422);
#10422 = DEFINITIONAL_REPRESENTATION('',(#10423),#10427);
#10423 = LINE('',#10424,#10425);
#10424 = CARTESIAN_POINT('',(-3.713386195272,0.));
#10425 = VECTOR('',#10426,1.);
#10426 = DIRECTION('',(-0.,1.));
#10427 = ( GEOMETRIC_REPRESENTATION_CONTEXT(2) 
PARAMETRIC_REPRESENTATION_CONTEXT() REPRESENTATION_CONTEXT('2D SPACE',''
  ) );
#10428 = ORIENTED_EDGE('',*,*,#10429,.F.);
#10429 = EDGE_CURVE('',#10357,#10407,#10430,.T.);
#10430 = SURFACE_CURVE('',#10431,(#10436,#10443),.PCURVE_S1.);
#10431 = CIRCLE('',#10432,0.555);
#10432 = AXIS2_PLACEMENT_3D('',#10433,#10434,#10435);
#10433 = CARTESIAN_POINT('',(-21.49573289195,44.5,225.17260205783));
#10434 = DIRECTION('',(0.,-1.,-1.110223024625E-16));
#10435 = DIRECTION('',(-0.852640164354,-5.800899368812E-17,
    0.522498564716));
#10436 = PCURVE('',#2664,#10437);
#10437 = DEFINITIONAL_REPRESENTATION('',(#10438),#10442);
#10438 = LINE('',#10439,#10440);
#10439 = CARTESIAN_POINT('',(-6.28318530718,-7.1));
#10440 = VECTOR('',#10441,1.);
#10441 = DIRECTION('',(1.,-0.));
#10442 = ( GEOMETRIC_REPRESENTATION_CONTEXT(2) 
PARAMETRIC_REPRESENTATION_CONTEXT() REPRESENTATION_CONTEXT('2D SPACE',''
  ) );
#10443 = PCURVE('',#5586,#10444);
#10444 = DEFINITIONAL_REPRESENTATION('',(#10445),#10453);
#10445 = ( BOUNDED_CURVE() B_SPLINE_CURVE(2,(#10446,#10447,#10448,#10449
    ,#10450,#10451,#10452),.UNSPECIFIED.,.T.,.F.) 
B_SPLINE_CURVE_WITH_KNOTS((1,2,2,2,2,1),(-2.094395102393,0.,
    2.094395102393,4.188790204786,6.28318530718,8.377580409573),
.UNSPECIFIED.) CURVE() GEOMETRIC_REPRESENTATION_ITEM() 
RATIONAL_B_SPLINE_CURVE((1.,0.5,1.,0.5,1.,0.5,1.)) REPRESENTATION_ITEM(
  '') );
#10446 = CARTESIAN_POINT('',(-21.96894818317,-13.46258876125));
#10447 = CARTESIAN_POINT('',(-22.47121988701,-12.64295583394));
#10448 = CARTESIAN_POINT('',(-21.51026109826,-12.61779224247));
#10449 = CARTESIAN_POINT('',(-20.54930230952,-12.592628651));
#10450 = CARTESIAN_POINT('',(-21.00798939442,-13.43742516978));
#10451 = CARTESIAN_POINT('',(-21.46667647933,-14.28222168855));
#10452 = CARTESIAN_POINT('',(-21.96894818317,-13.46258876125));
#10453 = ( GEOMETRIC_REPRESENTATION_CONTEXT(2) 
PARAMETRIC_REPRESENTATION_CONTEXT() REPRESENTATION_CONTEXT('2D SPACE',''
  ) );
#10454 = ORIENTED_EDGE('',*,*,#10356,.T.);
#10455 = ORIENTED_EDGE('',*,*,#2643,.T.);
#10456 = ADVANCED_FACE('',(#10457),#2631,.T.);
#10457 = FACE_BOUND('',#10458,.F.);
#10458 = EDGE_LOOP('',(#10459,#10482,#10483,#10484));
#10459 = ORIENTED_EDGE('',*,*,#10460,.T.);
#10460 = EDGE_CURVE('',#10461,#2582,#10463,.T.);
#10461 = VERTEX_POINT('',#10462);
#10462 = CARTESIAN_POINT('',(-20.71721704999,44.5,226.36596308084));
#10463 = SURFACE_CURVE('',#10464,(#10468,#10475),.PCURVE_S1.);
#10464 = LINE('',#10465,#10466);
#10465 = CARTESIAN_POINT('',(-20.71721704999,37.5,226.36596308084));
#10466 = VECTOR('',#10467,1.);
#10467 = DIRECTION('',(-0.,-1.,-1.110223024625E-16));
#10468 = PCURVE('',#2631,#10469);
#10469 = DEFINITIONAL_REPRESENTATION('',(#10470),#10474);
#10470 = LINE('',#10471,#10472);
#10471 = CARTESIAN_POINT('',(-3.747896357004,0.));
#10472 = VECTOR('',#10473,1.);
#10473 = DIRECTION('',(-0.,1.));
#10474 = ( GEOMETRIC_REPRESENTATION_CONTEXT(2) 
PARAMETRIC_REPRESENTATION_CONTEXT() REPRESENTATION_CONTEXT('2D SPACE',''
  ) );
#10475 = PCURVE('',#2602,#10476);
#10476 = DEFINITIONAL_REPRESENTATION('',(#10477),#10481);
#10477 = LINE('',#10478,#10479);
#10478 = CARTESIAN_POINT('',(-4.701381566733,-0.1));
#10479 = VECTOR('',#10480,1.);
#10480 = DIRECTION('',(-0.,1.));
#10481 = ( GEOMETRIC_REPRESENTATION_CONTEXT(2) 
PARAMETRIC_REPRESENTATION_CONTEXT() REPRESENTATION_CONTEXT('2D SPACE',''
  ) );
#10482 = ORIENTED_EDGE('',*,*,#2614,.F.);
#10483 = ORIENTED_EDGE('',*,*,#10406,.F.);
#10484 = ORIENTED_EDGE('',*,*,#10485,.T.);
#10485 = EDGE_CURVE('',#10407,#10461,#10486,.T.);
#10486 = SURFACE_CURVE('',#10487,(#10492,#10499),.PCURVE_S1.);
#10487 = CIRCLE('',#10488,25.210790894703);
#10488 = AXIS2_PLACEMENT_3D('',#10489,#10490,#10491);
#10489 = CARTESIAN_POINT('',(0.,44.5,212.));
#10490 = DIRECTION('',(-0.,1.,1.110223024625E-16));
#10491 = DIRECTION('',(1.,0.,0.));
#10492 = PCURVE('',#2631,#10493);
#10493 = DEFINITIONAL_REPRESENTATION('',(#10494),#10498);
#10494 = LINE('',#10495,#10496);
#10495 = CARTESIAN_POINT('',(-0.,-7.));
#10496 = VECTOR('',#10497,1.);
#10497 = DIRECTION('',(-1.,0.));
#10498 = ( GEOMETRIC_REPRESENTATION_CONTEXT(2) 
PARAMETRIC_REPRESENTATION_CONTEXT() REPRESENTATION_CONTEXT('2D SPACE',''
  ) );
#10499 = PCURVE('',#5586,#10500);
#10500 = DEFINITIONAL_REPRESENTATION('',(#10501),#10505);
#10501 = CIRCLE('',#10502,25.210790894703);
#10502 = AXIS2_PLACEMENT_2D('',#10503,#10504);
#10503 = CARTESIAN_POINT('',(2.412172678695E-15,0.));
#10504 = DIRECTION('',(1.,0.));
#10505 = ( GEOMETRIC_REPRESENTATION_CONTEXT(2) 
PARAMETRIC_REPRESENTATION_CONTEXT() REPRESENTATION_CONTEXT('2D SPACE',''
  ) );
#10506 = ADVANCED_FACE('',(#10507),#2602,.F.);
#10507 = FACE_BOUND('',#10508,.T.);
#10508 = EDGE_LOOP('',(#10509,#10532,#10558,#10559));
#10509 = ORIENTED_EDGE('',*,*,#10510,.F.);
#10510 = EDGE_CURVE('',#10511,#2553,#10513,.T.);
#10511 = VERTEX_POINT('',#10512);
#10512 = CARTESIAN_POINT('',(-20.06481494549,44.5,227.26391754235));
#10513 = SURFACE_CURVE('',#10514,(#10518,#10525),.PCURVE_S1.);
#10514 = LINE('',#10515,#10516);
#10515 = CARTESIAN_POINT('',(-20.06481494549,37.5,227.26391754235));
#10516 = VECTOR('',#10517,1.);
#10517 = DIRECTION('',(-0.,-1.,-1.110223024625E-16));
#10518 = PCURVE('',#2602,#10519);
#10519 = DEFINITIONAL_REPRESENTATION('',(#10520),#10524);
#10520 = LINE('',#10521,#10522);
#10521 = CARTESIAN_POINT('',(-1.581803740447,-0.1));
#10522 = VECTOR('',#10523,1.);
#10523 = DIRECTION('',(-0.,1.));
#10524 = ( GEOMETRIC_REPRESENTATION_CONTEXT(2) 
PARAMETRIC_REPRESENTATION_CONTEXT() REPRESENTATION_CONTEXT('2D SPACE',''
  ) );
#10525 = PCURVE('',#2569,#10526);
#10526 = DEFINITIONAL_REPRESENTATION('',(#10527),#10531);
#10527 = LINE('',#10528,#10529);
#10528 = CARTESIAN_POINT('',(-3.791926011612,0.));
#10529 = VECTOR('',#10530,1.);
#10530 = DIRECTION('',(-0.,1.));
#10531 = ( GEOMETRIC_REPRESENTATION_CONTEXT(2) 
PARAMETRIC_REPRESENTATION_CONTEXT() REPRESENTATION_CONTEXT('2D SPACE',''
  ) );
#10532 = ORIENTED_EDGE('',*,*,#10533,.F.);
#10533 = EDGE_CURVE('',#10461,#10511,#10534,.T.);
#10534 = SURFACE_CURVE('',#10535,(#10540,#10547),.PCURVE_S1.);
#10535 = CIRCLE('',#10536,0.555);
#10536 = AXIS2_PLACEMENT_3D('',#10537,#10538,#10539);
#10537 = CARTESIAN_POINT('',(-20.39595827544,44.5,226.81853108653));
#10538 = DIRECTION('',(0.,-1.,-1.110223024625E-16));
#10539 = DIRECTION('',(-0.809016994375,-6.525727206302E-17,
    0.587785252292));
#10540 = PCURVE('',#2602,#10541);
#10541 = DEFINITIONAL_REPRESENTATION('',(#10542),#10546);
#10542 = LINE('',#10543,#10544);
#10543 = CARTESIAN_POINT('',(-6.28318530718,-7.1));
#10544 = VECTOR('',#10545,1.);
#10545 = DIRECTION('',(1.,-0.));
#10546 = ( GEOMETRIC_REPRESENTATION_CONTEXT(2) 
PARAMETRIC_REPRESENTATION_CONTEXT() REPRESENTATION_CONTEXT('2D SPACE',''
  ) );
#10547 = PCURVE('',#5586,#10548);
#10548 = DEFINITIONAL_REPRESENTATION('',(#10549),#10557);
#10549 = ( BOUNDED_CURVE() B_SPLINE_CURVE(2,(#10550,#10551,#10552,#10553
    ,#10554,#10555,#10556),.UNSPECIFIED.,.T.,.F.) 
B_SPLINE_CURVE_WITH_KNOTS((1,2,2,2,2,1),(-2.094395102393,0.,
    2.094395102393,4.188790204786,6.28318530718,8.377580409573),
.UNSPECIFIED.) CURVE() GEOMETRIC_REPRESENTATION_ITEM() 
RATIONAL_B_SPLINE_CURVE((1.,0.5,1.,0.5,1.,0.5,1.)) REPRESENTATION_ITEM(
  '') );
#10550 = CARTESIAN_POINT('',(-20.84496270732,-15.14475190155));
#10551 = CARTESIAN_POINT('',(-21.40999373343,-14.36705341272));
#10552 = CARTESIAN_POINT('',(-20.45397157256,-14.2665714346));
#10553 = CARTESIAN_POINT('',(-19.49794941169,-14.16608945649));
#10554 = CARTESIAN_POINT('',(-19.88894054645,-15.04426992344));
#10555 = CARTESIAN_POINT('',(-20.27993168122,-15.92245039039));
#10556 = CARTESIAN_POINT('',(-20.84496270732,-15.14475190155));
#10557 = ( GEOMETRIC_REPRESENTATION_CONTEXT(2) 
PARAMETRIC_REPRESENTATION_CONTEXT() REPRESENTATION_CONTEXT('2D SPACE',''
  ) );
#10558 = ORIENTED_EDGE('',*,*,#10460,.T.);
#10559 = ORIENTED_EDGE('',*,*,#2581,.T.);
#10560 = ADVANCED_FACE('',(#10561),#2569,.T.);
#10561 = FACE_BOUND('',#10562,.F.);
#10562 = EDGE_LOOP('',(#10563,#10586,#10587,#10588));
#10563 = ORIENTED_EDGE('',*,*,#10564,.T.);
#10564 = EDGE_CURVE('',#10565,#2520,#10567,.T.);
#10565 = VERTEX_POINT('',#10566);
#10566 = CARTESIAN_POINT('',(-19.52621231126,44.5,227.94713172679));
#10567 = SURFACE_CURVE('',#10568,(#10572,#10579),.PCURVE_S1.);
#10568 = LINE('',#10569,#10570);
#10569 = CARTESIAN_POINT('',(-19.52621231126,37.5,227.94713172679));
#10570 = VECTOR('',#10571,1.);
#10571 = DIRECTION('',(-0.,-1.,-1.110223024625E-16));
#10572 = PCURVE('',#2569,#10573);
#10573 = DEFINITIONAL_REPRESENTATION('',(#10574),#10578);
#10574 = LINE('',#10575,#10576);
#10575 = CARTESIAN_POINT('',(-3.826436173343,0.));
#10576 = VECTOR('',#10577,1.);
#10577 = DIRECTION('',(-0.,1.));
#10578 = ( GEOMETRIC_REPRESENTATION_CONTEXT(2) 
PARAMETRIC_REPRESENTATION_CONTEXT() REPRESENTATION_CONTEXT('2D SPACE',''
  ) );
#10579 = PCURVE('',#2540,#10580);
#10580 = DEFINITIONAL_REPRESENTATION('',(#10581),#10585);
#10581 = LINE('',#10582,#10583);
#10582 = CARTESIAN_POINT('',(-4.701381566733,-0.1));
#10583 = VECTOR('',#10584,1.);
#10584 = DIRECTION('',(-0.,1.));
#10585 = ( GEOMETRIC_REPRESENTATION_CONTEXT(2) 
PARAMETRIC_REPRESENTATION_CONTEXT() REPRESENTATION_CONTEXT('2D SPACE',''
  ) );
#10586 = ORIENTED_EDGE('',*,*,#2552,.F.);
#10587 = ORIENTED_EDGE('',*,*,#10510,.F.);
#10588 = ORIENTED_EDGE('',*,*,#10589,.T.);
#10589 = EDGE_CURVE('',#10511,#10565,#10590,.T.);
#10590 = SURFACE_CURVE('',#10591,(#10596,#10603),.PCURVE_S1.);
#10591 = CIRCLE('',#10592,25.210790894703);
#10592 = AXIS2_PLACEMENT_3D('',#10593,#10594,#10595);
#10593 = CARTESIAN_POINT('',(0.,44.5,212.));
#10594 = DIRECTION('',(-0.,1.,1.110223024625E-16));
#10595 = DIRECTION('',(1.,0.,0.));
#10596 = PCURVE('',#2569,#10597);
#10597 = DEFINITIONAL_REPRESENTATION('',(#10598),#10602);
#10598 = LINE('',#10599,#10600);
#10599 = CARTESIAN_POINT('',(-0.,-7.));
#10600 = VECTOR('',#10601,1.);
#10601 = DIRECTION('',(-1.,0.));
#10602 = ( GEOMETRIC_REPRESENTATION_CONTEXT(2) 
PARAMETRIC_REPRESENTATION_CONTEXT() REPRESENTATION_CONTEXT('2D SPACE',''
  ) );
#10603 = PCURVE('',#5586,#10604);
#10604 = DEFINITIONAL_REPRESENTATION('',(#10605),#10609);
#10605 = CIRCLE('',#10606,25.210790894703);
#10606 = AXIS2_PLACEMENT_2D('',#10607,#10608);
#10607 = CARTESIAN_POINT('',(2.412172678695E-15,0.));
#10608 = DIRECTION('',(1.,0.));
#10609 = ( GEOMETRIC_REPRESENTATION_CONTEXT(2) 
PARAMETRIC_REPRESENTATION_CONTEXT() REPRESENTATION_CONTEXT('2D SPACE',''
  ) );
#10610 = ADVANCED_FACE('',(#10611),#2540,.F.);
#10611 = FACE_BOUND('',#10612,.T.);
#10612 = EDGE_LOOP('',(#10613,#10636,#10662,#10663));
#10613 = ORIENTED_EDGE('',*,*,#10614,.F.);
#10614 = EDGE_CURVE('',#10615,#2491,#10617,.T.);
#10615 = VERTEX_POINT('',#10616);
#10616 = CARTESIAN_POINT('',(-18.80536864966,44.5,228.79113121521));
#10617 = SURFACE_CURVE('',#10618,(#10622,#10629),.PCURVE_S1.);
#10618 = LINE('',#10619,#10620);
#10619 = CARTESIAN_POINT('',(-18.80536864966,37.5,228.79113121521));
#10620 = VECTOR('',#10621,1.);
#10621 = DIRECTION('',(-0.,-1.,-1.110223024625E-16));
#10622 = PCURVE('',#2540,#10623);
#10623 = DEFINITIONAL_REPRESENTATION('',(#10624),#10628);
#10624 = LINE('',#10625,#10626);
#10625 = CARTESIAN_POINT('',(-1.581803740447,-0.1));
#10626 = VECTOR('',#10627,1.);
#10627 = DIRECTION('',(-0.,1.));
#10628 = ( GEOMETRIC_REPRESENTATION_CONTEXT(2) 
PARAMETRIC_REPRESENTATION_CONTEXT() REPRESENTATION_CONTEXT('2D SPACE',''
  ) );
#10629 = PCURVE('',#2507,#10630);
#10630 = DEFINITIONAL_REPRESENTATION('',(#10631),#10635);
#10631 = LINE('',#10632,#10633);
#10632 = CARTESIAN_POINT('',(-3.870465827952,0.));
#10633 = VECTOR('',#10634,1.);
#10634 = DIRECTION('',(-0.,1.));
#10635 = ( GEOMETRIC_REPRESENTATION_CONTEXT(2) 
PARAMETRIC_REPRESENTATION_CONTEXT() REPRESENTATION_CONTEXT('2D SPACE',''
  ) );
#10636 = ORIENTED_EDGE('',*,*,#10637,.F.);
#10637 = EDGE_CURVE('',#10565,#10615,#10638,.T.);
#10638 = SURFACE_CURVE('',#10639,(#10644,#10651),.PCURVE_S1.);
#10639 = CIRCLE('',#10640,0.555);
#10640 = AXIS2_PLACEMENT_3D('',#10641,#10642,#10643);
#10641 = CARTESIAN_POINT('',(-19.17043579382,44.5,228.37309894342));
#10642 = DIRECTION('',(0.,-1.,-1.110223024625E-16));
#10643 = DIRECTION('',(-0.7604059656,-7.21032176554E-17,0.64944804833));
#10644 = PCURVE('',#2540,#10645);
#10645 = DEFINITIONAL_REPRESENTATION('',(#10646),#10650);
#10646 = LINE('',#10647,#10648);
#10647 = CARTESIAN_POINT('',(-6.28318530718,-7.1));
#10648 = VECTOR('',#10649,1.);
#10649 = DIRECTION('',(1.,-0.));
#10650 = ( GEOMETRIC_REPRESENTATION_CONTEXT(2) 
PARAMETRIC_REPRESENTATION_CONTEXT() REPRESENTATION_CONTEXT('2D SPACE',''
  ) );
#10651 = PCURVE('',#5586,#10652);
#10652 = DEFINITIONAL_REPRESENTATION('',(#10653),#10661);
#10653 = ( BOUNDED_CURVE() B_SPLINE_CURVE(2,(#10654,#10655,#10656,#10657
    ,#10658,#10659,#10660),.UNSPECIFIED.,.T.,.F.) 
B_SPLINE_CURVE_WITH_KNOTS((1,2,2,2,2,1),(-2.094395102393,0.,
    2.094395102393,4.188790204786,6.28318530718,8.377580409573),
.UNSPECIFIED.) CURVE() GEOMETRIC_REPRESENTATION_ITEM() 
RATIONAL_B_SPLINE_CURVE((1.,0.5,1.,0.5,1.,0.5,1.)) REPRESENTATION_ITEM(
  '') );
#10654 = CARTESIAN_POINT('',(-19.59246110473,-16.73354261024));
#10655 = CARTESIAN_POINT('',(-20.21676784894,-16.00257332967));
#10656 = CARTESIAN_POINT('',(-19.27157651047,-15.82739246972));
#10657 = CARTESIAN_POINT('',(-18.32638517201,-15.65221160977));
#10658 = CARTESIAN_POINT('',(-18.64726976627,-16.5583617503));
#10659 = CARTESIAN_POINT('',(-18.96815436053,-17.46451189082));
#10660 = CARTESIAN_POINT('',(-19.59246110473,-16.73354261024));
#10661 = ( GEOMETRIC_REPRESENTATION_CONTEXT(2) 
PARAMETRIC_REPRESENTATION_CONTEXT() REPRESENTATION_CONTEXT('2D SPACE',''
  ) );
#10662 = ORIENTED_EDGE('',*,*,#10564,.T.);
#10663 = ORIENTED_EDGE('',*,*,#2519,.T.);
#10664 = ADVANCED_FACE('',(#10665),#2507,.T.);
#10665 = FACE_BOUND('',#10666,.F.);
#10666 = EDGE_LOOP('',(#10667,#10690,#10691,#10692));
#10667 = ORIENTED_EDGE('',*,*,#10668,.T.);
#10668 = EDGE_CURVE('',#10669,#2458,#10671,.T.);
#10669 = VERTEX_POINT('',#10670);
#10670 = CARTESIAN_POINT('',(-18.21482198051,44.5,229.4299810027));
#10671 = SURFACE_CURVE('',#10672,(#10676,#10683),.PCURVE_S1.);
#10672 = LINE('',#10673,#10674);
#10673 = CARTESIAN_POINT('',(-18.21482198051,37.5,229.4299810027));
#10674 = VECTOR('',#10675,1.);
#10675 = DIRECTION('',(-0.,-1.,-1.110223024625E-16));
#10676 = PCURVE('',#2507,#10677);
#10677 = DEFINITIONAL_REPRESENTATION('',(#10678),#10682);
#10678 = LINE('',#10679,#10680);
#10679 = CARTESIAN_POINT('',(-3.904975989683,0.));
#10680 = VECTOR('',#10681,1.);
#10681 = DIRECTION('',(-0.,1.));
#10682 = ( GEOMETRIC_REPRESENTATION_CONTEXT(2) 
PARAMETRIC_REPRESENTATION_CONTEXT() REPRESENTATION_CONTEXT('2D SPACE',''
  ) );
#10683 = PCURVE('',#2478,#10684);
#10684 = DEFINITIONAL_REPRESENTATION('',(#10685),#10689);
#10685 = LINE('',#10686,#10687);
#10686 = CARTESIAN_POINT('',(-4.701381566733,-0.1));
#10687 = VECTOR('',#10688,1.);
#10688 = DIRECTION('',(-0.,1.));
#10689 = ( GEOMETRIC_REPRESENTATION_CONTEXT(2) 
PARAMETRIC_REPRESENTATION_CONTEXT() REPRESENTATION_CONTEXT('2D SPACE',''
  ) );
#10690 = ORIENTED_EDGE('',*,*,#2490,.F.);
#10691 = ORIENTED_EDGE('',*,*,#10614,.F.);
#10692 = ORIENTED_EDGE('',*,*,#10693,.T.);
#10693 = EDGE_CURVE('',#10615,#10669,#10694,.T.);
#10694 = SURFACE_CURVE('',#10695,(#10700,#10707),.PCURVE_S1.);
#10695 = CIRCLE('',#10696,25.210790894703);
#10696 = AXIS2_PLACEMENT_3D('',#10697,#10698,#10699);
#10697 = CARTESIAN_POINT('',(0.,44.5,212.));
#10698 = DIRECTION('',(-0.,1.,1.110223024625E-16));
#10699 = DIRECTION('',(1.,0.,0.));
#10700 = PCURVE('',#2507,#10701);
#10701 = DEFINITIONAL_REPRESENTATION('',(#10702),#10706);
#10702 = LINE('',#10703,#10704);
#10703 = CARTESIAN_POINT('',(-0.,-7.));
#10704 = VECTOR('',#10705,1.);
#10705 = DIRECTION('',(-1.,0.));
#10706 = ( GEOMETRIC_REPRESENTATION_CONTEXT(2) 
PARAMETRIC_REPRESENTATION_CONTEXT() REPRESENTATION_CONTEXT('2D SPACE',''
  ) );
#10707 = PCURVE('',#5586,#10708);
#10708 = DEFINITIONAL_REPRESENTATION('',(#10709),#10713);
#10709 = CIRCLE('',#10710,25.210790894703);
#10710 = AXIS2_PLACEMENT_2D('',#10711,#10712);
#10711 = CARTESIAN_POINT('',(2.412172678695E-15,0.));
#10712 = DIRECTION('',(1.,0.));
#10713 = ( GEOMETRIC_REPRESENTATION_CONTEXT(2) 
PARAMETRIC_REPRESENTATION_CONTEXT() REPRESENTATION_CONTEXT('2D SPACE',''
  ) );
#10714 = ADVANCED_FACE('',(#10715),#2478,.F.);
#10715 = FACE_BOUND('',#10716,.T.);
#10716 = EDGE_LOOP('',(#10717,#10740,#10766,#10767));
#10717 = ORIENTED_EDGE('',*,*,#10718,.F.);
#10718 = EDGE_CURVE('',#10719,#2429,#10721,.T.);
#10719 = VERTEX_POINT('',#10720);
#10720 = CARTESIAN_POINT('',(-17.4299810027,44.5,230.21482198051));
#10721 = SURFACE_CURVE('',#10722,(#10726,#10733),.PCURVE_S1.);
#10722 = LINE('',#10723,#10724);
#10723 = CARTESIAN_POINT('',(-17.4299810027,37.5,230.21482198051));
#10724 = VECTOR('',#10725,1.);
#10725 = DIRECTION('',(-0.,-1.,-1.110223024625E-16));
#10726 = PCURVE('',#2478,#10727);
#10727 = DEFINITIONAL_REPRESENTATION('',(#10728),#10732);
#10728 = LINE('',#10729,#10730);
#10729 = CARTESIAN_POINT('',(-1.581803740447,-0.1));
#10730 = VECTOR('',#10731,1.);
#10731 = DIRECTION('',(-0.,1.));
#10732 = ( GEOMETRIC_REPRESENTATION_CONTEXT(2) 
PARAMETRIC_REPRESENTATION_CONTEXT() REPRESENTATION_CONTEXT('2D SPACE',''
  ) );
#10733 = PCURVE('',#2445,#10734);
#10734 = DEFINITIONAL_REPRESENTATION('',(#10735),#10739);
#10735 = LINE('',#10736,#10737);
#10736 = CARTESIAN_POINT('',(-3.949005644291,0.));
#10737 = VECTOR('',#10738,1.);
#10738 = DIRECTION('',(-0.,1.));
#10739 = ( GEOMETRIC_REPRESENTATION_CONTEXT(2) 
PARAMETRIC_REPRESENTATION_CONTEXT() REPRESENTATION_CONTEXT('2D SPACE',''
  ) );
#10740 = ORIENTED_EDGE('',*,*,#10741,.F.);
#10741 = EDGE_CURVE('',#10669,#10719,#10742,.T.);
#10742 = SURFACE_CURVE('',#10743,(#10748,#10755),.PCURVE_S1.);
#10743 = CIRCLE('',#10744,0.555);
#10744 = AXIS2_PLACEMENT_3D('',#10745,#10746,#10747);
#10745 = CARTESIAN_POINT('',(-17.82672120072,44.5,229.82672120072));
#10746 = DIRECTION('',(0.,-1.,-1.110223024625E-16));
#10747 = DIRECTION('',(-0.707106781187,-7.850462293419E-17,
    0.707106781187));
#10748 = PCURVE('',#2478,#10749);
#10749 = DEFINITIONAL_REPRESENTATION('',(#10750),#10754);
#10750 = LINE('',#10751,#10752);
#10751 = CARTESIAN_POINT('',(-6.28318530718,-7.1));
#10752 = VECTOR('',#10753,1.);
#10753 = DIRECTION('',(1.,-0.));
#10754 = ( GEOMETRIC_REPRESENTATION_CONTEXT(2) 
PARAMETRIC_REPRESENTATION_CONTEXT() REPRESENTATION_CONTEXT('2D SPACE',''
  ) );
#10755 = PCURVE('',#5586,#10756);
#10756 = DEFINITIONAL_REPRESENTATION('',(#10757),#10765);
#10757 = ( BOUNDED_CURVE() B_SPLINE_CURVE(2,(#10758,#10759,#10760,#10761
    ,#10762,#10763,#10764),.UNSPECIFIED.,.T.,.F.) 
B_SPLINE_CURVE_WITH_KNOTS((1,2,2,2,2,1),(-2.094395102393,0.,
    2.094395102393,4.188790204786,6.28318530718,8.377580409573),
.UNSPECIFIED.) CURVE() GEOMETRIC_REPRESENTATION_ITEM() 
RATIONAL_B_SPLINE_CURVE((1.,0.5,1.,0.5,1.,0.5,1.)) REPRESENTATION_ITEM(
  '') );
#10758 = CARTESIAN_POINT('',(-18.21916546427,-18.21916546427));
#10759 = CARTESIAN_POINT('',(-18.8988988679,-17.53943206065));
#10760 = CARTESIAN_POINT('',(-17.97036577075,-17.29063236713));
#10761 = CARTESIAN_POINT('',(-17.0418326736,-17.0418326736));
#10762 = CARTESIAN_POINT('',(-17.29063236713,-17.97036577075));
#10763 = CARTESIAN_POINT('',(-17.53943206065,-18.8988988679));
#10764 = CARTESIAN_POINT('',(-18.21916546427,-18.21916546427));
#10765 = ( GEOMETRIC_REPRESENTATION_CONTEXT(2) 
PARAMETRIC_REPRESENTATION_CONTEXT() REPRESENTATION_CONTEXT('2D SPACE',''
  ) );
#10766 = ORIENTED_EDGE('',*,*,#10668,.T.);
#10767 = ORIENTED_EDGE('',*,*,#2457,.T.);
#10768 = ADVANCED_FACE('',(#10769),#2445,.T.);
#10769 = FACE_BOUND('',#10770,.F.);
#10770 = EDGE_LOOP('',(#10771,#10794,#10795,#10796));
#10771 = ORIENTED_EDGE('',*,*,#10772,.T.);
#10772 = EDGE_CURVE('',#10773,#2396,#10775,.T.);
#10773 = VERTEX_POINT('',#10774);
#10774 = CARTESIAN_POINT('',(-16.79113121521,44.5,230.80536864966));
#10775 = SURFACE_CURVE('',#10776,(#10780,#10787),.PCURVE_S1.);
#10776 = LINE('',#10777,#10778);
#10777 = CARTESIAN_POINT('',(-16.79113121521,37.5,230.80536864966));
#10778 = VECTOR('',#10779,1.);
#10779 = DIRECTION('',(-0.,-1.,-1.110223024625E-16));
#10780 = PCURVE('',#2445,#10781);
#10781 = DEFINITIONAL_REPRESENTATION('',(#10782),#10786);
#10782 = LINE('',#10783,#10784);
#10783 = CARTESIAN_POINT('',(-3.983515806023,0.));
#10784 = VECTOR('',#10785,1.);
#10785 = DIRECTION('',(-0.,1.));
#10786 = ( GEOMETRIC_REPRESENTATION_CONTEXT(2) 
PARAMETRIC_REPRESENTATION_CONTEXT() REPRESENTATION_CONTEXT('2D SPACE',''
  ) );
#10787 = PCURVE('',#2416,#10788);
#10788 = DEFINITIONAL_REPRESENTATION('',(#10789),#10793);
#10789 = LINE('',#10790,#10791);
#10790 = CARTESIAN_POINT('',(-4.701381566733,-0.1));
#10791 = VECTOR('',#10792,1.);
#10792 = DIRECTION('',(-0.,1.));
#10793 = ( GEOMETRIC_REPRESENTATION_CONTEXT(2) 
PARAMETRIC_REPRESENTATION_CONTEXT() REPRESENTATION_CONTEXT('2D SPACE',''
  ) );
#10794 = ORIENTED_EDGE('',*,*,#2428,.F.);
#10795 = ORIENTED_EDGE('',*,*,#10718,.F.);
#10796 = ORIENTED_EDGE('',*,*,#10797,.T.);
#10797 = EDGE_CURVE('',#10719,#10773,#10798,.T.);
#10798 = SURFACE_CURVE('',#10799,(#10804,#10811),.PCURVE_S1.);
#10799 = CIRCLE('',#10800,25.210790894703);
#10800 = AXIS2_PLACEMENT_3D('',#10801,#10802,#10803);
#10801 = CARTESIAN_POINT('',(0.,44.5,212.));
#10802 = DIRECTION('',(-0.,1.,1.110223024625E-16));
#10803 = DIRECTION('',(1.,0.,0.));
#10804 = PCURVE('',#2445,#10805);
#10805 = DEFINITIONAL_REPRESENTATION('',(#10806),#10810);
#10806 = LINE('',#10807,#10808);
#10807 = CARTESIAN_POINT('',(-0.,-7.));
#10808 = VECTOR('',#10809,1.);
#10809 = DIRECTION('',(-1.,0.));
#10810 = ( GEOMETRIC_REPRESENTATION_CONTEXT(2) 
PARAMETRIC_REPRESENTATION_CONTEXT() REPRESENTATION_CONTEXT('2D SPACE',''
  ) );
#10811 = PCURVE('',#5586,#10812);
#10812 = DEFINITIONAL_REPRESENTATION('',(#10813),#10817);
#10813 = CIRCLE('',#10814,25.210790894703);
#10814 = AXIS2_PLACEMENT_2D('',#10815,#10816);
#10815 = CARTESIAN_POINT('',(2.412172678695E-15,0.));
#10816 = DIRECTION('',(1.,0.));
#10817 = ( GEOMETRIC_REPRESENTATION_CONTEXT(2) 
PARAMETRIC_REPRESENTATION_CONTEXT() REPRESENTATION_CONTEXT('2D SPACE',''
  ) );
#10818 = ADVANCED_FACE('',(#10819),#2416,.F.);
#10819 = FACE_BOUND('',#10820,.T.);
#10820 = EDGE_LOOP('',(#10821,#10844,#10870,#10871));
#10821 = ORIENTED_EDGE('',*,*,#10822,.F.);
#10822 = EDGE_CURVE('',#10823,#2367,#10825,.T.);
#10823 = VERTEX_POINT('',#10824);
#10824 = CARTESIAN_POINT('',(-15.94713172679,44.5,231.52621231126));
#10825 = SURFACE_CURVE('',#10826,(#10830,#10837),.PCURVE_S1.);
#10826 = LINE('',#10827,#10828);
#10827 = CARTESIAN_POINT('',(-15.94713172679,37.5,231.52621231126));
#10828 = VECTOR('',#10829,1.);
#10829 = DIRECTION('',(-0.,-1.,-1.110223024625E-16));
#10830 = PCURVE('',#2416,#10831);
#10831 = DEFINITIONAL_REPRESENTATION('',(#10832),#10836);
#10832 = LINE('',#10833,#10834);
#10833 = CARTESIAN_POINT('',(-1.581803740447,-0.1));
#10834 = VECTOR('',#10835,1.);
#10835 = DIRECTION('',(-0.,1.));
#10836 = ( GEOMETRIC_REPRESENTATION_CONTEXT(2) 
PARAMETRIC_REPRESENTATION_CONTEXT() REPRESENTATION_CONTEXT('2D SPACE',''
  ) );
#10837 = PCURVE('',#2383,#10838);
#10838 = DEFINITIONAL_REPRESENTATION('',(#10839),#10843);
#10839 = LINE('',#10840,#10841);
#10840 = CARTESIAN_POINT('',(-4.027545460631,0.));
#10841 = VECTOR('',#10842,1.);
#10842 = DIRECTION('',(-0.,1.));
#10843 = ( GEOMETRIC_REPRESENTATION_CONTEXT(2) 
PARAMETRIC_REPRESENTATION_CONTEXT() REPRESENTATION_CONTEXT('2D SPACE',''
  ) );
#10844 = ORIENTED_EDGE('',*,*,#10845,.F.);
#10845 = EDGE_CURVE('',#10773,#10823,#10846,.T.);
#10846 = SURFACE_CURVE('',#10847,(#10852,#10859),.PCURVE_S1.);
#10847 = CIRCLE('',#10848,0.555);
#10848 = AXIS2_PLACEMENT_3D('',#10849,#10850,#10851);
#10849 = CARTESIAN_POINT('',(-16.37309894342,44.5,231.17043579382));
#10850 = DIRECTION('',(0.,-1.,-1.110223024625E-16));
#10851 = DIRECTION('',(-0.64944804833,-8.442202110715E-17,0.7604059656)
  );
#10852 = PCURVE('',#2416,#10853);
#10853 = DEFINITIONAL_REPRESENTATION('',(#10854),#10858);
#10854 = LINE('',#10855,#10856);
#10855 = CARTESIAN_POINT('',(-6.28318530718,-7.1));
#10856 = VECTOR('',#10857,1.);
#10857 = DIRECTION('',(1.,-0.));
#10858 = ( GEOMETRIC_REPRESENTATION_CONTEXT(2) 
PARAMETRIC_REPRESENTATION_CONTEXT() REPRESENTATION_CONTEXT('2D SPACE',''
  ) );
#10859 = PCURVE('',#5586,#10860);
#10860 = DEFINITIONAL_REPRESENTATION('',(#10861),#10869);
#10861 = ( BOUNDED_CURVE() B_SPLINE_CURVE(2,(#10862,#10863,#10864,#10865
    ,#10866,#10867,#10868),.UNSPECIFIED.,.T.,.F.) 
B_SPLINE_CURVE_WITH_KNOTS((1,2,2,2,2,1),(-2.094395102393,0.,
    2.094395102393,4.188790204786,6.28318530718,8.377580409573),
.UNSPECIFIED.) CURVE() GEOMETRIC_REPRESENTATION_ITEM() 
RATIONAL_B_SPLINE_CURVE((1.,0.5,1.,0.5,1.,0.5,1.)) REPRESENTATION_ITEM(
  '') );
#10862 = CARTESIAN_POINT('',(-16.73354261024,-19.59246110473));
#10863 = CARTESIAN_POINT('',(-17.46451189082,-18.96815436053));
#10864 = CARTESIAN_POINT('',(-16.5583617503,-18.64726976627));
#10865 = CARTESIAN_POINT('',(-15.65221160977,-18.32638517201));
#10866 = CARTESIAN_POINT('',(-15.82739246972,-19.27157651047));
#10867 = CARTESIAN_POINT('',(-16.00257332967,-20.21676784894));
#10868 = CARTESIAN_POINT('',(-16.73354261024,-19.59246110473));
#10869 = ( GEOMETRIC_REPRESENTATION_CONTEXT(2) 
PARAMETRIC_REPRESENTATION_CONTEXT() REPRESENTATION_CONTEXT('2D SPACE',''
  ) );
#10870 = ORIENTED_EDGE('',*,*,#10772,.T.);
#10871 = ORIENTED_EDGE('',*,*,#2395,.T.);
#10872 = ADVANCED_FACE('',(#10873),#2383,.T.);
#10873 = FACE_BOUND('',#10874,.F.);
#10874 = EDGE_LOOP('',(#10875,#10898,#10899,#10900));
#10875 = ORIENTED_EDGE('',*,*,#10876,.T.);
#10876 = EDGE_CURVE('',#10877,#2334,#10879,.T.);
#10877 = VERTEX_POINT('',#10878);
#10878 = CARTESIAN_POINT('',(-15.26391754235,44.5,232.06481494548));
#10879 = SURFACE_CURVE('',#10880,(#10884,#10891),.PCURVE_S1.);
#10880 = LINE('',#10881,#10882);
#10881 = CARTESIAN_POINT('',(-15.26391754235,37.5,232.06481494549));
#10882 = VECTOR('',#10883,1.);
#10883 = DIRECTION('',(-0.,-1.,-1.110223024625E-16));
#10884 = PCURVE('',#2383,#10885);
#10885 = DEFINITIONAL_REPRESENTATION('',(#10886),#10890);
#10886 = LINE('',#10887,#10888);
#10887 = CARTESIAN_POINT('',(-4.062055622362,0.));
#10888 = VECTOR('',#10889,1.);
#10889 = DIRECTION('',(-0.,1.));
#10890 = ( GEOMETRIC_REPRESENTATION_CONTEXT(2) 
PARAMETRIC_REPRESENTATION_CONTEXT() REPRESENTATION_CONTEXT('2D SPACE',''
  ) );
#10891 = PCURVE('',#2354,#10892);
#10892 = DEFINITIONAL_REPRESENTATION('',(#10893),#10897);
#10893 = LINE('',#10894,#10895);
#10894 = CARTESIAN_POINT('',(-4.701381566733,-0.1));
#10895 = VECTOR('',#10896,1.);
#10896 = DIRECTION('',(-0.,1.));
#10897 = ( GEOMETRIC_REPRESENTATION_CONTEXT(2) 
PARAMETRIC_REPRESENTATION_CONTEXT() REPRESENTATION_CONTEXT('2D SPACE',''
  ) );
#10898 = ORIENTED_EDGE('',*,*,#2366,.F.);
#10899 = ORIENTED_EDGE('',*,*,#10822,.F.);
#10900 = ORIENTED_EDGE('',*,*,#10901,.T.);
#10901 = EDGE_CURVE('',#10823,#10877,#10902,.T.);
#10902 = SURFACE_CURVE('',#10903,(#10908,#10915),.PCURVE_S1.);
#10903 = CIRCLE('',#10904,25.210790894703);
#10904 = AXIS2_PLACEMENT_3D('',#10905,#10906,#10907);
#10905 = CARTESIAN_POINT('',(0.,44.5,212.));
#10906 = DIRECTION('',(-0.,1.,1.110223024625E-16));
#10907 = DIRECTION('',(1.,0.,0.));
#10908 = PCURVE('',#2383,#10909);
#10909 = DEFINITIONAL_REPRESENTATION('',(#10910),#10914);
#10910 = LINE('',#10911,#10912);
#10911 = CARTESIAN_POINT('',(-0.,-7.));
#10912 = VECTOR('',#10913,1.);
#10913 = DIRECTION('',(-1.,0.));
#10914 = ( GEOMETRIC_REPRESENTATION_CONTEXT(2) 
PARAMETRIC_REPRESENTATION_CONTEXT() REPRESENTATION_CONTEXT('2D SPACE',''
  ) );
#10915 = PCURVE('',#5586,#10916);
#10916 = DEFINITIONAL_REPRESENTATION('',(#10917),#10921);
#10917 = CIRCLE('',#10918,25.210790894703);
#10918 = AXIS2_PLACEMENT_2D('',#10919,#10920);
#10919 = CARTESIAN_POINT('',(2.412172678695E-15,0.));
#10920 = DIRECTION('',(1.,0.));
#10921 = ( GEOMETRIC_REPRESENTATION_CONTEXT(2) 
PARAMETRIC_REPRESENTATION_CONTEXT() REPRESENTATION_CONTEXT('2D SPACE',''
  ) );
#10922 = ADVANCED_FACE('',(#10923),#2354,.F.);
#10923 = FACE_BOUND('',#10924,.T.);
#10924 = EDGE_LOOP('',(#10925,#10948,#10974,#10975));
#10925 = ORIENTED_EDGE('',*,*,#10926,.F.);
#10926 = EDGE_CURVE('',#10927,#2305,#10929,.T.);
#10927 = VERTEX_POINT('',#10928);
#10928 = CARTESIAN_POINT('',(-14.36596308084,44.5,232.71721704999));
#10929 = SURFACE_CURVE('',#10930,(#10934,#10941),.PCURVE_S1.);
#10930 = LINE('',#10931,#10932);
#10931 = CARTESIAN_POINT('',(-14.36596308084,37.5,232.71721704999));
#10932 = VECTOR('',#10933,1.);
#10933 = DIRECTION('',(-0.,-1.,-1.110223024625E-16));
#10934 = PCURVE('',#2354,#10935);
#10935 = DEFINITIONAL_REPRESENTATION('',(#10936),#10940);
#10936 = LINE('',#10937,#10938);
#10937 = CARTESIAN_POINT('',(-1.581803740447,-0.1));
#10938 = VECTOR('',#10939,1.);
#10939 = DIRECTION('',(-0.,1.));
#10940 = ( GEOMETRIC_REPRESENTATION_CONTEXT(2) 
PARAMETRIC_REPRESENTATION_CONTEXT() REPRESENTATION_CONTEXT('2D SPACE',''
  ) );
#10941 = PCURVE('',#2321,#10942);
#10942 = DEFINITIONAL_REPRESENTATION('',(#10943),#10947);
#10943 = LINE('',#10944,#10945);
#10944 = CARTESIAN_POINT('',(-4.106085276971,0.));
#10945 = VECTOR('',#10946,1.);
#10946 = DIRECTION('',(-0.,1.));
#10947 = ( GEOMETRIC_REPRESENTATION_CONTEXT(2) 
PARAMETRIC_REPRESENTATION_CONTEXT() REPRESENTATION_CONTEXT('2D SPACE',''
  ) );
#10948 = ORIENTED_EDGE('',*,*,#10949,.F.);
#10949 = EDGE_CURVE('',#10877,#10927,#10950,.T.);
#10950 = SURFACE_CURVE('',#10951,(#10956,#10963),.PCURVE_S1.);
#10951 = CIRCLE('',#10952,0.555);
#10952 = AXIS2_PLACEMENT_3D('',#10953,#10954,#10955);
#10953 = CARTESIAN_POINT('',(-14.81853108653,44.5,232.39595827544));
#10954 = DIRECTION('',(0.,-1.,-1.110223024625E-16));
#10955 = DIRECTION('',(-0.587785252292,-8.981892944681E-17,
    0.809016994375));
#10956 = PCURVE('',#2354,#10957);
#10957 = DEFINITIONAL_REPRESENTATION('',(#10958),#10962);
#10958 = LINE('',#10959,#10960);
#10959 = CARTESIAN_POINT('',(-6.28318530718,-7.1));
#10960 = VECTOR('',#10961,1.);
#10961 = DIRECTION('',(1.,-0.));
#10962 = ( GEOMETRIC_REPRESENTATION_CONTEXT(2) 
PARAMETRIC_REPRESENTATION_CONTEXT() REPRESENTATION_CONTEXT('2D SPACE',''
  ) );
#10963 = PCURVE('',#5586,#10964);
#10964 = DEFINITIONAL_REPRESENTATION('',(#10965),#10973);
#10965 = ( BOUNDED_CURVE() B_SPLINE_CURVE(2,(#10966,#10967,#10968,#10969
    ,#10970,#10971,#10972),.UNSPECIFIED.,.T.,.F.) 
B_SPLINE_CURVE_WITH_KNOTS((1,2,2,2,2,1),(-2.094395102393,0.,
    2.094395102393,4.188790204786,6.28318530718,8.377580409573),
.UNSPECIFIED.) CURVE() GEOMETRIC_REPRESENTATION_ITEM() 
RATIONAL_B_SPLINE_CURVE((1.,0.5,1.,0.5,1.,0.5,1.)) REPRESENTATION_ITEM(
  '') );
#10966 = CARTESIAN_POINT('',(-15.14475190155,-20.84496270732));
#10967 = CARTESIAN_POINT('',(-15.92245039039,-20.27993168122));
#10968 = CARTESIAN_POINT('',(-15.04426992344,-19.88894054645));
#10969 = CARTESIAN_POINT('',(-14.16608945649,-19.49794941169));
#10970 = CARTESIAN_POINT('',(-14.2665714346,-20.45397157256));
#10971 = CARTESIAN_POINT('',(-14.36705341272,-21.40999373343));
#10972 = CARTESIAN_POINT('',(-15.14475190155,-20.84496270732));
#10973 = ( GEOMETRIC_REPRESENTATION_CONTEXT(2) 
PARAMETRIC_REPRESENTATION_CONTEXT() REPRESENTATION_CONTEXT('2D SPACE',''
  ) );
#10974 = ORIENTED_EDGE('',*,*,#10876,.T.);
#10975 = ORIENTED_EDGE('',*,*,#2333,.T.);
#10976 = ADVANCED_FACE('',(#10977),#2321,.T.);
#10977 = FACE_BOUND('',#10978,.F.);
#10978 = EDGE_LOOP('',(#10979,#11002,#11003,#11004));
#10979 = ORIENTED_EDGE('',*,*,#10980,.T.);
#10980 = EDGE_CURVE('',#10981,#2272,#10983,.T.);
#10981 = VERTEX_POINT('',#10982);
#10982 = CARTESIAN_POINT('',(-13.64259674207,44.5,233.20055498494));
#10983 = SURFACE_CURVE('',#10984,(#10988,#10995),.PCURVE_S1.);
#10984 = LINE('',#10985,#10986);
#10985 = CARTESIAN_POINT('',(-13.64259674207,37.5,233.20055498494));
#10986 = VECTOR('',#10987,1.);
#10987 = DIRECTION('',(-0.,-1.,-1.110223024625E-16));
#10988 = PCURVE('',#2321,#10989);
#10989 = DEFINITIONAL_REPRESENTATION('',(#10990),#10994);
#10990 = LINE('',#10991,#10992);
#10991 = CARTESIAN_POINT('',(-4.140595438702,0.));
#10992 = VECTOR('',#10993,1.);
#10993 = DIRECTION('',(-0.,1.));
#10994 = ( GEOMETRIC_REPRESENTATION_CONTEXT(2) 
PARAMETRIC_REPRESENTATION_CONTEXT() REPRESENTATION_CONTEXT('2D SPACE',''
  ) );
#10995 = PCURVE('',#2292,#10996);
#10996 = DEFINITIONAL_REPRESENTATION('',(#10997),#11001);
#10997 = LINE('',#10998,#10999);
#10998 = CARTESIAN_POINT('',(-4.701381566733,-0.1));
#10999 = VECTOR('',#11000,1.);
#11000 = DIRECTION('',(-0.,1.));
#11001 = ( GEOMETRIC_REPRESENTATION_CONTEXT(2) 
PARAMETRIC_REPRESENTATION_CONTEXT() REPRESENTATION_CONTEXT('2D SPACE',''
  ) );
#11002 = ORIENTED_EDGE('',*,*,#2304,.F.);
#11003 = ORIENTED_EDGE('',*,*,#10926,.F.);
#11004 = ORIENTED_EDGE('',*,*,#11005,.T.);
#11005 = EDGE_CURVE('',#10927,#10981,#11006,.T.);
#11006 = SURFACE_CURVE('',#11007,(#11012,#11019),.PCURVE_S1.);
#11007 = CIRCLE('',#11008,25.210790894703);
#11008 = AXIS2_PLACEMENT_3D('',#11009,#11010,#11011);
#11009 = CARTESIAN_POINT('',(0.,44.5,212.));
#11010 = DIRECTION('',(-0.,1.,1.110223024625E-16));
#11011 = DIRECTION('',(1.,0.,0.));
#11012 = PCURVE('',#2321,#11013);
#11013 = DEFINITIONAL_REPRESENTATION('',(#11014),#11018);
#11014 = LINE('',#11015,#11016);
#11015 = CARTESIAN_POINT('',(-0.,-7.));
#11016 = VECTOR('',#11017,1.);
#11017 = DIRECTION('',(-1.,0.));
#11018 = ( GEOMETRIC_REPRESENTATION_CONTEXT(2) 
PARAMETRIC_REPRESENTATION_CONTEXT() REPRESENTATION_CONTEXT('2D SPACE',''
  ) );
#11019 = PCURVE('',#5586,#11020);
#11020 = DEFINITIONAL_REPRESENTATION('',(#11021),#11025);
#11021 = CIRCLE('',#11022,25.210790894703);
#11022 = AXIS2_PLACEMENT_2D('',#11023,#11024);
#11023 = CARTESIAN_POINT('',(2.412172678695E-15,0.));
#11024 = DIRECTION('',(1.,0.));
#11025 = ( GEOMETRIC_REPRESENTATION_CONTEXT(2) 
PARAMETRIC_REPRESENTATION_CONTEXT() REPRESENTATION_CONTEXT('2D SPACE',''
  ) );
#11026 = ADVANCED_FACE('',(#11027),#2292,.F.);
#11027 = FACE_BOUND('',#11028,.T.);
#11028 = EDGE_LOOP('',(#11029,#11052,#11078,#11079));
#11029 = ORIENTED_EDGE('',*,*,#11030,.F.);
#11030 = EDGE_CURVE('',#11031,#2243,#11033,.T.);
#11031 = VERTEX_POINT('',#11032);
#11032 = CARTESIAN_POINT('',(-12.69622349532,44.5,233.78049325642));
#11033 = SURFACE_CURVE('',#11034,(#11038,#11045),.PCURVE_S1.);
#11034 = LINE('',#11035,#11036);
#11035 = CARTESIAN_POINT('',(-12.69622349532,37.5,233.78049325642));
#11036 = VECTOR('',#11037,1.);
#11037 = DIRECTION('',(-0.,-1.,-1.110223024625E-16));
#11038 = PCURVE('',#2292,#11039);
#11039 = DEFINITIONAL_REPRESENTATION('',(#11040),#11044);
#11040 = LINE('',#11041,#11042);
#11041 = CARTESIAN_POINT('',(-1.581803740447,-0.1));
#11042 = VECTOR('',#11043,1.);
#11043 = DIRECTION('',(-0.,1.));
#11044 = ( GEOMETRIC_REPRESENTATION_CONTEXT(2) 
PARAMETRIC_REPRESENTATION_CONTEXT() REPRESENTATION_CONTEXT('2D SPACE',''
  ) );
#11045 = PCURVE('',#2259,#11046);
#11046 = DEFINITIONAL_REPRESENTATION('',(#11047),#11051);
#11047 = LINE('',#11048,#11049);
#11048 = CARTESIAN_POINT('',(-4.184625093311,0.));
#11049 = VECTOR('',#11050,1.);
#11050 = DIRECTION('',(-0.,1.));
#11051 = ( GEOMETRIC_REPRESENTATION_CONTEXT(2) 
PARAMETRIC_REPRESENTATION_CONTEXT() REPRESENTATION_CONTEXT('2D SPACE',''
  ) );
#11052 = ORIENTED_EDGE('',*,*,#11053,.F.);
#11053 = EDGE_CURVE('',#10981,#11031,#11054,.T.);
#11054 = SURFACE_CURVE('',#11055,(#11060,#11067),.PCURVE_S1.);
#11055 = CIRCLE('',#11056,0.555);
#11056 = AXIS2_PLACEMENT_3D('',#11057,#11058,#11059);
#11057 = CARTESIAN_POINT('',(-13.17260205783,44.5,233.49573289195));
#11058 = DIRECTION('',(0.,-1.,-1.110223024625E-16));
#11059 = DIRECTION('',(-0.522498564716,-9.466207421861E-17,
    0.852640164354));
#11060 = PCURVE('',#2292,#11061);
#11061 = DEFINITIONAL_REPRESENTATION('',(#11062),#11066);
#11062 = LINE('',#11063,#11064);
#11063 = CARTESIAN_POINT('',(-6.28318530718,-7.1));
#11064 = VECTOR('',#11065,1.);
#11065 = DIRECTION('',(1.,-0.));
#11066 = ( GEOMETRIC_REPRESENTATION_CONTEXT(2) 
PARAMETRIC_REPRESENTATION_CONTEXT() REPRESENTATION_CONTEXT('2D SPACE',''
  ) );
#11067 = PCURVE('',#5586,#11068);
#11068 = DEFINITIONAL_REPRESENTATION('',(#11069),#11077);
#11069 = ( BOUNDED_CURVE() B_SPLINE_CURVE(2,(#11070,#11071,#11072,#11073
    ,#11074,#11075,#11076),.UNSPECIFIED.,.T.,.F.) 
B_SPLINE_CURVE_WITH_KNOTS((1,2,2,2,2,1),(-2.094395102393,0.,
    2.094395102393,4.188790204786,6.28318530718,8.377580409573),
.UNSPECIFIED.) CURVE() GEOMETRIC_REPRESENTATION_ITEM() 
RATIONAL_B_SPLINE_CURVE((1.,0.5,1.,0.5,1.,0.5,1.)) REPRESENTATION_ITEM(
  '') );
#11070 = CARTESIAN_POINT('',(-13.46258876125,-21.96894818317));
#11071 = CARTESIAN_POINT('',(-14.28222168855,-21.46667647933));
#11072 = CARTESIAN_POINT('',(-13.43742516978,-21.00798939442));
#11073 = CARTESIAN_POINT('',(-12.592628651,-20.54930230952));
#11074 = CARTESIAN_POINT('',(-12.61779224247,-21.51026109826));
#11075 = CARTESIAN_POINT('',(-12.64295583394,-22.47121988701));
#11076 = CARTESIAN_POINT('',(-13.46258876125,-21.96894818317));
#11077 = ( GEOMETRIC_REPRESENTATION_CONTEXT(2) 
PARAMETRIC_REPRESENTATION_CONTEXT() REPRESENTATION_CONTEXT('2D SPACE',''
  ) );
#11078 = ORIENTED_EDGE('',*,*,#10980,.T.);
#11079 = ORIENTED_EDGE('',*,*,#2271,.T.);
#11080 = ADVANCED_FACE('',(#11081),#2259,.T.);
#11081 = FACE_BOUND('',#11082,.F.);
#11082 = EDGE_LOOP('',(#11083,#11106,#11107,#11108));
#11083 = ORIENTED_EDGE('',*,*,#11084,.T.);
#11084 = EDGE_CURVE('',#11085,#2210,#11087,.T.);
#11085 = VERTEX_POINT('',#11086);
#11086 = CARTESIAN_POINT('',(-11.93716479625,44.5,234.20558655301));
#11087 = SURFACE_CURVE('',#11088,(#11092,#11099),.PCURVE_S1.);
#11088 = LINE('',#11089,#11090);
#11089 = CARTESIAN_POINT('',(-11.93716479625,37.5,234.20558655301));
#11090 = VECTOR('',#11091,1.);
#11091 = DIRECTION('',(-0.,-1.,-1.110223024625E-16));
#11092 = PCURVE('',#2259,#11093);
#11093 = DEFINITIONAL_REPRESENTATION('',(#11094),#11098);
#11094 = LINE('',#11095,#11096);
#11095 = CARTESIAN_POINT('',(-4.219135255042,0.));
#11096 = VECTOR('',#11097,1.);
#11097 = DIRECTION('',(-0.,1.));
#11098 = ( GEOMETRIC_REPRESENTATION_CONTEXT(2) 
PARAMETRIC_REPRESENTATION_CONTEXT() REPRESENTATION_CONTEXT('2D SPACE',''
  ) );
#11099 = PCURVE('',#2230,#11100);
#11100 = DEFINITIONAL_REPRESENTATION('',(#11101),#11105);
#11101 = LINE('',#11102,#11103);
#11102 = CARTESIAN_POINT('',(-4.701381566733,-0.1));
#11103 = VECTOR('',#11104,1.);
#11104 = DIRECTION('',(-0.,1.));
#11105 = ( GEOMETRIC_REPRESENTATION_CONTEXT(2) 
PARAMETRIC_REPRESENTATION_CONTEXT() REPRESENTATION_CONTEXT('2D SPACE',''
  ) );
#11106 = ORIENTED_EDGE('',*,*,#2242,.F.);
#11107 = ORIENTED_EDGE('',*,*,#11030,.F.);
#11108 = ORIENTED_EDGE('',*,*,#11109,.T.);
#11109 = EDGE_CURVE('',#11031,#11085,#11110,.T.);
#11110 = SURFACE_CURVE('',#11111,(#11116,#11123),.PCURVE_S1.);
#11111 = CIRCLE('',#11112,25.210790894703);
#11112 = AXIS2_PLACEMENT_3D('',#11113,#11114,#11115);
#11113 = CARTESIAN_POINT('',(0.,44.5,212.));
#11114 = DIRECTION('',(-0.,1.,1.110223024625E-16));
#11115 = DIRECTION('',(1.,0.,0.));
#11116 = PCURVE('',#2259,#11117);
#11117 = DEFINITIONAL_REPRESENTATION('',(#11118),#11122);
#11118 = LINE('',#11119,#11120);
#11119 = CARTESIAN_POINT('',(-0.,-7.));
#11120 = VECTOR('',#11121,1.);
#11121 = DIRECTION('',(-1.,0.));
#11122 = ( GEOMETRIC_REPRESENTATION_CONTEXT(2) 
PARAMETRIC_REPRESENTATION_CONTEXT() REPRESENTATION_CONTEXT('2D SPACE',''
  ) );
#11123 = PCURVE('',#5586,#11124);
#11124 = DEFINITIONAL_REPRESENTATION('',(#11125),#11129);
#11125 = CIRCLE('',#11126,25.210790894703);
#11126 = AXIS2_PLACEMENT_2D('',#11127,#11128);
#11127 = CARTESIAN_POINT('',(2.412172678695E-15,0.));
#11128 = DIRECTION('',(1.,0.));
#11129 = ( GEOMETRIC_REPRESENTATION_CONTEXT(2) 
PARAMETRIC_REPRESENTATION_CONTEXT() REPRESENTATION_CONTEXT('2D SPACE',''
  ) );
#11130 = ADVANCED_FACE('',(#11131),#2230,.F.);
#11131 = FACE_BOUND('',#11132,.T.);
#11132 = EDGE_LOOP('',(#11133,#11156,#11182,#11183));
#11133 = ORIENTED_EDGE('',*,*,#11134,.F.);
#11134 = EDGE_CURVE('',#11135,#2181,#11137,.T.);
#11135 = VERTEX_POINT('',#11136);
#11136 = CARTESIAN_POINT('',(-10.94820747002,44.5,234.70948547919));
#11137 = SURFACE_CURVE('',#11138,(#11142,#11149),.PCURVE_S1.);
#11138 = LINE('',#11139,#11140);
#11139 = CARTESIAN_POINT('',(-10.94820747002,37.5,234.70948547919));
#11140 = VECTOR('',#11141,1.);
#11141 = DIRECTION('',(-0.,-1.,-1.110223024625E-16));
#11142 = PCURVE('',#2230,#11143);
#11143 = DEFINITIONAL_REPRESENTATION('',(#11144),#11148);
#11144 = LINE('',#11145,#11146);
#11145 = CARTESIAN_POINT('',(-1.581803740447,-0.1));
#11146 = VECTOR('',#11147,1.);
#11147 = DIRECTION('',(-0.,1.));
#11148 = ( GEOMETRIC_REPRESENTATION_CONTEXT(2) 
PARAMETRIC_REPRESENTATION_CONTEXT() REPRESENTATION_CONTEXT('2D SPACE',''
  ) );
#11149 = PCURVE('',#2197,#11150);
#11150 = DEFINITIONAL_REPRESENTATION('',(#11151),#11155);
#11151 = LINE('',#11152,#11153);
#11152 = CARTESIAN_POINT('',(-4.26316490965,0.));
#11153 = VECTOR('',#11154,1.);
#11154 = DIRECTION('',(-0.,1.));
#11155 = ( GEOMETRIC_REPRESENTATION_CONTEXT(2) 
PARAMETRIC_REPRESENTATION_CONTEXT() REPRESENTATION_CONTEXT('2D SPACE',''
  ) );
#11156 = ORIENTED_EDGE('',*,*,#11157,.F.);
#11157 = EDGE_CURVE('',#11085,#11135,#11158,.T.);
#11158 = SURFACE_CURVE('',#11159,(#11164,#11171),.PCURVE_S1.);
#11159 = CIRCLE('',#11160,0.555);
#11160 = AXIS2_PLACEMENT_3D('',#11161,#11162,#11163);
#11161 = CARTESIAN_POINT('',(-11.44545955711,44.5,234.46297916712));
#11162 = DIRECTION('',(0.,-1.,-1.110223024625E-16));
#11163 = DIRECTION('',(-0.45399049974,-9.892159582452E-17,0.891006524188
    ));
#11164 = PCURVE('',#2230,#11165);
#11165 = DEFINITIONAL_REPRESENTATION('',(#11166),#11170);
#11166 = LINE('',#11167,#11168);
#11167 = CARTESIAN_POINT('',(-6.28318530718,-7.1));
#11168 = VECTOR('',#11169,1.);
#11169 = DIRECTION('',(1.,-0.));
#11170 = ( GEOMETRIC_REPRESENTATION_CONTEXT(2) 
PARAMETRIC_REPRESENTATION_CONTEXT() REPRESENTATION_CONTEXT('2D SPACE',''
  ) );
#11171 = PCURVE('',#5586,#11172);
#11172 = DEFINITIONAL_REPRESENTATION('',(#11173),#11181);
#11173 = ( BOUNDED_CURVE() B_SPLINE_CURVE(2,(#11174,#11175,#11176,#11177
    ,#11178,#11179,#11180),.UNSPECIFIED.,.T.,.F.) 
B_SPLINE_CURVE_WITH_KNOTS((1,2,2,2,2,1),(-2.094395102393,0.,
    2.094395102393,4.188790204786,6.28318530718,8.377580409573),
.UNSPECIFIED.) CURVE() GEOMETRIC_REPRESENTATION_ITEM() 
RATIONAL_B_SPLINE_CURVE((1.,0.5,1.,0.5,1.,0.5,1.)) REPRESENTATION_ITEM(
  '') );
#11174 = CARTESIAN_POINT('',(-11.69742428447,-22.95748778805));
#11175 = CARTESIAN_POINT('',(-12.55393834069,-22.52107207855));
#11176 = CARTESIAN_POINT('',(-11.74773422154,-21.99751700192));
#11177 = CARTESIAN_POINT('',(-10.9415301024,-21.47396192528));
#11178 = CARTESIAN_POINT('',(-10.89122016532,-22.43393271141));
#11179 = CARTESIAN_POINT('',(-10.84091022824,-23.39390349754));
#11180 = CARTESIAN_POINT('',(-11.69742428447,-22.95748778805));
#11181 = ( GEOMETRIC_REPRESENTATION_CONTEXT(2) 
PARAMETRIC_REPRESENTATION_CONTEXT() REPRESENTATION_CONTEXT('2D SPACE',''
  ) );
#11182 = ORIENTED_EDGE('',*,*,#11084,.T.);
#11183 = ORIENTED_EDGE('',*,*,#2209,.T.);
#11184 = ADVANCED_FACE('',(#11185),#2197,.T.);
#11185 = FACE_BOUND('',#11186,.F.);
#11186 = EDGE_LOOP('',(#11187,#11210,#11211,#11212));
#11187 = ORIENTED_EDGE('',*,*,#11188,.T.);
#11188 = EDGE_CURVE('',#11189,#2148,#11191,.T.);
#11189 = VERTEX_POINT('',#11190);
#11190 = CARTESIAN_POINT('',(-10.15813625996,44.5,235.07371329588));
#11191 = SURFACE_CURVE('',#11192,(#11196,#11203),.PCURVE_S1.);
#11192 = LINE('',#11193,#11194);
#11193 = CARTESIAN_POINT('',(-10.15813625996,37.5,235.07371329588));
#11194 = VECTOR('',#11195,1.);
#11195 = DIRECTION('',(-0.,-1.,-1.110223024625E-16));
#11196 = PCURVE('',#2197,#11197);
#11197 = DEFINITIONAL_REPRESENTATION('',(#11198),#11202);
#11198 = LINE('',#11199,#11200);
#11199 = CARTESIAN_POINT('',(-4.297675071382,0.));
#11200 = VECTOR('',#11201,1.);
#11201 = DIRECTION('',(-0.,1.));
#11202 = ( GEOMETRIC_REPRESENTATION_CONTEXT(2) 
PARAMETRIC_REPRESENTATION_CONTEXT() REPRESENTATION_CONTEXT('2D SPACE',''
  ) );
#11203 = PCURVE('',#2168,#11204);
#11204 = DEFINITIONAL_REPRESENTATION('',(#11205),#11209);
#11205 = LINE('',#11206,#11207);
#11206 = CARTESIAN_POINT('',(-4.701381566733,-0.1));
#11207 = VECTOR('',#11208,1.);
#11208 = DIRECTION('',(-0.,1.));
#11209 = ( GEOMETRIC_REPRESENTATION_CONTEXT(2) 
PARAMETRIC_REPRESENTATION_CONTEXT() REPRESENTATION_CONTEXT('2D SPACE',''
  ) );
#11210 = ORIENTED_EDGE('',*,*,#2180,.F.);
#11211 = ORIENTED_EDGE('',*,*,#11134,.F.);
#11212 = ORIENTED_EDGE('',*,*,#11213,.T.);
#11213 = EDGE_CURVE('',#11135,#11189,#11214,.T.);
#11214 = SURFACE_CURVE('',#11215,(#11220,#11227),.PCURVE_S1.);
#11215 = CIRCLE('',#11216,25.210790894703);
#11216 = AXIS2_PLACEMENT_3D('',#11217,#11218,#11219);
#11217 = CARTESIAN_POINT('',(0.,44.5,212.));
#11218 = DIRECTION('',(-0.,1.,1.110223024625E-16));
#11219 = DIRECTION('',(1.,0.,0.));
#11220 = PCURVE('',#2197,#11221);
#11221 = DEFINITIONAL_REPRESENTATION('',(#11222),#11226);
#11222 = LINE('',#11223,#11224);
#11223 = CARTESIAN_POINT('',(-0.,-7.));
#11224 = VECTOR('',#11225,1.);
#11225 = DIRECTION('',(-1.,0.));
#11226 = ( GEOMETRIC_REPRESENTATION_CONTEXT(2) 
PARAMETRIC_REPRESENTATION_CONTEXT() REPRESENTATION_CONTEXT('2D SPACE',''
  ) );
#11227 = PCURVE('',#5586,#11228);
#11228 = DEFINITIONAL_REPRESENTATION('',(#11229),#11233);
#11229 = CIRCLE('',#11230,25.210790894703);
#11230 = AXIS2_PLACEMENT_2D('',#11231,#11232);
#11231 = CARTESIAN_POINT('',(2.412172678695E-15,0.));
#11232 = DIRECTION('',(1.,0.));
#11233 = ( GEOMETRIC_REPRESENTATION_CONTEXT(2) 
PARAMETRIC_REPRESENTATION_CONTEXT() REPRESENTATION_CONTEXT('2D SPACE',''
  ) );
#11234 = ADVANCED_FACE('',(#11235),#2168,.F.);
#11235 = FACE_BOUND('',#11236,.T.);
#11236 = EDGE_LOOP('',(#11237,#11260,#11286,#11287));
#11237 = ORIENTED_EDGE('',*,*,#11238,.F.);
#11238 = EDGE_CURVE('',#11239,#2119,#11241,.T.);
#11239 = VERTEX_POINT('',#11240);
#11240 = CARTESIAN_POINT('',(-9.132692105035,44.5,235.4984661723));
#11241 = SURFACE_CURVE('',#11242,(#11246,#11253),.PCURVE_S1.);
#11242 = LINE('',#11243,#11244);
#11243 = CARTESIAN_POINT('',(-9.132692105035,37.5,235.4984661723));
#11244 = VECTOR('',#11245,1.);
#11245 = DIRECTION('',(-0.,-1.,-1.110223024625E-16));
#11246 = PCURVE('',#2168,#11247);
#11247 = DEFINITIONAL_REPRESENTATION('',(#11248),#11252);
#11248 = LINE('',#11249,#11250);
#11249 = CARTESIAN_POINT('',(-1.581803740447,-0.1));
#11250 = VECTOR('',#11251,1.);
#11251 = DIRECTION('',(-0.,1.));
#11252 = ( GEOMETRIC_REPRESENTATION_CONTEXT(2) 
PARAMETRIC_REPRESENTATION_CONTEXT() REPRESENTATION_CONTEXT('2D SPACE',''
  ) );
#11253 = PCURVE('',#2135,#11254);
#11254 = DEFINITIONAL_REPRESENTATION('',(#11255),#11259);
#11255 = LINE('',#11256,#11257);
#11256 = CARTESIAN_POINT('',(-4.34170472599,0.));
#11257 = VECTOR('',#11258,1.);
#11258 = DIRECTION('',(-0.,1.));
#11259 = ( GEOMETRIC_REPRESENTATION_CONTEXT(2) 
PARAMETRIC_REPRESENTATION_CONTEXT() REPRESENTATION_CONTEXT('2D SPACE',''
  ) );
#11260 = ORIENTED_EDGE('',*,*,#11261,.F.);
#11261 = EDGE_CURVE('',#11189,#11239,#11262,.T.);
#11262 = SURFACE_CURVE('',#11263,(#11268,#11275),.PCURVE_S1.);
#11263 = CIRCLE('',#11264,0.555);
#11264 = AXIS2_PLACEMENT_3D('',#11265,#11266,#11267);
#11265 = CARTESIAN_POINT('',(-9.647751992224,44.5,235.29173370603));
#11266 = DIRECTION('',(0.,-1.,-1.110223024625E-16));
#11267 = DIRECTION('',(-0.382683432365,-1.025712328974E-16,
    0.923879532511));
#11268 = PCURVE('',#2168,#11269);
#11269 = DEFINITIONAL_REPRESENTATION('',(#11270),#11274);
#11270 = LINE('',#11271,#11272);
#11271 = CARTESIAN_POINT('',(-6.28318530718,-7.1));
#11272 = VECTOR('',#11273,1.);
#11273 = DIRECTION('',(1.,-0.));
#11274 = ( GEOMETRIC_REPRESENTATION_CONTEXT(2) 
PARAMETRIC_REPRESENTATION_CONTEXT() REPRESENTATION_CONTEXT('2D SPACE',''
  ) );
#11275 = PCURVE('',#5586,#11276);
#11276 = DEFINITIONAL_REPRESENTATION('',(#11277),#11285);
#11277 = ( BOUNDED_CURVE() B_SPLINE_CURVE(2,(#11278,#11279,#11280,#11281
    ,#11282,#11283,#11284),.UNSPECIFIED.,.T.,.F.) 
B_SPLINE_CURVE_WITH_KNOTS((1,2,2,2,2,1),(-2.094395102393,0.,
    2.094395102393,4.188790204786,6.28318530718,8.377580409573),
.UNSPECIFIED.) CURVE() GEOMETRIC_REPRESENTATION_ITEM() 
RATIONAL_B_SPLINE_CURVE((1.,0.5,1.,0.5,1.,0.5,1.)) REPRESENTATION_ITEM(
  '') );
#11278 = CARTESIAN_POINT('',(-9.860141297186,-23.80448684658));
#11279 = CARTESIAN_POINT('',(-10.74825578834,-23.4366177794));
#11280 = CARTESIAN_POINT('',(-9.985614585323,-22.85142260217));
#11281 = CARTESIAN_POINT('',(-9.222973382298,-22.26622742495));
#11282 = CARTESIAN_POINT('',(-9.097500094161,-23.21929166935));
#11283 = CARTESIAN_POINT('',(-8.972026806024,-24.17235591376));
#11284 = CARTESIAN_POINT('',(-9.860141297186,-23.80448684658));
#11285 = ( GEOMETRIC_REPRESENTATION_CONTEXT(2) 
PARAMETRIC_REPRESENTATION_CONTEXT() REPRESENTATION_CONTEXT('2D SPACE',''
  ) );
#11286 = ORIENTED_EDGE('',*,*,#11188,.T.);
#11287 = ORIENTED_EDGE('',*,*,#2147,.T.);
#11288 = ADVANCED_FACE('',(#11289),#2135,.T.);
#11289 = FACE_BOUND('',#11290,.F.);
#11290 = EDGE_LOOP('',(#11291,#11314,#11315,#11316));
#11291 = ORIENTED_EDGE('',*,*,#11292,.T.);
#11292 = EDGE_CURVE('',#11293,#2086,#11295,.T.);
#11293 = VERTEX_POINT('',#11294);
#11294 = CARTESIAN_POINT('',(-8.316479435701,44.5,235.79958292348));
#11295 = SURFACE_CURVE('',#11296,(#11300,#11307),.PCURVE_S1.);
#11296 = LINE('',#11297,#11298);
#11297 = CARTESIAN_POINT('',(-8.316479435701,37.5,235.79958292348));
#11298 = VECTOR('',#11299,1.);
#11299 = DIRECTION('',(-0.,-1.,-1.110223024625E-16));
#11300 = PCURVE('',#2135,#11301);
#11301 = DEFINITIONAL_REPRESENTATION('',(#11302),#11306);
#11302 = LINE('',#11303,#11304);
#11303 = CARTESIAN_POINT('',(-4.376214887721,0.));
#11304 = VECTOR('',#11305,1.);
#11305 = DIRECTION('',(-0.,1.));
#11306 = ( GEOMETRIC_REPRESENTATION_CONTEXT(2) 
PARAMETRIC_REPRESENTATION_CONTEXT() REPRESENTATION_CONTEXT('2D SPACE',''
  ) );
#11307 = PCURVE('',#2106,#11308);
#11308 = DEFINITIONAL_REPRESENTATION('',(#11309),#11313);
#11309 = LINE('',#11310,#11311);
#11310 = CARTESIAN_POINT('',(-4.701381566733,-0.1));
#11311 = VECTOR('',#11312,1.);
#11312 = DIRECTION('',(-0.,1.));
#11313 = ( GEOMETRIC_REPRESENTATION_CONTEXT(2) 
PARAMETRIC_REPRESENTATION_CONTEXT() REPRESENTATION_CONTEXT('2D SPACE',''
  ) );
#11314 = ORIENTED_EDGE('',*,*,#2118,.F.);
#11315 = ORIENTED_EDGE('',*,*,#11238,.F.);
#11316 = ORIENTED_EDGE('',*,*,#11317,.T.);
#11317 = EDGE_CURVE('',#11239,#11293,#11318,.T.);
#11318 = SURFACE_CURVE('',#11319,(#11324,#11331),.PCURVE_S1.);
#11319 = CIRCLE('',#11320,25.210790894703);
#11320 = AXIS2_PLACEMENT_3D('',#11321,#11322,#11323);
#11321 = CARTESIAN_POINT('',(0.,44.5,212.));
#11322 = DIRECTION('',(-0.,1.,1.110223024625E-16));
#11323 = DIRECTION('',(1.,0.,0.));
#11324 = PCURVE('',#2135,#11325);
#11325 = DEFINITIONAL_REPRESENTATION('',(#11326),#11330);
#11326 = LINE('',#11327,#11328);
#11327 = CARTESIAN_POINT('',(-0.,-7.));
#11328 = VECTOR('',#11329,1.);
#11329 = DIRECTION('',(-1.,0.));
#11330 = ( GEOMETRIC_REPRESENTATION_CONTEXT(2) 
PARAMETRIC_REPRESENTATION_CONTEXT() REPRESENTATION_CONTEXT('2D SPACE',''
  ) );
#11331 = PCURVE('',#5586,#11332);
#11332 = DEFINITIONAL_REPRESENTATION('',(#11333),#11337);
#11333 = CIRCLE('',#11334,25.210790894703);
#11334 = AXIS2_PLACEMENT_2D('',#11335,#11336);
#11335 = CARTESIAN_POINT('',(2.412172678695E-15,0.));
#11336 = DIRECTION('',(1.,0.));
#11337 = ( GEOMETRIC_REPRESENTATION_CONTEXT(2) 
PARAMETRIC_REPRESENTATION_CONTEXT() REPRESENTATION_CONTEXT('2D SPACE',''
  ) );
#11338 = ADVANCED_FACE('',(#11339),#2106,.F.);
#11339 = FACE_BOUND('',#11340,.T.);
#11340 = EDGE_LOOP('',(#11341,#11364,#11390,#11391));
#11341 = ORIENTED_EDGE('',*,*,#11342,.F.);
#11342 = EDGE_CURVE('',#11343,#2057,#11345,.T.);
#11343 = VERTEX_POINT('',#11344);
#11344 = CARTESIAN_POINT('',(-7.260870656287,44.5,236.14257100743));
#11345 = SURFACE_CURVE('',#11346,(#11350,#11357),.PCURVE_S1.);
#11346 = LINE('',#11347,#11348);
#11347 = CARTESIAN_POINT('',(-7.260870656287,37.5,236.14257100743));
#11348 = VECTOR('',#11349,1.);
#11349 = DIRECTION('',(-0.,-1.,-1.110223024625E-16));
#11350 = PCURVE('',#2106,#11351);
#11351 = DEFINITIONAL_REPRESENTATION('',(#11352),#11356);
#11352 = LINE('',#11353,#11354);
#11353 = CARTESIAN_POINT('',(-1.581803740447,-0.1));
#11354 = VECTOR('',#11355,1.);
#11355 = DIRECTION('',(-0.,1.));
#11356 = ( GEOMETRIC_REPRESENTATION_CONTEXT(2) 
PARAMETRIC_REPRESENTATION_CONTEXT() REPRESENTATION_CONTEXT('2D SPACE',''
  ) );
#11357 = PCURVE('',#2073,#11358);
#11358 = DEFINITIONAL_REPRESENTATION('',(#11359),#11363);
#11359 = LINE('',#11360,#11361);
#11360 = CARTESIAN_POINT('',(-4.42024454233,0.));
#11361 = VECTOR('',#11362,1.);
#11362 = DIRECTION('',(-0.,1.));
#11363 = ( GEOMETRIC_REPRESENTATION_CONTEXT(2) 
PARAMETRIC_REPRESENTATION_CONTEXT() REPRESENTATION_CONTEXT('2D SPACE',''
  ) );
#11364 = ORIENTED_EDGE('',*,*,#11365,.F.);
#11365 = EDGE_CURVE('',#11293,#11343,#11366,.T.);
#11366 = SURFACE_CURVE('',#11367,(#11372,#11379),.PCURVE_S1.);
#11367 = CIRCLE('',#11368,0.555);
#11368 = AXIS2_PLACEMENT_3D('',#11369,#11370,#11371);
#11369 = CARTESIAN_POINT('',(-7.790562828096,44.5,235.97688696136));
#11370 = DIRECTION('',(0.,-1.,-1.110223024625E-16));
#11371 = DIRECTION('',(-0.309016994375,-1.055884842111E-16,
    0.951056516295));
#11372 = PCURVE('',#2106,#11373);
#11373 = DEFINITIONAL_REPRESENTATION('',(#11374),#11378);
#11374 = LINE('',#11375,#11376);
#11375 = CARTESIAN_POINT('',(-6.28318530718,-7.1));
#11376 = VECTOR('',#11377,1.);
#11377 = DIRECTION('',(1.,-0.));
#11378 = ( GEOMETRIC_REPRESENTATION_CONTEXT(2) 
PARAMETRIC_REPRESENTATION_CONTEXT() REPRESENTATION_CONTEXT('2D SPACE',''
  ) );
#11379 = PCURVE('',#5586,#11380);
#11380 = DEFINITIONAL_REPRESENTATION('',(#11381),#11389);
#11381 = ( BOUNDED_CURVE() B_SPLINE_CURVE(2,(#11382,#11383,#11384,#11385
    ,#11386,#11387,#11388),.UNSPECIFIED.,.T.,.F.) 
B_SPLINE_CURVE_WITH_KNOTS((1,2,2,2,2,1),(-2.094395102393,0.,
    2.094395102393,4.188790204786,6.28318530718,8.377580409573),
.UNSPECIFIED.) CURVE() GEOMETRIC_REPRESENTATION_ITEM() 
RATIONAL_B_SPLINE_CURVE((1.,0.5,1.,0.5,1.,0.5,1.)) REPRESENTATION_ITEM(
  '') );
#11382 = CARTESIAN_POINT('',(-7.962067259975,-24.5047233279));
#11383 = CARTESIAN_POINT('',(-8.876306664911,-24.20766893817));
#11384 = CARTESIAN_POINT('',(-8.161930314626,-23.56444158322));
#11385 = CARTESIAN_POINT('',(-7.44755396434,-22.92121422827));
#11386 = CARTESIAN_POINT('',(-7.247690909689,-23.86149597295));
#11387 = CARTESIAN_POINT('',(-7.047827855038,-24.80177771764));
#11388 = CARTESIAN_POINT('',(-7.962067259975,-24.5047233279));
#11389 = ( GEOMETRIC_REPRESENTATION_CONTEXT(2) 
PARAMETRIC_REPRESENTATION_CONTEXT() REPRESENTATION_CONTEXT('2D SPACE',''
  ) );
#11390 = ORIENTED_EDGE('',*,*,#11292,.T.);
#11391 = ORIENTED_EDGE('',*,*,#2085,.T.);
#11392 = ADVANCED_FACE('',(#11393),#2073,.T.);
#11393 = FACE_BOUND('',#11394,.F.);
#11394 = EDGE_LOOP('',(#11395,#11418,#11419,#11420));
#11395 = ORIENTED_EDGE('',*,*,#11396,.T.);
#11396 = EDGE_CURVE('',#11397,#2024,#11399,.T.);
#11397 = VERTEX_POINT('',#11398);
#11398 = CARTESIAN_POINT('',(-6.423548750209,44.5,236.3787202082));
#11399 = SURFACE_CURVE('',#11400,(#11404,#11411),.PCURVE_S1.);
#11400 = LINE('',#11401,#11402);
#11401 = CARTESIAN_POINT('',(-6.423548750208,37.5,236.3787202082));
#11402 = VECTOR('',#11403,1.);
#11403 = DIRECTION('',(-0.,-1.,-1.110223024625E-16));
#11404 = PCURVE('',#2073,#11405);
#11405 = DEFINITIONAL_REPRESENTATION('',(#11406),#11410);
#11406 = LINE('',#11407,#11408);
#11407 = CARTESIAN_POINT('',(-4.454754704061,0.));
#11408 = VECTOR('',#11409,1.);
#11409 = DIRECTION('',(-0.,1.));
#11410 = ( GEOMETRIC_REPRESENTATION_CONTEXT(2) 
PARAMETRIC_REPRESENTATION_CONTEXT() REPRESENTATION_CONTEXT('2D SPACE',''
  ) );
#11411 = PCURVE('',#2044,#11412);
#11412 = DEFINITIONAL_REPRESENTATION('',(#11413),#11417);
#11413 = LINE('',#11414,#11415);
#11414 = CARTESIAN_POINT('',(-4.701381566733,-0.1));
#11415 = VECTOR('',#11416,1.);
#11416 = DIRECTION('',(-0.,1.));
#11417 = ( GEOMETRIC_REPRESENTATION_CONTEXT(2) 
PARAMETRIC_REPRESENTATION_CONTEXT() REPRESENTATION_CONTEXT('2D SPACE',''
  ) );
#11418 = ORIENTED_EDGE('',*,*,#2056,.F.);
#11419 = ORIENTED_EDGE('',*,*,#11342,.F.);
#11420 = ORIENTED_EDGE('',*,*,#11421,.T.);
#11421 = EDGE_CURVE('',#11343,#11397,#11422,.T.);
#11422 = SURFACE_CURVE('',#11423,(#11428,#11435),.PCURVE_S1.);
#11423 = CIRCLE('',#11424,25.210790894703);
#11424 = AXIS2_PLACEMENT_3D('',#11425,#11426,#11427);
#11425 = CARTESIAN_POINT('',(0.,44.5,212.));
#11426 = DIRECTION('',(-0.,1.,1.110223024625E-16));
#11427 = DIRECTION('',(1.,0.,0.));
#11428 = PCURVE('',#2073,#11429);
#11429 = DEFINITIONAL_REPRESENTATION('',(#11430),#11434);
#11430 = LINE('',#11431,#11432);
#11431 = CARTESIAN_POINT('',(-0.,-7.));
#11432 = VECTOR('',#11433,1.);
#11433 = DIRECTION('',(-1.,0.));
#11434 = ( GEOMETRIC_REPRESENTATION_CONTEXT(2) 
PARAMETRIC_REPRESENTATION_CONTEXT() REPRESENTATION_CONTEXT('2D SPACE',''
  ) );
#11435 = PCURVE('',#5586,#11436);
#11436 = DEFINITIONAL_REPRESENTATION('',(#11437),#11441);
#11437 = CIRCLE('',#11438,25.210790894703);
#11438 = AXIS2_PLACEMENT_2D('',#11439,#11440);
#11439 = CARTESIAN_POINT('',(2.412172678695E-15,0.));
#11440 = DIRECTION('',(1.,0.));
#11441 = ( GEOMETRIC_REPRESENTATION_CONTEXT(2) 
PARAMETRIC_REPRESENTATION_CONTEXT() REPRESENTATION_CONTEXT('2D SPACE',''
  ) );
#11442 = ADVANCED_FACE('',(#11443),#2044,.F.);
#11443 = FACE_BOUND('',#11444,.T.);
#11444 = EDGE_LOOP('',(#11445,#11468,#11494,#11495));
#11445 = ORIENTED_EDGE('',*,*,#11446,.F.);
#11446 = EDGE_CURVE('',#11447,#1995,#11449,.T.);
#11447 = VERTEX_POINT('',#11448);
#11448 = CARTESIAN_POINT('',(-5.344283525458,44.5,236.63782886408));
#11449 = SURFACE_CURVE('',#11450,(#11454,#11461),.PCURVE_S1.);
#11450 = LINE('',#11451,#11452);
#11451 = CARTESIAN_POINT('',(-5.344283525458,37.5,236.63782886408));
#11452 = VECTOR('',#11453,1.);
#11453 = DIRECTION('',(-0.,-1.,-1.110223024625E-16));
#11454 = PCURVE('',#2044,#11455);
#11455 = DEFINITIONAL_REPRESENTATION('',(#11456),#11460);
#11456 = LINE('',#11457,#11458);
#11457 = CARTESIAN_POINT('',(-1.581803740447,-0.1));
#11458 = VECTOR('',#11459,1.);
#11459 = DIRECTION('',(-0.,1.));
#11460 = ( GEOMETRIC_REPRESENTATION_CONTEXT(2) 
PARAMETRIC_REPRESENTATION_CONTEXT() REPRESENTATION_CONTEXT('2D SPACE',''
  ) );
#11461 = PCURVE('',#2011,#11462);
#11462 = DEFINITIONAL_REPRESENTATION('',(#11463),#11467);
#11463 = LINE('',#11464,#11465);
#11464 = CARTESIAN_POINT('',(-4.49878435867,0.));
#11465 = VECTOR('',#11466,1.);
#11466 = DIRECTION('',(-0.,1.));
#11467 = ( GEOMETRIC_REPRESENTATION_CONTEXT(2) 
PARAMETRIC_REPRESENTATION_CONTEXT() REPRESENTATION_CONTEXT('2D SPACE',''
  ) );
#11468 = ORIENTED_EDGE('',*,*,#11469,.F.);
#11469 = EDGE_CURVE('',#11397,#11447,#11470,.T.);
#11470 = SURFACE_CURVE('',#11471,(#11476,#11483),.PCURVE_S1.);
#11471 = CIRCLE('',#11472,0.555);
#11472 = AXIS2_PLACEMENT_3D('',#11473,#11474,#11475);
#11473 = CARTESIAN_POINT('',(-5.885342253509,44.5,236.51421473544));
#11474 = DIRECTION('',(0.,-1.,-1.110223024625E-16));
#11475 = DIRECTION('',(-0.233445363856,-1.079547474078E-16,
    0.972369920398));
#11476 = PCURVE('',#2044,#11477);
#11477 = DEFINITIONAL_REPRESENTATION('',(#11478),#11482);
#11478 = LINE('',#11479,#11480);
#11479 = CARTESIAN_POINT('',(-6.28318530718,-7.1));
#11480 = VECTOR('',#11481,1.);
#11481 = DIRECTION('',(1.,-0.));
#11482 = ( GEOMETRIC_REPRESENTATION_CONTEXT(2) 
PARAMETRIC_REPRESENTATION_CONTEXT() REPRESENTATION_CONTEXT('2D SPACE',''
  ) );
#11483 = PCURVE('',#5586,#11484);
#11484 = DEFINITIONAL_REPRESENTATION('',(#11485),#11493);
#11485 = ( BOUNDED_CURVE() B_SPLINE_CURVE(2,(#11486,#11487,#11488,#11489
    ,#11490,#11491,#11492),.UNSPECIFIED.,.T.,.F.) 
B_SPLINE_CURVE_WITH_KNOTS((1,2,2,2,2,1),(-2.094395102393,0.,
    2.094395102393,4.188790204786,6.28318530718,8.377580409573),
.UNSPECIFIED.) CURVE() GEOMETRIC_REPRESENTATION_ITEM() 
RATIONAL_B_SPLINE_CURVE((1.,0.5,1.,0.5,1.,0.5,1.)) REPRESENTATION_ITEM(
  '') );
#11486 = CARTESIAN_POINT('',(-6.014904430449,-25.05388004126));
#11487 = CARTESIAN_POINT('',(-6.949632159213,-24.82947176806));
#11488 = CARTESIAN_POINT('',(-6.287925029421,-24.13217794593));
#11489 = CARTESIAN_POINT('',(-5.626217899629,-23.4348841238));
#11490 = CARTESIAN_POINT('',(-5.353197300657,-24.35658621913));
#11491 = CARTESIAN_POINT('',(-5.080176701686,-25.27828831446));
#11492 = CARTESIAN_POINT('',(-6.014904430449,-25.05388004126));
#11493 = ( GEOMETRIC_REPRESENTATION_CONTEXT(2) 
PARAMETRIC_REPRESENTATION_CONTEXT() REPRESENTATION_CONTEXT('2D SPACE',''
  ) );
#11494 = ORIENTED_EDGE('',*,*,#11396,.T.);
#11495 = ORIENTED_EDGE('',*,*,#2023,.T.);
#11496 = ADVANCED_FACE('',(#11497),#2011,.T.);
#11497 = FACE_BOUND('',#11498,.F.);
#11498 = EDGE_LOOP('',(#11499,#11522,#11523,#11524));
#11499 = ORIENTED_EDGE('',*,*,#11500,.T.);
#11500 = EDGE_CURVE('',#11501,#1962,#11503,.T.);
#11501 = VERTEX_POINT('',#11502);
#11502 = CARTESIAN_POINT('',(-4.491014750625,44.5,236.80755457609));
#11503 = SURFACE_CURVE('',#11504,(#11508,#11515),.PCURVE_S1.);
#11504 = LINE('',#11505,#11506);
#11505 = CARTESIAN_POINT('',(-4.491014750624,37.5,236.80755457609));
#11506 = VECTOR('',#11507,1.);
#11507 = DIRECTION('',(-0.,-1.,-1.110223024625E-16));
#11508 = PCURVE('',#2011,#11509);
#11509 = DEFINITIONAL_REPRESENTATION('',(#11510),#11514);
#11510 = LINE('',#11511,#11512);
#11511 = CARTESIAN_POINT('',(-4.533294520401,0.));
#11512 = VECTOR('',#11513,1.);
#11513 = DIRECTION('',(-0.,1.));
#11514 = ( GEOMETRIC_REPRESENTATION_CONTEXT(2) 
PARAMETRIC_REPRESENTATION_CONTEXT() REPRESENTATION_CONTEXT('2D SPACE',''
  ) );
#11515 = PCURVE('',#1982,#11516);
#11516 = DEFINITIONAL_REPRESENTATION('',(#11517),#11521);
#11517 = LINE('',#11518,#11519);
#11518 = CARTESIAN_POINT('',(-4.701381566733,-0.1));
#11519 = VECTOR('',#11520,1.);
#11520 = DIRECTION('',(-0.,1.));
#11521 = ( GEOMETRIC_REPRESENTATION_CONTEXT(2) 
PARAMETRIC_REPRESENTATION_CONTEXT() REPRESENTATION_CONTEXT('2D SPACE',''
  ) );
#11522 = ORIENTED_EDGE('',*,*,#1994,.F.);
#11523 = ORIENTED_EDGE('',*,*,#11446,.F.);
#11524 = ORIENTED_EDGE('',*,*,#11525,.T.);
#11525 = EDGE_CURVE('',#11447,#11501,#11526,.T.);
#11526 = SURFACE_CURVE('',#11527,(#11532,#11539),.PCURVE_S1.);
#11527 = CIRCLE('',#11528,25.210790894703);
#11528 = AXIS2_PLACEMENT_3D('',#11529,#11530,#11531);
#11529 = CARTESIAN_POINT('',(0.,44.5,212.));
#11530 = DIRECTION('',(-0.,1.,1.110223024625E-16));
#11531 = DIRECTION('',(1.,0.,0.));
#11532 = PCURVE('',#2011,#11533);
#11533 = DEFINITIONAL_REPRESENTATION('',(#11534),#11538);
#11534 = LINE('',#11535,#11536);
#11535 = CARTESIAN_POINT('',(-0.,-7.));
#11536 = VECTOR('',#11537,1.);
#11537 = DIRECTION('',(-1.,0.));
#11538 = ( GEOMETRIC_REPRESENTATION_CONTEXT(2) 
PARAMETRIC_REPRESENTATION_CONTEXT() REPRESENTATION_CONTEXT('2D SPACE',''
  ) );
#11539 = PCURVE('',#5586,#11540);
#11540 = DEFINITIONAL_REPRESENTATION('',(#11541),#11545);
#11541 = CIRCLE('',#11542,25.210790894703);
#11542 = AXIS2_PLACEMENT_2D('',#11543,#11544);
#11543 = CARTESIAN_POINT('',(2.412172678695E-15,0.));
#11544 = DIRECTION('',(1.,0.));
#11545 = ( GEOMETRIC_REPRESENTATION_CONTEXT(2) 
PARAMETRIC_REPRESENTATION_CONTEXT() REPRESENTATION_CONTEXT('2D SPACE',''
  ) );
#11546 = ADVANCED_FACE('',(#11547),#1982,.F.);
#11547 = FACE_BOUND('',#11548,.T.);
#11548 = EDGE_LOOP('',(#11549,#11572,#11598,#11599));
#11549 = ORIENTED_EDGE('',*,*,#11550,.F.);
#11550 = EDGE_CURVE('',#11551,#1933,#11553,.T.);
#11551 = VERTEX_POINT('',#11552);
#11552 = CARTESIAN_POINT('',(-3.39474710954,44.5,236.98118631287));
#11553 = SURFACE_CURVE('',#11554,(#11558,#11565),.PCURVE_S1.);
#11554 = LINE('',#11555,#11556);
#11555 = CARTESIAN_POINT('',(-3.39474710954,37.5,236.98118631287));
#11556 = VECTOR('',#11557,1.);
#11557 = DIRECTION('',(-0.,-1.,-1.110223024625E-16));
#11558 = PCURVE('',#1982,#11559);
#11559 = DEFINITIONAL_REPRESENTATION('',(#11560),#11564);
#11560 = LINE('',#11561,#11562);
#11561 = CARTESIAN_POINT('',(-1.581803740447,-0.1));
#11562 = VECTOR('',#11563,1.);
#11563 = DIRECTION('',(-0.,1.));
#11564 = ( GEOMETRIC_REPRESENTATION_CONTEXT(2) 
PARAMETRIC_REPRESENTATION_CONTEXT() REPRESENTATION_CONTEXT('2D SPACE',''
  ) );
#11565 = PCURVE('',#1949,#11566);
#11566 = DEFINITIONAL_REPRESENTATION('',(#11567),#11571);
#11567 = LINE('',#11568,#11569);
#11568 = CARTESIAN_POINT('',(-4.577324175009,0.));
#11569 = VECTOR('',#11570,1.);
#11570 = DIRECTION('',(-0.,1.));
#11571 = ( GEOMETRIC_REPRESENTATION_CONTEXT(2) 
PARAMETRIC_REPRESENTATION_CONTEXT() REPRESENTATION_CONTEXT('2D SPACE',''
  ) );
#11572 = ORIENTED_EDGE('',*,*,#11573,.F.);
#11573 = EDGE_CURVE('',#11501,#11551,#11574,.T.);
#11574 = SURFACE_CURVE('',#11575,(#11580,#11587),.PCURVE_S1.);
#11575 = CIRCLE('',#11576,0.555);
#11576 = AXIS2_PLACEMENT_3D('',#11577,#11578,#11579);
#11577 = CARTESIAN_POINT('',(-3.943836586854,44.5,236.90040422388));
#11578 = DIRECTION('',(0.,-1.,-1.110223024625E-16));
#11579 = DIRECTION('',(-0.15643446504,-1.096554336883E-16,0.987688340595
    ));
#11580 = PCURVE('',#1982,#11581);
#11581 = DEFINITIONAL_REPRESENTATION('',(#11582),#11586);
#11582 = LINE('',#11583,#11584);
#11583 = CARTESIAN_POINT('',(-6.28318530718,-7.1));
#11584 = VECTOR('',#11585,1.);
#11585 = DIRECTION('',(1.,-0.));
#11586 = ( GEOMETRIC_REPRESENTATION_CONTEXT(2) 
PARAMETRIC_REPRESENTATION_CONTEXT() REPRESENTATION_CONTEXT('2D SPACE',''
  ) );
#11587 = PCURVE('',#5586,#11588);
#11588 = DEFINITIONAL_REPRESENTATION('',(#11589),#11597);
#11589 = ( BOUNDED_CURVE() B_SPLINE_CURVE(2,(#11590,#11591,#11592,#11593
    ,#11594,#11595,#11596),.UNSPECIFIED.,.T.,.F.) 
B_SPLINE_CURVE_WITH_KNOTS((1,2,2,2,2,1),(-2.094395102393,0.,
    2.094395102393,4.188790204786,6.28318530718,8.377580409573),
.UNSPECIFIED.) CURVE() GEOMETRIC_REPRESENTATION_ITEM() 
RATIONAL_B_SPLINE_CURVE((1.,0.5,1.,0.5,1.,0.5,1.)) REPRESENTATION_ITEM(
  '') );
#11590 = CARTESIAN_POINT('',(-4.030657714951,-25.44857125291));
#11591 = CARTESIAN_POINT('',(-4.980110860266,-25.29819264787));
#11592 = CARTESIAN_POINT('',(-4.375152595463,-24.55113140684));
#11593 = CARTESIAN_POINT('',(-3.770194330659,-23.80407016582));
#11594 = CARTESIAN_POINT('',(-3.425699450148,-24.70151001188));
#11595 = CARTESIAN_POINT('',(-3.081204569637,-25.59894985794));
#11596 = CARTESIAN_POINT('',(-4.030657714951,-25.44857125291));
#11597 = ( GEOMETRIC_REPRESENTATION_CONTEXT(2) 
PARAMETRIC_REPRESENTATION_CONTEXT() REPRESENTATION_CONTEXT('2D SPACE',''
  ) );
#11598 = ORIENTED_EDGE('',*,*,#11500,.T.);
#11599 = ORIENTED_EDGE('',*,*,#1961,.T.);
#11600 = ADVANCED_FACE('',(#11601),#1949,.T.);
#11601 = FACE_BOUND('',#11602,.F.);
#11602 = EDGE_LOOP('',(#11603,#11626,#11627,#11628));
#11603 = ORIENTED_EDGE('',*,*,#11604,.T.);
#11604 = EDGE_CURVE('',#11605,#1900,#11607,.T.);
#11605 = VERTEX_POINT('',#11606);
#11606 = CARTESIAN_POINT('',(-2.530792151689,44.5,237.08344212067));
#11607 = SURFACE_CURVE('',#11608,(#11612,#11619),.PCURVE_S1.);
#11608 = LINE('',#11609,#11610);
#11609 = CARTESIAN_POINT('',(-2.530792151689,37.5,237.08344212067));
#11610 = VECTOR('',#11611,1.);
#11611 = DIRECTION('',(-0.,-1.,-1.110223024625E-16));
#11612 = PCURVE('',#1949,#11613);
#11613 = DEFINITIONAL_REPRESENTATION('',(#11614),#11618);
#11614 = LINE('',#11615,#11616);
#11615 = CARTESIAN_POINT('',(-4.611834336741,0.));
#11616 = VECTOR('',#11617,1.);
#11617 = DIRECTION('',(-0.,1.));
#11618 = ( GEOMETRIC_REPRESENTATION_CONTEXT(2) 
PARAMETRIC_REPRESENTATION_CONTEXT() REPRESENTATION_CONTEXT('2D SPACE',''
  ) );
#11619 = PCURVE('',#1920,#11620);
#11620 = DEFINITIONAL_REPRESENTATION('',(#11621),#11625);
#11621 = LINE('',#11622,#11623);
#11622 = CARTESIAN_POINT('',(-4.701381566733,-0.1));
#11623 = VECTOR('',#11624,1.);
#11624 = DIRECTION('',(-0.,1.));
#11625 = ( GEOMETRIC_REPRESENTATION_CONTEXT(2) 
PARAMETRIC_REPRESENTATION_CONTEXT() REPRESENTATION_CONTEXT('2D SPACE',''
  ) );
#11626 = ORIENTED_EDGE('',*,*,#1932,.F.);
#11627 = ORIENTED_EDGE('',*,*,#11550,.F.);
#11628 = ORIENTED_EDGE('',*,*,#11629,.T.);
#11629 = EDGE_CURVE('',#11551,#11605,#11630,.T.);
#11630 = SURFACE_CURVE('',#11631,(#11636,#11643),.PCURVE_S1.);
#11631 = CIRCLE('',#11632,25.210790894703);
#11632 = AXIS2_PLACEMENT_3D('',#11633,#11634,#11635);
#11633 = CARTESIAN_POINT('',(0.,44.5,212.));
#11634 = DIRECTION('',(-0.,1.,1.110223024625E-16));
#11635 = DIRECTION('',(1.,0.,0.));
#11636 = PCURVE('',#1949,#11637);
#11637 = DEFINITIONAL_REPRESENTATION('',(#11638),#11642);
#11638 = LINE('',#11639,#11640);
#11639 = CARTESIAN_POINT('',(-0.,-7.));
#11640 = VECTOR('',#11641,1.);
#11641 = DIRECTION('',(-1.,0.));
#11642 = ( GEOMETRIC_REPRESENTATION_CONTEXT(2) 
PARAMETRIC_REPRESENTATION_CONTEXT() REPRESENTATION_CONTEXT('2D SPACE',''
  ) );
#11643 = PCURVE('',#5586,#11644);
#11644 = DEFINITIONAL_REPRESENTATION('',(#11645),#11649);
#11645 = CIRCLE('',#11646,25.210790894703);
#11646 = AXIS2_PLACEMENT_2D('',#11647,#11648);
#11647 = CARTESIAN_POINT('',(2.412172678695E-15,0.));
#11648 = DIRECTION('',(1.,0.));
#11649 = ( GEOMETRIC_REPRESENTATION_CONTEXT(2) 
PARAMETRIC_REPRESENTATION_CONTEXT() REPRESENTATION_CONTEXT('2D SPACE',''
  ) );
#11650 = ADVANCED_FACE('',(#11651),#1920,.F.);
#11651 = FACE_BOUND('',#11652,.T.);
#11652 = EDGE_LOOP('',(#11653,#11676,#11702,#11703));
#11653 = ORIENTED_EDGE('',*,*,#11654,.F.);
#11654 = EDGE_CURVE('',#11655,#1871,#11657,.T.);
#11655 = VERTEX_POINT('',#11656);
#11656 = CARTESIAN_POINT('',(-1.424280948823,44.5,237.17052644096));
#11657 = SURFACE_CURVE('',#11658,(#11662,#11669),.PCURVE_S1.);
#11658 = LINE('',#11659,#11660);
#11659 = CARTESIAN_POINT('',(-1.424280948823,37.5,237.17052644096));
#11660 = VECTOR('',#11661,1.);
#11661 = DIRECTION('',(-0.,-1.,-1.110223024625E-16));
#11662 = PCURVE('',#1920,#11663);
#11663 = DEFINITIONAL_REPRESENTATION('',(#11664),#11668);
#11664 = LINE('',#11665,#11666);
#11665 = CARTESIAN_POINT('',(-1.581803740447,-0.1));
#11666 = VECTOR('',#11667,1.);
#11667 = DIRECTION('',(-0.,1.));
#11668 = ( GEOMETRIC_REPRESENTATION_CONTEXT(2) 
PARAMETRIC_REPRESENTATION_CONTEXT() REPRESENTATION_CONTEXT('2D SPACE',''
  ) );
#11669 = PCURVE('',#1887,#11670);
#11670 = DEFINITIONAL_REPRESENTATION('',(#11671),#11675);
#11671 = LINE('',#11672,#11673);
#11672 = CARTESIAN_POINT('',(-4.655863991349,0.));
#11673 = VECTOR('',#11674,1.);
#11674 = DIRECTION('',(-0.,1.));
#11675 = ( GEOMETRIC_REPRESENTATION_CONTEXT(2) 
PARAMETRIC_REPRESENTATION_CONTEXT() REPRESENTATION_CONTEXT('2D SPACE',''
  ) );
#11676 = ORIENTED_EDGE('',*,*,#11677,.F.);
#11677 = EDGE_CURVE('',#11605,#11655,#11678,.T.);
#11678 = SURFACE_CURVE('',#11679,(#11684,#11691),.PCURVE_S1.);
#11679 = CIRCLE('',#11680,0.555);
#11680 = AXIS2_PLACEMENT_3D('',#11681,#11682,#11683);
#11681 = CARTESIAN_POINT('',(-1.978015856182,44.5,237.13307444005));
#11682 = DIRECTION('',(0.,-1.,-1.110223024625E-16));
#11683 = DIRECTION('',(-7.845909572784E-02,-1.106800577558E-16,
    0.996917333733));
#11684 = PCURVE('',#1920,#11685);
#11685 = DEFINITIONAL_REPRESENTATION('',(#11686),#11690);
#11686 = LINE('',#11687,#11688);
#11687 = CARTESIAN_POINT('',(-6.28318530718,-7.1));
#11688 = VECTOR('',#11689,1.);
#11689 = DIRECTION('',(1.,-0.));
#11690 = ( GEOMETRIC_REPRESENTATION_CONTEXT(2) 
PARAMETRIC_REPRESENTATION_CONTEXT() REPRESENTATION_CONTEXT('2D SPACE',''
  ) );
#11691 = PCURVE('',#5586,#11692);
#11692 = DEFINITIONAL_REPRESENTATION('',(#11693),#11701);
#11693 = ( BOUNDED_CURVE() B_SPLINE_CURVE(2,(#11694,#11695,#11696,#11697
    ,#11698,#11699,#11700),.UNSPECIFIED.,.T.,.F.) 
B_SPLINE_CURVE_WITH_KNOTS((1,2,2,2,2,1),(-2.094395102393,0.,
    2.094395102393,4.188790204786,6.28318530718,8.377580409573),
.UNSPECIFIED.) CURVE() GEOMETRIC_REPRESENTATION_ITEM() 
RATIONAL_B_SPLINE_CURVE((1.,0.5,1.,0.5,1.,0.5,1.)) REPRESENTATION_ITEM(
  '') );
#11694 = CARTESIAN_POINT('',(-2.021560654311,-25.68636356027));
#11695 = CARTESIAN_POINT('',(-2.979885521811,-25.6109417575));
#11696 = CARTESIAN_POINT('',(-2.435405890867,-24.81871897855));
#11697 = CARTESIAN_POINT('',(-1.890926259924,-24.0264961996));
#11698 = CARTESIAN_POINT('',(-1.477081023368,-24.89414078132));
#11699 = CARTESIAN_POINT('',(-1.063235786812,-25.76178536303));
#11700 = CARTESIAN_POINT('',(-2.021560654311,-25.68636356027));
#11701 = ( GEOMETRIC_REPRESENTATION_CONTEXT(2) 
PARAMETRIC_REPRESENTATION_CONTEXT() REPRESENTATION_CONTEXT('2D SPACE',''
  ) );
#11702 = ORIENTED_EDGE('',*,*,#11604,.T.);
#11703 = ORIENTED_EDGE('',*,*,#1899,.T.);
#11704 = ADVANCED_FACE('',(#11705),#1887,.T.);
#11705 = FACE_BOUND('',#11706,.F.);
#11706 = EDGE_LOOP('',(#11707,#11730,#11731,#11732));
#11707 = ORIENTED_EDGE('',*,*,#11708,.T.);
#11708 = EDGE_CURVE('',#11709,#1838,#11711,.T.);
#11709 = VERTEX_POINT('',#11710);
#11710 = CARTESIAN_POINT('',(-0.554966377564,44.5,237.20468190349));
#11711 = SURFACE_CURVE('',#11712,(#11716,#11723),.PCURVE_S1.);
#11712 = LINE('',#11713,#11714);
#11713 = CARTESIAN_POINT('',(-0.554966377564,37.5,237.20468190349));
#11714 = VECTOR('',#11715,1.);
#11715 = DIRECTION('',(-0.,-1.,-1.110223024625E-16));
#11716 = PCURVE('',#1887,#11717);
#11717 = DEFINITIONAL_REPRESENTATION('',(#11718),#11722);
#11718 = LINE('',#11719,#11720);
#11719 = CARTESIAN_POINT('',(-4.69037415308,0.));
#11720 = VECTOR('',#11721,1.);
#11721 = DIRECTION('',(-0.,1.));
#11722 = ( GEOMETRIC_REPRESENTATION_CONTEXT(2) 
PARAMETRIC_REPRESENTATION_CONTEXT() REPRESENTATION_CONTEXT('2D SPACE',''
  ) );
#11723 = PCURVE('',#1858,#11724);
#11724 = DEFINITIONAL_REPRESENTATION('',(#11725),#11729);
#11725 = LINE('',#11726,#11727);
#11726 = CARTESIAN_POINT('',(-4.701381566733,-0.1));
#11727 = VECTOR('',#11728,1.);
#11728 = DIRECTION('',(-0.,1.));
#11729 = ( GEOMETRIC_REPRESENTATION_CONTEXT(2) 
PARAMETRIC_REPRESENTATION_CONTEXT() REPRESENTATION_CONTEXT('2D SPACE',''
  ) );
#11730 = ORIENTED_EDGE('',*,*,#1870,.F.);
#11731 = ORIENTED_EDGE('',*,*,#11654,.F.);
#11732 = ORIENTED_EDGE('',*,*,#11733,.T.);
#11733 = EDGE_CURVE('',#11655,#11709,#11734,.T.);
#11734 = SURFACE_CURVE('',#11735,(#11740,#11747),.PCURVE_S1.);
#11735 = CIRCLE('',#11736,25.210790894703);
#11736 = AXIS2_PLACEMENT_3D('',#11737,#11738,#11739);
#11737 = CARTESIAN_POINT('',(0.,44.5,212.));
#11738 = DIRECTION('',(-0.,1.,1.110223024625E-16));
#11739 = DIRECTION('',(1.,0.,0.));
#11740 = PCURVE('',#1887,#11741);
#11741 = DEFINITIONAL_REPRESENTATION('',(#11742),#11746);
#11742 = LINE('',#11743,#11744);
#11743 = CARTESIAN_POINT('',(-0.,-7.));
#11744 = VECTOR('',#11745,1.);
#11745 = DIRECTION('',(-1.,0.));
#11746 = ( GEOMETRIC_REPRESENTATION_CONTEXT(2) 
PARAMETRIC_REPRESENTATION_CONTEXT() REPRESENTATION_CONTEXT('2D SPACE',''
  ) );
#11747 = PCURVE('',#5586,#11748);
#11748 = DEFINITIONAL_REPRESENTATION('',(#11749),#11753);
#11749 = CIRCLE('',#11750,25.210790894703);
#11750 = AXIS2_PLACEMENT_2D('',#11751,#11752);
#11751 = CARTESIAN_POINT('',(2.412172678695E-15,0.));
#11752 = DIRECTION('',(1.,0.));
#11753 = ( GEOMETRIC_REPRESENTATION_CONTEXT(2) 
PARAMETRIC_REPRESENTATION_CONTEXT() REPRESENTATION_CONTEXT('2D SPACE',''
  ) );
#11754 = ADVANCED_FACE('',(#11755),#1858,.F.);
#11755 = FACE_BOUND('',#11756,.T.);
#11756 = EDGE_LOOP('',(#11757,#11780,#11806,#11807));
#11757 = ORIENTED_EDGE('',*,*,#11758,.F.);
#11758 = EDGE_CURVE('',#11759,#1809,#11761,.T.);
#11759 = VERTEX_POINT('',#11760);
#11760 = CARTESIAN_POINT('',(0.554966377564,44.5,237.20468190349));
#11761 = SURFACE_CURVE('',#11762,(#11766,#11773),.PCURVE_S1.);
#11762 = LINE('',#11763,#11764);
#11763 = CARTESIAN_POINT('',(0.554966377564,37.5,237.20468190349));
#11764 = VECTOR('',#11765,1.);
#11765 = DIRECTION('',(-0.,-1.,-1.110223024625E-16));
#11766 = PCURVE('',#1858,#11767);
#11767 = DEFINITIONAL_REPRESENTATION('',(#11768),#11772);
#11768 = LINE('',#11769,#11770);
#11769 = CARTESIAN_POINT('',(-1.581803740447,-0.1));
#11770 = VECTOR('',#11771,1.);
#11771 = DIRECTION('',(-0.,1.));
#11772 = ( GEOMETRIC_REPRESENTATION_CONTEXT(2) 
PARAMETRIC_REPRESENTATION_CONTEXT() REPRESENTATION_CONTEXT('2D SPACE',''
  ) );
#11773 = PCURVE('',#1825,#11774);
#11774 = DEFINITIONAL_REPRESENTATION('',(#11775),#11779);
#11775 = LINE('',#11776,#11777);
#11776 = CARTESIAN_POINT('',(-4.734403807689,0.));
#11777 = VECTOR('',#11778,1.);
#11778 = DIRECTION('',(-0.,1.));
#11779 = ( GEOMETRIC_REPRESENTATION_CONTEXT(2) 
PARAMETRIC_REPRESENTATION_CONTEXT() REPRESENTATION_CONTEXT('2D SPACE',''
  ) );
#11780 = ORIENTED_EDGE('',*,*,#11781,.F.);
#11781 = EDGE_CURVE('',#11709,#11759,#11782,.T.);
#11782 = SURFACE_CURVE('',#11783,(#11788,#11795),.PCURVE_S1.);
#11783 = CIRCLE('',#11784,0.555);
#11784 = AXIS2_PLACEMENT_3D('',#11785,#11786,#11787);
#11785 = CARTESIAN_POINT('',(-4.631147155976E-15,44.5,237.2107908947));
#11786 = DIRECTION('',(0.,-1.,-1.110223024625E-16));
#11787 = DIRECTION('',(-2.22044604925E-16,-1.110223024625E-16,1.));
#11788 = PCURVE('',#1858,#11789);
#11789 = DEFINITIONAL_REPRESENTATION('',(#11790),#11794);
#11790 = LINE('',#11791,#11792);
#11791 = CARTESIAN_POINT('',(-6.28318530718,-7.1));
#11792 = VECTOR('',#11793,1.);
#11793 = DIRECTION('',(1.,-0.));
#11794 = ( GEOMETRIC_REPRESENTATION_CONTEXT(2) 
PARAMETRIC_REPRESENTATION_CONTEXT() REPRESENTATION_CONTEXT('2D SPACE',''
  ) );
#11795 = PCURVE('',#5586,#11796);
#11796 = DEFINITIONAL_REPRESENTATION('',(#11797),#11805);
#11797 = ( BOUNDED_CURVE() B_SPLINE_CURVE(2,(#11798,#11799,#11800,#11801
    ,#11802,#11803,#11804),.UNSPECIFIED.,.T.,.F.) 
B_SPLINE_CURVE_WITH_KNOTS((1,2,2,2,2,1),(-2.094395102393,0.,
    2.094395102393,4.188790204786,6.28318530718,8.377580409573),
.UNSPECIFIED.) CURVE() GEOMETRIC_REPRESENTATION_ITEM() 
RATIONAL_B_SPLINE_CURVE((1.,0.5,1.,0.5,1.,0.5,1.)) REPRESENTATION_ITEM(
  '') );
#11798 = CARTESIAN_POINT('',(-2.342209233014E-15,-25.7657908947));
#11799 = CARTESIAN_POINT('',(-0.961288198201,-25.7657908947));
#11800 = CARTESIAN_POINT('',(-0.4806440991,-24.9332908947));
#11801 = CARTESIAN_POINT('',(-2.108440760519E-15,-24.1007908947));
#11802 = CARTESIAN_POINT('',(0.4806440991,-24.9332908947));
#11803 = CARTESIAN_POINT('',(0.961288198201,-25.7657908947));
#11804 = CARTESIAN_POINT('',(-2.342209233014E-15,-25.7657908947));
#11805 = ( GEOMETRIC_REPRESENTATION_CONTEXT(2) 
PARAMETRIC_REPRESENTATION_CONTEXT() REPRESENTATION_CONTEXT('2D SPACE',''
  ) );
#11806 = ORIENTED_EDGE('',*,*,#11708,.T.);
#11807 = ORIENTED_EDGE('',*,*,#1837,.T.);
#11808 = ADVANCED_FACE('',(#11809),#1825,.T.);
#11809 = FACE_BOUND('',#11810,.F.);
#11810 = EDGE_LOOP('',(#11811,#11834,#11835,#11836));
#11811 = ORIENTED_EDGE('',*,*,#11812,.T.);
#11812 = EDGE_CURVE('',#11813,#1776,#11815,.T.);
#11813 = VERTEX_POINT('',#11814);
#11814 = CARTESIAN_POINT('',(1.424280948823,44.5,237.17052644096));
#11815 = SURFACE_CURVE('',#11816,(#11820,#11827),.PCURVE_S1.);
#11816 = LINE('',#11817,#11818);
#11817 = CARTESIAN_POINT('',(1.424280948823,37.5,237.17052644096));
#11818 = VECTOR('',#11819,1.);
#11819 = DIRECTION('',(-0.,-1.,-1.110223024625E-16));
#11820 = PCURVE('',#1825,#11821);
#11821 = DEFINITIONAL_REPRESENTATION('',(#11822),#11826);
#11822 = LINE('',#11823,#11824);
#11823 = CARTESIAN_POINT('',(-4.76891396942,0.));
#11824 = VECTOR('',#11825,1.);
#11825 = DIRECTION('',(-0.,1.));
#11826 = ( GEOMETRIC_REPRESENTATION_CONTEXT(2) 
PARAMETRIC_REPRESENTATION_CONTEXT() REPRESENTATION_CONTEXT('2D SPACE',''
  ) );
#11827 = PCURVE('',#1796,#11828);
#11828 = DEFINITIONAL_REPRESENTATION('',(#11829),#11833);
#11829 = LINE('',#11830,#11831);
#11830 = CARTESIAN_POINT('',(-4.701381566733,-0.1));
#11831 = VECTOR('',#11832,1.);
#11832 = DIRECTION('',(-0.,1.));
#11833 = ( GEOMETRIC_REPRESENTATION_CONTEXT(2) 
PARAMETRIC_REPRESENTATION_CONTEXT() REPRESENTATION_CONTEXT('2D SPACE',''
  ) );
#11834 = ORIENTED_EDGE('',*,*,#1808,.F.);
#11835 = ORIENTED_EDGE('',*,*,#11758,.F.);
#11836 = ORIENTED_EDGE('',*,*,#11837,.T.);
#11837 = EDGE_CURVE('',#11759,#11813,#11838,.T.);
#11838 = SURFACE_CURVE('',#11839,(#11844,#11851),.PCURVE_S1.);
#11839 = CIRCLE('',#11840,25.210790894703);
#11840 = AXIS2_PLACEMENT_3D('',#11841,#11842,#11843);
#11841 = CARTESIAN_POINT('',(0.,44.5,212.));
#11842 = DIRECTION('',(-0.,1.,1.110223024625E-16));
#11843 = DIRECTION('',(1.,0.,0.));
#11844 = PCURVE('',#1825,#11845);
#11845 = DEFINITIONAL_REPRESENTATION('',(#11846),#11850);
#11846 = LINE('',#11847,#11848);
#11847 = CARTESIAN_POINT('',(-0.,-7.));
#11848 = VECTOR('',#11849,1.);
#11849 = DIRECTION('',(-1.,0.));
#11850 = ( GEOMETRIC_REPRESENTATION_CONTEXT(2) 
PARAMETRIC_REPRESENTATION_CONTEXT() REPRESENTATION_CONTEXT('2D SPACE',''
  ) );
#11851 = PCURVE('',#5586,#11852);
#11852 = DEFINITIONAL_REPRESENTATION('',(#11853),#11857);
#11853 = CIRCLE('',#11854,25.210790894703);
#11854 = AXIS2_PLACEMENT_2D('',#11855,#11856);
#11855 = CARTESIAN_POINT('',(2.412172678695E-15,0.));
#11856 = DIRECTION('',(1.,0.));
#11857 = ( GEOMETRIC_REPRESENTATION_CONTEXT(2) 
PARAMETRIC_REPRESENTATION_CONTEXT() REPRESENTATION_CONTEXT('2D SPACE',''
  ) );
#11858 = ADVANCED_FACE('',(#11859),#1796,.F.);
#11859 = FACE_BOUND('',#11860,.T.);
#11860 = EDGE_LOOP('',(#11861,#11884,#11910,#11911));
#11861 = ORIENTED_EDGE('',*,*,#11862,.F.);
#11862 = EDGE_CURVE('',#11863,#1747,#11865,.T.);
#11863 = VERTEX_POINT('',#11864);
#11864 = CARTESIAN_POINT('',(2.530792151689,44.5,237.08344212067));
#11865 = SURFACE_CURVE('',#11866,(#11870,#11877),.PCURVE_S1.);
#11866 = LINE('',#11867,#11868);
#11867 = CARTESIAN_POINT('',(2.530792151689,37.5,237.08344212067));
#11868 = VECTOR('',#11869,1.);
#11869 = DIRECTION('',(-0.,-1.,-1.110223024625E-16));
#11870 = PCURVE('',#1796,#11871);
#11871 = DEFINITIONAL_REPRESENTATION('',(#11872),#11876);
#11872 = LINE('',#11873,#11874);
#11873 = CARTESIAN_POINT('',(-1.581803740447,-0.1));
#11874 = VECTOR('',#11875,1.);
#11875 = DIRECTION('',(-0.,1.));
#11876 = ( GEOMETRIC_REPRESENTATION_CONTEXT(2) 
PARAMETRIC_REPRESENTATION_CONTEXT() REPRESENTATION_CONTEXT('2D SPACE',''
  ) );
#11877 = PCURVE('',#1763,#11878);
#11878 = DEFINITIONAL_REPRESENTATION('',(#11879),#11883);
#11879 = LINE('',#11880,#11881);
#11880 = CARTESIAN_POINT('',(-4.812943624029,0.));
#11881 = VECTOR('',#11882,1.);
#11882 = DIRECTION('',(-0.,1.));
#11883 = ( GEOMETRIC_REPRESENTATION_CONTEXT(2) 
PARAMETRIC_REPRESENTATION_CONTEXT() REPRESENTATION_CONTEXT('2D SPACE',''
  ) );
#11884 = ORIENTED_EDGE('',*,*,#11885,.F.);
#11885 = EDGE_CURVE('',#11813,#11863,#11886,.T.);
#11886 = SURFACE_CURVE('',#11887,(#11892,#11899),.PCURVE_S1.);
#11887 = CIRCLE('',#11888,0.555);
#11888 = AXIS2_PLACEMENT_3D('',#11889,#11890,#11891);
#11889 = CARTESIAN_POINT('',(1.978015856182,44.5,237.13307444005));
#11890 = DIRECTION('',(0.,-1.,-1.110223024625E-16));
#11891 = DIRECTION('',(7.845909572785E-02,-1.106800577558E-16,
    0.996917333733));
#11892 = PCURVE('',#1796,#11893);
#11893 = DEFINITIONAL_REPRESENTATION('',(#11894),#11898);
#11894 = LINE('',#11895,#11896);
#11895 = CARTESIAN_POINT('',(-6.28318530718,-7.1));
#11896 = VECTOR('',#11897,1.);
#11897 = DIRECTION('',(1.,-0.));
#11898 = ( GEOMETRIC_REPRESENTATION_CONTEXT(2) 
PARAMETRIC_REPRESENTATION_CONTEXT() REPRESENTATION_CONTEXT('2D SPACE',''
  ) );
#11899 = PCURVE('',#5586,#11900);
#11900 = DEFINITIONAL_REPRESENTATION('',(#11901),#11909);
#11901 = ( BOUNDED_CURVE() B_SPLINE_CURVE(2,(#11902,#11903,#11904,#11905
    ,#11906,#11907,#11908),.UNSPECIFIED.,.T.,.F.) 
B_SPLINE_CURVE_WITH_KNOTS((1,2,2,2,2,1),(-2.094395102393,0.,
    2.094395102393,4.188790204786,6.28318530718,8.377580409573),
.UNSPECIFIED.) CURVE() GEOMETRIC_REPRESENTATION_ITEM() 
RATIONAL_B_SPLINE_CURVE((1.,0.5,1.,0.5,1.,0.5,1.)) REPRESENTATION_ITEM(
  '') );
#11902 = CARTESIAN_POINT('',(2.021560654311,-25.68636356027));
#11903 = CARTESIAN_POINT('',(1.063235786812,-25.76178536303));
#11904 = CARTESIAN_POINT('',(1.477081023368,-24.89414078132));
#11905 = CARTESIAN_POINT('',(1.890926259924,-24.0264961996));
#11906 = CARTESIAN_POINT('',(2.435405890867,-24.81871897855));
#11907 = CARTESIAN_POINT('',(2.979885521811,-25.6109417575));
#11908 = CARTESIAN_POINT('',(2.021560654311,-25.68636356027));
#11909 = ( GEOMETRIC_REPRESENTATION_CONTEXT(2) 
PARAMETRIC_REPRESENTATION_CONTEXT() REPRESENTATION_CONTEXT('2D SPACE',''
  ) );
#11910 = ORIENTED_EDGE('',*,*,#11812,.T.);
#11911 = ORIENTED_EDGE('',*,*,#1775,.T.);
#11912 = ADVANCED_FACE('',(#11913),#1763,.T.);
#11913 = FACE_BOUND('',#11914,.F.);
#11914 = EDGE_LOOP('',(#11915,#11938,#11939,#11940));
#11915 = ORIENTED_EDGE('',*,*,#11916,.T.);
#11916 = EDGE_CURVE('',#11917,#1714,#11919,.T.);
#11917 = VERTEX_POINT('',#11918);
#11918 = CARTESIAN_POINT('',(3.39474710954,44.5,236.98118631287));
#11919 = SURFACE_CURVE('',#11920,(#11924,#11931),.PCURVE_S1.);
#11920 = LINE('',#11921,#11922);
#11921 = CARTESIAN_POINT('',(3.39474710954,37.5,236.98118631287));
#11922 = VECTOR('',#11923,1.);
#11923 = DIRECTION('',(-0.,-1.,-1.110223024625E-16));
#11924 = PCURVE('',#1763,#11925);
#11925 = DEFINITIONAL_REPRESENTATION('',(#11926),#11930);
#11926 = LINE('',#11927,#11928);
#11927 = CARTESIAN_POINT('',(-4.84745378576,0.));
#11928 = VECTOR('',#11929,1.);
#11929 = DIRECTION('',(-0.,1.));
#11930 = ( GEOMETRIC_REPRESENTATION_CONTEXT(2) 
PARAMETRIC_REPRESENTATION_CONTEXT() REPRESENTATION_CONTEXT('2D SPACE',''
  ) );
#11931 = PCURVE('',#1734,#11932);
#11932 = DEFINITIONAL_REPRESENTATION('',(#11933),#11937);
#11933 = LINE('',#11934,#11935);
#11934 = CARTESIAN_POINT('',(-4.701381566733,-0.1));
#11935 = VECTOR('',#11936,1.);
#11936 = DIRECTION('',(-0.,1.));
#11937 = ( GEOMETRIC_REPRESENTATION_CONTEXT(2) 
PARAMETRIC_REPRESENTATION_CONTEXT() REPRESENTATION_CONTEXT('2D SPACE',''
  ) );
#11938 = ORIENTED_EDGE('',*,*,#1746,.F.);
#11939 = ORIENTED_EDGE('',*,*,#11862,.F.);
#11940 = ORIENTED_EDGE('',*,*,#11941,.T.);
#11941 = EDGE_CURVE('',#11863,#11917,#11942,.T.);
#11942 = SURFACE_CURVE('',#11943,(#11948,#11955),.PCURVE_S1.);
#11943 = CIRCLE('',#11944,25.210790894703);
#11944 = AXIS2_PLACEMENT_3D('',#11945,#11946,#11947);
#11945 = CARTESIAN_POINT('',(0.,44.5,212.));
#11946 = DIRECTION('',(-0.,1.,1.110223024625E-16));
#11947 = DIRECTION('',(1.,0.,0.));
#11948 = PCURVE('',#1763,#11949);
#11949 = DEFINITIONAL_REPRESENTATION('',(#11950),#11954);
#11950 = LINE('',#11951,#11952);
#11951 = CARTESIAN_POINT('',(-0.,-7.));
#11952 = VECTOR('',#11953,1.);
#11953 = DIRECTION('',(-1.,0.));
#11954 = ( GEOMETRIC_REPRESENTATION_CONTEXT(2) 
PARAMETRIC_REPRESENTATION_CONTEXT() REPRESENTATION_CONTEXT('2D SPACE',''
  ) );
#11955 = PCURVE('',#5586,#11956);
#11956 = DEFINITIONAL_REPRESENTATION('',(#11957),#11961);
#11957 = CIRCLE('',#11958,25.210790894703);
#11958 = AXIS2_PLACEMENT_2D('',#11959,#11960);
#11959 = CARTESIAN_POINT('',(2.412172678695E-15,0.));
#11960 = DIRECTION('',(1.,0.));
#11961 = ( GEOMETRIC_REPRESENTATION_CONTEXT(2) 
PARAMETRIC_REPRESENTATION_CONTEXT() REPRESENTATION_CONTEXT('2D SPACE',''
  ) );
#11962 = ADVANCED_FACE('',(#11963),#1734,.F.);
#11963 = FACE_BOUND('',#11964,.T.);
#11964 = EDGE_LOOP('',(#11965,#11988,#12014,#12015));
#11965 = ORIENTED_EDGE('',*,*,#11966,.F.);
#11966 = EDGE_CURVE('',#11967,#1685,#11969,.T.);
#11967 = VERTEX_POINT('',#11968);
#11968 = CARTESIAN_POINT('',(4.491014750624,44.5,236.80755457609));
#11969 = SURFACE_CURVE('',#11970,(#11974,#11981),.PCURVE_S1.);
#11970 = LINE('',#11971,#11972);
#11971 = CARTESIAN_POINT('',(4.491014750624,37.5,236.80755457609));
#11972 = VECTOR('',#11973,1.);
#11973 = DIRECTION('',(-0.,-1.,-1.110223024625E-16));
#11974 = PCURVE('',#1734,#11975);
#11975 = DEFINITIONAL_REPRESENTATION('',(#11976),#11980);
#11976 = LINE('',#11977,#11978);
#11977 = CARTESIAN_POINT('',(-1.581803740447,-0.1));
#11978 = VECTOR('',#11979,1.);
#11979 = DIRECTION('',(-0.,1.));
#11980 = ( GEOMETRIC_REPRESENTATION_CONTEXT(2) 
PARAMETRIC_REPRESENTATION_CONTEXT() REPRESENTATION_CONTEXT('2D SPACE',''
  ) );
#11981 = PCURVE('',#1701,#11982);
#11982 = DEFINITIONAL_REPRESENTATION('',(#11983),#11987);
#11983 = LINE('',#11984,#11985);
#11984 = CARTESIAN_POINT('',(-4.891483440368,0.));
#11985 = VECTOR('',#11986,1.);
#11986 = DIRECTION('',(-0.,1.));
#11987 = ( GEOMETRIC_REPRESENTATION_CONTEXT(2) 
PARAMETRIC_REPRESENTATION_CONTEXT() REPRESENTATION_CONTEXT('2D SPACE',''
  ) );
#11988 = ORIENTED_EDGE('',*,*,#11989,.F.);
#11989 = EDGE_CURVE('',#11917,#11967,#11990,.T.);
#11990 = SURFACE_CURVE('',#11991,(#11996,#12003),.PCURVE_S1.);
#11991 = CIRCLE('',#11992,0.555);
#11992 = AXIS2_PLACEMENT_3D('',#11993,#11994,#11995);
#11993 = CARTESIAN_POINT('',(3.943836586854,44.5,236.90040422388));
#11994 = DIRECTION('',(0.,-1.,-1.110223024625E-16));
#11995 = DIRECTION('',(0.15643446504,-1.096554336883E-16,0.987688340595)
  );
#11996 = PCURVE('',#1734,#11997);
#11997 = DEFINITIONAL_REPRESENTATION('',(#11998),#12002);
#11998 = LINE('',#11999,#12000);
#11999 = CARTESIAN_POINT('',(-6.28318530718,-7.1));
#12000 = VECTOR('',#12001,1.);
#12001 = DIRECTION('',(1.,-0.));
#12002 = ( GEOMETRIC_REPRESENTATION_CONTEXT(2) 
PARAMETRIC_REPRESENTATION_CONTEXT() REPRESENTATION_CONTEXT('2D SPACE',''
  ) );
#12003 = PCURVE('',#5586,#12004);
#12004 = DEFINITIONAL_REPRESENTATION('',(#12005),#12013);
#12005 = ( BOUNDED_CURVE() B_SPLINE_CURVE(2,(#12006,#12007,#12008,#12009
    ,#12010,#12011,#12012),.UNSPECIFIED.,.T.,.F.) 
B_SPLINE_CURVE_WITH_KNOTS((1,2,2,2,2,1),(-2.094395102393,0.,
    2.094395102393,4.188790204786,6.28318530718,8.377580409573),
.UNSPECIFIED.) CURVE() GEOMETRIC_REPRESENTATION_ITEM() 
RATIONAL_B_SPLINE_CURVE((1.,0.5,1.,0.5,1.,0.5,1.)) REPRESENTATION_ITEM(
  '') );
#12006 = CARTESIAN_POINT('',(4.030657714951,-25.44857125291));
#12007 = CARTESIAN_POINT('',(3.081204569637,-25.59894985794));
#12008 = CARTESIAN_POINT('',(3.425699450148,-24.70151001188));
#12009 = CARTESIAN_POINT('',(3.770194330659,-23.80407016582));
#12010 = CARTESIAN_POINT('',(4.375152595463,-24.55113140684));
#12011 = CARTESIAN_POINT('',(4.980110860266,-25.29819264787));
#12012 = CARTESIAN_POINT('',(4.030657714951,-25.44857125291));
#12013 = ( GEOMETRIC_REPRESENTATION_CONTEXT(2) 
PARAMETRIC_REPRESENTATION_CONTEXT() REPRESENTATION_CONTEXT('2D SPACE',''
  ) );
#12014 = ORIENTED_EDGE('',*,*,#11916,.T.);
#12015 = ORIENTED_EDGE('',*,*,#1713,.T.);
#12016 = ADVANCED_FACE('',(#12017),#1701,.T.);
#12017 = FACE_BOUND('',#12018,.F.);
#12018 = EDGE_LOOP('',(#12019,#12042,#12043,#12044));
#12019 = ORIENTED_EDGE('',*,*,#12020,.T.);
#12020 = EDGE_CURVE('',#12021,#1652,#12023,.T.);
#12021 = VERTEX_POINT('',#12022);
#12022 = CARTESIAN_POINT('',(5.344283525458,44.5,236.63782886408));
#12023 = SURFACE_CURVE('',#12024,(#12028,#12035),.PCURVE_S1.);
#12024 = LINE('',#12025,#12026);
#12025 = CARTESIAN_POINT('',(5.344283525458,37.5,236.63782886408));
#12026 = VECTOR('',#12027,1.);
#12027 = DIRECTION('',(-0.,-1.,-1.110223024625E-16));
#12028 = PCURVE('',#1701,#12029);
#12029 = DEFINITIONAL_REPRESENTATION('',(#12030),#12034);
#12030 = LINE('',#12031,#12032);
#12031 = CARTESIAN_POINT('',(-4.9259936021,0.));
#12032 = VECTOR('',#12033,1.);
#12033 = DIRECTION('',(-0.,1.));
#12034 = ( GEOMETRIC_REPRESENTATION_CONTEXT(2) 
PARAMETRIC_REPRESENTATION_CONTEXT() REPRESENTATION_CONTEXT('2D SPACE',''
  ) );
#12035 = PCURVE('',#1672,#12036);
#12036 = DEFINITIONAL_REPRESENTATION('',(#12037),#12041);
#12037 = LINE('',#12038,#12039);
#12038 = CARTESIAN_POINT('',(-4.701381566733,-0.1));
#12039 = VECTOR('',#12040,1.);
#12040 = DIRECTION('',(-0.,1.));
#12041 = ( GEOMETRIC_REPRESENTATION_CONTEXT(2) 
PARAMETRIC_REPRESENTATION_CONTEXT() REPRESENTATION_CONTEXT('2D SPACE',''
  ) );
#12042 = ORIENTED_EDGE('',*,*,#1684,.F.);
#12043 = ORIENTED_EDGE('',*,*,#11966,.F.);
#12044 = ORIENTED_EDGE('',*,*,#12045,.T.);
#12045 = EDGE_CURVE('',#11967,#12021,#12046,.T.);
#12046 = SURFACE_CURVE('',#12047,(#12052,#12059),.PCURVE_S1.);
#12047 = CIRCLE('',#12048,25.210790894703);
#12048 = AXIS2_PLACEMENT_3D('',#12049,#12050,#12051);
#12049 = CARTESIAN_POINT('',(0.,44.5,212.));
#12050 = DIRECTION('',(-0.,1.,1.110223024625E-16));
#12051 = DIRECTION('',(1.,0.,0.));
#12052 = PCURVE('',#1701,#12053);
#12053 = DEFINITIONAL_REPRESENTATION('',(#12054),#12058);
#12054 = LINE('',#12055,#12056);
#12055 = CARTESIAN_POINT('',(-0.,-7.));
#12056 = VECTOR('',#12057,1.);
#12057 = DIRECTION('',(-1.,0.));
#12058 = ( GEOMETRIC_REPRESENTATION_CONTEXT(2) 
PARAMETRIC_REPRESENTATION_CONTEXT() REPRESENTATION_CONTEXT('2D SPACE',''
  ) );
#12059 = PCURVE('',#5586,#12060);
#12060 = DEFINITIONAL_REPRESENTATION('',(#12061),#12065);
#12061 = CIRCLE('',#12062,25.210790894703);
#12062 = AXIS2_PLACEMENT_2D('',#12063,#12064);
#12063 = CARTESIAN_POINT('',(2.412172678695E-15,0.));
#12064 = DIRECTION('',(1.,0.));
#12065 = ( GEOMETRIC_REPRESENTATION_CONTEXT(2) 
PARAMETRIC_REPRESENTATION_CONTEXT() REPRESENTATION_CONTEXT('2D SPACE',''
  ) );
#12066 = ADVANCED_FACE('',(#12067),#1672,.F.);
#12067 = FACE_BOUND('',#12068,.T.);
#12068 = EDGE_LOOP('',(#12069,#12092,#12118,#12119));
#12069 = ORIENTED_EDGE('',*,*,#12070,.F.);
#12070 = EDGE_CURVE('',#12071,#1623,#12073,.T.);
#12071 = VERTEX_POINT('',#12072);
#12072 = CARTESIAN_POINT('',(6.423548750208,44.5,236.3787202082));
#12073 = SURFACE_CURVE('',#12074,(#12078,#12085),.PCURVE_S1.);
#12074 = LINE('',#12075,#12076);
#12075 = CARTESIAN_POINT('',(6.423548750208,37.5,236.3787202082));
#12076 = VECTOR('',#12077,1.);
#12077 = DIRECTION('',(-0.,-1.,-1.110223024625E-16));
#12078 = PCURVE('',#1672,#12079);
#12079 = DEFINITIONAL_REPRESENTATION('',(#12080),#12084);
#12080 = LINE('',#12081,#12082);
#12081 = CARTESIAN_POINT('',(-1.581803740447,-0.1));
#12082 = VECTOR('',#12083,1.);
#12083 = DIRECTION('',(-0.,1.));
#12084 = ( GEOMETRIC_REPRESENTATION_CONTEXT(2) 
PARAMETRIC_REPRESENTATION_CONTEXT() REPRESENTATION_CONTEXT('2D SPACE',''
  ) );
#12085 = PCURVE('',#1639,#12086);
#12086 = DEFINITIONAL_REPRESENTATION('',(#12087),#12091);
#12087 = LINE('',#12088,#12089);
#12088 = CARTESIAN_POINT('',(-4.970023256708,0.));
#12089 = VECTOR('',#12090,1.);
#12090 = DIRECTION('',(-0.,1.));
#12091 = ( GEOMETRIC_REPRESENTATION_CONTEXT(2) 
PARAMETRIC_REPRESENTATION_CONTEXT() REPRESENTATION_CONTEXT('2D SPACE',''
  ) );
#12092 = ORIENTED_EDGE('',*,*,#12093,.F.);
#12093 = EDGE_CURVE('',#12021,#12071,#12094,.T.);
#12094 = SURFACE_CURVE('',#12095,(#12100,#12107),.PCURVE_S1.);
#12095 = CIRCLE('',#12096,0.555);
#12096 = AXIS2_PLACEMENT_3D('',#12097,#12098,#12099);
#12097 = CARTESIAN_POINT('',(5.885342253509,44.5,236.51421473544));
#12098 = DIRECTION('',(0.,-1.,-1.110223024625E-16));
#12099 = DIRECTION('',(0.233445363856,-1.079547474078E-16,0.972369920398
    ));
#12100 = PCURVE('',#1672,#12101);
#12101 = DEFINITIONAL_REPRESENTATION('',(#12102),#12106);
#12102 = LINE('',#12103,#12104);
#12103 = CARTESIAN_POINT('',(-6.28318530718,-7.1));
#12104 = VECTOR('',#12105,1.);
#12105 = DIRECTION('',(1.,-0.));
#12106 = ( GEOMETRIC_REPRESENTATION_CONTEXT(2) 
PARAMETRIC_REPRESENTATION_CONTEXT() REPRESENTATION_CONTEXT('2D SPACE',''
  ) );
#12107 = PCURVE('',#5586,#12108);
#12108 = DEFINITIONAL_REPRESENTATION('',(#12109),#12117);
#12109 = ( BOUNDED_CURVE() B_SPLINE_CURVE(2,(#12110,#12111,#12112,#12113
    ,#12114,#12115,#12116),.UNSPECIFIED.,.T.,.F.) 
B_SPLINE_CURVE_WITH_KNOTS((1,2,2,2,2,1),(-2.094395102393,0.,
    2.094395102393,4.188790204786,6.28318530718,8.377580409573),
.UNSPECIFIED.) CURVE() GEOMETRIC_REPRESENTATION_ITEM() 
RATIONAL_B_SPLINE_CURVE((1.,0.5,1.,0.5,1.,0.5,1.)) REPRESENTATION_ITEM(
  '') );
#12110 = CARTESIAN_POINT('',(6.014904430449,-25.05388004126));
#12111 = CARTESIAN_POINT('',(5.080176701686,-25.27828831446));
#12112 = CARTESIAN_POINT('',(5.353197300657,-24.35658621913));
#12113 = CARTESIAN_POINT('',(5.626217899629,-23.4348841238));
#12114 = CARTESIAN_POINT('',(6.287925029421,-24.13217794593));
#12115 = CARTESIAN_POINT('',(6.949632159213,-24.82947176806));
#12116 = CARTESIAN_POINT('',(6.014904430449,-25.05388004126));
#12117 = ( GEOMETRIC_REPRESENTATION_CONTEXT(2) 
PARAMETRIC_REPRESENTATION_CONTEXT() REPRESENTATION_CONTEXT('2D SPACE',''
  ) );
#12118 = ORIENTED_EDGE('',*,*,#12020,.T.);
#12119 = ORIENTED_EDGE('',*,*,#1651,.T.);
#12120 = ADVANCED_FACE('',(#12121),#1639,.T.);
#12121 = FACE_BOUND('',#12122,.F.);
#12122 = EDGE_LOOP('',(#12123,#12146,#12147,#12148));
#12123 = ORIENTED_EDGE('',*,*,#12124,.T.);
#12124 = EDGE_CURVE('',#12125,#1590,#12127,.T.);
#12125 = VERTEX_POINT('',#12126);
#12126 = CARTESIAN_POINT('',(7.260870656287,44.5,236.14257100743));
#12127 = SURFACE_CURVE('',#12128,(#12132,#12139),.PCURVE_S1.);
#12128 = LINE('',#12129,#12130);
#12129 = CARTESIAN_POINT('',(7.260870656287,37.5,236.14257100743));
#12130 = VECTOR('',#12131,1.);
#12131 = DIRECTION('',(-0.,-1.,-1.110223024625E-16));
#12132 = PCURVE('',#1639,#12133);
#12133 = DEFINITIONAL_REPRESENTATION('',(#12134),#12138);
#12134 = LINE('',#12135,#12136);
#12135 = CARTESIAN_POINT('',(-5.004533418439,0.));
#12136 = VECTOR('',#12137,1.);
#12137 = DIRECTION('',(-0.,1.));
#12138 = ( GEOMETRIC_REPRESENTATION_CONTEXT(2) 
PARAMETRIC_REPRESENTATION_CONTEXT() REPRESENTATION_CONTEXT('2D SPACE',''
  ) );
#12139 = PCURVE('',#1610,#12140);
#12140 = DEFINITIONAL_REPRESENTATION('',(#12141),#12145);
#12141 = LINE('',#12142,#12143);
#12142 = CARTESIAN_POINT('',(-4.701381566733,-0.1));
#12143 = VECTOR('',#12144,1.);
#12144 = DIRECTION('',(-0.,1.));
#12145 = ( GEOMETRIC_REPRESENTATION_CONTEXT(2) 
PARAMETRIC_REPRESENTATION_CONTEXT() REPRESENTATION_CONTEXT('2D SPACE',''
  ) );
#12146 = ORIENTED_EDGE('',*,*,#1622,.F.);
#12147 = ORIENTED_EDGE('',*,*,#12070,.F.);
#12148 = ORIENTED_EDGE('',*,*,#12149,.T.);
#12149 = EDGE_CURVE('',#12071,#12125,#12150,.T.);
#12150 = SURFACE_CURVE('',#12151,(#12156,#12163),.PCURVE_S1.);
#12151 = CIRCLE('',#12152,25.210790894703);
#12152 = AXIS2_PLACEMENT_3D('',#12153,#12154,#12155);
#12153 = CARTESIAN_POINT('',(0.,44.5,212.));
#12154 = DIRECTION('',(-0.,1.,1.110223024625E-16));
#12155 = DIRECTION('',(1.,0.,0.));
#12156 = PCURVE('',#1639,#12157);
#12157 = DEFINITIONAL_REPRESENTATION('',(#12158),#12162);
#12158 = LINE('',#12159,#12160);
#12159 = CARTESIAN_POINT('',(-0.,-7.));
#12160 = VECTOR('',#12161,1.);
#12161 = DIRECTION('',(-1.,0.));
#12162 = ( GEOMETRIC_REPRESENTATION_CONTEXT(2) 
PARAMETRIC_REPRESENTATION_CONTEXT() REPRESENTATION_CONTEXT('2D SPACE',''
  ) );
#12163 = PCURVE('',#5586,#12164);
#12164 = DEFINITIONAL_REPRESENTATION('',(#12165),#12169);
#12165 = CIRCLE('',#12166,25.210790894703);
#12166 = AXIS2_PLACEMENT_2D('',#12167,#12168);
#12167 = CARTESIAN_POINT('',(2.412172678695E-15,0.));
#12168 = DIRECTION('',(1.,0.));
#12169 = ( GEOMETRIC_REPRESENTATION_CONTEXT(2) 
PARAMETRIC_REPRESENTATION_CONTEXT() REPRESENTATION_CONTEXT('2D SPACE',''
  ) );
#12170 = ADVANCED_FACE('',(#12171),#1610,.F.);
#12171 = FACE_BOUND('',#12172,.T.);
#12172 = EDGE_LOOP('',(#12173,#12196,#12222,#12223));
#12173 = ORIENTED_EDGE('',*,*,#12174,.F.);
#12174 = EDGE_CURVE('',#12175,#1561,#12177,.T.);
#12175 = VERTEX_POINT('',#12176);
#12176 = CARTESIAN_POINT('',(8.316479435701,44.5,235.79958292348));
#12177 = SURFACE_CURVE('',#12178,(#12182,#12189),.PCURVE_S1.);
#12178 = LINE('',#12179,#12180);
#12179 = CARTESIAN_POINT('',(8.316479435701,37.5,235.79958292348));
#12180 = VECTOR('',#12181,1.);
#12181 = DIRECTION('',(-0.,-1.,-1.110223024625E-16));
#12182 = PCURVE('',#1610,#12183);
#12183 = DEFINITIONAL_REPRESENTATION('',(#12184),#12188);
#12184 = LINE('',#12185,#12186);
#12185 = CARTESIAN_POINT('',(-1.581803740447,-0.1));
#12186 = VECTOR('',#12187,1.);
#12187 = DIRECTION('',(-0.,1.));
#12188 = ( GEOMETRIC_REPRESENTATION_CONTEXT(2) 
PARAMETRIC_REPRESENTATION_CONTEXT() REPRESENTATION_CONTEXT('2D SPACE',''
  ) );
#12189 = PCURVE('',#1577,#12190);
#12190 = DEFINITIONAL_REPRESENTATION('',(#12191),#12195);
#12191 = LINE('',#12192,#12193);
#12192 = CARTESIAN_POINT('',(-5.048563073048,0.));
#12193 = VECTOR('',#12194,1.);
#12194 = DIRECTION('',(-0.,1.));
#12195 = ( GEOMETRIC_REPRESENTATION_CONTEXT(2) 
PARAMETRIC_REPRESENTATION_CONTEXT() REPRESENTATION_CONTEXT('2D SPACE',''
  ) );
#12196 = ORIENTED_EDGE('',*,*,#12197,.F.);
#12197 = EDGE_CURVE('',#12125,#12175,#12198,.T.);
#12198 = SURFACE_CURVE('',#12199,(#12204,#12211),.PCURVE_S1.);
#12199 = CIRCLE('',#12200,0.555);
#12200 = AXIS2_PLACEMENT_3D('',#12201,#12202,#12203);
#12201 = CARTESIAN_POINT('',(7.790562828096,44.5,235.97688696136));
#12202 = DIRECTION('',(0.,-1.,-1.110223024625E-16));
#12203 = DIRECTION('',(0.309016994375,-1.055884842111E-16,0.951056516295
    ));
#12204 = PCURVE('',#1610,#12205);
#12205 = DEFINITIONAL_REPRESENTATION('',(#12206),#12210);
#12206 = LINE('',#12207,#12208);
#12207 = CARTESIAN_POINT('',(-6.28318530718,-7.1));
#12208 = VECTOR('',#12209,1.);
#12209 = DIRECTION('',(1.,-0.));
#12210 = ( GEOMETRIC_REPRESENTATION_CONTEXT(2) 
PARAMETRIC_REPRESENTATION_CONTEXT() REPRESENTATION_CONTEXT('2D SPACE',''
  ) );
#12211 = PCURVE('',#5586,#12212);
#12212 = DEFINITIONAL_REPRESENTATION('',(#12213),#12221);
#12213 = ( BOUNDED_CURVE() B_SPLINE_CURVE(2,(#12214,#12215,#12216,#12217
    ,#12218,#12219,#12220),.UNSPECIFIED.,.T.,.F.) 
B_SPLINE_CURVE_WITH_KNOTS((1,2,2,2,2,1),(-2.094395102393,0.,
    2.094395102393,4.188790204786,6.28318530718,8.377580409573),
.UNSPECIFIED.) CURVE() GEOMETRIC_REPRESENTATION_ITEM() 
RATIONAL_B_SPLINE_CURVE((1.,0.5,1.,0.5,1.,0.5,1.)) REPRESENTATION_ITEM(
  '') );
#12214 = CARTESIAN_POINT('',(7.962067259975,-24.5047233279));
#12215 = CARTESIAN_POINT('',(7.047827855038,-24.80177771764));
#12216 = CARTESIAN_POINT('',(7.247690909689,-23.86149597295));
#12217 = CARTESIAN_POINT('',(7.44755396434,-22.92121422827));
#12218 = CARTESIAN_POINT('',(8.161930314626,-23.56444158322));
#12219 = CARTESIAN_POINT('',(8.876306664911,-24.20766893817));
#12220 = CARTESIAN_POINT('',(7.962067259975,-24.5047233279));
#12221 = ( GEOMETRIC_REPRESENTATION_CONTEXT(2) 
PARAMETRIC_REPRESENTATION_CONTEXT() REPRESENTATION_CONTEXT('2D SPACE',''
  ) );
#12222 = ORIENTED_EDGE('',*,*,#12124,.T.);
#12223 = ORIENTED_EDGE('',*,*,#1589,.T.);
#12224 = ADVANCED_FACE('',(#12225),#1577,.T.);
#12225 = FACE_BOUND('',#12226,.F.);
#12226 = EDGE_LOOP('',(#12227,#12250,#12251,#12252));
#12227 = ORIENTED_EDGE('',*,*,#12228,.T.);
#12228 = EDGE_CURVE('',#12229,#1528,#12231,.T.);
#12229 = VERTEX_POINT('',#12230);
#12230 = CARTESIAN_POINT('',(9.132692105035,44.5,235.4984661723));
#12231 = SURFACE_CURVE('',#12232,(#12236,#12243),.PCURVE_S1.);
#12232 = LINE('',#12233,#12234);
#12233 = CARTESIAN_POINT('',(9.132692105035,37.5,235.4984661723));
#12234 = VECTOR('',#12235,1.);
#12235 = DIRECTION('',(-0.,-1.,-1.110223024625E-16));
#12236 = PCURVE('',#1577,#12237);
#12237 = DEFINITIONAL_REPRESENTATION('',(#12238),#12242);
#12238 = LINE('',#12239,#12240);
#12239 = CARTESIAN_POINT('',(-5.083073234779,0.));
#12240 = VECTOR('',#12241,1.);
#12241 = DIRECTION('',(-0.,1.));
#12242 = ( GEOMETRIC_REPRESENTATION_CONTEXT(2) 
PARAMETRIC_REPRESENTATION_CONTEXT() REPRESENTATION_CONTEXT('2D SPACE',''
  ) );
#12243 = PCURVE('',#1548,#12244);
#12244 = DEFINITIONAL_REPRESENTATION('',(#12245),#12249);
#12245 = LINE('',#12246,#12247);
#12246 = CARTESIAN_POINT('',(-4.701381566733,-0.1));
#12247 = VECTOR('',#12248,1.);
#12248 = DIRECTION('',(-0.,1.));
#12249 = ( GEOMETRIC_REPRESENTATION_CONTEXT(2) 
PARAMETRIC_REPRESENTATION_CONTEXT() REPRESENTATION_CONTEXT('2D SPACE',''
  ) );
#12250 = ORIENTED_EDGE('',*,*,#1560,.F.);
#12251 = ORIENTED_EDGE('',*,*,#12174,.F.);
#12252 = ORIENTED_EDGE('',*,*,#12253,.T.);
#12253 = EDGE_CURVE('',#12175,#12229,#12254,.T.);
#12254 = SURFACE_CURVE('',#12255,(#12260,#12267),.PCURVE_S1.);
#12255 = CIRCLE('',#12256,25.210790894703);
#12256 = AXIS2_PLACEMENT_3D('',#12257,#12258,#12259);
#12257 = CARTESIAN_POINT('',(0.,44.5,212.));
#12258 = DIRECTION('',(-0.,1.,1.110223024625E-16));
#12259 = DIRECTION('',(1.,0.,0.));
#12260 = PCURVE('',#1577,#12261);
#12261 = DEFINITIONAL_REPRESENTATION('',(#12262),#12266);
#12262 = LINE('',#12263,#12264);
#12263 = CARTESIAN_POINT('',(-0.,-7.));
#12264 = VECTOR('',#12265,1.);
#12265 = DIRECTION('',(-1.,0.));
#12266 = ( GEOMETRIC_REPRESENTATION_CONTEXT(2) 
PARAMETRIC_REPRESENTATION_CONTEXT() REPRESENTATION_CONTEXT('2D SPACE',''
  ) );
#12267 = PCURVE('',#5586,#12268);
#12268 = DEFINITIONAL_REPRESENTATION('',(#12269),#12273);
#12269 = CIRCLE('',#12270,25.210790894703);
#12270 = AXIS2_PLACEMENT_2D('',#12271,#12272);
#12271 = CARTESIAN_POINT('',(2.412172678695E-15,0.));
#12272 = DIRECTION('',(1.,0.));
#12273 = ( GEOMETRIC_REPRESENTATION_CONTEXT(2) 
PARAMETRIC_REPRESENTATION_CONTEXT() REPRESENTATION_CONTEXT('2D SPACE',''
  ) );
#12274 = ADVANCED_FACE('',(#12275),#1548,.F.);
#12275 = FACE_BOUND('',#12276,.T.);
#12276 = EDGE_LOOP('',(#12277,#12300,#12326,#12327));
#12277 = ORIENTED_EDGE('',*,*,#12278,.F.);
#12278 = EDGE_CURVE('',#12279,#1499,#12281,.T.);
#12279 = VERTEX_POINT('',#12280);
#12280 = CARTESIAN_POINT('',(10.158136259962,44.5,235.07371329588));
#12281 = SURFACE_CURVE('',#12282,(#12286,#12293),.PCURVE_S1.);
#12282 = LINE('',#12283,#12284);
#12283 = CARTESIAN_POINT('',(10.158136259962,37.5,235.07371329588));
#12284 = VECTOR('',#12285,1.);
#12285 = DIRECTION('',(-0.,-1.,-1.110223024625E-16));
#12286 = PCURVE('',#1548,#12287);
#12287 = DEFINITIONAL_REPRESENTATION('',(#12288),#12292);
#12288 = LINE('',#12289,#12290);
#12289 = CARTESIAN_POINT('',(-1.581803740447,-0.1));
#12290 = VECTOR('',#12291,1.);
#12291 = DIRECTION('',(-0.,1.));
#12292 = ( GEOMETRIC_REPRESENTATION_CONTEXT(2) 
PARAMETRIC_REPRESENTATION_CONTEXT() REPRESENTATION_CONTEXT('2D SPACE',''
  ) );
#12293 = PCURVE('',#1515,#12294);
#12294 = DEFINITIONAL_REPRESENTATION('',(#12295),#12299);
#12295 = LINE('',#12296,#12297);
#12296 = CARTESIAN_POINT('',(-5.127102889388,0.));
#12297 = VECTOR('',#12298,1.);
#12298 = DIRECTION('',(-0.,1.));
#12299 = ( GEOMETRIC_REPRESENTATION_CONTEXT(2) 
PARAMETRIC_REPRESENTATION_CONTEXT() REPRESENTATION_CONTEXT('2D SPACE',''
  ) );
#12300 = ORIENTED_EDGE('',*,*,#12301,.F.);
#12301 = EDGE_CURVE('',#12229,#12279,#12302,.T.);
#12302 = SURFACE_CURVE('',#12303,(#12308,#12315),.PCURVE_S1.);
#12303 = CIRCLE('',#12304,0.555);
#12304 = AXIS2_PLACEMENT_3D('',#12305,#12306,#12307);
#12305 = CARTESIAN_POINT('',(9.647751992224,44.5,235.29173370603));
#12306 = DIRECTION('',(0.,-1.,-1.110223024625E-16));
#12307 = DIRECTION('',(0.382683432365,-1.025712328974E-16,0.923879532511
    ));
#12308 = PCURVE('',#1548,#12309);
#12309 = DEFINITIONAL_REPRESENTATION('',(#12310),#12314);
#12310 = LINE('',#12311,#12312);
#12311 = CARTESIAN_POINT('',(-6.28318530718,-7.1));
#12312 = VECTOR('',#12313,1.);
#12313 = DIRECTION('',(1.,-0.));
#12314 = ( GEOMETRIC_REPRESENTATION_CONTEXT(2) 
PARAMETRIC_REPRESENTATION_CONTEXT() REPRESENTATION_CONTEXT('2D SPACE',''
  ) );
#12315 = PCURVE('',#5586,#12316);
#12316 = DEFINITIONAL_REPRESENTATION('',(#12317),#12325);
#12317 = ( BOUNDED_CURVE() B_SPLINE_CURVE(2,(#12318,#12319,#12320,#12321
    ,#12322,#12323,#12324),.UNSPECIFIED.,.T.,.F.) 
B_SPLINE_CURVE_WITH_KNOTS((1,2,2,2,2,1),(-2.094395102393,0.,
    2.094395102393,4.188790204786,6.28318530718,8.377580409573),
.UNSPECIFIED.) CURVE() GEOMETRIC_REPRESENTATION_ITEM() 
RATIONAL_B_SPLINE_CURVE((1.,0.5,1.,0.5,1.,0.5,1.)) REPRESENTATION_ITEM(
  '') );
#12318 = CARTESIAN_POINT('',(9.860141297186,-23.80448684658));
#12319 = CARTESIAN_POINT('',(8.972026806024,-24.17235591376));
#12320 = CARTESIAN_POINT('',(9.097500094161,-23.21929166935));
#12321 = CARTESIAN_POINT('',(9.222973382298,-22.26622742495));
#12322 = CARTESIAN_POINT('',(9.985614585323,-22.85142260217));
#12323 = CARTESIAN_POINT('',(10.748255788349,-23.4366177794));
#12324 = CARTESIAN_POINT('',(9.860141297186,-23.80448684658));
#12325 = ( GEOMETRIC_REPRESENTATION_CONTEXT(2) 
PARAMETRIC_REPRESENTATION_CONTEXT() REPRESENTATION_CONTEXT('2D SPACE',''
  ) );
#12326 = ORIENTED_EDGE('',*,*,#12228,.T.);
#12327 = ORIENTED_EDGE('',*,*,#1527,.T.);
#12328 = ADVANCED_FACE('',(#12329),#1515,.T.);
#12329 = FACE_BOUND('',#12330,.F.);
#12330 = EDGE_LOOP('',(#12331,#12354,#12355,#12356));
#12331 = ORIENTED_EDGE('',*,*,#12332,.T.);
#12332 = EDGE_CURVE('',#12333,#1466,#12335,.T.);
#12333 = VERTEX_POINT('',#12334);
#12334 = CARTESIAN_POINT('',(10.948207470028,44.5,234.70948547919));
#12335 = SURFACE_CURVE('',#12336,(#12340,#12347),.PCURVE_S1.);
#12336 = LINE('',#12337,#12338);
#12337 = CARTESIAN_POINT('',(10.948207470028,37.5,234.70948547919));
#12338 = VECTOR('',#12339,1.);
#12339 = DIRECTION('',(-0.,-1.,-1.110223024625E-16));
#12340 = PCURVE('',#1515,#12341);
#12341 = DEFINITIONAL_REPRESENTATION('',(#12342),#12346);
#12342 = LINE('',#12343,#12344);
#12343 = CARTESIAN_POINT('',(-5.161613051119,0.));
#12344 = VECTOR('',#12345,1.);
#12345 = DIRECTION('',(-0.,1.));
#12346 = ( GEOMETRIC_REPRESENTATION_CONTEXT(2) 
PARAMETRIC_REPRESENTATION_CONTEXT() REPRESENTATION_CONTEXT('2D SPACE',''
  ) );
#12347 = PCURVE('',#1486,#12348);
#12348 = DEFINITIONAL_REPRESENTATION('',(#12349),#12353);
#12349 = LINE('',#12350,#12351);
#12350 = CARTESIAN_POINT('',(-4.701381566733,-0.1));
#12351 = VECTOR('',#12352,1.);
#12352 = DIRECTION('',(-0.,1.));
#12353 = ( GEOMETRIC_REPRESENTATION_CONTEXT(2) 
PARAMETRIC_REPRESENTATION_CONTEXT() REPRESENTATION_CONTEXT('2D SPACE',''
  ) );
#12354 = ORIENTED_EDGE('',*,*,#1498,.F.);
#12355 = ORIENTED_EDGE('',*,*,#12278,.F.);
#12356 = ORIENTED_EDGE('',*,*,#12357,.T.);
#12357 = EDGE_CURVE('',#12279,#12333,#12358,.T.);
#12358 = SURFACE_CURVE('',#12359,(#12364,#12371),.PCURVE_S1.);
#12359 = CIRCLE('',#12360,25.210790894703);
#12360 = AXIS2_PLACEMENT_3D('',#12361,#12362,#12363);
#12361 = CARTESIAN_POINT('',(0.,44.5,212.));
#12362 = DIRECTION('',(-0.,1.,1.110223024625E-16));
#12363 = DIRECTION('',(1.,0.,0.));
#12364 = PCURVE('',#1515,#12365);
#12365 = DEFINITIONAL_REPRESENTATION('',(#12366),#12370);
#12366 = LINE('',#12367,#12368);
#12367 = CARTESIAN_POINT('',(-0.,-7.));
#12368 = VECTOR('',#12369,1.);
#12369 = DIRECTION('',(-1.,0.));
#12370 = ( GEOMETRIC_REPRESENTATION_CONTEXT(2) 
PARAMETRIC_REPRESENTATION_CONTEXT() REPRESENTATION_CONTEXT('2D SPACE',''
  ) );
#12371 = PCURVE('',#5586,#12372);
#12372 = DEFINITIONAL_REPRESENTATION('',(#12373),#12377);
#12373 = CIRCLE('',#12374,25.210790894703);
#12374 = AXIS2_PLACEMENT_2D('',#12375,#12376);
#12375 = CARTESIAN_POINT('',(2.412172678695E-15,0.));
#12376 = DIRECTION('',(1.,0.));
#12377 = ( GEOMETRIC_REPRESENTATION_CONTEXT(2) 
PARAMETRIC_REPRESENTATION_CONTEXT() REPRESENTATION_CONTEXT('2D SPACE',''
  ) );
#12378 = ADVANCED_FACE('',(#12379),#1486,.F.);
#12379 = FACE_BOUND('',#12380,.T.);
#12380 = EDGE_LOOP('',(#12381,#12404,#12430,#12431));
#12381 = ORIENTED_EDGE('',*,*,#12382,.F.);
#12382 = EDGE_CURVE('',#12383,#1437,#12385,.T.);
#12383 = VERTEX_POINT('',#12384);
#12384 = CARTESIAN_POINT('',(11.937164796257,44.5,234.20558655301));
#12385 = SURFACE_CURVE('',#12386,(#12390,#12397),.PCURVE_S1.);
#12386 = LINE('',#12387,#12388);
#12387 = CARTESIAN_POINT('',(11.937164796257,37.5,234.20558655301));
#12388 = VECTOR('',#12389,1.);
#12389 = DIRECTION('',(-0.,-1.,-1.110223024625E-16));
#12390 = PCURVE('',#1486,#12391);
#12391 = DEFINITIONAL_REPRESENTATION('',(#12392),#12396);
#12392 = LINE('',#12393,#12394);
#12393 = CARTESIAN_POINT('',(-1.581803740447,-0.1));
#12394 = VECTOR('',#12395,1.);
#12395 = DIRECTION('',(-0.,1.));
#12396 = ( GEOMETRIC_REPRESENTATION_CONTEXT(2) 
PARAMETRIC_REPRESENTATION_CONTEXT() REPRESENTATION_CONTEXT('2D SPACE',''
  ) );
#12397 = PCURVE('',#1453,#12398);
#12398 = DEFINITIONAL_REPRESENTATION('',(#12399),#12403);
#12399 = LINE('',#12400,#12401);
#12400 = CARTESIAN_POINT('',(-5.205642705727,0.));
#12401 = VECTOR('',#12402,1.);
#12402 = DIRECTION('',(-0.,1.));
#12403 = ( GEOMETRIC_REPRESENTATION_CONTEXT(2) 
PARAMETRIC_REPRESENTATION_CONTEXT() REPRESENTATION_CONTEXT('2D SPACE',''
  ) );
#12404 = ORIENTED_EDGE('',*,*,#12405,.F.);
#12405 = EDGE_CURVE('',#12333,#12383,#12406,.T.);
#12406 = SURFACE_CURVE('',#12407,(#12412,#12419),.PCURVE_S1.);
#12407 = CIRCLE('',#12408,0.555);
#12408 = AXIS2_PLACEMENT_3D('',#12409,#12410,#12411);
#12409 = CARTESIAN_POINT('',(11.445459557116,44.5,234.46297916712));
#12410 = DIRECTION('',(0.,-1.,-1.110223024625E-16));
#12411 = DIRECTION('',(0.45399049974,-9.892159582452E-17,0.891006524188)
  );
#12412 = PCURVE('',#1486,#12413);
#12413 = DEFINITIONAL_REPRESENTATION('',(#12414),#12418);
#12414 = LINE('',#12415,#12416);
#12415 = CARTESIAN_POINT('',(-6.28318530718,-7.1));
#12416 = VECTOR('',#12417,1.);
#12417 = DIRECTION('',(1.,-0.));
#12418 = ( GEOMETRIC_REPRESENTATION_CONTEXT(2) 
PARAMETRIC_REPRESENTATION_CONTEXT() REPRESENTATION_CONTEXT('2D SPACE',''
  ) );
#12419 = PCURVE('',#5586,#12420);
#12420 = DEFINITIONAL_REPRESENTATION('',(#12421),#12429);
#12421 = ( BOUNDED_CURVE() B_SPLINE_CURVE(2,(#12422,#12423,#12424,#12425
    ,#12426,#12427,#12428),.UNSPECIFIED.,.T.,.F.) 
B_SPLINE_CURVE_WITH_KNOTS((1,2,2,2,2,1),(-2.094395102393,0.,
    2.094395102393,4.188790204786,6.28318530718,8.377580409573),
.UNSPECIFIED.) CURVE() GEOMETRIC_REPRESENTATION_ITEM() 
RATIONAL_B_SPLINE_CURVE((1.,0.5,1.,0.5,1.,0.5,1.)) REPRESENTATION_ITEM(
  '') );
#12422 = CARTESIAN_POINT('',(11.697424284471,-22.95748778805));
#12423 = CARTESIAN_POINT('',(10.840910228249,-23.39390349754));
#12424 = CARTESIAN_POINT('',(10.891220165327,-22.43393271141));
#12425 = CARTESIAN_POINT('',(10.941530102405,-21.47396192528));
#12426 = CARTESIAN_POINT('',(11.747734221549,-21.99751700192));
#12427 = CARTESIAN_POINT('',(12.553938340693,-22.52107207855));
#12428 = CARTESIAN_POINT('',(11.697424284471,-22.95748778805));
#12429 = ( GEOMETRIC_REPRESENTATION_CONTEXT(2) 
PARAMETRIC_REPRESENTATION_CONTEXT() REPRESENTATION_CONTEXT('2D SPACE',''
  ) );
#12430 = ORIENTED_EDGE('',*,*,#12332,.T.);
#12431 = ORIENTED_EDGE('',*,*,#1465,.T.);
#12432 = ADVANCED_FACE('',(#12433),#1453,.T.);
#12433 = FACE_BOUND('',#12434,.F.);
#12434 = EDGE_LOOP('',(#12435,#12458,#12459,#12460));
#12435 = ORIENTED_EDGE('',*,*,#12436,.T.);
#12436 = EDGE_CURVE('',#12437,#1404,#12439,.T.);
#12437 = VERTEX_POINT('',#12438);
#12438 = CARTESIAN_POINT('',(12.69622349532,44.5,233.78049325642));
#12439 = SURFACE_CURVE('',#12440,(#12444,#12451),.PCURVE_S1.);
#12440 = LINE('',#12441,#12442);
#12441 = CARTESIAN_POINT('',(12.69622349532,37.5,233.78049325642));
#12442 = VECTOR('',#12443,1.);
#12443 = DIRECTION('',(-0.,-1.,-1.110223024625E-16));
#12444 = PCURVE('',#1453,#12445);
#12445 = DEFINITIONAL_REPRESENTATION('',(#12446),#12450);
#12446 = LINE('',#12447,#12448);
#12447 = CARTESIAN_POINT('',(-5.240152867459,0.));
#12448 = VECTOR('',#12449,1.);
#12449 = DIRECTION('',(-0.,1.));
#12450 = ( GEOMETRIC_REPRESENTATION_CONTEXT(2) 
PARAMETRIC_REPRESENTATION_CONTEXT() REPRESENTATION_CONTEXT('2D SPACE',''
  ) );
#12451 = PCURVE('',#1424,#12452);
#12452 = DEFINITIONAL_REPRESENTATION('',(#12453),#12457);
#12453 = LINE('',#12454,#12455);
#12454 = CARTESIAN_POINT('',(-4.701381566733,-0.1));
#12455 = VECTOR('',#12456,1.);
#12456 = DIRECTION('',(-0.,1.));
#12457 = ( GEOMETRIC_REPRESENTATION_CONTEXT(2) 
PARAMETRIC_REPRESENTATION_CONTEXT() REPRESENTATION_CONTEXT('2D SPACE',''
  ) );
#12458 = ORIENTED_EDGE('',*,*,#1436,.F.);
#12459 = ORIENTED_EDGE('',*,*,#12382,.F.);
#12460 = ORIENTED_EDGE('',*,*,#12461,.T.);
#12461 = EDGE_CURVE('',#12383,#12437,#12462,.T.);
#12462 = SURFACE_CURVE('',#12463,(#12468,#12475),.PCURVE_S1.);
#12463 = CIRCLE('',#12464,25.210790894703);
#12464 = AXIS2_PLACEMENT_3D('',#12465,#12466,#12467);
#12465 = CARTESIAN_POINT('',(0.,44.5,212.));
#12466 = DIRECTION('',(-0.,1.,1.110223024625E-16));
#12467 = DIRECTION('',(1.,0.,0.));
#12468 = PCURVE('',#1453,#12469);
#12469 = DEFINITIONAL_REPRESENTATION('',(#12470),#12474);
#12470 = LINE('',#12471,#12472);
#12471 = CARTESIAN_POINT('',(-0.,-7.));
#12472 = VECTOR('',#12473,1.);
#12473 = DIRECTION('',(-1.,0.));
#12474 = ( GEOMETRIC_REPRESENTATION_CONTEXT(2) 
PARAMETRIC_REPRESENTATION_CONTEXT() REPRESENTATION_CONTEXT('2D SPACE',''
  ) );
#12475 = PCURVE('',#5586,#12476);
#12476 = DEFINITIONAL_REPRESENTATION('',(#12477),#12481);
#12477 = CIRCLE('',#12478,25.210790894703);
#12478 = AXIS2_PLACEMENT_2D('',#12479,#12480);
#12479 = CARTESIAN_POINT('',(2.412172678695E-15,0.));
#12480 = DIRECTION('',(1.,0.));
#12481 = ( GEOMETRIC_REPRESENTATION_CONTEXT(2) 
PARAMETRIC_REPRESENTATION_CONTEXT() REPRESENTATION_CONTEXT('2D SPACE',''
  ) );
#12482 = ADVANCED_FACE('',(#12483),#1424,.F.);
#12483 = FACE_BOUND('',#12484,.T.);
#12484 = EDGE_LOOP('',(#12485,#12508,#12534,#12535));
#12485 = ORIENTED_EDGE('',*,*,#12486,.F.);
#12486 = EDGE_CURVE('',#12487,#1375,#12489,.T.);
#12487 = VERTEX_POINT('',#12488);
#12488 = CARTESIAN_POINT('',(13.642596742074,44.5,233.20055498494));
#12489 = SURFACE_CURVE('',#12490,(#12494,#12501),.PCURVE_S1.);
#12490 = LINE('',#12491,#12492);
#12491 = CARTESIAN_POINT('',(13.642596742074,37.5,233.20055498494));
#12492 = VECTOR('',#12493,1.);
#12493 = DIRECTION('',(-0.,-1.,-1.110223024625E-16));
#12494 = PCURVE('',#1424,#12495);
#12495 = DEFINITIONAL_REPRESENTATION('',(#12496),#12500);
#12496 = LINE('',#12497,#12498);
#12497 = CARTESIAN_POINT('',(-1.581803740447,-0.1));
#12498 = VECTOR('',#12499,1.);
#12499 = DIRECTION('',(-0.,1.));
#12500 = ( GEOMETRIC_REPRESENTATION_CONTEXT(2) 
PARAMETRIC_REPRESENTATION_CONTEXT() REPRESENTATION_CONTEXT('2D SPACE',''
  ) );
#12501 = PCURVE('',#1391,#12502);
#12502 = DEFINITIONAL_REPRESENTATION('',(#12503),#12507);
#12503 = LINE('',#12504,#12505);
#12504 = CARTESIAN_POINT('',(-5.284182522067,0.));
#12505 = VECTOR('',#12506,1.);
#12506 = DIRECTION('',(-0.,1.));
#12507 = ( GEOMETRIC_REPRESENTATION_CONTEXT(2) 
PARAMETRIC_REPRESENTATION_CONTEXT() REPRESENTATION_CONTEXT('2D SPACE',''
  ) );
#12508 = ORIENTED_EDGE('',*,*,#12509,.F.);
#12509 = EDGE_CURVE('',#12437,#12487,#12510,.T.);
#12510 = SURFACE_CURVE('',#12511,(#12516,#12523),.PCURVE_S1.);
#12511 = CIRCLE('',#12512,0.555);
#12512 = AXIS2_PLACEMENT_3D('',#12513,#12514,#12515);
#12513 = CARTESIAN_POINT('',(13.172602057836,44.5,233.49573289195));
#12514 = DIRECTION('',(0.,-1.,-1.110223024625E-16));
#12515 = DIRECTION('',(0.522498564716,-9.466207421861E-17,0.852640164354
    ));
#12516 = PCURVE('',#1424,#12517);
#12517 = DEFINITIONAL_REPRESENTATION('',(#12518),#12522);
#12518 = LINE('',#12519,#12520);
#12519 = CARTESIAN_POINT('',(-6.28318530718,-7.1));
#12520 = VECTOR('',#12521,1.);
#12521 = DIRECTION('',(1.,-0.));
#12522 = ( GEOMETRIC_REPRESENTATION_CONTEXT(2) 
PARAMETRIC_REPRESENTATION_CONTEXT() REPRESENTATION_CONTEXT('2D SPACE',''
  ) );
#12523 = PCURVE('',#5586,#12524);
#12524 = DEFINITIONAL_REPRESENTATION('',(#12525),#12533);
#12525 = ( BOUNDED_CURVE() B_SPLINE_CURVE(2,(#12526,#12527,#12528,#12529
    ,#12530,#12531,#12532),.UNSPECIFIED.,.T.,.F.) 
B_SPLINE_CURVE_WITH_KNOTS((1,2,2,2,2,1),(-2.094395102393,0.,
    2.094395102393,4.188790204786,6.28318530718,8.377580409573),
.UNSPECIFIED.) CURVE() GEOMETRIC_REPRESENTATION_ITEM() 
RATIONAL_B_SPLINE_CURVE((1.,0.5,1.,0.5,1.,0.5,1.)) REPRESENTATION_ITEM(
  '') );
#12526 = CARTESIAN_POINT('',(13.462588761254,-21.96894818317));
#12527 = CARTESIAN_POINT('',(12.642955833948,-22.47121988701));
#12528 = CARTESIAN_POINT('',(12.617792242475,-21.51026109826));
#12529 = CARTESIAN_POINT('',(12.592628651002,-20.54930230952));
#12530 = CARTESIAN_POINT('',(13.43742516978,-21.00798939442));
#12531 = CARTESIAN_POINT('',(14.282221688559,-21.46667647933));
#12532 = CARTESIAN_POINT('',(13.462588761254,-21.96894818317));
#12533 = ( GEOMETRIC_REPRESENTATION_CONTEXT(2) 
PARAMETRIC_REPRESENTATION_CONTEXT() REPRESENTATION_CONTEXT('2D SPACE',''
  ) );
#12534 = ORIENTED_EDGE('',*,*,#12436,.T.);
#12535 = ORIENTED_EDGE('',*,*,#1403,.T.);
#12536 = ADVANCED_FACE('',(#12537),#1391,.T.);
#12537 = FACE_BOUND('',#12538,.F.);
#12538 = EDGE_LOOP('',(#12539,#12562,#12563,#12564));
#12539 = ORIENTED_EDGE('',*,*,#12540,.T.);
#12540 = EDGE_CURVE('',#12541,#1342,#12543,.T.);
#12541 = VERTEX_POINT('',#12542);
#12542 = CARTESIAN_POINT('',(14.36596308084,44.5,232.71721704999));
#12543 = SURFACE_CURVE('',#12544,(#12548,#12555),.PCURVE_S1.);
#12544 = LINE('',#12545,#12546);
#12545 = CARTESIAN_POINT('',(14.36596308084,37.5,232.71721704999));
#12546 = VECTOR('',#12547,1.);
#12547 = DIRECTION('',(-0.,-1.,-1.110223024625E-16));
#12548 = PCURVE('',#1391,#12549);
#12549 = DEFINITIONAL_REPRESENTATION('',(#12550),#12554);
#12550 = LINE('',#12551,#12552);
#12551 = CARTESIAN_POINT('',(-5.318692683798,0.));
#12552 = VECTOR('',#12553,1.);
#12553 = DIRECTION('',(-0.,1.));
#12554 = ( GEOMETRIC_REPRESENTATION_CONTEXT(2) 
PARAMETRIC_REPRESENTATION_CONTEXT() REPRESENTATION_CONTEXT('2D SPACE',''
  ) );
#12555 = PCURVE('',#1362,#12556);
#12556 = DEFINITIONAL_REPRESENTATION('',(#12557),#12561);
#12557 = LINE('',#12558,#12559);
#12558 = CARTESIAN_POINT('',(-4.701381566733,-0.1));
#12559 = VECTOR('',#12560,1.);
#12560 = DIRECTION('',(-0.,1.));
#12561 = ( GEOMETRIC_REPRESENTATION_CONTEXT(2) 
PARAMETRIC_REPRESENTATION_CONTEXT() REPRESENTATION_CONTEXT('2D SPACE',''
  ) );
#12562 = ORIENTED_EDGE('',*,*,#1374,.F.);
#12563 = ORIENTED_EDGE('',*,*,#12486,.F.);
#12564 = ORIENTED_EDGE('',*,*,#12565,.T.);
#12565 = EDGE_CURVE('',#12487,#12541,#12566,.T.);
#12566 = SURFACE_CURVE('',#12567,(#12572,#12579),.PCURVE_S1.);
#12567 = CIRCLE('',#12568,25.210790894703);
#12568 = AXIS2_PLACEMENT_3D('',#12569,#12570,#12571);
#12569 = CARTESIAN_POINT('',(0.,44.5,212.));
#12570 = DIRECTION('',(-0.,1.,1.110223024625E-16));
#12571 = DIRECTION('',(1.,0.,0.));
#12572 = PCURVE('',#1391,#12573);
#12573 = DEFINITIONAL_REPRESENTATION('',(#12574),#12578);
#12574 = LINE('',#12575,#12576);
#12575 = CARTESIAN_POINT('',(-0.,-7.));
#12576 = VECTOR('',#12577,1.);
#12577 = DIRECTION('',(-1.,0.));
#12578 = ( GEOMETRIC_REPRESENTATION_CONTEXT(2) 
PARAMETRIC_REPRESENTATION_CONTEXT() REPRESENTATION_CONTEXT('2D SPACE',''
  ) );
#12579 = PCURVE('',#5586,#12580);
#12580 = DEFINITIONAL_REPRESENTATION('',(#12581),#12585);
#12581 = CIRCLE('',#12582,25.210790894703);
#12582 = AXIS2_PLACEMENT_2D('',#12583,#12584);
#12583 = CARTESIAN_POINT('',(2.412172678695E-15,0.));
#12584 = DIRECTION('',(1.,0.));
#12585 = ( GEOMETRIC_REPRESENTATION_CONTEXT(2) 
PARAMETRIC_REPRESENTATION_CONTEXT() REPRESENTATION_CONTEXT('2D SPACE',''
  ) );
#12586 = ADVANCED_FACE('',(#12587),#1362,.F.);
#12587 = FACE_BOUND('',#12588,.T.);
#12588 = EDGE_LOOP('',(#12589,#12612,#12638,#12639));
#12589 = ORIENTED_EDGE('',*,*,#12590,.F.);
#12590 = EDGE_CURVE('',#12591,#1313,#12593,.T.);
#12591 = VERTEX_POINT('',#12592);
#12592 = CARTESIAN_POINT('',(15.263917542352,44.5,232.06481494549));
#12593 = SURFACE_CURVE('',#12594,(#12598,#12605),.PCURVE_S1.);
#12594 = LINE('',#12595,#12596);
#12595 = CARTESIAN_POINT('',(15.263917542352,37.5,232.06481494549));
#12596 = VECTOR('',#12597,1.);
#12597 = DIRECTION('',(-0.,-1.,-1.110223024625E-16));
#12598 = PCURVE('',#1362,#12599);
#12599 = DEFINITIONAL_REPRESENTATION('',(#12600),#12604);
#12600 = LINE('',#12601,#12602);
#12601 = CARTESIAN_POINT('',(-1.581803740447,-0.1));
#12602 = VECTOR('',#12603,1.);
#12603 = DIRECTION('',(-0.,1.));
#12604 = ( GEOMETRIC_REPRESENTATION_CONTEXT(2) 
PARAMETRIC_REPRESENTATION_CONTEXT() REPRESENTATION_CONTEXT('2D SPACE',''
  ) );
#12605 = PCURVE('',#1329,#12606);
#12606 = DEFINITIONAL_REPRESENTATION('',(#12607),#12611);
#12607 = LINE('',#12608,#12609);
#12608 = CARTESIAN_POINT('',(-5.362722338407,0.));
#12609 = VECTOR('',#12610,1.);
#12610 = DIRECTION('',(-0.,1.));
#12611 = ( GEOMETRIC_REPRESENTATION_CONTEXT(2) 
PARAMETRIC_REPRESENTATION_CONTEXT() REPRESENTATION_CONTEXT('2D SPACE',''
  ) );
#12612 = ORIENTED_EDGE('',*,*,#12613,.F.);
#12613 = EDGE_CURVE('',#12541,#12591,#12614,.T.);
#12614 = SURFACE_CURVE('',#12615,(#12620,#12627),.PCURVE_S1.);
#12615 = CIRCLE('',#12616,0.555);
#12616 = AXIS2_PLACEMENT_3D('',#12617,#12618,#12619);
#12617 = CARTESIAN_POINT('',(14.818531086536,44.5,232.39595827544));
#12618 = DIRECTION('',(0.,-1.,-1.110223024625E-16));
#12619 = DIRECTION('',(0.587785252292,-8.981892944681E-17,0.809016994375
    ));
#12620 = PCURVE('',#1362,#12621);
#12621 = DEFINITIONAL_REPRESENTATION('',(#12622),#12626);
#12622 = LINE('',#12623,#12624);
#12623 = CARTESIAN_POINT('',(-6.28318530718,-7.1));
#12624 = VECTOR('',#12625,1.);
#12625 = DIRECTION('',(1.,-0.));
#12626 = ( GEOMETRIC_REPRESENTATION_CONTEXT(2) 
PARAMETRIC_REPRESENTATION_CONTEXT() REPRESENTATION_CONTEXT('2D SPACE',''
  ) );
#12627 = PCURVE('',#5586,#12628);
#12628 = DEFINITIONAL_REPRESENTATION('',(#12629),#12637);
#12629 = ( BOUNDED_CURVE() B_SPLINE_CURVE(2,(#12630,#12631,#12632,#12633
    ,#12634,#12635,#12636),.UNSPECIFIED.,.T.,.F.) 
B_SPLINE_CURVE_WITH_KNOTS((1,2,2,2,2,1),(-2.094395102393,0.,
    2.094395102393,4.188790204786,6.28318530718,8.377580409573),
.UNSPECIFIED.) CURVE() GEOMETRIC_REPRESENTATION_ITEM() 
RATIONAL_B_SPLINE_CURVE((1.,0.5,1.,0.5,1.,0.5,1.)) REPRESENTATION_ITEM(
  '') );
#12630 = CARTESIAN_POINT('',(15.144751901558,-20.84496270732));
#12631 = CARTESIAN_POINT('',(14.367053412722,-21.40999373343));
#12632 = CARTESIAN_POINT('',(14.266571434607,-20.45397157256));
#12633 = CARTESIAN_POINT('',(14.166089456491,-19.49794941169));
#12634 = CARTESIAN_POINT('',(15.044269923443,-19.88894054645));
#12635 = CARTESIAN_POINT('',(15.922450390395,-20.27993168122));
#12636 = CARTESIAN_POINT('',(15.144751901558,-20.84496270732));
#12637 = ( GEOMETRIC_REPRESENTATION_CONTEXT(2) 
PARAMETRIC_REPRESENTATION_CONTEXT() REPRESENTATION_CONTEXT('2D SPACE',''
  ) );
#12638 = ORIENTED_EDGE('',*,*,#12540,.T.);
#12639 = ORIENTED_EDGE('',*,*,#1341,.T.);
#12640 = ADVANCED_FACE('',(#12641),#1329,.T.);
#12641 = FACE_BOUND('',#12642,.F.);
#12642 = EDGE_LOOP('',(#12643,#12666,#12667,#12668));
#12643 = ORIENTED_EDGE('',*,*,#12644,.T.);
#12644 = EDGE_CURVE('',#12645,#1280,#12647,.T.);
#12645 = VERTEX_POINT('',#12646);
#12646 = CARTESIAN_POINT('',(15.947131726799,44.5,231.52621231126));
#12647 = SURFACE_CURVE('',#12648,(#12652,#12659),.PCURVE_S1.);
#12648 = LINE('',#12649,#12650);
#12649 = CARTESIAN_POINT('',(15.947131726799,37.5,231.52621231126));
#12650 = VECTOR('',#12651,1.);
#12651 = DIRECTION('',(-0.,-1.,-1.110223024625E-16));
#12652 = PCURVE('',#1329,#12653);
#12653 = DEFINITIONAL_REPRESENTATION('',(#12654),#12658);
#12654 = LINE('',#12655,#12656);
#12655 = CARTESIAN_POINT('',(-5.397232500138,0.));
#12656 = VECTOR('',#12657,1.);
#12657 = DIRECTION('',(-0.,1.));
#12658 = ( GEOMETRIC_REPRESENTATION_CONTEXT(2) 
PARAMETRIC_REPRESENTATION_CONTEXT() REPRESENTATION_CONTEXT('2D SPACE',''
  ) );
#12659 = PCURVE('',#1300,#12660);
#12660 = DEFINITIONAL_REPRESENTATION('',(#12661),#12665);
#12661 = LINE('',#12662,#12663);
#12662 = CARTESIAN_POINT('',(-4.701381566733,-0.1));
#12663 = VECTOR('',#12664,1.);
#12664 = DIRECTION('',(-0.,1.));
#12665 = ( GEOMETRIC_REPRESENTATION_CONTEXT(2) 
PARAMETRIC_REPRESENTATION_CONTEXT() REPRESENTATION_CONTEXT('2D SPACE',''
  ) );
#12666 = ORIENTED_EDGE('',*,*,#1312,.F.);
#12667 = ORIENTED_EDGE('',*,*,#12590,.F.);
#12668 = ORIENTED_EDGE('',*,*,#12669,.T.);
#12669 = EDGE_CURVE('',#12591,#12645,#12670,.T.);
#12670 = SURFACE_CURVE('',#12671,(#12676,#12683),.PCURVE_S1.);
#12671 = CIRCLE('',#12672,25.210790894703);
#12672 = AXIS2_PLACEMENT_3D('',#12673,#12674,#12675);
#12673 = CARTESIAN_POINT('',(0.,44.5,212.));
#12674 = DIRECTION('',(-0.,1.,1.110223024625E-16));
#12675 = DIRECTION('',(1.,0.,0.));
#12676 = PCURVE('',#1329,#12677);
#12677 = DEFINITIONAL_REPRESENTATION('',(#12678),#12682);
#12678 = LINE('',#12679,#12680);
#12679 = CARTESIAN_POINT('',(-0.,-7.));
#12680 = VECTOR('',#12681,1.);
#12681 = DIRECTION('',(-1.,0.));
#12682 = ( GEOMETRIC_REPRESENTATION_CONTEXT(2) 
PARAMETRIC_REPRESENTATION_CONTEXT() REPRESENTATION_CONTEXT('2D SPACE',''
  ) );
#12683 = PCURVE('',#5586,#12684);
#12684 = DEFINITIONAL_REPRESENTATION('',(#12685),#12689);
#12685 = CIRCLE('',#12686,25.210790894703);
#12686 = AXIS2_PLACEMENT_2D('',#12687,#12688);
#12687 = CARTESIAN_POINT('',(2.412172678695E-15,0.));
#12688 = DIRECTION('',(1.,0.));
#12689 = ( GEOMETRIC_REPRESENTATION_CONTEXT(2) 
PARAMETRIC_REPRESENTATION_CONTEXT() REPRESENTATION_CONTEXT('2D SPACE',''
  ) );
#12690 = ADVANCED_FACE('',(#12691),#1300,.F.);
#12691 = FACE_BOUND('',#12692,.T.);
#12692 = EDGE_LOOP('',(#12693,#12716,#12742,#12743));
#12693 = ORIENTED_EDGE('',*,*,#12694,.F.);
#12694 = EDGE_CURVE('',#12695,#1251,#12697,.T.);
#12695 = VERTEX_POINT('',#12696);
#12696 = CARTESIAN_POINT('',(16.791131215213,44.5,230.80536864966));
#12697 = SURFACE_CURVE('',#12698,(#12702,#12709),.PCURVE_S1.);
#12698 = LINE('',#12699,#12700);
#12699 = CARTESIAN_POINT('',(16.791131215213,37.5,230.80536864966));
#12700 = VECTOR('',#12701,1.);
#12701 = DIRECTION('',(-0.,-1.,-1.110223024625E-16));
#12702 = PCURVE('',#1300,#12703);
#12703 = DEFINITIONAL_REPRESENTATION('',(#12704),#12708);
#12704 = LINE('',#12705,#12706);
#12705 = CARTESIAN_POINT('',(-1.581803740447,-0.1));
#12706 = VECTOR('',#12707,1.);
#12707 = DIRECTION('',(-0.,1.));
#12708 = ( GEOMETRIC_REPRESENTATION_CONTEXT(2) 
PARAMETRIC_REPRESENTATION_CONTEXT() REPRESENTATION_CONTEXT('2D SPACE',''
  ) );
#12709 = PCURVE('',#1267,#12710);
#12710 = DEFINITIONAL_REPRESENTATION('',(#12711),#12715);
#12711 = LINE('',#12712,#12713);
#12712 = CARTESIAN_POINT('',(-5.441262154747,0.));
#12713 = VECTOR('',#12714,1.);
#12714 = DIRECTION('',(-0.,1.));
#12715 = ( GEOMETRIC_REPRESENTATION_CONTEXT(2) 
PARAMETRIC_REPRESENTATION_CONTEXT() REPRESENTATION_CONTEXT('2D SPACE',''
  ) );
#12716 = ORIENTED_EDGE('',*,*,#12717,.F.);
#12717 = EDGE_CURVE('',#12645,#12695,#12718,.T.);
#12718 = SURFACE_CURVE('',#12719,(#12724,#12731),.PCURVE_S1.);
#12719 = CIRCLE('',#12720,0.555);
#12720 = AXIS2_PLACEMENT_3D('',#12721,#12722,#12723);
#12721 = CARTESIAN_POINT('',(16.373098943425,44.5,231.17043579382));
#12722 = DIRECTION('',(0.,-1.,-1.110223024625E-16));
#12723 = DIRECTION('',(0.64944804833,-8.442202110715E-17,0.7604059656));
#12724 = PCURVE('',#1300,#12725);
#12725 = DEFINITIONAL_REPRESENTATION('',(#12726),#12730);
#12726 = LINE('',#12727,#12728);
#12727 = CARTESIAN_POINT('',(-6.28318530718,-7.1));
#12728 = VECTOR('',#12729,1.);
#12729 = DIRECTION('',(1.,-0.));
#12730 = ( GEOMETRIC_REPRESENTATION_CONTEXT(2) 
PARAMETRIC_REPRESENTATION_CONTEXT() REPRESENTATION_CONTEXT('2D SPACE',''
  ) );
#12731 = PCURVE('',#5586,#12732);
#12732 = DEFINITIONAL_REPRESENTATION('',(#12733),#12741);
#12733 = ( BOUNDED_CURVE() B_SPLINE_CURVE(2,(#12734,#12735,#12736,#12737
    ,#12738,#12739,#12740),.UNSPECIFIED.,.T.,.F.) 
B_SPLINE_CURVE_WITH_KNOTS((1,2,2,2,2,1),(-2.094395102393,0.,
    2.094395102393,4.188790204786,6.28318530718,8.377580409573),
.UNSPECIFIED.) CURVE() GEOMETRIC_REPRESENTATION_ITEM() 
RATIONAL_B_SPLINE_CURVE((1.,0.5,1.,0.5,1.,0.5,1.)) REPRESENTATION_ITEM(
  '') );
#12734 = CARTESIAN_POINT('',(16.733542610249,-19.59246110473));
#12735 = CARTESIAN_POINT('',(16.002573329676,-20.21676784894));
#12736 = CARTESIAN_POINT('',(15.827392469727,-19.27157651047));
#12737 = CARTESIAN_POINT('',(15.652211609779,-18.32638517201));
#12738 = CARTESIAN_POINT('',(16.5583617503,-18.64726976627));
#12739 = CARTESIAN_POINT('',(17.464511890821,-18.96815436053));
#12740 = CARTESIAN_POINT('',(16.733542610249,-19.59246110473));
#12741 = ( GEOMETRIC_REPRESENTATION_CONTEXT(2) 
PARAMETRIC_REPRESENTATION_CONTEXT() REPRESENTATION_CONTEXT('2D SPACE',''
  ) );
#12742 = ORIENTED_EDGE('',*,*,#12644,.T.);
#12743 = ORIENTED_EDGE('',*,*,#1279,.T.);
#12744 = ADVANCED_FACE('',(#12745),#1267,.T.);
#12745 = FACE_BOUND('',#12746,.F.);
#12746 = EDGE_LOOP('',(#12747,#12770,#12771,#12772));
#12747 = ORIENTED_EDGE('',*,*,#12748,.T.);
#12748 = EDGE_CURVE('',#12749,#1218,#12751,.T.);
#12749 = VERTEX_POINT('',#12750);
#12750 = CARTESIAN_POINT('',(17.429981002703,44.5,230.21482198051));
#12751 = SURFACE_CURVE('',#12752,(#12756,#12763),.PCURVE_S1.);
#12752 = LINE('',#12753,#12754);
#12753 = CARTESIAN_POINT('',(17.429981002703,37.5,230.21482198051));
#12754 = VECTOR('',#12755,1.);
#12755 = DIRECTION('',(-0.,-1.,-1.110223024625E-16));
#12756 = PCURVE('',#1267,#12757);
#12757 = DEFINITIONAL_REPRESENTATION('',(#12758),#12762);
#12758 = LINE('',#12759,#12760);
#12759 = CARTESIAN_POINT('',(-5.475772316478,0.));
#12760 = VECTOR('',#12761,1.);
#12761 = DIRECTION('',(-0.,1.));
#12762 = ( GEOMETRIC_REPRESENTATION_CONTEXT(2) 
PARAMETRIC_REPRESENTATION_CONTEXT() REPRESENTATION_CONTEXT('2D SPACE',''
  ) );
#12763 = PCURVE('',#1238,#12764);
#12764 = DEFINITIONAL_REPRESENTATION('',(#12765),#12769);
#12765 = LINE('',#12766,#12767);
#12766 = CARTESIAN_POINT('',(-4.701381566733,-0.1));
#12767 = VECTOR('',#12768,1.);
#12768 = DIRECTION('',(-0.,1.));
#12769 = ( GEOMETRIC_REPRESENTATION_CONTEXT(2) 
PARAMETRIC_REPRESENTATION_CONTEXT() REPRESENTATION_CONTEXT('2D SPACE',''
  ) );
#12770 = ORIENTED_EDGE('',*,*,#1250,.F.);
#12771 = ORIENTED_EDGE('',*,*,#12694,.F.);
#12772 = ORIENTED_EDGE('',*,*,#12773,.T.);
#12773 = EDGE_CURVE('',#12695,#12749,#12774,.T.);
#12774 = SURFACE_CURVE('',#12775,(#12780,#12787),.PCURVE_S1.);
#12775 = CIRCLE('',#12776,25.210790894703);
#12776 = AXIS2_PLACEMENT_3D('',#12777,#12778,#12779);
#12777 = CARTESIAN_POINT('',(0.,44.5,212.));
#12778 = DIRECTION('',(-0.,1.,1.110223024625E-16));
#12779 = DIRECTION('',(1.,0.,0.));
#12780 = PCURVE('',#1267,#12781);
#12781 = DEFINITIONAL_REPRESENTATION('',(#12782),#12786);
#12782 = LINE('',#12783,#12784);
#12783 = CARTESIAN_POINT('',(-0.,-7.));
#12784 = VECTOR('',#12785,1.);
#12785 = DIRECTION('',(-1.,0.));
#12786 = ( GEOMETRIC_REPRESENTATION_CONTEXT(2) 
PARAMETRIC_REPRESENTATION_CONTEXT() REPRESENTATION_CONTEXT('2D SPACE',''
  ) );
#12787 = PCURVE('',#5586,#12788);
#12788 = DEFINITIONAL_REPRESENTATION('',(#12789),#12793);
#12789 = CIRCLE('',#12790,25.210790894703);
#12790 = AXIS2_PLACEMENT_2D('',#12791,#12792);
#12791 = CARTESIAN_POINT('',(2.412172678695E-15,0.));
#12792 = DIRECTION('',(1.,0.));
#12793 = ( GEOMETRIC_REPRESENTATION_CONTEXT(2) 
PARAMETRIC_REPRESENTATION_CONTEXT() REPRESENTATION_CONTEXT('2D SPACE',''
  ) );
#12794 = ADVANCED_FACE('',(#12795),#1238,.F.);
#12795 = FACE_BOUND('',#12796,.T.);
#12796 = EDGE_LOOP('',(#12797,#12820,#12846,#12847));
#12797 = ORIENTED_EDGE('',*,*,#12798,.F.);
#12798 = EDGE_CURVE('',#12799,#1189,#12801,.T.);
#12799 = VERTEX_POINT('',#12800);
#12800 = CARTESIAN_POINT('',(18.214821980515,44.5,229.4299810027));
#12801 = SURFACE_CURVE('',#12802,(#12806,#12813),.PCURVE_S1.);
#12802 = LINE('',#12803,#12804);
#12803 = CARTESIAN_POINT('',(18.214821980515,37.5,229.4299810027));
#12804 = VECTOR('',#12805,1.);
#12805 = DIRECTION('',(-0.,-1.,-1.110223024625E-16));
#12806 = PCURVE('',#1238,#12807);
#12807 = DEFINITIONAL_REPRESENTATION('',(#12808),#12812);
#12808 = LINE('',#12809,#12810);
#12809 = CARTESIAN_POINT('',(-1.581803740447,-0.1));
#12810 = VECTOR('',#12811,1.);
#12811 = DIRECTION('',(-0.,1.));
#12812 = ( GEOMETRIC_REPRESENTATION_CONTEXT(2) 
PARAMETRIC_REPRESENTATION_CONTEXT() REPRESENTATION_CONTEXT('2D SPACE',''
  ) );
#12813 = PCURVE('',#1205,#12814);
#12814 = DEFINITIONAL_REPRESENTATION('',(#12815),#12819);
#12815 = LINE('',#12816,#12817);
#12816 = CARTESIAN_POINT('',(-5.519801971086,0.));
#12817 = VECTOR('',#12818,1.);
#12818 = DIRECTION('',(-0.,1.));
#12819 = ( GEOMETRIC_REPRESENTATION_CONTEXT(2) 
PARAMETRIC_REPRESENTATION_CONTEXT() REPRESENTATION_CONTEXT('2D SPACE',''
  ) );
#12820 = ORIENTED_EDGE('',*,*,#12821,.F.);
#12821 = EDGE_CURVE('',#12749,#12799,#12822,.T.);
#12822 = SURFACE_CURVE('',#12823,(#12828,#12835),.PCURVE_S1.);
#12823 = CIRCLE('',#12824,0.555);
#12824 = AXIS2_PLACEMENT_3D('',#12825,#12826,#12827);
#12825 = CARTESIAN_POINT('',(17.826721200721,44.5,229.82672120072));
#12826 = DIRECTION('',(0.,-1.,-1.110223024625E-16));
#12827 = DIRECTION('',(0.707106781187,-7.850462293419E-17,0.707106781187
    ));
#12828 = PCURVE('',#1238,#12829);
#12829 = DEFINITIONAL_REPRESENTATION('',(#12830),#12834);
#12830 = LINE('',#12831,#12832);
#12831 = CARTESIAN_POINT('',(-6.28318530718,-7.1));
#12832 = VECTOR('',#12833,1.);
#12833 = DIRECTION('',(1.,-0.));
#12834 = ( GEOMETRIC_REPRESENTATION_CONTEXT(2) 
PARAMETRIC_REPRESENTATION_CONTEXT() REPRESENTATION_CONTEXT('2D SPACE',''
  ) );
#12835 = PCURVE('',#5586,#12836);
#12836 = DEFINITIONAL_REPRESENTATION('',(#12837),#12845);
#12837 = ( BOUNDED_CURVE() B_SPLINE_CURVE(2,(#12838,#12839,#12840,#12841
    ,#12842,#12843,#12844),.UNSPECIFIED.,.T.,.F.) 
B_SPLINE_CURVE_WITH_KNOTS((1,2,2,2,2,1),(-2.094395102393,0.,
    2.094395102393,4.188790204786,6.28318530718,8.377580409573),
.UNSPECIFIED.) CURVE() GEOMETRIC_REPRESENTATION_ITEM() 
RATIONAL_B_SPLINE_CURVE((1.,0.5,1.,0.5,1.,0.5,1.)) REPRESENTATION_ITEM(
  '') );
#12838 = CARTESIAN_POINT('',(18.219165464279,-18.21916546427));
#12839 = CARTESIAN_POINT('',(17.539432060657,-18.8988988679));
#12840 = CARTESIAN_POINT('',(17.29063236713,-17.97036577075));
#12841 = CARTESIAN_POINT('',(17.041832673604,-17.0418326736));
#12842 = CARTESIAN_POINT('',(17.970365770753,-17.29063236713));
#12843 = CARTESIAN_POINT('',(18.898898867902,-17.53943206065));
#12844 = CARTESIAN_POINT('',(18.219165464279,-18.21916546427));
#12845 = ( GEOMETRIC_REPRESENTATION_CONTEXT(2) 
PARAMETRIC_REPRESENTATION_CONTEXT() REPRESENTATION_CONTEXT('2D SPACE',''
  ) );
#12846 = ORIENTED_EDGE('',*,*,#12748,.T.);
#12847 = ORIENTED_EDGE('',*,*,#1217,.T.);
#12848 = ADVANCED_FACE('',(#12849),#1205,.T.);
#12849 = FACE_BOUND('',#12850,.F.);
#12850 = EDGE_LOOP('',(#12851,#12874,#12875,#12876));
#12851 = ORIENTED_EDGE('',*,*,#12852,.T.);
#12852 = EDGE_CURVE('',#12853,#1156,#12855,.T.);
#12853 = VERTEX_POINT('',#12854);
#12854 = CARTESIAN_POINT('',(18.805368649669,44.5,228.79113121521));
#12855 = SURFACE_CURVE('',#12856,(#12860,#12867),.PCURVE_S1.);
#12856 = LINE('',#12857,#12858);
#12857 = CARTESIAN_POINT('',(18.805368649669,37.5,228.79113121521));
#12858 = VECTOR('',#12859,1.);
#12859 = DIRECTION('',(-0.,-1.,-1.110223024625E-16));
#12860 = PCURVE('',#1205,#12861);
#12861 = DEFINITIONAL_REPRESENTATION('',(#12862),#12866);
#12862 = LINE('',#12863,#12864);
#12863 = CARTESIAN_POINT('',(-5.554312132818,0.));
#12864 = VECTOR('',#12865,1.);
#12865 = DIRECTION('',(-0.,1.));
#12866 = ( GEOMETRIC_REPRESENTATION_CONTEXT(2) 
PARAMETRIC_REPRESENTATION_CONTEXT() REPRESENTATION_CONTEXT('2D SPACE',''
  ) );
#12867 = PCURVE('',#1176,#12868);
#12868 = DEFINITIONAL_REPRESENTATION('',(#12869),#12873);
#12869 = LINE('',#12870,#12871);
#12870 = CARTESIAN_POINT('',(-4.701381566733,-0.1));
#12871 = VECTOR('',#12872,1.);
#12872 = DIRECTION('',(-0.,1.));
#12873 = ( GEOMETRIC_REPRESENTATION_CONTEXT(2) 
PARAMETRIC_REPRESENTATION_CONTEXT() REPRESENTATION_CONTEXT('2D SPACE',''
  ) );
#12874 = ORIENTED_EDGE('',*,*,#1188,.F.);
#12875 = ORIENTED_EDGE('',*,*,#12798,.F.);
#12876 = ORIENTED_EDGE('',*,*,#12877,.T.);
#12877 = EDGE_CURVE('',#12799,#12853,#12878,.T.);
#12878 = SURFACE_CURVE('',#12879,(#12884,#12891),.PCURVE_S1.);
#12879 = CIRCLE('',#12880,25.210790894703);
#12880 = AXIS2_PLACEMENT_3D('',#12881,#12882,#12883);
#12881 = CARTESIAN_POINT('',(0.,44.5,212.));
#12882 = DIRECTION('',(-0.,1.,1.110223024625E-16));
#12883 = DIRECTION('',(1.,0.,0.));
#12884 = PCURVE('',#1205,#12885);
#12885 = DEFINITIONAL_REPRESENTATION('',(#12886),#12890);
#12886 = LINE('',#12887,#12888);
#12887 = CARTESIAN_POINT('',(-0.,-7.));
#12888 = VECTOR('',#12889,1.);
#12889 = DIRECTION('',(-1.,0.));
#12890 = ( GEOMETRIC_REPRESENTATION_CONTEXT(2) 
PARAMETRIC_REPRESENTATION_CONTEXT() REPRESENTATION_CONTEXT('2D SPACE',''
  ) );
#12891 = PCURVE('',#5586,#12892);
#12892 = DEFINITIONAL_REPRESENTATION('',(#12893),#12897);
#12893 = CIRCLE('',#12894,25.210790894703);
#12894 = AXIS2_PLACEMENT_2D('',#12895,#12896);
#12895 = CARTESIAN_POINT('',(2.412172678695E-15,0.));
#12896 = DIRECTION('',(1.,0.));
#12897 = ( GEOMETRIC_REPRESENTATION_CONTEXT(2) 
PARAMETRIC_REPRESENTATION_CONTEXT() REPRESENTATION_CONTEXT('2D SPACE',''
  ) );
#12898 = ADVANCED_FACE('',(#12899),#1176,.F.);
#12899 = FACE_BOUND('',#12900,.T.);
#12900 = EDGE_LOOP('',(#12901,#12924,#12950,#12951));
#12901 = ORIENTED_EDGE('',*,*,#12902,.F.);
#12902 = EDGE_CURVE('',#12903,#1127,#12905,.T.);
#12903 = VERTEX_POINT('',#12904);
#12904 = CARTESIAN_POINT('',(19.526212311264,44.5,227.94713172679));
#12905 = SURFACE_CURVE('',#12906,(#12910,#12917),.PCURVE_S1.);
#12906 = LINE('',#12907,#12908);
#12907 = CARTESIAN_POINT('',(19.526212311265,37.5,227.94713172679));
#12908 = VECTOR('',#12909,1.);
#12909 = DIRECTION('',(-0.,-1.,-1.110223024625E-16));
#12910 = PCURVE('',#1176,#12911);
#12911 = DEFINITIONAL_REPRESENTATION('',(#12912),#12916);
#12912 = LINE('',#12913,#12914);
#12913 = CARTESIAN_POINT('',(-1.581803740447,-0.1));
#12914 = VECTOR('',#12915,1.);
#12915 = DIRECTION('',(-0.,1.));
#12916 = ( GEOMETRIC_REPRESENTATION_CONTEXT(2) 
PARAMETRIC_REPRESENTATION_CONTEXT() REPRESENTATION_CONTEXT('2D SPACE',''
  ) );
#12917 = PCURVE('',#1143,#12918);
#12918 = DEFINITIONAL_REPRESENTATION('',(#12919),#12923);
#12919 = LINE('',#12920,#12921);
#12920 = CARTESIAN_POINT('',(-5.598341787426,0.));
#12921 = VECTOR('',#12922,1.);
#12922 = DIRECTION('',(-0.,1.));
#12923 = ( GEOMETRIC_REPRESENTATION_CONTEXT(2) 
PARAMETRIC_REPRESENTATION_CONTEXT() REPRESENTATION_CONTEXT('2D SPACE',''
  ) );
#12924 = ORIENTED_EDGE('',*,*,#12925,.F.);
#12925 = EDGE_CURVE('',#12853,#12903,#12926,.T.);
#12926 = SURFACE_CURVE('',#12927,(#12932,#12939),.PCURVE_S1.);
#12927 = CIRCLE('',#12928,0.555);
#12928 = AXIS2_PLACEMENT_3D('',#12929,#12930,#12931);
#12929 = CARTESIAN_POINT('',(19.170435793827,44.5,228.37309894342));
#12930 = DIRECTION('',(0.,-1.,-1.110223024625E-16));
#12931 = DIRECTION('',(0.7604059656,-7.21032176554E-17,0.64944804833));
#12932 = PCURVE('',#1176,#12933);
#12933 = DEFINITIONAL_REPRESENTATION('',(#12934),#12938);
#12934 = LINE('',#12935,#12936);
#12935 = CARTESIAN_POINT('',(-6.28318530718,-7.1));
#12936 = VECTOR('',#12937,1.);
#12937 = DIRECTION('',(1.,-0.));
#12938 = ( GEOMETRIC_REPRESENTATION_CONTEXT(2) 
PARAMETRIC_REPRESENTATION_CONTEXT() REPRESENTATION_CONTEXT('2D SPACE',''
  ) );
#12939 = PCURVE('',#5586,#12940);
#12940 = DEFINITIONAL_REPRESENTATION('',(#12941),#12949);
#12941 = ( BOUNDED_CURVE() B_SPLINE_CURVE(2,(#12942,#12943,#12944,#12945
    ,#12946,#12947,#12948),.UNSPECIFIED.,.T.,.F.) 
B_SPLINE_CURVE_WITH_KNOTS((1,2,2,2,2,1),(-2.094395102393,0.,
    2.094395102393,4.188790204786,6.28318530718,8.377580409573),
.UNSPECIFIED.) CURVE() GEOMETRIC_REPRESENTATION_ITEM() 
RATIONAL_B_SPLINE_CURVE((1.,0.5,1.,0.5,1.,0.5,1.)) REPRESENTATION_ITEM(
  '') );
#12942 = CARTESIAN_POINT('',(19.592461104735,-16.73354261024));
#12943 = CARTESIAN_POINT('',(18.968154360531,-17.46451189082));
#12944 = CARTESIAN_POINT('',(18.647269766271,-16.5583617503));
#12945 = CARTESIAN_POINT('',(18.326385172011,-15.65221160977));
#12946 = CARTESIAN_POINT('',(19.271576510475,-15.82739246972));
#12947 = CARTESIAN_POINT('',(20.21676784894,-16.00257332967));
#12948 = CARTESIAN_POINT('',(19.592461104735,-16.73354261024));
#12949 = ( GEOMETRIC_REPRESENTATION_CONTEXT(2) 
PARAMETRIC_REPRESENTATION_CONTEXT() REPRESENTATION_CONTEXT('2D SPACE',''
  ) );
#12950 = ORIENTED_EDGE('',*,*,#12852,.T.);
#12951 = ORIENTED_EDGE('',*,*,#1155,.T.);
#12952 = ADVANCED_FACE('',(#12953),#1143,.T.);
#12953 = FACE_BOUND('',#12954,.F.);
#12954 = EDGE_LOOP('',(#12955,#12978,#12979,#12980));
#12955 = ORIENTED_EDGE('',*,*,#12956,.T.);
#12956 = EDGE_CURVE('',#12957,#1094,#12959,.T.);
#12957 = VERTEX_POINT('',#12958);
#12958 = CARTESIAN_POINT('',(20.06481494549,44.5,227.26391754235));
#12959 = SURFACE_CURVE('',#12960,(#12964,#12971),.PCURVE_S1.);
#12960 = LINE('',#12961,#12962);
#12961 = CARTESIAN_POINT('',(20.06481494549,37.5,227.26391754235));
#12962 = VECTOR('',#12963,1.);
#12963 = DIRECTION('',(-0.,-1.,-1.110223024625E-16));
#12964 = PCURVE('',#1143,#12965);
#12965 = DEFINITIONAL_REPRESENTATION('',(#12966),#12970);
#12966 = LINE('',#12967,#12968);
#12967 = CARTESIAN_POINT('',(-5.632851949157,0.));
#12968 = VECTOR('',#12969,1.);
#12969 = DIRECTION('',(-0.,1.));
#12970 = ( GEOMETRIC_REPRESENTATION_CONTEXT(2) 
PARAMETRIC_REPRESENTATION_CONTEXT() REPRESENTATION_CONTEXT('2D SPACE',''
  ) );
#12971 = PCURVE('',#1114,#12972);
#12972 = DEFINITIONAL_REPRESENTATION('',(#12973),#12977);
#12973 = LINE('',#12974,#12975);
#12974 = CARTESIAN_POINT('',(-4.701381566733,-0.1));
#12975 = VECTOR('',#12976,1.);
#12976 = DIRECTION('',(-0.,1.));
#12977 = ( GEOMETRIC_REPRESENTATION_CONTEXT(2) 
PARAMETRIC_REPRESENTATION_CONTEXT() REPRESENTATION_CONTEXT('2D SPACE',''
  ) );
#12978 = ORIENTED_EDGE('',*,*,#1126,.F.);
#12979 = ORIENTED_EDGE('',*,*,#12902,.F.);
#12980 = ORIENTED_EDGE('',*,*,#12981,.T.);
#12981 = EDGE_CURVE('',#12903,#12957,#12982,.T.);
#12982 = SURFACE_CURVE('',#12983,(#12988,#12995),.PCURVE_S1.);
#12983 = CIRCLE('',#12984,25.210790894703);
#12984 = AXIS2_PLACEMENT_3D('',#12985,#12986,#12987);
#12985 = CARTESIAN_POINT('',(0.,44.5,212.));
#12986 = DIRECTION('',(-0.,1.,1.110223024625E-16));
#12987 = DIRECTION('',(1.,0.,0.));
#12988 = PCURVE('',#1143,#12989);
#12989 = DEFINITIONAL_REPRESENTATION('',(#12990),#12994);
#12990 = LINE('',#12991,#12992);
#12991 = CARTESIAN_POINT('',(-0.,-7.));
#12992 = VECTOR('',#12993,1.);
#12993 = DIRECTION('',(-1.,0.));
#12994 = ( GEOMETRIC_REPRESENTATION_CONTEXT(2) 
PARAMETRIC_REPRESENTATION_CONTEXT() REPRESENTATION_CONTEXT('2D SPACE',''
  ) );
#12995 = PCURVE('',#5586,#12996);
#12996 = DEFINITIONAL_REPRESENTATION('',(#12997),#13001);
#12997 = CIRCLE('',#12998,25.210790894703);
#12998 = AXIS2_PLACEMENT_2D('',#12999,#13000);
#12999 = CARTESIAN_POINT('',(2.412172678695E-15,0.));
#13000 = DIRECTION('',(1.,0.));
#13001 = ( GEOMETRIC_REPRESENTATION_CONTEXT(2) 
PARAMETRIC_REPRESENTATION_CONTEXT() REPRESENTATION_CONTEXT('2D SPACE',''
  ) );
#13002 = ADVANCED_FACE('',(#13003),#1114,.F.);
#13003 = FACE_BOUND('',#13004,.T.);
#13004 = EDGE_LOOP('',(#13005,#13028,#13054,#13055));
#13005 = ORIENTED_EDGE('',*,*,#13006,.F.);
#13006 = EDGE_CURVE('',#13007,#1065,#13009,.T.);
#13007 = VERTEX_POINT('',#13008);
#13008 = CARTESIAN_POINT('',(20.71721704999,44.5,226.36596308084));
#13009 = SURFACE_CURVE('',#13010,(#13014,#13021),.PCURVE_S1.);
#13010 = LINE('',#13011,#13012);
#13011 = CARTESIAN_POINT('',(20.71721704999,37.5,226.36596308084));
#13012 = VECTOR('',#13013,1.);
#13013 = DIRECTION('',(-0.,-1.,-1.110223024625E-16));
#13014 = PCURVE('',#1114,#13015);
#13015 = DEFINITIONAL_REPRESENTATION('',(#13016),#13020);
#13016 = LINE('',#13017,#13018);
#13017 = CARTESIAN_POINT('',(-1.581803740447,-0.1));
#13018 = VECTOR('',#13019,1.);
#13019 = DIRECTION('',(-0.,1.));
#13020 = ( GEOMETRIC_REPRESENTATION_CONTEXT(2) 
PARAMETRIC_REPRESENTATION_CONTEXT() REPRESENTATION_CONTEXT('2D SPACE',''
  ) );
#13021 = PCURVE('',#1081,#13022);
#13022 = DEFINITIONAL_REPRESENTATION('',(#13023),#13027);
#13023 = LINE('',#13024,#13025);
#13024 = CARTESIAN_POINT('',(-5.676881603766,0.));
#13025 = VECTOR('',#13026,1.);
#13026 = DIRECTION('',(-0.,1.));
#13027 = ( GEOMETRIC_REPRESENTATION_CONTEXT(2) 
PARAMETRIC_REPRESENTATION_CONTEXT() REPRESENTATION_CONTEXT('2D SPACE',''
  ) );
#13028 = ORIENTED_EDGE('',*,*,#13029,.F.);
#13029 = EDGE_CURVE('',#12957,#13007,#13030,.T.);
#13030 = SURFACE_CURVE('',#13031,(#13036,#13043),.PCURVE_S1.);
#13031 = CIRCLE('',#13032,0.555);
#13032 = AXIS2_PLACEMENT_3D('',#13033,#13034,#13035);
#13033 = CARTESIAN_POINT('',(20.395958275448,44.5,226.81853108653));
#13034 = DIRECTION('',(0.,-1.,-1.110223024625E-16));
#13035 = DIRECTION('',(0.809016994375,-6.525727206302E-17,0.587785252292
    ));
#13036 = PCURVE('',#1114,#13037);
#13037 = DEFINITIONAL_REPRESENTATION('',(#13038),#13042);
#13038 = LINE('',#13039,#13040);
#13039 = CARTESIAN_POINT('',(-6.28318530718,-7.1));
#13040 = VECTOR('',#13041,1.);
#13041 = DIRECTION('',(1.,-0.));
#13042 = ( GEOMETRIC_REPRESENTATION_CONTEXT(2) 
PARAMETRIC_REPRESENTATION_CONTEXT() REPRESENTATION_CONTEXT('2D SPACE',''
  ) );
#13043 = PCURVE('',#5586,#13044);
#13044 = DEFINITIONAL_REPRESENTATION('',(#13045),#13053);
#13045 = ( BOUNDED_CURVE() B_SPLINE_CURVE(2,(#13046,#13047,#13048,#13049
    ,#13050,#13051,#13052),.UNSPECIFIED.,.T.,.F.) 
B_SPLINE_CURVE_WITH_KNOTS((1,2,2,2,2,1),(-2.094395102393,0.,
    2.094395102393,4.188790204786,6.28318530718,8.377580409573),
.UNSPECIFIED.) CURVE() GEOMETRIC_REPRESENTATION_ITEM() 
RATIONAL_B_SPLINE_CURVE((1.,0.5,1.,0.5,1.,0.5,1.)) REPRESENTATION_ITEM(
  '') );
#13046 = CARTESIAN_POINT('',(20.844962707326,-15.14475190155));
#13047 = CARTESIAN_POINT('',(20.279931681221,-15.92245039039));
#13048 = CARTESIAN_POINT('',(19.888940546456,-15.04426992344));
#13049 = CARTESIAN_POINT('',(19.497949411692,-14.16608945649));
#13050 = CARTESIAN_POINT('',(20.453971572562,-14.2665714346));
#13051 = CARTESIAN_POINT('',(21.409993733431,-14.36705341272));
#13052 = CARTESIAN_POINT('',(20.844962707326,-15.14475190155));
#13053 = ( GEOMETRIC_REPRESENTATION_CONTEXT(2) 
PARAMETRIC_REPRESENTATION_CONTEXT() REPRESENTATION_CONTEXT('2D SPACE',''
  ) );
#13054 = ORIENTED_EDGE('',*,*,#12956,.T.);
#13055 = ORIENTED_EDGE('',*,*,#1093,.T.);
#13056 = ADVANCED_FACE('',(#13057),#1081,.T.);
#13057 = FACE_BOUND('',#13058,.F.);
#13058 = EDGE_LOOP('',(#13059,#13082,#13083,#13084));
#13059 = ORIENTED_EDGE('',*,*,#13060,.T.);
#13060 = EDGE_CURVE('',#13061,#1032,#13063,.T.);
#13061 = VERTEX_POINT('',#13062);
#13062 = CARTESIAN_POINT('',(21.200554984943,44.5,225.64259674207));
#13063 = SURFACE_CURVE('',#13064,(#13068,#13075),.PCURVE_S1.);
#13064 = LINE('',#13065,#13066);
#13065 = CARTESIAN_POINT('',(21.200554984943,37.5,225.64259674207));
#13066 = VECTOR('',#13067,1.);
#13067 = DIRECTION('',(-0.,-1.,-1.110223024625E-16));
#13068 = PCURVE('',#1081,#13069);
#13069 = DEFINITIONAL_REPRESENTATION('',(#13070),#13074);
#13070 = LINE('',#13071,#13072);
#13071 = CARTESIAN_POINT('',(-5.711391765497,0.));
#13072 = VECTOR('',#13073,1.);
#13073 = DIRECTION('',(-0.,1.));
#13074 = ( GEOMETRIC_REPRESENTATION_CONTEXT(2) 
PARAMETRIC_REPRESENTATION_CONTEXT() REPRESENTATION_CONTEXT('2D SPACE',''
  ) );
#13075 = PCURVE('',#1052,#13076);
#13076 = DEFINITIONAL_REPRESENTATION('',(#13077),#13081);
#13077 = LINE('',#13078,#13079);
#13078 = CARTESIAN_POINT('',(-4.701381566733,-0.1));
#13079 = VECTOR('',#13080,1.);
#13080 = DIRECTION('',(-0.,1.));
#13081 = ( GEOMETRIC_REPRESENTATION_CONTEXT(2) 
PARAMETRIC_REPRESENTATION_CONTEXT() REPRESENTATION_CONTEXT('2D SPACE',''
  ) );
#13082 = ORIENTED_EDGE('',*,*,#1064,.F.);
#13083 = ORIENTED_EDGE('',*,*,#13006,.F.);
#13084 = ORIENTED_EDGE('',*,*,#13085,.T.);
#13085 = EDGE_CURVE('',#13007,#13061,#13086,.T.);
#13086 = SURFACE_CURVE('',#13087,(#13092,#13099),.PCURVE_S1.);
#13087 = CIRCLE('',#13088,25.210790894703);
#13088 = AXIS2_PLACEMENT_3D('',#13089,#13090,#13091);
#13089 = CARTESIAN_POINT('',(0.,44.5,212.));
#13090 = DIRECTION('',(-0.,1.,1.110223024625E-16));
#13091 = DIRECTION('',(1.,0.,0.));
#13092 = PCURVE('',#1081,#13093);
#13093 = DEFINITIONAL_REPRESENTATION('',(#13094),#13098);
#13094 = LINE('',#13095,#13096);
#13095 = CARTESIAN_POINT('',(-0.,-7.));
#13096 = VECTOR('',#13097,1.);
#13097 = DIRECTION('',(-1.,0.));
#13098 = ( GEOMETRIC_REPRESENTATION_CONTEXT(2) 
PARAMETRIC_REPRESENTATION_CONTEXT() REPRESENTATION_CONTEXT('2D SPACE',''
  ) );
#13099 = PCURVE('',#5586,#13100);
#13100 = DEFINITIONAL_REPRESENTATION('',(#13101),#13105);
#13101 = CIRCLE('',#13102,25.210790894703);
#13102 = AXIS2_PLACEMENT_2D('',#13103,#13104);
#13103 = CARTESIAN_POINT('',(2.412172678695E-15,0.));
#13104 = DIRECTION('',(1.,0.));
#13105 = ( GEOMETRIC_REPRESENTATION_CONTEXT(2) 
PARAMETRIC_REPRESENTATION_CONTEXT() REPRESENTATION_CONTEXT('2D SPACE',''
  ) );
#13106 = ADVANCED_FACE('',(#13107),#1052,.F.);
#13107 = FACE_BOUND('',#13108,.T.);
#13108 = EDGE_LOOP('',(#13109,#13132,#13158,#13159));
#13109 = ORIENTED_EDGE('',*,*,#13110,.F.);
#13110 = EDGE_CURVE('',#13111,#1003,#13113,.T.);
#13111 = VERTEX_POINT('',#13112);
#13112 = CARTESIAN_POINT('',(21.780493256429,44.5,224.69622349531));
#13113 = SURFACE_CURVE('',#13114,(#13118,#13125),.PCURVE_S1.);
#13114 = LINE('',#13115,#13116);
#13115 = CARTESIAN_POINT('',(21.780493256429,37.5,224.69622349532));
#13116 = VECTOR('',#13117,1.);
#13117 = DIRECTION('',(-0.,-1.,-1.110223024625E-16));
#13118 = PCURVE('',#1052,#13119);
#13119 = DEFINITIONAL_REPRESENTATION('',(#13120),#13124);
#13120 = LINE('',#13121,#13122);
#13121 = CARTESIAN_POINT('',(-1.581803740447,-0.1));
#13122 = VECTOR('',#13123,1.);
#13123 = DIRECTION('',(-0.,1.));
#13124 = ( GEOMETRIC_REPRESENTATION_CONTEXT(2) 
PARAMETRIC_REPRESENTATION_CONTEXT() REPRESENTATION_CONTEXT('2D SPACE',''
  ) );
#13125 = PCURVE('',#1019,#13126);
#13126 = DEFINITIONAL_REPRESENTATION('',(#13127),#13131);
#13127 = LINE('',#13128,#13129);
#13128 = CARTESIAN_POINT('',(-5.755421420106,0.));
#13129 = VECTOR('',#13130,1.);
#13130 = DIRECTION('',(-0.,1.));
#13131 = ( GEOMETRIC_REPRESENTATION_CONTEXT(2) 
PARAMETRIC_REPRESENTATION_CONTEXT() REPRESENTATION_CONTEXT('2D SPACE',''
  ) );
#13132 = ORIENTED_EDGE('',*,*,#13133,.F.);
#13133 = EDGE_CURVE('',#13061,#13111,#13134,.T.);
#13134 = SURFACE_CURVE('',#13135,(#13140,#13147),.PCURVE_S1.);
#13135 = CIRCLE('',#13136,0.555);
#13136 = AXIS2_PLACEMENT_3D('',#13137,#13138,#13139);
#13137 = CARTESIAN_POINT('',(21.495732891956,44.5,225.17260205783));
#13138 = DIRECTION('',(0.,-1.,-1.110223024625E-16));
#13139 = DIRECTION('',(0.852640164354,-5.800899368812E-17,0.522498564716
    ));
#13140 = PCURVE('',#1052,#13141);
#13141 = DEFINITIONAL_REPRESENTATION('',(#13142),#13146);
#13142 = LINE('',#13143,#13144);
#13143 = CARTESIAN_POINT('',(-6.28318530718,-7.1));
#13144 = VECTOR('',#13145,1.);
#13145 = DIRECTION('',(1.,-0.));
#13146 = ( GEOMETRIC_REPRESENTATION_CONTEXT(2) 
PARAMETRIC_REPRESENTATION_CONTEXT() REPRESENTATION_CONTEXT('2D SPACE',''
  ) );
#13147 = PCURVE('',#5586,#13148);
#13148 = DEFINITIONAL_REPRESENTATION('',(#13149),#13157);
#13149 = ( BOUNDED_CURVE() B_SPLINE_CURVE(2,(#13150,#13151,#13152,#13153
    ,#13154,#13155,#13156),.UNSPECIFIED.,.T.,.F.) 
B_SPLINE_CURVE_WITH_KNOTS((1,2,2,2,2,1),(-2.094395102393,0.,
    2.094395102393,4.188790204786,6.28318530718,8.377580409573),
.UNSPECIFIED.) CURVE() GEOMETRIC_REPRESENTATION_ITEM() 
RATIONAL_B_SPLINE_CURVE((1.,0.5,1.,0.5,1.,0.5,1.)) REPRESENTATION_ITEM(
  '') );
#13150 = CARTESIAN_POINT('',(21.968948183173,-13.46258876125));
#13151 = CARTESIAN_POINT('',(21.466676479335,-14.28222168855));
#13152 = CARTESIAN_POINT('',(21.007989394429,-13.43742516978));
#13153 = CARTESIAN_POINT('',(20.549302309523,-12.592628651));
#13154 = CARTESIAN_POINT('',(21.510261098267,-12.61779224247));
#13155 = CARTESIAN_POINT('',(22.471219887011,-12.64295583394));
#13156 = CARTESIAN_POINT('',(21.968948183173,-13.46258876125));
#13157 = ( GEOMETRIC_REPRESENTATION_CONTEXT(2) 
PARAMETRIC_REPRESENTATION_CONTEXT() REPRESENTATION_CONTEXT('2D SPACE',''
  ) );
#13158 = ORIENTED_EDGE('',*,*,#13060,.T.);
#13159 = ORIENTED_EDGE('',*,*,#1031,.T.);
#13160 = ADVANCED_FACE('',(#13161),#1019,.T.);
#13161 = FACE_BOUND('',#13162,.F.);
#13162 = EDGE_LOOP('',(#13163,#13186,#13187,#13188));
#13163 = ORIENTED_EDGE('',*,*,#13164,.T.);
#13164 = EDGE_CURVE('',#13165,#970,#13167,.T.);
#13165 = VERTEX_POINT('',#13166);
#13166 = CARTESIAN_POINT('',(22.205586553015,44.5,223.93716479625));
#13167 = SURFACE_CURVE('',#13168,(#13172,#13179),.PCURVE_S1.);
#13168 = LINE('',#13169,#13170);
#13169 = CARTESIAN_POINT('',(22.205586553015,37.5,223.93716479625));
#13170 = VECTOR('',#13171,1.);
#13171 = DIRECTION('',(-0.,-1.,-1.110223024625E-16));
#13172 = PCURVE('',#1019,#13173);
#13173 = DEFINITIONAL_REPRESENTATION('',(#13174),#13178);
#13174 = LINE('',#13175,#13176);
#13175 = CARTESIAN_POINT('',(-5.789931581837,0.));
#13176 = VECTOR('',#13177,1.);
#13177 = DIRECTION('',(-0.,1.));
#13178 = ( GEOMETRIC_REPRESENTATION_CONTEXT(2) 
PARAMETRIC_REPRESENTATION_CONTEXT() REPRESENTATION_CONTEXT('2D SPACE',''
  ) );
#13179 = PCURVE('',#990,#13180);
#13180 = DEFINITIONAL_REPRESENTATION('',(#13181),#13185);
#13181 = LINE('',#13182,#13183);
#13182 = CARTESIAN_POINT('',(-4.701381566733,-0.1));
#13183 = VECTOR('',#13184,1.);
#13184 = DIRECTION('',(-0.,1.));
#13185 = ( GEOMETRIC_REPRESENTATION_CONTEXT(2) 
PARAMETRIC_REPRESENTATION_CONTEXT() REPRESENTATION_CONTEXT('2D SPACE',''
  ) );
#13186 = ORIENTED_EDGE('',*,*,#1002,.F.);
#13187 = ORIENTED_EDGE('',*,*,#13110,.F.);
#13188 = ORIENTED_EDGE('',*,*,#13189,.T.);
#13189 = EDGE_CURVE('',#13111,#13165,#13190,.T.);
#13190 = SURFACE_CURVE('',#13191,(#13196,#13203),.PCURVE_S1.);
#13191 = CIRCLE('',#13192,25.210790894703);
#13192 = AXIS2_PLACEMENT_3D('',#13193,#13194,#13195);
#13193 = CARTESIAN_POINT('',(0.,44.5,212.));
#13194 = DIRECTION('',(-0.,1.,1.110223024625E-16));
#13195 = DIRECTION('',(1.,0.,0.));
#13196 = PCURVE('',#1019,#13197);
#13197 = DEFINITIONAL_REPRESENTATION('',(#13198),#13202);
#13198 = LINE('',#13199,#13200);
#13199 = CARTESIAN_POINT('',(-0.,-7.));
#13200 = VECTOR('',#13201,1.);
#13201 = DIRECTION('',(-1.,0.));
#13202 = ( GEOMETRIC_REPRESENTATION_CONTEXT(2) 
PARAMETRIC_REPRESENTATION_CONTEXT() REPRESENTATION_CONTEXT('2D SPACE',''
  ) );
#13203 = PCURVE('',#5586,#13204);
#13204 = DEFINITIONAL_REPRESENTATION('',(#13205),#13209);
#13205 = CIRCLE('',#13206,25.210790894703);
#13206 = AXIS2_PLACEMENT_2D('',#13207,#13208);
#13207 = CARTESIAN_POINT('',(2.412172678695E-15,0.));
#13208 = DIRECTION('',(1.,0.));
#13209 = ( GEOMETRIC_REPRESENTATION_CONTEXT(2) 
PARAMETRIC_REPRESENTATION_CONTEXT() REPRESENTATION_CONTEXT('2D SPACE',''
  ) );
#13210 = ADVANCED_FACE('',(#13211),#990,.F.);
#13211 = FACE_BOUND('',#13212,.T.);
#13212 = EDGE_LOOP('',(#13213,#13236,#13262,#13263));
#13213 = ORIENTED_EDGE('',*,*,#13214,.F.);
#13214 = EDGE_CURVE('',#13215,#941,#13217,.T.);
#13215 = VERTEX_POINT('',#13216);
#13216 = CARTESIAN_POINT('',(22.709485479193,44.5,222.94820747002));
#13217 = SURFACE_CURVE('',#13218,(#13222,#13229),.PCURVE_S1.);
#13218 = LINE('',#13219,#13220);
#13219 = CARTESIAN_POINT('',(22.709485479193,37.5,222.94820747002));
#13220 = VECTOR('',#13221,1.);
#13221 = DIRECTION('',(-0.,-1.,-1.110223024625E-16));
#13222 = PCURVE('',#990,#13223);
#13223 = DEFINITIONAL_REPRESENTATION('',(#13224),#13228);
#13224 = LINE('',#13225,#13226);
#13225 = CARTESIAN_POINT('',(-1.581803740447,-0.1));
#13226 = VECTOR('',#13227,1.);
#13227 = DIRECTION('',(-0.,1.));
#13228 = ( GEOMETRIC_REPRESENTATION_CONTEXT(2) 
PARAMETRIC_REPRESENTATION_CONTEXT() REPRESENTATION_CONTEXT('2D SPACE',''
  ) );
#13229 = PCURVE('',#957,#13230);
#13230 = DEFINITIONAL_REPRESENTATION('',(#13231),#13235);
#13231 = LINE('',#13232,#13233);
#13232 = CARTESIAN_POINT('',(-5.833961236445,0.));
#13233 = VECTOR('',#13234,1.);
#13234 = DIRECTION('',(-0.,1.));
#13235 = ( GEOMETRIC_REPRESENTATION_CONTEXT(2) 
PARAMETRIC_REPRESENTATION_CONTEXT() REPRESENTATION_CONTEXT('2D SPACE',''
  ) );
#13236 = ORIENTED_EDGE('',*,*,#13237,.F.);
#13237 = EDGE_CURVE('',#13165,#13215,#13238,.T.);
#13238 = SURFACE_CURVE('',#13239,(#13244,#13251),.PCURVE_S1.);
#13239 = CIRCLE('',#13240,0.555);
#13240 = AXIS2_PLACEMENT_3D('',#13241,#13242,#13243);
#13241 = CARTESIAN_POINT('',(22.462979167129,44.5,223.44545955711));
#13242 = DIRECTION('',(0.,-1.,-1.110223024625E-16));
#13243 = DIRECTION('',(0.891006524188,-5.040307057719E-17,0.45399049974)
  );
#13244 = PCURVE('',#990,#13245);
#13245 = DEFINITIONAL_REPRESENTATION('',(#13246),#13250);
#13246 = LINE('',#13247,#13248);
#13247 = CARTESIAN_POINT('',(-6.28318530718,-7.1));
#13248 = VECTOR('',#13249,1.);
#13249 = DIRECTION('',(1.,-0.));
#13250 = ( GEOMETRIC_REPRESENTATION_CONTEXT(2) 
PARAMETRIC_REPRESENTATION_CONTEXT() REPRESENTATION_CONTEXT('2D SPACE',''
  ) );
#13251 = PCURVE('',#5586,#13252);
#13252 = DEFINITIONAL_REPRESENTATION('',(#13253),#13261);
#13253 = ( BOUNDED_CURVE() B_SPLINE_CURVE(2,(#13254,#13255,#13256,#13257
    ,#13258,#13259,#13260),.UNSPECIFIED.,.T.,.F.) 
B_SPLINE_CURVE_WITH_KNOTS((1,2,2,2,2,1),(-2.094395102393,0.,
    2.094395102393,4.188790204786,6.28318530718,8.377580409573),
.UNSPECIFIED.) CURVE() GEOMETRIC_REPRESENTATION_ITEM() 
RATIONAL_B_SPLINE_CURVE((1.,0.5,1.,0.5,1.,0.5,1.)) REPRESENTATION_ITEM(
  '') );
#13254 = CARTESIAN_POINT('',(22.957487788054,-11.69742428447));
#13255 = CARTESIAN_POINT('',(22.521072078559,-12.55393834069));
#13256 = CARTESIAN_POINT('',(21.99751700192,-11.74773422154));
#13257 = CARTESIAN_POINT('',(21.47396192528,-10.9415301024));
#13258 = CARTESIAN_POINT('',(22.433932711414,-10.89122016532));
#13259 = CARTESIAN_POINT('',(23.393903497549,-10.84091022824));
#13260 = CARTESIAN_POINT('',(22.957487788054,-11.69742428447));
#13261 = ( GEOMETRIC_REPRESENTATION_CONTEXT(2) 
PARAMETRIC_REPRESENTATION_CONTEXT() REPRESENTATION_CONTEXT('2D SPACE',''
  ) );
#13262 = ORIENTED_EDGE('',*,*,#13164,.T.);
#13263 = ORIENTED_EDGE('',*,*,#969,.T.);
#13264 = ADVANCED_FACE('',(#13265),#957,.T.);
#13265 = FACE_BOUND('',#13266,.F.);
#13266 = EDGE_LOOP('',(#13267,#13290,#13291,#13292));
#13267 = ORIENTED_EDGE('',*,*,#13268,.T.);
#13268 = EDGE_CURVE('',#13269,#908,#13271,.T.);
#13269 = VERTEX_POINT('',#13270);
#13270 = CARTESIAN_POINT('',(23.073713295881,44.5,222.15813625996));
#13271 = SURFACE_CURVE('',#13272,(#13276,#13283),.PCURVE_S1.);
#13272 = LINE('',#13273,#13274);
#13273 = CARTESIAN_POINT('',(23.073713295881,37.5,222.15813625996));
#13274 = VECTOR('',#13275,1.);
#13275 = DIRECTION('',(-0.,-1.,-1.110223024625E-16));
#13276 = PCURVE('',#957,#13277);
#13277 = DEFINITIONAL_REPRESENTATION('',(#13278),#13282);
#13278 = LINE('',#13279,#13280);
#13279 = CARTESIAN_POINT('',(-5.868471398177,0.));
#13280 = VECTOR('',#13281,1.);
#13281 = DIRECTION('',(-0.,1.));
#13282 = ( GEOMETRIC_REPRESENTATION_CONTEXT(2) 
PARAMETRIC_REPRESENTATION_CONTEXT() REPRESENTATION_CONTEXT('2D SPACE',''
  ) );
#13283 = PCURVE('',#928,#13284);
#13284 = DEFINITIONAL_REPRESENTATION('',(#13285),#13289);
#13285 = LINE('',#13286,#13287);
#13286 = CARTESIAN_POINT('',(-4.701381566733,-0.1));
#13287 = VECTOR('',#13288,1.);
#13288 = DIRECTION('',(-0.,1.));
#13289 = ( GEOMETRIC_REPRESENTATION_CONTEXT(2) 
PARAMETRIC_REPRESENTATION_CONTEXT() REPRESENTATION_CONTEXT('2D SPACE',''
  ) );
#13290 = ORIENTED_EDGE('',*,*,#940,.F.);
#13291 = ORIENTED_EDGE('',*,*,#13214,.F.);
#13292 = ORIENTED_EDGE('',*,*,#13293,.T.);
#13293 = EDGE_CURVE('',#13215,#13269,#13294,.T.);
#13294 = SURFACE_CURVE('',#13295,(#13300,#13307),.PCURVE_S1.);
#13295 = CIRCLE('',#13296,25.210790894703);
#13296 = AXIS2_PLACEMENT_3D('',#13297,#13298,#13299);
#13297 = CARTESIAN_POINT('',(0.,44.5,212.));
#13298 = DIRECTION('',(-0.,1.,1.110223024625E-16));
#13299 = DIRECTION('',(1.,0.,0.));
#13300 = PCURVE('',#957,#13301);
#13301 = DEFINITIONAL_REPRESENTATION('',(#13302),#13306);
#13302 = LINE('',#13303,#13304);
#13303 = CARTESIAN_POINT('',(-0.,-7.));
#13304 = VECTOR('',#13305,1.);
#13305 = DIRECTION('',(-1.,0.));
#13306 = ( GEOMETRIC_REPRESENTATION_CONTEXT(2) 
PARAMETRIC_REPRESENTATION_CONTEXT() REPRESENTATION_CONTEXT('2D SPACE',''
  ) );
#13307 = PCURVE('',#5586,#13308);
#13308 = DEFINITIONAL_REPRESENTATION('',(#13309),#13313);
#13309 = CIRCLE('',#13310,25.210790894703);
#13310 = AXIS2_PLACEMENT_2D('',#13311,#13312);
#13311 = CARTESIAN_POINT('',(2.412172678695E-15,0.));
#13312 = DIRECTION('',(1.,0.));
#13313 = ( GEOMETRIC_REPRESENTATION_CONTEXT(2) 
PARAMETRIC_REPRESENTATION_CONTEXT() REPRESENTATION_CONTEXT('2D SPACE',''
  ) );
#13314 = ADVANCED_FACE('',(#13315),#928,.F.);
#13315 = FACE_BOUND('',#13316,.T.);
#13316 = EDGE_LOOP('',(#13317,#13340,#13366,#13367));
#13317 = ORIENTED_EDGE('',*,*,#13318,.F.);
#13318 = EDGE_CURVE('',#13319,#879,#13321,.T.);
#13319 = VERTEX_POINT('',#13320);
#13320 = CARTESIAN_POINT('',(23.498466172307,44.5,221.13269210503));
#13321 = SURFACE_CURVE('',#13322,(#13326,#13333),.PCURVE_S1.);
#13322 = LINE('',#13323,#13324);
#13323 = CARTESIAN_POINT('',(23.498466172307,37.5,221.13269210503));
#13324 = VECTOR('',#13325,1.);
#13325 = DIRECTION('',(-0.,-1.,-1.110223024625E-16));
#13326 = PCURVE('',#928,#13327);
#13327 = DEFINITIONAL_REPRESENTATION('',(#13328),#13332);
#13328 = LINE('',#13329,#13330);
#13329 = CARTESIAN_POINT('',(-1.581803740447,-0.1));
#13330 = VECTOR('',#13331,1.);
#13331 = DIRECTION('',(-0.,1.));
#13332 = ( GEOMETRIC_REPRESENTATION_CONTEXT(2) 
PARAMETRIC_REPRESENTATION_CONTEXT() REPRESENTATION_CONTEXT('2D SPACE',''
  ) );
#13333 = PCURVE('',#895,#13334);
#13334 = DEFINITIONAL_REPRESENTATION('',(#13335),#13339);
#13335 = LINE('',#13336,#13337);
#13336 = CARTESIAN_POINT('',(-5.912501052785,0.));
#13337 = VECTOR('',#13338,1.);
#13338 = DIRECTION('',(-0.,1.));
#13339 = ( GEOMETRIC_REPRESENTATION_CONTEXT(2) 
PARAMETRIC_REPRESENTATION_CONTEXT() REPRESENTATION_CONTEXT('2D SPACE',''
  ) );
#13340 = ORIENTED_EDGE('',*,*,#13341,.F.);
#13341 = EDGE_CURVE('',#13269,#13319,#13342,.T.);
#13342 = SURFACE_CURVE('',#13343,(#13348,#13355),.PCURVE_S1.);
#13343 = CIRCLE('',#13344,0.555);
#13344 = AXIS2_PLACEMENT_3D('',#13345,#13346,#13347);
#13345 = CARTESIAN_POINT('',(23.291733706038,44.5,221.64775199222));
#13346 = DIRECTION('',(0.,-1.,-1.110223024625E-16));
#13347 = DIRECTION('',(0.923879532511,-4.248639577543E-17,0.382683432365
    ));
#13348 = PCURVE('',#928,#13349);
#13349 = DEFINITIONAL_REPRESENTATION('',(#13350),#13354);
#13350 = LINE('',#13351,#13352);
#13351 = CARTESIAN_POINT('',(-6.28318530718,-7.1));
#13352 = VECTOR('',#13353,1.);
#13353 = DIRECTION('',(1.,-0.));
#13354 = ( GEOMETRIC_REPRESENTATION_CONTEXT(2) 
PARAMETRIC_REPRESENTATION_CONTEXT() REPRESENTATION_CONTEXT('2D SPACE',''
  ) );
#13355 = PCURVE('',#5586,#13356);
#13356 = DEFINITIONAL_REPRESENTATION('',(#13357),#13365);
#13357 = ( BOUNDED_CURVE() B_SPLINE_CURVE(2,(#13358,#13359,#13360,#13361
    ,#13362,#13363,#13364),.UNSPECIFIED.,.T.,.F.) 
B_SPLINE_CURVE_WITH_KNOTS((1,2,2,2,2,1),(-2.094395102393,0.,
    2.094395102393,4.188790204786,6.28318530718,8.377580409573),
.UNSPECIFIED.) CURVE() GEOMETRIC_REPRESENTATION_ITEM() 
RATIONAL_B_SPLINE_CURVE((1.,0.5,1.,0.5,1.,0.5,1.)) REPRESENTATION_ITEM(
  '') );
#13358 = CARTESIAN_POINT('',(23.804486846582,-9.860141297186));
#13359 = CARTESIAN_POINT('',(23.436617779403,-10.74825578834));
#13360 = CARTESIAN_POINT('',(22.851422602177,-9.985614585323));
#13361 = CARTESIAN_POINT('',(22.266227424951,-9.222973382298));
#13362 = CARTESIAN_POINT('',(23.219291669356,-9.097500094161));
#13363 = CARTESIAN_POINT('',(24.172355913762,-8.972026806024));
#13364 = CARTESIAN_POINT('',(23.804486846582,-9.860141297186));
#13365 = ( GEOMETRIC_REPRESENTATION_CONTEXT(2) 
PARAMETRIC_REPRESENTATION_CONTEXT() REPRESENTATION_CONTEXT('2D SPACE',''
  ) );
#13366 = ORIENTED_EDGE('',*,*,#13268,.T.);
#13367 = ORIENTED_EDGE('',*,*,#907,.T.);
#13368 = ADVANCED_FACE('',(#13369),#895,.T.);
#13369 = FACE_BOUND('',#13370,.F.);
#13370 = EDGE_LOOP('',(#13371,#13394,#13395,#13396));
#13371 = ORIENTED_EDGE('',*,*,#13372,.T.);
#13372 = EDGE_CURVE('',#13373,#846,#13375,.T.);
#13373 = VERTEX_POINT('',#13374);
#13374 = CARTESIAN_POINT('',(23.799582923489,44.5,220.3164794357));
#13375 = SURFACE_CURVE('',#13376,(#13380,#13387),.PCURVE_S1.);
#13376 = LINE('',#13377,#13378);
#13377 = CARTESIAN_POINT('',(23.799582923489,37.5,220.3164794357));
#13378 = VECTOR('',#13379,1.);
#13379 = DIRECTION('',(-0.,-1.,-1.110223024625E-16));
#13380 = PCURVE('',#895,#13381);
#13381 = DEFINITIONAL_REPRESENTATION('',(#13382),#13386);
#13382 = LINE('',#13383,#13384);
#13383 = CARTESIAN_POINT('',(-5.947011214516,0.));
#13384 = VECTOR('',#13385,1.);
#13385 = DIRECTION('',(-0.,1.));
#13386 = ( GEOMETRIC_REPRESENTATION_CONTEXT(2) 
PARAMETRIC_REPRESENTATION_CONTEXT() REPRESENTATION_CONTEXT('2D SPACE',''
  ) );
#13387 = PCURVE('',#866,#13388);
#13388 = DEFINITIONAL_REPRESENTATION('',(#13389),#13393);
#13389 = LINE('',#13390,#13391);
#13390 = CARTESIAN_POINT('',(-4.701381566733,-0.1));
#13391 = VECTOR('',#13392,1.);
#13392 = DIRECTION('',(-0.,1.));
#13393 = ( GEOMETRIC_REPRESENTATION_CONTEXT(2) 
PARAMETRIC_REPRESENTATION_CONTEXT() REPRESENTATION_CONTEXT('2D SPACE',''
  ) );
#13394 = ORIENTED_EDGE('',*,*,#878,.F.);
#13395 = ORIENTED_EDGE('',*,*,#13318,.F.);
#13396 = ORIENTED_EDGE('',*,*,#13397,.T.);
#13397 = EDGE_CURVE('',#13319,#13373,#13398,.T.);
#13398 = SURFACE_CURVE('',#13399,(#13404,#13411),.PCURVE_S1.);
#13399 = CIRCLE('',#13400,25.210790894703);
#13400 = AXIS2_PLACEMENT_3D('',#13401,#13402,#13403);
#13401 = CARTESIAN_POINT('',(0.,44.5,212.));
#13402 = DIRECTION('',(-0.,1.,1.110223024625E-16));
#13403 = DIRECTION('',(1.,0.,0.));
#13404 = PCURVE('',#895,#13405);
#13405 = DEFINITIONAL_REPRESENTATION('',(#13406),#13410);
#13406 = LINE('',#13407,#13408);
#13407 = CARTESIAN_POINT('',(-0.,-7.));
#13408 = VECTOR('',#13409,1.);
#13409 = DIRECTION('',(-1.,0.));
#13410 = ( GEOMETRIC_REPRESENTATION_CONTEXT(2) 
PARAMETRIC_REPRESENTATION_CONTEXT() REPRESENTATION_CONTEXT('2D SPACE',''
  ) );
#13411 = PCURVE('',#5586,#13412);
#13412 = DEFINITIONAL_REPRESENTATION('',(#13413),#13417);
#13413 = CIRCLE('',#13414,25.210790894703);
#13414 = AXIS2_PLACEMENT_2D('',#13415,#13416);
#13415 = CARTESIAN_POINT('',(2.412172678695E-15,0.));
#13416 = DIRECTION('',(1.,0.));
#13417 = ( GEOMETRIC_REPRESENTATION_CONTEXT(2) 
PARAMETRIC_REPRESENTATION_CONTEXT() REPRESENTATION_CONTEXT('2D SPACE',''
  ) );
#13418 = ADVANCED_FACE('',(#13419),#866,.F.);
#13419 = FACE_BOUND('',#13420,.T.);
#13420 = EDGE_LOOP('',(#13421,#13444,#13470,#13471));
#13421 = ORIENTED_EDGE('',*,*,#13422,.F.);
#13422 = EDGE_CURVE('',#13423,#817,#13425,.T.);
#13423 = VERTEX_POINT('',#13424);
#13424 = CARTESIAN_POINT('',(24.142571007437,44.5,219.26087065628));
#13425 = SURFACE_CURVE('',#13426,(#13430,#13437),.PCURVE_S1.);
#13426 = LINE('',#13427,#13428);
#13427 = CARTESIAN_POINT('',(24.142571007437,37.5,219.26087065628));
#13428 = VECTOR('',#13429,1.);
#13429 = DIRECTION('',(-0.,-1.,-1.110223024625E-16));
#13430 = PCURVE('',#866,#13431);
#13431 = DEFINITIONAL_REPRESENTATION('',(#13432),#13436);
#13432 = LINE('',#13433,#13434);
#13433 = CARTESIAN_POINT('',(-1.581803740447,-0.1));
#13434 = VECTOR('',#13435,1.);
#13435 = DIRECTION('',(-0.,1.));
#13436 = ( GEOMETRIC_REPRESENTATION_CONTEXT(2) 
PARAMETRIC_REPRESENTATION_CONTEXT() REPRESENTATION_CONTEXT('2D SPACE',''
  ) );
#13437 = PCURVE('',#833,#13438);
#13438 = DEFINITIONAL_REPRESENTATION('',(#13439),#13443);
#13439 = LINE('',#13440,#13441);
#13440 = CARTESIAN_POINT('',(-5.991040869125,0.));
#13441 = VECTOR('',#13442,1.);
#13442 = DIRECTION('',(-0.,1.));
#13443 = ( GEOMETRIC_REPRESENTATION_CONTEXT(2) 
PARAMETRIC_REPRESENTATION_CONTEXT() REPRESENTATION_CONTEXT('2D SPACE',''
  ) );
#13444 = ORIENTED_EDGE('',*,*,#13445,.F.);
#13445 = EDGE_CURVE('',#13373,#13423,#13446,.T.);
#13446 = SURFACE_CURVE('',#13447,(#13452,#13459),.PCURVE_S1.);
#13447 = CIRCLE('',#13448,0.555);
#13448 = AXIS2_PLACEMENT_3D('',#13449,#13450,#13451);
#13449 = CARTESIAN_POINT('',(23.976886961362,44.5,219.79056282809));
#13450 = DIRECTION('',(0.,-1.,-1.110223024625E-16));
#13451 = DIRECTION('',(0.951056516295,-3.430777821555E-17,0.309016994375
    ));
#13452 = PCURVE('',#866,#13453);
#13453 = DEFINITIONAL_REPRESENTATION('',(#13454),#13458);
#13454 = LINE('',#13455,#13456);
#13455 = CARTESIAN_POINT('',(-6.28318530718,-7.1));
#13456 = VECTOR('',#13457,1.);
#13457 = DIRECTION('',(1.,-0.));
#13458 = ( GEOMETRIC_REPRESENTATION_CONTEXT(2) 
PARAMETRIC_REPRESENTATION_CONTEXT() REPRESENTATION_CONTEXT('2D SPACE',''
  ) );
#13459 = PCURVE('',#5586,#13460);
#13460 = DEFINITIONAL_REPRESENTATION('',(#13461),#13469);
#13461 = ( BOUNDED_CURVE() B_SPLINE_CURVE(2,(#13462,#13463,#13464,#13465
    ,#13466,#13467,#13468),.UNSPECIFIED.,.T.,.F.) 
B_SPLINE_CURVE_WITH_KNOTS((1,2,2,2,2,1),(-2.094395102393,0.,
    2.094395102393,4.188790204786,6.28318530718,8.377580409573),
.UNSPECIFIED.) CURVE() GEOMETRIC_REPRESENTATION_ITEM() 
RATIONAL_B_SPLINE_CURVE((1.,0.5,1.,0.5,1.,0.5,1.)) REPRESENTATION_ITEM(
  '') );
#13462 = CARTESIAN_POINT('',(24.504723327906,-7.962067259975));
#13463 = CARTESIAN_POINT('',(24.20766893817,-8.876306664911));
#13464 = CARTESIAN_POINT('',(23.564441583222,-8.161930314626));
#13465 = CARTESIAN_POINT('',(22.921214228274,-7.44755396434));
#13466 = CARTESIAN_POINT('',(23.861495972958,-7.247690909689));
#13467 = CARTESIAN_POINT('',(24.801777717642,-7.047827855038));
#13468 = CARTESIAN_POINT('',(24.504723327906,-7.962067259975));
#13469 = ( GEOMETRIC_REPRESENTATION_CONTEXT(2) 
PARAMETRIC_REPRESENTATION_CONTEXT() REPRESENTATION_CONTEXT('2D SPACE',''
  ) );
#13470 = ORIENTED_EDGE('',*,*,#13372,.T.);
#13471 = ORIENTED_EDGE('',*,*,#845,.T.);
#13472 = ADVANCED_FACE('',(#13473),#833,.T.);
#13473 = FACE_BOUND('',#13474,.F.);
#13474 = EDGE_LOOP('',(#13475,#13498,#13499,#13500));
#13475 = ORIENTED_EDGE('',*,*,#13476,.T.);
#13476 = EDGE_CURVE('',#13477,#784,#13479,.T.);
#13477 = VERTEX_POINT('',#13478);
#13478 = CARTESIAN_POINT('',(24.378720208209,44.5,218.4235487502));
#13479 = SURFACE_CURVE('',#13480,(#13484,#13491),.PCURVE_S1.);
#13480 = LINE('',#13481,#13482);
#13481 = CARTESIAN_POINT('',(24.378720208209,37.5,218.4235487502));
#13482 = VECTOR('',#13483,1.);
#13483 = DIRECTION('',(-0.,-1.,-1.110223024625E-16));
#13484 = PCURVE('',#833,#13485);
#13485 = DEFINITIONAL_REPRESENTATION('',(#13486),#13490);
#13486 = LINE('',#13487,#13488);
#13487 = CARTESIAN_POINT('',(-6.025551030856,0.));
#13488 = VECTOR('',#13489,1.);
#13489 = DIRECTION('',(-0.,1.));
#13490 = ( GEOMETRIC_REPRESENTATION_CONTEXT(2) 
PARAMETRIC_REPRESENTATION_CONTEXT() REPRESENTATION_CONTEXT('2D SPACE',''
  ) );
#13491 = PCURVE('',#804,#13492);
#13492 = DEFINITIONAL_REPRESENTATION('',(#13493),#13497);
#13493 = LINE('',#13494,#13495);
#13494 = CARTESIAN_POINT('',(-4.701381566733,-0.1));
#13495 = VECTOR('',#13496,1.);
#13496 = DIRECTION('',(-0.,1.));
#13497 = ( GEOMETRIC_REPRESENTATION_CONTEXT(2) 
PARAMETRIC_REPRESENTATION_CONTEXT() REPRESENTATION_CONTEXT('2D SPACE',''
  ) );
#13498 = ORIENTED_EDGE('',*,*,#816,.F.);
#13499 = ORIENTED_EDGE('',*,*,#13422,.F.);
#13500 = ORIENTED_EDGE('',*,*,#13501,.T.);
#13501 = EDGE_CURVE('',#13423,#13477,#13502,.T.);
#13502 = SURFACE_CURVE('',#13503,(#13508,#13515),.PCURVE_S1.);
#13503 = CIRCLE('',#13504,25.210790894703);
#13504 = AXIS2_PLACEMENT_3D('',#13505,#13506,#13507);
#13505 = CARTESIAN_POINT('',(0.,44.5,212.));
#13506 = DIRECTION('',(-0.,1.,1.110223024625E-16));
#13507 = DIRECTION('',(1.,0.,0.));
#13508 = PCURVE('',#833,#13509);
#13509 = DEFINITIONAL_REPRESENTATION('',(#13510),#13514);
#13510 = LINE('',#13511,#13512);
#13511 = CARTESIAN_POINT('',(-0.,-7.));
#13512 = VECTOR('',#13513,1.);
#13513 = DIRECTION('',(-1.,0.));
#13514 = ( GEOMETRIC_REPRESENTATION_CONTEXT(2) 
PARAMETRIC_REPRESENTATION_CONTEXT() REPRESENTATION_CONTEXT('2D SPACE',''
  ) );
#13515 = PCURVE('',#5586,#13516);
#13516 = DEFINITIONAL_REPRESENTATION('',(#13517),#13521);
#13517 = CIRCLE('',#13518,25.210790894703);
#13518 = AXIS2_PLACEMENT_2D('',#13519,#13520);
#13519 = CARTESIAN_POINT('',(2.412172678695E-15,0.));
#13520 = DIRECTION('',(1.,0.));
#13521 = ( GEOMETRIC_REPRESENTATION_CONTEXT(2) 
PARAMETRIC_REPRESENTATION_CONTEXT() REPRESENTATION_CONTEXT('2D SPACE',''
  ) );
#13522 = ADVANCED_FACE('',(#13523),#804,.F.);
#13523 = FACE_BOUND('',#13524,.T.);
#13524 = EDGE_LOOP('',(#13525,#13548,#13574,#13575));
#13525 = ORIENTED_EDGE('',*,*,#13526,.F.);
#13526 = EDGE_CURVE('',#13527,#755,#13529,.T.);
#13527 = VERTEX_POINT('',#13528);
#13528 = CARTESIAN_POINT('',(24.637828864086,44.5,217.34428352545));
#13529 = SURFACE_CURVE('',#13530,(#13534,#13541),.PCURVE_S1.);
#13530 = LINE('',#13531,#13532);
#13531 = CARTESIAN_POINT('',(24.637828864086,37.5,217.34428352545));
#13532 = VECTOR('',#13533,1.);
#13533 = DIRECTION('',(-0.,-1.,-1.110223024625E-16));
#13534 = PCURVE('',#804,#13535);
#13535 = DEFINITIONAL_REPRESENTATION('',(#13536),#13540);
#13536 = LINE('',#13537,#13538);
#13537 = CARTESIAN_POINT('',(-1.581803740447,-0.1));
#13538 = VECTOR('',#13539,1.);
#13539 = DIRECTION('',(-0.,1.));
#13540 = ( GEOMETRIC_REPRESENTATION_CONTEXT(2) 
PARAMETRIC_REPRESENTATION_CONTEXT() REPRESENTATION_CONTEXT('2D SPACE',''
  ) );
#13541 = PCURVE('',#771,#13542);
#13542 = DEFINITIONAL_REPRESENTATION('',(#13543),#13547);
#13543 = LINE('',#13544,#13545);
#13544 = CARTESIAN_POINT('',(-6.069580685465,0.));
#13545 = VECTOR('',#13546,1.);
#13546 = DIRECTION('',(-0.,1.));
#13547 = ( GEOMETRIC_REPRESENTATION_CONTEXT(2) 
PARAMETRIC_REPRESENTATION_CONTEXT() REPRESENTATION_CONTEXT('2D SPACE',''
  ) );
#13548 = ORIENTED_EDGE('',*,*,#13549,.F.);
#13549 = EDGE_CURVE('',#13477,#13527,#13550,.T.);
#13550 = SURFACE_CURVE('',#13551,(#13556,#13563),.PCURVE_S1.);
#13551 = CIRCLE('',#13552,0.555);
#13552 = AXIS2_PLACEMENT_3D('',#13553,#13554,#13555);
#13553 = CARTESIAN_POINT('',(24.514214735445,44.5,217.8853422535));
#13554 = DIRECTION('',(0.,-1.,-1.110223024625E-16));
#13555 = DIRECTION('',(0.972369920398,-2.591764179448E-17,0.233445363856
    ));
#13556 = PCURVE('',#804,#13557);
#13557 = DEFINITIONAL_REPRESENTATION('',(#13558),#13562);
#13558 = LINE('',#13559,#13560);
#13559 = CARTESIAN_POINT('',(-6.28318530718,-7.1));
#13560 = VECTOR('',#13561,1.);
#13561 = DIRECTION('',(1.,-0.));
#13562 = ( GEOMETRIC_REPRESENTATION_CONTEXT(2) 
PARAMETRIC_REPRESENTATION_CONTEXT() REPRESENTATION_CONTEXT('2D SPACE',''
  ) );
#13563 = PCURVE('',#5586,#13564);
#13564 = DEFINITIONAL_REPRESENTATION('',(#13565),#13573);
#13565 = ( BOUNDED_CURVE() B_SPLINE_CURVE(2,(#13566,#13567,#13568,#13569
    ,#13570,#13571,#13572),.UNSPECIFIED.,.T.,.F.) 
B_SPLINE_CURVE_WITH_KNOTS((1,2,2,2,2,1),(-2.094395102393,0.,
    2.094395102393,4.188790204786,6.28318530718,8.377580409573),
.UNSPECIFIED.) CURVE() GEOMETRIC_REPRESENTATION_ITEM() 
RATIONAL_B_SPLINE_CURVE((1.,0.5,1.,0.5,1.,0.5,1.)) REPRESENTATION_ITEM(
  '') );
#13566 = CARTESIAN_POINT('',(25.053880041266,-6.014904430449));
#13567 = CARTESIAN_POINT('',(24.829471768066,-6.949632159213));
#13568 = CARTESIAN_POINT('',(24.132177945935,-6.287925029421));
#13569 = CARTESIAN_POINT('',(23.434884123804,-5.626217899629));
#13570 = CARTESIAN_POINT('',(24.356586219134,-5.353197300657));
#13571 = CARTESIAN_POINT('',(25.278288314465,-5.080176701686));
#13572 = CARTESIAN_POINT('',(25.053880041266,-6.014904430449));
#13573 = ( GEOMETRIC_REPRESENTATION_CONTEXT(2) 
PARAMETRIC_REPRESENTATION_CONTEXT() REPRESENTATION_CONTEXT('2D SPACE',''
  ) );
#13574 = ORIENTED_EDGE('',*,*,#13476,.T.);
#13575 = ORIENTED_EDGE('',*,*,#783,.T.);
#13576 = ADVANCED_FACE('',(#13577),#771,.T.);
#13577 = FACE_BOUND('',#13578,.F.);
#13578 = EDGE_LOOP('',(#13579,#13602,#13603,#13604));
#13579 = ORIENTED_EDGE('',*,*,#13580,.T.);
#13580 = EDGE_CURVE('',#13581,#722,#13583,.T.);
#13581 = VERTEX_POINT('',#13582);
#13582 = CARTESIAN_POINT('',(24.807554576099,44.5,216.49101475062));
#13583 = SURFACE_CURVE('',#13584,(#13588,#13595),.PCURVE_S1.);
#13584 = LINE('',#13585,#13586);
#13585 = CARTESIAN_POINT('',(24.807554576099,37.5,216.49101475062));
#13586 = VECTOR('',#13587,1.);
#13587 = DIRECTION('',(-0.,-1.,-1.110223024625E-16));
#13588 = PCURVE('',#771,#13589);
#13589 = DEFINITIONAL_REPRESENTATION('',(#13590),#13594);
#13590 = LINE('',#13591,#13592);
#13591 = CARTESIAN_POINT('',(-6.104090847196,0.));
#13592 = VECTOR('',#13593,1.);
#13593 = DIRECTION('',(-0.,1.));
#13594 = ( GEOMETRIC_REPRESENTATION_CONTEXT(2) 
PARAMETRIC_REPRESENTATION_CONTEXT() REPRESENTATION_CONTEXT('2D SPACE',''
  ) );
#13595 = PCURVE('',#742,#13596);
#13596 = DEFINITIONAL_REPRESENTATION('',(#13597),#13601);
#13597 = LINE('',#13598,#13599);
#13598 = CARTESIAN_POINT('',(-4.701381566733,-0.1));
#13599 = VECTOR('',#13600,1.);
#13600 = DIRECTION('',(-0.,1.));
#13601 = ( GEOMETRIC_REPRESENTATION_CONTEXT(2) 
PARAMETRIC_REPRESENTATION_CONTEXT() REPRESENTATION_CONTEXT('2D SPACE',''
  ) );
#13602 = ORIENTED_EDGE('',*,*,#754,.F.);
#13603 = ORIENTED_EDGE('',*,*,#13526,.F.);
#13604 = ORIENTED_EDGE('',*,*,#13605,.T.);
#13605 = EDGE_CURVE('',#13527,#13581,#13606,.T.);
#13606 = SURFACE_CURVE('',#13607,(#13612,#13619),.PCURVE_S1.);
#13607 = CIRCLE('',#13608,25.210790894703);
#13608 = AXIS2_PLACEMENT_3D('',#13609,#13610,#13611);
#13609 = CARTESIAN_POINT('',(0.,44.5,212.));
#13610 = DIRECTION('',(-0.,1.,1.110223024625E-16));
#13611 = DIRECTION('',(1.,0.,0.));
#13612 = PCURVE('',#771,#13613);
#13613 = DEFINITIONAL_REPRESENTATION('',(#13614),#13618);
#13614 = LINE('',#13615,#13616);
#13615 = CARTESIAN_POINT('',(-0.,-7.));
#13616 = VECTOR('',#13617,1.);
#13617 = DIRECTION('',(-1.,0.));
#13618 = ( GEOMETRIC_REPRESENTATION_CONTEXT(2) 
PARAMETRIC_REPRESENTATION_CONTEXT() REPRESENTATION_CONTEXT('2D SPACE',''
  ) );
#13619 = PCURVE('',#5586,#13620);
#13620 = DEFINITIONAL_REPRESENTATION('',(#13621),#13625);
#13621 = CIRCLE('',#13622,25.210790894703);
#13622 = AXIS2_PLACEMENT_2D('',#13623,#13624);
#13623 = CARTESIAN_POINT('',(2.412172678695E-15,0.));
#13624 = DIRECTION('',(1.,0.));
#13625 = ( GEOMETRIC_REPRESENTATION_CONTEXT(2) 
PARAMETRIC_REPRESENTATION_CONTEXT() REPRESENTATION_CONTEXT('2D SPACE',''
  ) );
#13626 = ADVANCED_FACE('',(#13627),#742,.F.);
#13627 = FACE_BOUND('',#13628,.T.);
#13628 = EDGE_LOOP('',(#13629,#13652,#13678,#13679));
#13629 = ORIENTED_EDGE('',*,*,#13630,.F.);
#13630 = EDGE_CURVE('',#13631,#693,#13633,.T.);
#13631 = VERTEX_POINT('',#13632);
#13632 = CARTESIAN_POINT('',(24.981186312878,44.5,215.39474710954));
#13633 = SURFACE_CURVE('',#13634,(#13638,#13645),.PCURVE_S1.);
#13634 = LINE('',#13635,#13636);
#13635 = CARTESIAN_POINT('',(24.981186312878,37.5,215.39474710954));
#13636 = VECTOR('',#13637,1.);
#13637 = DIRECTION('',(-0.,-1.,-1.110223024625E-16));
#13638 = PCURVE('',#742,#13639);
#13639 = DEFINITIONAL_REPRESENTATION('',(#13640),#13644);
#13640 = LINE('',#13641,#13642);
#13641 = CARTESIAN_POINT('',(-1.581803740447,-0.1));
#13642 = VECTOR('',#13643,1.);
#13643 = DIRECTION('',(-0.,1.));
#13644 = ( GEOMETRIC_REPRESENTATION_CONTEXT(2) 
PARAMETRIC_REPRESENTATION_CONTEXT() REPRESENTATION_CONTEXT('2D SPACE',''
  ) );
#13645 = PCURVE('',#709,#13646);
#13646 = DEFINITIONAL_REPRESENTATION('',(#13647),#13651);
#13647 = LINE('',#13648,#13649);
#13648 = CARTESIAN_POINT('',(-6.148120501804,0.));
#13649 = VECTOR('',#13650,1.);
#13650 = DIRECTION('',(-0.,1.));
#13651 = ( GEOMETRIC_REPRESENTATION_CONTEXT(2) 
PARAMETRIC_REPRESENTATION_CONTEXT() REPRESENTATION_CONTEXT('2D SPACE',''
  ) );
#13652 = ORIENTED_EDGE('',*,*,#13653,.F.);
#13653 = EDGE_CURVE('',#13581,#13631,#13654,.T.);
#13654 = SURFACE_CURVE('',#13655,(#13660,#13667),.PCURVE_S1.);
#13655 = CIRCLE('',#13656,0.555);
#13656 = AXIS2_PLACEMENT_3D('',#13657,#13658,#13659);
#13657 = CARTESIAN_POINT('',(24.90040422388,44.5,215.94383658685));
#13658 = DIRECTION('',(0.,-1.,-1.110223024625E-16));
#13659 = DIRECTION('',(0.987688340595,-1.736771449326E-17,0.15643446504)
  );
#13660 = PCURVE('',#742,#13661);
#13661 = DEFINITIONAL_REPRESENTATION('',(#13662),#13666);
#13662 = LINE('',#13663,#13664);
#13663 = CARTESIAN_POINT('',(-6.28318530718,-7.1));
#13664 = VECTOR('',#13665,1.);
#13665 = DIRECTION('',(1.,-0.));
#13666 = ( GEOMETRIC_REPRESENTATION_CONTEXT(2) 
PARAMETRIC_REPRESENTATION_CONTEXT() REPRESENTATION_CONTEXT('2D SPACE',''
  ) );
#13667 = PCURVE('',#5586,#13668);
#13668 = DEFINITIONAL_REPRESENTATION('',(#13669),#13677);
#13669 = ( BOUNDED_CURVE() B_SPLINE_CURVE(2,(#13670,#13671,#13672,#13673
    ,#13674,#13675,#13676),.UNSPECIFIED.,.T.,.F.) 
B_SPLINE_CURVE_WITH_KNOTS((1,2,2,2,2,1),(-2.094395102393,0.,
    2.094395102393,4.188790204786,6.28318530718,8.377580409573),
.UNSPECIFIED.) CURVE() GEOMETRIC_REPRESENTATION_ITEM() 
RATIONAL_B_SPLINE_CURVE((1.,0.5,1.,0.5,1.,0.5,1.)) REPRESENTATION_ITEM(
  '') );
#13670 = CARTESIAN_POINT('',(25.448571252911,-4.030657714951));
#13671 = CARTESIAN_POINT('',(25.298192647876,-4.980110860266));
#13672 = CARTESIAN_POINT('',(24.551131406848,-4.375152595463));
#13673 = CARTESIAN_POINT('',(23.80407016582,-3.770194330659));
#13674 = CARTESIAN_POINT('',(24.701510011883,-3.425699450148));
#13675 = CARTESIAN_POINT('',(25.598949857946,-3.081204569637));
#13676 = CARTESIAN_POINT('',(25.448571252911,-4.030657714951));
#13677 = ( GEOMETRIC_REPRESENTATION_CONTEXT(2) 
PARAMETRIC_REPRESENTATION_CONTEXT() REPRESENTATION_CONTEXT('2D SPACE',''
  ) );
#13678 = ORIENTED_EDGE('',*,*,#13580,.T.);
#13679 = ORIENTED_EDGE('',*,*,#721,.T.);
#13680 = ADVANCED_FACE('',(#13681),#709,.T.);
#13681 = FACE_BOUND('',#13682,.F.);
#13682 = EDGE_LOOP('',(#13683,#13706,#13707,#13708));
#13683 = ORIENTED_EDGE('',*,*,#13684,.T.);
#13684 = EDGE_CURVE('',#13685,#660,#13687,.T.);
#13685 = VERTEX_POINT('',#13686);
#13686 = CARTESIAN_POINT('',(25.083442120678,44.5,214.53079215168));
#13687 = SURFACE_CURVE('',#13688,(#13692,#13699),.PCURVE_S1.);
#13688 = LINE('',#13689,#13690);
#13689 = CARTESIAN_POINT('',(25.083442120678,37.5,214.53079215168));
#13690 = VECTOR('',#13691,1.);
#13691 = DIRECTION('',(-0.,-1.,-1.110223024625E-16));
#13692 = PCURVE('',#709,#13693);
#13693 = DEFINITIONAL_REPRESENTATION('',(#13694),#13698);
#13694 = LINE('',#13695,#13696);
#13695 = CARTESIAN_POINT('',(-6.182630663536,0.));
#13696 = VECTOR('',#13697,1.);
#13697 = DIRECTION('',(-0.,1.));
#13698 = ( GEOMETRIC_REPRESENTATION_CONTEXT(2) 
PARAMETRIC_REPRESENTATION_CONTEXT() REPRESENTATION_CONTEXT('2D SPACE',''
  ) );
#13699 = PCURVE('',#680,#13700);
#13700 = DEFINITIONAL_REPRESENTATION('',(#13701),#13705);
#13701 = LINE('',#13702,#13703);
#13702 = CARTESIAN_POINT('',(-4.701381566733,-0.1));
#13703 = VECTOR('',#13704,1.);
#13704 = DIRECTION('',(-0.,1.));
#13705 = ( GEOMETRIC_REPRESENTATION_CONTEXT(2) 
PARAMETRIC_REPRESENTATION_CONTEXT() REPRESENTATION_CONTEXT('2D SPACE',''
  ) );
#13706 = ORIENTED_EDGE('',*,*,#692,.F.);
#13707 = ORIENTED_EDGE('',*,*,#13630,.F.);
#13708 = ORIENTED_EDGE('',*,*,#13709,.T.);
#13709 = EDGE_CURVE('',#13631,#13685,#13710,.T.);
#13710 = SURFACE_CURVE('',#13711,(#13716,#13723),.PCURVE_S1.);
#13711 = CIRCLE('',#13712,25.210790894703);
#13712 = AXIS2_PLACEMENT_3D('',#13713,#13714,#13715);
#13713 = CARTESIAN_POINT('',(0.,44.5,212.));
#13714 = DIRECTION('',(-0.,1.,1.110223024625E-16));
#13715 = DIRECTION('',(1.,0.,0.));
#13716 = PCURVE('',#709,#13717);
#13717 = DEFINITIONAL_REPRESENTATION('',(#13718),#13722);
#13718 = LINE('',#13719,#13720);
#13719 = CARTESIAN_POINT('',(-0.,-7.));
#13720 = VECTOR('',#13721,1.);
#13721 = DIRECTION('',(-1.,0.));
#13722 = ( GEOMETRIC_REPRESENTATION_CONTEXT(2) 
PARAMETRIC_REPRESENTATION_CONTEXT() REPRESENTATION_CONTEXT('2D SPACE',''
  ) );
#13723 = PCURVE('',#5586,#13724);
#13724 = DEFINITIONAL_REPRESENTATION('',(#13725),#13729);
#13725 = CIRCLE('',#13726,25.210790894703);
#13726 = AXIS2_PLACEMENT_2D('',#13727,#13728);
#13727 = CARTESIAN_POINT('',(2.412172678695E-15,0.));
#13728 = DIRECTION('',(1.,0.));
#13729 = ( GEOMETRIC_REPRESENTATION_CONTEXT(2) 
PARAMETRIC_REPRESENTATION_CONTEXT() REPRESENTATION_CONTEXT('2D SPACE',''
  ) );
#13730 = ADVANCED_FACE('',(#13731),#680,.F.);
#13731 = FACE_BOUND('',#13732,.T.);
#13732 = EDGE_LOOP('',(#13733,#13756,#13782,#13783));
#13733 = ORIENTED_EDGE('',*,*,#13734,.F.);
#13734 = EDGE_CURVE('',#13735,#631,#13737,.T.);
#13735 = VERTEX_POINT('',#13736);
#13736 = CARTESIAN_POINT('',(25.170526440964,44.5,213.42428094882));
#13737 = SURFACE_CURVE('',#13738,(#13742,#13749),.PCURVE_S1.);
#13738 = LINE('',#13739,#13740);
#13739 = CARTESIAN_POINT('',(25.170526440964,37.5,213.42428094882));
#13740 = VECTOR('',#13741,1.);
#13741 = DIRECTION('',(-0.,-1.,-1.110223024625E-16));
#13742 = PCURVE('',#680,#13743);
#13743 = DEFINITIONAL_REPRESENTATION('',(#13744),#13748);
#13744 = LINE('',#13745,#13746);
#13745 = CARTESIAN_POINT('',(-1.581803740447,-0.1));
#13746 = VECTOR('',#13747,1.);
#13747 = DIRECTION('',(-0.,1.));
#13748 = ( GEOMETRIC_REPRESENTATION_CONTEXT(2) 
PARAMETRIC_REPRESENTATION_CONTEXT() REPRESENTATION_CONTEXT('2D SPACE',''
  ) );
#13749 = PCURVE('',#647,#13750);
#13750 = DEFINITIONAL_REPRESENTATION('',(#13751),#13755);
#13751 = LINE('',#13752,#13753);
#13752 = CARTESIAN_POINT('',(-6.226660318144,0.));
#13753 = VECTOR('',#13754,1.);
#13754 = DIRECTION('',(-0.,1.));
#13755 = ( GEOMETRIC_REPRESENTATION_CONTEXT(2) 
PARAMETRIC_REPRESENTATION_CONTEXT() REPRESENTATION_CONTEXT('2D SPACE',''
  ) );
#13756 = ORIENTED_EDGE('',*,*,#13757,.F.);
#13757 = EDGE_CURVE('',#13685,#13735,#13758,.T.);
#13758 = SURFACE_CURVE('',#13759,(#13764,#13771),.PCURVE_S1.);
#13759 = CIRCLE('',#13760,0.555);
#13760 = AXIS2_PLACEMENT_3D('',#13761,#13762,#13763);
#13761 = CARTESIAN_POINT('',(25.133074440051,44.5,213.97801585618));
#13762 = DIRECTION('',(0.,-1.,-1.110223024625E-16));
#13763 = DIRECTION('',(0.996917333733,-8.710709456832E-18,
    7.845909572784E-02));
#13764 = PCURVE('',#680,#13765);
#13765 = DEFINITIONAL_REPRESENTATION('',(#13766),#13770);
#13766 = LINE('',#13767,#13768);
#13767 = CARTESIAN_POINT('',(-6.28318530718,-7.1));
#13768 = VECTOR('',#13769,1.);
#13769 = DIRECTION('',(1.,-0.));
#13770 = ( GEOMETRIC_REPRESENTATION_CONTEXT(2) 
PARAMETRIC_REPRESENTATION_CONTEXT() REPRESENTATION_CONTEXT('2D SPACE',''
  ) );
#13771 = PCURVE('',#5586,#13772);
#13772 = DEFINITIONAL_REPRESENTATION('',(#13773),#13781);
#13773 = ( BOUNDED_CURVE() B_SPLINE_CURVE(2,(#13774,#13775,#13776,#13777
    ,#13778,#13779,#13780),.UNSPECIFIED.,.T.,.F.) 
B_SPLINE_CURVE_WITH_KNOTS((1,2,2,2,2,1),(-2.094395102393,0.,
    2.094395102393,4.188790204786,6.28318530718,8.377580409573),
.UNSPECIFIED.) CURVE() GEOMETRIC_REPRESENTATION_ITEM() 
RATIONAL_B_SPLINE_CURVE((1.,0.5,1.,0.5,1.,0.5,1.)) REPRESENTATION_ITEM(
  '') );
#13774 = CARTESIAN_POINT('',(25.686363560273,-2.021560654311));
#13775 = CARTESIAN_POINT('',(25.610941757508,-2.979885521811));
#13776 = CARTESIAN_POINT('',(24.818718978558,-2.435405890867));
#13777 = CARTESIAN_POINT('',(24.026496199607,-1.890926259924));
#13778 = CARTESIAN_POINT('',(24.894140781322,-1.477081023368));
#13779 = CARTESIAN_POINT('',(25.761785363038,-1.063235786812));
#13780 = CARTESIAN_POINT('',(25.686363560273,-2.021560654311));
#13781 = ( GEOMETRIC_REPRESENTATION_CONTEXT(2) 
PARAMETRIC_REPRESENTATION_CONTEXT() REPRESENTATION_CONTEXT('2D SPACE',''
  ) );
#13782 = ORIENTED_EDGE('',*,*,#13684,.T.);
#13783 = ORIENTED_EDGE('',*,*,#659,.T.);
#13784 = ADVANCED_FACE('',(#13785),#647,.T.);
#13785 = FACE_BOUND('',#13786,.F.);
#13786 = EDGE_LOOP('',(#13787,#13810,#13811,#13812));
#13787 = ORIENTED_EDGE('',*,*,#13788,.T.);
#13788 = EDGE_CURVE('',#13789,#598,#13791,.T.);
#13789 = VERTEX_POINT('',#13790);
#13790 = CARTESIAN_POINT('',(25.204681903492,44.5,212.55496637756));
#13791 = SURFACE_CURVE('',#13792,(#13796,#13803),.PCURVE_S1.);
#13792 = LINE('',#13793,#13794);
#13793 = CARTESIAN_POINT('',(25.204681903492,37.5,212.55496637756));
#13794 = VECTOR('',#13795,1.);
#13795 = DIRECTION('',(-0.,-1.,-1.110223024625E-16));
#13796 = PCURVE('',#647,#13797);
#13797 = DEFINITIONAL_REPRESENTATION('',(#13798),#13802);
#13798 = LINE('',#13799,#13800);
#13799 = CARTESIAN_POINT('',(-6.261170479875,0.));
#13800 = VECTOR('',#13801,1.);
#13801 = DIRECTION('',(-0.,1.));
#13802 = ( GEOMETRIC_REPRESENTATION_CONTEXT(2) 
PARAMETRIC_REPRESENTATION_CONTEXT() REPRESENTATION_CONTEXT('2D SPACE',''
  ) );
#13803 = PCURVE('',#618,#13804);
#13804 = DEFINITIONAL_REPRESENTATION('',(#13805),#13809);
#13805 = LINE('',#13806,#13807);
#13806 = CARTESIAN_POINT('',(-4.701381566733,-0.1));
#13807 = VECTOR('',#13808,1.);
#13808 = DIRECTION('',(-0.,1.));
#13809 = ( GEOMETRIC_REPRESENTATION_CONTEXT(2) 
PARAMETRIC_REPRESENTATION_CONTEXT() REPRESENTATION_CONTEXT('2D SPACE',''
  ) );
#13810 = ORIENTED_EDGE('',*,*,#630,.F.);
#13811 = ORIENTED_EDGE('',*,*,#13734,.F.);
#13812 = ORIENTED_EDGE('',*,*,#13813,.T.);
#13813 = EDGE_CURVE('',#13735,#13789,#13814,.T.);
#13814 = SURFACE_CURVE('',#13815,(#13820,#13827),.PCURVE_S1.);
#13815 = CIRCLE('',#13816,25.210790894703);
#13816 = AXIS2_PLACEMENT_3D('',#13817,#13818,#13819);
#13817 = CARTESIAN_POINT('',(0.,44.5,212.));
#13818 = DIRECTION('',(-0.,1.,1.110223024625E-16));
#13819 = DIRECTION('',(1.,0.,0.));
#13820 = PCURVE('',#647,#13821);
#13821 = DEFINITIONAL_REPRESENTATION('',(#13822),#13826);
#13822 = LINE('',#13823,#13824);
#13823 = CARTESIAN_POINT('',(-0.,-7.));
#13824 = VECTOR('',#13825,1.);
#13825 = DIRECTION('',(-1.,0.));
#13826 = ( GEOMETRIC_REPRESENTATION_CONTEXT(2) 
PARAMETRIC_REPRESENTATION_CONTEXT() REPRESENTATION_CONTEXT('2D SPACE',''
  ) );
#13827 = PCURVE('',#5586,#13828);
#13828 = DEFINITIONAL_REPRESENTATION('',(#13829),#13833);
#13829 = CIRCLE('',#13830,25.210790894703);
#13830 = AXIS2_PLACEMENT_2D('',#13831,#13832);
#13831 = CARTESIAN_POINT('',(2.412172678695E-15,0.));
#13832 = DIRECTION('',(1.,0.));
#13833 = ( GEOMETRIC_REPRESENTATION_CONTEXT(2) 
PARAMETRIC_REPRESENTATION_CONTEXT() REPRESENTATION_CONTEXT('2D SPACE',''
  ) );
#13834 = ADVANCED_FACE('',(#13835),#618,.F.);
#13835 = FACE_BOUND('',#13836,.T.);
#13836 = EDGE_LOOP('',(#13837,#13838,#13864,#13865));
#13837 = ORIENTED_EDGE('',*,*,#5546,.F.);
#13838 = ORIENTED_EDGE('',*,*,#13839,.F.);
#13839 = EDGE_CURVE('',#13789,#5547,#13840,.T.);
#13840 = SURFACE_CURVE('',#13841,(#13846,#13853),.PCURVE_S1.);
#13841 = CIRCLE('',#13842,0.555);
#13842 = AXIS2_PLACEMENT_3D('',#13843,#13844,#13845);
#13843 = CARTESIAN_POINT('',(25.210790894703,44.5,212.));
#13844 = DIRECTION('',(0.,-1.,-1.110223024625E-16));
#13845 = DIRECTION('',(1.,0.,0.));
#13846 = PCURVE('',#618,#13847);
#13847 = DEFINITIONAL_REPRESENTATION('',(#13848),#13852);
#13848 = LINE('',#13849,#13850);
#13849 = CARTESIAN_POINT('',(-6.28318530718,-7.1));
#13850 = VECTOR('',#13851,1.);
#13851 = DIRECTION('',(1.,-0.));
#13852 = ( GEOMETRIC_REPRESENTATION_CONTEXT(2) 
PARAMETRIC_REPRESENTATION_CONTEXT() REPRESENTATION_CONTEXT('2D SPACE',''
  ) );
#13853 = PCURVE('',#5586,#13854);
#13854 = DEFINITIONAL_REPRESENTATION('',(#13855),#13863);
#13855 = ( BOUNDED_CURVE() B_SPLINE_CURVE(2,(#13856,#13857,#13858,#13859
    ,#13860,#13861,#13862),.UNSPECIFIED.,.T.,.F.) 
B_SPLINE_CURVE_WITH_KNOTS((1,2,2,2,2,1),(-2.094395102393,0.,
    2.094395102393,4.188790204786,6.28318530718,8.377580409573),
.UNSPECIFIED.) CURVE() GEOMETRIC_REPRESENTATION_ITEM() 
RATIONAL_B_SPLINE_CURVE((1.,0.5,1.,0.5,1.,0.5,1.)) REPRESENTATION_ITEM(
  '') );
#13856 = CARTESIAN_POINT('',(25.765790894703,0.));
#13857 = CARTESIAN_POINT('',(25.765790894703,-0.961288198201));
#13858 = CARTESIAN_POINT('',(24.933290894703,-0.4806440991));
#13859 = CARTESIAN_POINT('',(24.100790894703,-1.359357947054E-16));
#13860 = CARTESIAN_POINT('',(24.933290894703,0.4806440991));
#13861 = CARTESIAN_POINT('',(25.765790894703,0.961288198201));
#13862 = CARTESIAN_POINT('',(25.765790894703,0.));
#13863 = ( GEOMETRIC_REPRESENTATION_CONTEXT(2) 
PARAMETRIC_REPRESENTATION_CONTEXT() REPRESENTATION_CONTEXT('2D SPACE',''
  ) );
#13864 = ORIENTED_EDGE('',*,*,#13788,.T.);
#13865 = ORIENTED_EDGE('',*,*,#597,.T.);
#13866 = ADVANCED_FACE('',(#13867,#13898),#5586,.F.);
#13867 = FACE_BOUND('',#13868,.F.);
#13868 = EDGE_LOOP('',(#13869));
#13869 = ORIENTED_EDGE('',*,*,#13870,.T.);
#13870 = EDGE_CURVE('',#13871,#13871,#13873,.T.);
#13871 = VERTEX_POINT('',#13872);
#13872 = CARTESIAN_POINT('',(27.210790894703,44.5,212.));
#13873 = SURFACE_CURVE('',#13874,(#13879,#13886),.PCURVE_S1.);
#13874 = CIRCLE('',#13875,27.210790894703);
#13875 = AXIS2_PLACEMENT_3D('',#13876,#13877,#13878);
#13876 = CARTESIAN_POINT('',(0.,44.5,212.));
#13877 = DIRECTION('',(-0.,1.,1.110223024625E-16));
#13878 = DIRECTION('',(1.,0.,0.));
#13879 = PCURVE('',#5586,#13880);
#13880 = DEFINITIONAL_REPRESENTATION('',(#13881),#13885);
#13881 = CIRCLE('',#13882,27.210790894703);
#13882 = AXIS2_PLACEMENT_2D('',#13883,#13884);
#13883 = CARTESIAN_POINT('',(2.412172678695E-15,0.));
#13884 = DIRECTION('',(1.,0.));
#13885 = ( GEOMETRIC_REPRESENTATION_CONTEXT(2) 
PARAMETRIC_REPRESENTATION_CONTEXT() REPRESENTATION_CONTEXT('2D SPACE',''
  ) );
#13886 = PCURVE('',#13887,#13892);
#13887 = CYLINDRICAL_SURFACE('',#13888,27.210790894703);
#13888 = AXIS2_PLACEMENT_3D('',#13889,#13890,#13891);
#13889 = CARTESIAN_POINT('',(0.,44.5,212.));
#13890 = DIRECTION('',(-0.,-1.,-1.110223024625E-16));
#13891 = DIRECTION('',(1.,0.,0.));
#13892 = DEFINITIONAL_REPRESENTATION('',(#13893),#13897);
#13893 = LINE('',#13894,#13895);
#13894 = CARTESIAN_POINT('',(-0.,0.));
#13895 = VECTOR('',#13896,1.);
#13896 = DIRECTION('',(-1.,0.));
#13897 = ( GEOMETRIC_REPRESENTATION_CONTEXT(2) 
PARAMETRIC_REPRESENTATION_CONTEXT() REPRESENTATION_CONTEXT('2D SPACE',''
  ) );
#13898 = FACE_BOUND('',#13899,.F.);
#13899 = EDGE_LOOP('',(#13900,#13901,#13902,#13903,#13904,#13905,#13906,
    #13907,#13908,#13909,#13910,#13911,#13912,#13913,#13914,#13915,
    #13916,#13917,#13918,#13919,#13920,#13921,#13922,#13923,#13924,
    #13925,#13926,#13927,#13928,#13929,#13930,#13931,#13932,#13933,
    #13934,#13935,#13936,#13937,#13938,#13939,#13940,#13941,#13942,
    #13943,#13944,#13945,#13946,#13947,#13948,#13949,#13950,#13951,
    #13952,#13953,#13954,#13955,#13956,#13957,#13958,#13959,#13960,
    #13961,#13962,#13963,#13964,#13965,#13966,#13967,#13968,#13969,
    #13970,#13971,#13972,#13973,#13974,#13975,#13976,#13977,#13978,
    #13979,#13980,#13981,#13982,#13983,#13984,#13985,#13986,#13987,
    #13988,#13989,#13990,#13991,#13992,#13993,#13994,#13995,#13996,
    #13997,#13998,#13999,#14000,#14001,#14002,#14003,#14004,#14005,
    #14006,#14007,#14008,#14009,#14010,#14011,#14012,#14013,#14014,
    #14015,#14016,#14017,#14018,#14019,#14020,#14021,#14022,#14023,
    #14024,#14025,#14026,#14027,#14028,#14029,#14030,#14031,#14032,
    #14033,#14034,#14035,#14036,#14037,#14038,#14039,#14040,#14041,
    #14042,#14043,#14044,#14045,#14046,#14047,#14048,#14049,#14050,
    #14051,#14052,#14053,#14054,#14055,#14056,#14057,#14058,#14059));
#13900 = ORIENTED_EDGE('',*,*,#5569,.F.);
#13901 = ORIENTED_EDGE('',*,*,#13839,.F.);
#13902 = ORIENTED_EDGE('',*,*,#13813,.F.);
#13903 = ORIENTED_EDGE('',*,*,#13757,.F.);
#13904 = ORIENTED_EDGE('',*,*,#13709,.F.);
#13905 = ORIENTED_EDGE('',*,*,#13653,.F.);
#13906 = ORIENTED_EDGE('',*,*,#13605,.F.);
#13907 = ORIENTED_EDGE('',*,*,#13549,.F.);
#13908 = ORIENTED_EDGE('',*,*,#13501,.F.);
#13909 = ORIENTED_EDGE('',*,*,#13445,.F.);
#13910 = ORIENTED_EDGE('',*,*,#13397,.F.);
#13911 = ORIENTED_EDGE('',*,*,#13341,.F.);
#13912 = ORIENTED_EDGE('',*,*,#13293,.F.);
#13913 = ORIENTED_EDGE('',*,*,#13237,.F.);
#13914 = ORIENTED_EDGE('',*,*,#13189,.F.);
#13915 = ORIENTED_EDGE('',*,*,#13133,.F.);
#13916 = ORIENTED_EDGE('',*,*,#13085,.F.);
#13917 = ORIENTED_EDGE('',*,*,#13029,.F.);
#13918 = ORIENTED_EDGE('',*,*,#12981,.F.);
#13919 = ORIENTED_EDGE('',*,*,#12925,.F.);
#13920 = ORIENTED_EDGE('',*,*,#12877,.F.);
#13921 = ORIENTED_EDGE('',*,*,#12821,.F.);
#13922 = ORIENTED_EDGE('',*,*,#12773,.F.);
#13923 = ORIENTED_EDGE('',*,*,#12717,.F.);
#13924 = ORIENTED_EDGE('',*,*,#12669,.F.);
#13925 = ORIENTED_EDGE('',*,*,#12613,.F.);
#13926 = ORIENTED_EDGE('',*,*,#12565,.F.);
#13927 = ORIENTED_EDGE('',*,*,#12509,.F.);
#13928 = ORIENTED_EDGE('',*,*,#12461,.F.);
#13929 = ORIENTED_EDGE('',*,*,#12405,.F.);
#13930 = ORIENTED_EDGE('',*,*,#12357,.F.);
#13931 = ORIENTED_EDGE('',*,*,#12301,.F.);
#13932 = ORIENTED_EDGE('',*,*,#12253,.F.);
#13933 = ORIENTED_EDGE('',*,*,#12197,.F.);
#13934 = ORIENTED_EDGE('',*,*,#12149,.F.);
#13935 = ORIENTED_EDGE('',*,*,#12093,.F.);
#13936 = ORIENTED_EDGE('',*,*,#12045,.F.);
#13937 = ORIENTED_EDGE('',*,*,#11989,.F.);
#13938 = ORIENTED_EDGE('',*,*,#11941,.F.);
#13939 = ORIENTED_EDGE('',*,*,#11885,.F.);
#13940 = ORIENTED_EDGE('',*,*,#11837,.F.);
#13941 = ORIENTED_EDGE('',*,*,#11781,.F.);
#13942 = ORIENTED_EDGE('',*,*,#11733,.F.);
#13943 = ORIENTED_EDGE('',*,*,#11677,.F.);
#13944 = ORIENTED_EDGE('',*,*,#11629,.F.);
#13945 = ORIENTED_EDGE('',*,*,#11573,.F.);
#13946 = ORIENTED_EDGE('',*,*,#11525,.F.);
#13947 = ORIENTED_EDGE('',*,*,#11469,.F.);
#13948 = ORIENTED_EDGE('',*,*,#11421,.F.);
#13949 = ORIENTED_EDGE('',*,*,#11365,.F.);
#13950 = ORIENTED_EDGE('',*,*,#11317,.F.);
#13951 = ORIENTED_EDGE('',*,*,#11261,.F.);
#13952 = ORIENTED_EDGE('',*,*,#11213,.F.);
#13953 = ORIENTED_EDGE('',*,*,#11157,.F.);
#13954 = ORIENTED_EDGE('',*,*,#11109,.F.);
#13955 = ORIENTED_EDGE('',*,*,#11053,.F.);
#13956 = ORIENTED_EDGE('',*,*,#11005,.F.);
#13957 = ORIENTED_EDGE('',*,*,#10949,.F.);
#13958 = ORIENTED_EDGE('',*,*,#10901,.F.);
#13959 = ORIENTED_EDGE('',*,*,#10845,.F.);
#13960 = ORIENTED_EDGE('',*,*,#10797,.F.);
#13961 = ORIENTED_EDGE('',*,*,#10741,.F.);
#13962 = ORIENTED_EDGE('',*,*,#10693,.F.);
#13963 = ORIENTED_EDGE('',*,*,#10637,.F.);
#13964 = ORIENTED_EDGE('',*,*,#10589,.F.);
#13965 = ORIENTED_EDGE('',*,*,#10533,.F.);
#13966 = ORIENTED_EDGE('',*,*,#10485,.F.);
#13967 = ORIENTED_EDGE('',*,*,#10429,.F.);
#13968 = ORIENTED_EDGE('',*,*,#10381,.F.);
#13969 = ORIENTED_EDGE('',*,*,#10325,.F.);
#13970 = ORIENTED_EDGE('',*,*,#10277,.F.);
#13971 = ORIENTED_EDGE('',*,*,#10221,.F.);
#13972 = ORIENTED_EDGE('',*,*,#10173,.F.);
#13973 = ORIENTED_EDGE('',*,*,#10117,.F.);
#13974 = ORIENTED_EDGE('',*,*,#10069,.F.);
#13975 = ORIENTED_EDGE('',*,*,#10013,.F.);
#13976 = ORIENTED_EDGE('',*,*,#9965,.F.);
#13977 = ORIENTED_EDGE('',*,*,#9909,.F.);
#13978 = ORIENTED_EDGE('',*,*,#9861,.F.);
#13979 = ORIENTED_EDGE('',*,*,#9805,.F.);
#13980 = ORIENTED_EDGE('',*,*,#9757,.F.);
#13981 = ORIENTED_EDGE('',*,*,#9701,.F.);
#13982 = ORIENTED_EDGE('',*,*,#9630,.F.);
#13983 = ORIENTED_EDGE('',*,*,#9597,.F.);
#13984 = ORIENTED_EDGE('',*,*,#9526,.F.);
#13985 = ORIENTED_EDGE('',*,*,#9493,.F.);
#13986 = ORIENTED_EDGE('',*,*,#9422,.F.);
#13987 = ORIENTED_EDGE('',*,*,#9389,.F.);
#13988 = ORIENTED_EDGE('',*,*,#9318,.F.);
#13989 = ORIENTED_EDGE('',*,*,#9285,.F.);
#13990 = ORIENTED_EDGE('',*,*,#9214,.F.);
#13991 = ORIENTED_EDGE('',*,*,#9181,.F.);
#13992 = ORIENTED_EDGE('',*,*,#9110,.F.);
#13993 = ORIENTED_EDGE('',*,*,#9077,.F.);
#13994 = ORIENTED_EDGE('',*,*,#9006,.F.);
#13995 = ORIENTED_EDGE('',*,*,#8973,.F.);
#13996 = ORIENTED_EDGE('',*,*,#8902,.F.);
#13997 = ORIENTED_EDGE('',*,*,#8869,.F.);
#13998 = ORIENTED_EDGE('',*,*,#8798,.F.);
#13999 = ORIENTED_EDGE('',*,*,#8765,.F.);
#14000 = ORIENTED_EDGE('',*,*,#8694,.F.);
#14001 = ORIENTED_EDGE('',*,*,#8661,.F.);
#14002 = ORIENTED_EDGE('',*,*,#8590,.F.);
#14003 = ORIENTED_EDGE('',*,*,#8557,.F.);
#14004 = ORIENTED_EDGE('',*,*,#8486,.F.);
#14005 = ORIENTED_EDGE('',*,*,#8453,.F.);
#14006 = ORIENTED_EDGE('',*,*,#8382,.F.);
#14007 = ORIENTED_EDGE('',*,*,#8349,.F.);
#14008 = ORIENTED_EDGE('',*,*,#8278,.F.);
#14009 = ORIENTED_EDGE('',*,*,#8245,.F.);
#14010 = ORIENTED_EDGE('',*,*,#8174,.F.);
#14011 = ORIENTED_EDGE('',*,*,#8141,.F.);
#14012 = ORIENTED_EDGE('',*,*,#8070,.F.);
#14013 = ORIENTED_EDGE('',*,*,#8037,.F.);
#14014 = ORIENTED_EDGE('',*,*,#7966,.F.);
#14015 = ORIENTED_EDGE('',*,*,#7933,.F.);
#14016 = ORIENTED_EDGE('',*,*,#7862,.F.);
#14017 = ORIENTED_EDGE('',*,*,#7829,.F.);
#14018 = ORIENTED_EDGE('',*,*,#7758,.F.);
#14019 = ORIENTED_EDGE('',*,*,#7725,.F.);
#14020 = ORIENTED_EDGE('',*,*,#7654,.F.);
#14021 = ORIENTED_EDGE('',*,*,#7621,.F.);
#14022 = ORIENTED_EDGE('',*,*,#7550,.F.);
#14023 = ORIENTED_EDGE('',*,*,#7517,.F.);
#14024 = ORIENTED_EDGE('',*,*,#7446,.F.);
#14025 = ORIENTED_EDGE('',*,*,#7413,.F.);
#14026 = ORIENTED_EDGE('',*,*,#7342,.F.);
#14027 = ORIENTED_EDGE('',*,*,#7309,.F.);
#14028 = ORIENTED_EDGE('',*,*,#7238,.F.);
#14029 = ORIENTED_EDGE('',*,*,#7205,.F.);
#14030 = ORIENTED_EDGE('',*,*,#7134,.F.);
#14031 = ORIENTED_EDGE('',*,*,#7101,.F.);
#14032 = ORIENTED_EDGE('',*,*,#7030,.F.);
#14033 = ORIENTED_EDGE('',*,*,#6997,.F.);
#14034 = ORIENTED_EDGE('',*,*,#6926,.F.);
#14035 = ORIENTED_EDGE('',*,*,#6893,.F.);
#14036 = ORIENTED_EDGE('',*,*,#6822,.F.);
#14037 = ORIENTED_EDGE('',*,*,#6789,.F.);
#14038 = ORIENTED_EDGE('',*,*,#6718,.F.);
#14039 = ORIENTED_EDGE('',*,*,#6685,.F.);
#14040 = ORIENTED_EDGE('',*,*,#6614,.F.);
#14041 = ORIENTED_EDGE('',*,*,#6581,.F.);
#14042 = ORIENTED_EDGE('',*,*,#6510,.F.);
#14043 = ORIENTED_EDGE('',*,*,#6477,.F.);
#14044 = ORIENTED_EDGE('',*,*,#6406,.F.);
#14045 = ORIENTED_EDGE('',*,*,#6373,.F.);
#14046 = ORIENTED_EDGE('',*,*,#6302,.F.);
#14047 = ORIENTED_EDGE('',*,*,#6269,.F.);
#14048 = ORIENTED_EDGE('',*,*,#6198,.F.);
#14049 = ORIENTED_EDGE('',*,*,#6165,.F.);
#14050 = ORIENTED_EDGE('',*,*,#6094,.F.);
#14051 = ORIENTED_EDGE('',*,*,#6061,.F.);
#14052 = ORIENTED_EDGE('',*,*,#5990,.F.);
#14053 = ORIENTED_EDGE('',*,*,#5957,.F.);
#14054 = ORIENTED_EDGE('',*,*,#5886,.F.);
#14055 = ORIENTED_EDGE('',*,*,#5853,.F.);
#14056 = ORIENTED_EDGE('',*,*,#5782,.F.);
#14057 = ORIENTED_EDGE('',*,*,#5749,.F.);
#14058 = ORIENTED_EDGE('',*,*,#5678,.F.);
#14059 = ORIENTED_EDGE('',*,*,#5645,.F.);
#14060 = ADVANCED_FACE('',(#14061),#13887,.T.);
#14061 = FACE_BOUND('',#14062,.F.);
#14062 = EDGE_LOOP('',(#14063,#14086,#14113,#14114));
#14063 = ORIENTED_EDGE('',*,*,#14064,.T.);
#14064 = EDGE_CURVE('',#13871,#14065,#14067,.T.);
#14065 = VERTEX_POINT('',#14066);
#14066 = CARTESIAN_POINT('',(27.210790894703,46.,212.));
#14067 = SEAM_CURVE('',#14068,(#14072,#14079),.PCURVE_S1.);
#14068 = LINE('',#14069,#14070);
#14069 = CARTESIAN_POINT('',(27.210790894703,44.5,212.));
#14070 = VECTOR('',#14071,1.);
#14071 = DIRECTION('',(0.,1.,1.110223024625E-16));
#14072 = PCURVE('',#13887,#14073);
#14073 = DEFINITIONAL_REPRESENTATION('',(#14074),#14078);
#14074 = LINE('',#14075,#14076);
#14075 = CARTESIAN_POINT('',(-0.,0.));
#14076 = VECTOR('',#14077,1.);
#14077 = DIRECTION('',(-0.,-1.));
#14078 = ( GEOMETRIC_REPRESENTATION_CONTEXT(2) 
PARAMETRIC_REPRESENTATION_CONTEXT() REPRESENTATION_CONTEXT('2D SPACE',''
  ) );
#14079 = PCURVE('',#13887,#14080);
#14080 = DEFINITIONAL_REPRESENTATION('',(#14081),#14085);
#14081 = LINE('',#14082,#14083);
#14082 = CARTESIAN_POINT('',(-6.28318530718,0.));
#14083 = VECTOR('',#14084,1.);
#14084 = DIRECTION('',(-0.,-1.));
#14085 = ( GEOMETRIC_REPRESENTATION_CONTEXT(2) 
PARAMETRIC_REPRESENTATION_CONTEXT() REPRESENTATION_CONTEXT('2D SPACE',''
  ) );
#14086 = ORIENTED_EDGE('',*,*,#14087,.T.);
#14087 = EDGE_CURVE('',#14065,#14065,#14088,.T.);
#14088 = SURFACE_CURVE('',#14089,(#14094,#14101),.PCURVE_S1.);
#14089 = CIRCLE('',#14090,27.210790894703);
#14090 = AXIS2_PLACEMENT_3D('',#14091,#14092,#14093);
#14091 = CARTESIAN_POINT('',(0.,46.,212.));
#14092 = DIRECTION('',(-0.,1.,1.110223024625E-16));
#14093 = DIRECTION('',(1.,0.,0.));
#14094 = PCURVE('',#13887,#14095);
#14095 = DEFINITIONAL_REPRESENTATION('',(#14096),#14100);
#14096 = LINE('',#14097,#14098);
#14097 = CARTESIAN_POINT('',(-0.,-1.5));
#14098 = VECTOR('',#14099,1.);
#14099 = DIRECTION('',(-1.,0.));
#14100 = ( GEOMETRIC_REPRESENTATION_CONTEXT(2) 
PARAMETRIC_REPRESENTATION_CONTEXT() REPRESENTATION_CONTEXT('2D SPACE',''
  ) );
#14101 = PCURVE('',#14102,#14107);
#14102 = PLANE('',#14103);
#14103 = AXIS2_PLACEMENT_3D('',#14104,#14105,#14106);
#14104 = CARTESIAN_POINT('',(-2.412172678695E-15,46.,212.));
#14105 = DIRECTION('',(0.,1.,1.110223024625E-16));
#14106 = DIRECTION('',(1.,0.,0.));
#14107 = DEFINITIONAL_REPRESENTATION('',(#14108),#14112);
#14108 = CIRCLE('',#14109,27.210790894703);
#14109 = AXIS2_PLACEMENT_2D('',#14110,#14111);
#14110 = CARTESIAN_POINT('',(2.412172678695E-15,0.));
#14111 = DIRECTION('',(1.,0.));
#14112 = ( GEOMETRIC_REPRESENTATION_CONTEXT(2) 
PARAMETRIC_REPRESENTATION_CONTEXT() REPRESENTATION_CONTEXT('2D SPACE',''
  ) );
#14113 = ORIENTED_EDGE('',*,*,#14064,.F.);
#14114 = ORIENTED_EDGE('',*,*,#13870,.F.);
#14115 = ADVANCED_FACE('',(#14116,#14119),#14102,.T.);
#14116 = FACE_BOUND('',#14117,.T.);
#14117 = EDGE_LOOP('',(#14118));
#14118 = ORIENTED_EDGE('',*,*,#14087,.T.);
#14119 = FACE_BOUND('',#14120,.T.);
#14120 = EDGE_LOOP('',(#14121));
#14121 = ORIENTED_EDGE('',*,*,#14122,.F.);
#14122 = EDGE_CURVE('',#14123,#14123,#14125,.T.);
#14123 = VERTEX_POINT('',#14124);
#14124 = CARTESIAN_POINT('',(17.,46.,212.));
#14125 = SURFACE_CURVE('',#14126,(#14131,#14138),.PCURVE_S1.);
#14126 = CIRCLE('',#14127,17.);
#14127 = AXIS2_PLACEMENT_3D('',#14128,#14129,#14130);
#14128 = CARTESIAN_POINT('',(0.,46.,212.));
#14129 = DIRECTION('',(-0.,1.,0.));
#14130 = DIRECTION('',(1.,0.,0.));
#14131 = PCURVE('',#14102,#14132);
#14132 = DEFINITIONAL_REPRESENTATION('',(#14133),#14137);
#14133 = CIRCLE('',#14134,17.);
#14134 = AXIS2_PLACEMENT_2D('',#14135,#14136);
#14135 = CARTESIAN_POINT('',(2.412172678695E-15,0.));
#14136 = DIRECTION('',(1.,0.));
#14137 = ( GEOMETRIC_REPRESENTATION_CONTEXT(2) 
PARAMETRIC_REPRESENTATION_CONTEXT() REPRESENTATION_CONTEXT('2D SPACE',''
  ) );
#14138 = PCURVE('',#14139,#14144);
#14139 = CYLINDRICAL_SURFACE('',#14140,17.);
#14140 = AXIS2_PLACEMENT_3D('',#14141,#14142,#14143);
#14141 = CARTESIAN_POINT('',(0.,49.,212.));
#14142 = DIRECTION('',(-0.,1.,-0.));
#14143 = DIRECTION('',(1.,0.,0.));
#14144 = DEFINITIONAL_REPRESENTATION('',(#14145),#14149);
#14145 = LINE('',#14146,#14147);
#14146 = CARTESIAN_POINT('',(-6.28318530718,-3.));
#14147 = VECTOR('',#14148,1.);
#14148 = DIRECTION('',(1.,-0.));
#14149 = ( GEOMETRIC_REPRESENTATION_CONTEXT(2) 
PARAMETRIC_REPRESENTATION_CONTEXT() REPRESENTATION_CONTEXT('2D SPACE',''
  ) );
#14150 = ADVANCED_FACE('',(#14151),#14139,.T.);
#14151 = FACE_BOUND('',#14152,.F.);
#14152 = EDGE_LOOP('',(#14153,#14182,#14203,#14204));
#14153 = ORIENTED_EDGE('',*,*,#14154,.F.);
#14154 = EDGE_CURVE('',#14155,#14155,#14157,.T.);
#14155 = VERTEX_POINT('',#14156);
#14156 = CARTESIAN_POINT('',(17.,49.,212.));
#14157 = SURFACE_CURVE('',#14158,(#14163,#14170),.PCURVE_S1.);
#14158 = CIRCLE('',#14159,17.);
#14159 = AXIS2_PLACEMENT_3D('',#14160,#14161,#14162);
#14160 = CARTESIAN_POINT('',(0.,49.,212.));
#14161 = DIRECTION('',(0.,-1.,0.));
#14162 = DIRECTION('',(1.,0.,0.));
#14163 = PCURVE('',#14139,#14164);
#14164 = DEFINITIONAL_REPRESENTATION('',(#14165),#14169);
#14165 = LINE('',#14166,#14167);
#14166 = CARTESIAN_POINT('',(-0.,0.));
#14167 = VECTOR('',#14168,1.);
#14168 = DIRECTION('',(-1.,0.));
#14169 = ( GEOMETRIC_REPRESENTATION_CONTEXT(2) 
PARAMETRIC_REPRESENTATION_CONTEXT() REPRESENTATION_CONTEXT('2D SPACE',''
  ) );
#14170 = PCURVE('',#14171,#14176);
#14171 = PLANE('',#14172);
#14172 = AXIS2_PLACEMENT_3D('',#14173,#14174,#14175);
#14173 = CARTESIAN_POINT('',(0.,49.,212.));
#14174 = DIRECTION('',(-0.,-1.,-0.));
#14175 = DIRECTION('',(0.,0.,-1.));
#14176 = DEFINITIONAL_REPRESENTATION('',(#14177),#14181);
#14177 = CIRCLE('',#14178,17.);
#14178 = AXIS2_PLACEMENT_2D('',#14179,#14180);
#14179 = CARTESIAN_POINT('',(0.,0.));
#14180 = DIRECTION('',(0.,1.));
#14181 = ( GEOMETRIC_REPRESENTATION_CONTEXT(2) 
PARAMETRIC_REPRESENTATION_CONTEXT() REPRESENTATION_CONTEXT('2D SPACE',''
  ) );
#14182 = ORIENTED_EDGE('',*,*,#14183,.T.);
#14183 = EDGE_CURVE('',#14155,#14123,#14184,.T.);
#14184 = SEAM_CURVE('',#14185,(#14189,#14196),.PCURVE_S1.);
#14185 = LINE('',#14186,#14187);
#14186 = CARTESIAN_POINT('',(17.,49.,212.));
#14187 = VECTOR('',#14188,1.);
#14188 = DIRECTION('',(0.,-1.,0.));
#14189 = PCURVE('',#14139,#14190);
#14190 = DEFINITIONAL_REPRESENTATION('',(#14191),#14195);
#14191 = LINE('',#14192,#14193);
#14192 = CARTESIAN_POINT('',(-6.28318530718,0.));
#14193 = VECTOR('',#14194,1.);
#14194 = DIRECTION('',(-0.,-1.));
#14195 = ( GEOMETRIC_REPRESENTATION_CONTEXT(2) 
PARAMETRIC_REPRESENTATION_CONTEXT() REPRESENTATION_CONTEXT('2D SPACE',''
  ) );
#14196 = PCURVE('',#14139,#14197);
#14197 = DEFINITIONAL_REPRESENTATION('',(#14198),#14202);
#14198 = LINE('',#14199,#14200);
#14199 = CARTESIAN_POINT('',(-0.,0.));
#14200 = VECTOR('',#14201,1.);
#14201 = DIRECTION('',(-0.,-1.));
#14202 = ( GEOMETRIC_REPRESENTATION_CONTEXT(2) 
PARAMETRIC_REPRESENTATION_CONTEXT() REPRESENTATION_CONTEXT('2D SPACE',''
  ) );
#14203 = ORIENTED_EDGE('',*,*,#14122,.F.);
#14204 = ORIENTED_EDGE('',*,*,#14183,.F.);
#14205 = ADVANCED_FACE('',(#14206,#14209),#14171,.F.);
#14206 = FACE_BOUND('',#14207,.F.);
#14207 = EDGE_LOOP('',(#14208));
#14208 = ORIENTED_EDGE('',*,*,#14154,.T.);
#14209 = FACE_BOUND('',#14210,.F.);
#14210 = EDGE_LOOP('',(#14211));
#14211 = ORIENTED_EDGE('',*,*,#14212,.T.);
#14212 = EDGE_CURVE('',#14213,#14213,#14215,.T.);
#14213 = VERTEX_POINT('',#14214);
#14214 = CARTESIAN_POINT('',(14.975,49.,212.));
#14215 = SURFACE_CURVE('',#14216,(#14221,#14232),.PCURVE_S1.);
#14216 = CIRCLE('',#14217,14.975);
#14217 = AXIS2_PLACEMENT_3D('',#14218,#14219,#14220);
#14218 = CARTESIAN_POINT('',(0.,49.,212.));
#14219 = DIRECTION('',(-0.,1.,0.));
#14220 = DIRECTION('',(1.,0.,0.));
#14221 = PCURVE('',#14171,#14222);
#14222 = DEFINITIONAL_REPRESENTATION('',(#14223),#14231);
#14223 = ( BOUNDED_CURVE() B_SPLINE_CURVE(2,(#14224,#14225,#14226,#14227
    ,#14228,#14229,#14230),.UNSPECIFIED.,.T.,.F.) 
B_SPLINE_CURVE_WITH_KNOTS((1,2,2,2,2,1),(-2.094395102393,0.,
    2.094395102393,4.188790204786,6.28318530718,8.377580409573),
.UNSPECIFIED.) CURVE() GEOMETRIC_REPRESENTATION_ITEM() 
RATIONAL_B_SPLINE_CURVE((1.,0.5,1.,0.5,1.,0.5,1.)) REPRESENTATION_ITEM(
  '') );
#14224 = CARTESIAN_POINT('',(0.,14.975));
#14225 = CARTESIAN_POINT('',(25.937460843344,14.975));
#14226 = CARTESIAN_POINT('',(12.968730421672,-7.4875));
#14227 = CARTESIAN_POINT('',(3.667817163446E-15,-29.95));
#14228 = CARTESIAN_POINT('',(-12.96873042167,-7.4875));
#14229 = CARTESIAN_POINT('',(-25.93746084334,14.975));
#14230 = CARTESIAN_POINT('',(0.,14.975));
#14231 = ( GEOMETRIC_REPRESENTATION_CONTEXT(2) 
PARAMETRIC_REPRESENTATION_CONTEXT() REPRESENTATION_CONTEXT('2D SPACE',''
  ) );
#14232 = PCURVE('',#14233,#14238);
#14233 = CYLINDRICAL_SURFACE('',#14234,14.975);
#14234 = AXIS2_PLACEMENT_3D('',#14235,#14236,#14237);
#14235 = CARTESIAN_POINT('',(0.,63.,212.));
#14236 = DIRECTION('',(-0.,1.,-0.));
#14237 = DIRECTION('',(1.,0.,0.));
#14238 = DEFINITIONAL_REPRESENTATION('',(#14239),#14243);
#14239 = LINE('',#14240,#14241);
#14240 = CARTESIAN_POINT('',(-6.28318530718,-14.));
#14241 = VECTOR('',#14242,1.);
#14242 = DIRECTION('',(1.,-0.));
#14243 = ( GEOMETRIC_REPRESENTATION_CONTEXT(2) 
PARAMETRIC_REPRESENTATION_CONTEXT() REPRESENTATION_CONTEXT('2D SPACE',''
  ) );
#14244 = ADVANCED_FACE('',(#14245),#14233,.T.);
#14245 = FACE_BOUND('',#14246,.F.);
#14246 = EDGE_LOOP('',(#14247,#14276,#14297,#14298));
#14247 = ORIENTED_EDGE('',*,*,#14248,.F.);
#14248 = EDGE_CURVE('',#14249,#14249,#14251,.T.);
#14249 = VERTEX_POINT('',#14250);
#14250 = CARTESIAN_POINT('',(14.975,63.,212.));
#14251 = SURFACE_CURVE('',#14252,(#14257,#14264),.PCURVE_S1.);
#14252 = CIRCLE('',#14253,14.975);
#14253 = AXIS2_PLACEMENT_3D('',#14254,#14255,#14256);
#14254 = CARTESIAN_POINT('',(0.,63.,212.));
#14255 = DIRECTION('',(0.,-1.,0.));
#14256 = DIRECTION('',(1.,0.,0.));
#14257 = PCURVE('',#14233,#14258);
#14258 = DEFINITIONAL_REPRESENTATION('',(#14259),#14263);
#14259 = LINE('',#14260,#14261);
#14260 = CARTESIAN_POINT('',(-0.,0.));
#14261 = VECTOR('',#14262,1.);
#14262 = DIRECTION('',(-1.,0.));
#14263 = ( GEOMETRIC_REPRESENTATION_CONTEXT(2) 
PARAMETRIC_REPRESENTATION_CONTEXT() REPRESENTATION_CONTEXT('2D SPACE',''
  ) );
#14264 = PCURVE('',#14265,#14270);
#14265 = PLANE('',#14266);
#14266 = AXIS2_PLACEMENT_3D('',#14267,#14268,#14269);
#14267 = CARTESIAN_POINT('',(-2.191556806741E-15,63.,212.));
#14268 = DIRECTION('',(-0.,-1.,-0.));
#14269 = DIRECTION('',(0.,0.,-1.));
#14270 = DEFINITIONAL_REPRESENTATION('',(#14271),#14275);
#14271 = CIRCLE('',#14272,14.975);
#14272 = AXIS2_PLACEMENT_2D('',#14273,#14274);
#14273 = CARTESIAN_POINT('',(0.,2.191556806741E-15));
#14274 = DIRECTION('',(0.,1.));
#14275 = ( GEOMETRIC_REPRESENTATION_CONTEXT(2) 
PARAMETRIC_REPRESENTATION_CONTEXT() REPRESENTATION_CONTEXT('2D SPACE',''
  ) );
#14276 = ORIENTED_EDGE('',*,*,#14277,.T.);
#14277 = EDGE_CURVE('',#14249,#14213,#14278,.T.);
#14278 = SEAM_CURVE('',#14279,(#14283,#14290),.PCURVE_S1.);
#14279 = LINE('',#14280,#14281);
#14280 = CARTESIAN_POINT('',(14.975,63.,212.));
#14281 = VECTOR('',#14282,1.);
#14282 = DIRECTION('',(0.,-1.,0.));
#14283 = PCURVE('',#14233,#14284);
#14284 = DEFINITIONAL_REPRESENTATION('',(#14285),#14289);
#14285 = LINE('',#14286,#14287);
#14286 = CARTESIAN_POINT('',(-6.28318530718,0.));
#14287 = VECTOR('',#14288,1.);
#14288 = DIRECTION('',(-0.,-1.));
#14289 = ( GEOMETRIC_REPRESENTATION_CONTEXT(2) 
PARAMETRIC_REPRESENTATION_CONTEXT() REPRESENTATION_CONTEXT('2D SPACE',''
  ) );
#14290 = PCURVE('',#14233,#14291);
#14291 = DEFINITIONAL_REPRESENTATION('',(#14292),#14296);
#14292 = LINE('',#14293,#14294);
#14293 = CARTESIAN_POINT('',(-0.,0.));
#14294 = VECTOR('',#14295,1.);
#14295 = DIRECTION('',(-0.,-1.));
#14296 = ( GEOMETRIC_REPRESENTATION_CONTEXT(2) 
PARAMETRIC_REPRESENTATION_CONTEXT() REPRESENTATION_CONTEXT('2D SPACE',''
  ) );
#14297 = ORIENTED_EDGE('',*,*,#14212,.F.);
#14298 = ORIENTED_EDGE('',*,*,#14277,.F.);
#14299 = ADVANCED_FACE('',(#14300,#14303),#14265,.F.);
#14300 = FACE_BOUND('',#14301,.F.);
#14301 = EDGE_LOOP('',(#14302));
#14302 = ORIENTED_EDGE('',*,*,#14248,.T.);
#14303 = FACE_BOUND('',#14304,.F.);
#14304 = EDGE_LOOP('',(#14305));
#14305 = ORIENTED_EDGE('',*,*,#14306,.T.);
#14306 = EDGE_CURVE('',#14307,#14307,#14309,.T.);
#14307 = VERTEX_POINT('',#14308);
#14308 = CARTESIAN_POINT('',(3.1,63.,212.));
#14309 = SURFACE_CURVE('',#14310,(#14315,#14326),.PCURVE_S1.);
#14310 = CIRCLE('',#14311,3.1);
#14311 = AXIS2_PLACEMENT_3D('',#14312,#14313,#14314);
#14312 = CARTESIAN_POINT('',(0.,63.,212.));
#14313 = DIRECTION('',(-0.,1.,0.));
#14314 = DIRECTION('',(1.,0.,0.));
#14315 = PCURVE('',#14265,#14316);
#14316 = DEFINITIONAL_REPRESENTATION('',(#14317),#14325);
#14317 = ( BOUNDED_CURVE() B_SPLINE_CURVE(2,(#14318,#14319,#14320,#14321
    ,#14322,#14323,#14324),.UNSPECIFIED.,.T.,.F.) 
B_SPLINE_CURVE_WITH_KNOTS((1,2,2,2,2,1),(-2.094395102393,0.,
    2.094395102393,4.188790204786,6.28318530718,8.377580409573),
.UNSPECIFIED.) CURVE() GEOMETRIC_REPRESENTATION_ITEM() 
RATIONAL_B_SPLINE_CURVE((1.,0.5,1.,0.5,1.,0.5,1.)) REPRESENTATION_ITEM(
  '') );
#14318 = CARTESIAN_POINT('',(0.,3.1));
#14319 = CARTESIAN_POINT('',(5.369357503464,3.1));
#14320 = CARTESIAN_POINT('',(2.684678751732,-1.55));
#14321 = CARTESIAN_POINT('',(7.592810154714E-16,-6.2));
#14322 = CARTESIAN_POINT('',(-2.684678751732,-1.55));
#14323 = CARTESIAN_POINT('',(-5.369357503464,3.1));
#14324 = CARTESIAN_POINT('',(0.,3.1));
#14325 = ( GEOMETRIC_REPRESENTATION_CONTEXT(2) 
PARAMETRIC_REPRESENTATION_CONTEXT() REPRESENTATION_CONTEXT('2D SPACE',''
  ) );
#14326 = PCURVE('',#14327,#14332);
#14327 = CYLINDRICAL_SURFACE('',#14328,3.1);
#14328 = AXIS2_PLACEMENT_3D('',#14329,#14330,#14331);
#14329 = CARTESIAN_POINT('',(0.,64.,212.));
#14330 = DIRECTION('',(-0.,1.,-0.));
#14331 = DIRECTION('',(1.,0.,0.));
#14332 = DEFINITIONAL_REPRESENTATION('',(#14333),#14337);
#14333 = LINE('',#14334,#14335);
#14334 = CARTESIAN_POINT('',(-6.28318530718,-1.));
#14335 = VECTOR('',#14336,1.);
#14336 = DIRECTION('',(1.,-0.));
#14337 = ( GEOMETRIC_REPRESENTATION_CONTEXT(2) 
PARAMETRIC_REPRESENTATION_CONTEXT() REPRESENTATION_CONTEXT('2D SPACE',''
  ) );
#14338 = ADVANCED_FACE('',(#14339),#14327,.F.);
#14339 = FACE_BOUND('',#14340,.T.);
#14340 = EDGE_LOOP('',(#14341,#14342,#14365,#14392));
#14341 = ORIENTED_EDGE('',*,*,#14306,.T.);
#14342 = ORIENTED_EDGE('',*,*,#14343,.T.);
#14343 = EDGE_CURVE('',#14307,#14344,#14346,.T.);
#14344 = VERTEX_POINT('',#14345);
#14345 = CARTESIAN_POINT('',(3.1,60.4,212.));
#14346 = SEAM_CURVE('',#14347,(#14351,#14358),.PCURVE_S1.);
#14347 = LINE('',#14348,#14349);
#14348 = CARTESIAN_POINT('',(3.1,64.,212.));
#14349 = VECTOR('',#14350,1.);
#14350 = DIRECTION('',(0.,-1.,0.));
#14351 = PCURVE('',#14327,#14352);
#14352 = DEFINITIONAL_REPRESENTATION('',(#14353),#14357);
#14353 = LINE('',#14354,#14355);
#14354 = CARTESIAN_POINT('',(-6.28318530718,0.));
#14355 = VECTOR('',#14356,1.);
#14356 = DIRECTION('',(-0.,-1.));
#14357 = ( GEOMETRIC_REPRESENTATION_CONTEXT(2) 
PARAMETRIC_REPRESENTATION_CONTEXT() REPRESENTATION_CONTEXT('2D SPACE',''
  ) );
#14358 = PCURVE('',#14327,#14359);
#14359 = DEFINITIONAL_REPRESENTATION('',(#14360),#14364);
#14360 = LINE('',#14361,#14362);
#14361 = CARTESIAN_POINT('',(-0.,0.));
#14362 = VECTOR('',#14363,1.);
#14363 = DIRECTION('',(-0.,-1.));
#14364 = ( GEOMETRIC_REPRESENTATION_CONTEXT(2) 
PARAMETRIC_REPRESENTATION_CONTEXT() REPRESENTATION_CONTEXT('2D SPACE',''
  ) );
#14365 = ORIENTED_EDGE('',*,*,#14366,.T.);
#14366 = EDGE_CURVE('',#14344,#14344,#14367,.T.);
#14367 = SURFACE_CURVE('',#14368,(#14373,#14380),.PCURVE_S1.);
#14368 = CIRCLE('',#14369,3.1);
#14369 = AXIS2_PLACEMENT_3D('',#14370,#14371,#14372);
#14370 = CARTESIAN_POINT('',(0.,60.4,212.));
#14371 = DIRECTION('',(0.,-1.,0.));
#14372 = DIRECTION('',(1.,0.,0.));
#14373 = PCURVE('',#14327,#14374);
#14374 = DEFINITIONAL_REPRESENTATION('',(#14375),#14379);
#14375 = LINE('',#14376,#14377);
#14376 = CARTESIAN_POINT('',(-0.,-3.6));
#14377 = VECTOR('',#14378,1.);
#14378 = DIRECTION('',(-1.,0.));
#14379 = ( GEOMETRIC_REPRESENTATION_CONTEXT(2) 
PARAMETRIC_REPRESENTATION_CONTEXT() REPRESENTATION_CONTEXT('2D SPACE',''
  ) );
#14380 = PCURVE('',#14381,#14386);
#14381 = PLANE('',#14382);
#14382 = AXIS2_PLACEMENT_3D('',#14383,#14384,#14385);
#14383 = CARTESIAN_POINT('',(9.924968703915E-16,60.4,212.));
#14384 = DIRECTION('',(-0.,-1.,-0.));
#14385 = DIRECTION('',(0.,0.,-1.));
#14386 = DEFINITIONAL_REPRESENTATION('',(#14387),#14391);
#14387 = CIRCLE('',#14388,3.1);
#14388 = AXIS2_PLACEMENT_2D('',#14389,#14390);
#14389 = CARTESIAN_POINT('',(0.,-9.924968703915E-16));
#14390 = DIRECTION('',(0.,1.));
#14391 = ( GEOMETRIC_REPRESENTATION_CONTEXT(2) 
PARAMETRIC_REPRESENTATION_CONTEXT() REPRESENTATION_CONTEXT('2D SPACE',''
  ) );
#14392 = ORIENTED_EDGE('',*,*,#14343,.F.);
#14393 = ADVANCED_FACE('',(#14394),#14381,.F.);
#14394 = FACE_BOUND('',#14395,.F.);
#14395 = EDGE_LOOP('',(#14396));
#14396 = ORIENTED_EDGE('',*,*,#14366,.T.);
#14397 = ( GEOMETRIC_REPRESENTATION_CONTEXT(3) 
GLOBAL_UNCERTAINTY_ASSIGNED_CONTEXT((#14401)) 
GLOBAL_UNIT_ASSIGNED_CONTEXT((#14398,#14399,#14400)) 
REPRESENTATION_CONTEXT('Context #1',
  '3D Context with UNIT and UNCERTAINTY') );
#14398 = ( LENGTH_UNIT() NAMED_UNIT(*) SI_UNIT(.MILLI.,.METRE.) );
#14399 = ( NAMED_UNIT(*) PLANE_ANGLE_UNIT() SI_UNIT($,.RADIAN.) );
#14400 = ( NAMED_UNIT(*) SI_UNIT($,.STERADIAN.) SOLID_ANGLE_UNIT() );
#14401 = UNCERTAINTY_MEASURE_WITH_UNIT(LENGTH_MEASURE(1.E-07),#14398,
  'distance_accuracy_value','confusion accuracy');
#14402 = PRODUCT_RELATED_PRODUCT_CATEGORY('part',$,(#7));
ENDSEC;
END-ISO-10303-21;
