solid OpenSCAD_Model
  facet normal 1 -0 0
    outer loop
      vertex 21.15 -21.15 -20
      vertex 21.15 21.15 -60
      vertex 21.15 21.15 -20
    endloop
  endfacet
  facet normal 1 0 0
    outer loop
      vertex 21.15 21.15 -60
      vertex 21.15 -21.15 -20
      vertex 21.15 -21.15 -60
    endloop
  endfacet
  facet normal 0 0 1
    outer loop
      vertex 9.57451 10.1602 -20
      vertex -9.57451 10.1602 -20
      vertex 9.69079 9.98614 -20
    endloop
  endfacet
  facet normal 0 0 1
    outer loop
      vertex 9.82878 -9.82878 -20
      vertex -9.37384 -10.7513 -20
      vertex -9.36016 -10.9602 -20
    endloop
  endfacet
  facet normal 0 0 1
    outer loop
      vertex -9.69079 9.98614 -20
      vertex 9.69079 9.98614 -20
      vertex -9.57451 10.1602 -20
    endloop
  endfacet
  facet normal 0 0 1
    outer loop
      vertex 9.82878 -9.82878 -20
      vertex -9.41467 -10.546 -20
      vertex -9.37384 -10.7513 -20
    endloop
  endfacet
  facet normal 0 0 1
    outer loop
      vertex 9.69079 9.98614 -20
      vertex -9.69079 9.98614 -20
      vertex 9.82878 9.82878 -20
    endloop
  endfacet
  facet normal 0 0 1
    outer loop
      vertex 9.82878 -9.82878 -20
      vertex -9.48195 -10.3479 -20
      vertex -9.41467 -10.546 -20
    endloop
  endfacet
  facet normal 0 0 1
    outer loop
      vertex -9.82878 9.82878 -20
      vertex 9.82878 9.82878 -20
      vertex -9.69079 9.98614 -20
    endloop
  endfacet
  facet normal 0 0 1
    outer loop
      vertex 9.82878 -9.82878 -20
      vertex -9.57451 -10.1602 -20
      vertex -9.48195 -10.3479 -20
    endloop
  endfacet
  facet normal 0 0 1
    outer loop
      vertex 9.82878 9.82878 -20
      vertex -9.82878 9.82878 -20
      vertex 9.82878 -9.82878 -20
    endloop
  endfacet
  facet normal 0 0 1
    outer loop
      vertex 9.82878 -9.82878 -20
      vertex -9.69079 -9.98614 -20
      vertex -9.57451 -10.1602 -20
    endloop
  endfacet
  facet normal 0 0 1
    outer loop
      vertex -9.82878 -9.82878 -20
      vertex 9.82878 -9.82878 -20
      vertex -9.82878 9.82878 -20
    endloop
  endfacet
  facet normal 0 0 1
    outer loop
      vertex 9.82878 -9.82878 -20
      vertex -9.82878 -9.82878 -20
      vertex -9.69079 -9.98614 -20
    endloop
  endfacet
  facet normal -0 0 1
    outer loop
      vertex -9.98614 9.69079 -20
      vertex -9.82878 -9.82878 -20
      vertex -9.82878 9.82878 -20
    endloop
  endfacet
  facet normal 0 0 1
    outer loop
      vertex -9.98614 9.69079 -20
      vertex -9.98614 -9.69079 -20
      vertex -9.82878 -9.82878 -20
    endloop
  endfacet
  facet normal -0 0 1
    outer loop
      vertex -10.1602 9.57451 -20
      vertex -9.98614 -9.69079 -20
      vertex -9.98614 9.69079 -20
    endloop
  endfacet
  facet normal 0 0 1
    outer loop
      vertex -10.1602 9.57451 -20
      vertex -10.1602 -9.57451 -20
      vertex -9.98614 -9.69079 -20
    endloop
  endfacet
  facet normal -0 0 1
    outer loop
      vertex -10.3479 9.48195 -20
      vertex -10.1602 -9.57451 -20
      vertex -10.1602 9.57451 -20
    endloop
  endfacet
  facet normal 0 0 1
    outer loop
      vertex -10.3479 9.48195 -20
      vertex -10.3479 -9.48195 -20
      vertex -10.1602 -9.57451 -20
    endloop
  endfacet
  facet normal -0 0 1
    outer loop
      vertex -10.546 9.41467 -20
      vertex -10.3479 -9.48195 -20
      vertex -10.3479 9.48195 -20
    endloop
  endfacet
  facet normal 0 0 1
    outer loop
      vertex -10.546 9.41467 -20
      vertex -10.546 -9.41467 -20
      vertex -10.3479 -9.48195 -20
    endloop
  endfacet
  facet normal -0 0 1
    outer loop
      vertex -10.7513 9.37384 -20
      vertex -10.546 -9.41467 -20
      vertex -10.546 9.41467 -20
    endloop
  endfacet
  facet normal 0 0 1
    outer loop
      vertex -10.7513 9.37384 -20
      vertex -10.7513 -9.37384 -20
      vertex -10.546 -9.41467 -20
    endloop
  endfacet
  facet normal -0 0 1
    outer loop
      vertex -10.9602 9.36016 -20
      vertex -10.7513 -9.37384 -20
      vertex -10.7513 9.37384 -20
    endloop
  endfacet
  facet normal 0 0 1
    outer loop
      vertex -10.9602 9.36016 -20
      vertex -10.9602 -9.36016 -20
      vertex -10.7513 -9.37384 -20
    endloop
  endfacet
  facet normal 0 0 1
    outer loop
      vertex -11.169 9.37384 -20
      vertex -10.9602 -9.36016 -20
      vertex -10.9602 9.36016 -20
    endloop
  endfacet
  facet normal 0 0 1
    outer loop
      vertex -11.169 9.37384 -20
      vertex -11.169 -9.37384 -20
      vertex -10.9602 -9.36016 -20
    endloop
  endfacet
  facet normal 0 0 1
    outer loop
      vertex -11.3743 9.41467 -20
      vertex -11.169 -9.37384 -20
      vertex -11.169 9.37384 -20
    endloop
  endfacet
  facet normal 0 0 1
    outer loop
      vertex -11.3743 9.41467 -20
      vertex -11.3743 -9.41467 -20
      vertex -11.169 -9.37384 -20
    endloop
  endfacet
  facet normal 0 0 1
    outer loop
      vertex -11.5724 9.48195 -20
      vertex -11.3743 -9.41467 -20
      vertex -11.3743 9.41467 -20
    endloop
  endfacet
  facet normal 0 0 1
    outer loop
      vertex -11.5724 9.48195 -20
      vertex -11.5724 -9.48195 -20
      vertex -11.3743 -9.41467 -20
    endloop
  endfacet
  facet normal 0 0 1
    outer loop
      vertex -11.7602 9.57451 -20
      vertex -11.5724 -9.48195 -20
      vertex -11.5724 9.48195 -20
    endloop
  endfacet
  facet normal 0 0 1
    outer loop
      vertex -11.7602 9.57451 -20
      vertex -11.7602 -9.57451 -20
      vertex -11.5724 -9.48195 -20
    endloop
  endfacet
  facet normal 0 0 1
    outer loop
      vertex -11.9342 9.69079 -20
      vertex -11.7602 -9.57451 -20
      vertex -11.7602 9.57451 -20
    endloop
  endfacet
  facet normal 0 0 1
    outer loop
      vertex -11.9342 9.69079 -20
      vertex -11.9342 -9.69079 -20
      vertex -11.7602 -9.57451 -20
    endloop
  endfacet
  facet normal 0 0 1
    outer loop
      vertex -12.0915 9.82878 -20
      vertex -11.9342 -9.69079 -20
      vertex -11.9342 9.69079 -20
    endloop
  endfacet
  facet normal 0 0 1
    outer loop
      vertex -12.0915 9.82878 -20
      vertex -12.0915 -9.82878 -20
      vertex -11.9342 -9.69079 -20
    endloop
  endfacet
  facet normal 0 0 1
    outer loop
      vertex -12.2295 9.98614 -20
      vertex -12.0915 -9.82878 -20
      vertex -12.0915 9.82878 -20
    endloop
  endfacet
  facet normal 0 0 1
    outer loop
      vertex -12.2295 9.98614 -20
      vertex -12.2295 -9.98614 -20
      vertex -12.0915 -9.82878 -20
    endloop
  endfacet
  facet normal 0 0 1
    outer loop
      vertex -12.3458 10.1602 -20
      vertex -12.2295 -9.98614 -20
      vertex -12.2295 9.98614 -20
    endloop
  endfacet
  facet normal 0 0 1
    outer loop
      vertex -12.3458 10.1602 -20
      vertex -12.3458 -10.1602 -20
      vertex -12.2295 -9.98614 -20
    endloop
  endfacet
  facet normal 0 0 1
    outer loop
      vertex -12.4384 10.3479 -20
      vertex -12.3458 -10.1602 -20
      vertex -12.3458 10.1602 -20
    endloop
  endfacet
  facet normal 0 0 1
    outer loop
      vertex -12.4384 10.3479 -20
      vertex -12.4384 -10.3479 -20
      vertex -12.3458 -10.1602 -20
    endloop
  endfacet
  facet normal 0 0 1
    outer loop
      vertex -21.15 21.15 -20
      vertex -12.4384 10.3479 -20
      vertex -12.5056 10.546 -20
    endloop
  endfacet
  facet normal 0 0 1
    outer loop
      vertex -12.4384 10.3479 -20
      vertex -21.15 21.15 -20
      vertex -12.4384 -10.3479 -20
    endloop
  endfacet
  facet normal 0 0 1
    outer loop
      vertex -21.15 21.15 -20
      vertex -12.5056 10.546 -20
      vertex -12.5465 10.7513 -20
    endloop
  endfacet
  facet normal 0 0 1
    outer loop
      vertex -21.15 -21.15 -20
      vertex -12.4384 -10.3479 -20
      vertex -21.15 21.15 -20
    endloop
  endfacet
  facet normal 0 0 1
    outer loop
      vertex -21.15 21.15 -20
      vertex -12.5465 10.7513 -20
      vertex -12.5602 10.9602 -20
    endloop
  endfacet
  facet normal 0 0 1
    outer loop
      vertex -12.4384 -10.3479 -20
      vertex -21.15 -21.15 -20
      vertex -12.5056 -10.546 -20
    endloop
  endfacet
  facet normal 0 0 1
    outer loop
      vertex 12.4384 10.3479 -20
      vertex 21.15 21.15 -20
      vertex 12.5056 10.546 -20
    endloop
  endfacet
  facet normal 0 0 1
    outer loop
      vertex 21.15 -21.15 -20
      vertex 12.5465 -10.7513 -20
      vertex 12.5602 -10.9602 -20
    endloop
  endfacet
  facet normal 0 0 1
    outer loop
      vertex 21.15 21.15 -20
      vertex 12.4384 10.3479 -20
      vertex 21.15 -21.15 -20
    endloop
  endfacet
  facet normal 0 0 1
    outer loop
      vertex 21.15 -21.15 -20
      vertex 12.5056 -10.546 -20
      vertex 12.5465 -10.7513 -20
    endloop
  endfacet
  facet normal -0 0 1
    outer loop
      vertex 12.4384 -10.3479 -20
      vertex 21.15 -21.15 -20
      vertex 12.4384 10.3479 -20
    endloop
  endfacet
  facet normal 0 0 1
    outer loop
      vertex 21.15 -21.15 -20
      vertex 12.4384 -10.3479 -20
      vertex 12.5056 -10.546 -20
    endloop
  endfacet
  facet normal -0 0 1
    outer loop
      vertex 12.3458 10.1602 -20
      vertex 12.4384 -10.3479 -20
      vertex 12.4384 10.3479 -20
    endloop
  endfacet
  facet normal 0 0 1
    outer loop
      vertex 12.3458 10.1602 -20
      vertex 12.3458 -10.1602 -20
      vertex 12.4384 -10.3479 -20
    endloop
  endfacet
  facet normal -0 0 1
    outer loop
      vertex 12.2295 9.98614 -20
      vertex 12.3458 -10.1602 -20
      vertex 12.3458 10.1602 -20
    endloop
  endfacet
  facet normal 0 0 1
    outer loop
      vertex 12.2295 9.98614 -20
      vertex 12.2295 -9.98614 -20
      vertex 12.3458 -10.1602 -20
    endloop
  endfacet
  facet normal -0 0 1
    outer loop
      vertex 12.0915 9.82878 -20
      vertex 12.2295 -9.98614 -20
      vertex 12.2295 9.98614 -20
    endloop
  endfacet
  facet normal 0 0 1
    outer loop
      vertex 12.0915 9.82878 -20
      vertex 12.0915 -9.82878 -20
      vertex 12.2295 -9.98614 -20
    endloop
  endfacet
  facet normal -0 0 1
    outer loop
      vertex 11.9342 9.69079 -20
      vertex 12.0915 -9.82878 -20
      vertex 12.0915 9.82878 -20
    endloop
  endfacet
  facet normal 0 0 1
    outer loop
      vertex 11.9342 9.69079 -20
      vertex 11.9342 -9.69079 -20
      vertex 12.0915 -9.82878 -20
    endloop
  endfacet
  facet normal -0 0 1
    outer loop
      vertex 11.7602 9.57451 -20
      vertex 11.9342 -9.69079 -20
      vertex 11.9342 9.69079 -20
    endloop
  endfacet
  facet normal 0 0 1
    outer loop
      vertex 11.7602 9.57451 -20
      vertex 11.7602 -9.57451 -20
      vertex 11.9342 -9.69079 -20
    endloop
  endfacet
  facet normal -0 0 1
    outer loop
      vertex 11.5724 9.48195 -20
      vertex 11.7602 -9.57451 -20
      vertex 11.7602 9.57451 -20
    endloop
  endfacet
  facet normal 0 0 1
    outer loop
      vertex 11.5724 9.48195 -20
      vertex 11.5724 -9.48195 -20
      vertex 11.7602 -9.57451 -20
    endloop
  endfacet
  facet normal -0 0 1
    outer loop
      vertex 11.3743 9.41467 -20
      vertex 11.5724 -9.48195 -20
      vertex 11.5724 9.48195 -20
    endloop
  endfacet
  facet normal 0 0 1
    outer loop
      vertex 11.3743 9.41467 -20
      vertex 11.3743 -9.41467 -20
      vertex 11.5724 -9.48195 -20
    endloop
  endfacet
  facet normal -0 0 1
    outer loop
      vertex 11.169 9.37384 -20
      vertex 11.3743 -9.41467 -20
      vertex 11.3743 9.41467 -20
    endloop
  endfacet
  facet normal 0 0 1
    outer loop
      vertex 11.169 9.37384 -20
      vertex 11.169 -9.37384 -20
      vertex 11.3743 -9.41467 -20
    endloop
  endfacet
  facet normal -0 0 1
    outer loop
      vertex 10.9602 9.36016 -20
      vertex 11.169 -9.37384 -20
      vertex 11.169 9.37384 -20
    endloop
  endfacet
  facet normal 0 0 1
    outer loop
      vertex 10.9602 9.36016 -20
      vertex 10.9602 -9.36016 -20
      vertex 11.169 -9.37384 -20
    endloop
  endfacet
  facet normal 0 0 1
    outer loop
      vertex 10.7513 9.37384 -20
      vertex 10.9602 -9.36016 -20
      vertex 10.9602 9.36016 -20
    endloop
  endfacet
  facet normal 0 0 1
    outer loop
      vertex 10.7513 9.37384 -20
      vertex 10.7513 -9.37384 -20
      vertex 10.9602 -9.36016 -20
    endloop
  endfacet
  facet normal 0 0 1
    outer loop
      vertex 10.546 9.41467 -20
      vertex 10.7513 -9.37384 -20
      vertex 10.7513 9.37384 -20
    endloop
  endfacet
  facet normal 0 0 1
    outer loop
      vertex 10.546 9.41467 -20
      vertex 10.546 -9.41467 -20
      vertex 10.7513 -9.37384 -20
    endloop
  endfacet
  facet normal 0 0 1
    outer loop
      vertex 10.3479 9.48195 -20
      vertex 10.546 -9.41467 -20
      vertex 10.546 9.41467 -20
    endloop
  endfacet
  facet normal 0 0 1
    outer loop
      vertex 10.3479 9.48195 -20
      vertex 10.3479 -9.48195 -20
      vertex 10.546 -9.41467 -20
    endloop
  endfacet
  facet normal 0 0 1
    outer loop
      vertex 10.1602 9.57451 -20
      vertex 10.3479 -9.48195 -20
      vertex 10.3479 9.48195 -20
    endloop
  endfacet
  facet normal 0 0 1
    outer loop
      vertex 10.1602 9.57451 -20
      vertex 10.1602 -9.57451 -20
      vertex 10.3479 -9.48195 -20
    endloop
  endfacet
  facet normal 0 0 1
    outer loop
      vertex 9.98614 9.69079 -20
      vertex 10.1602 -9.57451 -20
      vertex 10.1602 9.57451 -20
    endloop
  endfacet
  facet normal 0 0 1
    outer loop
      vertex 9.98614 9.69079 -20
      vertex 9.98614 -9.69079 -20
      vertex 10.1602 -9.57451 -20
    endloop
  endfacet
  facet normal 0 0 1
    outer loop
      vertex 9.82878 9.82878 -20
      vertex 9.98614 -9.69079 -20
      vertex 9.98614 9.69079 -20
    endloop
  endfacet
  facet normal 0 0 1
    outer loop
      vertex 9.82878 9.82878 -20
      vertex 9.82878 -9.82878 -20
      vertex 9.98614 -9.69079 -20
    endloop
  endfacet
  facet normal 0 0 1
    outer loop
      vertex -9.48195 10.3479 -20
      vertex 9.48195 10.3479 -20
      vertex -9.41467 10.546 -20
    endloop
  endfacet
  facet normal 0 0 1
    outer loop
      vertex 9.48195 10.3479 -20
      vertex -9.48195 10.3479 -20
      vertex 9.57451 10.1602 -20
    endloop
  endfacet
  facet normal 0 0 1
    outer loop
      vertex 9.41467 10.546 -20
      vertex -9.41467 10.546 -20
      vertex 9.48195 10.3479 -20
    endloop
  endfacet
  facet normal 0 0 1
    outer loop
      vertex -9.57451 10.1602 -20
      vertex 9.57451 10.1602 -20
      vertex -9.48195 10.3479 -20
    endloop
  endfacet
  facet normal 0 0 1
    outer loop
      vertex -9.41467 10.546 -20
      vertex 9.41467 10.546 -20
      vertex -9.37384 10.7513 -20
    endloop
  endfacet
  facet normal 0 0 1
    outer loop
      vertex 9.82878 -9.82878 -20
      vertex -9.36016 -10.9602 -20
      vertex 9.69079 -9.98614 -20
    endloop
  endfacet
  facet normal 0 0 1
    outer loop
      vertex 9.37384 10.7513 -20
      vertex -9.37384 10.7513 -20
      vertex 9.41467 10.546 -20
    endloop
  endfacet
  facet normal 0 0 1
    outer loop
      vertex 9.69079 -9.98614 -20
      vertex -9.36016 -10.9602 -20
      vertex 9.57451 -10.1602 -20
    endloop
  endfacet
  facet normal 0 0 1
    outer loop
      vertex -9.37384 10.7513 -20
      vertex 9.37384 10.7513 -20
      vertex -9.36016 10.9602 -20
    endloop
  endfacet
  facet normal 0 0 1
    outer loop
      vertex 9.57451 -10.1602 -20
      vertex -9.36016 -10.9602 -20
      vertex 9.48195 -10.3479 -20
    endloop
  endfacet
  facet normal -0 0 1
    outer loop
      vertex -9.36016 10.9602 -20
      vertex 9.37384 10.7513 -20
      vertex 9.36016 10.9602 -20
    endloop
  endfacet
  facet normal 0 0 1
    outer loop
      vertex 9.48195 -10.3479 -20
      vertex -9.36016 -10.9602 -20
      vertex 9.41467 -10.546 -20
    endloop
  endfacet
  facet normal 0 0 1
    outer loop
      vertex 12.5465 10.7513 -20
      vertex 21.15 21.15 -20
      vertex 12.5602 10.9602 -20
    endloop
  endfacet
  facet normal 0 0 1
    outer loop
      vertex 21.15 21.15 -20
      vertex 12.5465 11.169 -20
      vertex 12.5602 10.9602 -20
    endloop
  endfacet
  facet normal 0 0 1
    outer loop
      vertex 21.15 21.15 -20
      vertex 12.5056 11.3743 -20
      vertex 12.5465 11.169 -20
    endloop
  endfacet
  facet normal 0 0 1
    outer loop
      vertex 21.15 21.15 -20
      vertex 12.4384 11.5724 -20
      vertex 12.5056 11.3743 -20
    endloop
  endfacet
  facet normal 0 0 1
    outer loop
      vertex 21.15 21.15 -20
      vertex 12.3458 11.7602 -20
      vertex 12.4384 11.5724 -20
    endloop
  endfacet
  facet normal 0 0 1
    outer loop
      vertex 21.15 21.15 -20
      vertex 12.2295 11.9342 -20
      vertex 12.3458 11.7602 -20
    endloop
  endfacet
  facet normal 0 0 1
    outer loop
      vertex 21.15 21.15 -20
      vertex 12.0915 12.0915 -20
      vertex 12.2295 11.9342 -20
    endloop
  endfacet
  facet normal 0 0 1
    outer loop
      vertex 21.15 21.15 -20
      vertex 11.9342 12.2295 -20
      vertex 12.0915 12.0915 -20
    endloop
  endfacet
  facet normal 0 0 1
    outer loop
      vertex 21.15 21.15 -20
      vertex 11.7602 12.3458 -20
      vertex 11.9342 12.2295 -20
    endloop
  endfacet
  facet normal 0 0 1
    outer loop
      vertex 21.15 21.15 -20
      vertex 11.5724 12.4384 -20
      vertex 11.7602 12.3458 -20
    endloop
  endfacet
  facet normal 0 0 1
    outer loop
      vertex 21.15 21.15 -20
      vertex 11.3743 12.5056 -20
      vertex 11.5724 12.4384 -20
    endloop
  endfacet
  facet normal 0 0 1
    outer loop
      vertex 21.15 21.15 -20
      vertex 11.169 12.5465 -20
      vertex 11.3743 12.5056 -20
    endloop
  endfacet
  facet normal 0 0 1
    outer loop
      vertex 21.15 21.15 -20
      vertex 10.9602 12.5602 -20
      vertex 11.169 12.5465 -20
    endloop
  endfacet
  facet normal 0 0 1
    outer loop
      vertex 21.15 21.15 -20
      vertex 10.7513 12.5465 -20
      vertex 10.9602 12.5602 -20
    endloop
  endfacet
  facet normal 0 0 1
    outer loop
      vertex 21.15 21.15 -20
      vertex 10.546 12.5056 -20
      vertex 10.7513 12.5465 -20
    endloop
  endfacet
  facet normal 0 0 1
    outer loop
      vertex 21.15 21.15 -20
      vertex 10.3479 12.4384 -20
      vertex 10.546 12.5056 -20
    endloop
  endfacet
  facet normal 0 0 1
    outer loop
      vertex -10.3479 12.4384 -20
      vertex 10.3479 12.4384 -20
      vertex 21.15 21.15 -20
    endloop
  endfacet
  facet normal 0 0 1
    outer loop
      vertex 10.3479 12.4384 -20
      vertex -10.3479 12.4384 -20
      vertex 10.1602 12.3458 -20
    endloop
  endfacet
  facet normal 0 0 1
    outer loop
      vertex 9.41467 -10.546 -20
      vertex -9.36016 -10.9602 -20
      vertex 9.37384 -10.7513 -20
    endloop
  endfacet
  facet normal 0 0 1
    outer loop
      vertex 9.37384 11.169 -20
      vertex -9.36016 10.9602 -20
      vertex 9.36016 10.9602 -20
    endloop
  endfacet
  facet normal 0 0 1
    outer loop
      vertex -9.37384 11.169 -20
      vertex 9.37384 11.169 -20
      vertex 9.41467 11.3743 -20
    endloop
  endfacet
  facet normal 0 0 1
    outer loop
      vertex -9.41467 11.3743 -20
      vertex 9.41467 11.3743 -20
      vertex 9.48195 11.5724 -20
    endloop
  endfacet
  facet normal 0 0 1
    outer loop
      vertex -9.48195 11.5724 -20
      vertex 9.48195 11.5724 -20
      vertex 9.57451 11.7602 -20
    endloop
  endfacet
  facet normal 0 0 1
    outer loop
      vertex -9.57451 11.7602 -20
      vertex 9.57451 11.7602 -20
      vertex 9.69079 11.9342 -20
    endloop
  endfacet
  facet normal 0 0 1
    outer loop
      vertex -9.69079 11.9342 -20
      vertex 9.69079 11.9342 -20
      vertex 9.82878 12.0915 -20
    endloop
  endfacet
  facet normal 0 0 1
    outer loop
      vertex -9.82878 12.0915 -20
      vertex 9.82878 12.0915 -20
      vertex 9.98614 12.2295 -20
    endloop
  endfacet
  facet normal 0 -0 1
    outer loop
      vertex -10.1602 12.3458 -20
      vertex 10.1602 12.3458 -20
      vertex -10.3479 12.4384 -20
    endloop
  endfacet
  facet normal 0 0 1
    outer loop
      vertex 9.37384 11.169 -20
      vertex -9.37384 11.169 -20
      vertex -9.36016 10.9602 -20
    endloop
  endfacet
  facet normal 0 0 1
    outer loop
      vertex 9.41467 11.3743 -20
      vertex -9.41467 11.3743 -20
      vertex -9.37384 11.169 -20
    endloop
  endfacet
  facet normal 0 0 1
    outer loop
      vertex 9.48195 11.5724 -20
      vertex -9.48195 11.5724 -20
      vertex -9.41467 11.3743 -20
    endloop
  endfacet
  facet normal 0 0 1
    outer loop
      vertex 9.57451 11.7602 -20
      vertex -9.57451 11.7602 -20
      vertex -9.48195 11.5724 -20
    endloop
  endfacet
  facet normal 0 0 1
    outer loop
      vertex 9.69079 11.9342 -20
      vertex -9.69079 11.9342 -20
      vertex -9.57451 11.7602 -20
    endloop
  endfacet
  facet normal 0 0 1
    outer loop
      vertex 9.82878 12.0915 -20
      vertex -9.82878 12.0915 -20
      vertex -9.69079 11.9342 -20
    endloop
  endfacet
  facet normal 0 0 1
    outer loop
      vertex 9.98614 12.2295 -20
      vertex -9.98614 12.2295 -20
      vertex -9.82878 12.0915 -20
    endloop
  endfacet
  facet normal 0 0 1
    outer loop
      vertex 9.98614 12.2295 -20
      vertex -10.1602 12.3458 -20
      vertex -9.98614 12.2295 -20
    endloop
  endfacet
  facet normal 0 0 1
    outer loop
      vertex 10.1602 12.3458 -20
      vertex -10.1602 12.3458 -20
      vertex 9.98614 12.2295 -20
    endloop
  endfacet
  facet normal -0 0 1
    outer loop
      vertex -21.15 21.15 -20
      vertex -10.3479 12.4384 -20
      vertex 21.15 21.15 -20
    endloop
  endfacet
  facet normal 0 0 1
    outer loop
      vertex -10.3479 12.4384 -20
      vertex -21.15 21.15 -20
      vertex -10.546 12.5056 -20
    endloop
  endfacet
  facet normal 0 0 1
    outer loop
      vertex -10.546 12.5056 -20
      vertex -21.15 21.15 -20
      vertex -10.7513 12.5465 -20
    endloop
  endfacet
  facet normal 0 0 1
    outer loop
      vertex -10.7513 12.5465 -20
      vertex -21.15 21.15 -20
      vertex -10.9602 12.5602 -20
    endloop
  endfacet
  facet normal 0 0 1
    outer loop
      vertex -10.9602 12.5602 -20
      vertex -21.15 21.15 -20
      vertex -11.169 12.5465 -20
    endloop
  endfacet
  facet normal 0 0 1
    outer loop
      vertex -12.5056 -10.546 -20
      vertex -21.15 -21.15 -20
      vertex -12.5465 -10.7513 -20
    endloop
  endfacet
  facet normal 0 0 1
    outer loop
      vertex -12.5465 11.169 -20
      vertex -21.15 21.15 -20
      vertex -12.5602 10.9602 -20
    endloop
  endfacet
  facet normal 0 0 1
    outer loop
      vertex -12.5056 11.3743 -20
      vertex -21.15 21.15 -20
      vertex -12.5465 11.169 -20
    endloop
  endfacet
  facet normal 0 0 1
    outer loop
      vertex -12.4384 11.5724 -20
      vertex -21.15 21.15 -20
      vertex -12.5056 11.3743 -20
    endloop
  endfacet
  facet normal 0 0 1
    outer loop
      vertex -12.3458 11.7602 -20
      vertex -21.15 21.15 -20
      vertex -12.4384 11.5724 -20
    endloop
  endfacet
  facet normal 0 0 1
    outer loop
      vertex -12.2295 11.9342 -20
      vertex -21.15 21.15 -20
      vertex -12.3458 11.7602 -20
    endloop
  endfacet
  facet normal 0 0 1
    outer loop
      vertex -12.0915 12.0915 -20
      vertex -21.15 21.15 -20
      vertex -12.2295 11.9342 -20
    endloop
  endfacet
  facet normal 0 0 1
    outer loop
      vertex -11.9342 12.2295 -20
      vertex -21.15 21.15 -20
      vertex -12.0915 12.0915 -20
    endloop
  endfacet
  facet normal 0 0 1
    outer loop
      vertex -11.7602 12.3458 -20
      vertex -21.15 21.15 -20
      vertex -11.9342 12.2295 -20
    endloop
  endfacet
  facet normal 0 0 1
    outer loop
      vertex -11.5724 12.4384 -20
      vertex -21.15 21.15 -20
      vertex -11.7602 12.3458 -20
    endloop
  endfacet
  facet normal 0 0 1
    outer loop
      vertex -11.3743 12.5056 -20
      vertex -21.15 21.15 -20
      vertex -11.5724 12.4384 -20
    endloop
  endfacet
  facet normal 0 0 1
    outer loop
      vertex -11.169 12.5465 -20
      vertex -21.15 21.15 -20
      vertex -11.3743 12.5056 -20
    endloop
  endfacet
  facet normal 0 0 1
    outer loop
      vertex 12.5056 10.546 -20
      vertex 21.15 21.15 -20
      vertex 12.5465 10.7513 -20
    endloop
  endfacet
  facet normal -0 0 1
    outer loop
      vertex 12.5465 -11.169 -20
      vertex 21.15 -21.15 -20
      vertex 12.5602 -10.9602 -20
    endloop
  endfacet
  facet normal -0 0 1
    outer loop
      vertex 12.5056 -11.3743 -20
      vertex 21.15 -21.15 -20
      vertex 12.5465 -11.169 -20
    endloop
  endfacet
  facet normal -0 0 1
    outer loop
      vertex 12.4384 -11.5724 -20
      vertex 21.15 -21.15 -20
      vertex 12.5056 -11.3743 -20
    endloop
  endfacet
  facet normal -0 0 1
    outer loop
      vertex 12.3458 -11.7602 -20
      vertex 21.15 -21.15 -20
      vertex 12.4384 -11.5724 -20
    endloop
  endfacet
  facet normal -0 0 1
    outer loop
      vertex 12.2295 -11.9342 -20
      vertex 21.15 -21.15 -20
      vertex 12.3458 -11.7602 -20
    endloop
  endfacet
  facet normal -0 0 1
    outer loop
      vertex 12.0915 -12.0915 -20
      vertex 21.15 -21.15 -20
      vertex 12.2295 -11.9342 -20
    endloop
  endfacet
  facet normal -0 0 1
    outer loop
      vertex 11.9342 -12.2295 -20
      vertex 21.15 -21.15 -20
      vertex 12.0915 -12.0915 -20
    endloop
  endfacet
  facet normal -0 0 1
    outer loop
      vertex 11.7602 -12.3458 -20
      vertex 21.15 -21.15 -20
      vertex 11.9342 -12.2295 -20
    endloop
  endfacet
  facet normal -0 0 1
    outer loop
      vertex 11.5724 -12.4384 -20
      vertex 21.15 -21.15 -20
      vertex 11.7602 -12.3458 -20
    endloop
  endfacet
  facet normal -0 0 1
    outer loop
      vertex 11.3743 -12.5056 -20
      vertex 21.15 -21.15 -20
      vertex 11.5724 -12.4384 -20
    endloop
  endfacet
  facet normal -0 0 1
    outer loop
      vertex 11.169 -12.5465 -20
      vertex 21.15 -21.15 -20
      vertex 11.3743 -12.5056 -20
    endloop
  endfacet
  facet normal -0 0 1
    outer loop
      vertex 10.9602 -12.5602 -20
      vertex 21.15 -21.15 -20
      vertex 11.169 -12.5465 -20
    endloop
  endfacet
  facet normal 0 0 1
    outer loop
      vertex 10.7513 -12.5465 -20
      vertex 21.15 -21.15 -20
      vertex 10.9602 -12.5602 -20
    endloop
  endfacet
  facet normal 0 0 1
    outer loop
      vertex 10.546 -12.5056 -20
      vertex 21.15 -21.15 -20
      vertex 10.7513 -12.5465 -20
    endloop
  endfacet
  facet normal 0 0 1
    outer loop
      vertex 10.3479 -12.4384 -20
      vertex 21.15 -21.15 -20
      vertex 10.546 -12.5056 -20
    endloop
  endfacet
  facet normal 0 0 1
    outer loop
      vertex -10.3479 -12.4384 -20
      vertex 10.3479 -12.4384 -20
      vertex 10.1602 -12.3458 -20
    endloop
  endfacet
  facet normal 0 0 1
    outer loop
      vertex -10.1602 -12.3458 -20
      vertex 10.1602 -12.3458 -20
      vertex 9.98614 -12.2295 -20
    endloop
  endfacet
  facet normal 0 0 1
    outer loop
      vertex 9.37384 -10.7513 -20
      vertex -9.36016 -10.9602 -20
      vertex 9.36016 -10.9602 -20
    endloop
  endfacet
  facet normal 0 0 1
    outer loop
      vertex 9.36016 -10.9602 -20
      vertex -9.36016 -10.9602 -20
      vertex 9.37384 -11.169 -20
    endloop
  endfacet
  facet normal 0 0 1
    outer loop
      vertex -9.37384 -11.169 -20
      vertex 9.37384 -11.169 -20
      vertex -9.36016 -10.9602 -20
    endloop
  endfacet
  facet normal 0 0 1
    outer loop
      vertex 9.37384 -11.169 -20
      vertex -9.37384 -11.169 -20
      vertex 9.41467 -11.3743 -20
    endloop
  endfacet
  facet normal 0 0 1
    outer loop
      vertex -9.41467 -11.3743 -20
      vertex 9.41467 -11.3743 -20
      vertex -9.37384 -11.169 -20
    endloop
  endfacet
  facet normal 0 0 1
    outer loop
      vertex 9.41467 -11.3743 -20
      vertex -9.41467 -11.3743 -20
      vertex 9.48195 -11.5724 -20
    endloop
  endfacet
  facet normal 0 0 1
    outer loop
      vertex -9.48195 -11.5724 -20
      vertex 9.48195 -11.5724 -20
      vertex -9.41467 -11.3743 -20
    endloop
  endfacet
  facet normal 0 0 1
    outer loop
      vertex 9.48195 -11.5724 -20
      vertex -9.48195 -11.5724 -20
      vertex 9.57451 -11.7602 -20
    endloop
  endfacet
  facet normal 0 0 1
    outer loop
      vertex -9.57451 -11.7602 -20
      vertex 9.57451 -11.7602 -20
      vertex -9.48195 -11.5724 -20
    endloop
  endfacet
  facet normal 0 0 1
    outer loop
      vertex 9.57451 -11.7602 -20
      vertex -9.57451 -11.7602 -20
      vertex 9.69079 -11.9342 -20
    endloop
  endfacet
  facet normal 0 0 1
    outer loop
      vertex -9.69079 -11.9342 -20
      vertex 9.69079 -11.9342 -20
      vertex -9.57451 -11.7602 -20
    endloop
  endfacet
  facet normal 0 0 1
    outer loop
      vertex 9.69079 -11.9342 -20
      vertex -9.69079 -11.9342 -20
      vertex 9.82878 -12.0915 -20
    endloop
  endfacet
  facet normal 0 0 1
    outer loop
      vertex -9.82878 -12.0915 -20
      vertex 9.82878 -12.0915 -20
      vertex -9.69079 -11.9342 -20
    endloop
  endfacet
  facet normal 0 0 1
    outer loop
      vertex 9.82878 -12.0915 -20
      vertex -9.82878 -12.0915 -20
      vertex 9.98614 -12.2295 -20
    endloop
  endfacet
  facet normal 0 0 1
    outer loop
      vertex -9.98614 -12.2295 -20
      vertex 9.98614 -12.2295 -20
      vertex -9.82878 -12.0915 -20
    endloop
  endfacet
  facet normal 0 0 1
    outer loop
      vertex -10.1602 -12.3458 -20
      vertex 9.98614 -12.2295 -20
      vertex -9.98614 -12.2295 -20
    endloop
  endfacet
  facet normal 0 0 1
    outer loop
      vertex 10.1602 -12.3458 -20
      vertex -10.1602 -12.3458 -20
      vertex -10.3479 -12.4384 -20
    endloop
  endfacet
  facet normal 0 0 1
    outer loop
      vertex 10.3479 -12.4384 -20
      vertex -10.3479 -12.4384 -20
      vertex 21.15 -21.15 -20
    endloop
  endfacet
  facet normal 0 0 1
    outer loop
      vertex -21.15 -21.15 -20
      vertex -10.3479 -12.4384 -20
      vertex -10.546 -12.5056 -20
    endloop
  endfacet
  facet normal 0 0 1
    outer loop
      vertex -21.15 -21.15 -20
      vertex -10.546 -12.5056 -20
      vertex -10.7513 -12.5465 -20
    endloop
  endfacet
  facet normal 0 0 1
    outer loop
      vertex -21.15 -21.15 -20
      vertex -10.7513 -12.5465 -20
      vertex -10.9602 -12.5602 -20
    endloop
  endfacet
  facet normal 0 0 1
    outer loop
      vertex -21.15 -21.15 -20
      vertex -10.9602 -12.5602 -20
      vertex -11.169 -12.5465 -20
    endloop
  endfacet
  facet normal 0 0 1
    outer loop
      vertex -21.15 -21.15 -20
      vertex -11.169 -12.5465 -20
      vertex -11.3743 -12.5056 -20
    endloop
  endfacet
  facet normal 0 0 1
    outer loop
      vertex -12.5465 -10.7513 -20
      vertex -21.15 -21.15 -20
      vertex -12.5602 -10.9602 -20
    endloop
  endfacet
  facet normal 0 0 1
    outer loop
      vertex -12.5602 -10.9602 -20
      vertex -21.15 -21.15 -20
      vertex -12.5465 -11.169 -20
    endloop
  endfacet
  facet normal 0 0 1
    outer loop
      vertex -10.3479 -12.4384 -20
      vertex -21.15 -21.15 -20
      vertex 21.15 -21.15 -20
    endloop
  endfacet
  facet normal 0 0 1
    outer loop
      vertex -11.5724 -12.4384 -20
      vertex -21.15 -21.15 -20
      vertex -11.3743 -12.5056 -20
    endloop
  endfacet
  facet normal 0 0 1
    outer loop
      vertex -11.7602 -12.3458 -20
      vertex -21.15 -21.15 -20
      vertex -11.5724 -12.4384 -20
    endloop
  endfacet
  facet normal 0 0 1
    outer loop
      vertex -11.9342 -12.2295 -20
      vertex -21.15 -21.15 -20
      vertex -11.7602 -12.3458 -20
    endloop
  endfacet
  facet normal 0 0 1
    outer loop
      vertex -12.0915 -12.0915 -20
      vertex -21.15 -21.15 -20
      vertex -11.9342 -12.2295 -20
    endloop
  endfacet
  facet normal 0 0 1
    outer loop
      vertex -12.2295 -11.9342 -20
      vertex -21.15 -21.15 -20
      vertex -12.0915 -12.0915 -20
    endloop
  endfacet
  facet normal 0 0 1
    outer loop
      vertex -12.3458 -11.7602 -20
      vertex -21.15 -21.15 -20
      vertex -12.2295 -11.9342 -20
    endloop
  endfacet
  facet normal 0 0 1
    outer loop
      vertex -12.4384 -11.5724 -20
      vertex -21.15 -21.15 -20
      vertex -12.3458 -11.7602 -20
    endloop
  endfacet
  facet normal 0 0 1
    outer loop
      vertex -12.5056 -11.3743 -20
      vertex -21.15 -21.15 -20
      vertex -12.4384 -11.5724 -20
    endloop
  endfacet
  facet normal 0 0 1
    outer loop
      vertex -12.5465 -11.169 -20
      vertex -21.15 -21.15 -20
      vertex -12.5056 -11.3743 -20
    endloop
  endfacet
  facet normal 0 0 -1
    outer loop
      vertex -21.15 -21.15 -60
      vertex 21.15 21.15 -60
      vertex 21.15 -21.15 -60
    endloop
  endfacet
  facet normal -0 0 -1
    outer loop
      vertex 21.15 21.15 -60
      vertex -21.15 -21.15 -60
      vertex -21.15 21.15 -60
    endloop
  endfacet
  facet normal -1 0 0
    outer loop
      vertex -21.15 -21.15 -60
      vertex -21.15 21.15 -20
      vertex -21.15 21.15 -60
    endloop
  endfacet
  facet normal -1 -0 0
    outer loop
      vertex -21.15 21.15 -20
      vertex -21.15 -21.15 -60
      vertex -21.15 -21.15 -20
    endloop
  endfacet
  facet normal 0 1 -0
    outer loop
      vertex 21.15 21.15 -60
      vertex -21.15 21.15 -20
      vertex 21.15 21.15 -20
    endloop
  endfacet
  facet normal 0 1 0
    outer loop
      vertex -21.15 21.15 -20
      vertex 21.15 21.15 -60
      vertex -21.15 21.15 -60
    endloop
  endfacet
  facet normal 0 -1 0
    outer loop
      vertex -21.15 -21.15 -60
      vertex 21.15 -21.15 -20
      vertex -21.15 -21.15 -20
    endloop
  endfacet
  facet normal 0 -1 -0
    outer loop
      vertex 21.15 -21.15 -20
      vertex -21.15 -21.15 -60
      vertex 21.15 -21.15 -60
    endloop
  endfacet
  facet normal 0.980786 -0.195084 0
    outer loop
      vertex 10.6252 -2.84701 0
      vertex 10.9059 -1.43579 -2
      vertex 10.9059 -1.43579 0
    endloop
  endfacet
  facet normal 0.980786 -0.195084 0
    outer loop
      vertex 10.9059 -1.43579 -2
      vertex 10.6252 -2.84701 0
      vertex 10.6252 -2.84701 -2
    endloop
  endfacet
  facet normal 0.555571 -0.831469 0
    outer loop
      vertex 5.5 -9.52628 -2
      vertex 6.69637 -8.72689 0
      vertex 5.5 -9.52628 0
    endloop
  endfacet
  facet normal 0.555571 -0.831469 0
    outer loop
      vertex 6.69637 -8.72689 0
      vertex 5.5 -9.52628 -2
      vertex 6.69637 -8.72689 -2
    endloop
  endfacet
  facet normal 0.980786 0.195084 0
    outer loop
      vertex 10.9059 1.43579 0
      vertex 10.6252 2.84701 -2
      vertex 10.6252 2.84701 0
    endloop
  endfacet
  facet normal 0.980786 0.195084 0
    outer loop
      vertex 10.6252 2.84701 -2
      vertex 10.9059 1.43579 0
      vertex 10.9059 1.43579 -2
    endloop
  endfacet
  facet normal 0.997859 0.0653985 0
    outer loop
      vertex 11 0 0
      vertex 10.9059 1.43579 -2
      vertex 10.9059 1.43579 0
    endloop
  endfacet
  facet normal 0.997859 0.0653985 0
    outer loop
      vertex 10.9059 1.43579 -2
      vertex 11 0 0
      vertex 11 0 -2
    endloop
  endfacet
  facet normal -0.195084 0.980786 0
    outer loop
      vertex -1.43579 10.9059 -2
      vertex -2.84701 10.6252 0
      vertex -1.43579 10.9059 0
    endloop
  endfacet
  facet normal -0.195084 0.980786 0
    outer loop
      vertex -2.84701 10.6252 0
      vertex -1.43579 10.9059 -2
      vertex -2.84701 10.6252 -2
    endloop
  endfacet
  facet normal 0.442303 -0.896866 0
    outer loop
      vertex 4.20952 -10.1627 -2
      vertex 5.5 -9.52628 0
      vertex 4.20952 -10.1627 0
    endloop
  endfacet
  facet normal 0.442303 -0.896866 0
    outer loop
      vertex 5.5 -9.52628 0
      vertex 4.20952 -10.1627 -2
      vertex 5.5 -9.52628 -2
    endloop
  endfacet
  facet normal 0 0 1
    outer loop
      vertex 2.5 0 0
      vertex 11 0 0
      vertex 10.9059 1.43579 0
    endloop
  endfacet
  facet normal 0 0 1
    outer loop
      vertex 2.47861 0.326315 0
      vertex 10.9059 1.43579 0
      vertex 10.6252 2.84701 0
    endloop
  endfacet
  facet normal 0 0 1
    outer loop
      vertex 11 0 0
      vertex 2.5 0 0
      vertex 10.9059 -1.43579 0
    endloop
  endfacet
  facet normal 0 0 1
    outer loop
      vertex 2.41481 0.647047 0
      vertex 10.6252 2.84701 0
      vertex 10.1627 4.20952 0
    endloop
  endfacet
  facet normal -0 0 1
    outer loop
      vertex 2.47861 -0.326315 0
      vertex 10.9059 -1.43579 0
      vertex 2.5 0 0
    endloop
  endfacet
  facet normal 0 0 1
    outer loop
      vertex 2.3097 0.956708 0
      vertex 10.1627 4.20952 0
      vertex 9.52628 5.5 0
    endloop
  endfacet
  facet normal 0 0 1
    outer loop
      vertex 10.9059 -1.43579 0
      vertex 2.47861 -0.326315 0
      vertex 10.6252 -2.84701 0
    endloop
  endfacet
  facet normal 0 0 1
    outer loop
      vertex 2.16506 1.25 0
      vertex 9.52628 5.5 0
      vertex 8.72689 6.69637 0
    endloop
  endfacet
  facet normal -0 0 1
    outer loop
      vertex 2.41481 -0.647047 0
      vertex 10.6252 -2.84701 0
      vertex 2.47861 -0.326315 0
    endloop
  endfacet
  facet normal 0 0 1
    outer loop
      vertex 1.98338 1.5219 0
      vertex 8.72689 6.69637 0
      vertex 7.77817 7.77817 0
    endloop
  endfacet
  facet normal 0 0 1
    outer loop
      vertex 10.6252 -2.84701 0
      vertex 2.41481 -0.647047 0
      vertex 10.1627 -4.20952 0
    endloop
  endfacet
  facet normal 0 0 1
    outer loop
      vertex 1.76777 1.76777 0
      vertex 7.77817 7.77817 0
      vertex 6.69637 8.72689 0
    endloop
  endfacet
  facet normal -0 0 1
    outer loop
      vertex 2.3097 -0.956708 0
      vertex 10.1627 -4.20952 0
      vertex 2.41481 -0.647047 0
    endloop
  endfacet
  facet normal 0 0 1
    outer loop
      vertex 1.5219 1.98338 0
      vertex 6.69637 8.72689 0
      vertex 5.5 9.52628 0
    endloop
  endfacet
  facet normal 0 0 1
    outer loop
      vertex 10.1627 -4.20952 0
      vertex 2.3097 -0.956708 0
      vertex 9.52628 -5.5 0
    endloop
  endfacet
  facet normal 0 0 1
    outer loop
      vertex 1.25 2.16506 0
      vertex 5.5 9.52628 0
      vertex 4.20952 10.1627 0
    endloop
  endfacet
  facet normal -0 0 1
    outer loop
      vertex 2.16506 -1.25 0
      vertex 9.52628 -5.5 0
      vertex 2.3097 -0.956708 0
    endloop
  endfacet
  facet normal 0 0 1
    outer loop
      vertex 0.956708 2.3097 0
      vertex 4.20952 10.1627 0
      vertex 2.84701 10.6252 0
    endloop
  endfacet
  facet normal 0 0 1
    outer loop
      vertex 9.52628 -5.5 0
      vertex 2.16506 -1.25 0
      vertex 8.72689 -6.69637 0
    endloop
  endfacet
  facet normal -0 0 1
    outer loop
      vertex 1.98338 -1.5219 0
      vertex 8.72689 -6.69637 0
      vertex 2.16506 -1.25 0
    endloop
  endfacet
  facet normal 0 0 1
    outer loop
      vertex 10.9059 1.43579 0
      vertex 2.47861 0.326315 0
      vertex 2.5 0 0
    endloop
  endfacet
  facet normal 0 0 1
    outer loop
      vertex 10.6252 2.84701 0
      vertex 2.41481 0.647047 0
      vertex 2.47861 0.326315 0
    endloop
  endfacet
  facet normal 0 0 1
    outer loop
      vertex 10.1627 4.20952 0
      vertex 2.3097 0.956708 0
      vertex 2.41481 0.647047 0
    endloop
  endfacet
  facet normal 0 0 1
    outer loop
      vertex 9.52628 5.5 0
      vertex 2.16506 1.25 0
      vertex 2.3097 0.956708 0
    endloop
  endfacet
  facet normal 0 0 1
    outer loop
      vertex 8.72689 6.69637 0
      vertex 1.98338 1.5219 0
      vertex 2.16506 1.25 0
    endloop
  endfacet
  facet normal 0 0 1
    outer loop
      vertex 7.77817 7.77817 0
      vertex 1.76777 1.76777 0
      vertex 1.98338 1.5219 0
    endloop
  endfacet
  facet normal 0 0 1
    outer loop
      vertex 6.69637 8.72689 0
      vertex 1.5219 1.98338 0
      vertex 1.76777 1.76777 0
    endloop
  endfacet
  facet normal 0 0 1
    outer loop
      vertex 0.647047 2.41481 0
      vertex 2.84701 10.6252 0
      vertex 1.43579 10.9059 0
    endloop
  endfacet
  facet normal 0 0 1
    outer loop
      vertex 5.5 9.52628 0
      vertex 1.25 2.16506 0
      vertex 1.5219 1.98338 0
    endloop
  endfacet
  facet normal 0 0 1
    outer loop
      vertex 4.20952 10.1627 0
      vertex 0.956708 2.3097 0
      vertex 1.25 2.16506 0
    endloop
  endfacet
  facet normal 0 0 1
    outer loop
      vertex 2.84701 10.6252 0
      vertex 0.647047 2.41481 0
      vertex 0.956708 2.3097 0
    endloop
  endfacet
  facet normal 0 0 1
    outer loop
      vertex 1.43579 10.9059 0
      vertex 0.326315 2.47861 0
      vertex 0.647047 2.41481 0
    endloop
  endfacet
  facet normal 0 0 1
    outer loop
      vertex 0 11 0
      vertex 0.326315 2.47861 0
      vertex 1.43579 10.9059 0
    endloop
  endfacet
  facet normal 0 0 1
    outer loop
      vertex 0 11 0
      vertex 0 2.5 0
      vertex 0.326315 2.47861 0
    endloop
  endfacet
  facet normal 0 0 1
    outer loop
      vertex 0 11 0
      vertex -0.326315 2.47861 0
      vertex 0 2.5 0
    endloop
  endfacet
  facet normal -0 0 1
    outer loop
      vertex -1.43579 10.9059 0
      vertex -0.326315 2.47861 0
      vertex 0 11 0
    endloop
  endfacet
  facet normal 0 0 1
    outer loop
      vertex -0.326315 2.47861 0
      vertex -1.43579 10.9059 0
      vertex -0.647047 2.41481 0
    endloop
  endfacet
  facet normal -0 0 1
    outer loop
      vertex -2.84701 10.6252 0
      vertex -0.647047 2.41481 0
      vertex -1.43579 10.9059 0
    endloop
  endfacet
  facet normal 0 0 1
    outer loop
      vertex -0.647047 2.41481 0
      vertex -2.84701 10.6252 0
      vertex -0.956708 2.3097 0
    endloop
  endfacet
  facet normal -0 0 1
    outer loop
      vertex -4.20952 10.1627 0
      vertex -0.956708 2.3097 0
      vertex -2.84701 10.6252 0
    endloop
  endfacet
  facet normal 0 0 1
    outer loop
      vertex -0.956708 2.3097 0
      vertex -4.20952 10.1627 0
      vertex -1.25 2.16506 0
    endloop
  endfacet
  facet normal -0 0 1
    outer loop
      vertex -5.5 9.52628 0
      vertex -1.25 2.16506 0
      vertex -4.20952 10.1627 0
    endloop
  endfacet
  facet normal 0 0 1
    outer loop
      vertex -1.25 2.16506 0
      vertex -5.5 9.52628 0
      vertex -1.5219 1.98338 0
    endloop
  endfacet
  facet normal -0 0 1
    outer loop
      vertex -6.69637 8.72689 0
      vertex -1.5219 1.98338 0
      vertex -5.5 9.52628 0
    endloop
  endfacet
  facet normal 0 0 1
    outer loop
      vertex -1.5219 1.98338 0
      vertex -6.69637 8.72689 0
      vertex -1.76777 1.76777 0
    endloop
  endfacet
  facet normal -0 0 1
    outer loop
      vertex -7.77817 7.77817 0
      vertex -1.76777 1.76777 0
      vertex -6.69637 8.72689 0
    endloop
  endfacet
  facet normal -0 0 1
    outer loop
      vertex -8.72689 6.69637 0
      vertex -1.98338 1.5219 0
      vertex -7.77817 7.77817 0
    endloop
  endfacet
  facet normal 0 0 1
    outer loop
      vertex -1.76777 1.76777 0
      vertex -7.77817 7.77817 0
      vertex -1.98338 1.5219 0
    endloop
  endfacet
  facet normal 0 0 1
    outer loop
      vertex 8.72689 -6.69637 0
      vertex 1.98338 -1.5219 0
      vertex 7.77817 -7.77817 0
    endloop
  endfacet
  facet normal -0 0 1
    outer loop
      vertex 1.76777 -1.76777 0
      vertex 7.77817 -7.77817 0
      vertex 1.98338 -1.5219 0
    endloop
  endfacet
  facet normal 0 0 1
    outer loop
      vertex 7.77817 -7.77817 0
      vertex 1.76777 -1.76777 0
      vertex 6.69637 -8.72689 0
    endloop
  endfacet
  facet normal -0 0 1
    outer loop
      vertex 1.5219 -1.98338 0
      vertex 6.69637 -8.72689 0
      vertex 1.76777 -1.76777 0
    endloop
  endfacet
  facet normal 0 0 1
    outer loop
      vertex 6.69637 -8.72689 0
      vertex 1.5219 -1.98338 0
      vertex 5.5 -9.52628 0
    endloop
  endfacet
  facet normal -0 0 1
    outer loop
      vertex 1.25 -2.16506 0
      vertex 5.5 -9.52628 0
      vertex 1.5219 -1.98338 0
    endloop
  endfacet
  facet normal 0 0 1
    outer loop
      vertex 5.5 -9.52628 0
      vertex 1.25 -2.16506 0
      vertex 4.20952 -10.1627 0
    endloop
  endfacet
  facet normal -0 0 1
    outer loop
      vertex 0.956708 -2.3097 0
      vertex 4.20952 -10.1627 0
      vertex 1.25 -2.16506 0
    endloop
  endfacet
  facet normal 0 0 1
    outer loop
      vertex 4.20952 -10.1627 0
      vertex 0.956708 -2.3097 0
      vertex 2.84701 -10.6252 0
    endloop
  endfacet
  facet normal -0 0 1
    outer loop
      vertex 0.647047 -2.41481 0
      vertex 2.84701 -10.6252 0
      vertex 0.956708 -2.3097 0
    endloop
  endfacet
  facet normal 0 0 1
    outer loop
      vertex 2.84701 -10.6252 0
      vertex 0.647047 -2.41481 0
      vertex 1.43579 -10.9059 0
    endloop
  endfacet
  facet normal -0 0 1
    outer loop
      vertex 0.326315 -2.47861 0
      vertex 1.43579 -10.9059 0
      vertex 0.647047 -2.41481 0
    endloop
  endfacet
  facet normal -0 0 1
    outer loop
      vertex 0 -2.5 0
      vertex 1.43579 -10.9059 0
      vertex 0.326315 -2.47861 0
    endloop
  endfacet
  facet normal 0 0 1
    outer loop
      vertex 0 -2.5 0
      vertex 0 -11 0
      vertex 1.43579 -10.9059 0
    endloop
  endfacet
  facet normal 0 0 1
    outer loop
      vertex -0.326315 -2.47861 0
      vertex 0 -11 0
      vertex 0 -2.5 0
    endloop
  endfacet
  facet normal 0 0 1
    outer loop
      vertex -1.43579 -10.9059 0
      vertex -0.326315 -2.47861 0
      vertex -0.647047 -2.41481 0
    endloop
  endfacet
  facet normal 0 0 1
    outer loop
      vertex -2.84701 -10.6252 0
      vertex -0.647047 -2.41481 0
      vertex -0.956708 -2.3097 0
    endloop
  endfacet
  facet normal 0 0 1
    outer loop
      vertex -4.20952 -10.1627 0
      vertex -0.956708 -2.3097 0
      vertex -1.25 -2.16506 0
    endloop
  endfacet
  facet normal 0 0 1
    outer loop
      vertex -0.326315 -2.47861 0
      vertex -1.43579 -10.9059 0
      vertex 0 -11 0
    endloop
  endfacet
  facet normal 0 0 1
    outer loop
      vertex -5.5 -9.52628 0
      vertex -1.25 -2.16506 0
      vertex -1.5219 -1.98338 0
    endloop
  endfacet
  facet normal 0 0 1
    outer loop
      vertex -6.69637 -8.72689 0
      vertex -1.5219 -1.98338 0
      vertex -1.76777 -1.76777 0
    endloop
  endfacet
  facet normal 0 0 1
    outer loop
      vertex -7.77817 -7.77817 0
      vertex -1.76777 -1.76777 0
      vertex -1.98338 -1.5219 0
    endloop
  endfacet
  facet normal 0 0 1
    outer loop
      vertex -8.72689 -6.69637 0
      vertex -1.98338 -1.5219 0
      vertex -2.16506 -1.25 0
    endloop
  endfacet
  facet normal 0 0 1
    outer loop
      vertex -9.52628 -5.5 0
      vertex -2.16506 -1.25 0
      vertex -2.3097 -0.956708 0
    endloop
  endfacet
  facet normal 0 0 1
    outer loop
      vertex -10.1627 -4.20952 0
      vertex -2.3097 -0.956708 0
      vertex -2.41481 -0.647047 0
    endloop
  endfacet
  facet normal 0 0 1
    outer loop
      vertex -10.6252 -2.84701 0
      vertex -2.41481 -0.647047 0
      vertex -2.47861 -0.326315 0
    endloop
  endfacet
  facet normal 0 0 1
    outer loop
      vertex -0.647047 -2.41481 0
      vertex -2.84701 -10.6252 0
      vertex -1.43579 -10.9059 0
    endloop
  endfacet
  facet normal 0 0 1
    outer loop
      vertex -10.9059 -1.43579 0
      vertex -2.47861 -0.326315 0
      vertex -2.5 0 0
    endloop
  endfacet
  facet normal 0 0 1
    outer loop
      vertex -1.98338 1.5219 0
      vertex -8.72689 6.69637 0
      vertex -2.16506 1.25 0
    endloop
  endfacet
  facet normal -0 0 1
    outer loop
      vertex -9.52628 5.5 0
      vertex -2.16506 1.25 0
      vertex -8.72689 6.69637 0
    endloop
  endfacet
  facet normal 0 0 1
    outer loop
      vertex -0.956708 -2.3097 0
      vertex -4.20952 -10.1627 0
      vertex -2.84701 -10.6252 0
    endloop
  endfacet
  facet normal 0 0 1
    outer loop
      vertex -2.16506 1.25 0
      vertex -9.52628 5.5 0
      vertex -2.3097 0.956708 0
    endloop
  endfacet
  facet normal 0 0 1
    outer loop
      vertex -1.25 -2.16506 0
      vertex -5.5 -9.52628 0
      vertex -4.20952 -10.1627 0
    endloop
  endfacet
  facet normal -0 0 1
    outer loop
      vertex -10.1627 4.20952 0
      vertex -2.3097 0.956708 0
      vertex -9.52628 5.5 0
    endloop
  endfacet
  facet normal 0 0 1
    outer loop
      vertex -1.5219 -1.98338 0
      vertex -6.69637 -8.72689 0
      vertex -5.5 -9.52628 0
    endloop
  endfacet
  facet normal 0 0 1
    outer loop
      vertex -2.3097 0.956708 0
      vertex -10.1627 4.20952 0
      vertex -2.41481 0.647047 0
    endloop
  endfacet
  facet normal 0 0 1
    outer loop
      vertex -1.76777 -1.76777 0
      vertex -7.77817 -7.77817 0
      vertex -6.69637 -8.72689 0
    endloop
  endfacet
  facet normal -0 0 1
    outer loop
      vertex -10.6252 2.84701 0
      vertex -2.41481 0.647047 0
      vertex -10.1627 4.20952 0
    endloop
  endfacet
  facet normal 0 0 1
    outer loop
      vertex -1.98338 -1.5219 0
      vertex -8.72689 -6.69637 0
      vertex -7.77817 -7.77817 0
    endloop
  endfacet
  facet normal 0 0 1
    outer loop
      vertex -2.41481 0.647047 0
      vertex -10.6252 2.84701 0
      vertex -2.47861 0.326315 0
    endloop
  endfacet
  facet normal 0 0 1
    outer loop
      vertex -2.16506 -1.25 0
      vertex -9.52628 -5.5 0
      vertex -8.72689 -6.69637 0
    endloop
  endfacet
  facet normal -0 0 1
    outer loop
      vertex -10.9059 1.43579 0
      vertex -2.47861 0.326315 0
      vertex -10.6252 2.84701 0
    endloop
  endfacet
  facet normal 0 0 1
    outer loop
      vertex -2.3097 -0.956708 0
      vertex -10.1627 -4.20952 0
      vertex -9.52628 -5.5 0
    endloop
  endfacet
  facet normal 0 0 1
    outer loop
      vertex -2.47861 0.326315 0
      vertex -10.9059 1.43579 0
      vertex -2.5 0 0
    endloop
  endfacet
  facet normal 0 0 1
    outer loop
      vertex -2.41481 -0.647047 0
      vertex -10.6252 -2.84701 0
      vertex -10.1627 -4.20952 0
    endloop
  endfacet
  facet normal 0 0 1
    outer loop
      vertex -11 0 0
      vertex -2.5 0 0
      vertex -10.9059 1.43579 0
    endloop
  endfacet
  facet normal 0 0 1
    outer loop
      vertex -2.47861 -0.326315 0
      vertex -10.9059 -1.43579 0
      vertex -10.6252 -2.84701 0
    endloop
  endfacet
  facet normal 0 0 1
    outer loop
      vertex -2.5 0 0
      vertex -11 0 0
      vertex -10.9059 -1.43579 0
    endloop
  endfacet
  facet normal 0.946932 -0.321433 0
    outer loop
      vertex 10.1627 -4.20952 0
      vertex 10.6252 -2.84701 -2
      vertex 10.6252 -2.84701 0
    endloop
  endfacet
  facet normal 0.946932 -0.321433 0
    outer loop
      vertex 10.6252 -2.84701 -2
      vertex 10.1627 -4.20952 0
      vertex 10.1627 -4.20952 -2
    endloop
  endfacet
  facet normal -0.831469 0.555571 0
    outer loop
      vertex -9.52628 5.5 -2
      vertex -8.72689 6.69637 0
      vertex -8.72689 6.69637 -2
    endloop
  endfacet
  facet normal -0.831469 0.555571 0
    outer loop
      vertex -8.72689 6.69637 0
      vertex -9.52628 5.5 -2
      vertex -9.52628 5.5 0
    endloop
  endfacet
  facet normal -0.442303 0.896866 0
    outer loop
      vertex -4.20952 10.1627 -2
      vertex -5.5 9.52628 0
      vertex -4.20952 10.1627 0
    endloop
  endfacet
  facet normal -0.442303 0.896866 0
    outer loop
      vertex -5.5 9.52628 0
      vertex -4.20952 10.1627 -2
      vertex -5.5 9.52628 -2
    endloop
  endfacet
  facet normal -0.555571 0.831469 0
    outer loop
      vertex -5.5 9.52628 -2
      vertex -6.69637 8.72689 0
      vertex -5.5 9.52628 0
    endloop
  endfacet
  facet normal -0.555571 0.831469 0
    outer loop
      vertex -6.69637 8.72689 0
      vertex -5.5 9.52628 -2
      vertex -6.69637 8.72689 -2
    endloop
  endfacet
  facet normal -0.946932 -0.321433 0
    outer loop
      vertex -10.1627 -4.20952 -2
      vertex -10.6252 -2.84701 0
      vertex -10.6252 -2.84701 -2
    endloop
  endfacet
  facet normal -0.946932 -0.321433 0
    outer loop
      vertex -10.6252 -2.84701 0
      vertex -10.1627 -4.20952 -2
      vertex -10.1627 -4.20952 0
    endloop
  endfacet
  facet normal 0.321433 -0.946932 0
    outer loop
      vertex 2.84701 -10.6252 -2
      vertex 4.20952 -10.1627 0
      vertex 2.84701 -10.6252 0
    endloop
  endfacet
  facet normal 0.321433 -0.946932 0
    outer loop
      vertex 4.20952 -10.1627 0
      vertex 2.84701 -10.6252 -2
      vertex 4.20952 -10.1627 -2
    endloop
  endfacet
  facet normal -0.321433 0.946932 0
    outer loop
      vertex -2.84701 10.6252 -2
      vertex -4.20952 10.1627 0
      vertex -2.84701 10.6252 0
    endloop
  endfacet
  facet normal -0.321433 0.946932 0
    outer loop
      vertex -4.20952 10.1627 0
      vertex -2.84701 10.6252 -2
      vertex -4.20952 10.1627 -2
    endloop
  endfacet
  facet normal 0.946932 0.321433 0
    outer loop
      vertex 10.6252 2.84701 0
      vertex 10.1627 4.20952 -2
      vertex 10.1627 4.20952 0
    endloop
  endfacet
  facet normal 0.946932 0.321433 0
    outer loop
      vertex 10.1627 4.20952 -2
      vertex 10.6252 2.84701 0
      vertex 10.6252 2.84701 -2
    endloop
  endfacet
  facet normal -0.442303 -0.896866 0
    outer loop
      vertex -5.5 -9.52628 -2
      vertex -4.20952 -10.1627 0
      vertex -5.5 -9.52628 0
    endloop
  endfacet
  facet normal -0.442303 -0.896866 -0
    outer loop
      vertex -4.20952 -10.1627 0
      vertex -5.5 -9.52628 -2
      vertex -4.20952 -10.1627 -2
    endloop
  endfacet
  facet normal -0.997859 0.0653985 0
    outer loop
      vertex -11 0 -2
      vertex -10.9059 1.43579 0
      vertex -10.9059 1.43579 -2
    endloop
  endfacet
  facet normal -0.997859 0.0653985 0
    outer loop
      vertex -10.9059 1.43579 0
      vertex -11 0 -2
      vertex -11 0 0
    endloop
  endfacet
  facet normal -0.946932 0.321433 0
    outer loop
      vertex -10.6252 2.84701 -2
      vertex -10.1627 4.20952 0
      vertex -10.1627 4.20952 -2
    endloop
  endfacet
  facet normal -0.946932 0.321433 0
    outer loop
      vertex -10.1627 4.20952 0
      vertex -10.6252 2.84701 -2
      vertex -10.6252 2.84701 0
    endloop
  endfacet
  facet normal 0.0653985 -0.997859 0
    outer loop
      vertex 0 -11 -2
      vertex 1.43579 -10.9059 0
      vertex 0 -11 0
    endloop
  endfacet
  facet normal 0.0653985 -0.997859 0
    outer loop
      vertex 1.43579 -10.9059 0
      vertex 0 -11 -2
      vertex 1.43579 -10.9059 -2
    endloop
  endfacet
  facet normal 0.659349 -0.751837 0
    outer loop
      vertex 6.69637 -8.72689 -2
      vertex 7.77817 -7.77817 0
      vertex 6.69637 -8.72689 0
    endloop
  endfacet
  facet normal 0.659349 -0.751837 0
    outer loop
      vertex 7.77817 -7.77817 0
      vertex 6.69637 -8.72689 -2
      vertex 7.77817 -7.77817 -2
    endloop
  endfacet
  facet normal 0.831469 0.555571 0
    outer loop
      vertex 9.52628 5.5 0
      vertex 8.72689 6.69637 -2
      vertex 8.72689 6.69637 0
    endloop
  endfacet
  facet normal 0.831469 0.555571 0
    outer loop
      vertex 8.72689 6.69637 -2
      vertex 9.52628 5.5 0
      vertex 9.52628 5.5 -2
    endloop
  endfacet
  facet normal 0.659349 0.751837 -0
    outer loop
      vertex 7.77817 7.77817 -2
      vertex 6.69637 8.72689 0
      vertex 7.77817 7.77817 0
    endloop
  endfacet
  facet normal 0.659349 0.751837 0
    outer loop
      vertex 6.69637 8.72689 0
      vertex 7.77817 7.77817 -2
      vertex 6.69637 8.72689 -2
    endloop
  endfacet
  facet normal 0.997859 -0.0653985 0
    outer loop
      vertex 10.9059 -1.43579 0
      vertex 11 0 -2
      vertex 11 0 0
    endloop
  endfacet
  facet normal 0.997859 -0.0653985 0
    outer loop
      vertex 11 0 -2
      vertex 10.9059 -1.43579 0
      vertex 10.9059 -1.43579 -2
    endloop
  endfacet
  facet normal 0.442303 0.896866 -0
    outer loop
      vertex 5.5 9.52628 -2
      vertex 4.20952 10.1627 0
      vertex 5.5 9.52628 0
    endloop
  endfacet
  facet normal 0.442303 0.896866 0
    outer loop
      vertex 4.20952 10.1627 0
      vertex 5.5 9.52628 -2
      vertex 4.20952 10.1627 -2
    endloop
  endfacet
  facet normal 0.751837 0.659349 0
    outer loop
      vertex 8.72689 6.69637 0
      vertex 7.77817 7.77817 -2
      vertex 7.77817 7.77817 0
    endloop
  endfacet
  facet normal 0.751837 0.659349 0
    outer loop
      vertex 7.77817 7.77817 -2
      vertex 8.72689 6.69637 0
      vertex 8.72689 6.69637 -2
    endloop
  endfacet
  facet normal 0.751837 -0.659349 0
    outer loop
      vertex 7.77817 -7.77817 0
      vertex 8.72689 -6.69637 -2
      vertex 8.72689 -6.69637 0
    endloop
  endfacet
  facet normal 0.751837 -0.659349 0
    outer loop
      vertex 8.72689 -6.69637 -2
      vertex 7.77817 -7.77817 0
      vertex 7.77817 -7.77817 -2
    endloop
  endfacet
  facet normal -0.0653985 -0.997859 0
    outer loop
      vertex -1.43579 -10.9059 -2
      vertex 0 -11 0
      vertex -1.43579 -10.9059 0
    endloop
  endfacet
  facet normal -0.0653985 -0.997859 -0
    outer loop
      vertex 0 -11 0
      vertex -1.43579 -10.9059 -2
      vertex 0 -11 -2
    endloop
  endfacet
  facet normal -0.0653985 0.997859 0
    outer loop
      vertex 0 11 -2
      vertex -1.43579 10.9059 0
      vertex 0 11 0
    endloop
  endfacet
  facet normal -0.0653985 0.997859 0
    outer loop
      vertex -1.43579 10.9059 0
      vertex 0 11 -2
      vertex -1.43579 10.9059 -2
    endloop
  endfacet
  facet normal -0.831469 -0.555571 0
    outer loop
      vertex -8.72689 -6.69637 -2
      vertex -9.52628 -5.5 0
      vertex -9.52628 -5.5 -2
    endloop
  endfacet
  facet normal -0.831469 -0.555571 0
    outer loop
      vertex -9.52628 -5.5 0
      vertex -8.72689 -6.69637 -2
      vertex -8.72689 -6.69637 0
    endloop
  endfacet
  facet normal 0.195084 0.980786 -0
    outer loop
      vertex 2.84701 10.6252 -2
      vertex 1.43579 10.9059 0
      vertex 2.84701 10.6252 0
    endloop
  endfacet
  facet normal 0.195084 0.980786 0
    outer loop
      vertex 1.43579 10.9059 0
      vertex 2.84701 10.6252 -2
      vertex 1.43579 10.9059 -2
    endloop
  endfacet
  facet normal 0.195084 -0.980786 0
    outer loop
      vertex 1.43579 -10.9059 -2
      vertex 2.84701 -10.6252 0
      vertex 1.43579 -10.9059 0
    endloop
  endfacet
  facet normal 0.195084 -0.980786 0
    outer loop
      vertex 2.84701 -10.6252 0
      vertex 1.43579 -10.9059 -2
      vertex 2.84701 -10.6252 -2
    endloop
  endfacet
  facet normal -0.751837 0.659349 0
    outer loop
      vertex -8.72689 6.69637 -2
      vertex -7.77817 7.77817 0
      vertex -7.77817 7.77817 -2
    endloop
  endfacet
  facet normal -0.751837 0.659349 0
    outer loop
      vertex -7.77817 7.77817 0
      vertex -8.72689 6.69637 -2
      vertex -8.72689 6.69637 0
    endloop
  endfacet
  facet normal 0.896866 -0.442303 0
    outer loop
      vertex 9.52628 -5.5 0
      vertex 10.1627 -4.20952 -2
      vertex 10.1627 -4.20952 0
    endloop
  endfacet
  facet normal 0.896866 -0.442303 0
    outer loop
      vertex 10.1627 -4.20952 -2
      vertex 9.52628 -5.5 0
      vertex 9.52628 -5.5 -2
    endloop
  endfacet
  facet normal -0.896866 -0.442303 0
    outer loop
      vertex -9.52628 -5.5 -2
      vertex -10.1627 -4.20952 0
      vertex -10.1627 -4.20952 -2
    endloop
  endfacet
  facet normal -0.896866 -0.442303 0
    outer loop
      vertex -10.1627 -4.20952 0
      vertex -9.52628 -5.5 -2
      vertex -9.52628 -5.5 0
    endloop
  endfacet
  facet normal 0.555571 0.831469 -0
    outer loop
      vertex 6.69637 8.72689 -2
      vertex 5.5 9.52628 0
      vertex 6.69637 8.72689 0
    endloop
  endfacet
  facet normal 0.555571 0.831469 0
    outer loop
      vertex 5.5 9.52628 0
      vertex 6.69637 8.72689 -2
      vertex 5.5 9.52628 -2
    endloop
  endfacet
  facet normal 0.831469 -0.555571 0
    outer loop
      vertex 8.72689 -6.69637 0
      vertex 9.52628 -5.5 -2
      vertex 9.52628 -5.5 0
    endloop
  endfacet
  facet normal 0.831469 -0.555571 0
    outer loop
      vertex 9.52628 -5.5 -2
      vertex 8.72689 -6.69637 0
      vertex 8.72689 -6.69637 -2
    endloop
  endfacet
  facet normal 0 0 -1
    outer loop
      vertex 10.9059 -1.43579 -2
      vertex 10.9059 1.43579 -2
      vertex 11 0 -2
    endloop
  endfacet
  facet normal 0 0 -1
    outer loop
      vertex 10.6252 -2.84701 -2
      vertex 10.9059 1.43579 -2
      vertex 10.9059 -1.43579 -2
    endloop
  endfacet
  facet normal 0 0 -1
    outer loop
      vertex 10.6252 -2.84701 -2
      vertex 10.6252 2.84701 -2
      vertex 10.9059 1.43579 -2
    endloop
  endfacet
  facet normal 0 0 -1
    outer loop
      vertex 10.1627 -4.20952 -2
      vertex 10.6252 2.84701 -2
      vertex 10.6252 -2.84701 -2
    endloop
  endfacet
  facet normal 0 0 -1
    outer loop
      vertex 10.1627 -4.20952 -2
      vertex 10.1627 4.20952 -2
      vertex 10.6252 2.84701 -2
    endloop
  endfacet
  facet normal 0 0 -1
    outer loop
      vertex 9.52628 -5.5 -2
      vertex 10.1627 4.20952 -2
      vertex 10.1627 -4.20952 -2
    endloop
  endfacet
  facet normal 0 0 -1
    outer loop
      vertex 9.52628 -5.5 -2
      vertex 9.52628 5.5 -2
      vertex 10.1627 4.20952 -2
    endloop
  endfacet
  facet normal 0 0 -1
    outer loop
      vertex 8.72689 -6.69637 -2
      vertex 9.52628 5.5 -2
      vertex 9.52628 -5.5 -2
    endloop
  endfacet
  facet normal 0 0 -1
    outer loop
      vertex 8.72689 -6.69637 -2
      vertex 8.72689 6.69637 -2
      vertex 9.52628 5.5 -2
    endloop
  endfacet
  facet normal 0 0 -1
    outer loop
      vertex 7.77817 -7.77817 -2
      vertex 8.72689 6.69637 -2
      vertex 8.72689 -6.69637 -2
    endloop
  endfacet
  facet normal 0 0 -1
    outer loop
      vertex 7.77817 -7.77817 -2
      vertex 7.77817 7.77817 -2
      vertex 8.72689 6.69637 -2
    endloop
  endfacet
  facet normal 0 0 -1
    outer loop
      vertex 6.69637 -8.72689 -2
      vertex 7.77817 7.77817 -2
      vertex 7.77817 -7.77817 -2
    endloop
  endfacet
  facet normal 0 0 -1
    outer loop
      vertex 6.69637 -8.72689 -2
      vertex 6.69637 8.72689 -2
      vertex 7.77817 7.77817 -2
    endloop
  endfacet
  facet normal 0 0 -1
    outer loop
      vertex 5.5 -9.52628 -2
      vertex 6.69637 8.72689 -2
      vertex 6.69637 -8.72689 -2
    endloop
  endfacet
  facet normal 0 0 -1
    outer loop
      vertex 5.5 -9.52628 -2
      vertex 5.5 9.52628 -2
      vertex 6.69637 8.72689 -2
    endloop
  endfacet
  facet normal 0 0 -1
    outer loop
      vertex 4.20952 -10.1627 -2
      vertex 5.5 9.52628 -2
      vertex 5.5 -9.52628 -2
    endloop
  endfacet
  facet normal 0 0 -1
    outer loop
      vertex 4.20952 -10.1627 -2
      vertex 4.20952 10.1627 -2
      vertex 5.5 9.52628 -2
    endloop
  endfacet
  facet normal 0 0 -1
    outer loop
      vertex 2.84701 -10.6252 -2
      vertex 4.20952 10.1627 -2
      vertex 4.20952 -10.1627 -2
    endloop
  endfacet
  facet normal 0 0 -1
    outer loop
      vertex 2.84701 -10.6252 -2
      vertex 2.84701 10.6252 -2
      vertex 4.20952 10.1627 -2
    endloop
  endfacet
  facet normal 0 0 -1
    outer loop
      vertex 1.43579 -10.9059 -2
      vertex 2.84701 10.6252 -2
      vertex 2.84701 -10.6252 -2
    endloop
  endfacet
  facet normal 0 0 -1
    outer loop
      vertex 1.43579 -10.9059 -2
      vertex 1.43579 10.9059 -2
      vertex 2.84701 10.6252 -2
    endloop
  endfacet
  facet normal 0 0 -1
    outer loop
      vertex 0 -11 -2
      vertex 1.43579 10.9059 -2
      vertex 1.43579 -10.9059 -2
    endloop
  endfacet
  facet normal 0 0 -1
    outer loop
      vertex 0 -11 -2
      vertex 0 11 -2
      vertex 1.43579 10.9059 -2
    endloop
  endfacet
  facet normal 0 0 -1
    outer loop
      vertex -1.43579 -10.9059 -2
      vertex 0 11 -2
      vertex 0 -11 -2
    endloop
  endfacet
  facet normal 0 0 -1
    outer loop
      vertex -1.43579 -10.9059 -2
      vertex -1.43579 10.9059 -2
      vertex 0 11 -2
    endloop
  endfacet
  facet normal 0 0 -1
    outer loop
      vertex -2.84701 -10.6252 -2
      vertex -1.43579 10.9059 -2
      vertex -1.43579 -10.9059 -2
    endloop
  endfacet
  facet normal 0 0 -1
    outer loop
      vertex -2.84701 -10.6252 -2
      vertex -2.84701 10.6252 -2
      vertex -1.43579 10.9059 -2
    endloop
  endfacet
  facet normal 0 0 -1
    outer loop
      vertex -4.20952 -10.1627 -2
      vertex -2.84701 10.6252 -2
      vertex -2.84701 -10.6252 -2
    endloop
  endfacet
  facet normal 0 0 -1
    outer loop
      vertex -4.20952 -10.1627 -2
      vertex -4.20952 10.1627 -2
      vertex -2.84701 10.6252 -2
    endloop
  endfacet
  facet normal 0 0 -1
    outer loop
      vertex -5.5 -9.52628 -2
      vertex -4.20952 10.1627 -2
      vertex -4.20952 -10.1627 -2
    endloop
  endfacet
  facet normal 0 0 -1
    outer loop
      vertex -5.5 -9.52628 -2
      vertex -5.5 9.52628 -2
      vertex -4.20952 10.1627 -2
    endloop
  endfacet
  facet normal 0 0 -1
    outer loop
      vertex -6.69637 -8.72689 -2
      vertex -5.5 9.52628 -2
      vertex -5.5 -9.52628 -2
    endloop
  endfacet
  facet normal 0 0 -1
    outer loop
      vertex -6.69637 -8.72689 -2
      vertex -6.69637 8.72689 -2
      vertex -5.5 9.52628 -2
    endloop
  endfacet
  facet normal 0 0 -1
    outer loop
      vertex -7.77817 -7.77817 -2
      vertex -6.69637 8.72689 -2
      vertex -6.69637 -8.72689 -2
    endloop
  endfacet
  facet normal 0 0 -1
    outer loop
      vertex -7.77817 -7.77817 -2
      vertex -7.77817 7.77817 -2
      vertex -6.69637 8.72689 -2
    endloop
  endfacet
  facet normal 0 0 -1
    outer loop
      vertex -8.72689 -6.69637 -2
      vertex -7.77817 7.77817 -2
      vertex -7.77817 -7.77817 -2
    endloop
  endfacet
  facet normal 0 0 -1
    outer loop
      vertex -8.72689 -6.69637 -2
      vertex -8.72689 6.69637 -2
      vertex -7.77817 7.77817 -2
    endloop
  endfacet
  facet normal 0 0 -1
    outer loop
      vertex -9.52628 -5.5 -2
      vertex -8.72689 6.69637 -2
      vertex -8.72689 -6.69637 -2
    endloop
  endfacet
  facet normal 0 0 -1
    outer loop
      vertex -9.52628 -5.5 -2
      vertex -9.52628 5.5 -2
      vertex -8.72689 6.69637 -2
    endloop
  endfacet
  facet normal 0 0 -1
    outer loop
      vertex -10.1627 -4.20952 -2
      vertex -9.52628 5.5 -2
      vertex -9.52628 -5.5 -2
    endloop
  endfacet
  facet normal 0 0 -1
    outer loop
      vertex -10.1627 -4.20952 -2
      vertex -10.1627 4.20952 -2
      vertex -9.52628 5.5 -2
    endloop
  endfacet
  facet normal 0 0 -1
    outer loop
      vertex -10.6252 -2.84701 -2
      vertex -10.1627 4.20952 -2
      vertex -10.1627 -4.20952 -2
    endloop
  endfacet
  facet normal 0 0 -1
    outer loop
      vertex -10.6252 -2.84701 -2
      vertex -10.6252 2.84701 -2
      vertex -10.1627 4.20952 -2
    endloop
  endfacet
  facet normal 0 0 -1
    outer loop
      vertex -10.9059 -1.43579 -2
      vertex -10.6252 2.84701 -2
      vertex -10.6252 -2.84701 -2
    endloop
  endfacet
  facet normal 0 0 -1
    outer loop
      vertex -10.9059 -1.43579 -2
      vertex -10.9059 1.43579 -2
      vertex -10.6252 2.84701 -2
    endloop
  endfacet
  facet normal 0 -0 -1
    outer loop
      vertex -10.9059 1.43579 -2
      vertex -10.9059 -1.43579 -2
      vertex -11 0 -2
    endloop
  endfacet
  facet normal -0.751837 -0.659349 0
    outer loop
      vertex -7.77817 -7.77817 -2
      vertex -8.72689 -6.69637 0
      vertex -8.72689 -6.69637 -2
    endloop
  endfacet
  facet normal -0.751837 -0.659349 0
    outer loop
      vertex -8.72689 -6.69637 0
      vertex -7.77817 -7.77817 -2
      vertex -7.77817 -7.77817 0
    endloop
  endfacet
  facet normal -0.659349 0.751837 0
    outer loop
      vertex -6.69637 8.72689 -2
      vertex -7.77817 7.77817 0
      vertex -6.69637 8.72689 0
    endloop
  endfacet
  facet normal -0.659349 0.751837 0
    outer loop
      vertex -7.77817 7.77817 0
      vertex -6.69637 8.72689 -2
      vertex -7.77817 7.77817 -2
    endloop
  endfacet
  facet normal 0.896866 0.442303 0
    outer loop
      vertex 10.1627 4.20952 0
      vertex 9.52628 5.5 -2
      vertex 9.52628 5.5 0
    endloop
  endfacet
  facet normal 0.896866 0.442303 0
    outer loop
      vertex 9.52628 5.5 -2
      vertex 10.1627 4.20952 0
      vertex 10.1627 4.20952 -2
    endloop
  endfacet
  facet normal 0.321433 0.946932 -0
    outer loop
      vertex 4.20952 10.1627 -2
      vertex 2.84701 10.6252 0
      vertex 4.20952 10.1627 0
    endloop
  endfacet
  facet normal 0.321433 0.946932 0
    outer loop
      vertex 2.84701 10.6252 0
      vertex 4.20952 10.1627 -2
      vertex 2.84701 10.6252 -2
    endloop
  endfacet
  facet normal -0.980786 -0.195084 0
    outer loop
      vertex -10.6252 -2.84701 -2
      vertex -10.9059 -1.43579 0
      vertex -10.9059 -1.43579 -2
    endloop
  endfacet
  facet normal -0.980786 -0.195084 0
    outer loop
      vertex -10.9059 -1.43579 0
      vertex -10.6252 -2.84701 -2
      vertex -10.6252 -2.84701 0
    endloop
  endfacet
  facet normal -0.980786 0.195084 0
    outer loop
      vertex -10.9059 1.43579 -2
      vertex -10.6252 2.84701 0
      vertex -10.6252 2.84701 -2
    endloop
  endfacet
  facet normal -0.980786 0.195084 0
    outer loop
      vertex -10.6252 2.84701 0
      vertex -10.9059 1.43579 -2
      vertex -10.9059 1.43579 0
    endloop
  endfacet
  facet normal -0.659349 -0.751837 0
    outer loop
      vertex -7.77817 -7.77817 -2
      vertex -6.69637 -8.72689 0
      vertex -7.77817 -7.77817 0
    endloop
  endfacet
  facet normal -0.659349 -0.751837 -0
    outer loop
      vertex -6.69637 -8.72689 0
      vertex -7.77817 -7.77817 -2
      vertex -6.69637 -8.72689 -2
    endloop
  endfacet
  facet normal -0.896866 0.442303 0
    outer loop
      vertex -10.1627 4.20952 -2
      vertex -9.52628 5.5 0
      vertex -9.52628 5.5 -2
    endloop
  endfacet
  facet normal -0.896866 0.442303 0
    outer loop
      vertex -9.52628 5.5 0
      vertex -10.1627 4.20952 -2
      vertex -10.1627 4.20952 0
    endloop
  endfacet
  facet normal -0.321433 -0.946932 0
    outer loop
      vertex -4.20952 -10.1627 -2
      vertex -2.84701 -10.6252 0
      vertex -4.20952 -10.1627 0
    endloop
  endfacet
  facet normal -0.321433 -0.946932 -0
    outer loop
      vertex -2.84701 -10.6252 0
      vertex -4.20952 -10.1627 -2
      vertex -2.84701 -10.6252 -2
    endloop
  endfacet
  facet normal -0.997859 -0.0653985 0
    outer loop
      vertex -10.9059 -1.43579 -2
      vertex -11 0 0
      vertex -11 0 -2
    endloop
  endfacet
  facet normal -0.997859 -0.0653985 0
    outer loop
      vertex -11 0 0
      vertex -10.9059 -1.43579 -2
      vertex -10.9059 -1.43579 0
    endloop
  endfacet
  facet normal 0.0653985 0.997859 -0
    outer loop
      vertex 1.43579 10.9059 -2
      vertex 0 11 0
      vertex 1.43579 10.9059 0
    endloop
  endfacet
  facet normal 0.0653985 0.997859 0
    outer loop
      vertex 0 11 0
      vertex 1.43579 10.9059 -2
      vertex 0 11 -2
    endloop
  endfacet
  facet normal -0.195084 -0.980786 0
    outer loop
      vertex -2.84701 -10.6252 -2
      vertex -1.43579 -10.9059 0
      vertex -2.84701 -10.6252 0
    endloop
  endfacet
  facet normal -0.195084 -0.980786 -0
    outer loop
      vertex -1.43579 -10.9059 0
      vertex -2.84701 -10.6252 -2
      vertex -1.43579 -10.9059 -2
    endloop
  endfacet
  facet normal -0.555571 -0.831469 0
    outer loop
      vertex -6.69637 -8.72689 -2
      vertex -5.5 -9.52628 0
      vertex -6.69637 -8.72689 0
    endloop
  endfacet
  facet normal -0.555571 -0.831469 -0
    outer loop
      vertex -5.5 -9.52628 0
      vertex -6.69637 -8.72689 -2
      vertex -5.5 -9.52628 -2
    endloop
  endfacet
  facet normal 0.980727 0.195381 0
    outer loop
      vertex 12.5465 11.169 0.5
      vertex 12.5056 11.3743 -20
      vertex 12.5056 11.3743 0.5
    endloop
  endfacet
  facet normal 0.980727 0.195381 0
    outer loop
      vertex 12.5056 11.3743 -20
      vertex 12.5465 11.169 0.5
      vertex 12.5465 11.169 -20
    endloop
  endfacet
  facet normal 0.997854 0.0654722 0
    outer loop
      vertex 12.5602 10.9602 0.5
      vertex 12.5465 11.169 -20
      vertex 12.5465 11.169 0.5
    endloop
  endfacet
  facet normal 0.997854 0.0654722 0
    outer loop
      vertex 12.5465 11.169 -20
      vertex 12.5602 10.9602 0.5
      vertex 12.5602 10.9602 -20
    endloop
  endfacet
  facet normal 0.946997 0.321243 0
    outer loop
      vertex 12.5056 11.3743 0.5
      vertex 12.4384 11.5724 -20
      vertex 12.4384 11.5724 0.5
    endloop
  endfacet
  facet normal 0.946997 0.321243 0
    outer loop
      vertex 12.4384 11.5724 -20
      vertex 12.5056 11.3743 0.5
      vertex 12.5056 11.3743 -20
    endloop
  endfacet
  facet normal -0.195059 -0.980791 0
    outer loop
      vertex 10.546 9.41467 -20
      vertex 10.7513 9.37384 0.5
      vertex 10.546 9.41467 0.5
    endloop
  endfacet
  facet normal -0.195059 -0.980791 -0
    outer loop
      vertex 10.7513 9.37384 0.5
      vertex 10.546 9.41467 -20
      vertex 10.7513 9.37384 -20
    endloop
  endfacet
  facet normal 0.751718 0.659485 0
    outer loop
      vertex 12.2295 11.9342 0.5
      vertex 12.0915 12.0915 -20
      vertex 12.0915 12.0915 0.5
    endloop
  endfacet
  facet normal 0.751718 0.659485 0
    outer loop
      vertex 12.0915 12.0915 -20
      vertex 12.2295 11.9342 0.5
      vertex 12.2295 11.9342 -20
    endloop
  endfacet
  facet normal 0.997856 -0.065441 0
    outer loop
      vertex 12.5465 10.7513 0.5
      vertex 12.5602 10.9602 -20
      vertex 12.5602 10.9602 0.5
    endloop
  endfacet
  facet normal 0.997856 -0.065441 0
    outer loop
      vertex 12.5602 10.9602 -20
      vertex 12.5465 10.7513 0.5
      vertex 12.5465 10.7513 -20
    endloop
  endfacet
  facet normal -0.195381 0.980727 0
    outer loop
      vertex 10.7513 12.5465 -20
      vertex 10.546 12.5056 0.5
      vertex 10.7513 12.5465 0.5
    endloop
  endfacet
  facet normal -0.195381 0.980727 0
    outer loop
      vertex 10.546 12.5056 0.5
      vertex 10.7513 12.5465 -20
      vertex 10.546 12.5056 -20
    endloop
  endfacet
  facet normal -0.751866 -0.659316 0
    outer loop
      vertex 9.82878 9.82878 -20
      vertex 9.69079 9.98614 0.5
      vertex 9.69079 9.98614 -20
    endloop
  endfacet
  facet normal -0.751866 -0.659316 0
    outer loop
      vertex 9.69079 9.98614 0.5
      vertex 9.82878 9.82878 -20
      vertex 9.82878 9.82878 0.5
    endloop
  endfacet
  facet normal -0.997863 -0.0653459 0
    outer loop
      vertex 9.37384 10.7513 -20
      vertex 9.36016 10.9602 0.5
      vertex 9.36016 10.9602 -20
    endloop
  endfacet
  facet normal -0.997863 -0.0653459 0
    outer loop
      vertex 9.36016 10.9602 0.5
      vertex 9.37384 10.7513 -20
      vertex 9.37384 10.7513 0.5
    endloop
  endfacet
  facet normal 0.946997 -0.321243 0
    outer loop
      vertex 12.4384 10.3479 0.5
      vertex 12.5056 10.546 -20
      vertex 12.5056 10.546 0.5
    endloop
  endfacet
  facet normal 0.946997 -0.321243 0
    outer loop
      vertex 12.5056 10.546 -20
      vertex 12.4384 10.3479 0.5
      vertex 12.4384 10.3479 -20
    endloop
  endfacet
  facet normal 0.321586 -0.94688 0
    outer loop
      vertex 11.3743 9.41467 -20
      vertex 11.5724 9.48195 0.5
      vertex 11.3743 9.41467 0.5
    endloop
  endfacet
  facet normal 0.321586 -0.94688 0
    outer loop
      vertex 11.5724 9.48195 0.5
      vertex 11.3743 9.41467 -20
      vertex 11.5724 9.48195 -20
    endloop
  endfacet
  facet normal 0.896897 0.44224 0
    outer loop
      vertex 12.4384 11.5724 0.5
      vertex 12.3458 11.7602 -20
      vertex 12.3458 11.7602 0.5
    endloop
  endfacet
  facet normal 0.896897 0.44224 0
    outer loop
      vertex 12.3458 11.7602 -20
      vertex 12.4384 11.5724 0.5
      vertex 12.4384 11.5724 -20
    endloop
  endfacet
  facet normal 0.0653771 -0.997861 0
    outer loop
      vertex 10.9602 9.36016 -20
      vertex 11.169 9.37384 0.5
      vertex 10.9602 9.36016 0.5
    endloop
  endfacet
  facet normal 0.0653771 -0.997861 0
    outer loop
      vertex 11.169 9.37384 0.5
      vertex 10.9602 9.36016 -20
      vertex 11.169 9.37384 -20
    endloop
  endfacet
  facet normal 0.555692 0.831388 -0
    outer loop
      vertex 11.9342 12.2295 -20
      vertex 11.7602 12.3458 0.5
      vertex 11.9342 12.2295 0.5
    endloop
  endfacet
  facet normal 0.555692 0.831388 0
    outer loop
      vertex 11.7602 12.3458 0.5
      vertex 11.9342 12.2295 -20
      vertex 11.7602 12.3458 -20
    endloop
  endfacet
  facet normal -0.896879 -0.442276 0
    outer loop
      vertex 9.57451 10.1602 -20
      vertex 9.48195 10.3479 0.5
      vertex 9.48195 10.3479 -20
    endloop
  endfacet
  facet normal -0.896879 -0.442276 0
    outer loop
      vertex 9.48195 10.3479 0.5
      vertex 9.57451 10.1602 -20
      vertex 9.57451 10.1602 0.5
    endloop
  endfacet
  facet normal 0.831477 -0.55556 0
    outer loop
      vertex 12.2295 9.98614 0.5
      vertex 12.3458 10.1602 -20
      vertex 12.3458 10.1602 0.5
    endloop
  endfacet
  facet normal 0.831477 -0.55556 0
    outer loop
      vertex 12.3458 10.1602 -20
      vertex 12.2295 9.98614 0.5
      vertex 12.2295 9.98614 -20
    endloop
  endfacet
  facet normal 0.44224 0.896897 -0
    outer loop
      vertex 11.7602 12.3458 -20
      vertex 11.5724 12.4384 0.5
      vertex 11.7602 12.3458 0.5
    endloop
  endfacet
  facet normal 0.44224 0.896897 0
    outer loop
      vertex 11.5724 12.4384 0.5
      vertex 11.7602 12.3458 -20
      vertex 11.5724 12.4384 -20
    endloop
  endfacet
  facet normal -0.751741 0.659458 0
    outer loop
      vertex 9.69079 11.9342 -20
      vertex 9.82878 12.0915 0.5
      vertex 9.82878 12.0915 -20
    endloop
  endfacet
  facet normal -0.751741 0.659458 0
    outer loop
      vertex 9.82878 12.0915 0.5
      vertex 9.69079 11.9342 -20
      vertex 9.69079 11.9342 0.5
    endloop
  endfacet
  facet normal -0.321586 -0.94688 0
    outer loop
      vertex 10.3479 9.48195 -20
      vertex 10.546 9.41467 0.5
      vertex 10.3479 9.48195 0.5
    endloop
  endfacet
  facet normal -0.321586 -0.94688 -0
    outer loop
      vertex 10.546 9.41467 0.5
      vertex 10.3479 9.48195 -20
      vertex 10.546 9.41467 -20
    endloop
  endfacet
  facet normal 0.896803 -0.442429 0
    outer loop
      vertex 12.3458 10.1602 0.5
      vertex 12.4384 10.3479 -20
      vertex 12.4384 10.3479 0.5
    endloop
  endfacet
  facet normal 0.896803 -0.442429 0
    outer loop
      vertex 12.4384 10.3479 -20
      vertex 12.3458 10.1602 0.5
      vertex 12.3458 10.1602 -20
    endloop
  endfacet
  facet normal -0.442429 0.896803 0
    outer loop
      vertex 10.3479 12.4384 -20
      vertex 10.1602 12.3458 0.5
      vertex 10.3479 12.4384 0.5
    endloop
  endfacet
  facet normal -0.442429 0.896803 0
    outer loop
      vertex 10.1602 12.3458 0.5
      vertex 10.3479 12.4384 -20
      vertex 10.1602 12.3458 -20
    endloop
  endfacet
  facet normal -0.55556 0.831477 0
    outer loop
      vertex 10.1602 12.3458 -20
      vertex 9.98614 12.2295 0.5
      vertex 10.1602 12.3458 0.5
    endloop
  endfacet
  facet normal -0.55556 0.831477 0
    outer loop
      vertex 9.98614 12.2295 0.5
      vertex 10.1602 12.3458 -20
      vertex 9.98614 12.2295 -20
    endloop
  endfacet
  facet normal 0.831388 0.555692 0
    outer loop
      vertex 12.3458 11.7602 0.5
      vertex 12.2295 11.9342 -20
      vertex 12.2295 11.9342 0.5
    endloop
  endfacet
  facet normal 0.831388 0.555692 0
    outer loop
      vertex 12.2295 11.9342 -20
      vertex 12.3458 11.7602 0.5
      vertex 12.3458 11.7602 -20
    endloop
  endfacet
  facet normal 0.195381 0.980727 -0
    outer loop
      vertex 11.3743 12.5056 -20
      vertex 11.169 12.5465 0.5
      vertex 11.3743 12.5056 0.5
    endloop
  endfacet
  facet normal 0.195381 0.980727 0
    outer loop
      vertex 11.169 12.5465 0.5
      vertex 11.3743 12.5056 -20
      vertex 11.169 12.5465 -20
    endloop
  endfacet
  facet normal -0.659316 -0.751866 0
    outer loop
      vertex 9.82878 9.82878 -20
      vertex 9.98614 9.69079 0.5
      vertex 9.82878 9.82878 0.5
    endloop
  endfacet
  facet normal -0.659316 -0.751866 -0
    outer loop
      vertex 9.98614 9.69079 0.5
      vertex 9.82878 9.82878 -20
      vertex 9.98614 9.69079 -20
    endloop
  endfacet
  facet normal -0.065441 0.997856 0
    outer loop
      vertex 10.9602 12.5602 -20
      vertex 10.7513 12.5465 0.5
      vertex 10.9602 12.5602 0.5
    endloop
  endfacet
  facet normal -0.065441 0.997856 0
    outer loop
      vertex 10.7513 12.5465 0.5
      vertex 10.9602 12.5602 -20
      vertex 10.7513 12.5465 -20
    endloop
  endfacet
  facet normal 0.195059 -0.980791 0
    outer loop
      vertex 11.169 9.37384 -20
      vertex 11.3743 9.41467 0.5
      vertex 11.169 9.37384 0.5
    endloop
  endfacet
  facet normal 0.195059 -0.980791 0
    outer loop
      vertex 11.3743 9.41467 0.5
      vertex 11.169 9.37384 -20
      vertex 11.3743 9.41467 -20
    endloop
  endfacet
  facet normal 0.321243 0.946997 -0
    outer loop
      vertex 11.5724 12.4384 -20
      vertex 11.3743 12.5056 0.5
      vertex 11.5724 12.4384 0.5
    endloop
  endfacet
  facet normal 0.321243 0.946997 0
    outer loop
      vertex 11.3743 12.5056 0.5
      vertex 11.5724 12.4384 -20
      vertex 11.3743 12.5056 -20
    endloop
  endfacet
  facet normal -0.831521 -0.555494 0
    outer loop
      vertex 9.69079 9.98614 -20
      vertex 9.57451 10.1602 0.5
      vertex 9.57451 10.1602 -20
    endloop
  endfacet
  facet normal -0.831521 -0.555494 0
    outer loop
      vertex 9.57451 10.1602 0.5
      vertex 9.69079 9.98614 -20
      vertex 9.69079 9.98614 0.5
    endloop
  endfacet
  facet normal -0.980791 -0.195059 0
    outer loop
      vertex 9.41467 10.546 -20
      vertex 9.37384 10.7513 0.5
      vertex 9.37384 10.7513 -20
    endloop
  endfacet
  facet normal -0.980791 -0.195059 0
    outer loop
      vertex 9.37384 10.7513 0.5
      vertex 9.41467 10.546 -20
      vertex 9.41467 10.546 0.5
    endloop
  endfacet
  facet normal 0.659458 -0.751741 0
    outer loop
      vertex 11.9342 9.69079 -20
      vertex 12.0915 9.82878 0.5
      vertex 11.9342 9.69079 0.5
    endloop
  endfacet
  facet normal 0.659458 -0.751741 0
    outer loop
      vertex 12.0915 9.82878 0.5
      vertex 11.9342 9.69079 -20
      vertex 12.0915 9.82878 -20
    endloop
  endfacet
  facet normal 0 0 1
    outer loop
      vertex 12.5465 11.169 0.5
      vertex 12.5465 10.7513 0.5
      vertex 12.5602 10.9602 0.5
    endloop
  endfacet
  facet normal 0 0 1
    outer loop
      vertex 12.5056 11.3743 0.5
      vertex 12.5465 10.7513 0.5
      vertex 12.5465 11.169 0.5
    endloop
  endfacet
  facet normal 0 0 1
    outer loop
      vertex 12.5056 11.3743 0.5
      vertex 12.5056 10.546 0.5
      vertex 12.5465 10.7513 0.5
    endloop
  endfacet
  facet normal 0 0 1
    outer loop
      vertex 12.4384 11.5724 0.5
      vertex 12.5056 10.546 0.5
      vertex 12.5056 11.3743 0.5
    endloop
  endfacet
  facet normal 0 0 1
    outer loop
      vertex 12.4384 11.5724 0.5
      vertex 12.4384 10.3479 0.5
      vertex 12.5056 10.546 0.5
    endloop
  endfacet
  facet normal 0 0 1
    outer loop
      vertex 12.3458 11.7602 0.5
      vertex 12.4384 10.3479 0.5
      vertex 12.4384 11.5724 0.5
    endloop
  endfacet
  facet normal 0 0 1
    outer loop
      vertex 12.3458 11.7602 0.5
      vertex 12.3458 10.1602 0.5
      vertex 12.4384 10.3479 0.5
    endloop
  endfacet
  facet normal 0 0 1
    outer loop
      vertex 12.2295 11.9342 0.5
      vertex 12.3458 10.1602 0.5
      vertex 12.3458 11.7602 0.5
    endloop
  endfacet
  facet normal 0 0 1
    outer loop
      vertex 12.2295 11.9342 0.5
      vertex 12.2295 9.98614 0.5
      vertex 12.3458 10.1602 0.5
    endloop
  endfacet
  facet normal 0 0 1
    outer loop
      vertex 12.0915 12.0915 0.5
      vertex 12.2295 9.98614 0.5
      vertex 12.2295 11.9342 0.5
    endloop
  endfacet
  facet normal 0 0 1
    outer loop
      vertex 12.0915 12.0915 0.5
      vertex 12.0915 9.82878 0.5
      vertex 12.2295 9.98614 0.5
    endloop
  endfacet
  facet normal 0 0 1
    outer loop
      vertex 11.9342 12.2295 0.5
      vertex 12.0915 9.82878 0.5
      vertex 12.0915 12.0915 0.5
    endloop
  endfacet
  facet normal 0 0 1
    outer loop
      vertex 11.9342 12.2295 0.5
      vertex 11.9342 9.69079 0.5
      vertex 12.0915 9.82878 0.5
    endloop
  endfacet
  facet normal 0 0 1
    outer loop
      vertex 11.7602 12.3458 0.5
      vertex 11.9342 9.69079 0.5
      vertex 11.9342 12.2295 0.5
    endloop
  endfacet
  facet normal 0 0 1
    outer loop
      vertex 11.7602 12.3458 0.5
      vertex 11.7602 9.57451 0.5
      vertex 11.9342 9.69079 0.5
    endloop
  endfacet
  facet normal 0 0 1
    outer loop
      vertex 11.5724 12.4384 0.5
      vertex 11.7602 9.57451 0.5
      vertex 11.7602 12.3458 0.5
    endloop
  endfacet
  facet normal 0 0 1
    outer loop
      vertex 11.5724 12.4384 0.5
      vertex 11.5724 9.48195 0.5
      vertex 11.7602 9.57451 0.5
    endloop
  endfacet
  facet normal 0 0 1
    outer loop
      vertex 11.3743 12.5056 0.5
      vertex 11.5724 9.48195 0.5
      vertex 11.5724 12.4384 0.5
    endloop
  endfacet
  facet normal 0 0 1
    outer loop
      vertex 11.3743 12.5056 0.5
      vertex 11.3743 9.41467 0.5
      vertex 11.5724 9.48195 0.5
    endloop
  endfacet
  facet normal 0 0 1
    outer loop
      vertex 11.169 12.5465 0.5
      vertex 11.3743 9.41467 0.5
      vertex 11.3743 12.5056 0.5
    endloop
  endfacet
  facet normal 0 0 1
    outer loop
      vertex 11.169 12.5465 0.5
      vertex 11.169 9.37384 0.5
      vertex 11.3743 9.41467 0.5
    endloop
  endfacet
  facet normal 0 0 1
    outer loop
      vertex 10.9602 12.5602 0.5
      vertex 11.169 9.37384 0.5
      vertex 11.169 12.5465 0.5
    endloop
  endfacet
  facet normal 0 0 1
    outer loop
      vertex 10.9602 12.5602 0.5
      vertex 10.9602 9.36016 0.5
      vertex 11.169 9.37384 0.5
    endloop
  endfacet
  facet normal -0 0 1
    outer loop
      vertex 10.7513 12.5465 0.5
      vertex 10.9602 9.36016 0.5
      vertex 10.9602 12.5602 0.5
    endloop
  endfacet
  facet normal 0 0 1
    outer loop
      vertex 10.7513 12.5465 0.5
      vertex 10.7513 9.37384 0.5
      vertex 10.9602 9.36016 0.5
    endloop
  endfacet
  facet normal -0 0 1
    outer loop
      vertex 10.546 12.5056 0.5
      vertex 10.7513 9.37384 0.5
      vertex 10.7513 12.5465 0.5
    endloop
  endfacet
  facet normal 0 0 1
    outer loop
      vertex 10.546 12.5056 0.5
      vertex 10.546 9.41467 0.5
      vertex 10.7513 9.37384 0.5
    endloop
  endfacet
  facet normal -0 0 1
    outer loop
      vertex 10.3479 12.4384 0.5
      vertex 10.546 9.41467 0.5
      vertex 10.546 12.5056 0.5
    endloop
  endfacet
  facet normal 0 0 1
    outer loop
      vertex 10.3479 12.4384 0.5
      vertex 10.3479 9.48195 0.5
      vertex 10.546 9.41467 0.5
    endloop
  endfacet
  facet normal -0 0 1
    outer loop
      vertex 10.1602 12.3458 0.5
      vertex 10.3479 9.48195 0.5
      vertex 10.3479 12.4384 0.5
    endloop
  endfacet
  facet normal 0 0 1
    outer loop
      vertex 10.1602 12.3458 0.5
      vertex 10.1602 9.57451 0.5
      vertex 10.3479 9.48195 0.5
    endloop
  endfacet
  facet normal -0 0 1
    outer loop
      vertex 9.98614 12.2295 0.5
      vertex 10.1602 9.57451 0.5
      vertex 10.1602 12.3458 0.5
    endloop
  endfacet
  facet normal 0 0 1
    outer loop
      vertex 9.98614 12.2295 0.5
      vertex 9.98614 9.69079 0.5
      vertex 10.1602 9.57451 0.5
    endloop
  endfacet
  facet normal -0 0 1
    outer loop
      vertex 9.82878 12.0915 0.5
      vertex 9.98614 9.69079 0.5
      vertex 9.98614 12.2295 0.5
    endloop
  endfacet
  facet normal 0 0 1
    outer loop
      vertex 9.82878 12.0915 0.5
      vertex 9.82878 9.82878 0.5
      vertex 9.98614 9.69079 0.5
    endloop
  endfacet
  facet normal -0 0 1
    outer loop
      vertex 9.69079 11.9342 0.5
      vertex 9.82878 9.82878 0.5
      vertex 9.82878 12.0915 0.5
    endloop
  endfacet
  facet normal 0 0 1
    outer loop
      vertex 9.69079 11.9342 0.5
      vertex 9.69079 9.98614 0.5
      vertex 9.82878 9.82878 0.5
    endloop
  endfacet
  facet normal -0 0 1
    outer loop
      vertex 9.57451 11.7602 0.5
      vertex 9.69079 9.98614 0.5
      vertex 9.69079 11.9342 0.5
    endloop
  endfacet
  facet normal 0 0 1
    outer loop
      vertex 9.57451 11.7602 0.5
      vertex 9.57451 10.1602 0.5
      vertex 9.69079 9.98614 0.5
    endloop
  endfacet
  facet normal -0 0 1
    outer loop
      vertex 9.48195 11.5724 0.5
      vertex 9.57451 10.1602 0.5
      vertex 9.57451 11.7602 0.5
    endloop
  endfacet
  facet normal 0 0 1
    outer loop
      vertex 9.48195 11.5724 0.5
      vertex 9.48195 10.3479 0.5
      vertex 9.57451 10.1602 0.5
    endloop
  endfacet
  facet normal -0 0 1
    outer loop
      vertex 9.41467 11.3743 0.5
      vertex 9.48195 10.3479 0.5
      vertex 9.48195 11.5724 0.5
    endloop
  endfacet
  facet normal 0 0 1
    outer loop
      vertex 9.41467 11.3743 0.5
      vertex 9.41467 10.546 0.5
      vertex 9.48195 10.3479 0.5
    endloop
  endfacet
  facet normal -0 0 1
    outer loop
      vertex 9.37384 11.169 0.5
      vertex 9.41467 10.546 0.5
      vertex 9.41467 11.3743 0.5
    endloop
  endfacet
  facet normal 0 0 1
    outer loop
      vertex 9.37384 11.169 0.5
      vertex 9.37384 10.7513 0.5
      vertex 9.41467 10.546 0.5
    endloop
  endfacet
  facet normal 0 -0 1
    outer loop
      vertex 9.37384 10.7513 0.5
      vertex 9.37384 11.169 0.5
      vertex 9.36016 10.9602 0.5
    endloop
  endfacet
  facet normal 0.442086 -0.896973 0
    outer loop
      vertex 11.5724 9.48195 -20
      vertex 11.7602 9.57451 0.5
      vertex 11.5724 9.48195 0.5
    endloop
  endfacet
  facet normal 0.442086 -0.896973 0
    outer loop
      vertex 11.7602 9.57451 0.5
      vertex 11.5724 9.48195 -20
      vertex 11.7602 9.57451 -20
    endloop
  endfacet
  facet normal -0.555494 -0.831521 0
    outer loop
      vertex 9.98614 9.69079 -20
      vertex 10.1602 9.57451 0.5
      vertex 9.98614 9.69079 0.5
    endloop
  endfacet
  facet normal -0.555494 -0.831521 -0
    outer loop
      vertex 10.1602 9.57451 0.5
      vertex 9.98614 9.69079 -20
      vertex 10.1602 9.57451 -20
    endloop
  endfacet
  facet normal 0.980727 -0.195381 0
    outer loop
      vertex 12.5056 10.546 0.5
      vertex 12.5465 10.7513 -20
      vertex 12.5465 10.7513 0.5
    endloop
  endfacet
  facet normal 0.980727 -0.195381 0
    outer loop
      vertex 12.5465 10.7513 -20
      vertex 12.5056 10.546 0.5
      vertex 12.5056 10.546 -20
    endloop
  endfacet
  facet normal -0.980791 0.195059 0
    outer loop
      vertex 9.37384 11.169 -20
      vertex 9.41467 11.3743 0.5
      vertex 9.41467 11.3743 -20
    endloop
  endfacet
  facet normal -0.980791 0.195059 0
    outer loop
      vertex 9.41467 11.3743 0.5
      vertex 9.37384 11.169 -20
      vertex 9.37384 11.169 0.5
    endloop
  endfacet
  facet normal 0.0654722 0.997854 -0
    outer loop
      vertex 11.169 12.5465 -20
      vertex 10.9602 12.5602 0.5
      vertex 11.169 12.5465 0.5
    endloop
  endfacet
  facet normal 0.0654722 0.997854 0
    outer loop
      vertex 10.9602 12.5602 0.5
      vertex 11.169 12.5465 -20
      vertex 10.9602 12.5602 -20
    endloop
  endfacet
  facet normal -0.896973 0.442086 0
    outer loop
      vertex 9.48195 11.5724 -20
      vertex 9.57451 11.7602 0.5
      vertex 9.57451 11.7602 -20
    endloop
  endfacet
  facet normal -0.896973 0.442086 0
    outer loop
      vertex 9.57451 11.7602 0.5
      vertex 9.48195 11.5724 -20
      vertex 9.48195 11.5724 0.5
    endloop
  endfacet
  facet normal -0.321243 0.946997 0
    outer loop
      vertex 10.546 12.5056 -20
      vertex 10.3479 12.4384 0.5
      vertex 10.546 12.5056 0.5
    endloop
  endfacet
  facet normal -0.321243 0.946997 0
    outer loop
      vertex 10.3479 12.4384 0.5
      vertex 10.546 12.5056 -20
      vertex 10.3479 12.4384 -20
    endloop
  endfacet
  facet normal -0.659343 0.751842 0
    outer loop
      vertex 9.98614 12.2295 -20
      vertex 9.82878 12.0915 0.5
      vertex 9.98614 12.2295 0.5
    endloop
  endfacet
  facet normal -0.659343 0.751842 0
    outer loop
      vertex 9.82878 12.0915 0.5
      vertex 9.98614 12.2295 -20
      vertex 9.82878 12.0915 -20
    endloop
  endfacet
  facet normal -0.94688 -0.321586 0
    outer loop
      vertex 9.48195 10.3479 -20
      vertex 9.41467 10.546 0.5
      vertex 9.41467 10.546 -20
    endloop
  endfacet
  facet normal -0.94688 -0.321586 0
    outer loop
      vertex 9.41467 10.546 0.5
      vertex 9.48195 10.3479 -20
      vertex 9.48195 10.3479 0.5
    endloop
  endfacet
  facet normal -0.997861 0.0653771 0
    outer loop
      vertex 9.36016 10.9602 -20
      vertex 9.37384 11.169 0.5
      vertex 9.37384 11.169 -20
    endloop
  endfacet
  facet normal -0.997861 0.0653771 0
    outer loop
      vertex 9.37384 11.169 0.5
      vertex 9.36016 10.9602 -20
      vertex 9.36016 10.9602 0.5
    endloop
  endfacet
  facet normal -0.0653459 -0.997863 0
    outer loop
      vertex 10.7513 9.37384 -20
      vertex 10.9602 9.36016 0.5
      vertex 10.7513 9.37384 0.5
    endloop
  endfacet
  facet normal -0.0653459 -0.997863 -0
    outer loop
      vertex 10.9602 9.36016 0.5
      vertex 10.7513 9.37384 -20
      vertex 10.9602 9.36016 -20
    endloop
  endfacet
  facet normal 0.659485 0.751718 -0
    outer loop
      vertex 12.0915 12.0915 -20
      vertex 11.9342 12.2295 0.5
      vertex 12.0915 12.0915 0.5
    endloop
  endfacet
  facet normal 0.659485 0.751718 0
    outer loop
      vertex 11.9342 12.2295 0.5
      vertex 12.0915 12.0915 -20
      vertex 11.9342 12.2295 -20
    endloop
  endfacet
  facet normal 0.555626 -0.831432 0
    outer loop
      vertex 11.7602 9.57451 -20
      vertex 11.9342 9.69079 0.5
      vertex 11.7602 9.57451 0.5
    endloop
  endfacet
  facet normal 0.555626 -0.831432 0
    outer loop
      vertex 11.9342 9.69079 0.5
      vertex 11.7602 9.57451 -20
      vertex 11.9342 9.69079 -20
    endloop
  endfacet
  facet normal -0.442276 -0.896879 0
    outer loop
      vertex 10.1602 9.57451 -20
      vertex 10.3479 9.48195 0.5
      vertex 10.1602 9.57451 0.5
    endloop
  endfacet
  facet normal -0.442276 -0.896879 -0
    outer loop
      vertex 10.3479 9.48195 0.5
      vertex 10.1602 9.57451 -20
      vertex 10.3479 9.48195 -20
    endloop
  endfacet
  facet normal 0.751842 -0.659343 0
    outer loop
      vertex 12.0915 9.82878 0.5
      vertex 12.2295 9.98614 -20
      vertex 12.2295 9.98614 0.5
    endloop
  endfacet
  facet normal 0.751842 -0.659343 0
    outer loop
      vertex 12.2295 9.98614 -20
      vertex 12.0915 9.82878 0.5
      vertex 12.0915 9.82878 -20
    endloop
  endfacet
  facet normal -0.94688 0.321586 0
    outer loop
      vertex 9.41467 11.3743 -20
      vertex 9.48195 11.5724 0.5
      vertex 9.48195 11.5724 -20
    endloop
  endfacet
  facet normal -0.94688 0.321586 0
    outer loop
      vertex 9.48195 11.5724 0.5
      vertex 9.41467 11.3743 -20
      vertex 9.41467 11.3743 0.5
    endloop
  endfacet
  facet normal -0.831432 0.555626 0
    outer loop
      vertex 9.57451 11.7602 -20
      vertex 9.69079 11.9342 0.5
      vertex 9.69079 11.9342 -20
    endloop
  endfacet
  facet normal -0.831432 0.555626 0
    outer loop
      vertex 9.69079 11.9342 0.5
      vertex 9.57451 11.7602 -20
      vertex 9.57451 11.7602 0.5
    endloop
  endfacet
  facet normal 0.195059 -0.980791 0
    outer loop
      vertex -10.7513 9.37384 -20
      vertex -10.546 9.41467 0.5
      vertex -10.7513 9.37384 0.5
    endloop
  endfacet
  facet normal 0.195059 -0.980791 0
    outer loop
      vertex -10.546 9.41467 0.5
      vertex -10.7513 9.37384 -20
      vertex -10.546 9.41467 -20
    endloop
  endfacet
  facet normal 0.980791 0.195059 0
    outer loop
      vertex -9.37384 11.169 0.5
      vertex -9.41467 11.3743 -20
      vertex -9.41467 11.3743 0.5
    endloop
  endfacet
  facet normal 0.980791 0.195059 0
    outer loop
      vertex -9.41467 11.3743 -20
      vertex -9.37384 11.169 0.5
      vertex -9.37384 11.169 -20
    endloop
  endfacet
  facet normal 0.997861 0.0653771 0
    outer loop
      vertex -9.36016 10.9602 0.5
      vertex -9.37384 11.169 -20
      vertex -9.37384 11.169 0.5
    endloop
  endfacet
  facet normal 0.997861 0.0653771 0
    outer loop
      vertex -9.37384 11.169 -20
      vertex -9.36016 10.9602 0.5
      vertex -9.36016 10.9602 -20
    endloop
  endfacet
  facet normal 0.94688 0.321586 0
    outer loop
      vertex -9.41467 11.3743 0.5
      vertex -9.48195 11.5724 -20
      vertex -9.48195 11.5724 0.5
    endloop
  endfacet
  facet normal 0.94688 0.321586 0
    outer loop
      vertex -9.48195 11.5724 -20
      vertex -9.41467 11.3743 0.5
      vertex -9.41467 11.3743 -20
    endloop
  endfacet
  facet normal 0.831432 0.555626 0
    outer loop
      vertex -9.57451 11.7602 0.5
      vertex -9.69079 11.9342 -20
      vertex -9.69079 11.9342 0.5
    endloop
  endfacet
  facet normal 0.831432 0.555626 0
    outer loop
      vertex -9.69079 11.9342 -20
      vertex -9.57451 11.7602 0.5
      vertex -9.57451 11.7602 -20
    endloop
  endfacet
  facet normal -0.195381 0.980727 0
    outer loop
      vertex -11.169 12.5465 -20
      vertex -11.3743 12.5056 0.5
      vertex -11.169 12.5465 0.5
    endloop
  endfacet
  facet normal -0.195381 0.980727 0
    outer loop
      vertex -11.3743 12.5056 0.5
      vertex -11.169 12.5465 -20
      vertex -11.3743 12.5056 -20
    endloop
  endfacet
  facet normal 0.980791 -0.195059 0
    outer loop
      vertex -9.41467 10.546 0.5
      vertex -9.37384 10.7513 -20
      vertex -9.37384 10.7513 0.5
    endloop
  endfacet
  facet normal 0.980791 -0.195059 0
    outer loop
      vertex -9.37384 10.7513 -20
      vertex -9.41467 10.546 0.5
      vertex -9.41467 10.546 -20
    endloop
  endfacet
  facet normal 0.896973 0.442086 0
    outer loop
      vertex -9.48195 11.5724 0.5
      vertex -9.57451 11.7602 -20
      vertex -9.57451 11.7602 0.5
    endloop
  endfacet
  facet normal 0.896973 0.442086 0
    outer loop
      vertex -9.57451 11.7602 -20
      vertex -9.48195 11.5724 0.5
      vertex -9.48195 11.5724 -20
    endloop
  endfacet
  facet normal 0.997863 -0.0653459 0
    outer loop
      vertex -9.37384 10.7513 0.5
      vertex -9.36016 10.9602 -20
      vertex -9.36016 10.9602 0.5
    endloop
  endfacet
  facet normal 0.997863 -0.0653459 0
    outer loop
      vertex -9.36016 10.9602 -20
      vertex -9.37384 10.7513 0.5
      vertex -9.37384 10.7513 -20
    endloop
  endfacet
  facet normal -0.659485 0.751718 0
    outer loop
      vertex -11.9342 12.2295 -20
      vertex -12.0915 12.0915 0.5
      vertex -11.9342 12.2295 0.5
    endloop
  endfacet
  facet normal -0.659485 0.751718 0
    outer loop
      vertex -12.0915 12.0915 0.5
      vertex -11.9342 12.2295 -20
      vertex -12.0915 12.0915 -20
    endloop
  endfacet
  facet normal 0.751741 0.659458 0
    outer loop
      vertex -9.69079 11.9342 0.5
      vertex -9.82878 12.0915 -20
      vertex -9.82878 12.0915 0.5
    endloop
  endfacet
  facet normal 0.751741 0.659458 0
    outer loop
      vertex -9.82878 12.0915 -20
      vertex -9.69079 11.9342 0.5
      vertex -9.69079 11.9342 -20
    endloop
  endfacet
  facet normal 0.195381 0.980727 -0
    outer loop
      vertex -10.546 12.5056 -20
      vertex -10.7513 12.5465 0.5
      vertex -10.546 12.5056 0.5
    endloop
  endfacet
  facet normal 0.195381 0.980727 0
    outer loop
      vertex -10.7513 12.5465 0.5
      vertex -10.546 12.5056 -20
      vertex -10.7513 12.5465 -20
    endloop
  endfacet
  facet normal 0.94688 -0.321586 0
    outer loop
      vertex -9.48195 10.3479 0.5
      vertex -9.41467 10.546 -20
      vertex -9.41467 10.546 0.5
    endloop
  endfacet
  facet normal 0.94688 -0.321586 0
    outer loop
      vertex -9.41467 10.546 -20
      vertex -9.48195 10.3479 0.5
      vertex -9.48195 10.3479 -20
    endloop
  endfacet
  facet normal -0.321586 -0.94688 0
    outer loop
      vertex -11.5724 9.48195 -20
      vertex -11.3743 9.41467 0.5
      vertex -11.5724 9.48195 0.5
    endloop
  endfacet
  facet normal -0.321586 -0.94688 -0
    outer loop
      vertex -11.3743 9.41467 0.5
      vertex -11.5724 9.48195 -20
      vertex -11.3743 9.41467 -20
    endloop
  endfacet
  facet normal -0.659458 -0.751741 0
    outer loop
      vertex -12.0915 9.82878 -20
      vertex -11.9342 9.69079 0.5
      vertex -12.0915 9.82878 0.5
    endloop
  endfacet
  facet normal -0.659458 -0.751741 -0
    outer loop
      vertex -11.9342 9.69079 0.5
      vertex -12.0915 9.82878 -20
      vertex -11.9342 9.69079 -20
    endloop
  endfacet
  facet normal -0.442086 -0.896973 0
    outer loop
      vertex -11.7602 9.57451 -20
      vertex -11.5724 9.48195 0.5
      vertex -11.7602 9.57451 0.5
    endloop
  endfacet
  facet normal -0.442086 -0.896973 -0
    outer loop
      vertex -11.5724 9.48195 0.5
      vertex -11.7602 9.57451 -20
      vertex -11.5724 9.48195 -20
    endloop
  endfacet
  facet normal 0.321586 -0.94688 0
    outer loop
      vertex -10.546 9.41467 -20
      vertex -10.3479 9.48195 0.5
      vertex -10.546 9.41467 0.5
    endloop
  endfacet
  facet normal 0.321586 -0.94688 0
    outer loop
      vertex -10.3479 9.48195 0.5
      vertex -10.546 9.41467 -20
      vertex -10.3479 9.48195 -20
    endloop
  endfacet
  facet normal 0.831521 -0.555494 0
    outer loop
      vertex -9.69079 9.98614 0.5
      vertex -9.57451 10.1602 -20
      vertex -9.57451 10.1602 0.5
    endloop
  endfacet
  facet normal 0.831521 -0.555494 0
    outer loop
      vertex -9.57451 10.1602 -20
      vertex -9.69079 9.98614 0.5
      vertex -9.69079 9.98614 -20
    endloop
  endfacet
  facet normal -0.896897 0.44224 0
    outer loop
      vertex -12.4384 11.5724 -20
      vertex -12.3458 11.7602 0.5
      vertex -12.3458 11.7602 -20
    endloop
  endfacet
  facet normal -0.896897 0.44224 0
    outer loop
      vertex -12.3458 11.7602 0.5
      vertex -12.4384 11.5724 -20
      vertex -12.4384 11.5724 0.5
    endloop
  endfacet
  facet normal 0.442276 -0.896879 0
    outer loop
      vertex -10.3479 9.48195 -20
      vertex -10.1602 9.57451 0.5
      vertex -10.3479 9.48195 0.5
    endloop
  endfacet
  facet normal 0.442276 -0.896879 0
    outer loop
      vertex -10.1602 9.57451 0.5
      vertex -10.3479 9.48195 -20
      vertex -10.1602 9.57451 -20
    endloop
  endfacet
  facet normal 0.321243 0.946997 -0
    outer loop
      vertex -10.3479 12.4384 -20
      vertex -10.546 12.5056 0.5
      vertex -10.3479 12.4384 0.5
    endloop
  endfacet
  facet normal 0.321243 0.946997 0
    outer loop
      vertex -10.546 12.5056 0.5
      vertex -10.3479 12.4384 -20
      vertex -10.546 12.5056 -20
    endloop
  endfacet
  facet normal -0.946997 0.321243 0
    outer loop
      vertex -12.5056 11.3743 -20
      vertex -12.4384 11.5724 0.5
      vertex -12.4384 11.5724 -20
    endloop
  endfacet
  facet normal -0.946997 0.321243 0
    outer loop
      vertex -12.4384 11.5724 0.5
      vertex -12.5056 11.3743 -20
      vertex -12.5056 11.3743 0.5
    endloop
  endfacet
  facet normal -0.321243 0.946997 0
    outer loop
      vertex -11.3743 12.5056 -20
      vertex -11.5724 12.4384 0.5
      vertex -11.3743 12.5056 0.5
    endloop
  endfacet
  facet normal -0.321243 0.946997 0
    outer loop
      vertex -11.5724 12.4384 0.5
      vertex -11.3743 12.5056 -20
      vertex -11.5724 12.4384 -20
    endloop
  endfacet
  facet normal -0.946997 -0.321243 0
    outer loop
      vertex -12.4384 10.3479 -20
      vertex -12.5056 10.546 0.5
      vertex -12.5056 10.546 -20
    endloop
  endfacet
  facet normal -0.946997 -0.321243 0
    outer loop
      vertex -12.5056 10.546 0.5
      vertex -12.4384 10.3479 -20
      vertex -12.4384 10.3479 0.5
    endloop
  endfacet
  facet normal -0.831388 0.555692 0
    outer loop
      vertex -12.3458 11.7602 -20
      vertex -12.2295 11.9342 0.5
      vertex -12.2295 11.9342 -20
    endloop
  endfacet
  facet normal -0.831388 0.555692 0
    outer loop
      vertex -12.2295 11.9342 0.5
      vertex -12.3458 11.7602 -20
      vertex -12.3458 11.7602 0.5
    endloop
  endfacet
  facet normal -0.44224 0.896897 0
    outer loop
      vertex -11.5724 12.4384 -20
      vertex -11.7602 12.3458 0.5
      vertex -11.5724 12.4384 0.5
    endloop
  endfacet
  facet normal -0.44224 0.896897 0
    outer loop
      vertex -11.7602 12.3458 0.5
      vertex -11.5724 12.4384 -20
      vertex -11.7602 12.3458 -20
    endloop
  endfacet
  facet normal -0.555692 0.831388 0
    outer loop
      vertex -11.7602 12.3458 -20
      vertex -11.9342 12.2295 0.5
      vertex -11.7602 12.3458 0.5
    endloop
  endfacet
  facet normal -0.555692 0.831388 0
    outer loop
      vertex -11.9342 12.2295 0.5
      vertex -11.7602 12.3458 -20
      vertex -11.9342 12.2295 -20
    endloop
  endfacet
  facet normal 0 0 1
    outer loop
      vertex -9.37384 11.169 0.5
      vertex -9.37384 10.7513 0.5
      vertex -9.36016 10.9602 0.5
    endloop
  endfacet
  facet normal 0 0 1
    outer loop
      vertex -9.41467 11.3743 0.5
      vertex -9.37384 10.7513 0.5
      vertex -9.37384 11.169 0.5
    endloop
  endfacet
  facet normal 0 0 1
    outer loop
      vertex -9.41467 11.3743 0.5
      vertex -9.41467 10.546 0.5
      vertex -9.37384 10.7513 0.5
    endloop
  endfacet
  facet normal 0 0 1
    outer loop
      vertex -9.48195 11.5724 0.5
      vertex -9.41467 10.546 0.5
      vertex -9.41467 11.3743 0.5
    endloop
  endfacet
  facet normal 0 0 1
    outer loop
      vertex -9.48195 11.5724 0.5
      vertex -9.48195 10.3479 0.5
      vertex -9.41467 10.546 0.5
    endloop
  endfacet
  facet normal 0 0 1
    outer loop
      vertex -9.57451 11.7602 0.5
      vertex -9.48195 10.3479 0.5
      vertex -9.48195 11.5724 0.5
    endloop
  endfacet
  facet normal 0 0 1
    outer loop
      vertex -9.57451 11.7602 0.5
      vertex -9.57451 10.1602 0.5
      vertex -9.48195 10.3479 0.5
    endloop
  endfacet
  facet normal 0 0 1
    outer loop
      vertex -9.69079 11.9342 0.5
      vertex -9.57451 10.1602 0.5
      vertex -9.57451 11.7602 0.5
    endloop
  endfacet
  facet normal 0 0 1
    outer loop
      vertex -9.69079 11.9342 0.5
      vertex -9.69079 9.98614 0.5
      vertex -9.57451 10.1602 0.5
    endloop
  endfacet
  facet normal 0 0 1
    outer loop
      vertex -9.82878 12.0915 0.5
      vertex -9.69079 9.98614 0.5
      vertex -9.69079 11.9342 0.5
    endloop
  endfacet
  facet normal 0 0 1
    outer loop
      vertex -9.82878 12.0915 0.5
      vertex -9.82878 9.82878 0.5
      vertex -9.69079 9.98614 0.5
    endloop
  endfacet
  facet normal 0 0 1
    outer loop
      vertex -9.98614 12.2295 0.5
      vertex -9.82878 9.82878 0.5
      vertex -9.82878 12.0915 0.5
    endloop
  endfacet
  facet normal 0 0 1
    outer loop
      vertex -9.98614 12.2295 0.5
      vertex -9.98614 9.69079 0.5
      vertex -9.82878 9.82878 0.5
    endloop
  endfacet
  facet normal 0 0 1
    outer loop
      vertex -10.1602 12.3458 0.5
      vertex -9.98614 9.69079 0.5
      vertex -9.98614 12.2295 0.5
    endloop
  endfacet
  facet normal 0 0 1
    outer loop
      vertex -10.1602 12.3458 0.5
      vertex -10.1602 9.57451 0.5
      vertex -9.98614 9.69079 0.5
    endloop
  endfacet
  facet normal 0 0 1
    outer loop
      vertex -10.3479 12.4384 0.5
      vertex -10.1602 9.57451 0.5
      vertex -10.1602 12.3458 0.5
    endloop
  endfacet
  facet normal 0 0 1
    outer loop
      vertex -10.3479 12.4384 0.5
      vertex -10.3479 9.48195 0.5
      vertex -10.1602 9.57451 0.5
    endloop
  endfacet
  facet normal 0 0 1
    outer loop
      vertex -10.546 12.5056 0.5
      vertex -10.3479 9.48195 0.5
      vertex -10.3479 12.4384 0.5
    endloop
  endfacet
  facet normal 0 0 1
    outer loop
      vertex -10.546 12.5056 0.5
      vertex -10.546 9.41467 0.5
      vertex -10.3479 9.48195 0.5
    endloop
  endfacet
  facet normal 0 0 1
    outer loop
      vertex -10.7513 12.5465 0.5
      vertex -10.546 9.41467 0.5
      vertex -10.546 12.5056 0.5
    endloop
  endfacet
  facet normal 0 0 1
    outer loop
      vertex -10.7513 12.5465 0.5
      vertex -10.7513 9.37384 0.5
      vertex -10.546 9.41467 0.5
    endloop
  endfacet
  facet normal 0 0 1
    outer loop
      vertex -10.9602 12.5602 0.5
      vertex -10.7513 9.37384 0.5
      vertex -10.7513 12.5465 0.5
    endloop
  endfacet
  facet normal 0 0 1
    outer loop
      vertex -10.9602 12.5602 0.5
      vertex -10.9602 9.36016 0.5
      vertex -10.7513 9.37384 0.5
    endloop
  endfacet
  facet normal -0 0 1
    outer loop
      vertex -11.169 12.5465 0.5
      vertex -10.9602 9.36016 0.5
      vertex -10.9602 12.5602 0.5
    endloop
  endfacet
  facet normal 0 0 1
    outer loop
      vertex -11.169 12.5465 0.5
      vertex -11.169 9.37384 0.5
      vertex -10.9602 9.36016 0.5
    endloop
  endfacet
  facet normal -0 0 1
    outer loop
      vertex -11.3743 12.5056 0.5
      vertex -11.169 9.37384 0.5
      vertex -11.169 12.5465 0.5
    endloop
  endfacet
  facet normal 0 0 1
    outer loop
      vertex -11.3743 12.5056 0.5
      vertex -11.3743 9.41467 0.5
      vertex -11.169 9.37384 0.5
    endloop
  endfacet
  facet normal -0 0 1
    outer loop
      vertex -11.5724 12.4384 0.5
      vertex -11.3743 9.41467 0.5
      vertex -11.3743 12.5056 0.5
    endloop
  endfacet
  facet normal 0 0 1
    outer loop
      vertex -11.5724 12.4384 0.5
      vertex -11.5724 9.48195 0.5
      vertex -11.3743 9.41467 0.5
    endloop
  endfacet
  facet normal -0 0 1
    outer loop
      vertex -11.7602 12.3458 0.5
      vertex -11.5724 9.48195 0.5
      vertex -11.5724 12.4384 0.5
    endloop
  endfacet
  facet normal 0 0 1
    outer loop
      vertex -11.7602 12.3458 0.5
      vertex -11.7602 9.57451 0.5
      vertex -11.5724 9.48195 0.5
    endloop
  endfacet
  facet normal -0 0 1
    outer loop
      vertex -11.9342 12.2295 0.5
      vertex -11.7602 9.57451 0.5
      vertex -11.7602 12.3458 0.5
    endloop
  endfacet
  facet normal 0 0 1
    outer loop
      vertex -11.9342 12.2295 0.5
      vertex -11.9342 9.69079 0.5
      vertex -11.7602 9.57451 0.5
    endloop
  endfacet
  facet normal -0 0 1
    outer loop
      vertex -12.0915 12.0915 0.5
      vertex -11.9342 9.69079 0.5
      vertex -11.9342 12.2295 0.5
    endloop
  endfacet
  facet normal 0 0 1
    outer loop
      vertex -12.0915 12.0915 0.5
      vertex -12.0915 9.82878 0.5
      vertex -11.9342 9.69079 0.5
    endloop
  endfacet
  facet normal -0 0 1
    outer loop
      vertex -12.2295 11.9342 0.5
      vertex -12.0915 9.82878 0.5
      vertex -12.0915 12.0915 0.5
    endloop
  endfacet
  facet normal 0 0 1
    outer loop
      vertex -12.2295 11.9342 0.5
      vertex -12.2295 9.98614 0.5
      vertex -12.0915 9.82878 0.5
    endloop
  endfacet
  facet normal -0 0 1
    outer loop
      vertex -12.3458 11.7602 0.5
      vertex -12.2295 9.98614 0.5
      vertex -12.2295 11.9342 0.5
    endloop
  endfacet
  facet normal 0 0 1
    outer loop
      vertex -12.3458 11.7602 0.5
      vertex -12.3458 10.1602 0.5
      vertex -12.2295 9.98614 0.5
    endloop
  endfacet
  facet normal -0 0 1
    outer loop
      vertex -12.4384 11.5724 0.5
      vertex -12.3458 10.1602 0.5
      vertex -12.3458 11.7602 0.5
    endloop
  endfacet
  facet normal 0 0 1
    outer loop
      vertex -12.4384 11.5724 0.5
      vertex -12.4384 10.3479 0.5
      vertex -12.3458 10.1602 0.5
    endloop
  endfacet
  facet normal -0 0 1
    outer loop
      vertex -12.5056 11.3743 0.5
      vertex -12.4384 10.3479 0.5
      vertex -12.4384 11.5724 0.5
    endloop
  endfacet
  facet normal 0 0 1
    outer loop
      vertex -12.5056 11.3743 0.5
      vertex -12.5056 10.546 0.5
      vertex -12.4384 10.3479 0.5
    endloop
  endfacet
  facet normal -0 0 1
    outer loop
      vertex -12.5465 11.169 0.5
      vertex -12.5056 10.546 0.5
      vertex -12.5056 11.3743 0.5
    endloop
  endfacet
  facet normal 0 0 1
    outer loop
      vertex -12.5465 11.169 0.5
      vertex -12.5465 10.7513 0.5
      vertex -12.5056 10.546 0.5
    endloop
  endfacet
  facet normal 0 -0 1
    outer loop
      vertex -12.5465 10.7513 0.5
      vertex -12.5465 11.169 0.5
      vertex -12.5602 10.9602 0.5
    endloop
  endfacet
  facet normal -0.0654722 0.997854 0
    outer loop
      vertex -10.9602 12.5602 -20
      vertex -11.169 12.5465 0.5
      vertex -10.9602 12.5602 0.5
    endloop
  endfacet
  facet normal -0.0654722 0.997854 0
    outer loop
      vertex -11.169 12.5465 0.5
      vertex -10.9602 12.5602 -20
      vertex -11.169 12.5465 -20
    endloop
  endfacet
  facet normal 0.555494 -0.831521 0
    outer loop
      vertex -10.1602 9.57451 -20
      vertex -9.98614 9.69079 0.5
      vertex -10.1602 9.57451 0.5
    endloop
  endfacet
  facet normal 0.555494 -0.831521 0
    outer loop
      vertex -9.98614 9.69079 0.5
      vertex -10.1602 9.57451 -20
      vertex -9.98614 9.69079 -20
    endloop
  endfacet
  facet normal 0.442429 0.896803 -0
    outer loop
      vertex -10.1602 12.3458 -20
      vertex -10.3479 12.4384 0.5
      vertex -10.1602 12.3458 0.5
    endloop
  endfacet
  facet normal 0.442429 0.896803 0
    outer loop
      vertex -10.3479 12.4384 0.5
      vertex -10.1602 12.3458 -20
      vertex -10.3479 12.4384 -20
    endloop
  endfacet
  facet normal 0.55556 0.831477 -0
    outer loop
      vertex -9.98614 12.2295 -20
      vertex -10.1602 12.3458 0.5
      vertex -9.98614 12.2295 0.5
    endloop
  endfacet
  facet normal 0.55556 0.831477 0
    outer loop
      vertex -10.1602 12.3458 0.5
      vertex -9.98614 12.2295 -20
      vertex -10.1602 12.3458 -20
    endloop
  endfacet
  facet normal -0.0653771 -0.997861 0
    outer loop
      vertex -11.169 9.37384 -20
      vertex -10.9602 9.36016 0.5
      vertex -11.169 9.37384 0.5
    endloop
  endfacet
  facet normal -0.0653771 -0.997861 -0
    outer loop
      vertex -10.9602 9.36016 0.5
      vertex -11.169 9.37384 -20
      vertex -10.9602 9.36016 -20
    endloop
  endfacet
  facet normal -0.195059 -0.980791 0
    outer loop
      vertex -11.3743 9.41467 -20
      vertex -11.169 9.37384 0.5
      vertex -11.3743 9.41467 0.5
    endloop
  endfacet
  facet normal -0.195059 -0.980791 -0
    outer loop
      vertex -11.169 9.37384 0.5
      vertex -11.3743 9.41467 -20
      vertex -11.169 9.37384 -20
    endloop
  endfacet
  facet normal -0.980727 -0.195381 0
    outer loop
      vertex -12.5056 10.546 -20
      vertex -12.5465 10.7513 0.5
      vertex -12.5465 10.7513 -20
    endloop
  endfacet
  facet normal -0.980727 -0.195381 0
    outer loop
      vertex -12.5465 10.7513 0.5
      vertex -12.5056 10.546 -20
      vertex -12.5056 10.546 0.5
    endloop
  endfacet
  facet normal 0.0653459 -0.997863 0
    outer loop
      vertex -10.9602 9.36016 -20
      vertex -10.7513 9.37384 0.5
      vertex -10.9602 9.36016 0.5
    endloop
  endfacet
  facet normal 0.0653459 -0.997863 0
    outer loop
      vertex -10.7513 9.37384 0.5
      vertex -10.9602 9.36016 -20
      vertex -10.7513 9.37384 -20
    endloop
  endfacet
  facet normal -0.980727 0.195381 0
    outer loop
      vertex -12.5465 11.169 -20
      vertex -12.5056 11.3743 0.5
      vertex -12.5056 11.3743 -20
    endloop
  endfacet
  facet normal -0.980727 0.195381 0
    outer loop
      vertex -12.5056 11.3743 0.5
      vertex -12.5465 11.169 -20
      vertex -12.5465 11.169 0.5
    endloop
  endfacet
  facet normal 0.751866 -0.659316 0
    outer loop
      vertex -9.82878 9.82878 0.5
      vertex -9.69079 9.98614 -20
      vertex -9.69079 9.98614 0.5
    endloop
  endfacet
  facet normal 0.751866 -0.659316 0
    outer loop
      vertex -9.69079 9.98614 -20
      vertex -9.82878 9.82878 0.5
      vertex -9.82878 9.82878 -20
    endloop
  endfacet
  facet normal 0.896879 -0.442276 0
    outer loop
      vertex -9.57451 10.1602 0.5
      vertex -9.48195 10.3479 -20
      vertex -9.48195 10.3479 0.5
    endloop
  endfacet
  facet normal 0.896879 -0.442276 0
    outer loop
      vertex -9.48195 10.3479 -20
      vertex -9.57451 10.1602 0.5
      vertex -9.57451 10.1602 -20
    endloop
  endfacet
  facet normal -0.831477 -0.55556 0
    outer loop
      vertex -12.2295 9.98614 -20
      vertex -12.3458 10.1602 0.5
      vertex -12.3458 10.1602 -20
    endloop
  endfacet
  facet normal -0.831477 -0.55556 0
    outer loop
      vertex -12.3458 10.1602 0.5
      vertex -12.2295 9.98614 -20
      vertex -12.2295 9.98614 0.5
    endloop
  endfacet
  facet normal -0.751718 0.659485 0
    outer loop
      vertex -12.2295 11.9342 -20
      vertex -12.0915 12.0915 0.5
      vertex -12.0915 12.0915 -20
    endloop
  endfacet
  facet normal -0.751718 0.659485 0
    outer loop
      vertex -12.0915 12.0915 0.5
      vertex -12.2295 11.9342 -20
      vertex -12.2295 11.9342 0.5
    endloop
  endfacet
  facet normal -0.896803 -0.442429 0
    outer loop
      vertex -12.3458 10.1602 -20
      vertex -12.4384 10.3479 0.5
      vertex -12.4384 10.3479 -20
    endloop
  endfacet
  facet normal -0.896803 -0.442429 0
    outer loop
      vertex -12.4384 10.3479 0.5
      vertex -12.3458 10.1602 -20
      vertex -12.3458 10.1602 0.5
    endloop
  endfacet
  facet normal -0.997854 0.0654722 0
    outer loop
      vertex -12.5602 10.9602 -20
      vertex -12.5465 11.169 0.5
      vertex -12.5465 11.169 -20
    endloop
  endfacet
  facet normal -0.997854 0.0654722 0
    outer loop
      vertex -12.5465 11.169 0.5
      vertex -12.5602 10.9602 -20
      vertex -12.5602 10.9602 0.5
    endloop
  endfacet
  facet normal -0.751842 -0.659343 0
    outer loop
      vertex -12.0915 9.82878 -20
      vertex -12.2295 9.98614 0.5
      vertex -12.2295 9.98614 -20
    endloop
  endfacet
  facet normal -0.751842 -0.659343 0
    outer loop
      vertex -12.2295 9.98614 0.5
      vertex -12.0915 9.82878 -20
      vertex -12.0915 9.82878 0.5
    endloop
  endfacet
  facet normal 0.065441 0.997856 -0
    outer loop
      vertex -10.7513 12.5465 -20
      vertex -10.9602 12.5602 0.5
      vertex -10.7513 12.5465 0.5
    endloop
  endfacet
  facet normal 0.065441 0.997856 0
    outer loop
      vertex -10.9602 12.5602 0.5
      vertex -10.7513 12.5465 -20
      vertex -10.9602 12.5602 -20
    endloop
  endfacet
  facet normal 0.659343 0.751842 -0
    outer loop
      vertex -9.82878 12.0915 -20
      vertex -9.98614 12.2295 0.5
      vertex -9.82878 12.0915 0.5
    endloop
  endfacet
  facet normal 0.659343 0.751842 0
    outer loop
      vertex -9.98614 12.2295 0.5
      vertex -9.82878 12.0915 -20
      vertex -9.98614 12.2295 -20
    endloop
  endfacet
  facet normal -0.555626 -0.831432 0
    outer loop
      vertex -11.9342 9.69079 -20
      vertex -11.7602 9.57451 0.5
      vertex -11.9342 9.69079 0.5
    endloop
  endfacet
  facet normal -0.555626 -0.831432 -0
    outer loop
      vertex -11.7602 9.57451 0.5
      vertex -11.9342 9.69079 -20
      vertex -11.7602 9.57451 -20
    endloop
  endfacet
  facet normal -0.997856 -0.065441 0
    outer loop
      vertex -12.5465 10.7513 -20
      vertex -12.5602 10.9602 0.5
      vertex -12.5602 10.9602 -20
    endloop
  endfacet
  facet normal -0.997856 -0.065441 0
    outer loop
      vertex -12.5602 10.9602 0.5
      vertex -12.5465 10.7513 -20
      vertex -12.5465 10.7513 0.5
    endloop
  endfacet
  facet normal 0.659316 -0.751866 0
    outer loop
      vertex -9.98614 9.69079 -20
      vertex -9.82878 9.82878 0.5
      vertex -9.98614 9.69079 0.5
    endloop
  endfacet
  facet normal 0.659316 -0.751866 0
    outer loop
      vertex -9.82878 9.82878 0.5
      vertex -9.98614 9.69079 -20
      vertex -9.82878 9.82878 -20
    endloop
  endfacet
  facet normal 0.195381 -0.980727 0
    outer loop
      vertex -10.7513 -12.5465 -20
      vertex -10.546 -12.5056 0.5
      vertex -10.7513 -12.5465 0.5
    endloop
  endfacet
  facet normal 0.195381 -0.980727 0
    outer loop
      vertex -10.546 -12.5056 0.5
      vertex -10.7513 -12.5465 -20
      vertex -10.546 -12.5056 -20
    endloop
  endfacet
  facet normal 0.980791 0.195059 0
    outer loop
      vertex -9.37384 -10.7513 0.5
      vertex -9.41467 -10.546 -20
      vertex -9.41467 -10.546 0.5
    endloop
  endfacet
  facet normal 0.980791 0.195059 0
    outer loop
      vertex -9.41467 -10.546 -20
      vertex -9.37384 -10.7513 0.5
      vertex -9.37384 -10.7513 -20
    endloop
  endfacet
  facet normal 0.997863 0.0653459 0
    outer loop
      vertex -9.36016 -10.9602 0.5
      vertex -9.37384 -10.7513 -20
      vertex -9.37384 -10.7513 0.5
    endloop
  endfacet
  facet normal 0.997863 0.0653459 0
    outer loop
      vertex -9.37384 -10.7513 -20
      vertex -9.36016 -10.9602 0.5
      vertex -9.36016 -10.9602 -20
    endloop
  endfacet
  facet normal 0.94688 0.321586 0
    outer loop
      vertex -9.41467 -10.546 0.5
      vertex -9.48195 -10.3479 -20
      vertex -9.48195 -10.3479 0.5
    endloop
  endfacet
  facet normal 0.94688 0.321586 0
    outer loop
      vertex -9.48195 -10.3479 -20
      vertex -9.41467 -10.546 0.5
      vertex -9.41467 -10.546 -20
    endloop
  endfacet
  facet normal -0.195381 -0.980727 0
    outer loop
      vertex -11.3743 -12.5056 -20
      vertex -11.169 -12.5465 0.5
      vertex -11.3743 -12.5056 0.5
    endloop
  endfacet
  facet normal -0.195381 -0.980727 -0
    outer loop
      vertex -11.169 -12.5465 0.5
      vertex -11.3743 -12.5056 -20
      vertex -11.169 -12.5465 -20
    endloop
  endfacet
  facet normal 0.831521 0.555494 0
    outer loop
      vertex -9.57451 -10.1602 0.5
      vertex -9.69079 -9.98614 -20
      vertex -9.69079 -9.98614 0.5
    endloop
  endfacet
  facet normal 0.831521 0.555494 0
    outer loop
      vertex -9.69079 -9.98614 -20
      vertex -9.57451 -10.1602 0.5
      vertex -9.57451 -10.1602 -20
    endloop
  endfacet
  facet normal 0.321586 0.94688 -0
    outer loop
      vertex -10.3479 -9.48195 -20
      vertex -10.546 -9.41467 0.5
      vertex -10.3479 -9.48195 0.5
    endloop
  endfacet
  facet normal 0.321586 0.94688 0
    outer loop
      vertex -10.546 -9.41467 0.5
      vertex -10.3479 -9.48195 -20
      vertex -10.546 -9.41467 -20
    endloop
  endfacet
  facet normal 0.997861 -0.0653771 0
    outer loop
      vertex -9.37384 -11.169 0.5
      vertex -9.36016 -10.9602 -20
      vertex -9.36016 -10.9602 0.5
    endloop
  endfacet
  facet normal 0.997861 -0.0653771 0
    outer loop
      vertex -9.36016 -10.9602 -20
      vertex -9.37384 -11.169 0.5
      vertex -9.37384 -11.169 -20
    endloop
  endfacet
  facet normal -0.751718 -0.659485 0
    outer loop
      vertex -12.0915 -12.0915 -20
      vertex -12.2295 -11.9342 0.5
      vertex -12.2295 -11.9342 -20
    endloop
  endfacet
  facet normal -0.751718 -0.659485 0
    outer loop
      vertex -12.2295 -11.9342 0.5
      vertex -12.0915 -12.0915 -20
      vertex -12.0915 -12.0915 0.5
    endloop
  endfacet
  facet normal 0.896879 0.442276 0
    outer loop
      vertex -9.48195 -10.3479 0.5
      vertex -9.57451 -10.1602 -20
      vertex -9.57451 -10.1602 0.5
    endloop
  endfacet
  facet normal 0.896879 0.442276 0
    outer loop
      vertex -9.57451 -10.1602 -20
      vertex -9.48195 -10.3479 0.5
      vertex -9.48195 -10.3479 -20
    endloop
  endfacet
  facet normal -0.946997 0.321243 0
    outer loop
      vertex -12.5056 -10.546 -20
      vertex -12.4384 -10.3479 0.5
      vertex -12.4384 -10.3479 -20
    endloop
  endfacet
  facet normal -0.946997 0.321243 0
    outer loop
      vertex -12.4384 -10.3479 0.5
      vertex -12.5056 -10.546 -20
      vertex -12.5056 -10.546 0.5
    endloop
  endfacet
  facet normal 0.0653459 0.997863 -0
    outer loop
      vertex -10.7513 -9.37384 -20
      vertex -10.9602 -9.36016 0.5
      vertex -10.7513 -9.37384 0.5
    endloop
  endfacet
  facet normal 0.0653459 0.997863 0
    outer loop
      vertex -10.9602 -9.36016 0.5
      vertex -10.7513 -9.37384 -20
      vertex -10.9602 -9.36016 -20
    endloop
  endfacet
  facet normal 0.94688 -0.321586 0
    outer loop
      vertex -9.48195 -11.5724 0.5
      vertex -9.41467 -11.3743 -20
      vertex -9.41467 -11.3743 0.5
    endloop
  endfacet
  facet normal 0.94688 -0.321586 0
    outer loop
      vertex -9.41467 -11.3743 -20
      vertex -9.48195 -11.5724 0.5
      vertex -9.48195 -11.5724 -20
    endloop
  endfacet
  facet normal -0.751842 0.659343 0
    outer loop
      vertex -12.2295 -9.98614 -20
      vertex -12.0915 -9.82878 0.5
      vertex -12.0915 -9.82878 -20
    endloop
  endfacet
  facet normal -0.751842 0.659343 0
    outer loop
      vertex -12.0915 -9.82878 0.5
      vertex -12.2295 -9.98614 -20
      vertex -12.2295 -9.98614 0.5
    endloop
  endfacet
  facet normal 0.980791 -0.195059 0
    outer loop
      vertex -9.41467 -11.3743 0.5
      vertex -9.37384 -11.169 -20
      vertex -9.37384 -11.169 0.5
    endloop
  endfacet
  facet normal 0.980791 -0.195059 0
    outer loop
      vertex -9.37384 -11.169 -20
      vertex -9.41467 -11.3743 0.5
      vertex -9.41467 -11.3743 -20
    endloop
  endfacet
  facet normal -0.659458 0.751741 0
    outer loop
      vertex -11.9342 -9.69079 -20
      vertex -12.0915 -9.82878 0.5
      vertex -11.9342 -9.69079 0.5
    endloop
  endfacet
  facet normal -0.659458 0.751741 0
    outer loop
      vertex -12.0915 -9.82878 0.5
      vertex -11.9342 -9.69079 -20
      vertex -12.0915 -9.82878 -20
    endloop
  endfacet
  facet normal 0.321243 -0.946997 0
    outer loop
      vertex -10.546 -12.5056 -20
      vertex -10.3479 -12.4384 0.5
      vertex -10.546 -12.5056 0.5
    endloop
  endfacet
  facet normal 0.321243 -0.946997 0
    outer loop
      vertex -10.3479 -12.4384 0.5
      vertex -10.546 -12.5056 -20
      vertex -10.3479 -12.4384 -20
    endloop
  endfacet
  facet normal 0.831432 -0.555626 0
    outer loop
      vertex -9.69079 -11.9342 0.5
      vertex -9.57451 -11.7602 -20
      vertex -9.57451 -11.7602 0.5
    endloop
  endfacet
  facet normal 0.831432 -0.555626 0
    outer loop
      vertex -9.57451 -11.7602 -20
      vertex -9.69079 -11.9342 0.5
      vertex -9.69079 -11.9342 -20
    endloop
  endfacet
  facet normal -0.659485 -0.751718 0
    outer loop
      vertex -12.0915 -12.0915 -20
      vertex -11.9342 -12.2295 0.5
      vertex -12.0915 -12.0915 0.5
    endloop
  endfacet
  facet normal -0.659485 -0.751718 -0
    outer loop
      vertex -11.9342 -12.2295 0.5
      vertex -12.0915 -12.0915 -20
      vertex -11.9342 -12.2295 -20
    endloop
  endfacet
  facet normal -0.555692 -0.831388 0
    outer loop
      vertex -11.9342 -12.2295 -20
      vertex -11.7602 -12.3458 0.5
      vertex -11.9342 -12.2295 0.5
    endloop
  endfacet
  facet normal -0.555692 -0.831388 -0
    outer loop
      vertex -11.7602 -12.3458 0.5
      vertex -11.9342 -12.2295 -20
      vertex -11.7602 -12.3458 -20
    endloop
  endfacet
  facet normal -0.896897 -0.44224 0
    outer loop
      vertex -12.3458 -11.7602 -20
      vertex -12.4384 -11.5724 0.5
      vertex -12.4384 -11.5724 -20
    endloop
  endfacet
  facet normal -0.896897 -0.44224 0
    outer loop
      vertex -12.4384 -11.5724 0.5
      vertex -12.3458 -11.7602 -20
      vertex -12.3458 -11.7602 0.5
    endloop
  endfacet
  facet normal -0.442086 0.896973 0
    outer loop
      vertex -11.5724 -9.48195 -20
      vertex -11.7602 -9.57451 0.5
      vertex -11.5724 -9.48195 0.5
    endloop
  endfacet
  facet normal -0.442086 0.896973 0
    outer loop
      vertex -11.7602 -9.57451 0.5
      vertex -11.5724 -9.48195 -20
      vertex -11.7602 -9.57451 -20
    endloop
  endfacet
  facet normal 0.442429 -0.896803 0
    outer loop
      vertex -10.3479 -12.4384 -20
      vertex -10.1602 -12.3458 0.5
      vertex -10.3479 -12.4384 0.5
    endloop
  endfacet
  facet normal 0.442429 -0.896803 0
    outer loop
      vertex -10.1602 -12.3458 0.5
      vertex -10.3479 -12.4384 -20
      vertex -10.1602 -12.3458 -20
    endloop
  endfacet
  facet normal -0.831477 0.55556 0
    outer loop
      vertex -12.3458 -10.1602 -20
      vertex -12.2295 -9.98614 0.5
      vertex -12.2295 -9.98614 -20
    endloop
  endfacet
  facet normal -0.831477 0.55556 0
    outer loop
      vertex -12.2295 -9.98614 0.5
      vertex -12.3458 -10.1602 -20
      vertex -12.3458 -10.1602 0.5
    endloop
  endfacet
  facet normal -0.980727 -0.195381 0
    outer loop
      vertex -12.5056 -11.3743 -20
      vertex -12.5465 -11.169 0.5
      vertex -12.5465 -11.169 -20
    endloop
  endfacet
  facet normal -0.980727 -0.195381 0
    outer loop
      vertex -12.5465 -11.169 0.5
      vertex -12.5056 -11.3743 -20
      vertex -12.5056 -11.3743 0.5
    endloop
  endfacet
  facet normal -0.946997 -0.321243 0
    outer loop
      vertex -12.4384 -11.5724 -20
      vertex -12.5056 -11.3743 0.5
      vertex -12.5056 -11.3743 -20
    endloop
  endfacet
  facet normal -0.946997 -0.321243 0
    outer loop
      vertex -12.5056 -11.3743 0.5
      vertex -12.4384 -11.5724 -20
      vertex -12.4384 -11.5724 0.5
    endloop
  endfacet
  facet normal 0.555494 0.831521 -0
    outer loop
      vertex -9.98614 -9.69079 -20
      vertex -10.1602 -9.57451 0.5
      vertex -9.98614 -9.69079 0.5
    endloop
  endfacet
  facet normal 0.555494 0.831521 0
    outer loop
      vertex -10.1602 -9.57451 0.5
      vertex -9.98614 -9.69079 -20
      vertex -10.1602 -9.57451 -20
    endloop
  endfacet
  facet normal -0.555626 0.831432 0
    outer loop
      vertex -11.7602 -9.57451 -20
      vertex -11.9342 -9.69079 0.5
      vertex -11.7602 -9.57451 0.5
    endloop
  endfacet
  facet normal -0.555626 0.831432 0
    outer loop
      vertex -11.9342 -9.69079 0.5
      vertex -11.7602 -9.57451 -20
      vertex -11.9342 -9.69079 -20
    endloop
  endfacet
  facet normal -0.0653771 0.997861 0
    outer loop
      vertex -10.9602 -9.36016 -20
      vertex -11.169 -9.37384 0.5
      vertex -10.9602 -9.36016 0.5
    endloop
  endfacet
  facet normal -0.0653771 0.997861 0
    outer loop
      vertex -11.169 -9.37384 0.5
      vertex -10.9602 -9.36016 -20
      vertex -11.169 -9.37384 -20
    endloop
  endfacet
  facet normal 0.55556 -0.831477 0
    outer loop
      vertex -10.1602 -12.3458 -20
      vertex -9.98614 -12.2295 0.5
      vertex -10.1602 -12.3458 0.5
    endloop
  endfacet
  facet normal 0.55556 -0.831477 0
    outer loop
      vertex -9.98614 -12.2295 0.5
      vertex -10.1602 -12.3458 -20
      vertex -9.98614 -12.2295 -20
    endloop
  endfacet
  facet normal 0.751866 0.659316 0
    outer loop
      vertex -9.69079 -9.98614 0.5
      vertex -9.82878 -9.82878 -20
      vertex -9.82878 -9.82878 0.5
    endloop
  endfacet
  facet normal 0.751866 0.659316 0
    outer loop
      vertex -9.82878 -9.82878 -20
      vertex -9.69079 -9.98614 0.5
      vertex -9.69079 -9.98614 -20
    endloop
  endfacet
  facet normal -0.896803 0.442429 0
    outer loop
      vertex -12.4384 -10.3479 -20
      vertex -12.3458 -10.1602 0.5
      vertex -12.3458 -10.1602 -20
    endloop
  endfacet
  facet normal -0.896803 0.442429 0
    outer loop
      vertex -12.3458 -10.1602 0.5
      vertex -12.4384 -10.3479 -20
      vertex -12.4384 -10.3479 0.5
    endloop
  endfacet
  facet normal -0.44224 -0.896897 0
    outer loop
      vertex -11.7602 -12.3458 -20
      vertex -11.5724 -12.4384 0.5
      vertex -11.7602 -12.3458 0.5
    endloop
  endfacet
  facet normal -0.44224 -0.896897 -0
    outer loop
      vertex -11.5724 -12.4384 0.5
      vertex -11.7602 -12.3458 -20
      vertex -11.5724 -12.4384 -20
    endloop
  endfacet
  facet normal -0.321586 0.94688 0
    outer loop
      vertex -11.3743 -9.41467 -20
      vertex -11.5724 -9.48195 0.5
      vertex -11.3743 -9.41467 0.5
    endloop
  endfacet
  facet normal -0.321586 0.94688 0
    outer loop
      vertex -11.5724 -9.48195 0.5
      vertex -11.3743 -9.41467 -20
      vertex -11.5724 -9.48195 -20
    endloop
  endfacet
  facet normal -0.831388 -0.555692 0
    outer loop
      vertex -12.2295 -11.9342 -20
      vertex -12.3458 -11.7602 0.5
      vertex -12.3458 -11.7602 -20
    endloop
  endfacet
  facet normal -0.831388 -0.555692 0
    outer loop
      vertex -12.3458 -11.7602 0.5
      vertex -12.2295 -11.9342 -20
      vertex -12.2295 -11.9342 0.5
    endloop
  endfacet
  facet normal -0.980727 0.195381 0
    outer loop
      vertex -12.5465 -10.7513 -20
      vertex -12.5056 -10.546 0.5
      vertex -12.5056 -10.546 -20
    endloop
  endfacet
  facet normal -0.980727 0.195381 0
    outer loop
      vertex -12.5056 -10.546 0.5
      vertex -12.5465 -10.7513 -20
      vertex -12.5465 -10.7513 0.5
    endloop
  endfacet
  facet normal 0.896973 -0.442086 0
    outer loop
      vertex -9.57451 -11.7602 0.5
      vertex -9.48195 -11.5724 -20
      vertex -9.48195 -11.5724 0.5
    endloop
  endfacet
  facet normal 0.896973 -0.442086 0
    outer loop
      vertex -9.48195 -11.5724 -20
      vertex -9.57451 -11.7602 0.5
      vertex -9.57451 -11.7602 -20
    endloop
  endfacet
  facet normal 0.442276 0.896879 -0
    outer loop
      vertex -10.1602 -9.57451 -20
      vertex -10.3479 -9.48195 0.5
      vertex -10.1602 -9.57451 0.5
    endloop
  endfacet
  facet normal 0.442276 0.896879 0
    outer loop
      vertex -10.3479 -9.48195 0.5
      vertex -10.1602 -9.57451 -20
      vertex -10.3479 -9.48195 -20
    endloop
  endfacet
  facet normal 0.195059 0.980791 -0
    outer loop
      vertex -10.546 -9.41467 -20
      vertex -10.7513 -9.37384 0.5
      vertex -10.546 -9.41467 0.5
    endloop
  endfacet
  facet normal 0.195059 0.980791 0
    outer loop
      vertex -10.7513 -9.37384 0.5
      vertex -10.546 -9.41467 -20
      vertex -10.7513 -9.37384 -20
    endloop
  endfacet
  facet normal -0.195059 0.980791 0
    outer loop
      vertex -11.169 -9.37384 -20
      vertex -11.3743 -9.41467 0.5
      vertex -11.169 -9.37384 0.5
    endloop
  endfacet
  facet normal -0.195059 0.980791 0
    outer loop
      vertex -11.3743 -9.41467 0.5
      vertex -11.169 -9.37384 -20
      vertex -11.3743 -9.41467 -20
    endloop
  endfacet
  facet normal -0.997856 0.065441 0
    outer loop
      vertex -12.5602 -10.9602 -20
      vertex -12.5465 -10.7513 0.5
      vertex -12.5465 -10.7513 -20
    endloop
  endfacet
  facet normal -0.997856 0.065441 0
    outer loop
      vertex -12.5465 -10.7513 0.5
      vertex -12.5602 -10.9602 -20
      vertex -12.5602 -10.9602 0.5
    endloop
  endfacet
  facet normal -0.321243 -0.946997 0
    outer loop
      vertex -11.5724 -12.4384 -20
      vertex -11.3743 -12.5056 0.5
      vertex -11.5724 -12.4384 0.5
    endloop
  endfacet
  facet normal -0.321243 -0.946997 -0
    outer loop
      vertex -11.3743 -12.5056 0.5
      vertex -11.5724 -12.4384 -20
      vertex -11.3743 -12.5056 -20
    endloop
  endfacet
  facet normal 0 0 1
    outer loop
      vertex -9.37384 -10.7513 0.5
      vertex -9.37384 -11.169 0.5
      vertex -9.36016 -10.9602 0.5
    endloop
  endfacet
  facet normal 0 0 1
    outer loop
      vertex -9.41467 -10.546 0.5
      vertex -9.37384 -11.169 0.5
      vertex -9.37384 -10.7513 0.5
    endloop
  endfacet
  facet normal 0 0 1
    outer loop
      vertex -9.41467 -10.546 0.5
      vertex -9.41467 -11.3743 0.5
      vertex -9.37384 -11.169 0.5
    endloop
  endfacet
  facet normal 0 0 1
    outer loop
      vertex -9.48195 -10.3479 0.5
      vertex -9.41467 -11.3743 0.5
      vertex -9.41467 -10.546 0.5
    endloop
  endfacet
  facet normal 0 0 1
    outer loop
      vertex -9.48195 -10.3479 0.5
      vertex -9.48195 -11.5724 0.5
      vertex -9.41467 -11.3743 0.5
    endloop
  endfacet
  facet normal 0 0 1
    outer loop
      vertex -9.57451 -10.1602 0.5
      vertex -9.48195 -11.5724 0.5
      vertex -9.48195 -10.3479 0.5
    endloop
  endfacet
  facet normal 0 0 1
    outer loop
      vertex -9.57451 -10.1602 0.5
      vertex -9.57451 -11.7602 0.5
      vertex -9.48195 -11.5724 0.5
    endloop
  endfacet
  facet normal 0 0 1
    outer loop
      vertex -9.69079 -9.98614 0.5
      vertex -9.57451 -11.7602 0.5
      vertex -9.57451 -10.1602 0.5
    endloop
  endfacet
  facet normal 0 0 1
    outer loop
      vertex -9.69079 -9.98614 0.5
      vertex -9.69079 -11.9342 0.5
      vertex -9.57451 -11.7602 0.5
    endloop
  endfacet
  facet normal 0 0 1
    outer loop
      vertex -9.82878 -9.82878 0.5
      vertex -9.69079 -11.9342 0.5
      vertex -9.69079 -9.98614 0.5
    endloop
  endfacet
  facet normal 0 0 1
    outer loop
      vertex -9.82878 -9.82878 0.5
      vertex -9.82878 -12.0915 0.5
      vertex -9.69079 -11.9342 0.5
    endloop
  endfacet
  facet normal 0 0 1
    outer loop
      vertex -9.98614 -9.69079 0.5
      vertex -9.82878 -12.0915 0.5
      vertex -9.82878 -9.82878 0.5
    endloop
  endfacet
  facet normal 0 0 1
    outer loop
      vertex -9.98614 -9.69079 0.5
      vertex -9.98614 -12.2295 0.5
      vertex -9.82878 -12.0915 0.5
    endloop
  endfacet
  facet normal 0 0 1
    outer loop
      vertex -10.1602 -9.57451 0.5
      vertex -9.98614 -12.2295 0.5
      vertex -9.98614 -9.69079 0.5
    endloop
  endfacet
  facet normal 0 0 1
    outer loop
      vertex -10.1602 -9.57451 0.5
      vertex -10.1602 -12.3458 0.5
      vertex -9.98614 -12.2295 0.5
    endloop
  endfacet
  facet normal 0 0 1
    outer loop
      vertex -10.3479 -9.48195 0.5
      vertex -10.1602 -12.3458 0.5
      vertex -10.1602 -9.57451 0.5
    endloop
  endfacet
  facet normal 0 0 1
    outer loop
      vertex -10.3479 -9.48195 0.5
      vertex -10.3479 -12.4384 0.5
      vertex -10.1602 -12.3458 0.5
    endloop
  endfacet
  facet normal 0 0 1
    outer loop
      vertex -10.546 -9.41467 0.5
      vertex -10.3479 -12.4384 0.5
      vertex -10.3479 -9.48195 0.5
    endloop
  endfacet
  facet normal 0 0 1
    outer loop
      vertex -10.546 -9.41467 0.5
      vertex -10.546 -12.5056 0.5
      vertex -10.3479 -12.4384 0.5
    endloop
  endfacet
  facet normal 0 0 1
    outer loop
      vertex -10.7513 -9.37384 0.5
      vertex -10.546 -12.5056 0.5
      vertex -10.546 -9.41467 0.5
    endloop
  endfacet
  facet normal 0 0 1
    outer loop
      vertex -10.7513 -9.37384 0.5
      vertex -10.7513 -12.5465 0.5
      vertex -10.546 -12.5056 0.5
    endloop
  endfacet
  facet normal 0 0 1
    outer loop
      vertex -10.9602 -9.36016 0.5
      vertex -10.7513 -12.5465 0.5
      vertex -10.7513 -9.37384 0.5
    endloop
  endfacet
  facet normal 0 0 1
    outer loop
      vertex -10.9602 -9.36016 0.5
      vertex -10.9602 -12.5602 0.5
      vertex -10.7513 -12.5465 0.5
    endloop
  endfacet
  facet normal -0 0 1
    outer loop
      vertex -11.169 -9.37384 0.5
      vertex -10.9602 -12.5602 0.5
      vertex -10.9602 -9.36016 0.5
    endloop
  endfacet
  facet normal 0 0 1
    outer loop
      vertex -11.169 -9.37384 0.5
      vertex -11.169 -12.5465 0.5
      vertex -10.9602 -12.5602 0.5
    endloop
  endfacet
  facet normal -0 0 1
    outer loop
      vertex -11.3743 -9.41467 0.5
      vertex -11.169 -12.5465 0.5
      vertex -11.169 -9.37384 0.5
    endloop
  endfacet
  facet normal 0 0 1
    outer loop
      vertex -11.3743 -9.41467 0.5
      vertex -11.3743 -12.5056 0.5
      vertex -11.169 -12.5465 0.5
    endloop
  endfacet
  facet normal -0 0 1
    outer loop
      vertex -11.5724 -9.48195 0.5
      vertex -11.3743 -12.5056 0.5
      vertex -11.3743 -9.41467 0.5
    endloop
  endfacet
  facet normal 0 0 1
    outer loop
      vertex -11.5724 -9.48195 0.5
      vertex -11.5724 -12.4384 0.5
      vertex -11.3743 -12.5056 0.5
    endloop
  endfacet
  facet normal -0 0 1
    outer loop
      vertex -11.7602 -9.57451 0.5
      vertex -11.5724 -12.4384 0.5
      vertex -11.5724 -9.48195 0.5
    endloop
  endfacet
  facet normal 0 0 1
    outer loop
      vertex -11.7602 -9.57451 0.5
      vertex -11.7602 -12.3458 0.5
      vertex -11.5724 -12.4384 0.5
    endloop
  endfacet
  facet normal -0 0 1
    outer loop
      vertex -11.9342 -9.69079 0.5
      vertex -11.7602 -12.3458 0.5
      vertex -11.7602 -9.57451 0.5
    endloop
  endfacet
  facet normal 0 0 1
    outer loop
      vertex -11.9342 -9.69079 0.5
      vertex -11.9342 -12.2295 0.5
      vertex -11.7602 -12.3458 0.5
    endloop
  endfacet
  facet normal -0 0 1
    outer loop
      vertex -12.0915 -9.82878 0.5
      vertex -11.9342 -12.2295 0.5
      vertex -11.9342 -9.69079 0.5
    endloop
  endfacet
  facet normal 0 0 1
    outer loop
      vertex -12.0915 -9.82878 0.5
      vertex -12.0915 -12.0915 0.5
      vertex -11.9342 -12.2295 0.5
    endloop
  endfacet
  facet normal -0 0 1
    outer loop
      vertex -12.2295 -9.98614 0.5
      vertex -12.0915 -12.0915 0.5
      vertex -12.0915 -9.82878 0.5
    endloop
  endfacet
  facet normal 0 0 1
    outer loop
      vertex -12.2295 -9.98614 0.5
      vertex -12.2295 -11.9342 0.5
      vertex -12.0915 -12.0915 0.5
    endloop
  endfacet
  facet normal -0 0 1
    outer loop
      vertex -12.3458 -10.1602 0.5
      vertex -12.2295 -11.9342 0.5
      vertex -12.2295 -9.98614 0.5
    endloop
  endfacet
  facet normal 0 0 1
    outer loop
      vertex -12.3458 -10.1602 0.5
      vertex -12.3458 -11.7602 0.5
      vertex -12.2295 -11.9342 0.5
    endloop
  endfacet
  facet normal -0 0 1
    outer loop
      vertex -12.4384 -10.3479 0.5
      vertex -12.3458 -11.7602 0.5
      vertex -12.3458 -10.1602 0.5
    endloop
  endfacet
  facet normal 0 0 1
    outer loop
      vertex -12.4384 -10.3479 0.5
      vertex -12.4384 -11.5724 0.5
      vertex -12.3458 -11.7602 0.5
    endloop
  endfacet
  facet normal -0 0 1
    outer loop
      vertex -12.5056 -10.546 0.5
      vertex -12.4384 -11.5724 0.5
      vertex -12.4384 -10.3479 0.5
    endloop
  endfacet
  facet normal 0 0 1
    outer loop
      vertex -12.5056 -10.546 0.5
      vertex -12.5056 -11.3743 0.5
      vertex -12.4384 -11.5724 0.5
    endloop
  endfacet
  facet normal -0 0 1
    outer loop
      vertex -12.5465 -10.7513 0.5
      vertex -12.5056 -11.3743 0.5
      vertex -12.5056 -10.546 0.5
    endloop
  endfacet
  facet normal 0 0 1
    outer loop
      vertex -12.5465 -10.7513 0.5
      vertex -12.5465 -11.169 0.5
      vertex -12.5056 -11.3743 0.5
    endloop
  endfacet
  facet normal 0 -0 1
    outer loop
      vertex -12.5465 -11.169 0.5
      vertex -12.5465 -10.7513 0.5
      vertex -12.5602 -10.9602 0.5
    endloop
  endfacet
  facet normal 0.065441 -0.997856 0
    outer loop
      vertex -10.9602 -12.5602 -20
      vertex -10.7513 -12.5465 0.5
      vertex -10.9602 -12.5602 0.5
    endloop
  endfacet
  facet normal 0.065441 -0.997856 0
    outer loop
      vertex -10.7513 -12.5465 0.5
      vertex -10.9602 -12.5602 -20
      vertex -10.7513 -12.5465 -20
    endloop
  endfacet
  facet normal 0.659316 0.751866 -0
    outer loop
      vertex -9.82878 -9.82878 -20
      vertex -9.98614 -9.69079 0.5
      vertex -9.82878 -9.82878 0.5
    endloop
  endfacet
  facet normal 0.659316 0.751866 0
    outer loop
      vertex -9.98614 -9.69079 0.5
      vertex -9.82878 -9.82878 -20
      vertex -9.98614 -9.69079 -20
    endloop
  endfacet
  facet normal -0.0654722 -0.997854 0
    outer loop
      vertex -11.169 -12.5465 -20
      vertex -10.9602 -12.5602 0.5
      vertex -11.169 -12.5465 0.5
    endloop
  endfacet
  facet normal -0.0654722 -0.997854 -0
    outer loop
      vertex -10.9602 -12.5602 0.5
      vertex -11.169 -12.5465 -20
      vertex -10.9602 -12.5602 -20
    endloop
  endfacet
  facet normal -0.997854 -0.0654722 0
    outer loop
      vertex -12.5465 -11.169 -20
      vertex -12.5602 -10.9602 0.5
      vertex -12.5602 -10.9602 -20
    endloop
  endfacet
  facet normal -0.997854 -0.0654722 0
    outer loop
      vertex -12.5602 -10.9602 0.5
      vertex -12.5465 -11.169 -20
      vertex -12.5465 -11.169 0.5
    endloop
  endfacet
  facet normal 0.659343 -0.751842 0
    outer loop
      vertex -9.98614 -12.2295 -20
      vertex -9.82878 -12.0915 0.5
      vertex -9.98614 -12.2295 0.5
    endloop
  endfacet
  facet normal 0.659343 -0.751842 0
    outer loop
      vertex -9.82878 -12.0915 0.5
      vertex -9.98614 -12.2295 -20
      vertex -9.82878 -12.0915 -20
    endloop
  endfacet
  facet normal 0.751741 -0.659458 0
    outer loop
      vertex -9.82878 -12.0915 0.5
      vertex -9.69079 -11.9342 -20
      vertex -9.69079 -11.9342 0.5
    endloop
  endfacet
  facet normal 0.751741 -0.659458 0
    outer loop
      vertex -9.69079 -11.9342 -20
      vertex -9.82878 -12.0915 0.5
      vertex -9.82878 -12.0915 -20
    endloop
  endfacet
  facet normal 0.980727 0.195381 0
    outer loop
      vertex 12.5465 -10.7513 0.5
      vertex 12.5056 -10.546 -20
      vertex 12.5056 -10.546 0.5
    endloop
  endfacet
  facet normal 0.980727 0.195381 0
    outer loop
      vertex 12.5056 -10.546 -20
      vertex 12.5465 -10.7513 0.5
      vertex 12.5465 -10.7513 -20
    endloop
  endfacet
  facet normal 0.997856 0.065441 0
    outer loop
      vertex 12.5602 -10.9602 0.5
      vertex 12.5465 -10.7513 -20
      vertex 12.5465 -10.7513 0.5
    endloop
  endfacet
  facet normal 0.997856 0.065441 0
    outer loop
      vertex 12.5465 -10.7513 -20
      vertex 12.5602 -10.9602 0.5
      vertex 12.5602 -10.9602 -20
    endloop
  endfacet
  facet normal 0.946997 0.321243 0
    outer loop
      vertex 12.5056 -10.546 0.5
      vertex 12.4384 -10.3479 -20
      vertex 12.4384 -10.3479 0.5
    endloop
  endfacet
  facet normal 0.946997 0.321243 0
    outer loop
      vertex 12.4384 -10.3479 -20
      vertex 12.5056 -10.546 0.5
      vertex 12.5056 -10.546 -20
    endloop
  endfacet
  facet normal 0.831477 0.55556 0
    outer loop
      vertex 12.3458 -10.1602 0.5
      vertex 12.2295 -9.98614 -20
      vertex 12.2295 -9.98614 0.5
    endloop
  endfacet
  facet normal 0.831477 0.55556 0
    outer loop
      vertex 12.2295 -9.98614 -20
      vertex 12.3458 -10.1602 0.5
      vertex 12.3458 -10.1602 -20
    endloop
  endfacet
  facet normal 0.321586 0.94688 -0
    outer loop
      vertex 11.5724 -9.48195 -20
      vertex 11.3743 -9.41467 0.5
      vertex 11.5724 -9.48195 0.5
    endloop
  endfacet
  facet normal 0.321586 0.94688 0
    outer loop
      vertex 11.3743 -9.41467 0.5
      vertex 11.5724 -9.48195 -20
      vertex 11.3743 -9.41467 -20
    endloop
  endfacet
  facet normal -0.321586 0.94688 0
    outer loop
      vertex 10.546 -9.41467 -20
      vertex 10.3479 -9.48195 0.5
      vertex 10.546 -9.41467 0.5
    endloop
  endfacet
  facet normal -0.321586 0.94688 0
    outer loop
      vertex 10.3479 -9.48195 0.5
      vertex 10.546 -9.41467 -20
      vertex 10.3479 -9.48195 -20
    endloop
  endfacet
  facet normal 0.44224 -0.896897 0
    outer loop
      vertex 11.5724 -12.4384 -20
      vertex 11.7602 -12.3458 0.5
      vertex 11.5724 -12.4384 0.5
    endloop
  endfacet
  facet normal 0.44224 -0.896897 0
    outer loop
      vertex 11.7602 -12.3458 0.5
      vertex 11.5724 -12.4384 -20
      vertex 11.7602 -12.3458 -20
    endloop
  endfacet
  facet normal 0.997854 -0.0654722 0
    outer loop
      vertex 12.5465 -11.169 0.5
      vertex 12.5602 -10.9602 -20
      vertex 12.5602 -10.9602 0.5
    endloop
  endfacet
  facet normal 0.997854 -0.0654722 0
    outer loop
      vertex 12.5602 -10.9602 -20
      vertex 12.5465 -11.169 0.5
      vertex 12.5465 -11.169 -20
    endloop
  endfacet
  facet normal 0 0 1
    outer loop
      vertex 12.5465 -10.7513 0.5
      vertex 12.5465 -11.169 0.5
      vertex 12.5602 -10.9602 0.5
    endloop
  endfacet
  facet normal 0 0 1
    outer loop
      vertex 12.5056 -10.546 0.5
      vertex 12.5465 -11.169 0.5
      vertex 12.5465 -10.7513 0.5
    endloop
  endfacet
  facet normal 0 0 1
    outer loop
      vertex 12.5056 -10.546 0.5
      vertex 12.5056 -11.3743 0.5
      vertex 12.5465 -11.169 0.5
    endloop
  endfacet
  facet normal 0 0 1
    outer loop
      vertex 12.4384 -10.3479 0.5
      vertex 12.5056 -11.3743 0.5
      vertex 12.5056 -10.546 0.5
    endloop
  endfacet
  facet normal 0 0 1
    outer loop
      vertex 12.4384 -10.3479 0.5
      vertex 12.4384 -11.5724 0.5
      vertex 12.5056 -11.3743 0.5
    endloop
  endfacet
  facet normal 0 0 1
    outer loop
      vertex 12.3458 -10.1602 0.5
      vertex 12.4384 -11.5724 0.5
      vertex 12.4384 -10.3479 0.5
    endloop
  endfacet
  facet normal 0 0 1
    outer loop
      vertex 12.3458 -10.1602 0.5
      vertex 12.3458 -11.7602 0.5
      vertex 12.4384 -11.5724 0.5
    endloop
  endfacet
  facet normal 0 0 1
    outer loop
      vertex 12.2295 -9.98614 0.5
      vertex 12.3458 -11.7602 0.5
      vertex 12.3458 -10.1602 0.5
    endloop
  endfacet
  facet normal 0 0 1
    outer loop
      vertex 12.2295 -9.98614 0.5
      vertex 12.2295 -11.9342 0.5
      vertex 12.3458 -11.7602 0.5
    endloop
  endfacet
  facet normal 0 0 1
    outer loop
      vertex 12.0915 -9.82878 0.5
      vertex 12.2295 -11.9342 0.5
      vertex 12.2295 -9.98614 0.5
    endloop
  endfacet
  facet normal 0 0 1
    outer loop
      vertex 12.0915 -9.82878 0.5
      vertex 12.0915 -12.0915 0.5
      vertex 12.2295 -11.9342 0.5
    endloop
  endfacet
  facet normal 0 0 1
    outer loop
      vertex 11.9342 -9.69079 0.5
      vertex 12.0915 -12.0915 0.5
      vertex 12.0915 -9.82878 0.5
    endloop
  endfacet
  facet normal 0 0 1
    outer loop
      vertex 11.9342 -9.69079 0.5
      vertex 11.9342 -12.2295 0.5
      vertex 12.0915 -12.0915 0.5
    endloop
  endfacet
  facet normal 0 0 1
    outer loop
      vertex 11.7602 -9.57451 0.5
      vertex 11.9342 -12.2295 0.5
      vertex 11.9342 -9.69079 0.5
    endloop
  endfacet
  facet normal 0 0 1
    outer loop
      vertex 11.7602 -9.57451 0.5
      vertex 11.7602 -12.3458 0.5
      vertex 11.9342 -12.2295 0.5
    endloop
  endfacet
  facet normal 0 0 1
    outer loop
      vertex 11.5724 -9.48195 0.5
      vertex 11.7602 -12.3458 0.5
      vertex 11.7602 -9.57451 0.5
    endloop
  endfacet
  facet normal 0 0 1
    outer loop
      vertex 11.5724 -9.48195 0.5
      vertex 11.5724 -12.4384 0.5
      vertex 11.7602 -12.3458 0.5
    endloop
  endfacet
  facet normal 0 0 1
    outer loop
      vertex 11.3743 -9.41467 0.5
      vertex 11.5724 -12.4384 0.5
      vertex 11.5724 -9.48195 0.5
    endloop
  endfacet
  facet normal 0 0 1
    outer loop
      vertex 11.3743 -9.41467 0.5
      vertex 11.3743 -12.5056 0.5
      vertex 11.5724 -12.4384 0.5
    endloop
  endfacet
  facet normal 0 0 1
    outer loop
      vertex 11.169 -9.37384 0.5
      vertex 11.3743 -12.5056 0.5
      vertex 11.3743 -9.41467 0.5
    endloop
  endfacet
  facet normal 0 0 1
    outer loop
      vertex 11.169 -9.37384 0.5
      vertex 11.169 -12.5465 0.5
      vertex 11.3743 -12.5056 0.5
    endloop
  endfacet
  facet normal 0 0 1
    outer loop
      vertex 10.9602 -9.36016 0.5
      vertex 11.169 -12.5465 0.5
      vertex 11.169 -9.37384 0.5
    endloop
  endfacet
  facet normal 0 0 1
    outer loop
      vertex 10.9602 -9.36016 0.5
      vertex 10.9602 -12.5602 0.5
      vertex 11.169 -12.5465 0.5
    endloop
  endfacet
  facet normal -0 0 1
    outer loop
      vertex 10.7513 -9.37384 0.5
      vertex 10.9602 -12.5602 0.5
      vertex 10.9602 -9.36016 0.5
    endloop
  endfacet
  facet normal 0 0 1
    outer loop
      vertex 10.7513 -9.37384 0.5
      vertex 10.7513 -12.5465 0.5
      vertex 10.9602 -12.5602 0.5
    endloop
  endfacet
  facet normal -0 0 1
    outer loop
      vertex 10.546 -9.41467 0.5
      vertex 10.7513 -12.5465 0.5
      vertex 10.7513 -9.37384 0.5
    endloop
  endfacet
  facet normal 0 0 1
    outer loop
      vertex 10.546 -9.41467 0.5
      vertex 10.546 -12.5056 0.5
      vertex 10.7513 -12.5465 0.5
    endloop
  endfacet
  facet normal -0 0 1
    outer loop
      vertex 10.3479 -9.48195 0.5
      vertex 10.546 -12.5056 0.5
      vertex 10.546 -9.41467 0.5
    endloop
  endfacet
  facet normal 0 0 1
    outer loop
      vertex 10.3479 -9.48195 0.5
      vertex 10.3479 -12.4384 0.5
      vertex 10.546 -12.5056 0.5
    endloop
  endfacet
  facet normal -0 0 1
    outer loop
      vertex 10.1602 -9.57451 0.5
      vertex 10.3479 -12.4384 0.5
      vertex 10.3479 -9.48195 0.5
    endloop
  endfacet
  facet normal 0 0 1
    outer loop
      vertex 10.1602 -9.57451 0.5
      vertex 10.1602 -12.3458 0.5
      vertex 10.3479 -12.4384 0.5
    endloop
  endfacet
  facet normal -0 0 1
    outer loop
      vertex 9.98614 -9.69079 0.5
      vertex 10.1602 -12.3458 0.5
      vertex 10.1602 -9.57451 0.5
    endloop
  endfacet
  facet normal 0 0 1
    outer loop
      vertex 9.98614 -9.69079 0.5
      vertex 9.98614 -12.2295 0.5
      vertex 10.1602 -12.3458 0.5
    endloop
  endfacet
  facet normal -0 0 1
    outer loop
      vertex 9.82878 -9.82878 0.5
      vertex 9.98614 -12.2295 0.5
      vertex 9.98614 -9.69079 0.5
    endloop
  endfacet
  facet normal 0 0 1
    outer loop
      vertex 9.82878 -9.82878 0.5
      vertex 9.82878 -12.0915 0.5
      vertex 9.98614 -12.2295 0.5
    endloop
  endfacet
  facet normal -0 0 1
    outer loop
      vertex 9.69079 -9.98614 0.5
      vertex 9.82878 -12.0915 0.5
      vertex 9.82878 -9.82878 0.5
    endloop
  endfacet
  facet normal 0 0 1
    outer loop
      vertex 9.69079 -9.98614 0.5
      vertex 9.69079 -11.9342 0.5
      vertex 9.82878 -12.0915 0.5
    endloop
  endfacet
  facet normal -0 0 1
    outer loop
      vertex 9.57451 -10.1602 0.5
      vertex 9.69079 -11.9342 0.5
      vertex 9.69079 -9.98614 0.5
    endloop
  endfacet
  facet normal 0 0 1
    outer loop
      vertex 9.57451 -10.1602 0.5
      vertex 9.57451 -11.7602 0.5
      vertex 9.69079 -11.9342 0.5
    endloop
  endfacet
  facet normal -0 0 1
    outer loop
      vertex 9.48195 -10.3479 0.5
      vertex 9.57451 -11.7602 0.5
      vertex 9.57451 -10.1602 0.5
    endloop
  endfacet
  facet normal 0 0 1
    outer loop
      vertex 9.48195 -10.3479 0.5
      vertex 9.48195 -11.5724 0.5
      vertex 9.57451 -11.7602 0.5
    endloop
  endfacet
  facet normal -0 0 1
    outer loop
      vertex 9.41467 -10.546 0.5
      vertex 9.48195 -11.5724 0.5
      vertex 9.48195 -10.3479 0.5
    endloop
  endfacet
  facet normal 0 0 1
    outer loop
      vertex 9.41467 -10.546 0.5
      vertex 9.41467 -11.3743 0.5
      vertex 9.48195 -11.5724 0.5
    endloop
  endfacet
  facet normal -0 0 1
    outer loop
      vertex 9.37384 -10.7513 0.5
      vertex 9.41467 -11.3743 0.5
      vertex 9.41467 -10.546 0.5
    endloop
  endfacet
  facet normal 0 0 1
    outer loop
      vertex 9.37384 -10.7513 0.5
      vertex 9.37384 -11.169 0.5
      vertex 9.41467 -11.3743 0.5
    endloop
  endfacet
  facet normal 0 -0 1
    outer loop
      vertex 9.37384 -11.169 0.5
      vertex 9.37384 -10.7513 0.5
      vertex 9.36016 -10.9602 0.5
    endloop
  endfacet
  facet normal 0.896803 0.442429 0
    outer loop
      vertex 12.4384 -10.3479 0.5
      vertex 12.3458 -10.1602 -20
      vertex 12.3458 -10.1602 0.5
    endloop
  endfacet
  facet normal 0.896803 0.442429 0
    outer loop
      vertex 12.3458 -10.1602 -20
      vertex 12.4384 -10.3479 0.5
      vertex 12.4384 -10.3479 -20
    endloop
  endfacet
  facet normal -0.751866 0.659316 0
    outer loop
      vertex 9.69079 -9.98614 -20
      vertex 9.82878 -9.82878 0.5
      vertex 9.82878 -9.82878 -20
    endloop
  endfacet
  facet normal -0.751866 0.659316 0
    outer loop
      vertex 9.82878 -9.82878 0.5
      vertex 9.69079 -9.98614 -20
      vertex 9.69079 -9.98614 0.5
    endloop
  endfacet
  facet normal -0.442429 -0.896803 0
    outer loop
      vertex 10.1602 -12.3458 -20
      vertex 10.3479 -12.4384 0.5
      vertex 10.1602 -12.3458 0.5
    endloop
  endfacet
  facet normal -0.442429 -0.896803 -0
    outer loop
      vertex 10.3479 -12.4384 0.5
      vertex 10.1602 -12.3458 -20
      vertex 10.3479 -12.4384 -20
    endloop
  endfacet
  facet normal -0.751741 -0.659458 0
    outer loop
      vertex 9.82878 -12.0915 -20
      vertex 9.69079 -11.9342 0.5
      vertex 9.69079 -11.9342 -20
    endloop
  endfacet
  facet normal -0.751741 -0.659458 0
    outer loop
      vertex 9.69079 -11.9342 0.5
      vertex 9.82878 -12.0915 -20
      vertex 9.82878 -12.0915 0.5
    endloop
  endfacet
  facet normal 0.946997 -0.321243 0
    outer loop
      vertex 12.4384 -11.5724 0.5
      vertex 12.5056 -11.3743 -20
      vertex 12.5056 -11.3743 0.5
    endloop
  endfacet
  facet normal 0.946997 -0.321243 0
    outer loop
      vertex 12.5056 -11.3743 -20
      vertex 12.4384 -11.5724 0.5
      vertex 12.4384 -11.5724 -20
    endloop
  endfacet
  facet normal -0.065441 -0.997856 0
    outer loop
      vertex 10.7513 -12.5465 -20
      vertex 10.9602 -12.5602 0.5
      vertex 10.7513 -12.5465 0.5
    endloop
  endfacet
  facet normal -0.065441 -0.997856 -0
    outer loop
      vertex 10.9602 -12.5602 0.5
      vertex 10.7513 -12.5465 -20
      vertex 10.9602 -12.5602 -20
    endloop
  endfacet
  facet normal 0.659485 -0.751718 0
    outer loop
      vertex 11.9342 -12.2295 -20
      vertex 12.0915 -12.0915 0.5
      vertex 11.9342 -12.2295 0.5
    endloop
  endfacet
  facet normal 0.659485 -0.751718 0
    outer loop
      vertex 12.0915 -12.0915 0.5
      vertex 11.9342 -12.2295 -20
      vertex 12.0915 -12.0915 -20
    endloop
  endfacet
  facet normal 0.321243 -0.946997 0
    outer loop
      vertex 11.3743 -12.5056 -20
      vertex 11.5724 -12.4384 0.5
      vertex 11.3743 -12.5056 0.5
    endloop
  endfacet
  facet normal 0.321243 -0.946997 0
    outer loop
      vertex 11.5724 -12.4384 0.5
      vertex 11.3743 -12.5056 -20
      vertex 11.5724 -12.4384 -20
    endloop
  endfacet
  facet normal -0.442276 0.896879 0
    outer loop
      vertex 10.3479 -9.48195 -20
      vertex 10.1602 -9.57451 0.5
      vertex 10.3479 -9.48195 0.5
    endloop
  endfacet
  facet normal -0.442276 0.896879 0
    outer loop
      vertex 10.1602 -9.57451 0.5
      vertex 10.3479 -9.48195 -20
      vertex 10.1602 -9.57451 -20
    endloop
  endfacet
  facet normal -0.195381 -0.980727 0
    outer loop
      vertex 10.546 -12.5056 -20
      vertex 10.7513 -12.5465 0.5
      vertex 10.546 -12.5056 0.5
    endloop
  endfacet
  facet normal -0.195381 -0.980727 -0
    outer loop
      vertex 10.7513 -12.5465 0.5
      vertex 10.546 -12.5056 -20
      vertex 10.7513 -12.5465 -20
    endloop
  endfacet
  facet normal 0.831388 -0.555692 0
    outer loop
      vertex 12.2295 -11.9342 0.5
      vertex 12.3458 -11.7602 -20
      vertex 12.3458 -11.7602 0.5
    endloop
  endfacet
  facet normal 0.831388 -0.555692 0
    outer loop
      vertex 12.3458 -11.7602 -20
      vertex 12.2295 -11.9342 0.5
      vertex 12.2295 -11.9342 -20
    endloop
  endfacet
  facet normal 0.751718 -0.659485 0
    outer loop
      vertex 12.0915 -12.0915 0.5
      vertex 12.2295 -11.9342 -20
      vertex 12.2295 -11.9342 0.5
    endloop
  endfacet
  facet normal 0.751718 -0.659485 0
    outer loop
      vertex 12.2295 -11.9342 -20
      vertex 12.0915 -12.0915 0.5
      vertex 12.0915 -12.0915 -20
    endloop
  endfacet
  facet normal 0.555626 0.831432 -0
    outer loop
      vertex 11.9342 -9.69079 -20
      vertex 11.7602 -9.57451 0.5
      vertex 11.9342 -9.69079 0.5
    endloop
  endfacet
  facet normal 0.555626 0.831432 0
    outer loop
      vertex 11.7602 -9.57451 0.5
      vertex 11.9342 -9.69079 -20
      vertex 11.7602 -9.57451 -20
    endloop
  endfacet
  facet normal -0.896973 -0.442086 0
    outer loop
      vertex 9.57451 -11.7602 -20
      vertex 9.48195 -11.5724 0.5
      vertex 9.48195 -11.5724 -20
    endloop
  endfacet
  facet normal -0.896973 -0.442086 0
    outer loop
      vertex 9.48195 -11.5724 0.5
      vertex 9.57451 -11.7602 -20
      vertex 9.57451 -11.7602 0.5
    endloop
  endfacet
  facet normal -0.831432 -0.555626 0
    outer loop
      vertex 9.69079 -11.9342 -20
      vertex 9.57451 -11.7602 0.5
      vertex 9.57451 -11.7602 -20
    endloop
  endfacet
  facet normal -0.831432 -0.555626 0
    outer loop
      vertex 9.57451 -11.7602 0.5
      vertex 9.69079 -11.9342 -20
      vertex 9.69079 -11.9342 0.5
    endloop
  endfacet
  facet normal -0.555494 0.831521 0
    outer loop
      vertex 10.1602 -9.57451 -20
      vertex 9.98614 -9.69079 0.5
      vertex 10.1602 -9.57451 0.5
    endloop
  endfacet
  facet normal -0.555494 0.831521 0
    outer loop
      vertex 9.98614 -9.69079 0.5
      vertex 10.1602 -9.57451 -20
      vertex 9.98614 -9.69079 -20
    endloop
  endfacet
  facet normal 0.0653771 0.997861 -0
    outer loop
      vertex 11.169 -9.37384 -20
      vertex 10.9602 -9.36016 0.5
      vertex 11.169 -9.37384 0.5
    endloop
  endfacet
  facet normal 0.0653771 0.997861 0
    outer loop
      vertex 10.9602 -9.36016 0.5
      vertex 11.169 -9.37384 -20
      vertex 10.9602 -9.36016 -20
    endloop
  endfacet
  facet normal -0.997861 -0.0653771 0
    outer loop
      vertex 9.37384 -11.169 -20
      vertex 9.36016 -10.9602 0.5
      vertex 9.36016 -10.9602 -20
    endloop
  endfacet
  facet normal -0.997861 -0.0653771 0
    outer loop
      vertex 9.36016 -10.9602 0.5
      vertex 9.37384 -11.169 -20
      vertex 9.37384 -11.169 0.5
    endloop
  endfacet
  facet normal -0.0653459 0.997863 0
    outer loop
      vertex 10.9602 -9.36016 -20
      vertex 10.7513 -9.37384 0.5
      vertex 10.9602 -9.36016 0.5
    endloop
  endfacet
  facet normal -0.0653459 0.997863 0
    outer loop
      vertex 10.7513 -9.37384 0.5
      vertex 10.9602 -9.36016 -20
      vertex 10.7513 -9.37384 -20
    endloop
  endfacet
  facet normal 0.195381 -0.980727 0
    outer loop
      vertex 11.169 -12.5465 -20
      vertex 11.3743 -12.5056 0.5
      vertex 11.169 -12.5465 0.5
    endloop
  endfacet
  facet normal 0.195381 -0.980727 0
    outer loop
      vertex 11.3743 -12.5056 0.5
      vertex 11.169 -12.5465 -20
      vertex 11.3743 -12.5056 -20
    endloop
  endfacet
  facet normal -0.195059 0.980791 0
    outer loop
      vertex 10.7513 -9.37384 -20
      vertex 10.546 -9.41467 0.5
      vertex 10.7513 -9.37384 0.5
    endloop
  endfacet
  facet normal -0.195059 0.980791 0
    outer loop
      vertex 10.546 -9.41467 0.5
      vertex 10.7513 -9.37384 -20
      vertex 10.546 -9.41467 -20
    endloop
  endfacet
  facet normal 0.751842 0.659343 0
    outer loop
      vertex 12.2295 -9.98614 0.5
      vertex 12.0915 -9.82878 -20
      vertex 12.0915 -9.82878 0.5
    endloop
  endfacet
  facet normal 0.751842 0.659343 0
    outer loop
      vertex 12.0915 -9.82878 -20
      vertex 12.2295 -9.98614 0.5
      vertex 12.2295 -9.98614 -20
    endloop
  endfacet
  facet normal -0.831521 0.555494 0
    outer loop
      vertex 9.57451 -10.1602 -20
      vertex 9.69079 -9.98614 0.5
      vertex 9.69079 -9.98614 -20
    endloop
  endfacet
  facet normal -0.831521 0.555494 0
    outer loop
      vertex 9.69079 -9.98614 0.5
      vertex 9.57451 -10.1602 -20
      vertex 9.57451 -10.1602 0.5
    endloop
  endfacet
  facet normal 0.0654722 -0.997854 0
    outer loop
      vertex 10.9602 -12.5602 -20
      vertex 11.169 -12.5465 0.5
      vertex 10.9602 -12.5602 0.5
    endloop
  endfacet
  facet normal 0.0654722 -0.997854 0
    outer loop
      vertex 11.169 -12.5465 0.5
      vertex 10.9602 -12.5602 -20
      vertex 11.169 -12.5465 -20
    endloop
  endfacet
  facet normal -0.659343 -0.751842 0
    outer loop
      vertex 9.82878 -12.0915 -20
      vertex 9.98614 -12.2295 0.5
      vertex 9.82878 -12.0915 0.5
    endloop
  endfacet
  facet normal -0.659343 -0.751842 -0
    outer loop
      vertex 9.98614 -12.2295 0.5
      vertex 9.82878 -12.0915 -20
      vertex 9.98614 -12.2295 -20
    endloop
  endfacet
  facet normal -0.94688 -0.321586 0
    outer loop
      vertex 9.48195 -11.5724 -20
      vertex 9.41467 -11.3743 0.5
      vertex 9.41467 -11.3743 -20
    endloop
  endfacet
  facet normal -0.94688 -0.321586 0
    outer loop
      vertex 9.41467 -11.3743 0.5
      vertex 9.48195 -11.5724 -20
      vertex 9.48195 -11.5724 0.5
    endloop
  endfacet
  facet normal -0.659316 0.751866 0
    outer loop
      vertex 9.98614 -9.69079 -20
      vertex 9.82878 -9.82878 0.5
      vertex 9.98614 -9.69079 0.5
    endloop
  endfacet
  facet normal -0.659316 0.751866 0
    outer loop
      vertex 9.82878 -9.82878 0.5
      vertex 9.98614 -9.69079 -20
      vertex 9.82878 -9.82878 -20
    endloop
  endfacet
  facet normal 0.980727 -0.195381 0
    outer loop
      vertex 12.5056 -11.3743 0.5
      vertex 12.5465 -11.169 -20
      vertex 12.5465 -11.169 0.5
    endloop
  endfacet
  facet normal 0.980727 -0.195381 0
    outer loop
      vertex 12.5465 -11.169 -20
      vertex 12.5056 -11.3743 0.5
      vertex 12.5056 -11.3743 -20
    endloop
  endfacet
  facet normal -0.980791 0.195059 0
    outer loop
      vertex 9.37384 -10.7513 -20
      vertex 9.41467 -10.546 0.5
      vertex 9.41467 -10.546 -20
    endloop
  endfacet
  facet normal -0.980791 0.195059 0
    outer loop
      vertex 9.41467 -10.546 0.5
      vertex 9.37384 -10.7513 -20
      vertex 9.37384 -10.7513 0.5
    endloop
  endfacet
  facet normal 0.442086 0.896973 -0
    outer loop
      vertex 11.7602 -9.57451 -20
      vertex 11.5724 -9.48195 0.5
      vertex 11.7602 -9.57451 0.5
    endloop
  endfacet
  facet normal 0.442086 0.896973 0
    outer loop
      vertex 11.5724 -9.48195 0.5
      vertex 11.7602 -9.57451 -20
      vertex 11.5724 -9.48195 -20
    endloop
  endfacet
  facet normal 0.659458 0.751741 -0
    outer loop
      vertex 12.0915 -9.82878 -20
      vertex 11.9342 -9.69079 0.5
      vertex 12.0915 -9.82878 0.5
    endloop
  endfacet
  facet normal 0.659458 0.751741 0
    outer loop
      vertex 11.9342 -9.69079 0.5
      vertex 12.0915 -9.82878 -20
      vertex 11.9342 -9.69079 -20
    endloop
  endfacet
  facet normal 0.896897 -0.44224 0
    outer loop
      vertex 12.3458 -11.7602 0.5
      vertex 12.4384 -11.5724 -20
      vertex 12.4384 -11.5724 0.5
    endloop
  endfacet
  facet normal 0.896897 -0.44224 0
    outer loop
      vertex 12.4384 -11.5724 -20
      vertex 12.3458 -11.7602 0.5
      vertex 12.3458 -11.7602 -20
    endloop
  endfacet
  facet normal -0.997863 0.0653459 0
    outer loop
      vertex 9.36016 -10.9602 -20
      vertex 9.37384 -10.7513 0.5
      vertex 9.37384 -10.7513 -20
    endloop
  endfacet
  facet normal -0.997863 0.0653459 0
    outer loop
      vertex 9.37384 -10.7513 0.5
      vertex 9.36016 -10.9602 -20
      vertex 9.36016 -10.9602 0.5
    endloop
  endfacet
  facet normal 0.195059 0.980791 -0
    outer loop
      vertex 11.3743 -9.41467 -20
      vertex 11.169 -9.37384 0.5
      vertex 11.3743 -9.41467 0.5
    endloop
  endfacet
  facet normal 0.195059 0.980791 0
    outer loop
      vertex 11.169 -9.37384 0.5
      vertex 11.3743 -9.41467 -20
      vertex 11.169 -9.37384 -20
    endloop
  endfacet
  facet normal 0.555692 -0.831388 0
    outer loop
      vertex 11.7602 -12.3458 -20
      vertex 11.9342 -12.2295 0.5
      vertex 11.7602 -12.3458 0.5
    endloop
  endfacet
  facet normal 0.555692 -0.831388 0
    outer loop
      vertex 11.9342 -12.2295 0.5
      vertex 11.7602 -12.3458 -20
      vertex 11.9342 -12.2295 -20
    endloop
  endfacet
  facet normal -0.980791 -0.195059 0
    outer loop
      vertex 9.41467 -11.3743 -20
      vertex 9.37384 -11.169 0.5
      vertex 9.37384 -11.169 -20
    endloop
  endfacet
  facet normal -0.980791 -0.195059 0
    outer loop
      vertex 9.37384 -11.169 0.5
      vertex 9.41467 -11.3743 -20
      vertex 9.41467 -11.3743 0.5
    endloop
  endfacet
  facet normal -0.55556 -0.831477 0
    outer loop
      vertex 9.98614 -12.2295 -20
      vertex 10.1602 -12.3458 0.5
      vertex 9.98614 -12.2295 0.5
    endloop
  endfacet
  facet normal -0.55556 -0.831477 -0
    outer loop
      vertex 10.1602 -12.3458 0.5
      vertex 9.98614 -12.2295 -20
      vertex 10.1602 -12.3458 -20
    endloop
  endfacet
  facet normal -0.896879 0.442276 0
    outer loop
      vertex 9.48195 -10.3479 -20
      vertex 9.57451 -10.1602 0.5
      vertex 9.57451 -10.1602 -20
    endloop
  endfacet
  facet normal -0.896879 0.442276 0
    outer loop
      vertex 9.57451 -10.1602 0.5
      vertex 9.48195 -10.3479 -20
      vertex 9.48195 -10.3479 0.5
    endloop
  endfacet
  facet normal -0.94688 0.321586 0
    outer loop
      vertex 9.41467 -10.546 -20
      vertex 9.48195 -10.3479 0.5
      vertex 9.48195 -10.3479 -20
    endloop
  endfacet
  facet normal -0.94688 0.321586 0
    outer loop
      vertex 9.48195 -10.3479 0.5
      vertex 9.41467 -10.546 -20
      vertex 9.41467 -10.546 0.5
    endloop
  endfacet
  facet normal -0.321243 -0.946997 0
    outer loop
      vertex 10.3479 -12.4384 -20
      vertex 10.546 -12.5056 0.5
      vertex 10.3479 -12.4384 0.5
    endloop
  endfacet
  facet normal -0.321243 -0.946997 -0
    outer loop
      vertex 10.546 -12.5056 0.5
      vertex 10.3479 -12.4384 -20
      vertex 10.546 -12.5056 -20
    endloop
  endfacet
  facet normal -0.321424 0.946935 0
    outer loop
      vertex -0.647047 2.41481 0
      vertex -0.956708 2.3097 22
      vertex -0.647047 2.41481 22
    endloop
  endfacet
  facet normal -0.321424 0.946935 0
    outer loop
      vertex -0.956708 2.3097 22
      vertex -0.647047 2.41481 0
      vertex -0.956708 2.3097 0
    endloop
  endfacet
  facet normal 0.980784 0.195097 0
    outer loop
      vertex 2.47861 0.326315 22
      vertex 2.41481 0.647047 0
      vertex 2.41481 0.647047 22
    endloop
  endfacet
  facet normal 0.980784 0.195097 0
    outer loop
      vertex 2.41481 0.647047 0
      vertex 2.47861 0.326315 22
      vertex 2.47861 0.326315 0
    endloop
  endfacet
  facet normal 0.997858 0.0654098 0
    outer loop
      vertex 2.5 0 22
      vertex 2.47861 0.326315 0
      vertex 2.47861 0.326315 22
    endloop
  endfacet
  facet normal 0.997858 0.0654098 0
    outer loop
      vertex 2.47861 0.326315 0
      vertex 2.5 0 22
      vertex 2.5 0 0
    endloop
  endfacet
  facet normal -0.980784 0.195097 0
    outer loop
      vertex -2.47861 0.326315 0
      vertex -2.41481 0.647047 22
      vertex -2.41481 0.647047 0
    endloop
  endfacet
  facet normal -0.980784 0.195097 0
    outer loop
      vertex -2.41481 0.647047 22
      vertex -2.47861 0.326315 0
      vertex -2.47861 0.326315 22
    endloop
  endfacet
  facet normal 0.0654098 0.997858 -0
    outer loop
      vertex 0.326315 2.47861 0
      vertex 0 2.5 22
      vertex 0.326315 2.47861 22
    endloop
  endfacet
  facet normal 0.0654098 0.997858 0
    outer loop
      vertex 0 2.5 22
      vertex 0.326315 2.47861 0
      vertex 0 2.5 0
    endloop
  endfacet
  facet normal -0.896867 0.442299 0
    outer loop
      vertex -2.3097 0.956708 0
      vertex -2.16506 1.25 22
      vertex -2.16506 1.25 0
    endloop
  endfacet
  facet normal -0.896867 0.442299 0
    outer loop
      vertex -2.16506 1.25 22
      vertex -2.3097 0.956708 0
      vertex -2.3097 0.956708 22
    endloop
  endfacet
  facet normal 0.831466 0.555575 0
    outer loop
      vertex 2.16506 1.25 22
      vertex 1.98338 1.5219 0
      vertex 1.98338 1.5219 22
    endloop
  endfacet
  facet normal 0.831466 0.555575 0
    outer loop
      vertex 1.98338 1.5219 0
      vertex 2.16506 1.25 22
      vertex 2.16506 1.25 0
    endloop
  endfacet
  facet normal 0.659325 0.751858 -0
    outer loop
      vertex 1.76777 1.76777 0
      vertex 1.5219 1.98338 22
      vertex 1.76777 1.76777 22
    endloop
  endfacet
  facet normal 0.659325 0.751858 0
    outer loop
      vertex 1.5219 1.98338 22
      vertex 1.76777 1.76777 0
      vertex 1.5219 1.98338 0
    endloop
  endfacet
  facet normal -0.442299 -0.896867 0
    outer loop
      vertex -1.25 -2.16506 0
      vertex -0.956708 -2.3097 22
      vertex -1.25 -2.16506 22
    endloop
  endfacet
  facet normal -0.442299 -0.896867 -0
    outer loop
      vertex -0.956708 -2.3097 22
      vertex -1.25 -2.16506 0
      vertex -0.956708 -2.3097 0
    endloop
  endfacet
  facet normal 0.997858 -0.0654098 0
    outer loop
      vertex 2.47861 -0.326315 22
      vertex 2.5 0 0
      vertex 2.5 0 22
    endloop
  endfacet
  facet normal 0.997858 -0.0654098 0
    outer loop
      vertex 2.5 0 0
      vertex 2.47861 -0.326315 22
      vertex 2.47861 -0.326315 0
    endloop
  endfacet
  facet normal 0.751858 0.659325 0
    outer loop
      vertex 1.98338 1.5219 22
      vertex 1.76777 1.76777 0
      vertex 1.76777 1.76777 22
    endloop
  endfacet
  facet normal 0.751858 0.659325 0
    outer loop
      vertex 1.76777 1.76777 0
      vertex 1.98338 1.5219 22
      vertex 1.98338 1.5219 0
    endloop
  endfacet
  facet normal 0.321424 0.946935 -0
    outer loop
      vertex 0.956708 2.3097 0
      vertex 0.647047 2.41481 22
      vertex 0.956708 2.3097 22
    endloop
  endfacet
  facet normal 0.321424 0.946935 0
    outer loop
      vertex 0.647047 2.41481 22
      vertex 0.956708 2.3097 0
      vertex 0.647047 2.41481 0
    endloop
  endfacet
  facet normal -0.555575 -0.831466 0
    outer loop
      vertex -1.5219 -1.98338 0
      vertex -1.25 -2.16506 22
      vertex -1.5219 -1.98338 22
    endloop
  endfacet
  facet normal -0.555575 -0.831466 -0
    outer loop
      vertex -1.25 -2.16506 22
      vertex -1.5219 -1.98338 0
      vertex -1.25 -2.16506 0
    endloop
  endfacet
  facet normal -0.831466 -0.555575 0
    outer loop
      vertex -1.98338 -1.5219 0
      vertex -2.16506 -1.25 22
      vertex -2.16506 -1.25 0
    endloop
  endfacet
  facet normal -0.831466 -0.555575 0
    outer loop
      vertex -2.16506 -1.25 22
      vertex -1.98338 -1.5219 0
      vertex -1.98338 -1.5219 22
    endloop
  endfacet
  facet normal 0.946935 0.321424 0
    outer loop
      vertex 2.41481 0.647047 22
      vertex 2.3097 0.956708 0
      vertex 2.3097 0.956708 22
    endloop
  endfacet
  facet normal 0.946935 0.321424 0
    outer loop
      vertex 2.3097 0.956708 0
      vertex 2.41481 0.647047 22
      vertex 2.41481 0.647047 0
    endloop
  endfacet
  facet normal 0.0654098 -0.997858 0
    outer loop
      vertex 0 -2.5 0
      vertex 0.326315 -2.47861 22
      vertex 0 -2.5 22
    endloop
  endfacet
  facet normal 0.0654098 -0.997858 0
    outer loop
      vertex 0.326315 -2.47861 22
      vertex 0 -2.5 0
      vertex 0.326315 -2.47861 0
    endloop
  endfacet
  facet normal 0.321424 -0.946935 0
    outer loop
      vertex 0.647047 -2.41481 0
      vertex 0.956708 -2.3097 22
      vertex 0.647047 -2.41481 22
    endloop
  endfacet
  facet normal 0.321424 -0.946935 0
    outer loop
      vertex 0.956708 -2.3097 22
      vertex 0.647047 -2.41481 0
      vertex 0.956708 -2.3097 0
    endloop
  endfacet
  facet normal -0.0654098 -0.997858 0
    outer loop
      vertex -0.326315 -2.47861 0
      vertex 0 -2.5 22
      vertex -0.326315 -2.47861 22
    endloop
  endfacet
  facet normal -0.0654098 -0.997858 -0
    outer loop
      vertex 0 -2.5 22
      vertex -0.326315 -2.47861 0
      vertex 0 -2.5 0
    endloop
  endfacet
  facet normal 0.442299 -0.896867 0
    outer loop
      vertex 0.956708 -2.3097 0
      vertex 1.25 -2.16506 22
      vertex 0.956708 -2.3097 22
    endloop
  endfacet
  facet normal 0.442299 -0.896867 0
    outer loop
      vertex 1.25 -2.16506 22
      vertex 0.956708 -2.3097 0
      vertex 1.25 -2.16506 0
    endloop
  endfacet
  facet normal -0.751858 0.659325 0
    outer loop
      vertex -1.98338 1.5219 0
      vertex -1.76777 1.76777 22
      vertex -1.76777 1.76777 0
    endloop
  endfacet
  facet normal -0.751858 0.659325 0
    outer loop
      vertex -1.76777 1.76777 22
      vertex -1.98338 1.5219 0
      vertex -1.98338 1.5219 22
    endloop
  endfacet
  facet normal 0.442299 0.896867 -0
    outer loop
      vertex 1.25 2.16506 0
      vertex 0.956708 2.3097 22
      vertex 1.25 2.16506 22
    endloop
  endfacet
  facet normal 0.442299 0.896867 0
    outer loop
      vertex 0.956708 2.3097 22
      vertex 1.25 2.16506 0
      vertex 0.956708 2.3097 0
    endloop
  endfacet
  facet normal -0.442299 0.896867 0
    outer loop
      vertex -0.956708 2.3097 0
      vertex -1.25 2.16506 22
      vertex -0.956708 2.3097 22
    endloop
  endfacet
  facet normal -0.442299 0.896867 0
    outer loop
      vertex -1.25 2.16506 22
      vertex -0.956708 2.3097 0
      vertex -1.25 2.16506 0
    endloop
  endfacet
  facet normal 0.751858 -0.659325 0
    outer loop
      vertex 1.76777 -1.76777 22
      vertex 1.98338 -1.5219 0
      vertex 1.98338 -1.5219 22
    endloop
  endfacet
  facet normal 0.751858 -0.659325 0
    outer loop
      vertex 1.98338 -1.5219 0
      vertex 1.76777 -1.76777 22
      vertex 1.76777 -1.76777 0
    endloop
  endfacet
  facet normal -0.195097 -0.980784 0
    outer loop
      vertex -0.647047 -2.41481 0
      vertex -0.326315 -2.47861 22
      vertex -0.647047 -2.41481 22
    endloop
  endfacet
  facet normal -0.195097 -0.980784 -0
    outer loop
      vertex -0.326315 -2.47861 22
      vertex -0.647047 -2.41481 0
      vertex -0.326315 -2.47861 0
    endloop
  endfacet
  facet normal 0.831466 -0.555575 0
    outer loop
      vertex 1.98338 -1.5219 22
      vertex 2.16506 -1.25 0
      vertex 2.16506 -1.25 22
    endloop
  endfacet
  facet normal 0.831466 -0.555575 0
    outer loop
      vertex 2.16506 -1.25 0
      vertex 1.98338 -1.5219 22
      vertex 1.98338 -1.5219 0
    endloop
  endfacet
  facet normal -0.659325 -0.751858 0
    outer loop
      vertex -1.76777 -1.76777 0
      vertex -1.5219 -1.98338 22
      vertex -1.76777 -1.76777 22
    endloop
  endfacet
  facet normal -0.659325 -0.751858 -0
    outer loop
      vertex -1.5219 -1.98338 22
      vertex -1.76777 -1.76777 0
      vertex -1.5219 -1.98338 0
    endloop
  endfacet
  facet normal 0.195097 -0.980784 0
    outer loop
      vertex 0.326315 -2.47861 0
      vertex 0.647047 -2.41481 22
      vertex 0.326315 -2.47861 22
    endloop
  endfacet
  facet normal 0.195097 -0.980784 0
    outer loop
      vertex 0.647047 -2.41481 22
      vertex 0.326315 -2.47861 0
      vertex 0.647047 -2.41481 0
    endloop
  endfacet
  facet normal 0.896867 -0.442299 0
    outer loop
      vertex 2.16506 -1.25 22
      vertex 2.3097 -0.956708 0
      vertex 2.3097 -0.956708 22
    endloop
  endfacet
  facet normal 0.896867 -0.442299 0
    outer loop
      vertex 2.3097 -0.956708 0
      vertex 2.16506 -1.25 22
      vertex 2.16506 -1.25 0
    endloop
  endfacet
  facet normal -0.980784 -0.195097 0
    outer loop
      vertex -2.41481 -0.647047 0
      vertex -2.47861 -0.326315 22
      vertex -2.47861 -0.326315 0
    endloop
  endfacet
  facet normal -0.980784 -0.195097 0
    outer loop
      vertex -2.47861 -0.326315 22
      vertex -2.41481 -0.647047 0
      vertex -2.41481 -0.647047 22
    endloop
  endfacet
  facet normal 0.946935 -0.321424 0
    outer loop
      vertex 2.3097 -0.956708 22
      vertex 2.41481 -0.647047 0
      vertex 2.41481 -0.647047 22
    endloop
  endfacet
  facet normal 0.946935 -0.321424 0
    outer loop
      vertex 2.41481 -0.647047 0
      vertex 2.3097 -0.956708 22
      vertex 2.3097 -0.956708 0
    endloop
  endfacet
  facet normal -0.946935 0.321424 0
    outer loop
      vertex -2.41481 0.647047 0
      vertex -2.3097 0.956708 22
      vertex -2.3097 0.956708 0
    endloop
  endfacet
  facet normal -0.946935 0.321424 0
    outer loop
      vertex -2.3097 0.956708 22
      vertex -2.41481 0.647047 0
      vertex -2.41481 0.647047 22
    endloop
  endfacet
  facet normal -0.0654098 0.997858 0
    outer loop
      vertex 0 2.5 0
      vertex -0.326315 2.47861 22
      vertex 0 2.5 22
    endloop
  endfacet
  facet normal -0.0654098 0.997858 0
    outer loop
      vertex -0.326315 2.47861 22
      vertex 0 2.5 0
      vertex -0.326315 2.47861 0
    endloop
  endfacet
  facet normal -0.896867 -0.442299 0
    outer loop
      vertex -2.16506 -1.25 0
      vertex -2.3097 -0.956708 22
      vertex -2.3097 -0.956708 0
    endloop
  endfacet
  facet normal -0.896867 -0.442299 0
    outer loop
      vertex -2.3097 -0.956708 22
      vertex -2.16506 -1.25 0
      vertex -2.16506 -1.25 22
    endloop
  endfacet
  facet normal 0.555575 0.831466 -0
    outer loop
      vertex 1.5219 1.98338 0
      vertex 1.25 2.16506 22
      vertex 1.5219 1.98338 22
    endloop
  endfacet
  facet normal 0.555575 0.831466 0
    outer loop
      vertex 1.25 2.16506 22
      vertex 1.5219 1.98338 0
      vertex 1.25 2.16506 0
    endloop
  endfacet
  facet normal -0.659325 0.751858 0
    outer loop
      vertex -1.5219 1.98338 0
      vertex -1.76777 1.76777 22
      vertex -1.5219 1.98338 22
    endloop
  endfacet
  facet normal -0.659325 0.751858 0
    outer loop
      vertex -1.76777 1.76777 22
      vertex -1.5219 1.98338 0
      vertex -1.76777 1.76777 0
    endloop
  endfacet
  facet normal -0.555575 0.831466 0
    outer loop
      vertex -1.25 2.16506 0
      vertex -1.5219 1.98338 22
      vertex -1.25 2.16506 22
    endloop
  endfacet
  facet normal -0.555575 0.831466 0
    outer loop
      vertex -1.5219 1.98338 22
      vertex -1.25 2.16506 0
      vertex -1.5219 1.98338 0
    endloop
  endfacet
  facet normal 0.195097 0.980784 -0
    outer loop
      vertex 0.647047 2.41481 0
      vertex 0.326315 2.47861 22
      vertex 0.647047 2.41481 22
    endloop
  endfacet
  facet normal 0.195097 0.980784 0
    outer loop
      vertex 0.326315 2.47861 22
      vertex 0.647047 2.41481 0
      vertex 0.326315 2.47861 0
    endloop
  endfacet
  facet normal 0.980784 -0.195097 0
    outer loop
      vertex 2.41481 -0.647047 22
      vertex 2.47861 -0.326315 0
      vertex 2.47861 -0.326315 22
    endloop
  endfacet
  facet normal 0.980784 -0.195097 0
    outer loop
      vertex 2.47861 -0.326315 0
      vertex 2.41481 -0.647047 22
      vertex 2.41481 -0.647047 0
    endloop
  endfacet
  facet normal 0.659325 -0.751858 0
    outer loop
      vertex 1.5219 -1.98338 0
      vertex 1.76777 -1.76777 22
      vertex 1.5219 -1.98338 22
    endloop
  endfacet
  facet normal 0.659325 -0.751858 0
    outer loop
      vertex 1.76777 -1.76777 22
      vertex 1.5219 -1.98338 0
      vertex 1.76777 -1.76777 0
    endloop
  endfacet
  facet normal -0.997858 -0.0654098 0
    outer loop
      vertex -2.47861 -0.326315 0
      vertex -2.5 0 22
      vertex -2.5 0 0
    endloop
  endfacet
  facet normal -0.997858 -0.0654098 0
    outer loop
      vertex -2.5 0 22
      vertex -2.47861 -0.326315 0
      vertex -2.47861 -0.326315 22
    endloop
  endfacet
  facet normal 0.896867 0.442299 0
    outer loop
      vertex 2.3097 0.956708 22
      vertex 2.16506 1.25 0
      vertex 2.16506 1.25 22
    endloop
  endfacet
  facet normal 0.896867 0.442299 0
    outer loop
      vertex 2.16506 1.25 0
      vertex 2.3097 0.956708 22
      vertex 2.3097 0.956708 0
    endloop
  endfacet
  facet normal 0.555575 -0.831466 0
    outer loop
      vertex 1.25 -2.16506 0
      vertex 1.5219 -1.98338 22
      vertex 1.25 -2.16506 22
    endloop
  endfacet
  facet normal 0.555575 -0.831466 0
    outer loop
      vertex 1.5219 -1.98338 22
      vertex 1.25 -2.16506 0
      vertex 1.5219 -1.98338 0
    endloop
  endfacet
  facet normal -0.195097 0.980784 0
    outer loop
      vertex -0.326315 2.47861 0
      vertex -0.647047 2.41481 22
      vertex -0.326315 2.47861 22
    endloop
  endfacet
  facet normal -0.195097 0.980784 0
    outer loop
      vertex -0.647047 2.41481 22
      vertex -0.326315 2.47861 0
      vertex -0.647047 2.41481 0
    endloop
  endfacet
  facet normal -0.997858 0.0654098 0
    outer loop
      vertex -2.5 0 0
      vertex -2.47861 0.326315 22
      vertex -2.47861 0.326315 0
    endloop
  endfacet
  facet normal -0.997858 0.0654098 0
    outer loop
      vertex -2.47861 0.326315 22
      vertex -2.5 0 0
      vertex -2.5 0 22
    endloop
  endfacet
  facet normal -0.321424 -0.946935 0
    outer loop
      vertex -0.956708 -2.3097 0
      vertex -0.647047 -2.41481 22
      vertex -0.956708 -2.3097 22
    endloop
  endfacet
  facet normal -0.321424 -0.946935 -0
    outer loop
      vertex -0.647047 -2.41481 22
      vertex -0.956708 -2.3097 0
      vertex -0.647047 -2.41481 0
    endloop
  endfacet
  facet normal -0.946935 -0.321424 0
    outer loop
      vertex -2.3097 -0.956708 0
      vertex -2.41481 -0.647047 22
      vertex -2.41481 -0.647047 0
    endloop
  endfacet
  facet normal -0.946935 -0.321424 0
    outer loop
      vertex -2.41481 -0.647047 22
      vertex -2.3097 -0.956708 0
      vertex -2.3097 -0.956708 22
    endloop
  endfacet
  facet normal -0.751858 -0.659325 0
    outer loop
      vertex -1.76777 -1.76777 0
      vertex -1.98338 -1.5219 22
      vertex -1.98338 -1.5219 0
    endloop
  endfacet
  facet normal -0.751858 -0.659325 0
    outer loop
      vertex -1.98338 -1.5219 22
      vertex -1.76777 -1.76777 0
      vertex -1.76777 -1.76777 22
    endloop
  endfacet
  facet normal 0 0 -1
    outer loop
      vertex 2.5 0 22
      vertex 17 0 22
      vertex 16.8546 -2.21894 22
    endloop
  endfacet
  facet normal 0 0 -1
    outer loop
      vertex 2.47861 -0.326315 22
      vertex 16.8546 -2.21894 22
      vertex 16.4207 -4.39992 22
    endloop
  endfacet
  facet normal 0 0 -1
    outer loop
      vertex 17 0 22
      vertex 2.5 0 22
      vertex 16.8546 2.21894 22
    endloop
  endfacet
  facet normal 0 0 -1
    outer loop
      vertex 2.41481 -0.647047 22
      vertex 16.4207 -4.39992 22
      vertex 15.706 -6.50562 22
    endloop
  endfacet
  facet normal 0 0 -1
    outer loop
      vertex 2.47861 0.326315 22
      vertex 16.8546 2.21894 22
      vertex 2.5 0 22
    endloop
  endfacet
  facet normal 0 0 -1
    outer loop
      vertex 2.3097 -0.956708 22
      vertex 15.706 -6.50562 22
      vertex 14.7224 -8.5 22
    endloop
  endfacet
  facet normal -0 0 -1
    outer loop
      vertex 16.8546 2.21894 22
      vertex 2.47861 0.326315 22
      vertex 16.4207 4.39992 22
    endloop
  endfacet
  facet normal 0 0 -1
    outer loop
      vertex 2.16506 -1.25 22
      vertex 14.7224 -8.5 22
      vertex 13.487 -10.3489 22
    endloop
  endfacet
  facet normal 0 0 -1
    outer loop
      vertex 2.41481 0.647047 22
      vertex 16.4207 4.39992 22
      vertex 2.47861 0.326315 22
    endloop
  endfacet
  facet normal 0 0 -1
    outer loop
      vertex 1.98338 -1.5219 22
      vertex 13.487 -10.3489 22
      vertex 12.0208 -12.0208 22
    endloop
  endfacet
  facet normal -0 0 -1
    outer loop
      vertex 16.4207 4.39992 22
      vertex 2.41481 0.647047 22
      vertex 15.706 6.50562 22
    endloop
  endfacet
  facet normal 0 0 -1
    outer loop
      vertex 1.76777 -1.76777 22
      vertex 12.0208 -12.0208 22
      vertex 10.3489 -13.487 22
    endloop
  endfacet
  facet normal 0 0 -1
    outer loop
      vertex 2.3097 0.956708 22
      vertex 15.706 6.50562 22
      vertex 2.41481 0.647047 22
    endloop
  endfacet
  facet normal 0 0 -1
    outer loop
      vertex 1.5219 -1.98338 22
      vertex 10.3489 -13.487 22
      vertex 8.5 -14.7224 22
    endloop
  endfacet
  facet normal -0 0 -1
    outer loop
      vertex 15.706 6.50562 22
      vertex 2.3097 0.956708 22
      vertex 14.7224 8.5 22
    endloop
  endfacet
  facet normal 0 0 -1
    outer loop
      vertex 1.25 -2.16506 22
      vertex 8.5 -14.7224 22
      vertex 6.50562 -15.706 22
    endloop
  endfacet
  facet normal 0 0 -1
    outer loop
      vertex 2.16506 1.25 22
      vertex 14.7224 8.5 22
      vertex 2.3097 0.956708 22
    endloop
  endfacet
  facet normal 0 0 -1
    outer loop
      vertex 0.956708 -2.3097 22
      vertex 6.50562 -15.706 22
      vertex 4.39992 -16.4207 22
    endloop
  endfacet
  facet normal -0 0 -1
    outer loop
      vertex 14.7224 8.5 22
      vertex 2.16506 1.25 22
      vertex 13.487 10.3489 22
    endloop
  endfacet
  facet normal 0 0 -1
    outer loop
      vertex 1.98338 1.5219 22
      vertex 13.487 10.3489 22
      vertex 2.16506 1.25 22
    endloop
  endfacet
  facet normal 0 0 -1
    outer loop
      vertex 16.8546 -2.21894 22
      vertex 2.47861 -0.326315 22
      vertex 2.5 0 22
    endloop
  endfacet
  facet normal 0 0 -1
    outer loop
      vertex 16.4207 -4.39992 22
      vertex 2.41481 -0.647047 22
      vertex 2.47861 -0.326315 22
    endloop
  endfacet
  facet normal 0 0 -1
    outer loop
      vertex 15.706 -6.50562 22
      vertex 2.3097 -0.956708 22
      vertex 2.41481 -0.647047 22
    endloop
  endfacet
  facet normal 0 0 -1
    outer loop
      vertex 0.647047 -2.41481 22
      vertex 4.39992 -16.4207 22
      vertex 2.21894 -16.8546 22
    endloop
  endfacet
  facet normal 0 0 -1
    outer loop
      vertex 14.7224 -8.5 22
      vertex 2.16506 -1.25 22
      vertex 2.3097 -0.956708 22
    endloop
  endfacet
  facet normal 0 0 -1
    outer loop
      vertex 13.487 -10.3489 22
      vertex 1.98338 -1.5219 22
      vertex 2.16506 -1.25 22
    endloop
  endfacet
  facet normal 0 0 -1
    outer loop
      vertex 12.0208 -12.0208 22
      vertex 1.76777 -1.76777 22
      vertex 1.98338 -1.5219 22
    endloop
  endfacet
  facet normal 0 0 -1
    outer loop
      vertex 10.3489 -13.487 22
      vertex 1.5219 -1.98338 22
      vertex 1.76777 -1.76777 22
    endloop
  endfacet
  facet normal 0 0 -1
    outer loop
      vertex 8.5 -14.7224 22
      vertex 1.25 -2.16506 22
      vertex 1.5219 -1.98338 22
    endloop
  endfacet
  facet normal 0 0 -1
    outer loop
      vertex 6.50562 -15.706 22
      vertex 0.956708 -2.3097 22
      vertex 1.25 -2.16506 22
    endloop
  endfacet
  facet normal 0 0 -1
    outer loop
      vertex 4.39992 -16.4207 22
      vertex 0.647047 -2.41481 22
      vertex 0.956708 -2.3097 22
    endloop
  endfacet
  facet normal 0 0 -1
    outer loop
      vertex 2.21894 -16.8546 22
      vertex 0.326315 -2.47861 22
      vertex 0.647047 -2.41481 22
    endloop
  endfacet
  facet normal 0 0 -1
    outer loop
      vertex 0 -17 22
      vertex 0.326315 -2.47861 22
      vertex 2.21894 -16.8546 22
    endloop
  endfacet
  facet normal 0 0 -1
    outer loop
      vertex 0 -17 22
      vertex 0 -2.5 22
      vertex 0.326315 -2.47861 22
    endloop
  endfacet
  facet normal 0 0 -1
    outer loop
      vertex 0 -17 22
      vertex -0.326315 -2.47861 22
      vertex 0 -2.5 22
    endloop
  endfacet
  facet normal 0 0 -1
    outer loop
      vertex -2.21894 -16.8546 22
      vertex -0.326315 -2.47861 22
      vertex 0 -17 22
    endloop
  endfacet
  facet normal -0 0 -1
    outer loop
      vertex -0.326315 -2.47861 22
      vertex -2.21894 -16.8546 22
      vertex -0.647047 -2.41481 22
    endloop
  endfacet
  facet normal 0 0 -1
    outer loop
      vertex -4.39992 -16.4207 22
      vertex -0.647047 -2.41481 22
      vertex -2.21894 -16.8546 22
    endloop
  endfacet
  facet normal -0 0 -1
    outer loop
      vertex -0.647047 -2.41481 22
      vertex -4.39992 -16.4207 22
      vertex -0.956708 -2.3097 22
    endloop
  endfacet
  facet normal 0 0 -1
    outer loop
      vertex -6.50562 -15.706 22
      vertex -0.956708 -2.3097 22
      vertex -4.39992 -16.4207 22
    endloop
  endfacet
  facet normal -0 0 -1
    outer loop
      vertex -0.956708 -2.3097 22
      vertex -6.50562 -15.706 22
      vertex -1.25 -2.16506 22
    endloop
  endfacet
  facet normal 0 0 -1
    outer loop
      vertex -8.5 -14.7224 22
      vertex -1.25 -2.16506 22
      vertex -6.50562 -15.706 22
    endloop
  endfacet
  facet normal -0 0 -1
    outer loop
      vertex -1.25 -2.16506 22
      vertex -8.5 -14.7224 22
      vertex -1.5219 -1.98338 22
    endloop
  endfacet
  facet normal 0 0 -1
    outer loop
      vertex -10.3489 -13.487 22
      vertex -1.5219 -1.98338 22
      vertex -8.5 -14.7224 22
    endloop
  endfacet
  facet normal -0 0 -1
    outer loop
      vertex -1.5219 -1.98338 22
      vertex -10.3489 -13.487 22
      vertex -1.76777 -1.76777 22
    endloop
  endfacet
  facet normal 0 0 -1
    outer loop
      vertex -12.0208 -12.0208 22
      vertex -1.76777 -1.76777 22
      vertex -10.3489 -13.487 22
    endloop
  endfacet
  facet normal -0 0 -1
    outer loop
      vertex -1.76777 -1.76777 22
      vertex -12.0208 -12.0208 22
      vertex -1.98338 -1.5219 22
    endloop
  endfacet
  facet normal 0 0 -1
    outer loop
      vertex -13.487 -10.3489 22
      vertex -1.98338 -1.5219 22
      vertex -12.0208 -12.0208 22
    endloop
  endfacet
  facet normal -0 0 -1
    outer loop
      vertex 13.487 10.3489 22
      vertex 1.98338 1.5219 22
      vertex 12.0208 12.0208 22
    endloop
  endfacet
  facet normal 0 0 -1
    outer loop
      vertex 1.76777 1.76777 22
      vertex 12.0208 12.0208 22
      vertex 1.98338 1.5219 22
    endloop
  endfacet
  facet normal -0 0 -1
    outer loop
      vertex 12.0208 12.0208 22
      vertex 1.76777 1.76777 22
      vertex 10.3489 13.487 22
    endloop
  endfacet
  facet normal 0 0 -1
    outer loop
      vertex 1.5219 1.98338 22
      vertex 10.3489 13.487 22
      vertex 1.76777 1.76777 22
    endloop
  endfacet
  facet normal -0 0 -1
    outer loop
      vertex 10.3489 13.487 22
      vertex 1.5219 1.98338 22
      vertex 8.5 14.7224 22
    endloop
  endfacet
  facet normal 0 0 -1
    outer loop
      vertex 1.25 2.16506 22
      vertex 8.5 14.7224 22
      vertex 1.5219 1.98338 22
    endloop
  endfacet
  facet normal -0 0 -1
    outer loop
      vertex 8.5 14.7224 22
      vertex 1.25 2.16506 22
      vertex 6.50562 15.706 22
    endloop
  endfacet
  facet normal 0 0 -1
    outer loop
      vertex 0.956708 2.3097 22
      vertex 6.50562 15.706 22
      vertex 1.25 2.16506 22
    endloop
  endfacet
  facet normal -0 0 -1
    outer loop
      vertex 6.50562 15.706 22
      vertex 0.956708 2.3097 22
      vertex 4.39992 16.4207 22
    endloop
  endfacet
  facet normal 0 0 -1
    outer loop
      vertex 0.647047 2.41481 22
      vertex 4.39992 16.4207 22
      vertex 0.956708 2.3097 22
    endloop
  endfacet
  facet normal -0 0 -1
    outer loop
      vertex 4.39992 16.4207 22
      vertex 0.647047 2.41481 22
      vertex 2.21894 16.8546 22
    endloop
  endfacet
  facet normal 0 0 -1
    outer loop
      vertex 0.326315 2.47861 22
      vertex 2.21894 16.8546 22
      vertex 0.647047 2.41481 22
    endloop
  endfacet
  facet normal 0 0 -1
    outer loop
      vertex 0 2.5 22
      vertex 2.21894 16.8546 22
      vertex 0.326315 2.47861 22
    endloop
  endfacet
  facet normal 0 0 -1
    outer loop
      vertex 0 2.5 22
      vertex 0 17 22
      vertex 2.21894 16.8546 22
    endloop
  endfacet
  facet normal 0 0 -1
    outer loop
      vertex -0.326315 2.47861 22
      vertex 0 17 22
      vertex 0 2.5 22
    endloop
  endfacet
  facet normal 0 0 -1
    outer loop
      vertex -2.21894 16.8546 22
      vertex -0.326315 2.47861 22
      vertex -0.647047 2.41481 22
    endloop
  endfacet
  facet normal 0 0 -1
    outer loop
      vertex -4.39992 16.4207 22
      vertex -0.647047 2.41481 22
      vertex -0.956708 2.3097 22
    endloop
  endfacet
  facet normal 0 0 -1
    outer loop
      vertex -6.50562 15.706 22
      vertex -0.956708 2.3097 22
      vertex -1.25 2.16506 22
    endloop
  endfacet
  facet normal 0 0 -1
    outer loop
      vertex -8.5 14.7224 22
      vertex -1.25 2.16506 22
      vertex -1.5219 1.98338 22
    endloop
  endfacet
  facet normal 0 0 -1
    outer loop
      vertex -10.3489 13.487 22
      vertex -1.5219 1.98338 22
      vertex -1.76777 1.76777 22
    endloop
  endfacet
  facet normal 0 0 -1
    outer loop
      vertex -12.0208 12.0208 22
      vertex -1.76777 1.76777 22
      vertex -1.98338 1.5219 22
    endloop
  endfacet
  facet normal 0 0 -1
    outer loop
      vertex -13.487 10.3489 22
      vertex -1.98338 1.5219 22
      vertex -2.16506 1.25 22
    endloop
  endfacet
  facet normal 0 0 -1
    outer loop
      vertex -0.326315 2.47861 22
      vertex -2.21894 16.8546 22
      vertex 0 17 22
    endloop
  endfacet
  facet normal 0 0 -1
    outer loop
      vertex -14.7224 8.5 22
      vertex -2.16506 1.25 22
      vertex -2.3097 0.956708 22
    endloop
  endfacet
  facet normal 0 0 -1
    outer loop
      vertex -15.706 6.50562 22
      vertex -2.3097 0.956708 22
      vertex -2.41481 0.647047 22
    endloop
  endfacet
  facet normal 0 0 -1
    outer loop
      vertex -16.4207 4.39992 22
      vertex -2.41481 0.647047 22
      vertex -2.47861 0.326315 22
    endloop
  endfacet
  facet normal 0 0 -1
    outer loop
      vertex -16.8546 2.21894 22
      vertex -2.47861 0.326315 22
      vertex -2.5 0 22
    endloop
  endfacet
  facet normal -0 0 -1
    outer loop
      vertex -1.98338 -1.5219 22
      vertex -13.487 -10.3489 22
      vertex -2.16506 -1.25 22
    endloop
  endfacet
  facet normal 0 0 -1
    outer loop
      vertex -0.647047 2.41481 22
      vertex -4.39992 16.4207 22
      vertex -2.21894 16.8546 22
    endloop
  endfacet
  facet normal 0 0 -1
    outer loop
      vertex -14.7224 -8.5 22
      vertex -2.16506 -1.25 22
      vertex -13.487 -10.3489 22
    endloop
  endfacet
  facet normal 0 0 -1
    outer loop
      vertex -0.956708 2.3097 22
      vertex -6.50562 15.706 22
      vertex -4.39992 16.4207 22
    endloop
  endfacet
  facet normal -0 0 -1
    outer loop
      vertex -2.16506 -1.25 22
      vertex -14.7224 -8.5 22
      vertex -2.3097 -0.956708 22
    endloop
  endfacet
  facet normal 0 0 -1
    outer loop
      vertex -1.25 2.16506 22
      vertex -8.5 14.7224 22
      vertex -6.50562 15.706 22
    endloop
  endfacet
  facet normal 0 0 -1
    outer loop
      vertex -15.706 -6.50562 22
      vertex -2.3097 -0.956708 22
      vertex -14.7224 -8.5 22
    endloop
  endfacet
  facet normal 0 0 -1
    outer loop
      vertex -1.5219 1.98338 22
      vertex -10.3489 13.487 22
      vertex -8.5 14.7224 22
    endloop
  endfacet
  facet normal -0 0 -1
    outer loop
      vertex -2.3097 -0.956708 22
      vertex -15.706 -6.50562 22
      vertex -2.41481 -0.647047 22
    endloop
  endfacet
  facet normal 0 0 -1
    outer loop
      vertex -1.76777 1.76777 22
      vertex -12.0208 12.0208 22
      vertex -10.3489 13.487 22
    endloop
  endfacet
  facet normal 0 0 -1
    outer loop
      vertex -16.4207 -4.39992 22
      vertex -2.41481 -0.647047 22
      vertex -15.706 -6.50562 22
    endloop
  endfacet
  facet normal 0 0 -1
    outer loop
      vertex -1.98338 1.5219 22
      vertex -13.487 10.3489 22
      vertex -12.0208 12.0208 22
    endloop
  endfacet
  facet normal -0 0 -1
    outer loop
      vertex -2.41481 -0.647047 22
      vertex -16.4207 -4.39992 22
      vertex -2.47861 -0.326315 22
    endloop
  endfacet
  facet normal 0 0 -1
    outer loop
      vertex -2.16506 1.25 22
      vertex -14.7224 8.5 22
      vertex -13.487 10.3489 22
    endloop
  endfacet
  facet normal 0 0 -1
    outer loop
      vertex -16.8546 -2.21894 22
      vertex -2.47861 -0.326315 22
      vertex -16.4207 -4.39992 22
    endloop
  endfacet
  facet normal 0 0 -1
    outer loop
      vertex -2.3097 0.956708 22
      vertex -15.706 6.50562 22
      vertex -14.7224 8.5 22
    endloop
  endfacet
  facet normal -0 0 -1
    outer loop
      vertex -2.47861 -0.326315 22
      vertex -16.8546 -2.21894 22
      vertex -2.5 0 22
    endloop
  endfacet
  facet normal 0 0 -1
    outer loop
      vertex -2.41481 0.647047 22
      vertex -16.4207 4.39992 22
      vertex -15.706 6.50562 22
    endloop
  endfacet
  facet normal 0 0 -1
    outer loop
      vertex -17 0 22
      vertex -2.5 0 22
      vertex -16.8546 -2.21894 22
    endloop
  endfacet
  facet normal 0 0 -1
    outer loop
      vertex -2.47861 0.326315 22
      vertex -16.8546 2.21894 22
      vertex -16.4207 4.39992 22
    endloop
  endfacet
  facet normal 0 0 -1
    outer loop
      vertex -2.5 0 22
      vertex -17 0 22
      vertex -16.8546 2.21894 22
    endloop
  endfacet
  facet normal -0.831466 0.555575 0
    outer loop
      vertex -2.16506 1.25 0
      vertex -1.98338 1.5219 22
      vertex -1.98338 1.5219 0
    endloop
  endfacet
  facet normal -0.831466 0.555575 0
    outer loop
      vertex -1.98338 1.5219 22
      vertex -2.16506 1.25 0
      vertex -2.16506 1.25 22
    endloop
  endfacet
  facet normal 1 0 0
    outer loop
      vertex 25 3 31
      vertex 25 1.5 29
      vertex 25 3 29
    endloop
  endfacet
  facet normal 1 0 0
    outer loop
      vertex 25 1.5 29
      vertex 25 -1.5 29
      vertex 25 1.5 0
    endloop
  endfacet
  facet normal 1 0 0
    outer loop
      vertex 25 3 31
      vertex 25 -1.5 29
      vertex 25 1.5 29
    endloop
  endfacet
  facet normal 1 -0 0
    outer loop
      vertex 25 -3 31
      vertex 25 -1.5 29
      vertex 25 3 31
    endloop
  endfacet
  facet normal 1 0 0
    outer loop
      vertex 25 -1.5 29
      vertex 25 -3 31
      vertex 25 -3 29
    endloop
  endfacet
  facet normal 1 0 0
    outer loop
      vertex 25 1.5 0
      vertex 25 -1.5 29
      vertex 25 -1.5 0
    endloop
  endfacet
  facet normal 0 0 -1
    outer loop
      vertex 23 -1.5 0
      vertex 25 1.5 0
      vertex 25 -1.5 0
    endloop
  endfacet
  facet normal -0 0 -1
    outer loop
      vertex 25 1.5 0
      vertex 23 -1.5 0
      vertex 23 1.5 0
    endloop
  endfacet
  facet normal -1 0 0
    outer loop
      vertex 23 -1.5 0
      vertex 23 1.5 29
      vertex 23 1.5 0
    endloop
  endfacet
  facet normal -1 -0 0
    outer loop
      vertex 23 1.5 29
      vertex 23 -1.5 0
      vertex 23 -1.5 29
    endloop
  endfacet
  facet normal 0 1 -0
    outer loop
      vertex 25 1.5 0
      vertex 23 1.5 29
      vertex 25 1.5 29
    endloop
  endfacet
  facet normal 0 1 0
    outer loop
      vertex 23 1.5 29
      vertex 25 1.5 0
      vertex 23 1.5 0
    endloop
  endfacet
  facet normal 0 -1 0
    outer loop
      vertex 23 -1.5 0
      vertex 25 -1.5 29
      vertex 23 -1.5 29
    endloop
  endfacet
  facet normal 0 -1 -0
    outer loop
      vertex 25 -1.5 29
      vertex 23 -1.5 0
      vertex 25 -1.5 0
    endloop
  endfacet
  facet normal -0 0 1
    outer loop
      vertex -6.5 3 31
      vertex 25 -3 31
      vertex 25 3 31
    endloop
  endfacet
  facet normal 0 0 1
    outer loop
      vertex 25 -3 31
      vertex -6.5 3 31
      vertex -6.5 -3 31
    endloop
  endfacet
  facet normal 0 0 -1
    outer loop
      vertex 25 -3 29
      vertex 23 -1.5 29
      vertex 25 -1.5 29
    endloop
  endfacet
  facet normal -0 0 -1
    outer loop
      vertex 23 -1.5 29
      vertex 5.5 -3 29
      vertex 23 1.5 29
    endloop
  endfacet
  facet normal 0 0 -1
    outer loop
      vertex 5.5 -3 29
      vertex 23 -1.5 29
      vertex 25 -3 29
    endloop
  endfacet
  facet normal 0 0 -1
    outer loop
      vertex 23 1.5 29
      vertex 25 3 29
      vertex 25 1.5 29
    endloop
  endfacet
  facet normal 0 0 -1
    outer loop
      vertex 5.5 3 29
      vertex 23 1.5 29
      vertex 5.5 -3 29
    endloop
  endfacet
  facet normal 0 0 -1
    outer loop
      vertex 23 1.5 29
      vertex 5.5 3 29
      vertex 25 3 29
    endloop
  endfacet
  facet normal 0 0 -1
    outer loop
      vertex -6.5 -3 29
      vertex -5.5 3 29
      vertex -5.5 -3 29
    endloop
  endfacet
  facet normal -0 0 -1
    outer loop
      vertex -5.5 3 29
      vertex -6.5 -3 29
      vertex -6.5 3 29
    endloop
  endfacet
  facet normal 0 0 -1
    outer loop
      vertex -5.5 -3 29
      vertex 5.5 -3 29
      vertex 5.5 -5.5 29
    endloop
  endfacet
  facet normal 0 0 -1
    outer loop
      vertex 5.5 -3 29
      vertex -5.5 -3 29
      vertex 5.5 3 29
    endloop
  endfacet
  facet normal 0 0 -1
    outer loop
      vertex -5.5 -3 29
      vertex 5.5 -5.5 29
      vertex -5.5 -5.5 29
    endloop
  endfacet
  facet normal 0 0 -1
    outer loop
      vertex -5.5 3 29
      vertex 5.5 3 29
      vertex -5.5 -3 29
    endloop
  endfacet
  facet normal 0 0 -1
    outer loop
      vertex 5.5 3 29
      vertex -5.5 3 29
      vertex 5.5 5.5 29
    endloop
  endfacet
  facet normal -0 0 -1
    outer loop
      vertex 5.5 5.5 29
      vertex -5.5 3 29
      vertex -5.5 5.5 29
    endloop
  endfacet
  facet normal -1 0 0
    outer loop
      vertex -6.5 -3 29
      vertex -6.5 3 31
      vertex -6.5 3 29
    endloop
  endfacet
  facet normal -1 -0 0
    outer loop
      vertex -6.5 3 31
      vertex -6.5 -3 29
      vertex -6.5 -3 31
    endloop
  endfacet
  facet normal 0 1 0
    outer loop
      vertex 25 3 31
      vertex 5.5 3 30.6
      vertex -6.5 3 31
    endloop
  endfacet
  facet normal 0 1 -0
    outer loop
      vertex 25 3 29
      vertex 5.5 3 30.6
      vertex 25 3 31
    endloop
  endfacet
  facet normal 0 1 0
    outer loop
      vertex 5.5 3 30.6
      vertex 25 3 29
      vertex 5.5 3 29
    endloop
  endfacet
  facet normal 0 1 -0
    outer loop
      vertex -5.5 3 30.6
      vertex -6.5 3 31
      vertex 5.5 3 30.6
    endloop
  endfacet
  facet normal 0 1 0
    outer loop
      vertex -6.5 3 29
      vertex -5.5 3 30.6
      vertex -5.5 3 29
    endloop
  endfacet
  facet normal 0 1 0
    outer loop
      vertex -5.5 3 30.6
      vertex -6.5 3 29
      vertex -6.5 3 31
    endloop
  endfacet
  facet normal 0 -1 0
    outer loop
      vertex 5.5 -3 30.6
      vertex -6.5 -3 31
      vertex -5.5 -3 30.6
    endloop
  endfacet
  facet normal 0 -1 0
    outer loop
      vertex -6.5 -3 29
      vertex -5.5 -3 30.6
      vertex -6.5 -3 31
    endloop
  endfacet
  facet normal 0 -1 -0
    outer loop
      vertex -5.5 -3 30.6
      vertex -6.5 -3 29
      vertex -5.5 -3 29
    endloop
  endfacet
  facet normal 0 -1 0
    outer loop
      vertex -6.5 -3 31
      vertex 5.5 -3 30.6
      vertex 25 -3 31
    endloop
  endfacet
  facet normal 0 -1 0
    outer loop
      vertex 25 -3 29
      vertex 5.5 -3 30.6
      vertex 5.5 -3 29
    endloop
  endfacet
  facet normal 0 -1 0
    outer loop
      vertex 5.5 -3 30.6
      vertex 25 -3 29
      vertex 25 -3 31
    endloop
  endfacet
  facet normal 1 -0 0
    outer loop
      vertex 5.5 3 30.6
      vertex 5.5 5.5 29
      vertex 5.5 5.5 30.6
    endloop
  endfacet
  facet normal 1 0 0
    outer loop
      vertex 5.5 5.5 29
      vertex 5.5 3 30.6
      vertex 5.5 3 29
    endloop
  endfacet
  facet normal 1 -0 0
    outer loop
      vertex 5.5 -5.5 30.6
      vertex 5.5 -3 29
      vertex 5.5 -3 30.6
    endloop
  endfacet
  facet normal 1 0 0
    outer loop
      vertex 5.5 -3 29
      vertex 5.5 -5.5 30.6
      vertex 5.5 -5.5 29
    endloop
  endfacet
  facet normal -0 0 1
    outer loop
      vertex -5.5 5.5 30.6
      vertex 5.5 3 30.6
      vertex 5.5 5.5 30.6
    endloop
  endfacet
  facet normal 0 0 1
    outer loop
      vertex 5.5 3 30.6
      vertex -5.5 5.5 30.6
      vertex -5.5 3 30.6
    endloop
  endfacet
  facet normal -0 0 1
    outer loop
      vertex -5.5 -3 30.6
      vertex 5.5 -5.5 30.6
      vertex 5.5 -3 30.6
    endloop
  endfacet
  facet normal 0 0 1
    outer loop
      vertex 5.5 -5.5 30.6
      vertex -5.5 -3 30.6
      vertex -5.5 -5.5 30.6
    endloop
  endfacet
  facet normal -1 0 0
    outer loop
      vertex -5.5 3 29
      vertex -5.5 5.5 30.6
      vertex -5.5 5.5 29
    endloop
  endfacet
  facet normal -1 -0 0
    outer loop
      vertex -5.5 5.5 30.6
      vertex -5.5 3 29
      vertex -5.5 3 30.6
    endloop
  endfacet
  facet normal -1 0 0
    outer loop
      vertex -5.5 -5.5 29
      vertex -5.5 -3 30.6
      vertex -5.5 -3 29
    endloop
  endfacet
  facet normal -1 -0 0
    outer loop
      vertex -5.5 -3 30.6
      vertex -5.5 -5.5 29
      vertex -5.5 -5.5 30.6
    endloop
  endfacet
  facet normal 0 1 -0
    outer loop
      vertex 5.5 5.5 29
      vertex -5.5 5.5 30.6
      vertex 5.5 5.5 30.6
    endloop
  endfacet
  facet normal 0 1 0
    outer loop
      vertex -5.5 5.5 30.6
      vertex 5.5 5.5 29
      vertex -5.5 5.5 29
    endloop
  endfacet
  facet normal 0 -1 0
    outer loop
      vertex -5.5 -5.5 29
      vertex 5.5 -5.5 30.6
      vertex -5.5 -5.5 30.6
    endloop
  endfacet
  facet normal 0 -1 -0
    outer loop
      vertex 5.5 -5.5 30.6
      vertex -5.5 -5.5 29
      vertex 5.5 -5.5 29
    endloop
  endfacet
  facet normal 0.980779 0.195123 0
    outer loop
      vertex 16.8546 2.21894 25
      vertex 16.4207 4.39992 22
      vertex 16.4207 4.39992 25
    endloop
  endfacet
  facet normal 0.980779 0.195123 0
    outer loop
      vertex 16.4207 4.39992 22
      vertex 16.8546 2.21894 25
      vertex 16.8546 2.21894 22
    endloop
  endfacet
  facet normal 0.99786 0.0653866 0
    outer loop
      vertex 17 0 25
      vertex 16.8546 2.21894 22
      vertex 16.8546 2.21894 25
    endloop
  endfacet
  facet normal 0.99786 0.0653866 0
    outer loop
      vertex 16.8546 2.21894 22
      vertex 17 0 25
      vertex 17 0 22
    endloop
  endfacet
  facet normal 0.946942 0.321404 0
    outer loop
      vertex 16.4207 4.39992 25
      vertex 15.706 6.50562 22
      vertex 15.706 6.50562 25
    endloop
  endfacet
  facet normal 0.946942 0.321404 0
    outer loop
      vertex 15.706 6.50562 22
      vertex 16.4207 4.39992 25
      vertex 16.4207 4.39992 22
    endloop
  endfacet
  facet normal 0.321404 0.946942 -0
    outer loop
      vertex 6.50562 15.706 22
      vertex 4.39992 16.4207 25
      vertex 6.50562 15.706 25
    endloop
  endfacet
  facet normal 0.321404 0.946942 0
    outer loop
      vertex 4.39992 16.4207 25
      vertex 6.50562 15.706 22
      vertex 4.39992 16.4207 22
    endloop
  endfacet
  facet normal 0.195123 0.980779 -0
    outer loop
      vertex 4.39992 16.4207 22
      vertex 2.21894 16.8546 25
      vertex 4.39992 16.4207 25
    endloop
  endfacet
  facet normal 0.195123 0.980779 0
    outer loop
      vertex 2.21894 16.8546 25
      vertex 4.39992 16.4207 22
      vertex 2.21894 16.8546 22
    endloop
  endfacet
  facet normal 0.896858 0.442318 0
    outer loop
      vertex 15.706 6.50562 25
      vertex 14.7224 8.5 22
      vertex 14.7224 8.5 25
    endloop
  endfacet
  facet normal 0.896858 0.442318 0
    outer loop
      vertex 14.7224 8.5 22
      vertex 15.706 6.50562 25
      vertex 15.706 6.50562 22
    endloop
  endfacet
  facet normal 0.195123 -0.980779 0
    outer loop
      vertex 2.21894 -16.8546 22
      vertex 4.39992 -16.4207 25
      vertex 2.21894 -16.8546 25
    endloop
  endfacet
  facet normal 0.195123 -0.980779 0
    outer loop
      vertex 4.39992 -16.4207 25
      vertex 2.21894 -16.8546 22
      vertex 4.39992 -16.4207 22
    endloop
  endfacet
  facet normal 0.0653866 -0.99786 0
    outer loop
      vertex 0 -17 22
      vertex 2.21894 -16.8546 25
      vertex 0 -17 25
    endloop
  endfacet
  facet normal 0.0653866 -0.99786 0
    outer loop
      vertex 2.21894 -16.8546 25
      vertex 0 -17 22
      vertex 2.21894 -16.8546 22
    endloop
  endfacet
  facet normal 0.659342 0.751844 -0
    outer loop
      vertex 12.0208 12.0208 22
      vertex 10.3489 13.487 25
      vertex 12.0208 12.0208 25
    endloop
  endfacet
  facet normal 0.659342 0.751844 0
    outer loop
      vertex 10.3489 13.487 25
      vertex 12.0208 12.0208 22
      vertex 10.3489 13.487 22
    endloop
  endfacet
  facet normal 0.896858 -0.442318 0
    outer loop
      vertex 14.7224 -8.5 25
      vertex 15.706 -6.50562 22
      vertex 15.706 -6.50562 25
    endloop
  endfacet
  facet normal 0.896858 -0.442318 0
    outer loop
      vertex 15.706 -6.50562 22
      vertex 14.7224 -8.5 25
      vertex 14.7224 -8.5 22
    endloop
  endfacet
  facet normal -0.195123 -0.980779 0
    outer loop
      vertex -4.39992 -16.4207 22
      vertex -2.21894 -16.8546 25
      vertex -4.39992 -16.4207 25
    endloop
  endfacet
  facet normal -0.195123 -0.980779 -0
    outer loop
      vertex -2.21894 -16.8546 25
      vertex -4.39992 -16.4207 22
      vertex -2.21894 -16.8546 22
    endloop
  endfacet
  facet normal -0.896858 0.442318 0
    outer loop
      vertex -15.706 6.50562 22
      vertex -14.7224 8.5 25
      vertex -14.7224 8.5 22
    endloop
  endfacet
  facet normal -0.896858 0.442318 0
    outer loop
      vertex -14.7224 8.5 25
      vertex -15.706 6.50562 22
      vertex -15.706 6.50562 25
    endloop
  endfacet
  facet normal 0.659342 -0.751844 0
    outer loop
      vertex 10.3489 -13.487 22
      vertex 12.0208 -12.0208 25
      vertex 10.3489 -13.487 25
    endloop
  endfacet
  facet normal 0.659342 -0.751844 0
    outer loop
      vertex 12.0208 -12.0208 25
      vertex 10.3489 -13.487 22
      vertex 12.0208 -12.0208 22
    endloop
  endfacet
  facet normal 0.751844 -0.659342 0
    outer loop
      vertex 12.0208 -12.0208 25
      vertex 13.487 -10.3489 22
      vertex 13.487 -10.3489 25
    endloop
  endfacet
  facet normal 0.751844 -0.659342 0
    outer loop
      vertex 13.487 -10.3489 22
      vertex 12.0208 -12.0208 25
      vertex 12.0208 -12.0208 22
    endloop
  endfacet
  facet normal 0.321404 -0.946942 0
    outer loop
      vertex 4.39992 -16.4207 22
      vertex 6.50562 -15.706 25
      vertex 4.39992 -16.4207 25
    endloop
  endfacet
  facet normal 0.321404 -0.946942 0
    outer loop
      vertex 6.50562 -15.706 25
      vertex 4.39992 -16.4207 22
      vertex 6.50562 -15.706 22
    endloop
  endfacet
  facet normal -0.99786 -0.0653866 0
    outer loop
      vertex -16.8546 -2.21894 22
      vertex -17 0 25
      vertex -17 0 22
    endloop
  endfacet
  facet normal -0.99786 -0.0653866 0
    outer loop
      vertex -17 0 25
      vertex -16.8546 -2.21894 22
      vertex -16.8546 -2.21894 25
    endloop
  endfacet
  facet normal -0.659342 0.751844 0
    outer loop
      vertex -10.3489 13.487 22
      vertex -12.0208 12.0208 25
      vertex -10.3489 13.487 25
    endloop
  endfacet
  facet normal -0.659342 0.751844 0
    outer loop
      vertex -12.0208 12.0208 25
      vertex -10.3489 13.487 22
      vertex -12.0208 12.0208 22
    endloop
  endfacet
  facet normal -0.321404 0.946942 0
    outer loop
      vertex -4.39992 16.4207 22
      vertex -6.50562 15.706 25
      vertex -4.39992 16.4207 25
    endloop
  endfacet
  facet normal -0.321404 0.946942 0
    outer loop
      vertex -6.50562 15.706 25
      vertex -4.39992 16.4207 22
      vertex -6.50562 15.706 22
    endloop
  endfacet
  facet normal -0.831469 -0.555572 0
    outer loop
      vertex -13.487 -10.3489 22
      vertex -14.7224 -8.5 25
      vertex -14.7224 -8.5 22
    endloop
  endfacet
  facet normal -0.831469 -0.555572 0
    outer loop
      vertex -14.7224 -8.5 25
      vertex -13.487 -10.3489 22
      vertex -13.487 -10.3489 25
    endloop
  endfacet
  facet normal 0.751844 0.659342 0
    outer loop
      vertex 13.487 10.3489 25
      vertex 12.0208 12.0208 22
      vertex 12.0208 12.0208 25
    endloop
  endfacet
  facet normal 0.751844 0.659342 0
    outer loop
      vertex 12.0208 12.0208 22
      vertex 13.487 10.3489 25
      vertex 13.487 10.3489 22
    endloop
  endfacet
  facet normal -0.321404 -0.946942 0
    outer loop
      vertex -6.50562 -15.706 22
      vertex -4.39992 -16.4207 25
      vertex -6.50562 -15.706 25
    endloop
  endfacet
  facet normal -0.321404 -0.946942 -0
    outer loop
      vertex -4.39992 -16.4207 25
      vertex -6.50562 -15.706 22
      vertex -4.39992 -16.4207 22
    endloop
  endfacet
  facet normal 0.442318 -0.896858 0
    outer loop
      vertex 6.50562 -15.706 22
      vertex 8.5 -14.7224 25
      vertex 6.50562 -15.706 25
    endloop
  endfacet
  facet normal 0.442318 -0.896858 0
    outer loop
      vertex 8.5 -14.7224 25
      vertex 6.50562 -15.706 22
      vertex 8.5 -14.7224 22
    endloop
  endfacet
  facet normal -0.442318 0.896858 0
    outer loop
      vertex -6.50562 15.706 22
      vertex -8.5 14.7224 25
      vertex -6.50562 15.706 25
    endloop
  endfacet
  facet normal -0.442318 0.896858 0
    outer loop
      vertex -8.5 14.7224 25
      vertex -6.50562 15.706 22
      vertex -8.5 14.7224 22
    endloop
  endfacet
  facet normal 0 0 1
    outer loop
      vertex 3 0 25
      vertex 17 0 25
      vertex 16.8546 2.21894 25
    endloop
  endfacet
  facet normal 0 0 1
    outer loop
      vertex 2.97433 0.391578 25
      vertex 16.8546 2.21894 25
      vertex 16.4207 4.39992 25
    endloop
  endfacet
  facet normal 0 0 1
    outer loop
      vertex 17 0 25
      vertex 3 0 25
      vertex 16.8546 -2.21894 25
    endloop
  endfacet
  facet normal 0 0 1
    outer loop
      vertex 2.89778 0.776457 25
      vertex 16.4207 4.39992 25
      vertex 15.706 6.50562 25
    endloop
  endfacet
  facet normal -0 0 1
    outer loop
      vertex 2.97433 -0.391578 25
      vertex 16.8546 -2.21894 25
      vertex 3 0 25
    endloop
  endfacet
  facet normal 0 0 1
    outer loop
      vertex 2.77164 1.14805 25
      vertex 15.706 6.50562 25
      vertex 14.7224 8.5 25
    endloop
  endfacet
  facet normal 0 0 1
    outer loop
      vertex 16.8546 -2.21894 25
      vertex 2.97433 -0.391578 25
      vertex 16.4207 -4.39992 25
    endloop
  endfacet
  facet normal 0 0 1
    outer loop
      vertex 2.59808 1.5 25
      vertex 14.7224 8.5 25
      vertex 13.487 10.3489 25
    endloop
  endfacet
  facet normal -0 0 1
    outer loop
      vertex 2.89778 -0.776457 25
      vertex 16.4207 -4.39992 25
      vertex 2.97433 -0.391578 25
    endloop
  endfacet
  facet normal 0 0 1
    outer loop
      vertex 2.38006 1.82628 25
      vertex 13.487 10.3489 25
      vertex 12.0208 12.0208 25
    endloop
  endfacet
  facet normal 0 0 1
    outer loop
      vertex 16.4207 -4.39992 25
      vertex 2.89778 -0.776457 25
      vertex 15.706 -6.50562 25
    endloop
  endfacet
  facet normal 0 0 1
    outer loop
      vertex 2.12132 2.12132 25
      vertex 12.0208 12.0208 25
      vertex 10.3489 13.487 25
    endloop
  endfacet
  facet normal -0 0 1
    outer loop
      vertex 2.77164 -1.14805 25
      vertex 15.706 -6.50562 25
      vertex 2.89778 -0.776457 25
    endloop
  endfacet
  facet normal 0 0 1
    outer loop
      vertex 1.82628 2.38006 25
      vertex 10.3489 13.487 25
      vertex 8.5 14.7224 25
    endloop
  endfacet
  facet normal 0 0 1
    outer loop
      vertex 15.706 -6.50562 25
      vertex 2.77164 -1.14805 25
      vertex 14.7224 -8.5 25
    endloop
  endfacet
  facet normal 0 0 1
    outer loop
      vertex 1.5 2.59808 25
      vertex 8.5 14.7224 25
      vertex 6.50562 15.706 25
    endloop
  endfacet
  facet normal -0 0 1
    outer loop
      vertex 2.59808 -1.5 25
      vertex 14.7224 -8.5 25
      vertex 2.77164 -1.14805 25
    endloop
  endfacet
  facet normal 0 0 1
    outer loop
      vertex 1.14805 2.77164 25
      vertex 6.50562 15.706 25
      vertex 4.39992 16.4207 25
    endloop
  endfacet
  facet normal 0 0 1
    outer loop
      vertex 14.7224 -8.5 25
      vertex 2.59808 -1.5 25
      vertex 13.487 -10.3489 25
    endloop
  endfacet
  facet normal -0 0 1
    outer loop
      vertex 2.38006 -1.82628 25
      vertex 13.487 -10.3489 25
      vertex 2.59808 -1.5 25
    endloop
  endfacet
  facet normal 0 0 1
    outer loop
      vertex 16.8546 2.21894 25
      vertex 2.97433 0.391578 25
      vertex 3 0 25
    endloop
  endfacet
  facet normal 0 0 1
    outer loop
      vertex 16.4207 4.39992 25
      vertex 2.89778 0.776457 25
      vertex 2.97433 0.391578 25
    endloop
  endfacet
  facet normal 0 0 1
    outer loop
      vertex 15.706 6.50562 25
      vertex 2.77164 1.14805 25
      vertex 2.89778 0.776457 25
    endloop
  endfacet
  facet normal 0 0 1
    outer loop
      vertex 14.7224 8.5 25
      vertex 2.59808 1.5 25
      vertex 2.77164 1.14805 25
    endloop
  endfacet
  facet normal 0 0 1
    outer loop
      vertex 13.487 10.3489 25
      vertex 2.38006 1.82628 25
      vertex 2.59808 1.5 25
    endloop
  endfacet
  facet normal 0 0 1
    outer loop
      vertex 0.776457 2.89778 25
      vertex 4.39992 16.4207 25
      vertex 2.21894 16.8546 25
    endloop
  endfacet
  facet normal 0 0 1
    outer loop
      vertex 12.0208 12.0208 25
      vertex 2.12132 2.12132 25
      vertex 2.38006 1.82628 25
    endloop
  endfacet
  facet normal 0 0 1
    outer loop
      vertex 10.3489 13.487 25
      vertex 1.82628 2.38006 25
      vertex 2.12132 2.12132 25
    endloop
  endfacet
  facet normal 0 0 1
    outer loop
      vertex 8.5 14.7224 25
      vertex 1.5 2.59808 25
      vertex 1.82628 2.38006 25
    endloop
  endfacet
  facet normal 0 0 1
    outer loop
      vertex 6.50562 15.706 25
      vertex 1.14805 2.77164 25
      vertex 1.5 2.59808 25
    endloop
  endfacet
  facet normal 0 0 1
    outer loop
      vertex 4.39992 16.4207 25
      vertex 0.776457 2.89778 25
      vertex 1.14805 2.77164 25
    endloop
  endfacet
  facet normal 0 0 1
    outer loop
      vertex 2.21894 16.8546 25
      vertex 0.391578 2.97433 25
      vertex 0.776457 2.89778 25
    endloop
  endfacet
  facet normal 0 0 1
    outer loop
      vertex 0 17 25
      vertex 0.391578 2.97433 25
      vertex 2.21894 16.8546 25
    endloop
  endfacet
  facet normal 0 0 1
    outer loop
      vertex 0 17 25
      vertex 0 3 25
      vertex 0.391578 2.97433 25
    endloop
  endfacet
  facet normal 0 0 1
    outer loop
      vertex 0 17 25
      vertex -0.391578 2.97433 25
      vertex 0 3 25
    endloop
  endfacet
  facet normal -0 0 1
    outer loop
      vertex -2.21894 16.8546 25
      vertex -0.391578 2.97433 25
      vertex 0 17 25
    endloop
  endfacet
  facet normal 0 0 1
    outer loop
      vertex -0.391578 2.97433 25
      vertex -2.21894 16.8546 25
      vertex -0.776457 2.89778 25
    endloop
  endfacet
  facet normal -0 0 1
    outer loop
      vertex -4.39992 16.4207 25
      vertex -0.776457 2.89778 25
      vertex -2.21894 16.8546 25
    endloop
  endfacet
  facet normal 0 0 1
    outer loop
      vertex -0.776457 2.89778 25
      vertex -4.39992 16.4207 25
      vertex -1.14805 2.77164 25
    endloop
  endfacet
  facet normal -0 0 1
    outer loop
      vertex -6.50562 15.706 25
      vertex -1.14805 2.77164 25
      vertex -4.39992 16.4207 25
    endloop
  endfacet
  facet normal 0 0 1
    outer loop
      vertex -1.14805 2.77164 25
      vertex -6.50562 15.706 25
      vertex -1.5 2.59808 25
    endloop
  endfacet
  facet normal -0 0 1
    outer loop
      vertex -8.5 14.7224 25
      vertex -1.5 2.59808 25
      vertex -6.50562 15.706 25
    endloop
  endfacet
  facet normal 0 0 1
    outer loop
      vertex -1.5 2.59808 25
      vertex -8.5 14.7224 25
      vertex -1.82628 2.38006 25
    endloop
  endfacet
  facet normal -0 0 1
    outer loop
      vertex -10.3489 13.487 25
      vertex -1.82628 2.38006 25
      vertex -8.5 14.7224 25
    endloop
  endfacet
  facet normal 0 0 1
    outer loop
      vertex -1.82628 2.38006 25
      vertex -10.3489 13.487 25
      vertex -2.12132 2.12132 25
    endloop
  endfacet
  facet normal -0 0 1
    outer loop
      vertex -12.0208 12.0208 25
      vertex -2.12132 2.12132 25
      vertex -10.3489 13.487 25
    endloop
  endfacet
  facet normal 0 0 1
    outer loop
      vertex -2.12132 2.12132 25
      vertex -12.0208 12.0208 25
      vertex -2.38006 1.82628 25
    endloop
  endfacet
  facet normal -0 0 1
    outer loop
      vertex -13.487 10.3489 25
      vertex -2.38006 1.82628 25
      vertex -12.0208 12.0208 25
    endloop
  endfacet
  facet normal 0 0 1
    outer loop
      vertex 13.487 -10.3489 25
      vertex 2.38006 -1.82628 25
      vertex 12.0208 -12.0208 25
    endloop
  endfacet
  facet normal -0 0 1
    outer loop
      vertex 2.12132 -2.12132 25
      vertex 12.0208 -12.0208 25
      vertex 2.38006 -1.82628 25
    endloop
  endfacet
  facet normal 0 0 1
    outer loop
      vertex 12.0208 -12.0208 25
      vertex 2.12132 -2.12132 25
      vertex 10.3489 -13.487 25
    endloop
  endfacet
  facet normal -0 0 1
    outer loop
      vertex 1.82628 -2.38006 25
      vertex 10.3489 -13.487 25
      vertex 2.12132 -2.12132 25
    endloop
  endfacet
  facet normal 0 0 1
    outer loop
      vertex 10.3489 -13.487 25
      vertex 1.82628 -2.38006 25
      vertex 8.5 -14.7224 25
    endloop
  endfacet
  facet normal -0 0 1
    outer loop
      vertex 1.5 -2.59808 25
      vertex 8.5 -14.7224 25
      vertex 1.82628 -2.38006 25
    endloop
  endfacet
  facet normal 0 0 1
    outer loop
      vertex 8.5 -14.7224 25
      vertex 1.5 -2.59808 25
      vertex 6.50562 -15.706 25
    endloop
  endfacet
  facet normal -0 0 1
    outer loop
      vertex 1.14805 -2.77164 25
      vertex 6.50562 -15.706 25
      vertex 1.5 -2.59808 25
    endloop
  endfacet
  facet normal 0 0 1
    outer loop
      vertex 6.50562 -15.706 25
      vertex 1.14805 -2.77164 25
      vertex 4.39992 -16.4207 25
    endloop
  endfacet
  facet normal -0 0 1
    outer loop
      vertex 0.776457 -2.89778 25
      vertex 4.39992 -16.4207 25
      vertex 1.14805 -2.77164 25
    endloop
  endfacet
  facet normal 0 0 1
    outer loop
      vertex 4.39992 -16.4207 25
      vertex 0.776457 -2.89778 25
      vertex 2.21894 -16.8546 25
    endloop
  endfacet
  facet normal -0 0 1
    outer loop
      vertex 0.391578 -2.97433 25
      vertex 2.21894 -16.8546 25
      vertex 0.776457 -2.89778 25
    endloop
  endfacet
  facet normal -0 0 1
    outer loop
      vertex 0 -3 25
      vertex 2.21894 -16.8546 25
      vertex 0.391578 -2.97433 25
    endloop
  endfacet
  facet normal 0 0 1
    outer loop
      vertex 0 -3 25
      vertex 0 -17 25
      vertex 2.21894 -16.8546 25
    endloop
  endfacet
  facet normal 0 0 1
    outer loop
      vertex -0.391578 -2.97433 25
      vertex 0 -17 25
      vertex 0 -3 25
    endloop
  endfacet
  facet normal 0 0 1
    outer loop
      vertex -2.21894 -16.8546 25
      vertex -0.391578 -2.97433 25
      vertex -0.776457 -2.89778 25
    endloop
  endfacet
  facet normal 0 0 1
    outer loop
      vertex -4.39992 -16.4207 25
      vertex -0.776457 -2.89778 25
      vertex -1.14805 -2.77164 25
    endloop
  endfacet
  facet normal 0 0 1
    outer loop
      vertex -6.50562 -15.706 25
      vertex -1.14805 -2.77164 25
      vertex -1.5 -2.59808 25
    endloop
  endfacet
  facet normal 0 0 1
    outer loop
      vertex -8.5 -14.7224 25
      vertex -1.5 -2.59808 25
      vertex -1.82628 -2.38006 25
    endloop
  endfacet
  facet normal 0 0 1
    outer loop
      vertex -10.3489 -13.487 25
      vertex -1.82628 -2.38006 25
      vertex -2.12132 -2.12132 25
    endloop
  endfacet
  facet normal 0 0 1
    outer loop
      vertex -0.391578 -2.97433 25
      vertex -2.21894 -16.8546 25
      vertex 0 -17 25
    endloop
  endfacet
  facet normal 0 0 1
    outer loop
      vertex -12.0208 -12.0208 25
      vertex -2.12132 -2.12132 25
      vertex -2.38006 -1.82628 25
    endloop
  endfacet
  facet normal 0 0 1
    outer loop
      vertex -13.487 -10.3489 25
      vertex -2.38006 -1.82628 25
      vertex -2.59808 -1.5 25
    endloop
  endfacet
  facet normal 0 0 1
    outer loop
      vertex -14.7224 -8.5 25
      vertex -2.59808 -1.5 25
      vertex -2.77164 -1.14805 25
    endloop
  endfacet
  facet normal 0 0 1
    outer loop
      vertex -15.706 -6.50562 25
      vertex -2.77164 -1.14805 25
      vertex -2.89778 -0.776457 25
    endloop
  endfacet
  facet normal 0 0 1
    outer loop
      vertex -16.4207 -4.39992 25
      vertex -2.89778 -0.776457 25
      vertex -2.97433 -0.391578 25
    endloop
  endfacet
  facet normal 0 0 1
    outer loop
      vertex -16.8546 -2.21894 25
      vertex -2.97433 -0.391578 25
      vertex -3 0 25
    endloop
  endfacet
  facet normal 0 0 1
    outer loop
      vertex -2.38006 1.82628 25
      vertex -13.487 10.3489 25
      vertex -2.59808 1.5 25
    endloop
  endfacet
  facet normal 0 0 1
    outer loop
      vertex -0.776457 -2.89778 25
      vertex -4.39992 -16.4207 25
      vertex -2.21894 -16.8546 25
    endloop
  endfacet
  facet normal -0 0 1
    outer loop
      vertex -14.7224 8.5 25
      vertex -2.59808 1.5 25
      vertex -13.487 10.3489 25
    endloop
  endfacet
  facet normal 0 0 1
    outer loop
      vertex -1.14805 -2.77164 25
      vertex -6.50562 -15.706 25
      vertex -4.39992 -16.4207 25
    endloop
  endfacet
  facet normal 0 0 1
    outer loop
      vertex -2.59808 1.5 25
      vertex -14.7224 8.5 25
      vertex -2.77164 1.14805 25
    endloop
  endfacet
  facet normal 0 0 1
    outer loop
      vertex -1.5 -2.59808 25
      vertex -8.5 -14.7224 25
      vertex -6.50562 -15.706 25
    endloop
  endfacet
  facet normal -0 0 1
    outer loop
      vertex -15.706 6.50562 25
      vertex -2.77164 1.14805 25
      vertex -14.7224 8.5 25
    endloop
  endfacet
  facet normal 0 0 1
    outer loop
      vertex -1.82628 -2.38006 25
      vertex -10.3489 -13.487 25
      vertex -8.5 -14.7224 25
    endloop
  endfacet
  facet normal 0 0 1
    outer loop
      vertex -2.77164 1.14805 25
      vertex -15.706 6.50562 25
      vertex -2.89778 0.776457 25
    endloop
  endfacet
  facet normal 0 0 1
    outer loop
      vertex -2.12132 -2.12132 25
      vertex -12.0208 -12.0208 25
      vertex -10.3489 -13.487 25
    endloop
  endfacet
  facet normal -0 0 1
    outer loop
      vertex -16.4207 4.39992 25
      vertex -2.89778 0.776457 25
      vertex -15.706 6.50562 25
    endloop
  endfacet
  facet normal 0 0 1
    outer loop
      vertex -2.38006 -1.82628 25
      vertex -13.487 -10.3489 25
      vertex -12.0208 -12.0208 25
    endloop
  endfacet
  facet normal 0 0 1
    outer loop
      vertex -2.89778 0.776457 25
      vertex -16.4207 4.39992 25
      vertex -2.97433 0.391578 25
    endloop
  endfacet
  facet normal 0 0 1
    outer loop
      vertex -2.59808 -1.5 25
      vertex -14.7224 -8.5 25
      vertex -13.487 -10.3489 25
    endloop
  endfacet
  facet normal -0 0 1
    outer loop
      vertex -16.8546 2.21894 25
      vertex -2.97433 0.391578 25
      vertex -16.4207 4.39992 25
    endloop
  endfacet
  facet normal 0 0 1
    outer loop
      vertex -2.77164 -1.14805 25
      vertex -15.706 -6.50562 25
      vertex -14.7224 -8.5 25
    endloop
  endfacet
  facet normal 0 0 1
    outer loop
      vertex -2.97433 0.391578 25
      vertex -16.8546 2.21894 25
      vertex -3 0 25
    endloop
  endfacet
  facet normal 0 0 1
    outer loop
      vertex -2.89778 -0.776457 25
      vertex -16.4207 -4.39992 25
      vertex -15.706 -6.50562 25
    endloop
  endfacet
  facet normal 0 0 1
    outer loop
      vertex -17 0 25
      vertex -3 0 25
      vertex -16.8546 2.21894 25
    endloop
  endfacet
  facet normal 0 0 1
    outer loop
      vertex -2.97433 -0.391578 25
      vertex -16.8546 -2.21894 25
      vertex -16.4207 -4.39992 25
    endloop
  endfacet
  facet normal 0 0 1
    outer loop
      vertex -3 0 25
      vertex -17 0 25
      vertex -16.8546 -2.21894 25
    endloop
  endfacet
  facet normal 0.980779 -0.195123 0
    outer loop
      vertex 16.4207 -4.39992 25
      vertex 16.8546 -2.21894 22
      vertex 16.8546 -2.21894 25
    endloop
  endfacet
  facet normal 0.980779 -0.195123 0
    outer loop
      vertex 16.8546 -2.21894 22
      vertex 16.4207 -4.39992 25
      vertex 16.4207 -4.39992 22
    endloop
  endfacet
  facet normal -0.946942 -0.321404 0
    outer loop
      vertex -15.706 -6.50562 22
      vertex -16.4207 -4.39992 25
      vertex -16.4207 -4.39992 22
    endloop
  endfacet
  facet normal -0.946942 -0.321404 0
    outer loop
      vertex -16.4207 -4.39992 25
      vertex -15.706 -6.50562 22
      vertex -15.706 -6.50562 25
    endloop
  endfacet
  facet normal 0.946942 -0.321404 0
    outer loop
      vertex 15.706 -6.50562 25
      vertex 16.4207 -4.39992 22
      vertex 16.4207 -4.39992 25
    endloop
  endfacet
  facet normal 0.946942 -0.321404 0
    outer loop
      vertex 16.4207 -4.39992 22
      vertex 15.706 -6.50562 25
      vertex 15.706 -6.50562 22
    endloop
  endfacet
  facet normal 0.555572 0.831469 -0
    outer loop
      vertex 10.3489 13.487 22
      vertex 8.5 14.7224 25
      vertex 10.3489 13.487 25
    endloop
  endfacet
  facet normal 0.555572 0.831469 0
    outer loop
      vertex 8.5 14.7224 25
      vertex 10.3489 13.487 22
      vertex 8.5 14.7224 22
    endloop
  endfacet
  facet normal 0.442318 0.896858 -0
    outer loop
      vertex 8.5 14.7224 22
      vertex 6.50562 15.706 25
      vertex 8.5 14.7224 25
    endloop
  endfacet
  facet normal 0.442318 0.896858 0
    outer loop
      vertex 6.50562 15.706 25
      vertex 8.5 14.7224 22
      vertex 6.50562 15.706 22
    endloop
  endfacet
  facet normal -0.195123 0.980779 0
    outer loop
      vertex -2.21894 16.8546 22
      vertex -4.39992 16.4207 25
      vertex -2.21894 16.8546 25
    endloop
  endfacet
  facet normal -0.195123 0.980779 0
    outer loop
      vertex -4.39992 16.4207 25
      vertex -2.21894 16.8546 22
      vertex -4.39992 16.4207 22
    endloop
  endfacet
  facet normal -0.442318 -0.896858 0
    outer loop
      vertex -8.5 -14.7224 22
      vertex -6.50562 -15.706 25
      vertex -8.5 -14.7224 25
    endloop
  endfacet
  facet normal -0.442318 -0.896858 -0
    outer loop
      vertex -6.50562 -15.706 25
      vertex -8.5 -14.7224 22
      vertex -6.50562 -15.706 22
    endloop
  endfacet
  facet normal -0.751844 0.659342 0
    outer loop
      vertex -13.487 10.3489 22
      vertex -12.0208 12.0208 25
      vertex -12.0208 12.0208 22
    endloop
  endfacet
  facet normal -0.751844 0.659342 0
    outer loop
      vertex -12.0208 12.0208 25
      vertex -13.487 10.3489 22
      vertex -13.487 10.3489 25
    endloop
  endfacet
  facet normal 0.99786 -0.0653866 0
    outer loop
      vertex 16.8546 -2.21894 25
      vertex 17 0 22
      vertex 17 0 25
    endloop
  endfacet
  facet normal 0.99786 -0.0653866 0
    outer loop
      vertex 17 0 22
      vertex 16.8546 -2.21894 25
      vertex 16.8546 -2.21894 22
    endloop
  endfacet
  facet normal -0.946942 0.321404 0
    outer loop
      vertex -16.4207 4.39992 22
      vertex -15.706 6.50562 25
      vertex -15.706 6.50562 22
    endloop
  endfacet
  facet normal -0.946942 0.321404 0
    outer loop
      vertex -15.706 6.50562 25
      vertex -16.4207 4.39992 22
      vertex -16.4207 4.39992 25
    endloop
  endfacet
  facet normal -0.659342 -0.751844 0
    outer loop
      vertex -12.0208 -12.0208 22
      vertex -10.3489 -13.487 25
      vertex -12.0208 -12.0208 25
    endloop
  endfacet
  facet normal -0.659342 -0.751844 -0
    outer loop
      vertex -10.3489 -13.487 25
      vertex -12.0208 -12.0208 22
      vertex -10.3489 -13.487 22
    endloop
  endfacet
  facet normal 0.0653866 0.99786 -0
    outer loop
      vertex 2.21894 16.8546 22
      vertex 0 17 25
      vertex 2.21894 16.8546 25
    endloop
  endfacet
  facet normal 0.0653866 0.99786 0
    outer loop
      vertex 0 17 25
      vertex 2.21894 16.8546 22
      vertex 0 17 22
    endloop
  endfacet
  facet normal 0.831469 0.555572 0
    outer loop
      vertex 14.7224 8.5 25
      vertex 13.487 10.3489 22
      vertex 13.487 10.3489 25
    endloop
  endfacet
  facet normal 0.831469 0.555572 0
    outer loop
      vertex 13.487 10.3489 22
      vertex 14.7224 8.5 25
      vertex 14.7224 8.5 22
    endloop
  endfacet
  facet normal -0.896858 -0.442318 0
    outer loop
      vertex -14.7224 -8.5 22
      vertex -15.706 -6.50562 25
      vertex -15.706 -6.50562 22
    endloop
  endfacet
  facet normal -0.896858 -0.442318 0
    outer loop
      vertex -15.706 -6.50562 25
      vertex -14.7224 -8.5 22
      vertex -14.7224 -8.5 25
    endloop
  endfacet
  facet normal 0.831469 -0.555572 0
    outer loop
      vertex 13.487 -10.3489 25
      vertex 14.7224 -8.5 22
      vertex 14.7224 -8.5 25
    endloop
  endfacet
  facet normal 0.831469 -0.555572 0
    outer loop
      vertex 14.7224 -8.5 22
      vertex 13.487 -10.3489 25
      vertex 13.487 -10.3489 22
    endloop
  endfacet
  facet normal -0.0653866 -0.99786 0
    outer loop
      vertex -2.21894 -16.8546 22
      vertex 0 -17 25
      vertex -2.21894 -16.8546 25
    endloop
  endfacet
  facet normal -0.0653866 -0.99786 -0
    outer loop
      vertex 0 -17 25
      vertex -2.21894 -16.8546 22
      vertex 0 -17 22
    endloop
  endfacet
  facet normal -0.980779 0.195123 0
    outer loop
      vertex -16.8546 2.21894 22
      vertex -16.4207 4.39992 25
      vertex -16.4207 4.39992 22
    endloop
  endfacet
  facet normal -0.980779 0.195123 0
    outer loop
      vertex -16.4207 4.39992 25
      vertex -16.8546 2.21894 22
      vertex -16.8546 2.21894 25
    endloop
  endfacet
  facet normal -0.555572 -0.831469 0
    outer loop
      vertex -10.3489 -13.487 22
      vertex -8.5 -14.7224 25
      vertex -10.3489 -13.487 25
    endloop
  endfacet
  facet normal -0.555572 -0.831469 -0
    outer loop
      vertex -8.5 -14.7224 25
      vertex -10.3489 -13.487 22
      vertex -8.5 -14.7224 22
    endloop
  endfacet
  facet normal -0.555572 0.831469 0
    outer loop
      vertex -8.5 14.7224 22
      vertex -10.3489 13.487 25
      vertex -8.5 14.7224 25
    endloop
  endfacet
  facet normal -0.555572 0.831469 0
    outer loop
      vertex -10.3489 13.487 25
      vertex -8.5 14.7224 22
      vertex -10.3489 13.487 22
    endloop
  endfacet
  facet normal -0.0653866 0.99786 0
    outer loop
      vertex 0 17 22
      vertex -2.21894 16.8546 25
      vertex 0 17 25
    endloop
  endfacet
  facet normal -0.0653866 0.99786 0
    outer loop
      vertex -2.21894 16.8546 25
      vertex 0 17 22
      vertex -2.21894 16.8546 22
    endloop
  endfacet
  facet normal -0.980779 -0.195123 0
    outer loop
      vertex -16.4207 -4.39992 22
      vertex -16.8546 -2.21894 25
      vertex -16.8546 -2.21894 22
    endloop
  endfacet
  facet normal -0.980779 -0.195123 0
    outer loop
      vertex -16.8546 -2.21894 25
      vertex -16.4207 -4.39992 22
      vertex -16.4207 -4.39992 25
    endloop
  endfacet
  facet normal -0.751844 -0.659342 0
    outer loop
      vertex -12.0208 -12.0208 22
      vertex -13.487 -10.3489 25
      vertex -13.487 -10.3489 22
    endloop
  endfacet
  facet normal -0.751844 -0.659342 0
    outer loop
      vertex -13.487 -10.3489 25
      vertex -12.0208 -12.0208 22
      vertex -12.0208 -12.0208 25
    endloop
  endfacet
  facet normal 0.555572 -0.831469 0
    outer loop
      vertex 8.5 -14.7224 22
      vertex 10.3489 -13.487 25
      vertex 8.5 -14.7224 25
    endloop
  endfacet
  facet normal 0.555572 -0.831469 0
    outer loop
      vertex 10.3489 -13.487 25
      vertex 8.5 -14.7224 22
      vertex 10.3489 -13.487 22
    endloop
  endfacet
  facet normal -0.99786 0.0653866 0
    outer loop
      vertex -17 0 22
      vertex -16.8546 2.21894 25
      vertex -16.8546 2.21894 22
    endloop
  endfacet
  facet normal -0.99786 0.0653866 0
    outer loop
      vertex -16.8546 2.21894 25
      vertex -17 0 22
      vertex -17 0 25
    endloop
  endfacet
  facet normal -0.831469 0.555572 0
    outer loop
      vertex -14.7224 8.5 22
      vertex -13.487 10.3489 25
      vertex -13.487 10.3489 22
    endloop
  endfacet
  facet normal -0.831469 0.555572 0
    outer loop
      vertex -13.487 10.3489 25
      vertex -14.7224 8.5 22
      vertex -14.7224 8.5 25
    endloop
  endfacet
  facet normal 0.980789 0.195073 0
    outer loop
      vertex 2.97433 0.391578 27.5
      vertex 2.89778 0.776457 25
      vertex 2.89778 0.776457 27.5
    endloop
  endfacet
  facet normal 0.980789 0.195073 0
    outer loop
      vertex 2.89778 0.776457 25
      vertex 2.97433 0.391578 27.5
      vertex 2.97433 0.391578 25
    endloop
  endfacet
  facet normal 0.997858 0.0654149 0
    outer loop
      vertex 3 0 27.5
      vertex 2.97433 0.391578 25
      vertex 2.97433 0.391578 27.5
    endloop
  endfacet
  facet normal 0.997858 0.0654149 0
    outer loop
      vertex 2.97433 0.391578 25
      vertex 3 0 27.5
      vertex 3 0 25
    endloop
  endfacet
  facet normal 0.980789 -0.195073 0
    outer loop
      vertex 2.89778 -0.776457 27.5
      vertex 2.97433 -0.391578 25
      vertex 2.97433 -0.391578 27.5
    endloop
  endfacet
  facet normal 0.980789 -0.195073 0
    outer loop
      vertex 2.97433 -0.391578 25
      vertex 2.89778 -0.776457 27.5
      vertex 2.89778 -0.776457 25
    endloop
  endfacet
  facet normal 0 0 1
    outer loop
      vertex 2.97433 0.391578 27.5
      vertex 2.97433 -0.391578 27.5
      vertex 3 0 27.5
    endloop
  endfacet
  facet normal 0 0 1
    outer loop
      vertex 2.89778 0.776457 27.5
      vertex 2.97433 -0.391578 27.5
      vertex 2.97433 0.391578 27.5
    endloop
  endfacet
  facet normal 0 0 1
    outer loop
      vertex 2.89778 0.776457 27.5
      vertex 2.89778 -0.776457 27.5
      vertex 2.97433 -0.391578 27.5
    endloop
  endfacet
  facet normal 0 0 1
    outer loop
      vertex 2.77164 1.14805 27.5
      vertex 2.89778 -0.776457 27.5
      vertex 2.89778 0.776457 27.5
    endloop
  endfacet
  facet normal 0 0 1
    outer loop
      vertex 2.77164 1.14805 27.5
      vertex 2.77164 -1.14805 27.5
      vertex 2.89778 -0.776457 27.5
    endloop
  endfacet
  facet normal 0 0 1
    outer loop
      vertex 2.59808 1.5 27.5
      vertex 2.77164 -1.14805 27.5
      vertex 2.77164 1.14805 27.5
    endloop
  endfacet
  facet normal 0 0 1
    outer loop
      vertex 2.59808 1.5 27.5
      vertex 2.59808 -1.5 27.5
      vertex 2.77164 -1.14805 27.5
    endloop
  endfacet
  facet normal 0 0 1
    outer loop
      vertex 2.38006 1.82628 27.5
      vertex 2.59808 -1.5 27.5
      vertex 2.59808 1.5 27.5
    endloop
  endfacet
  facet normal 0 0 1
    outer loop
      vertex 2.38006 1.82628 27.5
      vertex 2.38006 -1.82628 27.5
      vertex 2.59808 -1.5 27.5
    endloop
  endfacet
  facet normal 0 0 1
    outer loop
      vertex 2.12132 2.12132 27.5
      vertex 2.38006 -1.82628 27.5
      vertex 2.38006 1.82628 27.5
    endloop
  endfacet
  facet normal 0 0 1
    outer loop
      vertex 2.12132 2.12132 27.5
      vertex 2.12132 -2.12132 27.5
      vertex 2.38006 -1.82628 27.5
    endloop
  endfacet
  facet normal 0 0 1
    outer loop
      vertex 1.82628 2.38006 27.5
      vertex 2.12132 -2.12132 27.5
      vertex 2.12132 2.12132 27.5
    endloop
  endfacet
  facet normal 0 0 1
    outer loop
      vertex 1.82628 2.38006 27.5
      vertex 1.82628 -2.38006 27.5
      vertex 2.12132 -2.12132 27.5
    endloop
  endfacet
  facet normal 0 0 1
    outer loop
      vertex 1.5 2.59808 27.5
      vertex 1.82628 -2.38006 27.5
      vertex 1.82628 2.38006 27.5
    endloop
  endfacet
  facet normal 0 0 1
    outer loop
      vertex 1.5 2.59808 27.5
      vertex 1.5 -2.59808 27.5
      vertex 1.82628 -2.38006 27.5
    endloop
  endfacet
  facet normal 0 0 1
    outer loop
      vertex 1.14805 2.77164 27.5
      vertex 1.5 -2.59808 27.5
      vertex 1.5 2.59808 27.5
    endloop
  endfacet
  facet normal 0 0 1
    outer loop
      vertex 1.14805 2.77164 27.5
      vertex 1.14805 -2.77164 27.5
      vertex 1.5 -2.59808 27.5
    endloop
  endfacet
  facet normal 0 0 1
    outer loop
      vertex 0.776457 2.89778 27.5
      vertex 1.14805 -2.77164 27.5
      vertex 1.14805 2.77164 27.5
    endloop
  endfacet
  facet normal 0 0 1
    outer loop
      vertex 0.776457 2.89778 27.5
      vertex 0.776457 -2.89778 27.5
      vertex 1.14805 -2.77164 27.5
    endloop
  endfacet
  facet normal 0 0 1
    outer loop
      vertex 0.391578 2.97433 27.5
      vertex 0.776457 -2.89778 27.5
      vertex 0.776457 2.89778 27.5
    endloop
  endfacet
  facet normal 0 0 1
    outer loop
      vertex 0.391578 2.97433 27.5
      vertex 0.391578 -2.97433 27.5
      vertex 0.776457 -2.89778 27.5
    endloop
  endfacet
  facet normal 0 0 1
    outer loop
      vertex 0 3 27.5
      vertex 0.391578 -2.97433 27.5
      vertex 0.391578 2.97433 27.5
    endloop
  endfacet
  facet normal 0 0 1
    outer loop
      vertex 0 3 27.5
      vertex 0 -3 27.5
      vertex 0.391578 -2.97433 27.5
    endloop
  endfacet
  facet normal -0 0 1
    outer loop
      vertex -0.391578 2.97433 27.5
      vertex 0 -3 27.5
      vertex 0 3 27.5
    endloop
  endfacet
  facet normal 0 0 1
    outer loop
      vertex -0.391578 2.97433 27.5
      vertex -0.391578 -2.97433 27.5
      vertex 0 -3 27.5
    endloop
  endfacet
  facet normal -0 0 1
    outer loop
      vertex -0.776457 2.89778 27.5
      vertex -0.391578 -2.97433 27.5
      vertex -0.391578 2.97433 27.5
    endloop
  endfacet
  facet normal 0 0 1
    outer loop
      vertex -0.776457 2.89778 27.5
      vertex -0.776457 -2.89778 27.5
      vertex -0.391578 -2.97433 27.5
    endloop
  endfacet
  facet normal -0 0 1
    outer loop
      vertex -1.14805 2.77164 27.5
      vertex -0.776457 -2.89778 27.5
      vertex -0.776457 2.89778 27.5
    endloop
  endfacet
  facet normal 0 0 1
    outer loop
      vertex -1.14805 2.77164 27.5
      vertex -1.14805 -2.77164 27.5
      vertex -0.776457 -2.89778 27.5
    endloop
  endfacet
  facet normal -0 0 1
    outer loop
      vertex -1.5 2.59808 27.5
      vertex -1.14805 -2.77164 27.5
      vertex -1.14805 2.77164 27.5
    endloop
  endfacet
  facet normal 0 0 1
    outer loop
      vertex -1.5 2.59808 27.5
      vertex -1.5 -2.59808 27.5
      vertex -1.14805 -2.77164 27.5
    endloop
  endfacet
  facet normal -0 0 1
    outer loop
      vertex -1.82628 2.38006 27.5
      vertex -1.5 -2.59808 27.5
      vertex -1.5 2.59808 27.5
    endloop
  endfacet
  facet normal 0 0 1
    outer loop
      vertex -1.82628 2.38006 27.5
      vertex -1.82628 -2.38006 27.5
      vertex -1.5 -2.59808 27.5
    endloop
  endfacet
  facet normal -0 0 1
    outer loop
      vertex -2.12132 2.12132 27.5
      vertex -1.82628 -2.38006 27.5
      vertex -1.82628 2.38006 27.5
    endloop
  endfacet
  facet normal 0 0 1
    outer loop
      vertex -2.12132 2.12132 27.5
      vertex -2.12132 -2.12132 27.5
      vertex -1.82628 -2.38006 27.5
    endloop
  endfacet
  facet normal -0 0 1
    outer loop
      vertex -2.38006 1.82628 27.5
      vertex -2.12132 -2.12132 27.5
      vertex -2.12132 2.12132 27.5
    endloop
  endfacet
  facet normal 0 0 1
    outer loop
      vertex -2.38006 1.82628 27.5
      vertex -2.38006 -1.82628 27.5
      vertex -2.12132 -2.12132 27.5
    endloop
  endfacet
  facet normal -0 0 1
    outer loop
      vertex -2.59808 1.5 27.5
      vertex -2.38006 -1.82628 27.5
      vertex -2.38006 1.82628 27.5
    endloop
  endfacet
  facet normal 0 0 1
    outer loop
      vertex -2.59808 1.5 27.5
      vertex -2.59808 -1.5 27.5
      vertex -2.38006 -1.82628 27.5
    endloop
  endfacet
  facet normal -0 0 1
    outer loop
      vertex -2.77164 1.14805 27.5
      vertex -2.59808 -1.5 27.5
      vertex -2.59808 1.5 27.5
    endloop
  endfacet
  facet normal 0 0 1
    outer loop
      vertex -2.77164 1.14805 27.5
      vertex -2.77164 -1.14805 27.5
      vertex -2.59808 -1.5 27.5
    endloop
  endfacet
  facet normal -0 0 1
    outer loop
      vertex -2.89778 0.776457 27.5
      vertex -2.77164 -1.14805 27.5
      vertex -2.77164 1.14805 27.5
    endloop
  endfacet
  facet normal 0 0 1
    outer loop
      vertex -2.89778 0.776457 27.5
      vertex -2.89778 -0.776457 27.5
      vertex -2.77164 -1.14805 27.5
    endloop
  endfacet
  facet normal -0 0 1
    outer loop
      vertex -2.97433 0.391578 27.5
      vertex -2.89778 -0.776457 27.5
      vertex -2.89778 0.776457 27.5
    endloop
  endfacet
  facet normal 0 0 1
    outer loop
      vertex -2.97433 0.391578 27.5
      vertex -2.97433 -0.391578 27.5
      vertex -2.89778 -0.776457 27.5
    endloop
  endfacet
  facet normal 0 -0 1
    outer loop
      vertex -2.97433 -0.391578 27.5
      vertex -2.97433 0.391578 27.5
      vertex -3 0 27.5
    endloop
  endfacet
  facet normal 0.831462 0.555582 0
    outer loop
      vertex 2.59808 1.5 27.5
      vertex 2.38006 1.82628 25
      vertex 2.38006 1.82628 27.5
    endloop
  endfacet
  facet normal 0.831462 0.555582 0
    outer loop
      vertex 2.38006 1.82628 25
      vertex 2.59808 1.5 27.5
      vertex 2.59808 1.5 25
    endloop
  endfacet
  facet normal 0.555582 0.831462 -0
    outer loop
      vertex 1.82628 2.38006 25
      vertex 1.5 2.59808 27.5
      vertex 1.82628 2.38006 27.5
    endloop
  endfacet
  facet normal 0.555582 0.831462 0
    outer loop
      vertex 1.5 2.59808 27.5
      vertex 1.82628 2.38006 25
      vertex 1.5 2.59808 25
    endloop
  endfacet
  facet normal 0.896875 -0.442283 0
    outer loop
      vertex 2.59808 -1.5 27.5
      vertex 2.77164 -1.14805 25
      vertex 2.77164 -1.14805 27.5
    endloop
  endfacet
  facet normal 0.896875 -0.442283 0
    outer loop
      vertex 2.77164 -1.14805 25
      vertex 2.59808 -1.5 27.5
      vertex 2.59808 -1.5 25
    endloop
  endfacet
  facet normal 0.997858 -0.0654149 0
    outer loop
      vertex 2.97433 -0.391578 27.5
      vertex 3 0 25
      vertex 3 0 27.5
    endloop
  endfacet
  facet normal 0.997858 -0.0654149 0
    outer loop
      vertex 3 0 25
      vertex 2.97433 -0.391578 27.5
      vertex 2.97433 -0.391578 25
    endloop
  endfacet
  facet normal 0.321442 0.946929 -0
    outer loop
      vertex 1.14805 2.77164 25
      vertex 0.776457 2.89778 27.5
      vertex 1.14805 2.77164 27.5
    endloop
  endfacet
  facet normal 0.321442 0.946929 0
    outer loop
      vertex 0.776457 2.89778 27.5
      vertex 1.14805 2.77164 25
      vertex 0.776457 2.89778 25
    endloop
  endfacet
  facet normal -0.896875 0.442283 0
    outer loop
      vertex -2.77164 1.14805 25
      vertex -2.59808 1.5 27.5
      vertex -2.59808 1.5 25
    endloop
  endfacet
  facet normal -0.896875 0.442283 0
    outer loop
      vertex -2.59808 1.5 27.5
      vertex -2.77164 1.14805 25
      vertex -2.77164 1.14805 27.5
    endloop
  endfacet
  facet normal -0.659341 0.751844 0
    outer loop
      vertex -1.82628 2.38006 25
      vertex -2.12132 2.12132 27.5
      vertex -1.82628 2.38006 27.5
    endloop
  endfacet
  facet normal -0.659341 0.751844 0
    outer loop
      vertex -2.12132 2.12132 27.5
      vertex -1.82628 2.38006 25
      vertex -2.12132 2.12132 25
    endloop
  endfacet
  facet normal 0.321442 -0.946929 0
    outer loop
      vertex 0.776457 -2.89778 25
      vertex 1.14805 -2.77164 27.5
      vertex 0.776457 -2.89778 27.5
    endloop
  endfacet
  facet normal 0.321442 -0.946929 0
    outer loop
      vertex 1.14805 -2.77164 27.5
      vertex 0.776457 -2.89778 25
      vertex 1.14805 -2.77164 25
    endloop
  endfacet
  facet normal -0.997858 -0.0654149 0
    outer loop
      vertex -2.97433 -0.391578 25
      vertex -3 0 27.5
      vertex -3 0 25
    endloop
  endfacet
  facet normal -0.997858 -0.0654149 0
    outer loop
      vertex -3 0 27.5
      vertex -2.97433 -0.391578 25
      vertex -2.97433 -0.391578 27.5
    endloop
  endfacet
  facet normal -0.659341 -0.751844 0
    outer loop
      vertex -2.12132 -2.12132 25
      vertex -1.82628 -2.38006 27.5
      vertex -2.12132 -2.12132 27.5
    endloop
  endfacet
  facet normal -0.659341 -0.751844 -0
    outer loop
      vertex -1.82628 -2.38006 27.5
      vertex -2.12132 -2.12132 25
      vertex -1.82628 -2.38006 25
    endloop
  endfacet
  facet normal -0.321442 0.946929 0
    outer loop
      vertex -0.776457 2.89778 25
      vertex -1.14805 2.77164 27.5
      vertex -0.776457 2.89778 27.5
    endloop
  endfacet
  facet normal -0.321442 0.946929 0
    outer loop
      vertex -1.14805 2.77164 27.5
      vertex -0.776457 2.89778 25
      vertex -1.14805 2.77164 25
    endloop
  endfacet
  facet normal -0.831462 -0.555582 0
    outer loop
      vertex -2.38006 -1.82628 25
      vertex -2.59808 -1.5 27.5
      vertex -2.59808 -1.5 25
    endloop
  endfacet
  facet normal -0.831462 -0.555582 0
    outer loop
      vertex -2.59808 -1.5 27.5
      vertex -2.38006 -1.82628 25
      vertex -2.38006 -1.82628 27.5
    endloop
  endfacet
  facet normal -0.555582 0.831462 0
    outer loop
      vertex -1.5 2.59808 25
      vertex -1.82628 2.38006 27.5
      vertex -1.5 2.59808 27.5
    endloop
  endfacet
  facet normal -0.555582 0.831462 0
    outer loop
      vertex -1.82628 2.38006 27.5
      vertex -1.5 2.59808 25
      vertex -1.82628 2.38006 25
    endloop
  endfacet
  facet normal 0.195073 0.980789 -0
    outer loop
      vertex 0.776457 2.89778 25
      vertex 0.391578 2.97433 27.5
      vertex 0.776457 2.89778 27.5
    endloop
  endfacet
  facet normal 0.195073 0.980789 0
    outer loop
      vertex 0.391578 2.97433 27.5
      vertex 0.776457 2.89778 25
      vertex 0.391578 2.97433 25
    endloop
  endfacet
  facet normal -0.442283 0.896875 0
    outer loop
      vertex -1.14805 2.77164 25
      vertex -1.5 2.59808 27.5
      vertex -1.14805 2.77164 27.5
    endloop
  endfacet
  facet normal -0.442283 0.896875 0
    outer loop
      vertex -1.5 2.59808 27.5
      vertex -1.14805 2.77164 25
      vertex -1.5 2.59808 25
    endloop
  endfacet
  facet normal 0.0654149 -0.997858 0
    outer loop
      vertex 0 -3 25
      vertex 0.391578 -2.97433 27.5
      vertex 0 -3 27.5
    endloop
  endfacet
  facet normal 0.0654149 -0.997858 0
    outer loop
      vertex 0.391578 -2.97433 27.5
      vertex 0 -3 25
      vertex 0.391578 -2.97433 25
    endloop
  endfacet
  facet normal 0.659341 -0.751844 0
    outer loop
      vertex 1.82628 -2.38006 25
      vertex 2.12132 -2.12132 27.5
      vertex 1.82628 -2.38006 27.5
    endloop
  endfacet
  facet normal 0.659341 -0.751844 0
    outer loop
      vertex 2.12132 -2.12132 27.5
      vertex 1.82628 -2.38006 25
      vertex 2.12132 -2.12132 25
    endloop
  endfacet
  facet normal -0.946929 -0.321442 0
    outer loop
      vertex -2.77164 -1.14805 25
      vertex -2.89778 -0.776457 27.5
      vertex -2.89778 -0.776457 25
    endloop
  endfacet
  facet normal -0.946929 -0.321442 0
    outer loop
      vertex -2.89778 -0.776457 27.5
      vertex -2.77164 -1.14805 25
      vertex -2.77164 -1.14805 27.5
    endloop
  endfacet
  facet normal 0.946929 -0.321442 0
    outer loop
      vertex 2.77164 -1.14805 27.5
      vertex 2.89778 -0.776457 25
      vertex 2.89778 -0.776457 27.5
    endloop
  endfacet
  facet normal 0.946929 -0.321442 0
    outer loop
      vertex 2.89778 -0.776457 25
      vertex 2.77164 -1.14805 27.5
      vertex 2.77164 -1.14805 25
    endloop
  endfacet
  facet normal 0.442283 0.896875 -0
    outer loop
      vertex 1.5 2.59808 25
      vertex 1.14805 2.77164 27.5
      vertex 1.5 2.59808 27.5
    endloop
  endfacet
  facet normal 0.442283 0.896875 0
    outer loop
      vertex 1.14805 2.77164 27.5
      vertex 1.5 2.59808 25
      vertex 1.14805 2.77164 25
    endloop
  endfacet
  facet normal -0.195073 0.980789 0
    outer loop
      vertex -0.391578 2.97433 25
      vertex -0.776457 2.89778 27.5
      vertex -0.391578 2.97433 27.5
    endloop
  endfacet
  facet normal -0.195073 0.980789 0
    outer loop
      vertex -0.776457 2.89778 27.5
      vertex -0.391578 2.97433 25
      vertex -0.776457 2.89778 25
    endloop
  endfacet
  facet normal 0.751844 0.659341 0
    outer loop
      vertex 2.38006 1.82628 27.5
      vertex 2.12132 2.12132 25
      vertex 2.12132 2.12132 27.5
    endloop
  endfacet
  facet normal 0.751844 0.659341 0
    outer loop
      vertex 2.12132 2.12132 25
      vertex 2.38006 1.82628 27.5
      vertex 2.38006 1.82628 25
    endloop
  endfacet
  facet normal 0.751844 -0.659341 0
    outer loop
      vertex 2.12132 -2.12132 27.5
      vertex 2.38006 -1.82628 25
      vertex 2.38006 -1.82628 27.5
    endloop
  endfacet
  facet normal 0.751844 -0.659341 0
    outer loop
      vertex 2.38006 -1.82628 25
      vertex 2.12132 -2.12132 27.5
      vertex 2.12132 -2.12132 25
    endloop
  endfacet
  facet normal -0.442283 -0.896875 0
    outer loop
      vertex -1.5 -2.59808 25
      vertex -1.14805 -2.77164 27.5
      vertex -1.5 -2.59808 27.5
    endloop
  endfacet
  facet normal -0.442283 -0.896875 -0
    outer loop
      vertex -1.14805 -2.77164 27.5
      vertex -1.5 -2.59808 25
      vertex -1.14805 -2.77164 25
    endloop
  endfacet
  facet normal -0.946929 0.321442 0
    outer loop
      vertex -2.89778 0.776457 25
      vertex -2.77164 1.14805 27.5
      vertex -2.77164 1.14805 25
    endloop
  endfacet
  facet normal -0.946929 0.321442 0
    outer loop
      vertex -2.77164 1.14805 27.5
      vertex -2.89778 0.776457 25
      vertex -2.89778 0.776457 27.5
    endloop
  endfacet
  facet normal 0.195073 -0.980789 0
    outer loop
      vertex 0.391578 -2.97433 25
      vertex 0.776457 -2.89778 27.5
      vertex 0.391578 -2.97433 27.5
    endloop
  endfacet
  facet normal 0.195073 -0.980789 0
    outer loop
      vertex 0.776457 -2.89778 27.5
      vertex 0.391578 -2.97433 25
      vertex 0.776457 -2.89778 25
    endloop
  endfacet
  facet normal 0.442283 -0.896875 0
    outer loop
      vertex 1.14805 -2.77164 25
      vertex 1.5 -2.59808 27.5
      vertex 1.14805 -2.77164 27.5
    endloop
  endfacet
  facet normal 0.442283 -0.896875 0
    outer loop
      vertex 1.5 -2.59808 27.5
      vertex 1.14805 -2.77164 25
      vertex 1.5 -2.59808 25
    endloop
  endfacet
  facet normal -0.751844 0.659341 0
    outer loop
      vertex -2.38006 1.82628 25
      vertex -2.12132 2.12132 27.5
      vertex -2.12132 2.12132 25
    endloop
  endfacet
  facet normal -0.751844 0.659341 0
    outer loop
      vertex -2.12132 2.12132 27.5
      vertex -2.38006 1.82628 25
      vertex -2.38006 1.82628 27.5
    endloop
  endfacet
  facet normal 0.659341 0.751844 -0
    outer loop
      vertex 2.12132 2.12132 25
      vertex 1.82628 2.38006 27.5
      vertex 2.12132 2.12132 27.5
    endloop
  endfacet
  facet normal 0.659341 0.751844 0
    outer loop
      vertex 1.82628 2.38006 27.5
      vertex 2.12132 2.12132 25
      vertex 1.82628 2.38006 25
    endloop
  endfacet
  facet normal -0.896875 -0.442283 0
    outer loop
      vertex -2.59808 -1.5 25
      vertex -2.77164 -1.14805 27.5
      vertex -2.77164 -1.14805 25
    endloop
  endfacet
  facet normal -0.896875 -0.442283 0
    outer loop
      vertex -2.77164 -1.14805 27.5
      vertex -2.59808 -1.5 25
      vertex -2.59808 -1.5 27.5
    endloop
  endfacet
  facet normal -0.997858 0.0654149 0
    outer loop
      vertex -3 0 25
      vertex -2.97433 0.391578 27.5
      vertex -2.97433 0.391578 25
    endloop
  endfacet
  facet normal -0.997858 0.0654149 0
    outer loop
      vertex -2.97433 0.391578 27.5
      vertex -3 0 25
      vertex -3 0 27.5
    endloop
  endfacet
  facet normal 0.831462 -0.555582 0
    outer loop
      vertex 2.38006 -1.82628 27.5
      vertex 2.59808 -1.5 25
      vertex 2.59808 -1.5 27.5
    endloop
  endfacet
  facet normal 0.831462 -0.555582 0
    outer loop
      vertex 2.59808 -1.5 25
      vertex 2.38006 -1.82628 27.5
      vertex 2.38006 -1.82628 25
    endloop
  endfacet
  facet normal 0.896875 0.442283 0
    outer loop
      vertex 2.77164 1.14805 27.5
      vertex 2.59808 1.5 25
      vertex 2.59808 1.5 27.5
    endloop
  endfacet
  facet normal 0.896875 0.442283 0
    outer loop
      vertex 2.59808 1.5 25
      vertex 2.77164 1.14805 27.5
      vertex 2.77164 1.14805 25
    endloop
  endfacet
  facet normal -0.0654149 -0.997858 0
    outer loop
      vertex -0.391578 -2.97433 25
      vertex 0 -3 27.5
      vertex -0.391578 -2.97433 27.5
    endloop
  endfacet
  facet normal -0.0654149 -0.997858 -0
    outer loop
      vertex 0 -3 27.5
      vertex -0.391578 -2.97433 25
      vertex 0 -3 25
    endloop
  endfacet
  facet normal 0.0654149 0.997858 -0
    outer loop
      vertex 0.391578 2.97433 25
      vertex 0 3 27.5
      vertex 0.391578 2.97433 27.5
    endloop
  endfacet
  facet normal 0.0654149 0.997858 0
    outer loop
      vertex 0 3 27.5
      vertex 0.391578 2.97433 25
      vertex 0 3 25
    endloop
  endfacet
  facet normal -0.555582 -0.831462 0
    outer loop
      vertex -1.82628 -2.38006 25
      vertex -1.5 -2.59808 27.5
      vertex -1.82628 -2.38006 27.5
    endloop
  endfacet
  facet normal -0.555582 -0.831462 -0
    outer loop
      vertex -1.5 -2.59808 27.5
      vertex -1.82628 -2.38006 25
      vertex -1.5 -2.59808 25
    endloop
  endfacet
  facet normal 0.555582 -0.831462 0
    outer loop
      vertex 1.5 -2.59808 25
      vertex 1.82628 -2.38006 27.5
      vertex 1.5 -2.59808 27.5
    endloop
  endfacet
  facet normal 0.555582 -0.831462 0
    outer loop
      vertex 1.82628 -2.38006 27.5
      vertex 1.5 -2.59808 25
      vertex 1.82628 -2.38006 25
    endloop
  endfacet
  facet normal 0.946929 0.321442 0
    outer loop
      vertex 2.89778 0.776457 27.5
      vertex 2.77164 1.14805 25
      vertex 2.77164 1.14805 27.5
    endloop
  endfacet
  facet normal 0.946929 0.321442 0
    outer loop
      vertex 2.77164 1.14805 25
      vertex 2.89778 0.776457 27.5
      vertex 2.89778 0.776457 25
    endloop
  endfacet
  facet normal -0.980789 0.195073 0
    outer loop
      vertex -2.97433 0.391578 25
      vertex -2.89778 0.776457 27.5
      vertex -2.89778 0.776457 25
    endloop
  endfacet
  facet normal -0.980789 0.195073 0
    outer loop
      vertex -2.89778 0.776457 27.5
      vertex -2.97433 0.391578 25
      vertex -2.97433 0.391578 27.5
    endloop
  endfacet
  facet normal -0.0654149 0.997858 0
    outer loop
      vertex 0 3 25
      vertex -0.391578 2.97433 27.5
      vertex 0 3 27.5
    endloop
  endfacet
  facet normal -0.0654149 0.997858 0
    outer loop
      vertex -0.391578 2.97433 27.5
      vertex 0 3 25
      vertex -0.391578 2.97433 25
    endloop
  endfacet
  facet normal -0.321442 -0.946929 0
    outer loop
      vertex -1.14805 -2.77164 25
      vertex -0.776457 -2.89778 27.5
      vertex -1.14805 -2.77164 27.5
    endloop
  endfacet
  facet normal -0.321442 -0.946929 -0
    outer loop
      vertex -0.776457 -2.89778 27.5
      vertex -1.14805 -2.77164 25
      vertex -0.776457 -2.89778 25
    endloop
  endfacet
  facet normal -0.980789 -0.195073 0
    outer loop
      vertex -2.89778 -0.776457 25
      vertex -2.97433 -0.391578 27.5
      vertex -2.97433 -0.391578 25
    endloop
  endfacet
  facet normal -0.980789 -0.195073 0
    outer loop
      vertex -2.97433 -0.391578 27.5
      vertex -2.89778 -0.776457 25
      vertex -2.89778 -0.776457 27.5
    endloop
  endfacet
  facet normal -0.751844 -0.659341 0
    outer loop
      vertex -2.12132 -2.12132 25
      vertex -2.38006 -1.82628 27.5
      vertex -2.38006 -1.82628 25
    endloop
  endfacet
  facet normal -0.751844 -0.659341 0
    outer loop
      vertex -2.38006 -1.82628 27.5
      vertex -2.12132 -2.12132 25
      vertex -2.12132 -2.12132 27.5
    endloop
  endfacet
  facet normal -0.195073 -0.980789 0
    outer loop
      vertex -0.776457 -2.89778 25
      vertex -0.391578 -2.97433 27.5
      vertex -0.776457 -2.89778 27.5
    endloop
  endfacet
  facet normal -0.195073 -0.980789 -0
    outer loop
      vertex -0.391578 -2.97433 27.5
      vertex -0.776457 -2.89778 25
      vertex -0.391578 -2.97433 25
    endloop
  endfacet
  facet normal -0.831462 0.555582 0
    outer loop
      vertex -2.59808 1.5 25
      vertex -2.38006 1.82628 27.5
      vertex -2.38006 1.82628 25
    endloop
  endfacet
  facet normal -0.831462 0.555582 0
    outer loop
      vertex -2.38006 1.82628 27.5
      vertex -2.59808 1.5 25
      vertex -2.59808 1.5 27.5
    endloop
  endfacet
endsolid OpenSCAD_Model
