solid OpenSCAD_Model
  facet normal 1 -0 0
    outer loop
      vertex 55 -55 0
      vertex 55 55 -3
      vertex 55 55 0
    endloop
  endfacet
  facet normal 1 0 0
    outer loop
      vertex 55 55 -3
      vertex 55 -55 0
      vertex 55 -55 -3
    endloop
  endfacet
  facet normal 0 0 1
    outer loop
      vertex 55 55 0
      vertex 16.0412 5.82505 0
      vertex 55 -55 0
    endloop
  endfacet
  facet normal 0 0 1
    outer loop
      vertex 55 55 0
      vertex 14.7733 8.54397 0
      vertex 16.0412 5.82505 0
    endloop
  endfacet
  facet normal -0 0 1
    outer loop
      vertex -55 55 0
      vertex 14.7733 8.54397 0
      vertex 55 55 0
    endloop
  endfacet
  facet normal 0 0 1
    outer loop
      vertex 14.7733 8.54397 0
      vertex -55 55 0
      vertex 12.9607 7.69874 0
    endloop
  endfacet
  facet normal 0 0 1
    outer loop
      vertex 12.9607 7.69874 0
      vertex 3.96578 0.522104 0
      vertex 4 0 0
    endloop
  endfacet
  facet normal 0 0 1
    outer loop
      vertex 12.9607 7.69874 0
      vertex 3.8637 1.03528 0
      vertex 3.96578 0.522104 0
    endloop
  endfacet
  facet normal 0 0 1
    outer loop
      vertex 12.9607 7.69874 0
      vertex 3.69552 1.53073 0
      vertex 3.8637 1.03528 0
    endloop
  endfacet
  facet normal 0 0 1
    outer loop
      vertex 12.9607 7.69874 0
      vertex 3.4641 2 0
      vertex 3.69552 1.53073 0
    endloop
  endfacet
  facet normal 0 0 1
    outer loop
      vertex 12.9607 7.69874 0
      vertex 3.17341 2.43505 0
      vertex 3.4641 2 0
    endloop
  endfacet
  facet normal 0 0 1
    outer loop
      vertex 12.9607 7.69874 0
      vertex 2.82843 2.82843 0
      vertex 3.17341 2.43505 0
    endloop
  endfacet
  facet normal 0 0 1
    outer loop
      vertex 12.9607 7.69874 0
      vertex 2.43505 3.17341 0
      vertex 2.82843 2.82843 0
    endloop
  endfacet
  facet normal 0 0 1
    outer loop
      vertex 12.9607 7.69874 0
      vertex 2 3.4641 0
      vertex 2.43505 3.17341 0
    endloop
  endfacet
  facet normal 0 0 1
    outer loop
      vertex 12.9607 7.69874 0
      vertex 1.53073 3.69552 0
      vertex 2 3.4641 0
    endloop
  endfacet
  facet normal 0 0 1
    outer loop
      vertex 12.9607 7.69874 0
      vertex 1.03528 3.8637 0
      vertex 1.53073 3.69552 0
    endloop
  endfacet
  facet normal 0 0 1
    outer loop
      vertex 12.9607 7.69874 0
      vertex 0.522104 3.96578 0
      vertex 1.03528 3.8637 0
    endloop
  endfacet
  facet normal 0 0 1
    outer loop
      vertex 12.9607 7.69874 0
      vertex 0 4 0
      vertex 0.522104 3.96578 0
    endloop
  endfacet
  facet normal 0 -0 1
    outer loop
      vertex -0.522104 3.96578 0
      vertex 12.9607 7.69874 0
      vertex -55 55 0
    endloop
  endfacet
  facet normal 0 0 1
    outer loop
      vertex 12.9607 7.69874 0
      vertex -0.522104 3.96578 0
      vertex 0 4 0
    endloop
  endfacet
  facet normal 0 0 1
    outer loop
      vertex -0.522104 3.96578 0
      vertex -55 55 0
      vertex -1.03528 3.8637 0
    endloop
  endfacet
  facet normal 0 0 1
    outer loop
      vertex -1.03528 3.8637 0
      vertex -55 55 0
      vertex -1.53073 3.69552 0
    endloop
  endfacet
  facet normal 0 0 1
    outer loop
      vertex -1.53073 3.69552 0
      vertex -55 55 0
      vertex -2 3.4641 0
    endloop
  endfacet
  facet normal 0 0 1
    outer loop
      vertex -2 3.4641 0
      vertex -55 55 0
      vertex -2.43505 3.17341 0
    endloop
  endfacet
  facet normal 0 0 1
    outer loop
      vertex -3.96578 0.522104 0
      vertex -55 55 0
      vertex -4 0 0
    endloop
  endfacet
  facet normal 0 0 1
    outer loop
      vertex -3.8637 1.03528 0
      vertex -55 55 0
      vertex -3.96578 0.522104 0
    endloop
  endfacet
  facet normal 0 0 1
    outer loop
      vertex -3.69552 1.53073 0
      vertex -55 55 0
      vertex -3.8637 1.03528 0
    endloop
  endfacet
  facet normal 0 0 1
    outer loop
      vertex -3.4641 2 0
      vertex -55 55 0
      vertex -3.69552 1.53073 0
    endloop
  endfacet
  facet normal 0 0 1
    outer loop
      vertex -3.17341 2.43505 0
      vertex -55 55 0
      vertex -3.4641 2 0
    endloop
  endfacet
  facet normal 0 0 1
    outer loop
      vertex -2.82843 2.82843 0
      vertex -55 55 0
      vertex -3.17341 2.43505 0
    endloop
  endfacet
  facet normal 0 0 1
    outer loop
      vertex -2.43505 3.17341 0
      vertex -55 55 0
      vertex -2.82843 2.82843 0
    endloop
  endfacet
  facet normal -0 0 1
    outer loop
      vertex 14.2285 4.97981 0
      vertex 55 -55 0
      vertex 16.0412 5.82505 0
    endloop
  endfacet
  facet normal 0 0 1
    outer loop
      vertex 4 0 0
      vertex 14.2285 4.97981 0
      vertex 12.9607 7.69874 0
    endloop
  endfacet
  facet normal 0 0 1
    outer loop
      vertex 3.96578 -0.522104 0
      vertex 14.2285 4.97981 0
      vertex 4 0 0
    endloop
  endfacet
  facet normal 0 0 1
    outer loop
      vertex 3.8637 -1.03528 0
      vertex 14.2285 4.97981 0
      vertex 3.96578 -0.522104 0
    endloop
  endfacet
  facet normal 0 0 1
    outer loop
      vertex 3.69552 -1.53073 0
      vertex 14.2285 4.97981 0
      vertex 3.8637 -1.03528 0
    endloop
  endfacet
  facet normal 0 0 1
    outer loop
      vertex 3.4641 -2 0
      vertex 14.2285 4.97981 0
      vertex 3.69552 -1.53073 0
    endloop
  endfacet
  facet normal 0 0 1
    outer loop
      vertex 3.17341 -2.43505 0
      vertex 14.2285 4.97981 0
      vertex 3.4641 -2 0
    endloop
  endfacet
  facet normal 0 0 1
    outer loop
      vertex 2.82843 -2.82843 0
      vertex 14.2285 4.97981 0
      vertex 3.17341 -2.43505 0
    endloop
  endfacet
  facet normal 0 0 1
    outer loop
      vertex 14.2285 4.97981 0
      vertex 2.82843 -2.82843 0
      vertex 55 -55 0
    endloop
  endfacet
  facet normal -0 0 1
    outer loop
      vertex 2.43505 -3.17341 0
      vertex 55 -55 0
      vertex 2.82843 -2.82843 0
    endloop
  endfacet
  facet normal -0 0 1
    outer loop
      vertex 2 -3.4641 0
      vertex 55 -55 0
      vertex 2.43505 -3.17341 0
    endloop
  endfacet
  facet normal -0 0 1
    outer loop
      vertex 1.53073 -3.69552 0
      vertex 55 -55 0
      vertex 2 -3.4641 0
    endloop
  endfacet
  facet normal -0 0 1
    outer loop
      vertex 1.03528 -3.8637 0
      vertex 55 -55 0
      vertex 1.53073 -3.69552 0
    endloop
  endfacet
  facet normal -0 0 1
    outer loop
      vertex 0.522104 -3.96578 0
      vertex 55 -55 0
      vertex 1.03528 -3.8637 0
    endloop
  endfacet
  facet normal -0 0 1
    outer loop
      vertex 0 -4 0
      vertex 55 -55 0
      vertex 0.522104 -3.96578 0
    endloop
  endfacet
  facet normal 0 0 1
    outer loop
      vertex -55 -55 0
      vertex 0 -4 0
      vertex -0.522104 -3.96578 0
    endloop
  endfacet
  facet normal 0 0 1
    outer loop
      vertex -55 -55 0
      vertex -0.522104 -3.96578 0
      vertex -1.03528 -3.8637 0
    endloop
  endfacet
  facet normal 0 0 1
    outer loop
      vertex -55 -55 0
      vertex -1.03528 -3.8637 0
      vertex -1.53073 -3.69552 0
    endloop
  endfacet
  facet normal 0 0 1
    outer loop
      vertex -55 -55 0
      vertex -1.53073 -3.69552 0
      vertex -2 -3.4641 0
    endloop
  endfacet
  facet normal 0 0 1
    outer loop
      vertex -55 -55 0
      vertex -2 -3.4641 0
      vertex -2.43505 -3.17341 0
    endloop
  endfacet
  facet normal 0 0 1
    outer loop
      vertex -55 -55 0
      vertex -2.43505 -3.17341 0
      vertex -2.82843 -2.82843 0
    endloop
  endfacet
  facet normal 0 0 1
    outer loop
      vertex -55 -55 0
      vertex -4 0 0
      vertex -55 55 0
    endloop
  endfacet
  facet normal 0 0 1
    outer loop
      vertex -4 0 0
      vertex -55 -55 0
      vertex -3.96578 -0.522104 0
    endloop
  endfacet
  facet normal 0 0 1
    outer loop
      vertex -3.96578 -0.522104 0
      vertex -55 -55 0
      vertex -3.8637 -1.03528 0
    endloop
  endfacet
  facet normal 0 0 1
    outer loop
      vertex -3.8637 -1.03528 0
      vertex -55 -55 0
      vertex -3.69552 -1.53073 0
    endloop
  endfacet
  facet normal 0 0 1
    outer loop
      vertex -3.69552 -1.53073 0
      vertex -55 -55 0
      vertex -3.4641 -2 0
    endloop
  endfacet
  facet normal 0 0 1
    outer loop
      vertex -3.4641 -2 0
      vertex -55 -55 0
      vertex -3.17341 -2.43505 0
    endloop
  endfacet
  facet normal 0 0 1
    outer loop
      vertex 0 -4 0
      vertex -55 -55 0
      vertex 55 -55 0
    endloop
  endfacet
  facet normal 0 0 1
    outer loop
      vertex -3.17341 -2.43505 0
      vertex -55 -55 0
      vertex -2.82843 -2.82843 0
    endloop
  endfacet
  facet normal 0 0 -1
    outer loop
      vertex -3.77537 -14.0841 -3
      vertex -0.958714 -10.9581 -3
      vertex -3.72562 -14.2874 -3
    endloop
  endfacet
  facet normal 0 0 -1
    outer loop
      vertex -3.85122 -13.889 -3
      vertex -0.958714 -10.9581 -3
      vertex -3.77537 -14.0841 -3
    endloop
  endfacet
  facet normal -0 0 -1
    outer loop
      vertex -0.958714 -10.9581 -3
      vertex -3.85122 -13.889 -3
      vertex -2.38084 -10.7393 -3
    endloop
  endfacet
  facet normal 0 0 -1
    outer loop
      vertex -3.95189 -13.7056 -3
      vertex -2.38084 -10.7393 -3
      vertex -3.85122 -13.889 -3
    endloop
  endfacet
  facet normal 0 0 -1
    outer loop
      vertex -4.07564 -13.5368 -3
      vertex -2.38084 -10.7393 -3
      vertex -3.95189 -13.7056 -3
    endloop
  endfacet
  facet normal 0 0 -1
    outer loop
      vertex -4.22037 -13.3856 -3
      vertex -2.38084 -10.7393 -3
      vertex -4.07564 -13.5368 -3
    endloop
  endfacet
  facet normal 0 0 -1
    outer loop
      vertex -4.38359 -13.2546 -3
      vertex -2.38084 -10.7393 -3
      vertex -4.22037 -13.3856 -3
    endloop
  endfacet
  facet normal -0 0 -1
    outer loop
      vertex -2.38084 -10.7393 -3
      vertex -4.38359 -13.2546 -3
      vertex -3.76222 -10.3366 -3
    endloop
  endfacet
  facet normal 0 0 -1
    outer loop
      vertex -4.56251 -13.146 -3
      vertex -3.76222 -10.3366 -3
      vertex -4.38359 -13.2546 -3
    endloop
  endfacet
  facet normal 0 0 -1
    outer loop
      vertex -4.75408 -13.0617 -3
      vertex -3.76222 -10.3366 -3
      vertex -4.56251 -13.146 -3
    endloop
  endfacet
  facet normal 0 0 -1
    outer loop
      vertex -4.95501 -13.0032 -3
      vertex -3.76222 -10.3366 -3
      vertex -4.75408 -13.0617 -3
    endloop
  endfacet
  facet normal 0 0 -1
    outer loop
      vertex -5.16186 -12.9713 -3
      vertex -3.76222 -10.3366 -3
      vertex -4.95501 -13.0032 -3
    endloop
  endfacet
  facet normal -0 0 -1
    outer loop
      vertex -3.76222 -10.3366 -3
      vertex -5.16186 -12.9713 -3
      vertex -5.07923 -9.75712 -3
    endloop
  endfacet
  facet normal 0 0 -1
    outer loop
      vertex -5.3711 -12.9668 -3
      vertex -5.07923 -9.75712 -3
      vertex -5.16186 -12.9713 -3
    endloop
  endfacet
  facet normal 0 0 -1
    outer loop
      vertex -5.57915 -12.9895 -3
      vertex -5.07923 -9.75712 -3
      vertex -5.3711 -12.9668 -3
    endloop
  endfacet
  facet normal 0 0 -1
    outer loop
      vertex -5.78244 -13.0393 -3
      vertex -5.07923 -9.75712 -3
      vertex -5.57915 -12.9895 -3
    endloop
  endfacet
  facet normal 0 0 -1
    outer loop
      vertex -5.9775 -13.1151 -3
      vertex -5.07923 -9.75712 -3
      vertex -5.78244 -13.0393 -3
    endloop
  endfacet
  facet normal 0 0 -1
    outer loop
      vertex -6.30934 -9.01067 -3
      vertex -5.9775 -13.1151 -3
      vertex -6.16099 -13.2158 -3
    endloop
  endfacet
  facet normal 0 0 -1
    outer loop
      vertex -5.9775 -13.1151 -3
      vertex -6.30934 -9.01067 -3
      vertex -5.07923 -9.75712 -3
    endloop
  endfacet
  facet normal 0 0 -1
    outer loop
      vertex -6.32977 -13.3396 -3
      vertex -6.30934 -9.01067 -3
      vertex -6.16099 -13.2158 -3
    endloop
  endfacet
  facet normal 0 0 -1
    outer loop
      vertex -6.48096 -13.4843 -3
      vertex -6.30934 -9.01067 -3
      vertex -6.32977 -13.3396 -3
    endloop
  endfacet
  facet normal 0 0 -1
    outer loop
      vertex -7.43149 -8.11005 -3
      vertex -6.48096 -13.4843 -3
      vertex -6.61196 -13.6475 -3
    endloop
  endfacet
  facet normal 0 0 -1
    outer loop
      vertex -7.43149 -8.11005 -3
      vertex -6.61196 -13.6475 -3
      vertex -6.72053 -13.8264 -3
    endloop
  endfacet
  facet normal 0 0 -1
    outer loop
      vertex -7.43149 -8.11005 -3
      vertex -6.72053 -13.8264 -3
      vertex -6.80482 -14.018 -3
    endloop
  endfacet
  facet normal 0 0 -1
    outer loop
      vertex -8.42649 -7.07066 -3
      vertex -6.80482 -14.018 -3
      vertex -6.86339 -14.2189 -3
    endloop
  endfacet
  facet normal 0 0 -1
    outer loop
      vertex -8.42649 -7.07066 -3
      vertex -6.86339 -14.2189 -3
      vertex -6.89522 -14.4258 -3
    endloop
  endfacet
  facet normal 0 0 -1
    outer loop
      vertex -6.48096 -13.4843 -3
      vertex -7.43149 -8.11005 -3
      vertex -6.30934 -9.01067 -3
    endloop
  endfacet
  facet normal 0 0 -1
    outer loop
      vertex -9.27731 -5.9103 -3
      vertex -6.89522 -14.4258 -3
      vertex -6.89979 -14.635 -3
    endloop
  endfacet
  facet normal 0 0 -1
    outer loop
      vertex 9.27731 5.9103 -3
      vertex 6.89522 14.4258 -3
      vertex 6.89979 14.635 -3
    endloop
  endfacet
  facet normal 0 0 -1
    outer loop
      vertex 8.42649 7.07066 -3
      vertex 6.86339 14.2189 -3
      vertex 6.89522 14.4258 -3
    endloop
  endfacet
  facet normal 0 0 -1
    outer loop
      vertex 8.42649 7.07066 -3
      vertex 6.80482 14.018 -3
      vertex 6.86339 14.2189 -3
    endloop
  endfacet
  facet normal 0 0 -1
    outer loop
      vertex 7.43149 8.11005 -3
      vertex 6.72053 13.8264 -3
      vertex 6.80482 14.018 -3
    endloop
  endfacet
  facet normal 0 0 -1
    outer loop
      vertex 7.43149 8.11005 -3
      vertex 6.61196 13.6475 -3
      vertex 6.72053 13.8264 -3
    endloop
  endfacet
  facet normal 0 0 -1
    outer loop
      vertex 7.43149 8.11005 -3
      vertex 6.48096 13.4843 -3
      vertex 6.61196 13.6475 -3
    endloop
  endfacet
  facet normal 0 0 -1
    outer loop
      vertex 6.30934 9.01067 -3
      vertex 6.48096 13.4843 -3
      vertex 7.43149 8.11005 -3
    endloop
  endfacet
  facet normal 0 0 -1
    outer loop
      vertex 6.48096 13.4843 -3
      vertex 6.30934 9.01067 -3
      vertex 6.32977 13.3396 -3
    endloop
  endfacet
  facet normal 0 0 -1
    outer loop
      vertex 6.30934 9.01067 -3
      vertex 6.16099 13.2158 -3
      vertex 6.32977 13.3396 -3
    endloop
  endfacet
  facet normal 0 0 -1
    outer loop
      vertex 6.30934 9.01067 -3
      vertex 5.9775 13.1151 -3
      vertex 6.16099 13.2158 -3
    endloop
  endfacet
  facet normal 0 0 -1
    outer loop
      vertex 5.07923 9.75712 -3
      vertex 5.9775 13.1151 -3
      vertex 6.30934 9.01067 -3
    endloop
  endfacet
  facet normal 0 0 -1
    outer loop
      vertex 5.9775 13.1151 -3
      vertex 5.07923 9.75712 -3
      vertex 5.78244 13.0393 -3
    endloop
  endfacet
  facet normal 0 0 -1
    outer loop
      vertex 5.78244 13.0393 -3
      vertex 5.07923 9.75712 -3
      vertex 5.57915 12.9895 -3
    endloop
  endfacet
  facet normal 0 0 -1
    outer loop
      vertex 5.57915 12.9895 -3
      vertex 5.07923 9.75712 -3
      vertex 5.3711 12.9668 -3
    endloop
  endfacet
  facet normal -0 0 -1
    outer loop
      vertex 5.3711 12.9668 -3
      vertex 5.07923 9.75712 -3
      vertex 5.16186 12.9713 -3
    endloop
  endfacet
  facet normal 0 0 -1
    outer loop
      vertex 3.76222 10.3366 -3
      vertex 5.16186 12.9713 -3
      vertex 5.07923 9.75712 -3
    endloop
  endfacet
  facet normal -0 0 -1
    outer loop
      vertex 5.16186 12.9713 -3
      vertex 3.76222 10.3366 -3
      vertex 4.95501 13.0032 -3
    endloop
  endfacet
  facet normal -0 0 -1
    outer loop
      vertex 4.95501 13.0032 -3
      vertex 3.76222 10.3366 -3
      vertex 4.75408 13.0617 -3
    endloop
  endfacet
  facet normal -0 0 -1
    outer loop
      vertex 4.75408 13.0617 -3
      vertex 3.76222 10.3366 -3
      vertex 4.56251 13.146 -3
    endloop
  endfacet
  facet normal -0 0 -1
    outer loop
      vertex 4.56251 13.146 -3
      vertex 3.76222 10.3366 -3
      vertex 4.38359 13.2546 -3
    endloop
  endfacet
  facet normal 0 0 -1
    outer loop
      vertex 2.38084 10.7393 -3
      vertex 4.38359 13.2546 -3
      vertex 3.76222 10.3366 -3
    endloop
  endfacet
  facet normal -0 0 -1
    outer loop
      vertex 4.38359 13.2546 -3
      vertex 2.38084 10.7393 -3
      vertex 4.22037 13.3856 -3
    endloop
  endfacet
  facet normal -0 0 -1
    outer loop
      vertex 4.22037 13.3856 -3
      vertex 2.38084 10.7393 -3
      vertex 4.07564 13.5368 -3
    endloop
  endfacet
  facet normal -0 0 -1
    outer loop
      vertex 4.07564 13.5368 -3
      vertex 2.38084 10.7393 -3
      vertex 3.95189 13.7056 -3
    endloop
  endfacet
  facet normal -0 0 -1
    outer loop
      vertex 3.95189 13.7056 -3
      vertex 2.38084 10.7393 -3
      vertex 3.85122 13.889 -3
    endloop
  endfacet
  facet normal 0 0 -1
    outer loop
      vertex 0.958714 10.9581 -3
      vertex 3.85122 13.889 -3
      vertex 2.38084 10.7393 -3
    endloop
  endfacet
  facet normal -0 0 -1
    outer loop
      vertex 3.85122 13.889 -3
      vertex 0.958714 10.9581 -3
      vertex 3.77537 14.0841 -3
    endloop
  endfacet
  facet normal -0 0 -1
    outer loop
      vertex 3.77537 14.0841 -3
      vertex 0.958714 10.9581 -3
      vertex 3.72562 14.2874 -3
    endloop
  endfacet
  facet normal 0 0 -1
    outer loop
      vertex 55 -55 -3
      vertex 16.1637 -5.23152 -3
      vertex 55 55 -3
    endloop
  endfacet
  facet normal 0 0 -1
    outer loop
      vertex 55 -55 -3
      vertex 16.1591 -5.44076 -3
      vertex 16.1637 -5.23152 -3
    endloop
  endfacet
  facet normal 0 0 -1
    outer loop
      vertex 55 -55 -3
      vertex 16.1273 -5.64761 -3
      vertex 16.1591 -5.44076 -3
    endloop
  endfacet
  facet normal 0 0 -1
    outer loop
      vertex 55 -55 -3
      vertex 16.0687 -5.84854 -3
      vertex 16.1273 -5.64761 -3
    endloop
  endfacet
  facet normal 0 0 -1
    outer loop
      vertex 55 -55 -3
      vertex 15.9845 -6.04011 -3
      vertex 16.0687 -5.84854 -3
    endloop
  endfacet
  facet normal 0 0 -1
    outer loop
      vertex 55 -55 -3
      vertex 15.8759 -6.21903 -3
      vertex 15.9845 -6.04011 -3
    endloop
  endfacet
  facet normal 0 0 -1
    outer loop
      vertex 55 -55 -3
      vertex 15.7449 -6.38226 -3
      vertex 15.8759 -6.21903 -3
    endloop
  endfacet
  facet normal 0 0 -1
    outer loop
      vertex 55 -55 -3
      vertex 15.5937 -6.52698 -3
      vertex 15.7449 -6.38226 -3
    endloop
  endfacet
  facet normal 0 0 -1
    outer loop
      vertex 55 -55 -3
      vertex 15.4249 -6.65074 -3
      vertex 15.5937 -6.52698 -3
    endloop
  endfacet
  facet normal 0 0 -1
    outer loop
      vertex 55 -55 -3
      vertex 15.2414 -6.7514 -3
      vertex 15.4249 -6.65074 -3
    endloop
  endfacet
  facet normal 0 0 -1
    outer loop
      vertex 55 -55 -3
      vertex 15.0464 -6.82726 -3
      vertex 15.2414 -6.7514 -3
    endloop
  endfacet
  facet normal 0 0 -1
    outer loop
      vertex 55 -55 -3
      vertex 14.8431 -6.877 -3
      vertex 15.0464 -6.82726 -3
    endloop
  endfacet
  facet normal 0 0 -1
    outer loop
      vertex 4.6488 -9.96939 -3
      vertex 14.8431 -6.877 -3
      vertex 55 -55 -3
    endloop
  endfacet
  facet normal 0 0 -1
    outer loop
      vertex 14.8431 -6.877 -3
      vertex 4.6488 -9.96939 -3
      vertex 14.635 -6.89979 -3
    endloop
  endfacet
  facet normal 0 -0 -1
    outer loop
      vertex 5.9103 -9.27731 -3
      vertex 14.635 -6.89979 -3
      vertex 4.6488 -9.96939 -3
    endloop
  endfacet
  facet normal -0 0 -1
    outer loop
      vertex 14.635 -6.89979 -3
      vertex 5.9103 -9.27731 -3
      vertex 14.4258 -6.89522 -3
    endloop
  endfacet
  facet normal -0 0 -1
    outer loop
      vertex 14.4258 -6.89522 -3
      vertex 5.9103 -9.27731 -3
      vertex 14.2189 -6.86339 -3
    endloop
  endfacet
  facet normal 0 -0 -1
    outer loop
      vertex 7.07066 -8.42649 -3
      vertex 14.2189 -6.86339 -3
      vertex 5.9103 -9.27731 -3
    endloop
  endfacet
  facet normal -0 0 -1
    outer loop
      vertex 14.2189 -6.86339 -3
      vertex 7.07066 -8.42649 -3
      vertex 14.018 -6.80482 -3
    endloop
  endfacet
  facet normal -0 0 -1
    outer loop
      vertex 14.018 -6.80482 -3
      vertex 7.07066 -8.42649 -3
      vertex 13.8264 -6.72053 -3
    endloop
  endfacet
  facet normal 0 0 -1
    outer loop
      vertex 9.75712 -5.07923 -3
      vertex 12.9668 -5.3711 -3
      vertex 12.9895 -5.57915 -3
    endloop
  endfacet
  facet normal 0 0 -1
    outer loop
      vertex 9.75712 -5.07923 -3
      vertex 12.9895 -5.57915 -3
      vertex 13.0393 -5.78244 -3
    endloop
  endfacet
  facet normal 0 0 -1
    outer loop
      vertex 12.9668 -5.3711 -3
      vertex 10.9581 -0.958714 -3
      vertex 10.9895 0.479813 -3
    endloop
  endfacet
  facet normal 0 0 -1
    outer loop
      vertex 9.75712 -5.07923 -3
      vertex 13.0393 -5.78244 -3
      vertex 13.1151 -5.9775 -3
    endloop
  endfacet
  facet normal 0 0 -1
    outer loop
      vertex 12.9668 -5.3711 -3
      vertex 10.7393 -2.38084 -3
      vertex 10.9581 -0.958714 -3
    endloop
  endfacet
  facet normal 0 0 -1
    outer loop
      vertex 9.01067 -6.30934 -3
      vertex 13.1151 -5.9775 -3
      vertex 13.2158 -6.16099 -3
    endloop
  endfacet
  facet normal 0 0 -1
    outer loop
      vertex 12.9668 -5.3711 -3
      vertex 10.3366 -3.76222 -3
      vertex 10.7393 -2.38084 -3
    endloop
  endfacet
  facet normal 0 0 -1
    outer loop
      vertex 9.01067 -6.30934 -3
      vertex 13.2158 -6.16099 -3
      vertex 13.3396 -6.32977 -3
    endloop
  endfacet
  facet normal -0 0 -1
    outer loop
      vertex 13.8264 -6.72053 -3
      vertex 8.11005 -7.43149 -3
      vertex 13.6475 -6.61196 -3
    endloop
  endfacet
  facet normal 0 0 -1
    outer loop
      vertex 12.9668 -5.3711 -3
      vertex 9.75712 -5.07923 -3
      vertex 10.3366 -3.76222 -3
    endloop
  endfacet
  facet normal -0 0 -1
    outer loop
      vertex 13.1151 -5.9775 -3
      vertex 9.01067 -6.30934 -3
      vertex 9.75712 -5.07923 -3
    endloop
  endfacet
  facet normal 0 0 -1
    outer loop
      vertex 13.4843 -6.48096 -3
      vertex 9.01067 -6.30934 -3
      vertex 13.3396 -6.32977 -3
    endloop
  endfacet
  facet normal 0 -0 -1
    outer loop
      vertex 9.01067 -6.30934 -3
      vertex 13.4843 -6.48096 -3
      vertex 8.11005 -7.43149 -3
    endloop
  endfacet
  facet normal -0 0 -1
    outer loop
      vertex 13.6475 -6.61196 -3
      vertex 8.11005 -7.43149 -3
      vertex 13.4843 -6.48096 -3
    endloop
  endfacet
  facet normal 0 -0 -1
    outer loop
      vertex 8.11005 -7.43149 -3
      vertex 13.8264 -6.72053 -3
      vertex 7.07066 -8.42649 -3
    endloop
  endfacet
  facet normal 0 0 -1
    outer loop
      vertex -4.27285 -15.7909 -3
      vertex 4.6488 -9.96939 -3
      vertex 55 -55 -3
    endloop
  endfacet
  facet normal 0 -0 -1
    outer loop
      vertex -4.12167 -15.6462 -3
      vertex 4.6488 -9.96939 -3
      vertex -4.27285 -15.7909 -3
    endloop
  endfacet
  facet normal 0 -0 -1
    outer loop
      vertex -3.99067 -15.483 -3
      vertex 3.30776 -10.4909 -3
      vertex -4.12167 -15.6462 -3
    endloop
  endfacet
  facet normal 0 0 -1
    outer loop
      vertex 3.30776 -10.4909 -3
      vertex -3.99067 -15.483 -3
      vertex 1.91013 -10.8329 -3
    endloop
  endfacet
  facet normal 0 0 -1
    outer loop
      vertex 1.91013 -10.8329 -3
      vertex -3.7978 -15.1125 -3
      vertex 0.479813 -10.9895 -3
    endloop
  endfacet
  facet normal 0 -0 -1
    outer loop
      vertex -3.70283 -14.4954 -3
      vertex 0.479813 -10.9895 -3
      vertex -3.7074 -14.7047 -3
    endloop
  endfacet
  facet normal 0 0 -1
    outer loop
      vertex -3.72562 -14.2874 -3
      vertex -0.958714 -10.9581 -3
      vertex -3.70283 -14.4954 -3
    endloop
  endfacet
  facet normal -0 0 -1
    outer loop
      vertex 0.479813 -10.9895 -3
      vertex -3.70283 -14.4954 -3
      vertex -0.958714 -10.9581 -3
    endloop
  endfacet
  facet normal 0 -0 -1
    outer loop
      vertex -3.7074 -14.7047 -3
      vertex 0.479813 -10.9895 -3
      vertex -3.73924 -14.9115 -3
    endloop
  endfacet
  facet normal 0 -0 -1
    outer loop
      vertex -3.73924 -14.9115 -3
      vertex 0.479813 -10.9895 -3
      vertex -3.7978 -15.1125 -3
    endloop
  endfacet
  facet normal 0 -0 -1
    outer loop
      vertex -3.7978 -15.1125 -3
      vertex 1.91013 -10.8329 -3
      vertex -3.88209 -15.304 -3
    endloop
  endfacet
  facet normal 0 -0 -1
    outer loop
      vertex -3.88209 -15.304 -3
      vertex 1.91013 -10.8329 -3
      vertex -3.99067 -15.483 -3
    endloop
  endfacet
  facet normal 0 0 -1
    outer loop
      vertex 4.6488 -9.96939 -3
      vertex -4.12167 -15.6462 -3
      vertex 3.30776 -10.4909 -3
    endloop
  endfacet
  facet normal 0 0 -1
    outer loop
      vertex 55 -55 -3
      vertex -4.44163 -15.9147 -3
      vertex -4.27285 -15.7909 -3
    endloop
  endfacet
  facet normal 0 0 -1
    outer loop
      vertex 55 -55 -3
      vertex -4.62512 -16.0153 -3
      vertex -4.44163 -15.9147 -3
    endloop
  endfacet
  facet normal 0 0 -1
    outer loop
      vertex 55 -55 -3
      vertex -4.82018 -16.0912 -3
      vertex -4.62512 -16.0153 -3
    endloop
  endfacet
  facet normal 0 0 -1
    outer loop
      vertex 55 -55 -3
      vertex -5.02347 -16.1409 -3
      vertex -4.82018 -16.0912 -3
    endloop
  endfacet
  facet normal 0 0 -1
    outer loop
      vertex 55 -55 -3
      vertex -5.23152 -16.1637 -3
      vertex -5.02347 -16.1409 -3
    endloop
  endfacet
  facet normal 0 0 -1
    outer loop
      vertex -55 -55 -3
      vertex -5.23152 -16.1637 -3
      vertex 55 -55 -3
    endloop
  endfacet
  facet normal -0 0 -1
    outer loop
      vertex -5.23152 -16.1637 -3
      vertex -55 -55 -3
      vertex -5.44076 -16.1591 -3
    endloop
  endfacet
  facet normal -0 0 -1
    outer loop
      vertex -5.44076 -16.1591 -3
      vertex -55 -55 -3
      vertex -5.64761 -16.1273 -3
    endloop
  endfacet
  facet normal -0 0 -1
    outer loop
      vertex -5.64761 -16.1273 -3
      vertex -55 -55 -3
      vertex -5.84854 -16.0687 -3
    endloop
  endfacet
  facet normal -0 0 -1
    outer loop
      vertex -5.84854 -16.0687 -3
      vertex -55 -55 -3
      vertex -6.04011 -15.9845 -3
    endloop
  endfacet
  facet normal 0 0 -1
    outer loop
      vertex -6.80482 -14.018 -3
      vertex -8.42649 -7.07066 -3
      vertex -7.43149 -8.11005 -3
    endloop
  endfacet
  facet normal 0 0 -1
    outer loop
      vertex -9.96939 -4.6488 -3
      vertex -6.89979 -14.635 -3
      vertex -6.877 -14.8431 -3
    endloop
  endfacet
  facet normal 0 0 -1
    outer loop
      vertex -6.89522 -14.4258 -3
      vertex -9.27731 -5.9103 -3
      vertex -8.42649 -7.07066 -3
    endloop
  endfacet
  facet normal 0 0 -1
    outer loop
      vertex -55 -55 -3
      vertex -6.877 -14.8431 -3
      vertex -6.82726 -15.0464 -3
    endloop
  endfacet
  facet normal 0 0 -1
    outer loop
      vertex -6.89979 -14.635 -3
      vertex -9.96939 -4.6488 -3
      vertex -9.27731 -5.9103 -3
    endloop
  endfacet
  facet normal 0 0 -1
    outer loop
      vertex -6.877 -14.8431 -3
      vertex -15.7909 4.27285 -3
      vertex -9.96939 -4.6488 -3
    endloop
  endfacet
  facet normal 0 0 -1
    outer loop
      vertex -14.9115 3.73924 -3
      vertex -10.9895 -0.479813 -3
      vertex -10.8329 -1.91013 -3
    endloop
  endfacet
  facet normal 0 0 -1
    outer loop
      vertex -15.304 3.88209 -3
      vertex -10.8329 -1.91013 -3
      vertex -10.4909 -3.30776 -3
    endloop
  endfacet
  facet normal 0 0 -1
    outer loop
      vertex -10.9895 -0.479813 -3
      vertex -12.9713 5.16186 -3
      vertex -12.9668 5.3711 -3
    endloop
  endfacet
  facet normal 0 0 -1
    outer loop
      vertex -10.9895 -0.479813 -3
      vertex -13.0032 4.95501 -3
      vertex -12.9713 5.16186 -3
    endloop
  endfacet
  facet normal 0 0 -1
    outer loop
      vertex -10.9895 -0.479813 -3
      vertex -13.0617 4.75408 -3
      vertex -13.0032 4.95501 -3
    endloop
  endfacet
  facet normal -0 -0 -1
    outer loop
      vertex -15.6462 4.12167 -3
      vertex -9.96939 -4.6488 -3
      vertex -15.7909 4.27285 -3
    endloop
  endfacet
  facet normal 0 0 -1
    outer loop
      vertex -10.9895 -0.479813 -3
      vertex -13.146 4.56251 -3
      vertex -13.0617 4.75408 -3
    endloop
  endfacet
  facet normal 0 0 -1
    outer loop
      vertex -10.9895 -0.479813 -3
      vertex -13.2546 4.38359 -3
      vertex -13.146 4.56251 -3
    endloop
  endfacet
  facet normal 0 0 -1
    outer loop
      vertex -10.9895 -0.479813 -3
      vertex -13.3856 4.22037 -3
      vertex -13.2546 4.38359 -3
    endloop
  endfacet
  facet normal 0 0 -1
    outer loop
      vertex -10.9895 -0.479813 -3
      vertex -13.5368 4.07564 -3
      vertex -13.3856 4.22037 -3
    endloop
  endfacet
  facet normal 0 0 -1
    outer loop
      vertex -10.9895 -0.479813 -3
      vertex -13.7056 3.95189 -3
      vertex -13.5368 4.07564 -3
    endloop
  endfacet
  facet normal 0 0 -1
    outer loop
      vertex -10.9895 -0.479813 -3
      vertex -13.889 3.85122 -3
      vertex -13.7056 3.95189 -3
    endloop
  endfacet
  facet normal 0 0 -1
    outer loop
      vertex -10.9895 -0.479813 -3
      vertex -14.0841 3.77537 -3
      vertex -13.889 3.85122 -3
    endloop
  endfacet
  facet normal 0 0 -1
    outer loop
      vertex -10.9895 -0.479813 -3
      vertex -14.2874 3.72562 -3
      vertex -14.0841 3.77537 -3
    endloop
  endfacet
  facet normal 0 0 -1
    outer loop
      vertex -55 -55 -3
      vertex -6.82726 -15.0464 -3
      vertex -6.7514 -15.2414 -3
    endloop
  endfacet
  facet normal 0 0 -1
    outer loop
      vertex -10.9895 -0.479813 -3
      vertex -14.4954 3.70283 -3
      vertex -14.2874 3.72562 -3
    endloop
  endfacet
  facet normal 0 0 -1
    outer loop
      vertex -10.9895 -0.479813 -3
      vertex -14.7047 3.7074 -3
      vertex -14.4954 3.70283 -3
    endloop
  endfacet
  facet normal 0 0 -1
    outer loop
      vertex -10.9895 -0.479813 -3
      vertex -14.9115 3.73924 -3
      vertex -14.7047 3.7074 -3
    endloop
  endfacet
  facet normal 0 0 -1
    outer loop
      vertex -10.8329 -1.91013 -3
      vertex -15.1125 3.7978 -3
      vertex -14.9115 3.73924 -3
    endloop
  endfacet
  facet normal 0 0 -1
    outer loop
      vertex -10.8329 -1.91013 -3
      vertex -15.304 3.88209 -3
      vertex -15.1125 3.7978 -3
    endloop
  endfacet
  facet normal 0 0 -1
    outer loop
      vertex -10.4909 -3.30776 -3
      vertex -15.483 3.99067 -3
      vertex -15.304 3.88209 -3
    endloop
  endfacet
  facet normal 0 0 -1
    outer loop
      vertex -10.4909 -3.30776 -3
      vertex -15.6462 4.12167 -3
      vertex -15.483 3.99067 -3
    endloop
  endfacet
  facet normal 0 0 -1
    outer loop
      vertex -9.96939 -4.6488 -3
      vertex -15.6462 4.12167 -3
      vertex -10.4909 -3.30776 -3
    endloop
  endfacet
  facet normal -0 0 -1
    outer loop
      vertex -6.877 -14.8431 -3
      vertex -55 -55 -3
      vertex -15.7909 4.27285 -3
    endloop
  endfacet
  facet normal -0 0 -1
    outer loop
      vertex -15.7909 4.27285 -3
      vertex -55 -55 -3
      vertex -15.9147 4.44163 -3
    endloop
  endfacet
  facet normal -0 0 -1
    outer loop
      vertex -16.1409 5.02347 -3
      vertex -55 -55 -3
      vertex -16.1637 5.23152 -3
    endloop
  endfacet
  facet normal -0 0 -1
    outer loop
      vertex -16.0912 4.82018 -3
      vertex -55 -55 -3
      vertex -16.1409 5.02347 -3
    endloop
  endfacet
  facet normal -0 0 -1
    outer loop
      vertex -16.0153 4.62512 -3
      vertex -55 -55 -3
      vertex -16.0912 4.82018 -3
    endloop
  endfacet
  facet normal -0 0 -1
    outer loop
      vertex -15.9147 4.44163 -3
      vertex -55 -55 -3
      vertex -16.0153 4.62512 -3
    endloop
  endfacet
  facet normal -0 0 -1
    outer loop
      vertex -6.65074 -15.4249 -3
      vertex -55 -55 -3
      vertex -6.7514 -15.2414 -3
    endloop
  endfacet
  facet normal -0 0 -1
    outer loop
      vertex -6.52698 -15.5937 -3
      vertex -55 -55 -3
      vertex -6.65074 -15.4249 -3
    endloop
  endfacet
  facet normal -0 0 -1
    outer loop
      vertex -6.38226 -15.7449 -3
      vertex -55 -55 -3
      vertex -6.52698 -15.5937 -3
    endloop
  endfacet
  facet normal -0 0 -1
    outer loop
      vertex -6.21903 -15.8759 -3
      vertex -55 -55 -3
      vertex -6.38226 -15.7449 -3
    endloop
  endfacet
  facet normal -0 0 -1
    outer loop
      vertex -6.04011 -15.9845 -3
      vertex -55 -55 -3
      vertex -6.21903 -15.8759 -3
    endloop
  endfacet
  facet normal 0 0 -1
    outer loop
      vertex 16.1409 -5.02347 -3
      vertex 55 55 -3
      vertex 16.1637 -5.23152 -3
    endloop
  endfacet
  facet normal 0 0 -1
    outer loop
      vertex 16.0912 -4.82018 -3
      vertex 55 55 -3
      vertex 16.1409 -5.02347 -3
    endloop
  endfacet
  facet normal 0 0 -1
    outer loop
      vertex 16.0153 -4.62512 -3
      vertex 55 55 -3
      vertex 16.0912 -4.82018 -3
    endloop
  endfacet
  facet normal 0 0 -1
    outer loop
      vertex 15.9147 -4.44163 -3
      vertex 55 55 -3
      vertex 16.0153 -4.62512 -3
    endloop
  endfacet
  facet normal 0 0 -1
    outer loop
      vertex 15.7909 -4.27285 -3
      vertex 55 55 -3
      vertex 15.9147 -4.44163 -3
    endloop
  endfacet
  facet normal 0 0 -1
    outer loop
      vertex 9.96939 4.6488 -3
      vertex 15.7909 -4.27285 -3
      vertex 15.6462 -4.12167 -3
    endloop
  endfacet
  facet normal 0 0 -1
    outer loop
      vertex 10.4909 3.30776 -3
      vertex 15.6462 -4.12167 -3
      vertex 15.483 -3.99067 -3
    endloop
  endfacet
  facet normal 0 0 -1
    outer loop
      vertex 10.4909 3.30776 -3
      vertex 15.483 -3.99067 -3
      vertex 15.304 -3.88209 -3
    endloop
  endfacet
  facet normal 0 0 -1
    outer loop
      vertex 10.8329 1.91013 -3
      vertex 15.304 -3.88209 -3
      vertex 15.1125 -3.7978 -3
    endloop
  endfacet
  facet normal 0 0 -1
    outer loop
      vertex 10.8329 1.91013 -3
      vertex 15.1125 -3.7978 -3
      vertex 14.9115 -3.73924 -3
    endloop
  endfacet
  facet normal 0 0 -1
    outer loop
      vertex 10.9895 0.479813 -3
      vertex 14.9115 -3.73924 -3
      vertex 14.7047 -3.7074 -3
    endloop
  endfacet
  facet normal 0 0 -1
    outer loop
      vertex 10.9895 0.479813 -3
      vertex 14.7047 -3.7074 -3
      vertex 14.4954 -3.70283 -3
    endloop
  endfacet
  facet normal 0 0 -1
    outer loop
      vertex 10.9895 0.479813 -3
      vertex 14.4954 -3.70283 -3
      vertex 14.2874 -3.72562 -3
    endloop
  endfacet
  facet normal 0 0 -1
    outer loop
      vertex 10.9895 0.479813 -3
      vertex 14.2874 -3.72562 -3
      vertex 14.0841 -3.77537 -3
    endloop
  endfacet
  facet normal 0 0 -1
    outer loop
      vertex 10.9895 0.479813 -3
      vertex 14.0841 -3.77537 -3
      vertex 13.889 -3.85122 -3
    endloop
  endfacet
  facet normal 0 0 -1
    outer loop
      vertex 10.9895 0.479813 -3
      vertex 13.889 -3.85122 -3
      vertex 13.7056 -3.95189 -3
    endloop
  endfacet
  facet normal 0 0 -1
    outer loop
      vertex 10.9895 0.479813 -3
      vertex 13.7056 -3.95189 -3
      vertex 13.5368 -4.07564 -3
    endloop
  endfacet
  facet normal 0 0 -1
    outer loop
      vertex 10.9895 0.479813 -3
      vertex 13.5368 -4.07564 -3
      vertex 13.3856 -4.22037 -3
    endloop
  endfacet
  facet normal 0 0 -1
    outer loop
      vertex 10.9895 0.479813 -3
      vertex 13.3856 -4.22037 -3
      vertex 13.2546 -4.38359 -3
    endloop
  endfacet
  facet normal 0 0 -1
    outer loop
      vertex 10.9895 0.479813 -3
      vertex 12.9713 -5.16186 -3
      vertex 12.9668 -5.3711 -3
    endloop
  endfacet
  facet normal 0 0 -1
    outer loop
      vertex 10.9895 0.479813 -3
      vertex 13.0032 -4.95501 -3
      vertex 12.9713 -5.16186 -3
    endloop
  endfacet
  facet normal 0 0 -1
    outer loop
      vertex 10.9895 0.479813 -3
      vertex 13.0617 -4.75408 -3
      vertex 13.0032 -4.95501 -3
    endloop
  endfacet
  facet normal 0 0 -1
    outer loop
      vertex 10.9895 0.479813 -3
      vertex 13.146 -4.56251 -3
      vertex 13.0617 -4.75408 -3
    endloop
  endfacet
  facet normal 0 0 -1
    outer loop
      vertex 10.9895 0.479813 -3
      vertex 13.2546 -4.38359 -3
      vertex 13.146 -4.56251 -3
    endloop
  endfacet
  facet normal 0 0 -1
    outer loop
      vertex 14.9115 -3.73924 -3
      vertex 10.9895 0.479813 -3
      vertex 10.8329 1.91013 -3
    endloop
  endfacet
  facet normal 0 0 -1
    outer loop
      vertex 15.304 -3.88209 -3
      vertex 10.8329 1.91013 -3
      vertex 10.4909 3.30776 -3
    endloop
  endfacet
  facet normal 0 0 -1
    outer loop
      vertex 15.6462 -4.12167 -3
      vertex 10.4909 3.30776 -3
      vertex 9.96939 4.6488 -3
    endloop
  endfacet
  facet normal 0 0 -1
    outer loop
      vertex 15.7909 -4.27285 -3
      vertex 9.96939 4.6488 -3
      vertex 55 55 -3
    endloop
  endfacet
  facet normal 0 0 -1
    outer loop
      vertex 6.89979 14.635 -3
      vertex 9.96939 4.6488 -3
      vertex 9.27731 5.9103 -3
    endloop
  endfacet
  facet normal 0 0 -1
    outer loop
      vertex 6.89522 14.4258 -3
      vertex 9.27731 5.9103 -3
      vertex 8.42649 7.07066 -3
    endloop
  endfacet
  facet normal 0 0 -1
    outer loop
      vertex 6.80482 14.018 -3
      vertex 8.42649 7.07066 -3
      vertex 7.43149 8.11005 -3
    endloop
  endfacet
  facet normal 0 0 -1
    outer loop
      vertex 9.96939 4.6488 -3
      vertex 6.89979 14.635 -3
      vertex 6.877 14.8431 -3
    endloop
  endfacet
  facet normal 0 0 -1
    outer loop
      vertex 9.96939 4.6488 -3
      vertex 6.877 14.8431 -3
      vertex 55 55 -3
    endloop
  endfacet
  facet normal 0 0 -1
    outer loop
      vertex 6.82726 15.0464 -3
      vertex 55 55 -3
      vertex 6.877 14.8431 -3
    endloop
  endfacet
  facet normal 0 0 -1
    outer loop
      vertex 6.7514 15.2414 -3
      vertex 55 55 -3
      vertex 6.82726 15.0464 -3
    endloop
  endfacet
  facet normal 0 0 -1
    outer loop
      vertex 6.65074 15.4249 -3
      vertex 55 55 -3
      vertex 6.7514 15.2414 -3
    endloop
  endfacet
  facet normal 0 0 -1
    outer loop
      vertex 6.52698 15.5937 -3
      vertex 55 55 -3
      vertex 6.65074 15.4249 -3
    endloop
  endfacet
  facet normal 0 0 -1
    outer loop
      vertex 6.38226 15.7449 -3
      vertex 55 55 -3
      vertex 6.52698 15.5937 -3
    endloop
  endfacet
  facet normal 0 0 -1
    outer loop
      vertex 6.21903 15.8759 -3
      vertex 55 55 -3
      vertex 6.38226 15.7449 -3
    endloop
  endfacet
  facet normal 0 0 -1
    outer loop
      vertex 6.04011 15.9845 -3
      vertex 55 55 -3
      vertex 6.21903 15.8759 -3
    endloop
  endfacet
  facet normal 0 0 -1
    outer loop
      vertex 5.84854 16.0687 -3
      vertex 55 55 -3
      vertex 6.04011 15.9845 -3
    endloop
  endfacet
  facet normal 0 0 -1
    outer loop
      vertex 5.64761 16.1273 -3
      vertex 55 55 -3
      vertex 5.84854 16.0687 -3
    endloop
  endfacet
  facet normal 0 0 -1
    outer loop
      vertex 5.44076 16.1591 -3
      vertex 55 55 -3
      vertex 5.64761 16.1273 -3
    endloop
  endfacet
  facet normal 0 0 -1
    outer loop
      vertex 5.23152 16.1637 -3
      vertex 55 55 -3
      vertex 5.44076 16.1591 -3
    endloop
  endfacet
  facet normal 0 0 -1
    outer loop
      vertex -55 55 -3
      vertex 5.23152 16.1637 -3
      vertex 5.02347 16.1409 -3
    endloop
  endfacet
  facet normal 0 0 -1
    outer loop
      vertex -55 55 -3
      vertex 5.02347 16.1409 -3
      vertex 4.82018 16.0912 -3
    endloop
  endfacet
  facet normal 0 0 -1
    outer loop
      vertex -55 55 -3
      vertex 4.82018 16.0912 -3
      vertex 4.62512 16.0153 -3
    endloop
  endfacet
  facet normal 0 0 -1
    outer loop
      vertex -55 55 -3
      vertex 4.62512 16.0153 -3
      vertex 4.44163 15.9147 -3
    endloop
  endfacet
  facet normal 0 0 -1
    outer loop
      vertex -55 55 -3
      vertex 4.44163 15.9147 -3
      vertex 4.27285 15.7909 -3
    endloop
  endfacet
  facet normal -0 0 -1
    outer loop
      vertex 3.72562 14.2874 -3
      vertex 0.958714 10.9581 -3
      vertex 3.70283 14.4954 -3
    endloop
  endfacet
  facet normal 0 0 -1
    outer loop
      vertex -0.479813 10.9895 -3
      vertex 3.70283 14.4954 -3
      vertex 0.958714 10.9581 -3
    endloop
  endfacet
  facet normal -0 0 -1
    outer loop
      vertex 3.70283 14.4954 -3
      vertex -0.479813 10.9895 -3
      vertex 3.7074 14.7047 -3
    endloop
  endfacet
  facet normal -0 0 -1
    outer loop
      vertex 3.7074 14.7047 -3
      vertex -0.479813 10.9895 -3
      vertex 3.73924 14.9115 -3
    endloop
  endfacet
  facet normal -0 0 -1
    outer loop
      vertex 3.73924 14.9115 -3
      vertex -0.479813 10.9895 -3
      vertex 3.7978 15.1125 -3
    endloop
  endfacet
  facet normal 0 0 -1
    outer loop
      vertex -1.91013 10.8329 -3
      vertex 3.7978 15.1125 -3
      vertex -0.479813 10.9895 -3
    endloop
  endfacet
  facet normal -0 0 -1
    outer loop
      vertex 3.7978 15.1125 -3
      vertex -1.91013 10.8329 -3
      vertex 3.88209 15.304 -3
    endloop
  endfacet
  facet normal -0 0 -1
    outer loop
      vertex 3.88209 15.304 -3
      vertex -1.91013 10.8329 -3
      vertex 3.99067 15.483 -3
    endloop
  endfacet
  facet normal 0 0 -1
    outer loop
      vertex -3.30776 10.4909 -3
      vertex 3.99067 15.483 -3
      vertex -1.91013 10.8329 -3
    endloop
  endfacet
  facet normal -0 0 -1
    outer loop
      vertex 3.99067 15.483 -3
      vertex -3.30776 10.4909 -3
      vertex 4.12167 15.6462 -3
    endloop
  endfacet
  facet normal 0 0 -1
    outer loop
      vertex -4.6488 9.96939 -3
      vertex 4.12167 15.6462 -3
      vertex -3.30776 10.4909 -3
    endloop
  endfacet
  facet normal -0 0 -1
    outer loop
      vertex 4.12167 15.6462 -3
      vertex -4.6488 9.96939 -3
      vertex 4.27285 15.7909 -3
    endloop
  endfacet
  facet normal -0 0 -1
    outer loop
      vertex 4.27285 15.7909 -3
      vertex -4.6488 9.96939 -3
      vertex -55 55 -3
    endloop
  endfacet
  facet normal 0 0 -1
    outer loop
      vertex -14.635 6.89979 -3
      vertex -4.6488 9.96939 -3
      vertex -5.9103 9.27731 -3
    endloop
  endfacet
  facet normal 0 0 -1
    outer loop
      vertex -14.4258 6.89522 -3
      vertex -5.9103 9.27731 -3
      vertex -7.07066 8.42649 -3
    endloop
  endfacet
  facet normal 0 0 -1
    outer loop
      vertex -12.9668 5.3711 -3
      vertex -10.9581 0.958714 -3
      vertex -10.9895 -0.479813 -3
    endloop
  endfacet
  facet normal 0 0 -1
    outer loop
      vertex -12.9668 5.3711 -3
      vertex -10.7393 2.38084 -3
      vertex -10.9581 0.958714 -3
    endloop
  endfacet
  facet normal 0 0 -1
    outer loop
      vertex -12.9668 5.3711 -3
      vertex -10.3366 3.76222 -3
      vertex -10.7393 2.38084 -3
    endloop
  endfacet
  facet normal 0 0 -1
    outer loop
      vertex -12.9668 5.3711 -3
      vertex -9.75712 5.07923 -3
      vertex -10.3366 3.76222 -3
    endloop
  endfacet
  facet normal 0 0 -1
    outer loop
      vertex -12.9895 5.57915 -3
      vertex -9.75712 5.07923 -3
      vertex -12.9668 5.3711 -3
    endloop
  endfacet
  facet normal 0 0 -1
    outer loop
      vertex -13.0393 5.78244 -3
      vertex -9.75712 5.07923 -3
      vertex -12.9895 5.57915 -3
    endloop
  endfacet
  facet normal 0 0 -1
    outer loop
      vertex -13.1151 5.9775 -3
      vertex -9.75712 5.07923 -3
      vertex -13.0393 5.78244 -3
    endloop
  endfacet
  facet normal 0 0 -1
    outer loop
      vertex -9.75712 5.07923 -3
      vertex -13.1151 5.9775 -3
      vertex -9.01067 6.30934 -3
    endloop
  endfacet
  facet normal 0 0 -1
    outer loop
      vertex -13.2158 6.16099 -3
      vertex -9.01067 6.30934 -3
      vertex -13.1151 5.9775 -3
    endloop
  endfacet
  facet normal 0 0 -1
    outer loop
      vertex -13.3396 6.32977 -3
      vertex -9.01067 6.30934 -3
      vertex -13.2158 6.16099 -3
    endloop
  endfacet
  facet normal 0 0 -1
    outer loop
      vertex -13.4843 6.48096 -3
      vertex -9.01067 6.30934 -3
      vertex -13.3396 6.32977 -3
    endloop
  endfacet
  facet normal 0 0 -1
    outer loop
      vertex -9.01067 6.30934 -3
      vertex -13.4843 6.48096 -3
      vertex -8.11005 7.43149 -3
    endloop
  endfacet
  facet normal 0 0 -1
    outer loop
      vertex -13.6475 6.61196 -3
      vertex -8.11005 7.43149 -3
      vertex -13.4843 6.48096 -3
    endloop
  endfacet
  facet normal 0 0 -1
    outer loop
      vertex -13.8264 6.72053 -3
      vertex -8.11005 7.43149 -3
      vertex -13.6475 6.61196 -3
    endloop
  endfacet
  facet normal -0 0 -1
    outer loop
      vertex -8.11005 7.43149 -3
      vertex -13.8264 6.72053 -3
      vertex -7.07066 8.42649 -3
    endloop
  endfacet
  facet normal 0 0 -1
    outer loop
      vertex -14.018 6.80482 -3
      vertex -7.07066 8.42649 -3
      vertex -13.8264 6.72053 -3
    endloop
  endfacet
  facet normal 0 0 -1
    outer loop
      vertex -14.2189 6.86339 -3
      vertex -7.07066 8.42649 -3
      vertex -14.018 6.80482 -3
    endloop
  endfacet
  facet normal 0 0 -1
    outer loop
      vertex -14.4258 6.89522 -3
      vertex -7.07066 8.42649 -3
      vertex -14.2189 6.86339 -3
    endloop
  endfacet
  facet normal 0 0 -1
    outer loop
      vertex -5.9103 9.27731 -3
      vertex -14.4258 6.89522 -3
      vertex -14.635 6.89979 -3
    endloop
  endfacet
  facet normal 0 0 -1
    outer loop
      vertex -4.6488 9.96939 -3
      vertex -14.635 6.89979 -3
      vertex -14.8431 6.877 -3
    endloop
  endfacet
  facet normal -0 0 -1
    outer loop
      vertex -4.6488 9.96939 -3
      vertex -14.8431 6.877 -3
      vertex -55 55 -3
    endloop
  endfacet
  facet normal 0 0 -1
    outer loop
      vertex -55 55 -3
      vertex -14.8431 6.877 -3
      vertex -15.0464 6.82726 -3
    endloop
  endfacet
  facet normal 0 0 -1
    outer loop
      vertex -55 55 -3
      vertex -15.0464 6.82726 -3
      vertex -15.2414 6.7514 -3
    endloop
  endfacet
  facet normal 0 0 -1
    outer loop
      vertex -55 55 -3
      vertex -15.2414 6.7514 -3
      vertex -15.4249 6.65074 -3
    endloop
  endfacet
  facet normal 0 0 -1
    outer loop
      vertex -55 55 -3
      vertex -16.1637 5.23152 -3
      vertex -55 -55 -3
    endloop
  endfacet
  facet normal 0 0 -1
    outer loop
      vertex -16.1637 5.23152 -3
      vertex -55 55 -3
      vertex -16.1591 5.44076 -3
    endloop
  endfacet
  facet normal 0 0 -1
    outer loop
      vertex -16.1591 5.44076 -3
      vertex -55 55 -3
      vertex -16.1273 5.64761 -3
    endloop
  endfacet
  facet normal 0 0 -1
    outer loop
      vertex -16.1273 5.64761 -3
      vertex -55 55 -3
      vertex -16.0687 5.84854 -3
    endloop
  endfacet
  facet normal 0 0 -1
    outer loop
      vertex -16.0687 5.84854 -3
      vertex -55 55 -3
      vertex -15.9845 6.04011 -3
    endloop
  endfacet
  facet normal 0 0 -1
    outer loop
      vertex 5.23152 16.1637 -3
      vertex -55 55 -3
      vertex 55 55 -3
    endloop
  endfacet
  facet normal 0 0 -1
    outer loop
      vertex -15.5937 6.52698 -3
      vertex -55 55 -3
      vertex -15.4249 6.65074 -3
    endloop
  endfacet
  facet normal 0 0 -1
    outer loop
      vertex -15.7449 6.38226 -3
      vertex -55 55 -3
      vertex -15.5937 6.52698 -3
    endloop
  endfacet
  facet normal 0 0 -1
    outer loop
      vertex -15.8759 6.21903 -3
      vertex -55 55 -3
      vertex -15.7449 6.38226 -3
    endloop
  endfacet
  facet normal 0 0 -1
    outer loop
      vertex -15.9845 6.04011 -3
      vertex -55 55 -3
      vertex -15.8759 6.21903 -3
    endloop
  endfacet
  facet normal -0 0 1
    outer loop
      vertex 2.49762 0.109049 -3
      vertex 4 0 -3
      vertex 3.96578 0.522104 -3
    endloop
  endfacet
  facet normal 0 0 1
    outer loop
      vertex 2.46202 0.434121 -3
      vertex 3.96578 0.522104 -3
      vertex 3.8637 1.03528 -3
    endloop
  endfacet
  facet normal 0 0 1
    outer loop
      vertex 2.49049 -0.21789 -3
      vertex 4 0 -3
      vertex 2.49762 0.109049 -3
    endloop
  endfacet
  facet normal 0 0 1
    outer loop
      vertex 2.38429 0.751765 -3
      vertex 3.8637 1.03528 -3
      vertex 3.69552 1.53073 -3
    endloop
  endfacet
  facet normal 0 0 1
    outer loop
      vertex 4 0 -3
      vertex 2.49049 -0.21789 -3
      vertex 3.96578 -0.522104 -3
    endloop
  endfacet
  facet normal 0 0 1
    outer loop
      vertex 2.26577 1.05655 -3
      vertex 3.69552 1.53073 -3
      vertex 3.4641 2 -3
    endloop
  endfacet
  facet normal 0 0 1
    outer loop
      vertex 2.44074 -0.541099 -3
      vertex 3.96578 -0.522104 -3
      vertex 2.49049 -0.21789 -3
    endloop
  endfacet
  facet normal 0 0 1
    outer loop
      vertex 2.10848 1.34325 -3
      vertex 3.4641 2 -3
      vertex 3.17341 2.43505 -3
    endloop
  endfacet
  facet normal 0 0 1
    outer loop
      vertex 3.96578 -0.522104 -3
      vertex 2.44074 -0.541099 -3
      vertex 3.8637 -1.03528 -3
    endloop
  endfacet
  facet normal 0 0 1
    outer loop
      vertex 1.91511 1.60697 -3
      vertex 3.17341 2.43505 -3
      vertex 2.82843 2.82843 -3
    endloop
  endfacet
  facet normal -0 0 1
    outer loop
      vertex 2.34923 -0.85505 -3
      vertex 3.8637 -1.03528 -3
      vertex 2.44074 -0.541099 -3
    endloop
  endfacet
  facet normal 0 0 1
    outer loop
      vertex 3.8637 -1.03528 -3
      vertex 2.34923 -0.85505 -3
      vertex 3.69552 -1.53073 -3
    endloop
  endfacet
  facet normal 0 0 1
    outer loop
      vertex 3.96578 0.522104 -3
      vertex 2.46202 0.434121 -3
      vertex 2.49762 0.109049 -3
    endloop
  endfacet
  facet normal 0 0 1
    outer loop
      vertex 1.68898 1.84319 -3
      vertex 2.82843 2.82843 -3
      vertex 2.43505 3.17341 -3
    endloop
  endfacet
  facet normal 0 0 1
    outer loop
      vertex 3.8637 1.03528 -3
      vertex 2.38429 0.751765 -3
      vertex 2.46202 0.434121 -3
    endloop
  endfacet
  facet normal 0 0 1
    outer loop
      vertex 3.69552 1.53073 -3
      vertex 2.26577 1.05655 -3
      vertex 2.38429 0.751765 -3
    endloop
  endfacet
  facet normal 0 0 1
    outer loop
      vertex 3.4641 2 -3
      vertex 2.10848 1.34325 -3
      vertex 2.26577 1.05655 -3
    endloop
  endfacet
  facet normal 0 0 1
    outer loop
      vertex 1.43394 2.04788 -3
      vertex 2.43505 3.17341 -3
      vertex 2 3.4641 -3
    endloop
  endfacet
  facet normal 0 0 1
    outer loop
      vertex 3.17341 2.43505 -3
      vertex 1.91511 1.60697 -3
      vertex 2.10848 1.34325 -3
    endloop
  endfacet
  facet normal 0 0 1
    outer loop
      vertex 2.82843 2.82843 -3
      vertex 1.68898 1.84319 -3
      vertex 1.91511 1.60697 -3
    endloop
  endfacet
  facet normal 0 0 1
    outer loop
      vertex 1.15437 2.21753 -3
      vertex 2 3.4641 -3
      vertex 1.53073 3.69552 -3
    endloop
  endfacet
  facet normal 0 0 1
    outer loop
      vertex 2.43505 3.17341 -3
      vertex 1.43394 2.04788 -3
      vertex 1.68898 1.84319 -3
    endloop
  endfacet
  facet normal 0 0 1
    outer loop
      vertex 2 3.4641 -3
      vertex 1.15437 2.21753 -3
      vertex 1.43394 2.04788 -3
    endloop
  endfacet
  facet normal 0 0 1
    outer loop
      vertex 0.85505 2.34923 -3
      vertex 1.53073 3.69552 -3
      vertex 1.03528 3.8637 -3
    endloop
  endfacet
  facet normal 0 0 1
    outer loop
      vertex 1.53073 3.69552 -3
      vertex 0.85505 2.34923 -3
      vertex 1.15437 2.21753 -3
    endloop
  endfacet
  facet normal 0 0 1
    outer loop
      vertex 1.03528 3.8637 -3
      vertex 0.541099 2.44074 -3
      vertex 0.85505 2.34923 -3
    endloop
  endfacet
  facet normal 0 0 1
    outer loop
      vertex 0.522104 3.96578 -3
      vertex 0.541099 2.44074 -3
      vertex 1.03528 3.8637 -3
    endloop
  endfacet
  facet normal 0 0 1
    outer loop
      vertex 0.522104 3.96578 -3
      vertex 0.21789 2.49049 -3
      vertex 0.541099 2.44074 -3
    endloop
  endfacet
  facet normal 0 0 1
    outer loop
      vertex 0 4 -3
      vertex 0.21789 2.49049 -3
      vertex 0.522104 3.96578 -3
    endloop
  endfacet
  facet normal 0 0 1
    outer loop
      vertex 0 4 -3
      vertex -0.109049 2.49762 -3
      vertex 0.21789 2.49049 -3
    endloop
  endfacet
  facet normal -0 0 1
    outer loop
      vertex -0.522104 3.96578 -3
      vertex -0.109049 2.49762 -3
      vertex 0 4 -3
    endloop
  endfacet
  facet normal 0 0 1
    outer loop
      vertex -0.109049 2.49762 -3
      vertex -0.522104 3.96578 -3
      vertex -0.434121 2.46202 -3
    endloop
  endfacet
  facet normal -0 0 1
    outer loop
      vertex -1.03528 3.8637 -3
      vertex -0.434121 2.46202 -3
      vertex -0.522104 3.96578 -3
    endloop
  endfacet
  facet normal 0 0 1
    outer loop
      vertex -0.434121 2.46202 -3
      vertex -1.03528 3.8637 -3
      vertex -0.751765 2.38429 -3
    endloop
  endfacet
  facet normal -0 0 1
    outer loop
      vertex -1.53073 3.69552 -3
      vertex -0.751765 2.38429 -3
      vertex -1.03528 3.8637 -3
    endloop
  endfacet
  facet normal 0 0 1
    outer loop
      vertex -0.751765 2.38429 -3
      vertex -1.53073 3.69552 -3
      vertex -1.05655 2.26577 -3
    endloop
  endfacet
  facet normal -0 0 1
    outer loop
      vertex -2 3.4641 -3
      vertex -1.05655 2.26577 -3
      vertex -1.53073 3.69552 -3
    endloop
  endfacet
  facet normal 0 0 1
    outer loop
      vertex -1.05655 2.26577 -3
      vertex -2 3.4641 -3
      vertex -1.34325 2.10848 -3
    endloop
  endfacet
  facet normal -0 0 1
    outer loop
      vertex -2.43505 3.17341 -3
      vertex -1.34325 2.10848 -3
      vertex -2 3.4641 -3
    endloop
  endfacet
  facet normal 0 0 1
    outer loop
      vertex -1.34325 2.10848 -3
      vertex -2.43505 3.17341 -3
      vertex -1.60697 1.91511 -3
    endloop
  endfacet
  facet normal -0 0 1
    outer loop
      vertex -2.82843 2.82843 -3
      vertex -1.60697 1.91511 -3
      vertex -2.43505 3.17341 -3
    endloop
  endfacet
  facet normal 0 0 1
    outer loop
      vertex -1.60697 1.91511 -3
      vertex -2.82843 2.82843 -3
      vertex -1.84319 1.68898 -3
    endloop
  endfacet
  facet normal -0 0 1
    outer loop
      vertex -3.17341 2.43505 -3
      vertex -1.84319 1.68898 -3
      vertex -2.82843 2.82843 -3
    endloop
  endfacet
  facet normal 0 0 1
    outer loop
      vertex -1.84319 1.68898 -3
      vertex -3.17341 2.43505 -3
      vertex -2.04788 1.43394 -3
    endloop
  endfacet
  facet normal -0 0 1
    outer loop
      vertex -3.4641 2 -3
      vertex -2.04788 1.43394 -3
      vertex -3.17341 2.43505 -3
    endloop
  endfacet
  facet normal 0 0 1
    outer loop
      vertex -2.04788 1.43394 -3
      vertex -3.4641 2 -3
      vertex -2.21753 1.15437 -3
    endloop
  endfacet
  facet normal -0 0 1
    outer loop
      vertex -3.69552 1.53073 -3
      vertex -2.21753 1.15437 -3
      vertex -3.4641 2 -3
    endloop
  endfacet
  facet normal 0 0 1
    outer loop
      vertex -2.21753 1.15437 -3
      vertex -3.69552 1.53073 -3
      vertex -2.34923 0.85505 -3
    endloop
  endfacet
  facet normal -0 0 1
    outer loop
      vertex 2.21753 -1.15437 -3
      vertex 3.69552 -1.53073 -3
      vertex 2.34923 -0.85505 -3
    endloop
  endfacet
  facet normal 0 0 1
    outer loop
      vertex 3.69552 -1.53073 -3
      vertex 2.21753 -1.15437 -3
      vertex 3.4641 -2 -3
    endloop
  endfacet
  facet normal -0 0 1
    outer loop
      vertex 2.04788 -1.43394 -3
      vertex 3.4641 -2 -3
      vertex 2.21753 -1.15437 -3
    endloop
  endfacet
  facet normal 0 0 1
    outer loop
      vertex 3.4641 -2 -3
      vertex 2.04788 -1.43394 -3
      vertex 3.17341 -2.43505 -3
    endloop
  endfacet
  facet normal -0 0 1
    outer loop
      vertex 1.84319 -1.68898 -3
      vertex 3.17341 -2.43505 -3
      vertex 2.04788 -1.43394 -3
    endloop
  endfacet
  facet normal 0 0 1
    outer loop
      vertex 3.17341 -2.43505 -3
      vertex 1.84319 -1.68898 -3
      vertex 2.82843 -2.82843 -3
    endloop
  endfacet
  facet normal -0 0 1
    outer loop
      vertex 1.60697 -1.91511 -3
      vertex 2.82843 -2.82843 -3
      vertex 1.84319 -1.68898 -3
    endloop
  endfacet
  facet normal 0 0 1
    outer loop
      vertex 2.82843 -2.82843 -3
      vertex 1.60697 -1.91511 -3
      vertex 2.43505 -3.17341 -3
    endloop
  endfacet
  facet normal -0 0 1
    outer loop
      vertex 1.34325 -2.10848 -3
      vertex 2.43505 -3.17341 -3
      vertex 1.60697 -1.91511 -3
    endloop
  endfacet
  facet normal 0 0 1
    outer loop
      vertex 2.43505 -3.17341 -3
      vertex 1.34325 -2.10848 -3
      vertex 2 -3.4641 -3
    endloop
  endfacet
  facet normal -0 0 1
    outer loop
      vertex 1.05655 -2.26577 -3
      vertex 2 -3.4641 -3
      vertex 1.34325 -2.10848 -3
    endloop
  endfacet
  facet normal 0 0 1
    outer loop
      vertex 2 -3.4641 -3
      vertex 1.05655 -2.26577 -3
      vertex 1.53073 -3.69552 -3
    endloop
  endfacet
  facet normal -0 0 1
    outer loop
      vertex 0.751765 -2.38429 -3
      vertex 1.53073 -3.69552 -3
      vertex 1.05655 -2.26577 -3
    endloop
  endfacet
  facet normal 0 0 1
    outer loop
      vertex 1.53073 -3.69552 -3
      vertex 0.751765 -2.38429 -3
      vertex 1.03528 -3.8637 -3
    endloop
  endfacet
  facet normal -0 0 1
    outer loop
      vertex 0.434121 -2.46202 -3
      vertex 1.03528 -3.8637 -3
      vertex 0.751765 -2.38429 -3
    endloop
  endfacet
  facet normal 0 0 1
    outer loop
      vertex 1.03528 -3.8637 -3
      vertex 0.434121 -2.46202 -3
      vertex 0.522104 -3.96578 -3
    endloop
  endfacet
  facet normal -0 0 1
    outer loop
      vertex 0.109049 -2.49762 -3
      vertex 0.522104 -3.96578 -3
      vertex 0.434121 -2.46202 -3
    endloop
  endfacet
  facet normal 0 0 1
    outer loop
      vertex 0.109049 -2.49762 -3
      vertex 0 -4 -3
      vertex 0.522104 -3.96578 -3
    endloop
  endfacet
  facet normal 0 0 1
    outer loop
      vertex -0.21789 -2.49049 -3
      vertex 0 -4 -3
      vertex 0.109049 -2.49762 -3
    endloop
  endfacet
  facet normal 0 0 1
    outer loop
      vertex -0.21789 -2.49049 -3
      vertex -0.522104 -3.96578 -3
      vertex 0 -4 -3
    endloop
  endfacet
  facet normal 0 0 1
    outer loop
      vertex -0.541099 -2.44074 -3
      vertex -0.522104 -3.96578 -3
      vertex -0.21789 -2.49049 -3
    endloop
  endfacet
  facet normal 0 0 1
    outer loop
      vertex -1.03528 -3.8637 -3
      vertex -0.541099 -2.44074 -3
      vertex -0.85505 -2.34923 -3
    endloop
  endfacet
  facet normal 0 0 1
    outer loop
      vertex -0.541099 -2.44074 -3
      vertex -1.03528 -3.8637 -3
      vertex -0.522104 -3.96578 -3
    endloop
  endfacet
  facet normal 0 0 1
    outer loop
      vertex -1.53073 -3.69552 -3
      vertex -0.85505 -2.34923 -3
      vertex -1.15437 -2.21753 -3
    endloop
  endfacet
  facet normal 0 0 1
    outer loop
      vertex -2 -3.4641 -3
      vertex -1.15437 -2.21753 -3
      vertex -1.43394 -2.04788 -3
    endloop
  endfacet
  facet normal 0 0 1
    outer loop
      vertex -0.85505 -2.34923 -3
      vertex -1.53073 -3.69552 -3
      vertex -1.03528 -3.8637 -3
    endloop
  endfacet
  facet normal 0 0 1
    outer loop
      vertex -2.43505 -3.17341 -3
      vertex -1.43394 -2.04788 -3
      vertex -1.68898 -1.84319 -3
    endloop
  endfacet
  facet normal 0 0 1
    outer loop
      vertex -2.82843 -2.82843 -3
      vertex -1.68898 -1.84319 -3
      vertex -1.91511 -1.60697 -3
    endloop
  endfacet
  facet normal 0 0 1
    outer loop
      vertex -1.15437 -2.21753 -3
      vertex -2 -3.4641 -3
      vertex -1.53073 -3.69552 -3
    endloop
  endfacet
  facet normal 0 0 1
    outer loop
      vertex -3.17341 -2.43505 -3
      vertex -1.91511 -1.60697 -3
      vertex -2.10848 -1.34325 -3
    endloop
  endfacet
  facet normal 0 0 1
    outer loop
      vertex -3.4641 -2 -3
      vertex -2.10848 -1.34325 -3
      vertex -2.26577 -1.05655 -3
    endloop
  endfacet
  facet normal 0 0 1
    outer loop
      vertex -3.69552 -1.53073 -3
      vertex -2.26577 -1.05655 -3
      vertex -2.38429 -0.751765 -3
    endloop
  endfacet
  facet normal 0 0 1
    outer loop
      vertex -1.43394 -2.04788 -3
      vertex -2.43505 -3.17341 -3
      vertex -2 -3.4641 -3
    endloop
  endfacet
  facet normal 0 0 1
    outer loop
      vertex -3.8637 -1.03528 -3
      vertex -2.38429 -0.751765 -3
      vertex -2.46202 -0.434121 -3
    endloop
  endfacet
  facet normal 0 0 1
    outer loop
      vertex -3.96578 -0.522104 -3
      vertex -2.46202 -0.434121 -3
      vertex -2.49762 -0.109049 -3
    endloop
  endfacet
  facet normal -0 0 1
    outer loop
      vertex -3.8637 1.03528 -3
      vertex -2.34923 0.85505 -3
      vertex -3.69552 1.53073 -3
    endloop
  endfacet
  facet normal 0 0 1
    outer loop
      vertex -1.68898 -1.84319 -3
      vertex -2.82843 -2.82843 -3
      vertex -2.43505 -3.17341 -3
    endloop
  endfacet
  facet normal 0 0 1
    outer loop
      vertex -2.34923 0.85505 -3
      vertex -3.8637 1.03528 -3
      vertex -2.44074 0.541099 -3
    endloop
  endfacet
  facet normal 0 0 1
    outer loop
      vertex -1.91511 -1.60697 -3
      vertex -3.17341 -2.43505 -3
      vertex -2.82843 -2.82843 -3
    endloop
  endfacet
  facet normal 0 0 1
    outer loop
      vertex -3.96578 0.522104 -3
      vertex -2.44074 0.541099 -3
      vertex -3.8637 1.03528 -3
    endloop
  endfacet
  facet normal 0 0 1
    outer loop
      vertex -2.10848 -1.34325 -3
      vertex -3.4641 -2 -3
      vertex -3.17341 -2.43505 -3
    endloop
  endfacet
  facet normal 0 0 1
    outer loop
      vertex -2.44074 0.541099 -3
      vertex -3.96578 0.522104 -3
      vertex -2.49049 0.21789 -3
    endloop
  endfacet
  facet normal 0 0 1
    outer loop
      vertex -2.26577 -1.05655 -3
      vertex -3.69552 -1.53073 -3
      vertex -3.4641 -2 -3
    endloop
  endfacet
  facet normal 0 0 1
    outer loop
      vertex -4 0 -3
      vertex -2.49049 0.21789 -3
      vertex -3.96578 0.522104 -3
    endloop
  endfacet
  facet normal 0 0 1
    outer loop
      vertex -2.38429 -0.751765 -3
      vertex -3.8637 -1.03528 -3
      vertex -3.69552 -1.53073 -3
    endloop
  endfacet
  facet normal 0 0 1
    outer loop
      vertex -2.49049 0.21789 -3
      vertex -4 0 -3
      vertex -2.49762 -0.109049 -3
    endloop
  endfacet
  facet normal 0 0 1
    outer loop
      vertex -2.46202 -0.434121 -3
      vertex -3.96578 -0.522104 -3
      vertex -3.8637 -1.03528 -3
    endloop
  endfacet
  facet normal 0 0 1
    outer loop
      vertex -2.49762 -0.109049 -3
      vertex -4 0 -3
      vertex -3.96578 -0.522104 -3
    endloop
  endfacet
  facet normal -1 0 0
    outer loop
      vertex -55 -55 -3
      vertex -55 55 0
      vertex -55 55 -3
    endloop
  endfacet
  facet normal -1 -0 0
    outer loop
      vertex -55 55 0
      vertex -55 -55 -3
      vertex -55 -55 0
    endloop
  endfacet
  facet normal 0 1 -0
    outer loop
      vertex 55 55 -3
      vertex -55 55 0
      vertex 55 55 0
    endloop
  endfacet
  facet normal 0 1 0
    outer loop
      vertex -55 55 0
      vertex 55 55 -3
      vertex -55 55 -3
    endloop
  endfacet
  facet normal 0 -1 0
    outer loop
      vertex -55 -55 -3
      vertex 55 -55 0
      vertex -55 -55 0
    endloop
  endfacet
  facet normal 0 -1 -0
    outer loop
      vertex 55 -55 0
      vertex -55 -55 -3
      vertex 55 -55 -3
    endloop
  endfacet
  facet normal -0.321435 -0.946932 0
    outer loop
      vertex 1.03528 3.8637 -3
      vertex 1.53073 3.69552 0
      vertex 1.03528 3.8637 0
    endloop
  endfacet
  facet normal -0.321435 -0.946932 -0
    outer loop
      vertex 1.53073 3.69552 0
      vertex 1.03528 3.8637 -3
      vertex 1.53073 3.69552 -3
    endloop
  endfacet
  facet normal -0.980784 -0.195096 0
    outer loop
      vertex 3.96578 0.522104 -3
      vertex 3.8637 1.03528 0
      vertex 3.8637 1.03528 -3
    endloop
  endfacet
  facet normal -0.980784 -0.195096 0
    outer loop
      vertex 3.8637 1.03528 0
      vertex 3.96578 0.522104 -3
      vertex 3.96578 0.522104 0
    endloop
  endfacet
  facet normal -0.997859 -0.0654022 0
    outer loop
      vertex 4 0 -3
      vertex 3.96578 0.522104 0
      vertex 3.96578 0.522104 -3
    endloop
  endfacet
  facet normal -0.997859 -0.0654022 0
    outer loop
      vertex 3.96578 0.522104 0
      vertex 4 0 -3
      vertex 4 0 0
    endloop
  endfacet
  facet normal -0.946932 -0.321435 0
    outer loop
      vertex 3.8637 1.03528 -3
      vertex 3.69552 1.53073 0
      vertex 3.69552 1.53073 -3
    endloop
  endfacet
  facet normal -0.946932 -0.321435 0
    outer loop
      vertex 3.69552 1.53073 0
      vertex 3.8637 1.03528 -3
      vertex 3.8637 1.03528 0
    endloop
  endfacet
  facet normal -0.442291 -0.896871 0
    outer loop
      vertex 1.53073 3.69552 -3
      vertex 2 3.4641 0
      vertex 1.53073 3.69552 0
    endloop
  endfacet
  facet normal -0.442291 -0.896871 -0
    outer loop
      vertex 2 3.4641 0
      vertex 1.53073 3.69552 -3
      vertex 2 3.4641 -3
    endloop
  endfacet
  facet normal 0.997859 0.0654022 0
    outer loop
      vertex -3.96578 -0.522104 0
      vertex -4 0 -3
      vertex -4 0 0
    endloop
  endfacet
  facet normal 0.997859 0.0654022 0
    outer loop
      vertex -4 0 -3
      vertex -3.96578 -0.522104 0
      vertex -3.96578 -0.522104 -3
    endloop
  endfacet
  facet normal -0.896871 -0.442291 0
    outer loop
      vertex 3.69552 1.53073 -3
      vertex 3.4641 2 0
      vertex 3.4641 2 -3
    endloop
  endfacet
  facet normal -0.896871 -0.442291 0
    outer loop
      vertex 3.4641 2 0
      vertex 3.69552 1.53073 -3
      vertex 3.69552 1.53073 0
    endloop
  endfacet
  facet normal -0.831471 -0.555569 0
    outer loop
      vertex 3.4641 2 -3
      vertex 3.17341 2.43505 0
      vertex 3.17341 2.43505 -3
    endloop
  endfacet
  facet normal -0.831471 -0.555569 0
    outer loop
      vertex 3.17341 2.43505 0
      vertex 3.4641 2 -3
      vertex 3.4641 2 0
    endloop
  endfacet
  facet normal 0.65934 -0.751845 0
    outer loop
      vertex -2.82843 2.82843 -3
      vertex -2.43505 3.17341 0
      vertex -2.82843 2.82843 0
    endloop
  endfacet
  facet normal 0.65934 -0.751845 0
    outer loop
      vertex -2.43505 3.17341 0
      vertex -2.82843 2.82843 -3
      vertex -2.43505 3.17341 -3
    endloop
  endfacet
  facet normal -0.751845 -0.65934 0
    outer loop
      vertex 3.17341 2.43505 -3
      vertex 2.82843 2.82843 0
      vertex 2.82843 2.82843 -3
    endloop
  endfacet
  facet normal -0.751845 -0.65934 0
    outer loop
      vertex 2.82843 2.82843 0
      vertex 3.17341 2.43505 -3
      vertex 3.17341 2.43505 0
    endloop
  endfacet
  facet normal 0.980784 -0.195096 0
    outer loop
      vertex -3.96578 0.522104 0
      vertex -3.8637 1.03528 -3
      vertex -3.8637 1.03528 0
    endloop
  endfacet
  facet normal 0.980784 -0.195096 0
    outer loop
      vertex -3.8637 1.03528 -3
      vertex -3.96578 0.522104 0
      vertex -3.96578 0.522104 -3
    endloop
  endfacet
  facet normal 0.555569 0.831471 -0
    outer loop
      vertex -2 -3.4641 -3
      vertex -2.43505 -3.17341 0
      vertex -2 -3.4641 0
    endloop
  endfacet
  facet normal 0.555569 0.831471 0
    outer loop
      vertex -2.43505 -3.17341 0
      vertex -2 -3.4641 -3
      vertex -2.43505 -3.17341 -3
    endloop
  endfacet
  facet normal 0.997859 -0.0654022 0
    outer loop
      vertex -4 0 0
      vertex -3.96578 0.522104 -3
      vertex -3.96578 0.522104 0
    endloop
  endfacet
  facet normal 0.997859 -0.0654022 0
    outer loop
      vertex -3.96578 0.522104 -3
      vertex -4 0 0
      vertex -4 0 -3
    endloop
  endfacet
  facet normal 0.751845 0.65934 0
    outer loop
      vertex -2.82843 -2.82843 0
      vertex -3.17341 -2.43505 -3
      vertex -3.17341 -2.43505 0
    endloop
  endfacet
  facet normal 0.751845 0.65934 0
    outer loop
      vertex -3.17341 -2.43505 -3
      vertex -2.82843 -2.82843 0
      vertex -2.82843 -2.82843 -3
    endloop
  endfacet
  facet normal -0.195096 0.980784 0
    outer loop
      vertex 1.03528 -3.8637 -3
      vertex 0.522104 -3.96578 0
      vertex 1.03528 -3.8637 0
    endloop
  endfacet
  facet normal -0.195096 0.980784 0
    outer loop
      vertex 0.522104 -3.96578 0
      vertex 1.03528 -3.8637 -3
      vertex 0.522104 -3.96578 -3
    endloop
  endfacet
  facet normal 0.442291 -0.896871 0
    outer loop
      vertex -2 3.4641 -3
      vertex -1.53073 3.69552 0
      vertex -2 3.4641 0
    endloop
  endfacet
  facet normal 0.442291 -0.896871 0
    outer loop
      vertex -1.53073 3.69552 0
      vertex -2 3.4641 -3
      vertex -1.53073 3.69552 -3
    endloop
  endfacet
  facet normal 0.321435 0.946932 -0
    outer loop
      vertex -1.03528 -3.8637 -3
      vertex -1.53073 -3.69552 0
      vertex -1.03528 -3.8637 0
    endloop
  endfacet
  facet normal 0.321435 0.946932 0
    outer loop
      vertex -1.53073 -3.69552 0
      vertex -1.03528 -3.8637 -3
      vertex -1.53073 -3.69552 -3
    endloop
  endfacet
  facet normal -0.980784 0.195096 0
    outer loop
      vertex 3.8637 -1.03528 -3
      vertex 3.96578 -0.522104 0
      vertex 3.96578 -0.522104 -3
    endloop
  endfacet
  facet normal -0.980784 0.195096 0
    outer loop
      vertex 3.96578 -0.522104 0
      vertex 3.8637 -1.03528 -3
      vertex 3.8637 -1.03528 0
    endloop
  endfacet
  facet normal 0.751845 -0.65934 0
    outer loop
      vertex -3.17341 2.43505 0
      vertex -2.82843 2.82843 -3
      vertex -2.82843 2.82843 0
    endloop
  endfacet
  facet normal 0.751845 -0.65934 0
    outer loop
      vertex -2.82843 2.82843 -3
      vertex -3.17341 2.43505 0
      vertex -3.17341 2.43505 -3
    endloop
  endfacet
  facet normal -0.831471 0.555569 0
    outer loop
      vertex 3.17341 -2.43505 -3
      vertex 3.4641 -2 0
      vertex 3.4641 -2 -3
    endloop
  endfacet
  facet normal -0.831471 0.555569 0
    outer loop
      vertex 3.4641 -2 0
      vertex 3.17341 -2.43505 -3
      vertex 3.17341 -2.43505 0
    endloop
  endfacet
  facet normal 0.321435 -0.946932 0
    outer loop
      vertex -1.53073 3.69552 -3
      vertex -1.03528 3.8637 0
      vertex -1.53073 3.69552 0
    endloop
  endfacet
  facet normal 0.321435 -0.946932 0
    outer loop
      vertex -1.03528 3.8637 0
      vertex -1.53073 3.69552 -3
      vertex -1.03528 3.8637 -3
    endloop
  endfacet
  facet normal 0.980784 0.195096 0
    outer loop
      vertex -3.8637 -1.03528 0
      vertex -3.96578 -0.522104 -3
      vertex -3.96578 -0.522104 0
    endloop
  endfacet
  facet normal 0.980784 0.195096 0
    outer loop
      vertex -3.96578 -0.522104 -3
      vertex -3.8637 -1.03528 0
      vertex -3.8637 -1.03528 -3
    endloop
  endfacet
  facet normal 0.195096 0.980784 -0
    outer loop
      vertex -0.522104 -3.96578 -3
      vertex -1.03528 -3.8637 0
      vertex -0.522104 -3.96578 0
    endloop
  endfacet
  facet normal 0.195096 0.980784 0
    outer loop
      vertex -1.03528 -3.8637 0
      vertex -0.522104 -3.96578 -3
      vertex -1.03528 -3.8637 -3
    endloop
  endfacet
  facet normal -0.555569 -0.831471 0
    outer loop
      vertex 2 3.4641 -3
      vertex 2.43505 3.17341 0
      vertex 2 3.4641 0
    endloop
  endfacet
  facet normal -0.555569 -0.831471 -0
    outer loop
      vertex 2.43505 3.17341 0
      vertex 2 3.4641 -3
      vertex 2.43505 3.17341 -3
    endloop
  endfacet
  facet normal -0.946932 0.321435 0
    outer loop
      vertex 3.69552 -1.53073 -3
      vertex 3.8637 -1.03528 0
      vertex 3.8637 -1.03528 -3
    endloop
  endfacet
  facet normal -0.946932 0.321435 0
    outer loop
      vertex 3.8637 -1.03528 0
      vertex 3.69552 -1.53073 -3
      vertex 3.69552 -1.53073 0
    endloop
  endfacet
  facet normal -0.0654022 0.997859 0
    outer loop
      vertex 0.522104 -3.96578 -3
      vertex 0 -4 0
      vertex 0.522104 -3.96578 0
    endloop
  endfacet
  facet normal -0.0654022 0.997859 0
    outer loop
      vertex 0 -4 0
      vertex 0.522104 -3.96578 -3
      vertex 0 -4 -3
    endloop
  endfacet
  facet normal -0.751845 0.65934 0
    outer loop
      vertex 2.82843 -2.82843 -3
      vertex 3.17341 -2.43505 0
      vertex 3.17341 -2.43505 -3
    endloop
  endfacet
  facet normal -0.751845 0.65934 0
    outer loop
      vertex 3.17341 -2.43505 0
      vertex 2.82843 -2.82843 -3
      vertex 2.82843 -2.82843 0
    endloop
  endfacet
  facet normal 0.0654022 -0.997859 0
    outer loop
      vertex -0.522104 3.96578 -3
      vertex 0 4 0
      vertex -0.522104 3.96578 0
    endloop
  endfacet
  facet normal 0.0654022 -0.997859 0
    outer loop
      vertex 0 4 0
      vertex -0.522104 3.96578 -3
      vertex 0 4 -3
    endloop
  endfacet
  facet normal -0.555569 0.831471 0
    outer loop
      vertex 2.43505 -3.17341 -3
      vertex 2 -3.4641 0
      vertex 2.43505 -3.17341 0
    endloop
  endfacet
  facet normal -0.555569 0.831471 0
    outer loop
      vertex 2 -3.4641 0
      vertex 2.43505 -3.17341 -3
      vertex 2 -3.4641 -3
    endloop
  endfacet
  facet normal 0.65934 0.751845 -0
    outer loop
      vertex -2.43505 -3.17341 -3
      vertex -2.82843 -2.82843 0
      vertex -2.43505 -3.17341 0
    endloop
  endfacet
  facet normal 0.65934 0.751845 0
    outer loop
      vertex -2.82843 -2.82843 0
      vertex -2.43505 -3.17341 -3
      vertex -2.82843 -2.82843 -3
    endloop
  endfacet
  facet normal -0.65934 -0.751845 0
    outer loop
      vertex 2.43505 3.17341 -3
      vertex 2.82843 2.82843 0
      vertex 2.43505 3.17341 0
    endloop
  endfacet
  facet normal -0.65934 -0.751845 -0
    outer loop
      vertex 2.82843 2.82843 0
      vertex 2.43505 3.17341 -3
      vertex 2.82843 2.82843 -3
    endloop
  endfacet
  facet normal 0.896871 -0.442291 0
    outer loop
      vertex -3.69552 1.53073 0
      vertex -3.4641 2 -3
      vertex -3.4641 2 0
    endloop
  endfacet
  facet normal 0.896871 -0.442291 0
    outer loop
      vertex -3.4641 2 -3
      vertex -3.69552 1.53073 0
      vertex -3.69552 1.53073 -3
    endloop
  endfacet
  facet normal -0.0654022 -0.997859 0
    outer loop
      vertex 0 4 -3
      vertex 0.522104 3.96578 0
      vertex 0 4 0
    endloop
  endfacet
  facet normal -0.0654022 -0.997859 -0
    outer loop
      vertex 0.522104 3.96578 0
      vertex 0 4 -3
      vertex 0.522104 3.96578 -3
    endloop
  endfacet
  facet normal -0.997859 0.0654022 0
    outer loop
      vertex 3.96578 -0.522104 -3
      vertex 4 0 0
      vertex 4 0 -3
    endloop
  endfacet
  facet normal -0.997859 0.0654022 0
    outer loop
      vertex 4 0 0
      vertex 3.96578 -0.522104 -3
      vertex 3.96578 -0.522104 0
    endloop
  endfacet
  facet normal 0.195096 -0.980784 0
    outer loop
      vertex -1.03528 3.8637 -3
      vertex -0.522104 3.96578 0
      vertex -1.03528 3.8637 0
    endloop
  endfacet
  facet normal 0.195096 -0.980784 0
    outer loop
      vertex -0.522104 3.96578 0
      vertex -1.03528 3.8637 -3
      vertex -0.522104 3.96578 -3
    endloop
  endfacet
  facet normal 0.555569 -0.831471 0
    outer loop
      vertex -2.43505 3.17341 -3
      vertex -2 3.4641 0
      vertex -2.43505 3.17341 0
    endloop
  endfacet
  facet normal 0.555569 -0.831471 0
    outer loop
      vertex -2 3.4641 0
      vertex -2.43505 3.17341 -3
      vertex -2 3.4641 -3
    endloop
  endfacet
  facet normal 0.0654022 0.997859 -0
    outer loop
      vertex 0 -4 -3
      vertex -0.522104 -3.96578 0
      vertex 0 -4 0
    endloop
  endfacet
  facet normal 0.0654022 0.997859 0
    outer loop
      vertex -0.522104 -3.96578 0
      vertex 0 -4 -3
      vertex -0.522104 -3.96578 -3
    endloop
  endfacet
  facet normal -0.896871 0.442291 0
    outer loop
      vertex 3.4641 -2 -3
      vertex 3.69552 -1.53073 0
      vertex 3.69552 -1.53073 -3
    endloop
  endfacet
  facet normal -0.896871 0.442291 0
    outer loop
      vertex 3.69552 -1.53073 0
      vertex 3.4641 -2 -3
      vertex 3.4641 -2 0
    endloop
  endfacet
  facet normal 0.946932 -0.321435 0
    outer loop
      vertex -3.8637 1.03528 0
      vertex -3.69552 1.53073 -3
      vertex -3.69552 1.53073 0
    endloop
  endfacet
  facet normal 0.946932 -0.321435 0
    outer loop
      vertex -3.69552 1.53073 -3
      vertex -3.8637 1.03528 0
      vertex -3.8637 1.03528 -3
    endloop
  endfacet
  facet normal 0.946932 0.321435 0
    outer loop
      vertex -3.69552 -1.53073 0
      vertex -3.8637 -1.03528 -3
      vertex -3.8637 -1.03528 0
    endloop
  endfacet
  facet normal 0.946932 0.321435 0
    outer loop
      vertex -3.8637 -1.03528 -3
      vertex -3.69552 -1.53073 0
      vertex -3.69552 -1.53073 -3
    endloop
  endfacet
  facet normal 0.831471 -0.555569 0
    outer loop
      vertex -3.4641 2 0
      vertex -3.17341 2.43505 -3
      vertex -3.17341 2.43505 0
    endloop
  endfacet
  facet normal 0.831471 -0.555569 0
    outer loop
      vertex -3.17341 2.43505 -3
      vertex -3.4641 2 0
      vertex -3.4641 2 -3
    endloop
  endfacet
  facet normal -0.442291 0.896871 0
    outer loop
      vertex 2 -3.4641 -3
      vertex 1.53073 -3.69552 0
      vertex 2 -3.4641 0
    endloop
  endfacet
  facet normal -0.442291 0.896871 0
    outer loop
      vertex 1.53073 -3.69552 0
      vertex 2 -3.4641 -3
      vertex 1.53073 -3.69552 -3
    endloop
  endfacet
  facet normal -0.321435 0.946932 0
    outer loop
      vertex 1.53073 -3.69552 -3
      vertex 1.03528 -3.8637 0
      vertex 1.53073 -3.69552 0
    endloop
  endfacet
  facet normal -0.321435 0.946932 0
    outer loop
      vertex 1.03528 -3.8637 0
      vertex 1.53073 -3.69552 -3
      vertex 1.03528 -3.8637 -3
    endloop
  endfacet
  facet normal -0.65934 0.751845 0
    outer loop
      vertex 2.82843 -2.82843 -3
      vertex 2.43505 -3.17341 0
      vertex 2.82843 -2.82843 0
    endloop
  endfacet
  facet normal -0.65934 0.751845 0
    outer loop
      vertex 2.43505 -3.17341 0
      vertex 2.82843 -2.82843 -3
      vertex 2.43505 -3.17341 -3
    endloop
  endfacet
  facet normal 0.896871 0.442291 0
    outer loop
      vertex -3.4641 -2 0
      vertex -3.69552 -1.53073 -3
      vertex -3.69552 -1.53073 0
    endloop
  endfacet
  facet normal 0.896871 0.442291 0
    outer loop
      vertex -3.69552 -1.53073 -3
      vertex -3.4641 -2 0
      vertex -3.4641 -2 -3
    endloop
  endfacet
  facet normal -0.195096 -0.980784 0
    outer loop
      vertex 0.522104 3.96578 -3
      vertex 1.03528 3.8637 0
      vertex 0.522104 3.96578 0
    endloop
  endfacet
  facet normal -0.195096 -0.980784 -0
    outer loop
      vertex 1.03528 3.8637 0
      vertex 0.522104 3.96578 -3
      vertex 1.03528 3.8637 -3
    endloop
  endfacet
  facet normal 0.442291 0.896871 -0
    outer loop
      vertex -1.53073 -3.69552 -3
      vertex -2 -3.4641 0
      vertex -1.53073 -3.69552 0
    endloop
  endfacet
  facet normal 0.442291 0.896871 0
    outer loop
      vertex -2 -3.4641 0
      vertex -1.53073 -3.69552 -3
      vertex -2 -3.4641 -3
    endloop
  endfacet
  facet normal 0.831471 0.555569 0
    outer loop
      vertex -3.17341 -2.43505 0
      vertex -3.4641 -2 -3
      vertex -3.4641 -2 0
    endloop
  endfacet
  facet normal 0.831471 0.555569 0
    outer loop
      vertex -3.4641 -2 -3
      vertex -3.17341 -2.43505 0
      vertex -3.17341 -2.43505 -3
    endloop
  endfacet
  facet normal 0.906307 0.422619 0
    outer loop
      vertex 28.1068 -10.23 -23
      vertex 10.23 28.1068 -63
      vertex 10.23 28.1068 -23
    endloop
  endfacet
  facet normal 0.906307 0.422619 0
    outer loop
      vertex 10.23 28.1068 -63
      vertex 28.1068 -10.23 -23
      vertex 28.1068 -10.23 -63
    endloop
  endfacet
  facet normal 0 0 1
    outer loop
      vertex 10.23 28.1068 -23
      vertex 6.877 14.8431 -23
      vertex 6.89979 14.635 -23
    endloop
  endfacet
  facet normal 0 0 1
    outer loop
      vertex 10.23 28.1068 -23
      vertex 6.82726 15.0464 -23
      vertex 6.877 14.8431 -23
    endloop
  endfacet
  facet normal 0 0 1
    outer loop
      vertex 10.23 28.1068 -23
      vertex 6.7514 15.2414 -23
      vertex 6.82726 15.0464 -23
    endloop
  endfacet
  facet normal 0 0 1
    outer loop
      vertex 10.23 28.1068 -23
      vertex 6.65074 15.4249 -23
      vertex 6.7514 15.2414 -23
    endloop
  endfacet
  facet normal 0 0 1
    outer loop
      vertex 10.23 28.1068 -23
      vertex 6.52698 15.5937 -23
      vertex 6.65074 15.4249 -23
    endloop
  endfacet
  facet normal 0 0 1
    outer loop
      vertex 10.23 28.1068 -23
      vertex 6.38226 15.7449 -23
      vertex 6.52698 15.5937 -23
    endloop
  endfacet
  facet normal 0 0 1
    outer loop
      vertex 10.23 28.1068 -23
      vertex 6.21903 15.8759 -23
      vertex 6.38226 15.7449 -23
    endloop
  endfacet
  facet normal 0 0 1
    outer loop
      vertex 10.23 28.1068 -23
      vertex 6.04011 15.9845 -23
      vertex 6.21903 15.8759 -23
    endloop
  endfacet
  facet normal 0 0 1
    outer loop
      vertex 10.23 28.1068 -23
      vertex 5.84854 16.0687 -23
      vertex 6.04011 15.9845 -23
    endloop
  endfacet
  facet normal 0 0 1
    outer loop
      vertex 10.23 28.1068 -23
      vertex 5.64761 16.1273 -23
      vertex 5.84854 16.0687 -23
    endloop
  endfacet
  facet normal 0 0 1
    outer loop
      vertex 10.23 28.1068 -23
      vertex 5.44076 16.1591 -23
      vertex 5.64761 16.1273 -23
    endloop
  endfacet
  facet normal 0 0 1
    outer loop
      vertex 10.23 28.1068 -23
      vertex 5.23152 16.1637 -23
      vertex 5.44076 16.1591 -23
    endloop
  endfacet
  facet normal 0 0 1
    outer loop
      vertex 10.23 28.1068 -23
      vertex 5.02347 16.1409 -23
      vertex 5.23152 16.1637 -23
    endloop
  endfacet
  facet normal 0 0 1
    outer loop
      vertex 10.23 28.1068 -23
      vertex 4.82018 16.0912 -23
      vertex 5.02347 16.1409 -23
    endloop
  endfacet
  facet normal 0 0 1
    outer loop
      vertex 10.23 28.1068 -23
      vertex 4.62512 16.0153 -23
      vertex 4.82018 16.0912 -23
    endloop
  endfacet
  facet normal 0 0 1
    outer loop
      vertex 10.23 28.1068 -23
      vertex 4.44163 15.9147 -23
      vertex 4.62512 16.0153 -23
    endloop
  endfacet
  facet normal 0 0 1
    outer loop
      vertex 10.23 28.1068 -23
      vertex 4.27285 15.7909 -23
      vertex 4.44163 15.9147 -23
    endloop
  endfacet
  facet normal 0 0 1
    outer loop
      vertex 10.23 28.1068 -23
      vertex 4.12167 15.6462 -23
      vertex 4.27285 15.7909 -23
    endloop
  endfacet
  facet normal 0 0 1
    outer loop
      vertex -14.635 6.89979 -23
      vertex 4.12167 15.6462 -23
      vertex 10.23 28.1068 -23
    endloop
  endfacet
  facet normal 0 0 1
    outer loop
      vertex 4.12167 15.6462 -23
      vertex -14.635 6.89979 -23
      vertex 3.99067 15.483 -23
    endloop
  endfacet
  facet normal 0 0 1
    outer loop
      vertex -13.4843 6.48096 -23
      vertex 3.70283 14.4954 -23
      vertex 3.7074 14.7047 -23
    endloop
  endfacet
  facet normal 0 0 1
    outer loop
      vertex -13.6475 6.61196 -23
      vertex 3.7074 14.7047 -23
      vertex 3.73924 14.9115 -23
    endloop
  endfacet
  facet normal 0 0 1
    outer loop
      vertex 3.70283 14.4954 -23
      vertex -3.72562 -14.2874 -23
      vertex -3.70283 -14.4954 -23
    endloop
  endfacet
  facet normal 0 0 1
    outer loop
      vertex 3.70283 14.4954 -23
      vertex -3.77537 -14.0841 -23
      vertex -3.72562 -14.2874 -23
    endloop
  endfacet
  facet normal 0 0 1
    outer loop
      vertex 3.70283 14.4954 -23
      vertex -3.85122 -13.889 -23
      vertex -3.77537 -14.0841 -23
    endloop
  endfacet
  facet normal 0 0 1
    outer loop
      vertex 3.70283 14.4954 -23
      vertex -3.95189 -13.7056 -23
      vertex -3.85122 -13.889 -23
    endloop
  endfacet
  facet normal 0 0 1
    outer loop
      vertex 3.70283 14.4954 -23
      vertex -4.07564 -13.5368 -23
      vertex -3.95189 -13.7056 -23
    endloop
  endfacet
  facet normal 0 0 1
    outer loop
      vertex 3.70283 14.4954 -23
      vertex -4.22037 -13.3856 -23
      vertex -4.07564 -13.5368 -23
    endloop
  endfacet
  facet normal 0 0 1
    outer loop
      vertex 3.70283 14.4954 -23
      vertex -4.38359 -13.2546 -23
      vertex -4.22037 -13.3856 -23
    endloop
  endfacet
  facet normal 0 0 1
    outer loop
      vertex 3.70283 14.4954 -23
      vertex -4.56251 -13.146 -23
      vertex -4.38359 -13.2546 -23
    endloop
  endfacet
  facet normal 0 0 1
    outer loop
      vertex -13.8264 6.72053 -23
      vertex 3.73924 14.9115 -23
      vertex 3.7978 15.1125 -23
    endloop
  endfacet
  facet normal 0 0 1
    outer loop
      vertex 3.70283 14.4954 -23
      vertex -4.75408 -13.0617 -23
      vertex -4.56251 -13.146 -23
    endloop
  endfacet
  facet normal 0 0 1
    outer loop
      vertex 3.70283 14.4954 -23
      vertex -13.0617 4.75408 -23
      vertex -4.75408 -13.0617 -23
    endloop
  endfacet
  facet normal 0 0 1
    outer loop
      vertex -4.75408 -13.0617 -23
      vertex -13.0617 4.75408 -23
      vertex -4.95501 -13.0032 -23
    endloop
  endfacet
  facet normal -0 0 1
    outer loop
      vertex -13.146 4.56251 -23
      vertex -4.95501 -13.0032 -23
      vertex -13.0617 4.75408 -23
    endloop
  endfacet
  facet normal 0 0 1
    outer loop
      vertex -4.95501 -13.0032 -23
      vertex -13.146 4.56251 -23
      vertex -5.16186 -12.9713 -23
    endloop
  endfacet
  facet normal -0 0 1
    outer loop
      vertex -13.2546 4.38359 -23
      vertex -5.16186 -12.9713 -23
      vertex -13.146 4.56251 -23
    endloop
  endfacet
  facet normal 0 0 1
    outer loop
      vertex -5.16186 -12.9713 -23
      vertex -13.2546 4.38359 -23
      vertex -5.3711 -12.9668 -23
    endloop
  endfacet
  facet normal -0 0 1
    outer loop
      vertex -13.3856 4.22037 -23
      vertex -5.3711 -12.9668 -23
      vertex -13.2546 4.38359 -23
    endloop
  endfacet
  facet normal 0 0 1
    outer loop
      vertex -5.3711 -12.9668 -23
      vertex -13.3856 4.22037 -23
      vertex -5.57915 -12.9895 -23
    endloop
  endfacet
  facet normal -0 0 1
    outer loop
      vertex -13.5368 4.07564 -23
      vertex -5.57915 -12.9895 -23
      vertex -13.3856 4.22037 -23
    endloop
  endfacet
  facet normal 0 0 1
    outer loop
      vertex -5.57915 -12.9895 -23
      vertex -13.5368 4.07564 -23
      vertex -5.78244 -13.0393 -23
    endloop
  endfacet
  facet normal -0 0 1
    outer loop
      vertex -13.7056 3.95189 -23
      vertex -5.78244 -13.0393 -23
      vertex -13.5368 4.07564 -23
    endloop
  endfacet
  facet normal 0 0 1
    outer loop
      vertex -5.78244 -13.0393 -23
      vertex -13.7056 3.95189 -23
      vertex -5.9775 -13.1151 -23
    endloop
  endfacet
  facet normal 0 0 1
    outer loop
      vertex -15.6462 4.12167 -23
      vertex -6.89979 -14.635 -23
      vertex -6.89522 -14.4258 -23
    endloop
  endfacet
  facet normal 0 0 1
    outer loop
      vertex -15.483 3.99067 -23
      vertex -6.89522 -14.4258 -23
      vertex -6.86339 -14.2189 -23
    endloop
  endfacet
  facet normal 0 0 1
    outer loop
      vertex 3.70283 14.4954 -23
      vertex -13.0032 4.95501 -23
      vertex -13.0617 4.75408 -23
    endloop
  endfacet
  facet normal 0 0 1
    outer loop
      vertex 3.70283 14.4954 -23
      vertex -12.9713 5.16186 -23
      vertex -13.0032 4.95501 -23
    endloop
  endfacet
  facet normal 0 0 1
    outer loop
      vertex 3.70283 14.4954 -23
      vertex -12.9668 5.3711 -23
      vertex -12.9713 5.16186 -23
    endloop
  endfacet
  facet normal 0 0 1
    outer loop
      vertex -14.018 6.80482 -23
      vertex 3.7978 15.1125 -23
      vertex 3.88209 15.304 -23
    endloop
  endfacet
  facet normal 0 -0 1
    outer loop
      vertex -14.4258 6.89522 -23
      vertex 3.99067 15.483 -23
      vertex -14.635 6.89979 -23
    endloop
  endfacet
  facet normal 0 0 1
    outer loop
      vertex 3.70283 14.4954 -23
      vertex -12.9895 5.57915 -23
      vertex -12.9668 5.3711 -23
    endloop
  endfacet
  facet normal 0 0 1
    outer loop
      vertex 3.70283 14.4954 -23
      vertex -13.0393 5.78244 -23
      vertex -12.9895 5.57915 -23
    endloop
  endfacet
  facet normal 0 0 1
    outer loop
      vertex 3.70283 14.4954 -23
      vertex -13.1151 5.9775 -23
      vertex -13.0393 5.78244 -23
    endloop
  endfacet
  facet normal 0 0 1
    outer loop
      vertex 3.70283 14.4954 -23
      vertex -13.2158 6.16099 -23
      vertex -13.1151 5.9775 -23
    endloop
  endfacet
  facet normal 0 0 1
    outer loop
      vertex 3.70283 14.4954 -23
      vertex -13.3396 6.32977 -23
      vertex -13.2158 6.16099 -23
    endloop
  endfacet
  facet normal 0 0 1
    outer loop
      vertex 3.70283 14.4954 -23
      vertex -13.4843 6.48096 -23
      vertex -13.3396 6.32977 -23
    endloop
  endfacet
  facet normal 0 0 1
    outer loop
      vertex 3.7074 14.7047 -23
      vertex -13.6475 6.61196 -23
      vertex -13.4843 6.48096 -23
    endloop
  endfacet
  facet normal 0 0 1
    outer loop
      vertex 3.73924 14.9115 -23
      vertex -13.8264 6.72053 -23
      vertex -13.6475 6.61196 -23
    endloop
  endfacet
  facet normal 0 0 1
    outer loop
      vertex 3.7978 15.1125 -23
      vertex -14.018 6.80482 -23
      vertex -13.8264 6.72053 -23
    endloop
  endfacet
  facet normal 0 0 1
    outer loop
      vertex 3.88209 15.304 -23
      vertex -14.2189 6.86339 -23
      vertex -14.018 6.80482 -23
    endloop
  endfacet
  facet normal 0 0 1
    outer loop
      vertex 3.88209 15.304 -23
      vertex -14.4258 6.89522 -23
      vertex -14.2189 6.86339 -23
    endloop
  endfacet
  facet normal 0 0 1
    outer loop
      vertex 3.99067 15.483 -23
      vertex -14.4258 6.89522 -23
      vertex 3.88209 15.304 -23
    endloop
  endfacet
  facet normal -0 0 1
    outer loop
      vertex -28.1068 10.23 -23
      vertex -14.635 6.89979 -23
      vertex 10.23 28.1068 -23
    endloop
  endfacet
  facet normal 0 0 1
    outer loop
      vertex -14.635 6.89979 -23
      vertex -28.1068 10.23 -23
      vertex -14.8431 6.877 -23
    endloop
  endfacet
  facet normal 0 0 1
    outer loop
      vertex -14.8431 6.877 -23
      vertex -28.1068 10.23 -23
      vertex -15.0464 6.82726 -23
    endloop
  endfacet
  facet normal 0 0 1
    outer loop
      vertex -15.0464 6.82726 -23
      vertex -28.1068 10.23 -23
      vertex -15.2414 6.7514 -23
    endloop
  endfacet
  facet normal 0 0 1
    outer loop
      vertex -15.2414 6.7514 -23
      vertex -28.1068 10.23 -23
      vertex -15.4249 6.65074 -23
    endloop
  endfacet
  facet normal 0 0 1
    outer loop
      vertex -16.1591 5.44076 -23
      vertex -28.1068 10.23 -23
      vertex -16.1637 5.23152 -23
    endloop
  endfacet
  facet normal 0 0 1
    outer loop
      vertex -16.1273 5.64761 -23
      vertex -28.1068 10.23 -23
      vertex -16.1591 5.44076 -23
    endloop
  endfacet
  facet normal 0 0 1
    outer loop
      vertex -16.0687 5.84854 -23
      vertex -28.1068 10.23 -23
      vertex -16.1273 5.64761 -23
    endloop
  endfacet
  facet normal 0 0 1
    outer loop
      vertex -15.9845 6.04011 -23
      vertex -28.1068 10.23 -23
      vertex -16.0687 5.84854 -23
    endloop
  endfacet
  facet normal 0 0 1
    outer loop
      vertex -15.8759 6.21903 -23
      vertex -28.1068 10.23 -23
      vertex -15.9845 6.04011 -23
    endloop
  endfacet
  facet normal 0 0 1
    outer loop
      vertex -15.7449 6.38226 -23
      vertex -28.1068 10.23 -23
      vertex -15.8759 6.21903 -23
    endloop
  endfacet
  facet normal 0 0 1
    outer loop
      vertex -15.5937 6.52698 -23
      vertex -28.1068 10.23 -23
      vertex -15.7449 6.38226 -23
    endloop
  endfacet
  facet normal 0 0 1
    outer loop
      vertex -15.4249 6.65074 -23
      vertex -28.1068 10.23 -23
      vertex -15.5937 6.52698 -23
    endloop
  endfacet
  facet normal -0 0 1
    outer loop
      vertex -13.889 3.85122 -23
      vertex -5.9775 -13.1151 -23
      vertex -13.7056 3.95189 -23
    endloop
  endfacet
  facet normal 0 0 1
    outer loop
      vertex -5.9775 -13.1151 -23
      vertex -13.889 3.85122 -23
      vertex -6.16099 -13.2158 -23
    endloop
  endfacet
  facet normal -0 0 1
    outer loop
      vertex -14.0841 3.77537 -23
      vertex -6.16099 -13.2158 -23
      vertex -13.889 3.85122 -23
    endloop
  endfacet
  facet normal 0 0 1
    outer loop
      vertex -6.16099 -13.2158 -23
      vertex -14.0841 3.77537 -23
      vertex -6.32977 -13.3396 -23
    endloop
  endfacet
  facet normal -0 0 1
    outer loop
      vertex -14.2874 3.72562 -23
      vertex -6.32977 -13.3396 -23
      vertex -14.0841 3.77537 -23
    endloop
  endfacet
  facet normal 0 0 1
    outer loop
      vertex -6.32977 -13.3396 -23
      vertex -14.2874 3.72562 -23
      vertex -6.48096 -13.4843 -23
    endloop
  endfacet
  facet normal -0 0 1
    outer loop
      vertex -14.4954 3.70283 -23
      vertex -6.48096 -13.4843 -23
      vertex -14.2874 3.72562 -23
    endloop
  endfacet
  facet normal 0 0 1
    outer loop
      vertex -6.48096 -13.4843 -23
      vertex -14.4954 3.70283 -23
      vertex -6.61196 -13.6475 -23
    endloop
  endfacet
  facet normal 0 0 1
    outer loop
      vertex -14.7047 3.7074 -23
      vertex -6.61196 -13.6475 -23
      vertex -14.4954 3.70283 -23
    endloop
  endfacet
  facet normal 0 0 1
    outer loop
      vertex -6.61196 -13.6475 -23
      vertex -14.7047 3.7074 -23
      vertex -6.72053 -13.8264 -23
    endloop
  endfacet
  facet normal 0 0 1
    outer loop
      vertex -14.9115 3.73924 -23
      vertex -6.72053 -13.8264 -23
      vertex -14.7047 3.7074 -23
    endloop
  endfacet
  facet normal 0 0 1
    outer loop
      vertex -6.72053 -13.8264 -23
      vertex -14.9115 3.73924 -23
      vertex -6.80482 -14.018 -23
    endloop
  endfacet
  facet normal 0 0 1
    outer loop
      vertex -15.1125 3.7978 -23
      vertex -6.80482 -14.018 -23
      vertex -14.9115 3.73924 -23
    endloop
  endfacet
  facet normal 0 0 1
    outer loop
      vertex -6.80482 -14.018 -23
      vertex -15.1125 3.7978 -23
      vertex -6.86339 -14.2189 -23
    endloop
  endfacet
  facet normal 0 0 1
    outer loop
      vertex -15.304 3.88209 -23
      vertex -6.86339 -14.2189 -23
      vertex -15.1125 3.7978 -23
    endloop
  endfacet
  facet normal 0 0 1
    outer loop
      vertex -15.483 3.99067 -23
      vertex -6.86339 -14.2189 -23
      vertex -15.304 3.88209 -23
    endloop
  endfacet
  facet normal 0 0 1
    outer loop
      vertex -6.89522 -14.4258 -23
      vertex -15.483 3.99067 -23
      vertex -15.6462 4.12167 -23
    endloop
  endfacet
  facet normal 0 0 1
    outer loop
      vertex -6.89979 -14.635 -23
      vertex -15.6462 4.12167 -23
      vertex -10.23 -28.1068 -23
    endloop
  endfacet
  facet normal 0 0 1
    outer loop
      vertex -28.1068 10.23 -23
      vertex -15.6462 4.12167 -23
      vertex -15.7909 4.27285 -23
    endloop
  endfacet
  facet normal 0 0 1
    outer loop
      vertex -28.1068 10.23 -23
      vertex -15.7909 4.27285 -23
      vertex -15.9147 4.44163 -23
    endloop
  endfacet
  facet normal 0 0 1
    outer loop
      vertex -28.1068 10.23 -23
      vertex -15.9147 4.44163 -23
      vertex -16.0153 4.62512 -23
    endloop
  endfacet
  facet normal 0 0 1
    outer loop
      vertex -28.1068 10.23 -23
      vertex -16.0153 4.62512 -23
      vertex -16.0912 4.82018 -23
    endloop
  endfacet
  facet normal 0 0 1
    outer loop
      vertex -28.1068 10.23 -23
      vertex -16.0912 4.82018 -23
      vertex -16.1409 5.02347 -23
    endloop
  endfacet
  facet normal 0 0 1
    outer loop
      vertex -15.6462 4.12167 -23
      vertex -28.1068 10.23 -23
      vertex -10.23 -28.1068 -23
    endloop
  endfacet
  facet normal 0 0 1
    outer loop
      vertex -28.1068 10.23 -23
      vertex -16.1409 5.02347 -23
      vertex -16.1637 5.23152 -23
    endloop
  endfacet
  facet normal 0 0 1
    outer loop
      vertex 28.1068 -10.23 -23
      vertex 16.1409 -5.02347 -23
      vertex 16.1637 -5.23152 -23
    endloop
  endfacet
  facet normal 0 0 1
    outer loop
      vertex 28.1068 -10.23 -23
      vertex 16.0912 -4.82018 -23
      vertex 16.1409 -5.02347 -23
    endloop
  endfacet
  facet normal 0 0 1
    outer loop
      vertex 28.1068 -10.23 -23
      vertex 16.0153 -4.62512 -23
      vertex 16.0912 -4.82018 -23
    endloop
  endfacet
  facet normal 0 0 1
    outer loop
      vertex 28.1068 -10.23 -23
      vertex 15.9147 -4.44163 -23
      vertex 16.0153 -4.62512 -23
    endloop
  endfacet
  facet normal 0 0 1
    outer loop
      vertex 28.1068 -10.23 -23
      vertex 15.7909 -4.27285 -23
      vertex 15.9147 -4.44163 -23
    endloop
  endfacet
  facet normal 0 0 1
    outer loop
      vertex 28.1068 -10.23 -23
      vertex 15.6462 -4.12167 -23
      vertex 15.7909 -4.27285 -23
    endloop
  endfacet
  facet normal 0 0 1
    outer loop
      vertex 10.23 28.1068 -23
      vertex 15.6462 -4.12167 -23
      vertex 28.1068 -10.23 -23
    endloop
  endfacet
  facet normal -0 0 1
    outer loop
      vertex 6.89979 14.635 -23
      vertex 15.6462 -4.12167 -23
      vertex 10.23 28.1068 -23
    endloop
  endfacet
  facet normal 0 0 1
    outer loop
      vertex 14.0841 -3.77537 -23
      vertex 6.16099 13.2158 -23
      vertex 13.889 -3.85122 -23
    endloop
  endfacet
  facet normal -0 0 1
    outer loop
      vertex 6.16099 13.2158 -23
      vertex 14.0841 -3.77537 -23
      vertex 6.32977 13.3396 -23
    endloop
  endfacet
  facet normal 0 0 1
    outer loop
      vertex 14.2874 -3.72562 -23
      vertex 6.32977 13.3396 -23
      vertex 14.0841 -3.77537 -23
    endloop
  endfacet
  facet normal -0 0 1
    outer loop
      vertex 6.32977 13.3396 -23
      vertex 14.2874 -3.72562 -23
      vertex 6.48096 13.4843 -23
    endloop
  endfacet
  facet normal 0 0 1
    outer loop
      vertex 14.4954 -3.70283 -23
      vertex 6.48096 13.4843 -23
      vertex 14.2874 -3.72562 -23
    endloop
  endfacet
  facet normal -0 0 1
    outer loop
      vertex 6.48096 13.4843 -23
      vertex 14.4954 -3.70283 -23
      vertex 6.61196 13.6475 -23
    endloop
  endfacet
  facet normal 0 0 1
    outer loop
      vertex 14.7047 -3.7074 -23
      vertex 6.61196 13.6475 -23
      vertex 14.4954 -3.70283 -23
    endloop
  endfacet
  facet normal -0 0 1
    outer loop
      vertex 6.61196 13.6475 -23
      vertex 14.7047 -3.7074 -23
      vertex 6.72053 13.8264 -23
    endloop
  endfacet
  facet normal 0 0 1
    outer loop
      vertex 14.9115 -3.73924 -23
      vertex 6.72053 13.8264 -23
      vertex 14.7047 -3.7074 -23
    endloop
  endfacet
  facet normal -0 0 1
    outer loop
      vertex 6.72053 13.8264 -23
      vertex 14.9115 -3.73924 -23
      vertex 6.80482 14.018 -23
    endloop
  endfacet
  facet normal 0 0 1
    outer loop
      vertex 15.1125 -3.7978 -23
      vertex 6.80482 14.018 -23
      vertex 14.9115 -3.73924 -23
    endloop
  endfacet
  facet normal -0 0 1
    outer loop
      vertex 6.80482 14.018 -23
      vertex 15.1125 -3.7978 -23
      vertex 6.86339 14.2189 -23
    endloop
  endfacet
  facet normal 0 0 1
    outer loop
      vertex 15.304 -3.88209 -23
      vertex 6.86339 14.2189 -23
      vertex 15.1125 -3.7978 -23
    endloop
  endfacet
  facet normal -0 0 1
    outer loop
      vertex 6.86339 14.2189 -23
      vertex 15.304 -3.88209 -23
      vertex 6.89522 14.4258 -23
    endloop
  endfacet
  facet normal 0 0 1
    outer loop
      vertex 15.483 -3.99067 -23
      vertex 6.89522 14.4258 -23
      vertex 15.304 -3.88209 -23
    endloop
  endfacet
  facet normal -0 0 1
    outer loop
      vertex 6.89522 14.4258 -23
      vertex 15.483 -3.99067 -23
      vertex 6.89979 14.635 -23
    endloop
  endfacet
  facet normal 0 0 1
    outer loop
      vertex 15.6462 -4.12167 -23
      vertex 6.89979 14.635 -23
      vertex 15.483 -3.99067 -23
    endloop
  endfacet
  facet normal -0 0 1
    outer loop
      vertex 16.1591 -5.44076 -23
      vertex 28.1068 -10.23 -23
      vertex 16.1637 -5.23152 -23
    endloop
  endfacet
  facet normal -0 0 1
    outer loop
      vertex 16.1273 -5.64761 -23
      vertex 28.1068 -10.23 -23
      vertex 16.1591 -5.44076 -23
    endloop
  endfacet
  facet normal -0 0 1
    outer loop
      vertex 16.0687 -5.84854 -23
      vertex 28.1068 -10.23 -23
      vertex 16.1273 -5.64761 -23
    endloop
  endfacet
  facet normal -0 0 1
    outer loop
      vertex 15.9845 -6.04011 -23
      vertex 28.1068 -10.23 -23
      vertex 16.0687 -5.84854 -23
    endloop
  endfacet
  facet normal -0 0 1
    outer loop
      vertex 15.8759 -6.21903 -23
      vertex 28.1068 -10.23 -23
      vertex 15.9845 -6.04011 -23
    endloop
  endfacet
  facet normal -0 0 1
    outer loop
      vertex 15.7449 -6.38226 -23
      vertex 28.1068 -10.23 -23
      vertex 15.8759 -6.21903 -23
    endloop
  endfacet
  facet normal -0 0 1
    outer loop
      vertex 15.5937 -6.52698 -23
      vertex 28.1068 -10.23 -23
      vertex 15.7449 -6.38226 -23
    endloop
  endfacet
  facet normal -0 0 1
    outer loop
      vertex 15.4249 -6.65074 -23
      vertex 28.1068 -10.23 -23
      vertex 15.5937 -6.52698 -23
    endloop
  endfacet
  facet normal -0 0 1
    outer loop
      vertex 15.2414 -6.7514 -23
      vertex 28.1068 -10.23 -23
      vertex 15.4249 -6.65074 -23
    endloop
  endfacet
  facet normal -0 0 1
    outer loop
      vertex 15.0464 -6.82726 -23
      vertex 28.1068 -10.23 -23
      vertex 15.2414 -6.7514 -23
    endloop
  endfacet
  facet normal -0 0 1
    outer loop
      vertex 14.8431 -6.877 -23
      vertex 28.1068 -10.23 -23
      vertex 15.0464 -6.82726 -23
    endloop
  endfacet
  facet normal -0 0 1
    outer loop
      vertex 14.635 -6.89979 -23
      vertex 28.1068 -10.23 -23
      vertex 14.8431 -6.877 -23
    endloop
  endfacet
  facet normal 0 0 1
    outer loop
      vertex -4.12167 -15.6462 -23
      vertex 14.635 -6.89979 -23
      vertex 14.4258 -6.89522 -23
    endloop
  endfacet
  facet normal 0 0 1
    outer loop
      vertex -3.99067 -15.483 -23
      vertex 14.4258 -6.89522 -23
      vertex 14.2189 -6.86339 -23
    endloop
  endfacet
  facet normal -0 0 1
    outer loop
      vertex 5.9775 13.1151 -23
      vertex 13.889 -3.85122 -23
      vertex 6.16099 13.2158 -23
    endloop
  endfacet
  facet normal 0 0 1
    outer loop
      vertex 13.889 -3.85122 -23
      vertex 5.9775 13.1151 -23
      vertex 13.7056 -3.95189 -23
    endloop
  endfacet
  facet normal -0 0 1
    outer loop
      vertex 5.78244 13.0393 -23
      vertex 13.7056 -3.95189 -23
      vertex 5.9775 13.1151 -23
    endloop
  endfacet
  facet normal 0 0 1
    outer loop
      vertex 13.7056 -3.95189 -23
      vertex 5.78244 13.0393 -23
      vertex 13.5368 -4.07564 -23
    endloop
  endfacet
  facet normal -0 0 1
    outer loop
      vertex 5.57915 12.9895 -23
      vertex 13.5368 -4.07564 -23
      vertex 5.78244 13.0393 -23
    endloop
  endfacet
  facet normal 0 0 1
    outer loop
      vertex 13.5368 -4.07564 -23
      vertex 5.57915 12.9895 -23
      vertex 13.3856 -4.22037 -23
    endloop
  endfacet
  facet normal -0 0 1
    outer loop
      vertex 5.3711 12.9668 -23
      vertex 13.3856 -4.22037 -23
      vertex 5.57915 12.9895 -23
    endloop
  endfacet
  facet normal 0 0 1
    outer loop
      vertex 13.3856 -4.22037 -23
      vertex 5.3711 12.9668 -23
      vertex 13.2546 -4.38359 -23
    endloop
  endfacet
  facet normal 0 0 1
    outer loop
      vertex 5.16186 12.9713 -23
      vertex 13.2546 -4.38359 -23
      vertex 5.3711 12.9668 -23
    endloop
  endfacet
  facet normal 0 0 1
    outer loop
      vertex 13.2546 -4.38359 -23
      vertex 5.16186 12.9713 -23
      vertex 13.146 -4.56251 -23
    endloop
  endfacet
  facet normal 0 0 1
    outer loop
      vertex 4.95501 13.0032 -23
      vertex 13.146 -4.56251 -23
      vertex 5.16186 12.9713 -23
    endloop
  endfacet
  facet normal 0 0 1
    outer loop
      vertex 13.146 -4.56251 -23
      vertex 4.95501 13.0032 -23
      vertex 13.0617 -4.75408 -23
    endloop
  endfacet
  facet normal 0 0 1
    outer loop
      vertex 4.75408 13.0617 -23
      vertex 13.0617 -4.75408 -23
      vertex 4.95501 13.0032 -23
    endloop
  endfacet
  facet normal 0 0 1
    outer loop
      vertex -3.70283 -14.4954 -23
      vertex 13.0617 -4.75408 -23
      vertex 4.75408 13.0617 -23
    endloop
  endfacet
  facet normal 0 0 1
    outer loop
      vertex 13.0617 -4.75408 -23
      vertex -3.70283 -14.4954 -23
      vertex 13.0032 -4.95501 -23
    endloop
  endfacet
  facet normal 0 0 1
    outer loop
      vertex 13.0032 -4.95501 -23
      vertex -3.70283 -14.4954 -23
      vertex 12.9713 -5.16186 -23
    endloop
  endfacet
  facet normal 0 0 1
    outer loop
      vertex 12.9713 -5.16186 -23
      vertex -3.70283 -14.4954 -23
      vertex 12.9668 -5.3711 -23
    endloop
  endfacet
  facet normal 0 0 1
    outer loop
      vertex 12.9668 -5.3711 -23
      vertex -3.70283 -14.4954 -23
      vertex 12.9895 -5.57915 -23
    endloop
  endfacet
  facet normal 0 0 1
    outer loop
      vertex 12.9895 -5.57915 -23
      vertex -3.70283 -14.4954 -23
      vertex 13.0393 -5.78244 -23
    endloop
  endfacet
  facet normal 0 0 1
    outer loop
      vertex -3.70283 -14.4954 -23
      vertex 4.75408 13.0617 -23
      vertex 4.56251 13.146 -23
    endloop
  endfacet
  facet normal 0 0 1
    outer loop
      vertex -3.70283 -14.4954 -23
      vertex 4.56251 13.146 -23
      vertex 4.38359 13.2546 -23
    endloop
  endfacet
  facet normal 0 0 1
    outer loop
      vertex -3.70283 -14.4954 -23
      vertex 4.38359 13.2546 -23
      vertex 4.22037 13.3856 -23
    endloop
  endfacet
  facet normal 0 0 1
    outer loop
      vertex -3.70283 -14.4954 -23
      vertex 4.22037 13.3856 -23
      vertex 4.07564 13.5368 -23
    endloop
  endfacet
  facet normal 0 0 1
    outer loop
      vertex -3.70283 -14.4954 -23
      vertex 4.07564 13.5368 -23
      vertex 3.95189 13.7056 -23
    endloop
  endfacet
  facet normal 0 0 1
    outer loop
      vertex -3.70283 -14.4954 -23
      vertex 3.95189 13.7056 -23
      vertex 3.85122 13.889 -23
    endloop
  endfacet
  facet normal 0 0 1
    outer loop
      vertex -3.70283 -14.4954 -23
      vertex 3.72562 14.2874 -23
      vertex 3.70283 14.4954 -23
    endloop
  endfacet
  facet normal 0 0 1
    outer loop
      vertex -3.70283 -14.4954 -23
      vertex 3.77537 14.0841 -23
      vertex 3.72562 14.2874 -23
    endloop
  endfacet
  facet normal 0 0 1
    outer loop
      vertex -3.70283 -14.4954 -23
      vertex 3.85122 13.889 -23
      vertex 3.77537 14.0841 -23
    endloop
  endfacet
  facet normal 0 0 1
    outer loop
      vertex 13.0393 -5.78244 -23
      vertex -3.70283 -14.4954 -23
      vertex 13.1151 -5.9775 -23
    endloop
  endfacet
  facet normal 0 0 1
    outer loop
      vertex -3.70283 -14.4954 -23
      vertex 13.2158 -6.16099 -23
      vertex 13.1151 -5.9775 -23
    endloop
  endfacet
  facet normal 0 0 1
    outer loop
      vertex -3.70283 -14.4954 -23
      vertex 13.3396 -6.32977 -23
      vertex 13.2158 -6.16099 -23
    endloop
  endfacet
  facet normal 0 0 1
    outer loop
      vertex -3.70283 -14.4954 -23
      vertex 13.4843 -6.48096 -23
      vertex 13.3396 -6.32977 -23
    endloop
  endfacet
  facet normal 0 0 1
    outer loop
      vertex -3.70283 -14.4954 -23
      vertex 13.6475 -6.61196 -23
      vertex 13.4843 -6.48096 -23
    endloop
  endfacet
  facet normal 0 0 1
    outer loop
      vertex -3.7074 -14.7047 -23
      vertex 13.6475 -6.61196 -23
      vertex -3.70283 -14.4954 -23
    endloop
  endfacet
  facet normal 0 0 1
    outer loop
      vertex 13.6475 -6.61196 -23
      vertex -3.7074 -14.7047 -23
      vertex 13.8264 -6.72053 -23
    endloop
  endfacet
  facet normal 0 0 1
    outer loop
      vertex -3.73924 -14.9115 -23
      vertex 13.8264 -6.72053 -23
      vertex -3.7074 -14.7047 -23
    endloop
  endfacet
  facet normal 0 0 1
    outer loop
      vertex 13.8264 -6.72053 -23
      vertex -3.73924 -14.9115 -23
      vertex 14.018 -6.80482 -23
    endloop
  endfacet
  facet normal 0 0 1
    outer loop
      vertex -3.7978 -15.1125 -23
      vertex 14.018 -6.80482 -23
      vertex -3.73924 -14.9115 -23
    endloop
  endfacet
  facet normal 0 0 1
    outer loop
      vertex 14.018 -6.80482 -23
      vertex -3.7978 -15.1125 -23
      vertex 14.2189 -6.86339 -23
    endloop
  endfacet
  facet normal 0 0 1
    outer loop
      vertex -3.88209 -15.304 -23
      vertex 14.2189 -6.86339 -23
      vertex -3.7978 -15.1125 -23
    endloop
  endfacet
  facet normal 0 0 1
    outer loop
      vertex -3.99067 -15.483 -23
      vertex 14.2189 -6.86339 -23
      vertex -3.88209 -15.304 -23
    endloop
  endfacet
  facet normal 0 0 1
    outer loop
      vertex 14.4258 -6.89522 -23
      vertex -3.99067 -15.483 -23
      vertex -4.12167 -15.6462 -23
    endloop
  endfacet
  facet normal 0 0 1
    outer loop
      vertex 14.635 -6.89979 -23
      vertex -4.12167 -15.6462 -23
      vertex 28.1068 -10.23 -23
    endloop
  endfacet
  facet normal 0 0 1
    outer loop
      vertex -10.23 -28.1068 -23
      vertex -4.12167 -15.6462 -23
      vertex -4.27285 -15.7909 -23
    endloop
  endfacet
  facet normal 0 0 1
    outer loop
      vertex -10.23 -28.1068 -23
      vertex -4.27285 -15.7909 -23
      vertex -4.44163 -15.9147 -23
    endloop
  endfacet
  facet normal 0 0 1
    outer loop
      vertex -10.23 -28.1068 -23
      vertex -4.44163 -15.9147 -23
      vertex -4.62512 -16.0153 -23
    endloop
  endfacet
  facet normal 0 0 1
    outer loop
      vertex -10.23 -28.1068 -23
      vertex -4.62512 -16.0153 -23
      vertex -4.82018 -16.0912 -23
    endloop
  endfacet
  facet normal 0 0 1
    outer loop
      vertex -10.23 -28.1068 -23
      vertex -4.82018 -16.0912 -23
      vertex -5.02347 -16.1409 -23
    endloop
  endfacet
  facet normal -0 0 1
    outer loop
      vertex -4.12167 -15.6462 -23
      vertex -10.23 -28.1068 -23
      vertex 28.1068 -10.23 -23
    endloop
  endfacet
  facet normal -0 0 1
    outer loop
      vertex -5.23152 -16.1637 -23
      vertex -10.23 -28.1068 -23
      vertex -5.02347 -16.1409 -23
    endloop
  endfacet
  facet normal 0 0 1
    outer loop
      vertex -5.44076 -16.1591 -23
      vertex -10.23 -28.1068 -23
      vertex -5.23152 -16.1637 -23
    endloop
  endfacet
  facet normal 0 0 1
    outer loop
      vertex -5.64761 -16.1273 -23
      vertex -10.23 -28.1068 -23
      vertex -5.44076 -16.1591 -23
    endloop
  endfacet
  facet normal 0 0 1
    outer loop
      vertex -5.84854 -16.0687 -23
      vertex -10.23 -28.1068 -23
      vertex -5.64761 -16.1273 -23
    endloop
  endfacet
  facet normal 0 0 1
    outer loop
      vertex -6.04011 -15.9845 -23
      vertex -10.23 -28.1068 -23
      vertex -5.84854 -16.0687 -23
    endloop
  endfacet
  facet normal 0 0 1
    outer loop
      vertex -6.21903 -15.8759 -23
      vertex -10.23 -28.1068 -23
      vertex -6.04011 -15.9845 -23
    endloop
  endfacet
  facet normal 0 0 1
    outer loop
      vertex -6.38226 -15.7449 -23
      vertex -10.23 -28.1068 -23
      vertex -6.21903 -15.8759 -23
    endloop
  endfacet
  facet normal 0 0 1
    outer loop
      vertex -6.52698 -15.5937 -23
      vertex -10.23 -28.1068 -23
      vertex -6.38226 -15.7449 -23
    endloop
  endfacet
  facet normal 0 0 1
    outer loop
      vertex -6.65074 -15.4249 -23
      vertex -10.23 -28.1068 -23
      vertex -6.52698 -15.5937 -23
    endloop
  endfacet
  facet normal 0 0 1
    outer loop
      vertex -6.7514 -15.2414 -23
      vertex -10.23 -28.1068 -23
      vertex -6.65074 -15.4249 -23
    endloop
  endfacet
  facet normal 0 0 1
    outer loop
      vertex -6.82726 -15.0464 -23
      vertex -10.23 -28.1068 -23
      vertex -6.7514 -15.2414 -23
    endloop
  endfacet
  facet normal 0 0 1
    outer loop
      vertex -6.877 -14.8431 -23
      vertex -10.23 -28.1068 -23
      vertex -6.82726 -15.0464 -23
    endloop
  endfacet
  facet normal 0 0 1
    outer loop
      vertex -10.23 -28.1068 -23
      vertex -6.877 -14.8431 -23
      vertex -6.89979 -14.635 -23
    endloop
  endfacet
  facet normal 0 0 -1
    outer loop
      vertex -10.23 -28.1068 -63
      vertex 10.23 28.1068 -63
      vertex 28.1068 -10.23 -63
    endloop
  endfacet
  facet normal 0 0 -1
    outer loop
      vertex 10.23 28.1068 -63
      vertex -10.23 -28.1068 -63
      vertex -28.1068 10.23 -63
    endloop
  endfacet
  facet normal -0.906307 -0.422619 0
    outer loop
      vertex -10.23 -28.1068 -63
      vertex -28.1068 10.23 -23
      vertex -28.1068 10.23 -63
    endloop
  endfacet
  facet normal -0.906307 -0.422619 0
    outer loop
      vertex -28.1068 10.23 -23
      vertex -10.23 -28.1068 -63
      vertex -10.23 -28.1068 -23
    endloop
  endfacet
  facet normal -0.422619 0.906307 0
    outer loop
      vertex 10.23 28.1068 -63
      vertex -28.1068 10.23 -23
      vertex 10.23 28.1068 -23
    endloop
  endfacet
  facet normal -0.422619 0.906307 0
    outer loop
      vertex -28.1068 10.23 -23
      vertex 10.23 28.1068 -63
      vertex -28.1068 10.23 -63
    endloop
  endfacet
  facet normal 0.422619 -0.906307 0
    outer loop
      vertex -10.23 -28.1068 -63
      vertex 28.1068 -10.23 -23
      vertex -10.23 -28.1068 -23
    endloop
  endfacet
  facet normal 0.422619 -0.906307 0
    outer loop
      vertex 28.1068 -10.23 -23
      vertex -10.23 -28.1068 -63
      vertex 28.1068 -10.23 -63
    endloop
  endfacet
  facet normal 0.971342 0.237687 0
    outer loop
      vertex 10.8329 1.91013 -3
      vertex 10.4909 3.30776 -5
      vertex 10.4909 3.30776 -3
    endloop
  endfacet
  facet normal 0.971342 0.237687 0
    outer loop
      vertex 10.4909 3.30776 -5
      vertex 10.8329 1.91013 -3
      vertex 10.8329 1.91013 -5
    endloop
  endfacet
  facet normal 0.854912 -0.518774 0
    outer loop
      vertex 9.01067 -6.30934 -3
      vertex 9.75712 -5.07923 -5
      vertex 9.75712 -5.07923 -3
    endloop
  endfacet
  facet normal 0.854912 -0.518774 0
    outer loop
      vertex 9.75712 -5.07923 -5
      vertex 9.01067 -6.30934 -3
      vertex 9.01067 -6.30934 -5
    endloop
  endfacet
  facet normal 0.806442 0.591314 0
    outer loop
      vertex 9.27731 5.9103 -3
      vertex 8.42649 7.07066 -5
      vertex 8.42649 7.07066 -3
    endloop
  endfacet
  facet normal 0.806442 0.591314 0
    outer loop
      vertex 8.42649 7.07066 -5
      vertex 9.27731 5.9103 -3
      vertex 9.27731 5.9103 -5
    endloop
  endfacet
  facet normal 0.876728 0.480987 0
    outer loop
      vertex 9.96939 4.6488 -3
      vertex 9.27731 5.9103 -5
      vertex 9.27731 5.9103 -3
    endloop
  endfacet
  facet normal 0.876728 0.480987 0
    outer loop
      vertex 9.27731 5.9103 -5
      vertex 9.96939 4.6488 -3
      vertex 9.96939 4.6488 -5
    endloop
  endfacet
  facet normal -0.591314 0.806442 0
    outer loop
      vertex -5.9103 9.27731 -5
      vertex -7.07066 8.42649 -3
      vertex -5.9103 9.27731 -3
    endloop
  endfacet
  facet normal -0.591314 0.806442 0
    outer loop
      vertex -7.07066 8.42649 -3
      vertex -5.9103 9.27731 -5
      vertex -7.07066 8.42649 -5
    endloop
  endfacet
  facet normal 0.779885 -0.625923 0
    outer loop
      vertex 8.11005 -7.43149 -3
      vertex 9.01067 -6.30934 -5
      vertex 9.01067 -6.30934 -3
    endloop
  endfacet
  facet normal 0.779885 -0.625923 0
    outer loop
      vertex 9.01067 -6.30934 -5
      vertex 8.11005 -7.43149 -3
      vertex 8.11005 -7.43149 -5
    endloop
  endfacet
  facet normal 0.99406 0.108836 0
    outer loop
      vertex 10.9895 0.479813 -3
      vertex 10.8329 1.91013 -5
      vertex 10.8329 1.91013 -3
    endloop
  endfacet
  facet normal 0.99406 0.108836 0
    outer loop
      vertex 10.8329 1.91013 -5
      vertex 10.9895 0.479813 -3
      vertex 10.9895 0.479813 -5
    endloop
  endfacet
  facet normal -0.988371 0.152065 0
    outer loop
      vertex -10.9581 0.958714 -5
      vertex -10.7393 2.38084 -3
      vertex -10.7393 2.38084 -5
    endloop
  endfacet
  facet normal -0.988371 0.152065 0
    outer loop
      vertex -10.7393 2.38084 -3
      vertex -10.9581 0.958714 -5
      vertex -10.9581 0.958714 -3
    endloop
  endfacet
  facet normal -0.779885 0.625923 0
    outer loop
      vertex -9.01067 6.30934 -5
      vertex -8.11005 7.43149 -3
      vertex -8.11005 7.43149 -5
    endloop
  endfacet
  facet normal -0.779885 0.625923 0
    outer loop
      vertex -8.11005 7.43149 -3
      vertex -9.01067 6.30934 -5
      vertex -9.01067 6.30934 -3
    endloop
  endfacet
  facet normal -0.854912 0.518774 0
    outer loop
      vertex -9.75712 5.07923 -5
      vertex -9.01067 6.30934 -3
      vertex -9.01067 6.30934 -5
    endloop
  endfacet
  facet normal -0.854912 0.518774 0
    outer loop
      vertex -9.01067 6.30934 -3
      vertex -9.75712 5.07923 -5
      vertex -9.75712 5.07923 -3
    endloop
  endfacet
  facet normal -0.722364 -0.691513 0
    outer loop
      vertex -7.43149 -8.11005 -5
      vertex -8.42649 -7.07066 -3
      vertex -8.42649 -7.07066 -5
    endloop
  endfacet
  facet normal -0.722364 -0.691513 0
    outer loop
      vertex -8.42649 -7.07066 -3
      vertex -7.43149 -8.11005 -5
      vertex -7.43149 -8.11005 -3
    endloop
  endfacet
  facet normal 0.691513 -0.722364 0
    outer loop
      vertex 7.07066 -8.42649 -5
      vertex 8.11005 -7.43149 -3
      vertex 7.07066 -8.42649 -3
    endloop
  endfacet
  facet normal 0.691513 -0.722364 0
    outer loop
      vertex 8.11005 -7.43149 -3
      vertex 7.07066 -8.42649 -5
      vertex 8.11005 -7.43149 -5
    endloop
  endfacet
  facet normal -0.691513 0.722364 0
    outer loop
      vertex -7.07066 8.42649 -5
      vertex -8.11005 7.43149 -3
      vertex -7.07066 8.42649 -3
    endloop
  endfacet
  facet normal -0.691513 0.722364 0
    outer loop
      vertex -8.11005 7.43149 -3
      vertex -7.07066 8.42649 -5
      vertex -8.11005 7.43149 -5
    endloop
  endfacet
  facet normal 0.722364 0.691513 0
    outer loop
      vertex 8.42649 7.07066 -3
      vertex 7.43149 8.11005 -5
      vertex 7.43149 8.11005 -3
    endloop
  endfacet
  facet normal 0.722364 0.691513 0
    outer loop
      vertex 7.43149 8.11005 -5
      vertex 8.42649 7.07066 -3
      vertex 8.42649 7.07066 -5
    endloop
  endfacet
  facet normal -0.0218227 -0.999762 0
    outer loop
      vertex -0.958714 -10.9581 -5
      vertex 0.479813 -10.9895 -3
      vertex -0.958714 -10.9581 -3
    endloop
  endfacet
  facet normal -0.0218227 -0.999762 -0
    outer loop
      vertex 0.479813 -10.9895 -3
      vertex -0.958714 -10.9581 -5
      vertex 0.479813 -10.9895 -5
    endloop
  endfacet
  facet normal -0.932006 -0.362443 0
    outer loop
      vertex -9.96939 -4.6488 -5
      vertex -10.4909 -3.30776 -3
      vertex -10.4909 -3.30776 -5
    endloop
  endfacet
  facet normal -0.932006 -0.362443 0
    outer loop
      vertex -10.4909 -3.30776 -3
      vertex -9.96939 -4.6488 -5
      vertex -9.96939 -4.6488 -3
    endloop
  endfacet
  facet normal -0.99406 -0.108836 0
    outer loop
      vertex -10.8329 -1.91013 -5
      vertex -10.9895 -0.479813 -3
      vertex -10.9895 -0.479813 -5
    endloop
  endfacet
  facet normal -0.99406 -0.108836 0
    outer loop
      vertex -10.9895 -0.479813 -3
      vertex -10.8329 -1.91013 -5
      vertex -10.8329 -1.91013 -3
    endloop
  endfacet
  facet normal 0.480987 -0.876728 0
    outer loop
      vertex 4.6488 -9.96939 -5
      vertex 5.9103 -9.27731 -3
      vertex 4.6488 -9.96939 -3
    endloop
  endfacet
  facet normal 0.480987 -0.876728 0
    outer loop
      vertex 5.9103 -9.27731 -3
      vertex 4.6488 -9.96939 -5
      vertex 5.9103 -9.27731 -5
    endloop
  endfacet
  facet normal 0.915316 -0.402736 0
    outer loop
      vertex 9.75712 -5.07923 -3
      vertex 10.3366 -3.76222 -5
      vertex 10.3366 -3.76222 -3
    endloop
  endfacet
  facet normal 0.915316 -0.402736 0
    outer loop
      vertex 10.3366 -3.76222 -5
      vertex 9.75712 -5.07923 -3
      vertex 9.75712 -5.07923 -5
    endloop
  endfacet
  facet normal 0.518774 0.854912 -0
    outer loop
      vertex 6.30934 9.01067 -5
      vertex 5.07923 9.75712 -3
      vertex 6.30934 9.01067 -3
    endloop
  endfacet
  facet normal 0.518774 0.854912 0
    outer loop
      vertex 5.07923 9.75712 -3
      vertex 6.30934 9.01067 -5
      vertex 5.07923 9.75712 -5
    endloop
  endfacet
  facet normal 0.27987 0.960038 -0
    outer loop
      vertex 3.76222 10.3366 -5
      vertex 2.38084 10.7393 -3
      vertex 3.76222 10.3366 -3
    endloop
  endfacet
  facet normal 0.27987 0.960038 0
    outer loop
      vertex 2.38084 10.7393 -3
      vertex 3.76222 10.3366 -5
      vertex 2.38084 10.7393 -5
    endloop
  endfacet
  facet normal 0.932006 0.362443 0
    outer loop
      vertex 10.4909 3.30776 -3
      vertex 9.96939 4.6488 -5
      vertex 9.96939 4.6488 -3
    endloop
  endfacet
  facet normal 0.932006 0.362443 0
    outer loop
      vertex 9.96939 4.6488 -5
      vertex 10.4909 3.30776 -3
      vertex 10.4909 3.30776 -5
    endloop
  endfacet
  facet normal 0.0218227 0.999762 -0
    outer loop
      vertex 0.958714 10.9581 -5
      vertex -0.479813 10.9895 -3
      vertex 0.958714 10.9581 -3
    endloop
  endfacet
  facet normal 0.0218227 0.999762 0
    outer loop
      vertex -0.479813 10.9895 -3
      vertex 0.958714 10.9581 -5
      vertex -0.479813 10.9895 -5
    endloop
  endfacet
  facet normal 0.402736 0.915316 -0
    outer loop
      vertex 5.07923 9.75712 -5
      vertex 3.76222 10.3366 -3
      vertex 5.07923 9.75712 -3
    endloop
  endfacet
  facet normal 0.402736 0.915316 0
    outer loop
      vertex 3.76222 10.3366 -3
      vertex 5.07923 9.75712 -5
      vertex 3.76222 10.3366 -5
    endloop
  endfacet
  facet normal 0.960038 -0.27987 0
    outer loop
      vertex 10.3366 -3.76222 -3
      vertex 10.7393 -2.38084 -5
      vertex 10.7393 -2.38084 -3
    endloop
  endfacet
  facet normal 0.960038 -0.27987 0
    outer loop
      vertex 10.7393 -2.38084 -5
      vertex 10.3366 -3.76222 -3
      vertex 10.3366 -3.76222 -5
    endloop
  endfacet
  facet normal 0.362443 -0.932006 0
    outer loop
      vertex 3.30776 -10.4909 -5
      vertex 4.6488 -9.96939 -3
      vertex 3.30776 -10.4909 -3
    endloop
  endfacet
  facet normal 0.362443 -0.932006 0
    outer loop
      vertex 4.6488 -9.96939 -3
      vertex 3.30776 -10.4909 -5
      vertex 4.6488 -9.96939 -5
    endloop
  endfacet
  facet normal -0.480987 0.876728 0
    outer loop
      vertex -4.6488 9.96939 -5
      vertex -5.9103 9.27731 -3
      vertex -4.6488 9.96939 -3
    endloop
  endfacet
  facet normal -0.480987 0.876728 0
    outer loop
      vertex -5.9103 9.27731 -3
      vertex -4.6488 9.96939 -5
      vertex -5.9103 9.27731 -5
    endloop
  endfacet
  facet normal -0.518774 -0.854912 0
    outer loop
      vertex -6.30934 -9.01067 -5
      vertex -5.07923 -9.75712 -3
      vertex -6.30934 -9.01067 -3
    endloop
  endfacet
  facet normal -0.518774 -0.854912 -0
    outer loop
      vertex -5.07923 -9.75712 -3
      vertex -6.30934 -9.01067 -5
      vertex -5.07923 -9.75712 -5
    endloop
  endfacet
  facet normal -0.237687 0.971342 0
    outer loop
      vertex -1.91013 10.8329 -5
      vertex -3.30776 10.4909 -3
      vertex -1.91013 10.8329 -3
    endloop
  endfacet
  facet normal -0.237687 0.971342 0
    outer loop
      vertex -3.30776 10.4909 -3
      vertex -1.91013 10.8329 -5
      vertex -3.30776 10.4909 -5
    endloop
  endfacet
  facet normal 0.591314 -0.806442 0
    outer loop
      vertex 5.9103 -9.27731 -5
      vertex 7.07066 -8.42649 -3
      vertex 5.9103 -9.27731 -3
    endloop
  endfacet
  facet normal 0.591314 -0.806442 0
    outer loop
      vertex 7.07066 -8.42649 -3
      vertex 5.9103 -9.27731 -5
      vertex 7.07066 -8.42649 -5
    endloop
  endfacet
  facet normal -0.960038 0.27987 0
    outer loop
      vertex -10.7393 2.38084 -5
      vertex -10.3366 3.76222 -3
      vertex -10.3366 3.76222 -5
    endloop
  endfacet
  facet normal -0.960038 0.27987 0
    outer loop
      vertex -10.3366 3.76222 -3
      vertex -10.7393 2.38084 -5
      vertex -10.7393 2.38084 -3
    endloop
  endfacet
  facet normal 0.999762 -0.0218227 0
    outer loop
      vertex 10.9581 -0.958714 -3
      vertex 10.9895 0.479813 -5
      vertex 10.9895 0.479813 -3
    endloop
  endfacet
  facet normal 0.999762 -0.0218227 0
    outer loop
      vertex 10.9895 0.479813 -5
      vertex 10.9581 -0.958714 -3
      vertex 10.9581 -0.958714 -5
    endloop
  endfacet
  facet normal -0.625923 -0.779885 0
    outer loop
      vertex -7.43149 -8.11005 -5
      vertex -6.30934 -9.01067 -3
      vertex -7.43149 -8.11005 -3
    endloop
  endfacet
  facet normal -0.625923 -0.779885 -0
    outer loop
      vertex -6.30934 -9.01067 -3
      vertex -7.43149 -8.11005 -5
      vertex -6.30934 -9.01067 -5
    endloop
  endfacet
  facet normal 0.152065 0.988371 -0
    outer loop
      vertex 2.38084 10.7393 -5
      vertex 0.958714 10.9581 -3
      vertex 2.38084 10.7393 -3
    endloop
  endfacet
  facet normal 0.152065 0.988371 0
    outer loop
      vertex 0.958714 10.9581 -3
      vertex 2.38084 10.7393 -5
      vertex 0.958714 10.9581 -5
    endloop
  endfacet
  facet normal 0.988371 -0.152065 0
    outer loop
      vertex 10.7393 -2.38084 -3
      vertex 10.9581 -0.958714 -5
      vertex 10.9581 -0.958714 -3
    endloop
  endfacet
  facet normal 0.988371 -0.152065 0
    outer loop
      vertex 10.9581 -0.958714 -5
      vertex 10.7393 -2.38084 -3
      vertex 10.7393 -2.38084 -5
    endloop
  endfacet
  facet normal 0 0 -1
    outer loop
      vertex 10.9581 -0.958714 -5
      vertex 10.8329 1.91013 -5
      vertex 10.9895 0.479813 -5
    endloop
  endfacet
  facet normal 0 0 -1
    outer loop
      vertex 10.7393 -2.38084 -5
      vertex 10.8329 1.91013 -5
      vertex 10.9581 -0.958714 -5
    endloop
  endfacet
  facet normal 0 0 -1
    outer loop
      vertex 10.7393 -2.38084 -5
      vertex 10.4909 3.30776 -5
      vertex 10.8329 1.91013 -5
    endloop
  endfacet
  facet normal 0 0 -1
    outer loop
      vertex 10.3366 -3.76222 -5
      vertex 10.4909 3.30776 -5
      vertex 10.7393 -2.38084 -5
    endloop
  endfacet
  facet normal 0 0 -1
    outer loop
      vertex 10.3366 -3.76222 -5
      vertex 9.96939 4.6488 -5
      vertex 10.4909 3.30776 -5
    endloop
  endfacet
  facet normal 0 0 -1
    outer loop
      vertex 9.75712 -5.07923 -5
      vertex 9.96939 4.6488 -5
      vertex 10.3366 -3.76222 -5
    endloop
  endfacet
  facet normal 0 0 -1
    outer loop
      vertex 9.75712 -5.07923 -5
      vertex 9.27731 5.9103 -5
      vertex 9.96939 4.6488 -5
    endloop
  endfacet
  facet normal 0 0 -1
    outer loop
      vertex 9.01067 -6.30934 -5
      vertex 9.27731 5.9103 -5
      vertex 9.75712 -5.07923 -5
    endloop
  endfacet
  facet normal 0 0 -1
    outer loop
      vertex 9.01067 -6.30934 -5
      vertex 8.42649 7.07066 -5
      vertex 9.27731 5.9103 -5
    endloop
  endfacet
  facet normal 0 0 -1
    outer loop
      vertex 8.11005 -7.43149 -5
      vertex 8.42649 7.07066 -5
      vertex 9.01067 -6.30934 -5
    endloop
  endfacet
  facet normal 0 0 -1
    outer loop
      vertex 8.11005 -7.43149 -5
      vertex 7.43149 8.11005 -5
      vertex 8.42649 7.07066 -5
    endloop
  endfacet
  facet normal 0 0 -1
    outer loop
      vertex 7.07066 -8.42649 -5
      vertex 7.43149 8.11005 -5
      vertex 8.11005 -7.43149 -5
    endloop
  endfacet
  facet normal 0 0 -1
    outer loop
      vertex 7.07066 -8.42649 -5
      vertex 6.30934 9.01067 -5
      vertex 7.43149 8.11005 -5
    endloop
  endfacet
  facet normal 0 0 -1
    outer loop
      vertex 5.9103 -9.27731 -5
      vertex 6.30934 9.01067 -5
      vertex 7.07066 -8.42649 -5
    endloop
  endfacet
  facet normal 0 0 -1
    outer loop
      vertex 5.9103 -9.27731 -5
      vertex 5.07923 9.75712 -5
      vertex 6.30934 9.01067 -5
    endloop
  endfacet
  facet normal 0 0 -1
    outer loop
      vertex 4.6488 -9.96939 -5
      vertex 5.07923 9.75712 -5
      vertex 5.9103 -9.27731 -5
    endloop
  endfacet
  facet normal 0 0 -1
    outer loop
      vertex 4.6488 -9.96939 -5
      vertex 3.76222 10.3366 -5
      vertex 5.07923 9.75712 -5
    endloop
  endfacet
  facet normal 0 0 -1
    outer loop
      vertex 3.30776 -10.4909 -5
      vertex 3.76222 10.3366 -5
      vertex 4.6488 -9.96939 -5
    endloop
  endfacet
  facet normal 0 0 -1
    outer loop
      vertex 3.30776 -10.4909 -5
      vertex 2.38084 10.7393 -5
      vertex 3.76222 10.3366 -5
    endloop
  endfacet
  facet normal 0 0 -1
    outer loop
      vertex 1.91013 -10.8329 -5
      vertex 2.38084 10.7393 -5
      vertex 3.30776 -10.4909 -5
    endloop
  endfacet
  facet normal 0 0 -1
    outer loop
      vertex 1.91013 -10.8329 -5
      vertex 0.958714 10.9581 -5
      vertex 2.38084 10.7393 -5
    endloop
  endfacet
  facet normal 0 0 -1
    outer loop
      vertex 0.479813 -10.9895 -5
      vertex 0.958714 10.9581 -5
      vertex 1.91013 -10.8329 -5
    endloop
  endfacet
  facet normal 0 0 -1
    outer loop
      vertex 0.479813 -10.9895 -5
      vertex -0.479813 10.9895 -5
      vertex 0.958714 10.9581 -5
    endloop
  endfacet
  facet normal 0 0 -1
    outer loop
      vertex -0.958714 -10.9581 -5
      vertex -0.479813 10.9895 -5
      vertex 0.479813 -10.9895 -5
    endloop
  endfacet
  facet normal 0 0 -1
    outer loop
      vertex -0.958714 -10.9581 -5
      vertex -1.91013 10.8329 -5
      vertex -0.479813 10.9895 -5
    endloop
  endfacet
  facet normal 0 0 -1
    outer loop
      vertex -2.38084 -10.7393 -5
      vertex -1.91013 10.8329 -5
      vertex -0.958714 -10.9581 -5
    endloop
  endfacet
  facet normal 0 0 -1
    outer loop
      vertex -2.38084 -10.7393 -5
      vertex -3.30776 10.4909 -5
      vertex -1.91013 10.8329 -5
    endloop
  endfacet
  facet normal 0 0 -1
    outer loop
      vertex -3.76222 -10.3366 -5
      vertex -3.30776 10.4909 -5
      vertex -2.38084 -10.7393 -5
    endloop
  endfacet
  facet normal 0 0 -1
    outer loop
      vertex -3.76222 -10.3366 -5
      vertex -4.6488 9.96939 -5
      vertex -3.30776 10.4909 -5
    endloop
  endfacet
  facet normal 0 0 -1
    outer loop
      vertex -5.07923 -9.75712 -5
      vertex -4.6488 9.96939 -5
      vertex -3.76222 -10.3366 -5
    endloop
  endfacet
  facet normal 0 0 -1
    outer loop
      vertex -5.07923 -9.75712 -5
      vertex -5.9103 9.27731 -5
      vertex -4.6488 9.96939 -5
    endloop
  endfacet
  facet normal 0 0 -1
    outer loop
      vertex -6.30934 -9.01067 -5
      vertex -5.9103 9.27731 -5
      vertex -5.07923 -9.75712 -5
    endloop
  endfacet
  facet normal 0 0 -1
    outer loop
      vertex -6.30934 -9.01067 -5
      vertex -7.07066 8.42649 -5
      vertex -5.9103 9.27731 -5
    endloop
  endfacet
  facet normal 0 0 -1
    outer loop
      vertex -7.43149 -8.11005 -5
      vertex -7.07066 8.42649 -5
      vertex -6.30934 -9.01067 -5
    endloop
  endfacet
  facet normal 0 0 -1
    outer loop
      vertex -7.43149 -8.11005 -5
      vertex -8.11005 7.43149 -5
      vertex -7.07066 8.42649 -5
    endloop
  endfacet
  facet normal 0 0 -1
    outer loop
      vertex -8.42649 -7.07066 -5
      vertex -8.11005 7.43149 -5
      vertex -7.43149 -8.11005 -5
    endloop
  endfacet
  facet normal 0 0 -1
    outer loop
      vertex -8.42649 -7.07066 -5
      vertex -9.01067 6.30934 -5
      vertex -8.11005 7.43149 -5
    endloop
  endfacet
  facet normal 0 0 -1
    outer loop
      vertex -9.27731 -5.9103 -5
      vertex -9.01067 6.30934 -5
      vertex -8.42649 -7.07066 -5
    endloop
  endfacet
  facet normal 0 0 -1
    outer loop
      vertex -9.27731 -5.9103 -5
      vertex -9.75712 5.07923 -5
      vertex -9.01067 6.30934 -5
    endloop
  endfacet
  facet normal 0 0 -1
    outer loop
      vertex -9.96939 -4.6488 -5
      vertex -9.75712 5.07923 -5
      vertex -9.27731 -5.9103 -5
    endloop
  endfacet
  facet normal 0 0 -1
    outer loop
      vertex -9.96939 -4.6488 -5
      vertex -10.3366 3.76222 -5
      vertex -9.75712 5.07923 -5
    endloop
  endfacet
  facet normal 0 0 -1
    outer loop
      vertex -10.4909 -3.30776 -5
      vertex -10.3366 3.76222 -5
      vertex -9.96939 -4.6488 -5
    endloop
  endfacet
  facet normal 0 0 -1
    outer loop
      vertex -10.4909 -3.30776 -5
      vertex -10.7393 2.38084 -5
      vertex -10.3366 3.76222 -5
    endloop
  endfacet
  facet normal 0 0 -1
    outer loop
      vertex -10.8329 -1.91013 -5
      vertex -10.7393 2.38084 -5
      vertex -10.4909 -3.30776 -5
    endloop
  endfacet
  facet normal 0 0 -1
    outer loop
      vertex -10.8329 -1.91013 -5
      vertex -10.9581 0.958714 -5
      vertex -10.7393 2.38084 -5
    endloop
  endfacet
  facet normal 0 -0 -1
    outer loop
      vertex -10.9581 0.958714 -5
      vertex -10.8329 -1.91013 -5
      vertex -10.9895 -0.479813 -5
    endloop
  endfacet
  facet normal -0.402736 -0.915316 0
    outer loop
      vertex -5.07923 -9.75712 -5
      vertex -3.76222 -10.3366 -3
      vertex -5.07923 -9.75712 -3
    endloop
  endfacet
  facet normal -0.402736 -0.915316 -0
    outer loop
      vertex -3.76222 -10.3366 -3
      vertex -5.07923 -9.75712 -5
      vertex -3.76222 -10.3366 -5
    endloop
  endfacet
  facet normal -0.915316 0.402736 0
    outer loop
      vertex -10.3366 3.76222 -5
      vertex -9.75712 5.07923 -3
      vertex -9.75712 5.07923 -5
    endloop
  endfacet
  facet normal -0.915316 0.402736 0
    outer loop
      vertex -9.75712 5.07923 -3
      vertex -10.3366 3.76222 -5
      vertex -10.3366 3.76222 -3
    endloop
  endfacet
  facet normal 0.625923 0.779885 -0
    outer loop
      vertex 7.43149 8.11005 -5
      vertex 6.30934 9.01067 -3
      vertex 7.43149 8.11005 -3
    endloop
  endfacet
  facet normal 0.625923 0.779885 0
    outer loop
      vertex 6.30934 9.01067 -3
      vertex 7.43149 8.11005 -5
      vertex 6.30934 9.01067 -5
    endloop
  endfacet
  facet normal -0.108836 0.99406 0
    outer loop
      vertex -0.479813 10.9895 -5
      vertex -1.91013 10.8329 -3
      vertex -0.479813 10.9895 -3
    endloop
  endfacet
  facet normal -0.108836 0.99406 0
    outer loop
      vertex -1.91013 10.8329 -3
      vertex -0.479813 10.9895 -5
      vertex -1.91013 10.8329 -5
    endloop
  endfacet
  facet normal -0.806442 -0.591314 0
    outer loop
      vertex -8.42649 -7.07066 -5
      vertex -9.27731 -5.9103 -3
      vertex -9.27731 -5.9103 -5
    endloop
  endfacet
  facet normal -0.806442 -0.591314 0
    outer loop
      vertex -9.27731 -5.9103 -3
      vertex -8.42649 -7.07066 -5
      vertex -8.42649 -7.07066 -3
    endloop
  endfacet
  facet normal -0.971342 -0.237687 0
    outer loop
      vertex -10.4909 -3.30776 -5
      vertex -10.8329 -1.91013 -3
      vertex -10.8329 -1.91013 -5
    endloop
  endfacet
  facet normal -0.971342 -0.237687 0
    outer loop
      vertex -10.8329 -1.91013 -3
      vertex -10.4909 -3.30776 -5
      vertex -10.4909 -3.30776 -3
    endloop
  endfacet
  facet normal -0.27987 -0.960038 0
    outer loop
      vertex -3.76222 -10.3366 -5
      vertex -2.38084 -10.7393 -3
      vertex -3.76222 -10.3366 -3
    endloop
  endfacet
  facet normal -0.27987 -0.960038 -0
    outer loop
      vertex -2.38084 -10.7393 -3
      vertex -3.76222 -10.3366 -5
      vertex -2.38084 -10.7393 -5
    endloop
  endfacet
  facet normal -0.999762 0.0218227 0
    outer loop
      vertex -10.9895 -0.479813 -5
      vertex -10.9581 0.958714 -3
      vertex -10.9581 0.958714 -5
    endloop
  endfacet
  facet normal -0.999762 0.0218227 0
    outer loop
      vertex -10.9581 0.958714 -3
      vertex -10.9895 -0.479813 -5
      vertex -10.9895 -0.479813 -3
    endloop
  endfacet
  facet normal 0.108836 -0.99406 0
    outer loop
      vertex 0.479813 -10.9895 -5
      vertex 1.91013 -10.8329 -3
      vertex 0.479813 -10.9895 -3
    endloop
  endfacet
  facet normal 0.108836 -0.99406 0
    outer loop
      vertex 1.91013 -10.8329 -3
      vertex 0.479813 -10.9895 -5
      vertex 1.91013 -10.8329 -5
    endloop
  endfacet
  facet normal -0.876728 -0.480987 0
    outer loop
      vertex -9.27731 -5.9103 -5
      vertex -9.96939 -4.6488 -3
      vertex -9.96939 -4.6488 -5
    endloop
  endfacet
  facet normal -0.876728 -0.480987 0
    outer loop
      vertex -9.96939 -4.6488 -3
      vertex -9.27731 -5.9103 -5
      vertex -9.27731 -5.9103 -3
    endloop
  endfacet
  facet normal -0.362443 0.932006 0
    outer loop
      vertex -3.30776 10.4909 -5
      vertex -4.6488 9.96939 -3
      vertex -3.30776 10.4909 -3
    endloop
  endfacet
  facet normal -0.362443 0.932006 0
    outer loop
      vertex -4.6488 9.96939 -3
      vertex -3.30776 10.4909 -5
      vertex -4.6488 9.96939 -5
    endloop
  endfacet
  facet normal 0.237687 -0.971342 0
    outer loop
      vertex 1.91013 -10.8329 -5
      vertex 3.30776 -10.4909 -3
      vertex 1.91013 -10.8329 -3
    endloop
  endfacet
  facet normal 0.237687 -0.971342 0
    outer loop
      vertex 3.30776 -10.4909 -3
      vertex 1.91013 -10.8329 -5
      vertex 3.30776 -10.4909 -5
    endloop
  endfacet
  facet normal -0.152065 -0.988371 0
    outer loop
      vertex -2.38084 -10.7393 -5
      vertex -0.958714 -10.9581 -3
      vertex -2.38084 -10.7393 -3
    endloop
  endfacet
  facet normal -0.152065 -0.988371 -0
    outer loop
      vertex -0.958714 -10.9581 -3
      vertex -2.38084 -10.7393 -5
      vertex -0.958714 -10.9581 -5
    endloop
  endfacet
  facet normal 0.806466 0.591281 0
    outer loop
      vertex 6.65074 15.4249 -3
      vertex 6.52698 15.5937 -23
      vertex 6.52698 15.5937 -3
    endloop
  endfacet
  facet normal 0.806466 0.591281 0
    outer loop
      vertex 6.52698 15.5937 -23
      vertex 6.65074 15.4249 -3
      vertex 6.65074 15.4249 -23
    endloop
  endfacet
  facet normal 0.87675 0.480946 0
    outer loop
      vertex 6.7514 15.2414 -3
      vertex 6.65074 15.4249 -23
      vertex 6.65074 15.4249 -3
    endloop
  endfacet
  facet normal 0.87675 0.480946 0
    outer loop
      vertex 6.65074 15.4249 -23
      vertex 6.7514 15.2414 -3
      vertex 6.7514 15.2414 -23
    endloop
  endfacet
  facet normal 0.722418 0.691457 0
    outer loop
      vertex 6.52698 15.5937 -3
      vertex 6.38226 15.7449 -23
      vertex 6.38226 15.7449 -3
    endloop
  endfacet
  facet normal 0.722418 0.691457 0
    outer loop
      vertex 6.38226 15.7449 -23
      vertex 6.52698 15.5937 -3
      vertex 6.52698 15.5937 -23
    endloop
  endfacet
  facet normal 0.518873 0.854851 -0
    outer loop
      vertex 6.21903 15.8759 -23
      vertex 6.04011 15.9845 -3
      vertex 6.21903 15.8759 -3
    endloop
  endfacet
  facet normal 0.518873 0.854851 0
    outer loop
      vertex 6.04011 15.9845 -3
      vertex 6.21903 15.8759 -23
      vertex 6.04011 15.9845 -23
    endloop
  endfacet
  facet normal 0.237935 -0.971281 0
    outer loop
      vertex 5.57915 12.9895 -23
      vertex 5.78244 13.0393 -3
      vertex 5.57915 12.9895 -3
    endloop
  endfacet
  facet normal 0.237935 -0.971281 0
    outer loop
      vertex 5.78244 13.0393 -3
      vertex 5.57915 12.9895 -23
      vertex 5.78244 13.0393 -23
    endloop
  endfacet
  facet normal 0.402375 0.915475 -0
    outer loop
      vertex 6.04011 15.9845 -23
      vertex 5.84854 16.0687 -3
      vertex 6.04011 15.9845 -3
    endloop
  endfacet
  facet normal 0.402375 0.915475 0
    outer loop
      vertex 5.84854 16.0687 -3
      vertex 6.04011 15.9845 -23
      vertex 5.84854 16.0687 -23
    endloop
  endfacet
  facet normal 0.931962 0.362557 0
    outer loop
      vertex 6.82726 15.0464 -3
      vertex 6.7514 15.2414 -23
      vertex 6.7514 15.2414 -3
    endloop
  endfacet
  facet normal 0.931962 0.362557 0
    outer loop
      vertex 6.7514 15.2414 -23
      vertex 6.82726 15.0464 -3
      vertex 6.82726 15.0464 -23
    endloop
  endfacet
  facet normal 0.625906 0.779898 -0
    outer loop
      vertex 6.38226 15.7449 -23
      vertex 6.21903 15.8759 -3
      vertex 6.38226 15.7449 -3
    endloop
  endfacet
  facet normal 0.625906 0.779898 0
    outer loop
      vertex 6.21903 15.8759 -3
      vertex 6.38226 15.7449 -23
      vertex 6.21903 15.8759 -23
    endloop
  endfacet
  facet normal -0.591451 0.806341 0
    outer loop
      vertex 4.44163 15.9147 -23
      vertex 4.27285 15.7909 -3
      vertex 4.44163 15.9147 -3
    endloop
  endfacet
  facet normal -0.591451 0.806341 0
    outer loop
      vertex 4.27285 15.7909 -3
      vertex 4.44163 15.9147 -23
      vertex 4.27285 15.7909 -23
    endloop
  endfacet
  facet normal -0.402775 -0.915299 0
    outer loop
      vertex 4.56251 13.146 -23
      vertex 4.75408 13.0617 -3
      vertex 4.56251 13.146 -3
    endloop
  endfacet
  facet normal -0.402775 -0.915299 -0
    outer loop
      vertex 4.75408 13.0617 -3
      vertex 4.56251 13.146 -23
      vertex 4.75408 13.0617 -23
    endloop
  endfacet
  facet normal -0.932041 -0.362354 0
    outer loop
      vertex 3.85122 13.889 -23
      vertex 3.77537 14.0841 -3
      vertex 3.77537 14.0841 -23
    endloop
  endfacet
  facet normal -0.932041 -0.362354 0
    outer loop
      vertex 3.77537 14.0841 -3
      vertex 3.85122 13.889 -23
      vertex 3.85122 13.889 -3
    endloop
  endfacet
  facet normal -0.876619 -0.481185 0
    outer loop
      vertex 3.95189 13.7056 -23
      vertex 3.85122 13.889 -3
      vertex 3.85122 13.889 -23
    endloop
  endfacet
  facet normal -0.876619 -0.481185 0
    outer loop
      vertex 3.85122 13.889 -3
      vertex 3.95189 13.7056 -23
      vertex 3.95189 13.7056 -3
    endloop
  endfacet
  facet normal 0.994057 0.108864 0
    outer loop
      vertex 6.89979 14.635 -3
      vertex 6.877 14.8431 -23
      vertex 6.877 14.8431 -3
    endloop
  endfacet
  facet normal 0.994057 0.108864 0
    outer loop
      vertex 6.877 14.8431 -23
      vertex 6.89979 14.635 -3
      vertex 6.89979 14.635 -23
    endloop
  endfacet
  facet normal 0.691431 -0.722443 0
    outer loop
      vertex 6.32977 13.3396 -23
      vertex 6.48096 13.4843 -3
      vertex 6.32977 13.3396 -3
    endloop
  endfacet
  facet normal 0.691431 -0.722443 0
    outer loop
      vertex 6.48096 13.4843 -3
      vertex 6.32977 13.3396 -23
      vertex 6.48096 13.4843 -23
    endloop
  endfacet
  facet normal 0.481113 -0.876658 0
    outer loop
      vertex 5.9775 13.1151 -23
      vertex 6.16099 13.2158 -3
      vertex 5.9775 13.1151 -3
    endloop
  endfacet
  facet normal 0.481113 -0.876658 0
    outer loop
      vertex 6.16099 13.2158 -3
      vertex 5.9775 13.1151 -23
      vertex 6.16099 13.2158 -23
    endloop
  endfacet
  facet normal 0.151949 0.988388 -0
    outer loop
      vertex 5.64761 16.1273 -23
      vertex 5.44076 16.1591 -3
      vertex 5.64761 16.1273 -3
    endloop
  endfacet
  facet normal 0.151949 0.988388 0
    outer loop
      vertex 5.44076 16.1591 -3
      vertex 5.64761 16.1273 -23
      vertex 5.44076 16.1591 -23
    endloop
  endfacet
  facet normal -0.62593 -0.77988 0
    outer loop
      vertex 4.22037 13.3856 -23
      vertex 4.38359 13.2546 -3
      vertex 4.22037 13.3856 -3
    endloop
  endfacet
  facet normal -0.62593 -0.77988 -0
    outer loop
      vertex 4.38359 13.2546 -3
      vertex 4.22037 13.3856 -23
      vertex 4.38359 13.2546 -23
    endloop
  endfacet
  facet normal 0.988372 -0.152054 0
    outer loop
      vertex 6.86339 14.2189 -3
      vertex 6.89522 14.4258 -23
      vertex 6.89522 14.4258 -3
    endloop
  endfacet
  facet normal 0.988372 -0.152054 0
    outer loop
      vertex 6.89522 14.4258 -23
      vertex 6.86339 14.2189 -3
      vertex 6.86339 14.2189 -23
    endloop
  endfacet
  facet normal 0.021979 0.999758 -0
    outer loop
      vertex 5.44076 16.1591 -23
      vertex 5.23152 16.1637 -3
      vertex 5.44076 16.1591 -3
    endloop
  endfacet
  facet normal 0.021979 0.999758 0
    outer loop
      vertex 5.23152 16.1637 -3
      vertex 5.44076 16.1591 -23
      vertex 5.23152 16.1637 -23
    endloop
  endfacet
  facet normal -0.960083 0.279714 0
    outer loop
      vertex 3.73924 14.9115 -23
      vertex 3.7978 15.1125 -3
      vertex 3.7978 15.1125 -23
    endloop
  endfacet
  facet normal -0.960083 0.279714 0
    outer loop
      vertex 3.7978 15.1125 -3
      vertex 3.73924 14.9115 -23
      vertex 3.73924 14.9115 -3
    endloop
  endfacet
  facet normal 0.108465 -0.9941 0
    outer loop
      vertex 5.3711 12.9668 -23
      vertex 5.57915 12.9895 -3
      vertex 5.3711 12.9668 -3
    endloop
  endfacet
  facet normal 0.108465 -0.9941 0
    outer loop
      vertex 5.57915 12.9895 -3
      vertex 5.3711 12.9668 -23
      vertex 5.57915 12.9895 -23
    endloop
  endfacet
  facet normal 0.999761 -0.0218399 0
    outer loop
      vertex 6.89522 14.4258 -3
      vertex 6.89979 14.635 -23
      vertex 6.89979 14.635 -3
    endloop
  endfacet
  facet normal 0.999761 -0.0218399 0
    outer loop
      vertex 6.89979 14.635 -23
      vertex 6.89522 14.4258 -3
      vertex 6.89522 14.4258 -23
    endloop
  endfacet
  facet normal -0.779842 0.625976 0
    outer loop
      vertex 3.99067 15.483 -23
      vertex 4.12167 15.6462 -3
      vertex 4.12167 15.6462 -23
    endloop
  endfacet
  facet normal -0.779842 0.625976 0
    outer loop
      vertex 4.12167 15.6462 -3
      vertex 3.99067 15.483 -23
      vertex 3.99067 15.483 -3
    endloop
  endfacet
  facet normal -0.854996 0.518634 0
    outer loop
      vertex 3.88209 15.304 -23
      vertex 3.99067 15.483 -3
      vertex 3.99067 15.483 -23
    endloop
  endfacet
  facet normal -0.854996 0.518634 0
    outer loop
      vertex 3.99067 15.483 -3
      vertex 3.88209 15.304 -23
      vertex 3.88209 15.304 -3
    endloop
  endfacet
  facet normal -0.237484 0.971391 0
    outer loop
      vertex 5.02347 16.1409 -23
      vertex 4.82018 16.0912 -3
      vertex 5.02347 16.1409 -3
    endloop
  endfacet
  facet normal -0.237484 0.971391 0
    outer loop
      vertex 4.82018 16.0912 -3
      vertex 5.02347 16.1409 -23
      vertex 4.82018 16.0912 -23
    endloop
  endfacet
  facet normal -0.279539 -0.960134 0
    outer loop
      vertex 4.75408 13.0617 -23
      vertex 4.95501 13.0032 -3
      vertex 4.75408 13.0617 -3
    endloop
  endfacet
  facet normal -0.279539 -0.960134 -0
    outer loop
      vertex 4.95501 13.0032 -3
      vertex 4.75408 13.0617 -23
      vertex 4.95501 13.0032 -23
    endloop
  endfacet
  facet normal -0.480746 0.87686 0
    outer loop
      vertex 4.62512 16.0153 -23
      vertex 4.44163 15.9147 -3
      vertex 4.62512 16.0153 -3
    endloop
  endfacet
  facet normal -0.480746 0.87686 0
    outer loop
      vertex 4.44163 15.9147 -3
      vertex 4.62512 16.0153 -23
      vertex 4.44163 15.9147 -23
    endloop
  endfacet
  facet normal 0.591451 -0.806341 0
    outer loop
      vertex 6.16099 13.2158 -23
      vertex 6.32977 13.3396 -3
      vertex 6.16099 13.2158 -3
    endloop
  endfacet
  facet normal 0.591451 -0.806341 0
    outer loop
      vertex 6.32977 13.3396 -3
      vertex 6.16099 13.2158 -23
      vertex 6.32977 13.3396 -23
    endloop
  endfacet
  facet normal -0.108937 0.994049 0
    outer loop
      vertex 5.23152 16.1637 -23
      vertex 5.02347 16.1409 -3
      vertex 5.23152 16.1637 -3
    endloop
  endfacet
  facet normal -0.108937 0.994049 0
    outer loop
      vertex 5.02347 16.1409 -3
      vertex 5.23152 16.1637 -23
      vertex 5.02347 16.1409 -23
    endloop
  endfacet
  facet normal -0.518873 -0.854851 0
    outer loop
      vertex 4.38359 13.2546 -23
      vertex 4.56251 13.146 -3
      vertex 4.38359 13.2546 -3
    endloop
  endfacet
  facet normal -0.518873 -0.854851 -0
    outer loop
      vertex 4.56251 13.146 -3
      vertex 4.38359 13.2546 -23
      vertex 4.56251 13.146 -23
    endloop
  endfacet
  facet normal -0.806489 -0.59125 0
    outer loop
      vertex 4.07564 13.5368 -23
      vertex 3.95189 13.7056 -3
      vertex 3.95189 13.7056 -23
    endloop
  endfacet
  facet normal -0.806489 -0.59125 0
    outer loop
      vertex 3.95189 13.7056 -3
      vertex 4.07564 13.5368 -23
      vertex 4.07564 13.5368 -3
    endloop
  endfacet
  facet normal 0.91534 -0.402683 0
    outer loop
      vertex 6.72053 13.8264 -3
      vertex 6.80482 14.018 -23
      vertex 6.80482 14.018 -3
    endloop
  endfacet
  facet normal 0.91534 -0.402683 0
    outer loop
      vertex 6.80482 14.018 -23
      vertex 6.72053 13.8264 -3
      vertex 6.72053 13.8264 -23
    endloop
  endfacet
  facet normal 0.779842 -0.625976 0
    outer loop
      vertex 6.48096 13.4843 -3
      vertex 6.61196 13.6475 -23
      vertex 6.61196 13.6475 -3
    endloop
  endfacet
  facet normal 0.779842 -0.625976 0
    outer loop
      vertex 6.61196 13.6475 -23
      vertex 6.48096 13.4843 -3
      vertex 6.48096 13.4843 -23
    endloop
  endfacet
  facet normal -0.152416 -0.988316 0
    outer loop
      vertex 4.95501 13.0032 -23
      vertex 5.16186 12.9713 -3
      vertex 4.95501 13.0032 -3
    endloop
  endfacet
  facet normal -0.152416 -0.988316 -0
    outer loop
      vertex 5.16186 12.9713 -3
      vertex 4.95501 13.0032 -23
      vertex 5.16186 12.9713 -23
    endloop
  endfacet
  facet normal 0.97135 0.237653 0
    outer loop
      vertex 6.877 14.8431 -3
      vertex 6.82726 15.0464 -23
      vertex 6.82726 15.0464 -3
    endloop
  endfacet
  facet normal 0.97135 0.237653 0
    outer loop
      vertex 6.82726 15.0464 -23
      vertex 6.877 14.8431 -3
      vertex 6.877 14.8431 -23
    endloop
  endfacet
  facet normal -0.971339 -0.237699 0
    outer loop
      vertex 3.77537 14.0841 -23
      vertex 3.72562 14.2874 -3
      vertex 3.72562 14.2874 -23
    endloop
  endfacet
  facet normal -0.971339 -0.237699 0
    outer loop
      vertex 3.72562 14.2874 -3
      vertex 3.77537 14.0841 -23
      vertex 3.77537 14.0841 -3
    endloop
  endfacet
  facet normal -0.362626 0.931935 0
    outer loop
      vertex 4.82018 16.0912 -23
      vertex 4.62512 16.0153 -3
      vertex 4.82018 16.0912 -3
    endloop
  endfacet
  facet normal -0.362626 0.931935 0
    outer loop
      vertex 4.62512 16.0153 -3
      vertex 4.82018 16.0912 -23
      vertex 4.62512 16.0153 -23
    endloop
  endfacet
  facet normal -0.999762 0.0218295 0
    outer loop
      vertex 3.70283 14.4954 -23
      vertex 3.7074 14.7047 -3
      vertex 3.7074 14.7047 -23
    endloop
  endfacet
  facet normal -0.999762 0.0218295 0
    outer loop
      vertex 3.7074 14.7047 -3
      vertex 3.70283 14.4954 -23
      vertex 3.70283 14.4954 -3
    endloop
  endfacet
  facet normal -0.691455 0.72242 0
    outer loop
      vertex 4.27285 15.7909 -23
      vertex 4.12167 15.6462 -3
      vertex 4.27285 15.7909 -3
    endloop
  endfacet
  facet normal -0.691455 0.72242 0
    outer loop
      vertex 4.12167 15.6462 -3
      vertex 4.27285 15.7909 -23
      vertex 4.12167 15.6462 -23
    endloop
  endfacet
  facet normal -0.915262 0.402859 0
    outer loop
      vertex 3.7978 15.1125 -23
      vertex 3.88209 15.304 -3
      vertex 3.88209 15.304 -23
    endloop
  endfacet
  facet normal -0.915262 0.402859 0
    outer loop
      vertex 3.88209 15.304 -3
      vertex 3.7978 15.1125 -23
      vertex 3.7978 15.1125 -3
    endloop
  endfacet
  facet normal -0.722394 -0.691482 0
    outer loop
      vertex 4.22037 13.3856 -23
      vertex 4.07564 13.5368 -3
      vertex 4.07564 13.5368 -23
    endloop
  endfacet
  facet normal -0.722394 -0.691482 0
    outer loop
      vertex 4.07564 13.5368 -3
      vertex 4.22037 13.3856 -23
      vertex 4.22037 13.3856 -3
    endloop
  endfacet
  facet normal 0.362211 -0.932096 0
    outer loop
      vertex 5.78244 13.0393 -23
      vertex 5.9775 13.1151 -3
      vertex 5.78244 13.0393 -3
    endloop
  endfacet
  facet normal 0.362211 -0.932096 0
    outer loop
      vertex 5.9775 13.1151 -3
      vertex 5.78244 13.0393 -23
      vertex 5.9775 13.1151 -23
    endloop
  endfacet
  facet normal 0.27998 0.960006 -0
    outer loop
      vertex 5.84854 16.0687 -23
      vertex 5.64761 16.1273 -3
      vertex 5.84854 16.0687 -3
    endloop
  endfacet
  facet normal 0.27998 0.960006 0
    outer loop
      vertex 5.64761 16.1273 -3
      vertex 5.84854 16.0687 -23
      vertex 5.64761 16.1273 -23
    endloop
  endfacet
  facet normal 0.854889 -0.518811 0
    outer loop
      vertex 6.61196 13.6475 -3
      vertex 6.72053 13.8264 -23
      vertex 6.72053 13.8264 -3
    endloop
  endfacet
  facet normal 0.854889 -0.518811 0
    outer loop
      vertex 6.72053 13.8264 -23
      vertex 6.61196 13.6475 -3
      vertex 6.61196 13.6475 -23
    endloop
  endfacet
  facet normal -0.0215014 -0.999769 0
    outer loop
      vertex 5.16186 12.9713 -23
      vertex 5.3711 12.9668 -3
      vertex 5.16186 12.9713 -3
    endloop
  endfacet
  facet normal -0.0215014 -0.999769 -0
    outer loop
      vertex 5.3711 12.9668 -3
      vertex 5.16186 12.9713 -23
      vertex 5.3711 12.9668 -23
    endloop
  endfacet
  facet normal 0.960033 -0.279886 0
    outer loop
      vertex 6.80482 14.018 -3
      vertex 6.86339 14.2189 -23
      vertex 6.86339 14.2189 -3
    endloop
  endfacet
  facet normal 0.960033 -0.279886 0
    outer loop
      vertex 6.86339 14.2189 -23
      vertex 6.80482 14.018 -3
      vertex 6.80482 14.018 -23
    endloop
  endfacet
  facet normal -0.994051 -0.108915 0
    outer loop
      vertex 3.72562 14.2874 -23
      vertex 3.70283 14.4954 -3
      vertex 3.70283 14.4954 -23
    endloop
  endfacet
  facet normal -0.994051 -0.108915 0
    outer loop
      vertex 3.70283 14.4954 -3
      vertex 3.72562 14.2874 -23
      vertex 3.72562 14.2874 -3
    endloop
  endfacet
  facet normal -0.988354 0.152172 0
    outer loop
      vertex 3.7074 14.7047 -23
      vertex 3.73924 14.9115 -3
      vertex 3.73924 14.9115 -23
    endloop
  endfacet
  facet normal -0.988354 0.152172 0
    outer loop
      vertex 3.73924 14.9115 -3
      vertex 3.7074 14.7047 -23
      vertex 3.7074 14.7047 -3
    endloop
  endfacet
  facet normal 0.59125 -0.806489 0
    outer loop
      vertex -13.7056 3.95189 -23
      vertex -13.5368 4.07564 -3
      vertex -13.7056 3.95189 -3
    endloop
  endfacet
  facet normal 0.59125 -0.806489 0
    outer loop
      vertex -13.5368 4.07564 -3
      vertex -13.7056 3.95189 -23
      vertex -13.5368 4.07564 -23
    endloop
  endfacet
  facet normal 0.806341 0.591451 0
    outer loop
      vertex -13.2158 6.16099 -3
      vertex -13.3396 6.32977 -23
      vertex -13.3396 6.32977 -3
    endloop
  endfacet
  facet normal 0.806341 0.591451 0
    outer loop
      vertex -13.3396 6.32977 -23
      vertex -13.2158 6.16099 -3
      vertex -13.2158 6.16099 -23
    endloop
  endfacet
  facet normal 0.876658 0.481113 0
    outer loop
      vertex -13.1151 5.9775 -3
      vertex -13.2158 6.16099 -23
      vertex -13.2158 6.16099 -3
    endloop
  endfacet
  facet normal 0.876658 0.481113 0
    outer loop
      vertex -13.2158 6.16099 -23
      vertex -13.1151 5.9775 -3
      vertex -13.1151 5.9775 -23
    endloop
  endfacet
  facet normal 0.722443 0.691431 0
    outer loop
      vertex -13.3396 6.32977 -3
      vertex -13.4843 6.48096 -23
      vertex -13.4843 6.48096 -3
    endloop
  endfacet
  facet normal 0.722443 0.691431 0
    outer loop
      vertex -13.4843 6.48096 -23
      vertex -13.3396 6.32977 -3
      vertex -13.3396 6.32977 -23
    endloop
  endfacet
  facet normal 0.518811 0.854889 -0
    outer loop
      vertex -13.6475 6.61196 -23
      vertex -13.8264 6.72053 -3
      vertex -13.6475 6.61196 -3
    endloop
  endfacet
  facet normal 0.518811 0.854889 0
    outer loop
      vertex -13.8264 6.72053 -3
      vertex -13.6475 6.61196 -23
      vertex -13.8264 6.72053 -23
    endloop
  endfacet
  facet normal -0.591281 0.806466 0
    outer loop
      vertex -15.4249 6.65074 -23
      vertex -15.5937 6.52698 -3
      vertex -15.4249 6.65074 -3
    endloop
  endfacet
  facet normal -0.591281 0.806466 0
    outer loop
      vertex -15.5937 6.52698 -3
      vertex -15.4249 6.65074 -23
      vertex -15.5937 6.52698 -23
    endloop
  endfacet
  facet normal 0.971281 0.237935 0
    outer loop
      vertex -12.9895 5.57915 -3
      vertex -13.0393 5.78244 -23
      vertex -13.0393 5.78244 -3
    endloop
  endfacet
  facet normal 0.971281 0.237935 0
    outer loop
      vertex -13.0393 5.78244 -23
      vertex -12.9895 5.57915 -3
      vertex -12.9895 5.57915 -23
    endloop
  endfacet
  facet normal 0.625976 0.779842 -0
    outer loop
      vertex -13.4843 6.48096 -23
      vertex -13.6475 6.61196 -3
      vertex -13.4843 6.48096 -3
    endloop
  endfacet
  facet normal 0.625976 0.779842 0
    outer loop
      vertex -13.6475 6.61196 -3
      vertex -13.4843 6.48096 -23
      vertex -13.6475 6.61196 -23
    endloop
  endfacet
  facet normal 0.932096 0.362211 0
    outer loop
      vertex -13.0393 5.78244 -3
      vertex -13.1151 5.9775 -23
      vertex -13.1151 5.9775 -3
    endloop
  endfacet
  facet normal 0.932096 0.362211 0
    outer loop
      vertex -13.1151 5.9775 -23
      vertex -13.0393 5.78244 -3
      vertex -13.0393 5.78244 -23
    endloop
  endfacet
  facet normal -0.915475 0.402375 0
    outer loop
      vertex -16.0687 5.84854 -23
      vertex -15.9845 6.04011 -3
      vertex -15.9845 6.04011 -23
    endloop
  endfacet
  facet normal -0.915475 0.402375 0
    outer loop
      vertex -15.9845 6.04011 -3
      vertex -16.0687 5.84854 -23
      vertex -16.0687 5.84854 -3
    endloop
  endfacet
  facet normal 0.402683 0.91534 -0
    outer loop
      vertex -13.8264 6.72053 -23
      vertex -14.018 6.80482 -3
      vertex -13.8264 6.72053 -3
    endloop
  endfacet
  facet normal 0.402683 0.91534 0
    outer loop
      vertex -14.018 6.80482 -3
      vertex -13.8264 6.72053 -23
      vertex -14.018 6.80482 -23
    endloop
  endfacet
  facet normal -0.237653 0.97135 0
    outer loop
      vertex -14.8431 6.877 -23
      vertex -15.0464 6.82726 -3
      vertex -14.8431 6.877 -3
    endloop
  endfacet
  facet normal -0.237653 0.97135 0
    outer loop
      vertex -15.0464 6.82726 -3
      vertex -14.8431 6.877 -23
      vertex -15.0464 6.82726 -23
    endloop
  endfacet
  facet normal 0.9941 0.108465 0
    outer loop
      vertex -12.9668 5.3711 -3
      vertex -12.9895 5.57915 -23
      vertex -12.9895 5.57915 -3
    endloop
  endfacet
  facet normal 0.9941 0.108465 0
    outer loop
      vertex -12.9895 5.57915 -23
      vertex -12.9668 5.3711 -3
      vertex -12.9668 5.3711 -23
    endloop
  endfacet
  facet normal -0.279714 -0.960083 0
    outer loop
      vertex -15.1125 3.7978 -23
      vertex -14.9115 3.73924 -3
      vertex -15.1125 3.7978 -3
    endloop
  endfacet
  facet normal -0.279714 -0.960083 -0
    outer loop
      vertex -14.9115 3.73924 -3
      vertex -15.1125 3.7978 -23
      vertex -14.9115 3.73924 -23
    endloop
  endfacet
  facet normal -0.0218295 -0.999762 0
    outer loop
      vertex -14.7047 3.7074 -23
      vertex -14.4954 3.70283 -3
      vertex -14.7047 3.7074 -3
    endloop
  endfacet
  facet normal -0.0218295 -0.999762 -0
    outer loop
      vertex -14.4954 3.70283 -3
      vertex -14.7047 3.7074 -23
      vertex -14.4954 3.70283 -23
    endloop
  endfacet
  facet normal 0.691482 -0.722394 0
    outer loop
      vertex -13.5368 4.07564 -23
      vertex -13.3856 4.22037 -3
      vertex -13.5368 4.07564 -3
    endloop
  endfacet
  facet normal 0.691482 -0.722394 0
    outer loop
      vertex -13.3856 4.22037 -3
      vertex -13.5368 4.07564 -23
      vertex -13.3856 4.22037 -23
    endloop
  endfacet
  facet normal 0.988316 -0.152416 0
    outer loop
      vertex -13.0032 4.95501 -3
      vertex -12.9713 5.16186 -23
      vertex -12.9713 5.16186 -3
    endloop
  endfacet
  facet normal 0.988316 -0.152416 0
    outer loop
      vertex -12.9713 5.16186 -23
      vertex -13.0032 4.95501 -3
      vertex -13.0032 4.95501 -23
    endloop
  endfacet
  facet normal -0.999758 0.021979 0
    outer loop
      vertex -16.1637 5.23152 -23
      vertex -16.1591 5.44076 -3
      vertex -16.1591 5.44076 -23
    endloop
  endfacet
  facet normal -0.999758 0.021979 0
    outer loop
      vertex -16.1591 5.44076 -3
      vertex -16.1637 5.23152 -23
      vertex -16.1637 5.23152 -3
    endloop
  endfacet
  facet normal 0.77988 -0.62593 0
    outer loop
      vertex -13.3856 4.22037 -3
      vertex -13.2546 4.38359 -23
      vertex -13.2546 4.38359 -3
    endloop
  endfacet
  facet normal 0.77988 -0.62593 0
    outer loop
      vertex -13.2546 4.38359 -23
      vertex -13.3856 4.22037 -3
      vertex -13.3856 4.22037 -23
    endloop
  endfacet
  facet normal -0.108864 0.994057 0
    outer loop
      vertex -14.635 6.89979 -23
      vertex -14.8431 6.877 -3
      vertex -14.635 6.89979 -3
    endloop
  endfacet
  facet normal -0.108864 0.994057 0
    outer loop
      vertex -14.8431 6.877 -3
      vertex -14.635 6.89979 -23
      vertex -14.8431 6.877 -23
    endloop
  endfacet
  facet normal -0.994049 -0.108937 0
    outer loop
      vertex -16.1409 5.02347 -23
      vertex -16.1637 5.23152 -3
      vertex -16.1637 5.23152 -23
    endloop
  endfacet
  facet normal -0.994049 -0.108937 0
    outer loop
      vertex -16.1637 5.23152 -3
      vertex -16.1409 5.02347 -23
      vertex -16.1409 5.02347 -3
    endloop
  endfacet
  facet normal -0.691457 0.722418 0
    outer loop
      vertex -15.5937 6.52698 -23
      vertex -15.7449 6.38226 -3
      vertex -15.5937 6.52698 -3
    endloop
  endfacet
  facet normal -0.691457 0.722418 0
    outer loop
      vertex -15.7449 6.38226 -3
      vertex -15.5937 6.52698 -23
      vertex -15.7449 6.38226 -23
    endloop
  endfacet
  facet normal -0.72242 -0.691455 0
    outer loop
      vertex -15.6462 4.12167 -23
      vertex -15.7909 4.27285 -3
      vertex -15.7909 4.27285 -23
    endloop
  endfacet
  facet normal -0.72242 -0.691455 0
    outer loop
      vertex -15.7909 4.27285 -3
      vertex -15.6462 4.12167 -23
      vertex -15.6462 4.12167 -3
    endloop
  endfacet
  facet normal -0.988388 0.151949 0
    outer loop
      vertex -16.1591 5.44076 -23
      vertex -16.1273 5.64761 -3
      vertex -16.1273 5.64761 -23
    endloop
  endfacet
  facet normal -0.988388 0.151949 0
    outer loop
      vertex -16.1273 5.64761 -3
      vertex -16.1591 5.44076 -23
      vertex -16.1591 5.44076 -3
    endloop
  endfacet
  facet normal -0.779898 0.625906 0
    outer loop
      vertex -15.8759 6.21903 -23
      vertex -15.7449 6.38226 -3
      vertex -15.7449 6.38226 -23
    endloop
  endfacet
  facet normal -0.779898 0.625906 0
    outer loop
      vertex -15.7449 6.38226 -3
      vertex -15.8759 6.21903 -23
      vertex -15.8759 6.21903 -3
    endloop
  endfacet
  facet normal -0.854851 0.518873 0
    outer loop
      vertex -15.9845 6.04011 -23
      vertex -15.8759 6.21903 -3
      vertex -15.8759 6.21903 -23
    endloop
  endfacet
  facet normal -0.854851 0.518873 0
    outer loop
      vertex -15.8759 6.21903 -3
      vertex -15.9845 6.04011 -23
      vertex -15.9845 6.04011 -3
    endloop
  endfacet
  facet normal -0.480946 0.87675 0
    outer loop
      vertex -15.2414 6.7514 -23
      vertex -15.4249 6.65074 -3
      vertex -15.2414 6.7514 -3
    endloop
  endfacet
  facet normal -0.480946 0.87675 0
    outer loop
      vertex -15.4249 6.65074 -3
      vertex -15.2414 6.7514 -23
      vertex -15.4249 6.65074 -23
    endloop
  endfacet
  facet normal 0.854851 -0.518873 0
    outer loop
      vertex -13.2546 4.38359 -3
      vertex -13.146 4.56251 -23
      vertex -13.146 4.56251 -3
    endloop
  endfacet
  facet normal 0.854851 -0.518873 0
    outer loop
      vertex -13.146 4.56251 -23
      vertex -13.2546 4.38359 -3
      vertex -13.2546 4.38359 -23
    endloop
  endfacet
  facet normal 0.0218399 0.999761 -0
    outer loop
      vertex -14.4258 6.89522 -23
      vertex -14.635 6.89979 -3
      vertex -14.4258 6.89522 -3
    endloop
  endfacet
  facet normal 0.0218399 0.999761 0
    outer loop
      vertex -14.635 6.89979 -3
      vertex -14.4258 6.89522 -23
      vertex -14.635 6.89979 -23
    endloop
  endfacet
  facet normal 0.152054 0.988372 -0
    outer loop
      vertex -14.2189 6.86339 -23
      vertex -14.4258 6.89522 -3
      vertex -14.2189 6.86339 -3
    endloop
  endfacet
  facet normal 0.152054 0.988372 0
    outer loop
      vertex -14.4258 6.89522 -3
      vertex -14.2189 6.86339 -23
      vertex -14.4258 6.89522 -23
    endloop
  endfacet
  facet normal 0.362354 -0.932041 0
    outer loop
      vertex -14.0841 3.77537 -23
      vertex -13.889 3.85122 -3
      vertex -14.0841 3.77537 -3
    endloop
  endfacet
  facet normal 0.362354 -0.932041 0
    outer loop
      vertex -13.889 3.85122 -3
      vertex -14.0841 3.77537 -23
      vertex -13.889 3.85122 -23
    endloop
  endfacet
  facet normal 0.237699 -0.971339 0
    outer loop
      vertex -14.2874 3.72562 -23
      vertex -14.0841 3.77537 -3
      vertex -14.2874 3.72562 -3
    endloop
  endfacet
  facet normal 0.237699 -0.971339 0
    outer loop
      vertex -14.0841 3.77537 -3
      vertex -14.2874 3.72562 -23
      vertex -14.0841 3.77537 -23
    endloop
  endfacet
  facet normal -0.806341 -0.591451 0
    outer loop
      vertex -15.7909 4.27285 -23
      vertex -15.9147 4.44163 -3
      vertex -15.9147 4.44163 -23
    endloop
  endfacet
  facet normal -0.806341 -0.591451 0
    outer loop
      vertex -15.9147 4.44163 -3
      vertex -15.7909 4.27285 -23
      vertex -15.7909 4.27285 -3
    endloop
  endfacet
  facet normal 0.481185 -0.876619 0
    outer loop
      vertex -13.889 3.85122 -23
      vertex -13.7056 3.95189 -3
      vertex -13.889 3.85122 -3
    endloop
  endfacet
  facet normal 0.481185 -0.876619 0
    outer loop
      vertex -13.7056 3.95189 -3
      vertex -13.889 3.85122 -23
      vertex -13.7056 3.95189 -23
    endloop
  endfacet
  facet normal -0.971391 -0.237484 0
    outer loop
      vertex -16.0912 4.82018 -23
      vertex -16.1409 5.02347 -3
      vertex -16.1409 5.02347 -23
    endloop
  endfacet
  facet normal -0.971391 -0.237484 0
    outer loop
      vertex -16.1409 5.02347 -3
      vertex -16.0912 4.82018 -23
      vertex -16.0912 4.82018 -3
    endloop
  endfacet
  facet normal 0.960134 -0.279539 0
    outer loop
      vertex -13.0617 4.75408 -3
      vertex -13.0032 4.95501 -23
      vertex -13.0032 4.95501 -3
    endloop
  endfacet
  facet normal 0.960134 -0.279539 0
    outer loop
      vertex -13.0032 4.95501 -23
      vertex -13.0617 4.75408 -3
      vertex -13.0617 4.75408 -23
    endloop
  endfacet
  facet normal 0.999769 -0.0215014 0
    outer loop
      vertex -12.9713 5.16186 -3
      vertex -12.9668 5.3711 -23
      vertex -12.9668 5.3711 -3
    endloop
  endfacet
  facet normal 0.999769 -0.0215014 0
    outer loop
      vertex -12.9668 5.3711 -23
      vertex -12.9713 5.16186 -3
      vertex -12.9713 5.16186 -23
    endloop
  endfacet
  facet normal -0.518634 -0.854996 0
    outer loop
      vertex -15.483 3.99067 -23
      vertex -15.304 3.88209 -3
      vertex -15.483 3.99067 -3
    endloop
  endfacet
  facet normal -0.518634 -0.854996 -0
    outer loop
      vertex -15.304 3.88209 -3
      vertex -15.483 3.99067 -23
      vertex -15.304 3.88209 -23
    endloop
  endfacet
  facet normal -0.960006 0.27998 0
    outer loop
      vertex -16.1273 5.64761 -23
      vertex -16.0687 5.84854 -3
      vertex -16.0687 5.84854 -23
    endloop
  endfacet
  facet normal -0.960006 0.27998 0
    outer loop
      vertex -16.0687 5.84854 -3
      vertex -16.1273 5.64761 -23
      vertex -16.1273 5.64761 -3
    endloop
  endfacet
  facet normal -0.625976 -0.779842 0
    outer loop
      vertex -15.6462 4.12167 -23
      vertex -15.483 3.99067 -3
      vertex -15.6462 4.12167 -3
    endloop
  endfacet
  facet normal -0.625976 -0.779842 -0
    outer loop
      vertex -15.483 3.99067 -3
      vertex -15.6462 4.12167 -23
      vertex -15.483 3.99067 -23
    endloop
  endfacet
  facet normal 0.108915 -0.994051 0
    outer loop
      vertex -14.4954 3.70283 -23
      vertex -14.2874 3.72562 -3
      vertex -14.4954 3.70283 -3
    endloop
  endfacet
  facet normal 0.108915 -0.994051 0
    outer loop
      vertex -14.2874 3.72562 -3
      vertex -14.4954 3.70283 -23
      vertex -14.2874 3.72562 -23
    endloop
  endfacet
  facet normal -0.931935 -0.362626 0
    outer loop
      vertex -16.0153 4.62512 -23
      vertex -16.0912 4.82018 -3
      vertex -16.0912 4.82018 -23
    endloop
  endfacet
  facet normal -0.931935 -0.362626 0
    outer loop
      vertex -16.0912 4.82018 -3
      vertex -16.0153 4.62512 -23
      vertex -16.0153 4.62512 -3
    endloop
  endfacet
  facet normal -0.402859 -0.915262 0
    outer loop
      vertex -15.304 3.88209 -23
      vertex -15.1125 3.7978 -3
      vertex -15.304 3.88209 -3
    endloop
  endfacet
  facet normal -0.402859 -0.915262 -0
    outer loop
      vertex -15.1125 3.7978 -3
      vertex -15.304 3.88209 -23
      vertex -15.1125 3.7978 -23
    endloop
  endfacet
  facet normal -0.362557 0.931962 0
    outer loop
      vertex -15.0464 6.82726 -23
      vertex -15.2414 6.7514 -3
      vertex -15.0464 6.82726 -3
    endloop
  endfacet
  facet normal -0.362557 0.931962 0
    outer loop
      vertex -15.2414 6.7514 -3
      vertex -15.0464 6.82726 -23
      vertex -15.2414 6.7514 -23
    endloop
  endfacet
  facet normal 0.279886 0.960033 -0
    outer loop
      vertex -14.018 6.80482 -23
      vertex -14.2189 6.86339 -3
      vertex -14.018 6.80482 -3
    endloop
  endfacet
  facet normal 0.279886 0.960033 0
    outer loop
      vertex -14.2189 6.86339 -3
      vertex -14.018 6.80482 -23
      vertex -14.2189 6.86339 -23
    endloop
  endfacet
  facet normal -0.152172 -0.988354 0
    outer loop
      vertex -14.9115 3.73924 -23
      vertex -14.7047 3.7074 -3
      vertex -14.9115 3.73924 -3
    endloop
  endfacet
  facet normal -0.152172 -0.988354 -0
    outer loop
      vertex -14.7047 3.7074 -3
      vertex -14.9115 3.73924 -23
      vertex -14.7047 3.7074 -23
    endloop
  endfacet
  facet normal -0.87686 -0.480746 0
    outer loop
      vertex -15.9147 4.44163 -23
      vertex -16.0153 4.62512 -3
      vertex -16.0153 4.62512 -23
    endloop
  endfacet
  facet normal -0.87686 -0.480746 0
    outer loop
      vertex -16.0153 4.62512 -3
      vertex -15.9147 4.44163 -23
      vertex -15.9147 4.44163 -3
    endloop
  endfacet
  facet normal 0.915299 -0.402775 0
    outer loop
      vertex -13.146 4.56251 -3
      vertex -13.0617 4.75408 -23
      vertex -13.0617 4.75408 -3
    endloop
  endfacet
  facet normal 0.915299 -0.402775 0
    outer loop
      vertex -13.0617 4.75408 -23
      vertex -13.146 4.56251 -3
      vertex -13.146 4.56251 -23
    endloop
  endfacet
  facet normal 0.591451 -0.806341 0
    outer loop
      vertex -4.44163 -15.9147 -23
      vertex -4.27285 -15.7909 -3
      vertex -4.44163 -15.9147 -3
    endloop
  endfacet
  facet normal 0.591451 -0.806341 0
    outer loop
      vertex -4.27285 -15.7909 -3
      vertex -4.44163 -15.9147 -23
      vertex -4.27285 -15.7909 -23
    endloop
  endfacet
  facet normal 0.806489 0.59125 0
    outer loop
      vertex -3.95189 -13.7056 -3
      vertex -4.07564 -13.5368 -23
      vertex -4.07564 -13.5368 -3
    endloop
  endfacet
  facet normal 0.806489 0.59125 0
    outer loop
      vertex -4.07564 -13.5368 -23
      vertex -3.95189 -13.7056 -3
      vertex -3.95189 -13.7056 -23
    endloop
  endfacet
  facet normal 0.876619 0.481185 0
    outer loop
      vertex -3.85122 -13.889 -3
      vertex -3.95189 -13.7056 -23
      vertex -3.95189 -13.7056 -3
    endloop
  endfacet
  facet normal 0.876619 0.481185 0
    outer loop
      vertex -3.95189 -13.7056 -23
      vertex -3.85122 -13.889 -3
      vertex -3.85122 -13.889 -23
    endloop
  endfacet
  facet normal 0.722394 0.691482 0
    outer loop
      vertex -4.07564 -13.5368 -3
      vertex -4.22037 -13.3856 -23
      vertex -4.22037 -13.3856 -3
    endloop
  endfacet
  facet normal 0.722394 0.691482 0
    outer loop
      vertex -4.22037 -13.3856 -23
      vertex -4.07564 -13.5368 -3
      vertex -4.07564 -13.5368 -23
    endloop
  endfacet
  facet normal 0.237484 -0.971391 0
    outer loop
      vertex -5.02347 -16.1409 -23
      vertex -4.82018 -16.0912 -3
      vertex -5.02347 -16.1409 -3
    endloop
  endfacet
  facet normal 0.237484 -0.971391 0
    outer loop
      vertex -4.82018 -16.0912 -3
      vertex -5.02347 -16.1409 -23
      vertex -4.82018 -16.0912 -23
    endloop
  endfacet
  facet normal 0.518873 0.854851 -0
    outer loop
      vertex -4.38359 -13.2546 -23
      vertex -4.56251 -13.146 -3
      vertex -4.38359 -13.2546 -3
    endloop
  endfacet
  facet normal 0.518873 0.854851 0
    outer loop
      vertex -4.56251 -13.146 -3
      vertex -4.38359 -13.2546 -23
      vertex -4.56251 -13.146 -23
    endloop
  endfacet
  facet normal -0.108465 0.9941 0
    outer loop
      vertex -5.3711 -12.9668 -23
      vertex -5.57915 -12.9895 -3
      vertex -5.3711 -12.9668 -3
    endloop
  endfacet
  facet normal -0.108465 0.9941 0
    outer loop
      vertex -5.57915 -12.9895 -3
      vertex -5.3711 -12.9668 -23
      vertex -5.57915 -12.9895 -23
    endloop
  endfacet
  facet normal 0.932041 0.362354 0
    outer loop
      vertex -3.77537 -14.0841 -3
      vertex -3.85122 -13.889 -23
      vertex -3.85122 -13.889 -3
    endloop
  endfacet
  facet normal 0.932041 0.362354 0
    outer loop
      vertex -3.85122 -13.889 -23
      vertex -3.77537 -14.0841 -3
      vertex -3.77537 -14.0841 -23
    endloop
  endfacet
  facet normal -0.402375 -0.915475 0
    outer loop
      vertex -6.04011 -15.9845 -23
      vertex -5.84854 -16.0687 -3
      vertex -6.04011 -15.9845 -3
    endloop
  endfacet
  facet normal -0.402375 -0.915475 -0
    outer loop
      vertex -5.84854 -16.0687 -3
      vertex -6.04011 -15.9845 -23
      vertex -5.84854 -16.0687 -23
    endloop
  endfacet
  facet normal 0.62593 0.77988 -0
    outer loop
      vertex -4.22037 -13.3856 -23
      vertex -4.38359 -13.2546 -3
      vertex -4.22037 -13.3856 -3
    endloop
  endfacet
  facet normal 0.62593 0.77988 0
    outer loop
      vertex -4.38359 -13.2546 -3
      vertex -4.22037 -13.3856 -23
      vertex -4.38359 -13.2546 -23
    endloop
  endfacet
  facet normal -0.994057 -0.108864 0
    outer loop
      vertex -6.877 -14.8431 -23
      vertex -6.89979 -14.635 -3
      vertex -6.89979 -14.635 -23
    endloop
  endfacet
  facet normal -0.994057 -0.108864 0
    outer loop
      vertex -6.89979 -14.635 -3
      vertex -6.877 -14.8431 -23
      vertex -6.877 -14.8431 -3
    endloop
  endfacet
  facet normal -0.362211 0.932096 0
    outer loop
      vertex -5.78244 -13.0393 -23
      vertex -5.9775 -13.1151 -3
      vertex -5.78244 -13.0393 -3
    endloop
  endfacet
  facet normal -0.362211 0.932096 0
    outer loop
      vertex -5.9775 -13.1151 -3
      vertex -5.78244 -13.0393 -23
      vertex -5.9775 -13.1151 -23
    endloop
  endfacet
  facet normal 0.994051 0.108915 0
    outer loop
      vertex -3.70283 -14.4954 -3
      vertex -3.72562 -14.2874 -23
      vertex -3.72562 -14.2874 -3
    endloop
  endfacet
  facet normal 0.994051 0.108915 0
    outer loop
      vertex -3.72562 -14.2874 -23
      vertex -3.70283 -14.4954 -3
      vertex -3.70283 -14.4954 -23
    endloop
  endfacet
  facet normal -0.960033 0.279886 0
    outer loop
      vertex -6.86339 -14.2189 -23
      vertex -6.80482 -14.018 -3
      vertex -6.80482 -14.018 -23
    endloop
  endfacet
  facet normal -0.960033 0.279886 0
    outer loop
      vertex -6.80482 -14.018 -3
      vertex -6.86339 -14.2189 -23
      vertex -6.86339 -14.2189 -3
    endloop
  endfacet
  facet normal 0.971339 0.237699 0
    outer loop
      vertex -3.72562 -14.2874 -3
      vertex -3.77537 -14.0841 -23
      vertex -3.77537 -14.0841 -3
    endloop
  endfacet
  facet normal 0.971339 0.237699 0
    outer loop
      vertex -3.77537 -14.0841 -23
      vertex -3.72562 -14.2874 -3
      vertex -3.72562 -14.2874 -23
    endloop
  endfacet
  facet normal -0.91534 0.402683 0
    outer loop
      vertex -6.80482 -14.018 -23
      vertex -6.72053 -13.8264 -3
      vertex -6.72053 -13.8264 -23
    endloop
  endfacet
  facet normal -0.91534 0.402683 0
    outer loop
      vertex -6.72053 -13.8264 -3
      vertex -6.80482 -14.018 -23
      vertex -6.80482 -14.018 -3
    endloop
  endfacet
  facet normal 0.691455 -0.72242 0
    outer loop
      vertex -4.27285 -15.7909 -23
      vertex -4.12167 -15.6462 -3
      vertex -4.27285 -15.7909 -3
    endloop
  endfacet
  facet normal 0.691455 -0.72242 0
    outer loop
      vertex -4.12167 -15.6462 -3
      vertex -4.27285 -15.7909 -23
      vertex -4.12167 -15.6462 -23
    endloop
  endfacet
  facet normal 0.988354 -0.152172 0
    outer loop
      vertex -3.73924 -14.9115 -3
      vertex -3.7074 -14.7047 -23
      vertex -3.7074 -14.7047 -3
    endloop
  endfacet
  facet normal 0.988354 -0.152172 0
    outer loop
      vertex -3.7074 -14.7047 -23
      vertex -3.73924 -14.9115 -3
      vertex -3.73924 -14.9115 -23
    endloop
  endfacet
  facet normal -0.27998 -0.960006 0
    outer loop
      vertex -5.84854 -16.0687 -23
      vertex -5.64761 -16.1273 -3
      vertex -5.84854 -16.0687 -3
    endloop
  endfacet
  facet normal -0.27998 -0.960006 -0
    outer loop
      vertex -5.64761 -16.1273 -3
      vertex -5.84854 -16.0687 -23
      vertex -5.64761 -16.1273 -23
    endloop
  endfacet
  facet normal -0.151949 -0.988388 0
    outer loop
      vertex -5.64761 -16.1273 -23
      vertex -5.44076 -16.1591 -3
      vertex -5.64761 -16.1273 -3
    endloop
  endfacet
  facet normal -0.151949 -0.988388 -0
    outer loop
      vertex -5.44076 -16.1591 -3
      vertex -5.64761 -16.1273 -23
      vertex -5.44076 -16.1591 -23
    endloop
  endfacet
  facet normal -0.625906 -0.779898 0
    outer loop
      vertex -6.38226 -15.7449 -23
      vertex -6.21903 -15.8759 -3
      vertex -6.38226 -15.7449 -3
    endloop
  endfacet
  facet normal -0.625906 -0.779898 -0
    outer loop
      vertex -6.21903 -15.8759 -3
      vertex -6.38226 -15.7449 -23
      vertex -6.21903 -15.8759 -23
    endloop
  endfacet
  facet normal -0.779842 0.625976 0
    outer loop
      vertex -6.61196 -13.6475 -23
      vertex -6.48096 -13.4843 -3
      vertex -6.48096 -13.4843 -23
    endloop
  endfacet
  facet normal -0.779842 0.625976 0
    outer loop
      vertex -6.48096 -13.4843 -3
      vertex -6.61196 -13.6475 -23
      vertex -6.61196 -13.6475 -3
    endloop
  endfacet
  facet normal 0.779842 -0.625976 0
    outer loop
      vertex -4.12167 -15.6462 -3
      vertex -3.99067 -15.483 -23
      vertex -3.99067 -15.483 -3
    endloop
  endfacet
  facet normal 0.779842 -0.625976 0
    outer loop
      vertex -3.99067 -15.483 -23
      vertex -4.12167 -15.6462 -3
      vertex -4.12167 -15.6462 -23
    endloop
  endfacet
  facet normal -0.988372 0.152054 0
    outer loop
      vertex -6.89522 -14.4258 -23
      vertex -6.86339 -14.2189 -3
      vertex -6.86339 -14.2189 -23
    endloop
  endfacet
  facet normal -0.988372 0.152054 0
    outer loop
      vertex -6.86339 -14.2189 -3
      vertex -6.89522 -14.4258 -23
      vertex -6.89522 -14.4258 -3
    endloop
  endfacet
  facet normal -0.806466 -0.591281 0
    outer loop
      vertex -6.52698 -15.5937 -23
      vertex -6.65074 -15.4249 -3
      vertex -6.65074 -15.4249 -23
    endloop
  endfacet
  facet normal -0.806466 -0.591281 0
    outer loop
      vertex -6.65074 -15.4249 -3
      vertex -6.52698 -15.5937 -23
      vertex -6.52698 -15.5937 -3
    endloop
  endfacet
  facet normal -0.722418 -0.691457 0
    outer loop
      vertex -6.38226 -15.7449 -23
      vertex -6.52698 -15.5937 -3
      vertex -6.52698 -15.5937 -23
    endloop
  endfacet
  facet normal -0.722418 -0.691457 0
    outer loop
      vertex -6.52698 -15.5937 -3
      vertex -6.38226 -15.7449 -23
      vertex -6.38226 -15.7449 -3
    endloop
  endfacet
  facet normal 0.152416 0.988316 -0
    outer loop
      vertex -4.95501 -13.0032 -23
      vertex -5.16186 -12.9713 -3
      vertex -4.95501 -13.0032 -3
    endloop
  endfacet
  facet normal 0.152416 0.988316 0
    outer loop
      vertex -5.16186 -12.9713 -3
      vertex -4.95501 -13.0032 -23
      vertex -5.16186 -12.9713 -23
    endloop
  endfacet
  facet normal -0.854889 0.518811 0
    outer loop
      vertex -6.72053 -13.8264 -23
      vertex -6.61196 -13.6475 -3
      vertex -6.61196 -13.6475 -23
    endloop
  endfacet
  facet normal -0.854889 0.518811 0
    outer loop
      vertex -6.61196 -13.6475 -3
      vertex -6.72053 -13.8264 -23
      vertex -6.72053 -13.8264 -3
    endloop
  endfacet
  facet normal 0.854996 -0.518634 0
    outer loop
      vertex -3.99067 -15.483 -3
      vertex -3.88209 -15.304 -23
      vertex -3.88209 -15.304 -3
    endloop
  endfacet
  facet normal 0.854996 -0.518634 0
    outer loop
      vertex -3.88209 -15.304 -23
      vertex -3.99067 -15.483 -3
      vertex -3.99067 -15.483 -23
    endloop
  endfacet
  facet normal 0.402775 0.915299 -0
    outer loop
      vertex -4.56251 -13.146 -23
      vertex -4.75408 -13.0617 -3
      vertex -4.56251 -13.146 -3
    endloop
  endfacet
  facet normal 0.402775 0.915299 0
    outer loop
      vertex -4.75408 -13.0617 -3
      vertex -4.56251 -13.146 -23
      vertex -4.75408 -13.0617 -23
    endloop
  endfacet
  facet normal -0.999761 0.0218399 0
    outer loop
      vertex -6.89979 -14.635 -23
      vertex -6.89522 -14.4258 -3
      vertex -6.89522 -14.4258 -23
    endloop
  endfacet
  facet normal -0.999761 0.0218399 0
    outer loop
      vertex -6.89522 -14.4258 -3
      vertex -6.89979 -14.635 -23
      vertex -6.89979 -14.635 -3
    endloop
  endfacet
  facet normal -0.021979 -0.999758 0
    outer loop
      vertex -5.44076 -16.1591 -23
      vertex -5.23152 -16.1637 -3
      vertex -5.44076 -16.1591 -3
    endloop
  endfacet
  facet normal -0.021979 -0.999758 -0
    outer loop
      vertex -5.23152 -16.1637 -3
      vertex -5.44076 -16.1591 -23
      vertex -5.23152 -16.1637 -23
    endloop
  endfacet
  facet normal -0.691431 0.722443 0
    outer loop
      vertex -6.32977 -13.3396 -23
      vertex -6.48096 -13.4843 -3
      vertex -6.32977 -13.3396 -3
    endloop
  endfacet
  facet normal -0.691431 0.722443 0
    outer loop
      vertex -6.48096 -13.4843 -3
      vertex -6.32977 -13.3396 -23
      vertex -6.48096 -13.4843 -23
    endloop
  endfacet
  facet normal -0.518873 -0.854851 0
    outer loop
      vertex -6.21903 -15.8759 -23
      vertex -6.04011 -15.9845 -3
      vertex -6.21903 -15.8759 -3
    endloop
  endfacet
  facet normal -0.518873 -0.854851 -0
    outer loop
      vertex -6.04011 -15.9845 -3
      vertex -6.21903 -15.8759 -23
      vertex -6.04011 -15.9845 -23
    endloop
  endfacet
  facet normal -0.97135 -0.237653 0
    outer loop
      vertex -6.82726 -15.0464 -23
      vertex -6.877 -14.8431 -3
      vertex -6.877 -14.8431 -23
    endloop
  endfacet
  facet normal -0.97135 -0.237653 0
    outer loop
      vertex -6.877 -14.8431 -3
      vertex -6.82726 -15.0464 -23
      vertex -6.82726 -15.0464 -3
    endloop
  endfacet
  facet normal 0.999762 -0.0218295 0
    outer loop
      vertex -3.7074 -14.7047 -3
      vertex -3.70283 -14.4954 -23
      vertex -3.70283 -14.4954 -3
    endloop
  endfacet
  facet normal 0.999762 -0.0218295 0
    outer loop
      vertex -3.70283 -14.4954 -23
      vertex -3.7074 -14.7047 -3
      vertex -3.7074 -14.7047 -23
    endloop
  endfacet
  facet normal 0.0215014 0.999769 -0
    outer loop
      vertex -5.16186 -12.9713 -23
      vertex -5.3711 -12.9668 -3
      vertex -5.16186 -12.9713 -3
    endloop
  endfacet
  facet normal 0.0215014 0.999769 0
    outer loop
      vertex -5.3711 -12.9668 -3
      vertex -5.16186 -12.9713 -23
      vertex -5.3711 -12.9668 -23
    endloop
  endfacet
  facet normal -0.481113 0.876658 0
    outer loop
      vertex -5.9775 -13.1151 -23
      vertex -6.16099 -13.2158 -3
      vertex -5.9775 -13.1151 -3
    endloop
  endfacet
  facet normal -0.481113 0.876658 0
    outer loop
      vertex -6.16099 -13.2158 -3
      vertex -5.9775 -13.1151 -23
      vertex -6.16099 -13.2158 -23
    endloop
  endfacet
  facet normal -0.237935 0.971281 0
    outer loop
      vertex -5.57915 -12.9895 -23
      vertex -5.78244 -13.0393 -3
      vertex -5.57915 -12.9895 -3
    endloop
  endfacet
  facet normal -0.237935 0.971281 0
    outer loop
      vertex -5.78244 -13.0393 -3
      vertex -5.57915 -12.9895 -23
      vertex -5.78244 -13.0393 -23
    endloop
  endfacet
  facet normal -0.591451 0.806341 0
    outer loop
      vertex -6.16099 -13.2158 -23
      vertex -6.32977 -13.3396 -3
      vertex -6.16099 -13.2158 -3
    endloop
  endfacet
  facet normal -0.591451 0.806341 0
    outer loop
      vertex -6.32977 -13.3396 -3
      vertex -6.16099 -13.2158 -23
      vertex -6.32977 -13.3396 -23
    endloop
  endfacet
  facet normal -0.931962 -0.362557 0
    outer loop
      vertex -6.7514 -15.2414 -23
      vertex -6.82726 -15.0464 -3
      vertex -6.82726 -15.0464 -23
    endloop
  endfacet
  facet normal -0.931962 -0.362557 0
    outer loop
      vertex -6.82726 -15.0464 -3
      vertex -6.7514 -15.2414 -23
      vertex -6.7514 -15.2414 -3
    endloop
  endfacet
  facet normal 0.108937 -0.994049 0
    outer loop
      vertex -5.23152 -16.1637 -23
      vertex -5.02347 -16.1409 -3
      vertex -5.23152 -16.1637 -3
    endloop
  endfacet
  facet normal 0.108937 -0.994049 0
    outer loop
      vertex -5.02347 -16.1409 -3
      vertex -5.23152 -16.1637 -23
      vertex -5.02347 -16.1409 -23
    endloop
  endfacet
  facet normal 0.480746 -0.87686 0
    outer loop
      vertex -4.62512 -16.0153 -23
      vertex -4.44163 -15.9147 -3
      vertex -4.62512 -16.0153 -3
    endloop
  endfacet
  facet normal 0.480746 -0.87686 0
    outer loop
      vertex -4.44163 -15.9147 -3
      vertex -4.62512 -16.0153 -23
      vertex -4.44163 -15.9147 -23
    endloop
  endfacet
  facet normal 0.279539 0.960134 -0
    outer loop
      vertex -4.75408 -13.0617 -23
      vertex -4.95501 -13.0032 -3
      vertex -4.75408 -13.0617 -3
    endloop
  endfacet
  facet normal 0.279539 0.960134 0
    outer loop
      vertex -4.95501 -13.0032 -3
      vertex -4.75408 -13.0617 -23
      vertex -4.95501 -13.0032 -23
    endloop
  endfacet
  facet normal 0.362626 -0.931935 0
    outer loop
      vertex -4.82018 -16.0912 -23
      vertex -4.62512 -16.0153 -3
      vertex -4.82018 -16.0912 -3
    endloop
  endfacet
  facet normal 0.362626 -0.931935 0
    outer loop
      vertex -4.62512 -16.0153 -3
      vertex -4.82018 -16.0912 -23
      vertex -4.62512 -16.0153 -23
    endloop
  endfacet
  facet normal -0.87675 -0.480946 0
    outer loop
      vertex -6.65074 -15.4249 -23
      vertex -6.7514 -15.2414 -3
      vertex -6.7514 -15.2414 -23
    endloop
  endfacet
  facet normal -0.87675 -0.480946 0
    outer loop
      vertex -6.7514 -15.2414 -3
      vertex -6.65074 -15.4249 -23
      vertex -6.65074 -15.4249 -3
    endloop
  endfacet
  facet normal 0.915262 -0.402859 0
    outer loop
      vertex -3.88209 -15.304 -3
      vertex -3.7978 -15.1125 -23
      vertex -3.7978 -15.1125 -3
    endloop
  endfacet
  facet normal 0.915262 -0.402859 0
    outer loop
      vertex -3.7978 -15.1125 -23
      vertex -3.88209 -15.304 -3
      vertex -3.88209 -15.304 -23
    endloop
  endfacet
  facet normal 0.960083 -0.279714 0
    outer loop
      vertex -3.7978 -15.1125 -3
      vertex -3.73924 -14.9115 -23
      vertex -3.73924 -14.9115 -3
    endloop
  endfacet
  facet normal 0.960083 -0.279714 0
    outer loop
      vertex -3.73924 -14.9115 -23
      vertex -3.7978 -15.1125 -3
      vertex -3.7978 -15.1125 -23
    endloop
  endfacet
  facet normal 0.806341 0.591451 0
    outer loop
      vertex 15.9147 -4.44163 -3
      vertex 15.7909 -4.27285 -23
      vertex 15.7909 -4.27285 -3
    endloop
  endfacet
  facet normal 0.806341 0.591451 0
    outer loop
      vertex 15.7909 -4.27285 -23
      vertex 15.9147 -4.44163 -3
      vertex 15.9147 -4.44163 -23
    endloop
  endfacet
  facet normal 0.87686 0.480746 0
    outer loop
      vertex 16.0153 -4.62512 -3
      vertex 15.9147 -4.44163 -23
      vertex 15.9147 -4.44163 -3
    endloop
  endfacet
  facet normal 0.87686 0.480746 0
    outer loop
      vertex 15.9147 -4.44163 -23
      vertex 16.0153 -4.62512 -3
      vertex 16.0153 -4.62512 -23
    endloop
  endfacet
  facet normal 0.72242 0.691455 0
    outer loop
      vertex 15.7909 -4.27285 -3
      vertex 15.6462 -4.12167 -23
      vertex 15.6462 -4.12167 -3
    endloop
  endfacet
  facet normal 0.72242 0.691455 0
    outer loop
      vertex 15.6462 -4.12167 -23
      vertex 15.7909 -4.27285 -3
      vertex 15.7909 -4.27285 -23
    endloop
  endfacet
  facet normal 0.518634 0.854996 -0
    outer loop
      vertex 15.483 -3.99067 -23
      vertex 15.304 -3.88209 -3
      vertex 15.483 -3.99067 -3
    endloop
  endfacet
  facet normal 0.518634 0.854996 0
    outer loop
      vertex 15.304 -3.88209 -3
      vertex 15.483 -3.99067 -23
      vertex 15.304 -3.88209 -23
    endloop
  endfacet
  facet normal -0.108915 0.994051 0
    outer loop
      vertex 14.4954 -3.70283 -23
      vertex 14.2874 -3.72562 -3
      vertex 14.4954 -3.70283 -3
    endloop
  endfacet
  facet normal -0.108915 0.994051 0
    outer loop
      vertex 14.2874 -3.72562 -3
      vertex 14.4954 -3.70283 -23
      vertex 14.2874 -3.72562 -23
    endloop
  endfacet
  facet normal -0.691482 0.722394 0
    outer loop
      vertex 13.5368 -4.07564 -23
      vertex 13.3856 -4.22037 -3
      vertex 13.5368 -4.07564 -3
    endloop
  endfacet
  facet normal -0.691482 0.722394 0
    outer loop
      vertex 13.3856 -4.22037 -3
      vertex 13.5368 -4.07564 -23
      vertex 13.3856 -4.22037 -23
    endloop
  endfacet
  facet normal 0.779898 -0.625906 0
    outer loop
      vertex 15.7449 -6.38226 -3
      vertex 15.8759 -6.21903 -23
      vertex 15.8759 -6.21903 -3
    endloop
  endfacet
  facet normal 0.779898 -0.625906 0
    outer loop
      vertex 15.8759 -6.21903 -23
      vertex 15.7449 -6.38226 -3
      vertex 15.7449 -6.38226 -23
    endloop
  endfacet
  facet normal 0.931935 0.362626 0
    outer loop
      vertex 16.0912 -4.82018 -3
      vertex 16.0153 -4.62512 -23
      vertex 16.0153 -4.62512 -3
    endloop
  endfacet
  facet normal 0.931935 0.362626 0
    outer loop
      vertex 16.0153 -4.62512 -23
      vertex 16.0912 -4.82018 -3
      vertex 16.0912 -4.82018 -23
    endloop
  endfacet
  facet normal 0.625976 0.779842 -0
    outer loop
      vertex 15.6462 -4.12167 -23
      vertex 15.483 -3.99067 -3
      vertex 15.6462 -4.12167 -3
    endloop
  endfacet
  facet normal 0.625976 0.779842 0
    outer loop
      vertex 15.483 -3.99067 -3
      vertex 15.6462 -4.12167 -23
      vertex 15.483 -3.99067 -23
    endloop
  endfacet
  facet normal -0.960134 0.279539 0
    outer loop
      vertex 13.0032 -4.95501 -23
      vertex 13.0617 -4.75408 -3
      vertex 13.0617 -4.75408 -23
    endloop
  endfacet
  facet normal -0.960134 0.279539 0
    outer loop
      vertex 13.0617 -4.75408 -3
      vertex 13.0032 -4.95501 -23
      vertex 13.0032 -4.95501 -3
    endloop
  endfacet
  facet normal -0.0218399 -0.999761 0
    outer loop
      vertex 14.4258 -6.89522 -23
      vertex 14.635 -6.89979 -3
      vertex 14.4258 -6.89522 -3
    endloop
  endfacet
  facet normal -0.0218399 -0.999761 -0
    outer loop
      vertex 14.635 -6.89979 -3
      vertex 14.4258 -6.89522 -23
      vertex 14.635 -6.89979 -23
    endloop
  endfacet
  facet normal -0.402683 -0.91534 0
    outer loop
      vertex 13.8264 -6.72053 -23
      vertex 14.018 -6.80482 -3
      vertex 13.8264 -6.72053 -3
    endloop
  endfacet
  facet normal -0.402683 -0.91534 -0
    outer loop
      vertex 14.018 -6.80482 -3
      vertex 13.8264 -6.72053 -23
      vertex 14.018 -6.80482 -23
    endloop
  endfacet
  facet normal -0.932096 -0.362211 0
    outer loop
      vertex 13.1151 -5.9775 -23
      vertex 13.0393 -5.78244 -3
      vertex 13.0393 -5.78244 -23
    endloop
  endfacet
  facet normal -0.932096 -0.362211 0
    outer loop
      vertex 13.0393 -5.78244 -3
      vertex 13.1151 -5.9775 -23
      vertex 13.1151 -5.9775 -3
    endloop
  endfacet
  facet normal 0.994049 0.108937 0
    outer loop
      vertex 16.1637 -5.23152 -3
      vertex 16.1409 -5.02347 -23
      vertex 16.1409 -5.02347 -3
    endloop
  endfacet
  facet normal 0.994049 0.108937 0
    outer loop
      vertex 16.1409 -5.02347 -23
      vertex 16.1637 -5.23152 -3
      vertex 16.1637 -5.23152 -23
    endloop
  endfacet
  facet normal 0.362557 -0.931962 0
    outer loop
      vertex 15.0464 -6.82726 -23
      vertex 15.2414 -6.7514 -3
      vertex 15.0464 -6.82726 -3
    endloop
  endfacet
  facet normal 0.362557 -0.931962 0
    outer loop
      vertex 15.2414 -6.7514 -3
      vertex 15.0464 -6.82726 -23
      vertex 15.2414 -6.7514 -23
    endloop
  endfacet
  facet normal 0.915475 -0.402375 0
    outer loop
      vertex 15.9845 -6.04011 -3
      vertex 16.0687 -5.84854 -23
      vertex 16.0687 -5.84854 -3
    endloop
  endfacet
  facet normal 0.915475 -0.402375 0
    outer loop
      vertex 16.0687 -5.84854 -23
      vertex 15.9845 -6.04011 -3
      vertex 15.9845 -6.04011 -23
    endloop
  endfacet
  facet normal 0.691457 -0.722418 0
    outer loop
      vertex 15.5937 -6.52698 -23
      vertex 15.7449 -6.38226 -3
      vertex 15.5937 -6.52698 -3
    endloop
  endfacet
  facet normal 0.691457 -0.722418 0
    outer loop
      vertex 15.7449 -6.38226 -3
      vertex 15.5937 -6.52698 -23
      vertex 15.7449 -6.38226 -23
    endloop
  endfacet
  facet normal -0.77988 0.62593 0
    outer loop
      vertex 13.2546 -4.38359 -23
      vertex 13.3856 -4.22037 -3
      vertex 13.3856 -4.22037 -23
    endloop
  endfacet
  facet normal -0.77988 0.62593 0
    outer loop
      vertex 13.3856 -4.22037 -3
      vertex 13.2546 -4.38359 -23
      vertex 13.2546 -4.38359 -3
    endloop
  endfacet
  facet normal 0.237653 -0.97135 0
    outer loop
      vertex 14.8431 -6.877 -23
      vertex 15.0464 -6.82726 -3
      vertex 14.8431 -6.877 -3
    endloop
  endfacet
  facet normal 0.237653 -0.97135 0
    outer loop
      vertex 15.0464 -6.82726 -3
      vertex 14.8431 -6.877 -23
      vertex 15.0464 -6.82726 -23
    endloop
  endfacet
  facet normal 0.988388 -0.151949 0
    outer loop
      vertex 16.1273 -5.64761 -3
      vertex 16.1591 -5.44076 -23
      vertex 16.1591 -5.44076 -3
    endloop
  endfacet
  facet normal 0.988388 -0.151949 0
    outer loop
      vertex 16.1591 -5.44076 -23
      vertex 16.1273 -5.64761 -3
      vertex 16.1273 -5.64761 -23
    endloop
  endfacet
  facet normal 0.960006 -0.27998 0
    outer loop
      vertex 16.0687 -5.84854 -3
      vertex 16.1273 -5.64761 -23
      vertex 16.1273 -5.64761 -3
    endloop
  endfacet
  facet normal 0.960006 -0.27998 0
    outer loop
      vertex 16.1273 -5.64761 -23
      vertex 16.0687 -5.84854 -3
      vertex 16.0687 -5.84854 -23
    endloop
  endfacet
  facet normal 0.152172 0.988354 -0
    outer loop
      vertex 14.9115 -3.73924 -23
      vertex 14.7047 -3.7074 -3
      vertex 14.9115 -3.73924 -3
    endloop
  endfacet
  facet normal 0.152172 0.988354 0
    outer loop
      vertex 14.7047 -3.7074 -3
      vertex 14.9115 -3.73924 -23
      vertex 14.7047 -3.7074 -23
    endloop
  endfacet
  facet normal -0.625976 -0.779842 0
    outer loop
      vertex 13.4843 -6.48096 -23
      vertex 13.6475 -6.61196 -3
      vertex 13.4843 -6.48096 -3
    endloop
  endfacet
  facet normal -0.625976 -0.779842 -0
    outer loop
      vertex 13.6475 -6.61196 -3
      vertex 13.4843 -6.48096 -23
      vertex 13.6475 -6.61196 -23
    endloop
  endfacet
  facet normal -0.518811 -0.854889 0
    outer loop
      vertex 13.6475 -6.61196 -23
      vertex 13.8264 -6.72053 -3
      vertex 13.6475 -6.61196 -3
    endloop
  endfacet
  facet normal -0.518811 -0.854889 -0
    outer loop
      vertex 13.8264 -6.72053 -3
      vertex 13.6475 -6.61196 -23
      vertex 13.8264 -6.72053 -23
    endloop
  endfacet
  facet normal -0.854851 0.518873 0
    outer loop
      vertex 13.146 -4.56251 -23
      vertex 13.2546 -4.38359 -3
      vertex 13.2546 -4.38359 -23
    endloop
  endfacet
  facet normal -0.854851 0.518873 0
    outer loop
      vertex 13.2546 -4.38359 -3
      vertex 13.146 -4.56251 -23
      vertex 13.146 -4.56251 -3
    endloop
  endfacet
  facet normal -0.362354 0.932041 0
    outer loop
      vertex 14.0841 -3.77537 -23
      vertex 13.889 -3.85122 -3
      vertex 14.0841 -3.77537 -3
    endloop
  endfacet
  facet normal -0.362354 0.932041 0
    outer loop
      vertex 13.889 -3.85122 -3
      vertex 14.0841 -3.77537 -23
      vertex 13.889 -3.85122 -23
    endloop
  endfacet
  facet normal -0.876658 -0.481113 0
    outer loop
      vertex 13.2158 -6.16099 -23
      vertex 13.1151 -5.9775 -3
      vertex 13.1151 -5.9775 -23
    endloop
  endfacet
  facet normal -0.876658 -0.481113 0
    outer loop
      vertex 13.1151 -5.9775 -3
      vertex 13.2158 -6.16099 -23
      vertex 13.2158 -6.16099 -3
    endloop
  endfacet
  facet normal -0.481185 0.876619 0
    outer loop
      vertex 13.889 -3.85122 -23
      vertex 13.7056 -3.95189 -3
      vertex 13.889 -3.85122 -3
    endloop
  endfacet
  facet normal -0.481185 0.876619 0
    outer loop
      vertex 13.7056 -3.95189 -3
      vertex 13.889 -3.85122 -23
      vertex 13.7056 -3.95189 -23
    endloop
  endfacet
  facet normal 0.591281 -0.806466 0
    outer loop
      vertex 15.4249 -6.65074 -23
      vertex 15.5937 -6.52698 -3
      vertex 15.4249 -6.65074 -3
    endloop
  endfacet
  facet normal 0.591281 -0.806466 0
    outer loop
      vertex 15.5937 -6.52698 -3
      vertex 15.4249 -6.65074 -23
      vertex 15.5937 -6.52698 -23
    endloop
  endfacet
  facet normal -0.59125 0.806489 0
    outer loop
      vertex 13.7056 -3.95189 -23
      vertex 13.5368 -4.07564 -3
      vertex 13.7056 -3.95189 -3
    endloop
  endfacet
  facet normal -0.59125 0.806489 0
    outer loop
      vertex 13.5368 -4.07564 -3
      vertex 13.7056 -3.95189 -23
      vertex 13.5368 -4.07564 -23
    endloop
  endfacet
  facet normal 0.402859 0.915262 -0
    outer loop
      vertex 15.304 -3.88209 -23
      vertex 15.1125 -3.7978 -3
      vertex 15.304 -3.88209 -3
    endloop
  endfacet
  facet normal 0.402859 0.915262 0
    outer loop
      vertex 15.1125 -3.7978 -3
      vertex 15.304 -3.88209 -23
      vertex 15.1125 -3.7978 -23
    endloop
  endfacet
  facet normal -0.988316 0.152416 0
    outer loop
      vertex 12.9713 -5.16186 -23
      vertex 13.0032 -4.95501 -3
      vertex 13.0032 -4.95501 -23
    endloop
  endfacet
  facet normal -0.988316 0.152416 0
    outer loop
      vertex 13.0032 -4.95501 -3
      vertex 12.9713 -5.16186 -23
      vertex 12.9713 -5.16186 -3
    endloop
  endfacet
  facet normal 0.480946 -0.87675 0
    outer loop
      vertex 15.2414 -6.7514 -23
      vertex 15.4249 -6.65074 -3
      vertex 15.2414 -6.7514 -3
    endloop
  endfacet
  facet normal 0.480946 -0.87675 0
    outer loop
      vertex 15.4249 -6.65074 -3
      vertex 15.2414 -6.7514 -23
      vertex 15.4249 -6.65074 -23
    endloop
  endfacet
  facet normal -0.279886 -0.960033 0
    outer loop
      vertex 14.018 -6.80482 -23
      vertex 14.2189 -6.86339 -3
      vertex 14.018 -6.80482 -3
    endloop
  endfacet
  facet normal -0.279886 -0.960033 -0
    outer loop
      vertex 14.2189 -6.86339 -3
      vertex 14.018 -6.80482 -23
      vertex 14.2189 -6.86339 -23
    endloop
  endfacet
  facet normal -0.722443 -0.691431 0
    outer loop
      vertex 13.4843 -6.48096 -23
      vertex 13.3396 -6.32977 -3
      vertex 13.3396 -6.32977 -23
    endloop
  endfacet
  facet normal -0.722443 -0.691431 0
    outer loop
      vertex 13.3396 -6.32977 -3
      vertex 13.4843 -6.48096 -23
      vertex 13.4843 -6.48096 -3
    endloop
  endfacet
  facet normal -0.915299 0.402775 0
    outer loop
      vertex 13.0617 -4.75408 -23
      vertex 13.146 -4.56251 -3
      vertex 13.146 -4.56251 -23
    endloop
  endfacet
  facet normal -0.915299 0.402775 0
    outer loop
      vertex 13.146 -4.56251 -3
      vertex 13.0617 -4.75408 -23
      vertex 13.0617 -4.75408 -3
    endloop
  endfacet
  facet normal 0.971391 0.237484 0
    outer loop
      vertex 16.1409 -5.02347 -3
      vertex 16.0912 -4.82018 -23
      vertex 16.0912 -4.82018 -3
    endloop
  endfacet
  facet normal 0.971391 0.237484 0
    outer loop
      vertex 16.0912 -4.82018 -23
      vertex 16.1409 -5.02347 -3
      vertex 16.1409 -5.02347 -23
    endloop
  endfacet
  facet normal -0.971281 -0.237935 0
    outer loop
      vertex 13.0393 -5.78244 -23
      vertex 12.9895 -5.57915 -3
      vertex 12.9895 -5.57915 -23
    endloop
  endfacet
  facet normal -0.971281 -0.237935 0
    outer loop
      vertex 12.9895 -5.57915 -3
      vertex 13.0393 -5.78244 -23
      vertex 13.0393 -5.78244 -3
    endloop
  endfacet
  facet normal 0.0218295 0.999762 -0
    outer loop
      vertex 14.7047 -3.7074 -23
      vertex 14.4954 -3.70283 -3
      vertex 14.7047 -3.7074 -3
    endloop
  endfacet
  facet normal 0.0218295 0.999762 0
    outer loop
      vertex 14.4954 -3.70283 -3
      vertex 14.7047 -3.7074 -23
      vertex 14.4954 -3.70283 -23
    endloop
  endfacet
  facet normal 0.279714 0.960083 -0
    outer loop
      vertex 15.1125 -3.7978 -23
      vertex 14.9115 -3.73924 -3
      vertex 15.1125 -3.7978 -3
    endloop
  endfacet
  facet normal 0.279714 0.960083 0
    outer loop
      vertex 14.9115 -3.73924 -3
      vertex 15.1125 -3.7978 -23
      vertex 14.9115 -3.73924 -23
    endloop
  endfacet
  facet normal 0.999758 -0.021979 0
    outer loop
      vertex 16.1591 -5.44076 -3
      vertex 16.1637 -5.23152 -23
      vertex 16.1637 -5.23152 -3
    endloop
  endfacet
  facet normal 0.999758 -0.021979 0
    outer loop
      vertex 16.1637 -5.23152 -23
      vertex 16.1591 -5.44076 -3
      vertex 16.1591 -5.44076 -23
    endloop
  endfacet
  facet normal -0.237699 0.971339 0
    outer loop
      vertex 14.2874 -3.72562 -23
      vertex 14.0841 -3.77537 -3
      vertex 14.2874 -3.72562 -3
    endloop
  endfacet
  facet normal -0.237699 0.971339 0
    outer loop
      vertex 14.0841 -3.77537 -3
      vertex 14.2874 -3.72562 -23
      vertex 14.0841 -3.77537 -23
    endloop
  endfacet
  facet normal 0.854851 -0.518873 0
    outer loop
      vertex 15.8759 -6.21903 -3
      vertex 15.9845 -6.04011 -23
      vertex 15.9845 -6.04011 -3
    endloop
  endfacet
  facet normal 0.854851 -0.518873 0
    outer loop
      vertex 15.9845 -6.04011 -23
      vertex 15.8759 -6.21903 -3
      vertex 15.8759 -6.21903 -23
    endloop
  endfacet
  facet normal -0.806341 -0.591451 0
    outer loop
      vertex 13.3396 -6.32977 -23
      vertex 13.2158 -6.16099 -3
      vertex 13.2158 -6.16099 -23
    endloop
  endfacet
  facet normal -0.806341 -0.591451 0
    outer loop
      vertex 13.2158 -6.16099 -3
      vertex 13.3396 -6.32977 -23
      vertex 13.3396 -6.32977 -3
    endloop
  endfacet
  facet normal -0.152054 -0.988372 0
    outer loop
      vertex 14.2189 -6.86339 -23
      vertex 14.4258 -6.89522 -3
      vertex 14.2189 -6.86339 -3
    endloop
  endfacet
  facet normal -0.152054 -0.988372 -0
    outer loop
      vertex 14.4258 -6.89522 -3
      vertex 14.2189 -6.86339 -23
      vertex 14.4258 -6.89522 -23
    endloop
  endfacet
  facet normal -0.999769 0.0215014 0
    outer loop
      vertex 12.9668 -5.3711 -23
      vertex 12.9713 -5.16186 -3
      vertex 12.9713 -5.16186 -23
    endloop
  endfacet
  facet normal -0.999769 0.0215014 0
    outer loop
      vertex 12.9713 -5.16186 -3
      vertex 12.9668 -5.3711 -23
      vertex 12.9668 -5.3711 -3
    endloop
  endfacet
  facet normal -0.9941 -0.108465 0
    outer loop
      vertex 12.9895 -5.57915 -23
      vertex 12.9668 -5.3711 -3
      vertex 12.9668 -5.3711 -23
    endloop
  endfacet
  facet normal -0.9941 -0.108465 0
    outer loop
      vertex 12.9668 -5.3711 -3
      vertex 12.9895 -5.57915 -23
      vertex 12.9895 -5.57915 -3
    endloop
  endfacet
  facet normal 0.108864 -0.994057 0
    outer loop
      vertex 14.635 -6.89979 -23
      vertex 14.8431 -6.877 -3
      vertex 14.635 -6.89979 -3
    endloop
  endfacet
  facet normal 0.108864 -0.994057 0
    outer loop
      vertex 14.8431 -6.877 -3
      vertex 14.635 -6.89979 -23
      vertex 14.8431 -6.877 -23
    endloop
  endfacet
  facet normal -0.691511 0.722366 0
    outer loop
      vertex -1.60697 1.91511 -3
      vertex -1.84319 1.68898 19
      vertex -1.60697 1.91511 19
    endloop
  endfacet
  facet normal -0.691511 0.722366 0
    outer loop
      vertex -1.84319 1.68898 19
      vertex -1.60697 1.91511 -3
      vertex -1.84319 1.68898 -3
    endloop
  endfacet
  facet normal 0.806441 0.591315 0
    outer loop
      vertex 2.10848 1.34325 19
      vertex 1.91511 1.60697 -3
      vertex 1.91511 1.60697 19
    endloop
  endfacet
  facet normal 0.806441 0.591315 0
    outer loop
      vertex 1.91511 1.60697 -3
      vertex 2.10848 1.34325 19
      vertex 2.10848 1.34325 -3
    endloop
  endfacet
  facet normal 0.876725 0.480991 0
    outer loop
      vertex 2.26577 1.05655 19
      vertex 2.10848 1.34325 -3
      vertex 2.10848 1.34325 19
    endloop
  endfacet
  facet normal 0.876725 0.480991 0
    outer loop
      vertex 2.10848 1.34325 -3
      vertex 2.26577 1.05655 19
      vertex 2.26577 1.05655 -3
    endloop
  endfacet
  facet normal -0.97134 -0.237695 0
    outer loop
      vertex -2.38429 -0.751765 -3
      vertex -2.46202 -0.434121 19
      vertex -2.46202 -0.434121 -3
    endloop
  endfacet
  facet normal -0.97134 -0.237695 0
    outer loop
      vertex -2.46202 -0.434121 19
      vertex -2.38429 -0.751765 -3
      vertex -2.38429 -0.751765 19
    endloop
  endfacet
  facet normal -0.362426 0.932012 0
    outer loop
      vertex -0.751765 2.38429 -3
      vertex -1.05655 2.26577 19
      vertex -0.751765 2.38429 19
    endloop
  endfacet
  facet normal -0.362426 0.932012 0
    outer loop
      vertex -1.05655 2.26577 19
      vertex -0.751765 2.38429 -3
      vertex -1.05655 2.26577 -3
    endloop
  endfacet
  facet normal -0.999762 0.0218032 0
    outer loop
      vertex -2.49762 -0.109049 -3
      vertex -2.49049 0.21789 19
      vertex -2.49049 0.21789 -3
    endloop
  endfacet
  facet normal -0.999762 0.0218032 0
    outer loop
      vertex -2.49049 0.21789 19
      vertex -2.49762 -0.109049 -3
      vertex -2.49762 -0.109049 19
    endloop
  endfacet
  facet normal 0.518779 0.854908 -0
    outer loop
      vertex 1.43394 2.04788 -3
      vertex 1.15437 2.21753 19
      vertex 1.43394 2.04788 19
    endloop
  endfacet
  facet normal 0.518779 0.854908 0
    outer loop
      vertex 1.15437 2.21753 19
      vertex 1.43394 2.04788 -3
      vertex 1.15437 2.21753 -3
    endloop
  endfacet
  facet normal 0.279834 0.960049 -0
    outer loop
      vertex 0.85505 2.34923 -3
      vertex 0.541099 2.44074 19
      vertex 0.85505 2.34923 19
    endloop
  endfacet
  facet normal 0.279834 0.960049 0
    outer loop
      vertex 0.541099 2.44074 19
      vertex 0.85505 2.34923 -3
      vertex 0.541099 2.44074 -3
    endloop
  endfacet
  facet normal -0.0218032 -0.999762 0
    outer loop
      vertex -0.21789 -2.49049 -3
      vertex 0.109049 -2.49762 19
      vertex -0.21789 -2.49049 19
    endloop
  endfacet
  facet normal -0.0218032 -0.999762 -0
    outer loop
      vertex 0.109049 -2.49762 19
      vertex -0.21789 -2.49049 -3
      vertex 0.109049 -2.49762 -3
    endloop
  endfacet
  facet normal 0.932012 0.362426 0
    outer loop
      vertex 2.38429 0.751765 19
      vertex 2.26577 1.05655 -3
      vertex 2.26577 1.05655 19
    endloop
  endfacet
  facet normal 0.932012 0.362426 0
    outer loop
      vertex 2.26577 1.05655 -3
      vertex 2.38429 0.751765 19
      vertex 2.38429 0.751765 -3
    endloop
  endfacet
  facet normal 0.402737 0.915316 -0
    outer loop
      vertex 1.15437 2.21753 -3
      vertex 0.85505 2.34923 19
      vertex 1.15437 2.21753 19
    endloop
  endfacet
  facet normal 0.402737 0.915316 0
    outer loop
      vertex 0.85505 2.34923 19
      vertex 1.15437 2.21753 -3
      vertex 0.85505 2.34923 -3
    endloop
  endfacet
  facet normal -0.518779 -0.854908 0
    outer loop
      vertex -1.43394 -2.04788 -3
      vertex -1.15437 -2.21753 19
      vertex -1.43394 -2.04788 19
    endloop
  endfacet
  facet normal -0.518779 -0.854908 -0
    outer loop
      vertex -1.15437 -2.21753 19
      vertex -1.43394 -2.04788 -3
      vertex -1.15437 -2.21753 -3
    endloop
  endfacet
  facet normal 0.722366 0.691511 0
    outer loop
      vertex 1.91511 1.60697 19
      vertex 1.68898 1.84319 -3
      vertex 1.68898 1.84319 19
    endloop
  endfacet
  facet normal 0.722366 0.691511 0
    outer loop
      vertex 1.68898 1.84319 -3
      vertex 1.91511 1.60697 19
      vertex 1.91511 1.60697 -3
    endloop
  endfacet
  facet normal 0.480991 -0.876725 0
    outer loop
      vertex 1.05655 -2.26577 -3
      vertex 1.34325 -2.10848 19
      vertex 1.05655 -2.26577 19
    endloop
  endfacet
  facet normal 0.480991 -0.876725 0
    outer loop
      vertex 1.34325 -2.10848 19
      vertex 1.05655 -2.26577 -3
      vertex 1.34325 -2.10848 -3
    endloop
  endfacet
  facet normal 0.691511 -0.722366 0
    outer loop
      vertex 1.60697 -1.91511 -3
      vertex 1.84319 -1.68898 19
      vertex 1.60697 -1.91511 19
    endloop
  endfacet
  facet normal 0.691511 -0.722366 0
    outer loop
      vertex 1.84319 -1.68898 19
      vertex 1.60697 -1.91511 -3
      vertex 1.84319 -1.68898 -3
    endloop
  endfacet
  facet normal 0.362426 -0.932012 0
    outer loop
      vertex 0.751765 -2.38429 -3
      vertex 1.05655 -2.26577 19
      vertex 0.751765 -2.38429 19
    endloop
  endfacet
  facet normal 0.362426 -0.932012 0
    outer loop
      vertex 1.05655 -2.26577 19
      vertex 0.751765 -2.38429 -3
      vertex 1.05655 -2.26577 -3
    endloop
  endfacet
  facet normal 0.779886 -0.625921 0
    outer loop
      vertex 1.84319 -1.68898 19
      vertex 2.04788 -1.43394 -3
      vertex 2.04788 -1.43394 19
    endloop
  endfacet
  facet normal 0.779886 -0.625921 0
    outer loop
      vertex 2.04788 -1.43394 -3
      vertex 1.84319 -1.68898 19
      vertex 1.84319 -1.68898 -3
    endloop
  endfacet
  facet normal -0.960049 0.279834 0
    outer loop
      vertex -2.44074 0.541099 -3
      vertex -2.34923 0.85505 19
      vertex -2.34923 0.85505 -3
    endloop
  endfacet
  facet normal -0.960049 0.279834 0
    outer loop
      vertex -2.34923 0.85505 19
      vertex -2.44074 0.541099 -3
      vertex -2.44074 0.541099 19
    endloop
  endfacet
  facet normal 0.0218032 0.999762 -0
    outer loop
      vertex 0.21789 2.49049 -3
      vertex -0.109049 2.49762 19
      vertex 0.21789 2.49049 19
    endloop
  endfacet
  facet normal 0.0218032 0.999762 0
    outer loop
      vertex -0.109049 2.49762 19
      vertex 0.21789 2.49049 -3
      vertex -0.109049 2.49762 -3
    endloop
  endfacet
  facet normal -0.779886 0.625921 0
    outer loop
      vertex -2.04788 1.43394 -3
      vertex -1.84319 1.68898 19
      vertex -1.84319 1.68898 -3
    endloop
  endfacet
  facet normal -0.779886 0.625921 0
    outer loop
      vertex -1.84319 1.68898 19
      vertex -2.04788 1.43394 -3
      vertex -2.04788 1.43394 19
    endloop
  endfacet
  facet normal 0.960049 -0.279834 0
    outer loop
      vertex 2.34923 -0.85505 19
      vertex 2.44074 -0.541099 -3
      vertex 2.44074 -0.541099 19
    endloop
  endfacet
  facet normal 0.960049 -0.279834 0
    outer loop
      vertex 2.44074 -0.541099 -3
      vertex 2.34923 -0.85505 19
      vertex 2.34923 -0.85505 -3
    endloop
  endfacet
  facet normal 0.237695 -0.97134 0
    outer loop
      vertex 0.434121 -2.46202 -3
      vertex 0.751765 -2.38429 19
      vertex 0.434121 -2.46202 19
    endloop
  endfacet
  facet normal 0.237695 -0.97134 0
    outer loop
      vertex 0.751765 -2.38429 19
      vertex 0.434121 -2.46202 -3
      vertex 0.751765 -2.38429 -3
    endloop
  endfacet
  facet normal 0.98836 -0.152133 0
    outer loop
      vertex 2.44074 -0.541099 19
      vertex 2.49049 -0.21789 -3
      vertex 2.49049 -0.21789 19
    endloop
  endfacet
  facet normal 0.98836 -0.152133 0
    outer loop
      vertex 2.49049 -0.21789 -3
      vertex 2.44074 -0.541099 19
      vertex 2.44074 -0.541099 -3
    endloop
  endfacet
  facet normal -0.279834 -0.960049 0
    outer loop
      vertex -0.85505 -2.34923 -3
      vertex -0.541099 -2.44074 19
      vertex -0.85505 -2.34923 19
    endloop
  endfacet
  facet normal -0.279834 -0.960049 -0
    outer loop
      vertex -0.541099 -2.44074 19
      vertex -0.85505 -2.34923 -3
      vertex -0.541099 -2.44074 -3
    endloop
  endfacet
  facet normal 0.591315 -0.806441 0
    outer loop
      vertex 1.34325 -2.10848 -3
      vertex 1.60697 -1.91511 19
      vertex 1.34325 -2.10848 19
    endloop
  endfacet
  facet normal 0.591315 -0.806441 0
    outer loop
      vertex 1.60697 -1.91511 19
      vertex 1.34325 -2.10848 -3
      vertex 1.60697 -1.91511 -3
    endloop
  endfacet
  facet normal 0.999762 -0.0218032 0
    outer loop
      vertex 2.49049 -0.21789 19
      vertex 2.49762 0.109049 -3
      vertex 2.49762 0.109049 19
    endloop
  endfacet
  facet normal 0.999762 -0.0218032 0
    outer loop
      vertex 2.49762 0.109049 -3
      vertex 2.49049 -0.21789 19
      vertex 2.49049 -0.21789 -3
    endloop
  endfacet
  facet normal -0.806441 -0.591315 0
    outer loop
      vertex -1.91511 -1.60697 -3
      vertex -2.10848 -1.34325 19
      vertex -2.10848 -1.34325 -3
    endloop
  endfacet
  facet normal -0.806441 -0.591315 0
    outer loop
      vertex -2.10848 -1.34325 19
      vertex -1.91511 -1.60697 -3
      vertex -1.91511 -1.60697 19
    endloop
  endfacet
  facet normal 0.994057 0.108863 0
    outer loop
      vertex 2.49762 0.109049 19
      vertex 2.46202 0.434121 -3
      vertex 2.46202 0.434121 19
    endloop
  endfacet
  facet normal 0.994057 0.108863 0
    outer loop
      vertex 2.46202 0.434121 -3
      vertex 2.49762 0.109049 19
      vertex 2.49762 0.109049 -3
    endloop
  endfacet
  facet normal -0.994057 -0.108863 0
    outer loop
      vertex -2.46202 -0.434121 -3
      vertex -2.49762 -0.109049 19
      vertex -2.49762 -0.109049 -3
    endloop
  endfacet
  facet normal -0.994057 -0.108863 0
    outer loop
      vertex -2.49762 -0.109049 19
      vertex -2.46202 -0.434121 -3
      vertex -2.46202 -0.434121 19
    endloop
  endfacet
  facet normal -0.480991 0.876725 0
    outer loop
      vertex -1.05655 2.26577 -3
      vertex -1.34325 2.10848 19
      vertex -1.05655 2.26577 19
    endloop
  endfacet
  facet normal -0.480991 0.876725 0
    outer loop
      vertex -1.34325 2.10848 19
      vertex -1.05655 2.26577 -3
      vertex -1.34325 2.10848 -3
    endloop
  endfacet
  facet normal -0.625921 -0.779886 0
    outer loop
      vertex -1.68898 -1.84319 -3
      vertex -1.43394 -2.04788 19
      vertex -1.68898 -1.84319 19
    endloop
  endfacet
  facet normal -0.625921 -0.779886 -0
    outer loop
      vertex -1.43394 -2.04788 19
      vertex -1.68898 -1.84319 -3
      vertex -1.43394 -2.04788 -3
    endloop
  endfacet
  facet normal 0.152133 0.98836 -0
    outer loop
      vertex 0.541099 2.44074 -3
      vertex 0.21789 2.49049 19
      vertex 0.541099 2.44074 19
    endloop
  endfacet
  facet normal 0.152133 0.98836 0
    outer loop
      vertex 0.21789 2.49049 19
      vertex 0.541099 2.44074 -3
      vertex 0.21789 2.49049 -3
    endloop
  endfacet
  facet normal -0.915316 0.402737 0
    outer loop
      vertex -2.34923 0.85505 -3
      vertex -2.21753 1.15437 19
      vertex -2.21753 1.15437 -3
    endloop
  endfacet
  facet normal -0.915316 0.402737 0
    outer loop
      vertex -2.21753 1.15437 19
      vertex -2.34923 0.85505 -3
      vertex -2.34923 0.85505 19
    endloop
  endfacet
  facet normal -0.854908 0.518779 0
    outer loop
      vertex -2.21753 1.15437 -3
      vertex -2.04788 1.43394 19
      vertex -2.04788 1.43394 -3
    endloop
  endfacet
  facet normal -0.854908 0.518779 0
    outer loop
      vertex -2.04788 1.43394 19
      vertex -2.21753 1.15437 -3
      vertex -2.21753 1.15437 19
    endloop
  endfacet
  facet normal -0.237695 0.97134 0
    outer loop
      vertex -0.434121 2.46202 -3
      vertex -0.751765 2.38429 19
      vertex -0.434121 2.46202 19
    endloop
  endfacet
  facet normal -0.237695 0.97134 0
    outer loop
      vertex -0.751765 2.38429 19
      vertex -0.434121 2.46202 -3
      vertex -0.751765 2.38429 -3
    endloop
  endfacet
  facet normal 0.97134 0.237695 0
    outer loop
      vertex 2.46202 0.434121 19
      vertex 2.38429 0.751765 -3
      vertex 2.38429 0.751765 19
    endloop
  endfacet
  facet normal 0.97134 0.237695 0
    outer loop
      vertex 2.38429 0.751765 -3
      vertex 2.46202 0.434121 19
      vertex 2.46202 0.434121 -3
    endloop
  endfacet
  facet normal 0.915316 -0.402737 0
    outer loop
      vertex 2.21753 -1.15437 19
      vertex 2.34923 -0.85505 -3
      vertex 2.34923 -0.85505 19
    endloop
  endfacet
  facet normal 0.915316 -0.402737 0
    outer loop
      vertex 2.34923 -0.85505 -3
      vertex 2.21753 -1.15437 19
      vertex 2.21753 -1.15437 -3
    endloop
  endfacet
  facet normal -0.876725 -0.480991 0
    outer loop
      vertex -2.10848 -1.34325 -3
      vertex -2.26577 -1.05655 19
      vertex -2.26577 -1.05655 -3
    endloop
  endfacet
  facet normal -0.876725 -0.480991 0
    outer loop
      vertex -2.26577 -1.05655 19
      vertex -2.10848 -1.34325 -3
      vertex -2.10848 -1.34325 19
    endloop
  endfacet
  facet normal 0.625921 0.779886 -0
    outer loop
      vertex 1.68898 1.84319 -3
      vertex 1.43394 2.04788 19
      vertex 1.68898 1.84319 19
    endloop
  endfacet
  facet normal 0.625921 0.779886 0
    outer loop
      vertex 1.43394 2.04788 19
      vertex 1.68898 1.84319 -3
      vertex 1.43394 2.04788 -3
    endloop
  endfacet
  facet normal 0.854908 -0.518779 0
    outer loop
      vertex 2.04788 -1.43394 19
      vertex 2.21753 -1.15437 -3
      vertex 2.21753 -1.15437 19
    endloop
  endfacet
  facet normal 0.854908 -0.518779 0
    outer loop
      vertex 2.21753 -1.15437 -3
      vertex 2.04788 -1.43394 19
      vertex 2.04788 -1.43394 -3
    endloop
  endfacet
  facet normal -0.591315 0.806441 0
    outer loop
      vertex -1.34325 2.10848 -3
      vertex -1.60697 1.91511 19
      vertex -1.34325 2.10848 19
    endloop
  endfacet
  facet normal -0.591315 0.806441 0
    outer loop
      vertex -1.60697 1.91511 19
      vertex -1.34325 2.10848 -3
      vertex -1.60697 1.91511 -3
    endloop
  endfacet
  facet normal -0.932012 -0.362426 0
    outer loop
      vertex -2.26577 -1.05655 -3
      vertex -2.38429 -0.751765 19
      vertex -2.38429 -0.751765 -3
    endloop
  endfacet
  facet normal -0.932012 -0.362426 0
    outer loop
      vertex -2.38429 -0.751765 19
      vertex -2.26577 -1.05655 -3
      vertex -2.26577 -1.05655 19
    endloop
  endfacet
  facet normal 0.108863 -0.994057 0
    outer loop
      vertex 0.109049 -2.49762 -3
      vertex 0.434121 -2.46202 19
      vertex 0.109049 -2.49762 19
    endloop
  endfacet
  facet normal 0.108863 -0.994057 0
    outer loop
      vertex 0.434121 -2.46202 19
      vertex 0.109049 -2.49762 -3
      vertex 0.434121 -2.46202 -3
    endloop
  endfacet
  facet normal -0.722366 -0.691511 0
    outer loop
      vertex -1.68898 -1.84319 -3
      vertex -1.91511 -1.60697 19
      vertex -1.91511 -1.60697 -3
    endloop
  endfacet
  facet normal -0.722366 -0.691511 0
    outer loop
      vertex -1.91511 -1.60697 19
      vertex -1.68898 -1.84319 -3
      vertex -1.68898 -1.84319 19
    endloop
  endfacet
  facet normal -0.402737 -0.915316 0
    outer loop
      vertex -1.15437 -2.21753 -3
      vertex -0.85505 -2.34923 19
      vertex -1.15437 -2.21753 19
    endloop
  endfacet
  facet normal -0.402737 -0.915316 -0
    outer loop
      vertex -0.85505 -2.34923 19
      vertex -1.15437 -2.21753 -3
      vertex -0.85505 -2.34923 -3
    endloop
  endfacet
  facet normal 0 0 -1
    outer loop
      vertex 14.2285 4.97981 19
      vertex 16.9838 0.74153 19
      vertex 16.9353 -1.48165 19
    endloop
  endfacet
  facet normal 0 0 -1
    outer loop
      vertex 2.49049 -0.21789 19
      vertex 16.9353 -1.48165 19
      vertex 16.597 -3.67947 19
    endloop
  endfacet
  facet normal 0 0 -1
    outer loop
      vertex 16.9838 0.74153 19
      vertex 14.2285 4.97981 19
      vertex 16.7417 2.95202 19
    endloop
  endfacet
  facet normal 0 0 -1
    outer loop
      vertex 2.44074 -0.541099 19
      vertex 16.597 -3.67947 19
      vertex 15.9748 -5.81434 19
    endloop
  endfacet
  facet normal 0 0 -1
    outer loop
      vertex 16.7417 2.95202 19
      vertex 14.2285 4.97981 19
      vertex 16.2132 5.112 19
    endloop
  endfacet
  facet normal 0 0 -1
    outer loop
      vertex 2.34923 -0.85505 19
      vertex 15.9748 -5.81434 19
      vertex 15.0792 -7.84973 19
    endloop
  endfacet
  facet normal -0 0 -1
    outer loop
      vertex 16.2132 5.112 19
      vertex 14.2285 4.97981 19
      vertex 15.9521 5.7835 19
    endloop
  endfacet
  facet normal 0 0 -1
    outer loop
      vertex 2.21753 -1.15437 19
      vertex 15.0792 -7.84973 19
      vertex 13.9256 -9.7508 19
    endloop
  endfacet
  facet normal 0 0 -1
    outer loop
      vertex 16.597 -3.67947 19
      vertex 2.44074 -0.541099 19
      vertex 2.49049 -0.21789 19
    endloop
  endfacet
  facet normal 0 0 -1
    outer loop
      vertex 2.04788 -1.43394 19
      vertex 13.9256 -9.7508 19
      vertex 12.5337 -11.485 19
    endloop
  endfacet
  facet normal 0 0 -1
    outer loop
      vertex 12.9607 7.69874 19
      vertex 14.3377 9.13409 19
      vertex 14.6842 8.50242 19
    endloop
  endfacet
  facet normal -0 0 -1
    outer loop
      vertex 14.3377 9.13409 19
      vertex 12.9607 7.69874 19
      vertex 13.0228 10.9274 19
    endloop
  endfacet
  facet normal 0 -0 -1
    outer loop
      vertex 2.49762 0.109049 19
      vertex 14.2285 4.97981 19
      vertex 2.49049 -0.21789 19
    endloop
  endfacet
  facet normal 0 0 -1
    outer loop
      vertex 2.38429 0.751765 19
      vertex 14.2285 4.97981 19
      vertex 2.46202 0.434121 19
    endloop
  endfacet
  facet normal 0 0 -1
    outer loop
      vertex 1.84319 -1.68898 19
      vertex 12.5337 -11.485 19
      vertex 10.9274 -13.0228 19
    endloop
  endfacet
  facet normal 0 0 -1
    outer loop
      vertex 2.26577 1.05655 19
      vertex 14.2285 4.97981 19
      vertex 2.38429 0.751765 19
    endloop
  endfacet
  facet normal 0 0 -1
    outer loop
      vertex 1.60697 -1.91511 19
      vertex 10.9274 -13.0228 19
      vertex 9.13409 -14.3377 19
    endloop
  endfacet
  facet normal -0 0 -1
    outer loop
      vertex 14.2285 4.97981 19
      vertex 2.26577 1.05655 19
      vertex 12.9607 7.69874 19
    endloop
  endfacet
  facet normal 0 0 -1
    outer loop
      vertex 1.34325 -2.10848 19
      vertex 9.13409 -14.3377 19
      vertex 7.18451 -15.4072 19
    endloop
  endfacet
  facet normal 0 0 -1
    outer loop
      vertex 2.10848 1.34325 19
      vertex 12.9607 7.69874 19
      vertex 2.26577 1.05655 19
    endloop
  endfacet
  facet normal 0 0 -1
    outer loop
      vertex 1.05655 -2.26577 19
      vertex 7.18451 -15.4072 19
      vertex 5.112 -16.2132 19
    endloop
  endfacet
  facet normal 0 0 -1
    outer loop
      vertex 1.91511 1.60697 19
      vertex 12.9607 7.69874 19
      vertex 2.10848 1.34325 19
    endloop
  endfacet
  facet normal 0 0 -1
    outer loop
      vertex 0.751765 -2.38429 19
      vertex 5.112 -16.2132 19
      vertex 2.95202 -16.7417 19
    endloop
  endfacet
  facet normal 0 0 -1
    outer loop
      vertex 1.68898 1.84319 19
      vertex 12.9607 7.69874 19
      vertex 1.91511 1.60697 19
    endloop
  endfacet
  facet normal 0 0 -1
    outer loop
      vertex 12.9607 7.69874 19
      vertex 11.485 12.5337 19
      vertex 13.0228 10.9274 19
    endloop
  endfacet
  facet normal 0 0 -1
    outer loop
      vertex 1.43394 2.04788 19
      vertex 12.9607 7.69874 19
      vertex 1.68898 1.84319 19
    endloop
  endfacet
  facet normal 0 0 -1
    outer loop
      vertex 12.9607 7.69874 19
      vertex 9.7508 13.9256 19
      vertex 11.485 12.5337 19
    endloop
  endfacet
  facet normal -0 0 -1
    outer loop
      vertex 12.9607 7.69874 19
      vertex 1.43394 2.04788 19
      vertex 9.7508 13.9256 19
    endloop
  endfacet
  facet normal -0 0 -1
    outer loop
      vertex 9.7508 13.9256 19
      vertex 1.43394 2.04788 19
      vertex 7.84973 15.0792 19
    endloop
  endfacet
  facet normal 0 0 -1
    outer loop
      vertex 1.15437 2.21753 19
      vertex 7.84973 15.0792 19
      vertex 1.43394 2.04788 19
    endloop
  endfacet
  facet normal -0 0 -1
    outer loop
      vertex 7.84973 15.0792 19
      vertex 1.15437 2.21753 19
      vertex 5.81434 15.9748 19
    endloop
  endfacet
  facet normal 0 0 -1
    outer loop
      vertex 0.85505 2.34923 19
      vertex 5.81434 15.9748 19
      vertex 1.15437 2.21753 19
    endloop
  endfacet
  facet normal -0 0 -1
    outer loop
      vertex 5.81434 15.9748 19
      vertex 0.85505 2.34923 19
      vertex 3.67947 16.597 19
    endloop
  endfacet
  facet normal 0 0 -1
    outer loop
      vertex 0.541099 2.44074 19
      vertex 3.67947 16.597 19
      vertex 0.85505 2.34923 19
    endloop
  endfacet
  facet normal -0 0 -1
    outer loop
      vertex 3.67947 16.597 19
      vertex 0.541099 2.44074 19
      vertex 1.48165 16.9353 19
    endloop
  endfacet
  facet normal 0 0 -1
    outer loop
      vertex 0.21789 2.49049 19
      vertex 1.48165 16.9353 19
      vertex 0.541099 2.44074 19
    endloop
  endfacet
  facet normal 0 0 -1
    outer loop
      vertex -0.109049 2.49762 19
      vertex 1.48165 16.9353 19
      vertex 0.21789 2.49049 19
    endloop
  endfacet
  facet normal 0 0 -1
    outer loop
      vertex -0.74153 16.9838 19
      vertex -0.109049 2.49762 19
      vertex -0.434121 2.46202 19
    endloop
  endfacet
  facet normal 0 0 -1
    outer loop
      vertex -0.109049 2.49762 19
      vertex -0.74153 16.9838 19
      vertex 1.48165 16.9353 19
    endloop
  endfacet
  facet normal 0 0 -1
    outer loop
      vertex -2.95202 16.7417 19
      vertex -0.434121 2.46202 19
      vertex -0.751765 2.38429 19
    endloop
  endfacet
  facet normal 0 0 -1
    outer loop
      vertex -5.112 16.2132 19
      vertex -0.751765 2.38429 19
      vertex -1.05655 2.26577 19
    endloop
  endfacet
  facet normal 0 0 -1
    outer loop
      vertex -7.18451 15.4072 19
      vertex -1.05655 2.26577 19
      vertex -1.34325 2.10848 19
    endloop
  endfacet
  facet normal 0 0 -1
    outer loop
      vertex -9.13409 14.3377 19
      vertex -1.34325 2.10848 19
      vertex -1.60697 1.91511 19
    endloop
  endfacet
  facet normal 0 0 -1
    outer loop
      vertex -10.9274 13.0228 19
      vertex -1.60697 1.91511 19
      vertex -1.84319 1.68898 19
    endloop
  endfacet
  facet normal 0 0 -1
    outer loop
      vertex -12.5337 11.485 19
      vertex -1.84319 1.68898 19
      vertex -2.04788 1.43394 19
    endloop
  endfacet
  facet normal 0 0 -1
    outer loop
      vertex -13.9256 9.7508 19
      vertex -2.04788 1.43394 19
      vertex -2.21753 1.15437 19
    endloop
  endfacet
  facet normal 0 0 -1
    outer loop
      vertex -15.0792 7.84973 19
      vertex -2.21753 1.15437 19
      vertex -2.34923 0.85505 19
    endloop
  endfacet
  facet normal 0 0 -1
    outer loop
      vertex -15.9748 5.81434 19
      vertex -2.34923 0.85505 19
      vertex -2.44074 0.541099 19
    endloop
  endfacet
  facet normal 0 0 -1
    outer loop
      vertex -16.597 3.67947 19
      vertex -2.44074 0.541099 19
      vertex -2.49049 0.21789 19
    endloop
  endfacet
  facet normal 0 0 -1
    outer loop
      vertex -0.434121 2.46202 19
      vertex -2.95202 16.7417 19
      vertex -0.74153 16.9838 19
    endloop
  endfacet
  facet normal 0 0 -1
    outer loop
      vertex -16.9353 1.48165 19
      vertex -2.49049 0.21789 19
      vertex -2.49762 -0.109049 19
    endloop
  endfacet
  facet normal 0 0 -1
    outer loop
      vertex 2.46202 0.434121 19
      vertex 14.2285 4.97981 19
      vertex 2.49762 0.109049 19
    endloop
  endfacet
  facet normal 0 0 -1
    outer loop
      vertex 16.9353 -1.48165 19
      vertex 2.49049 -0.21789 19
      vertex 14.2285 4.97981 19
    endloop
  endfacet
  facet normal 0 0 -1
    outer loop
      vertex 15.9748 -5.81434 19
      vertex 2.34923 -0.85505 19
      vertex 2.44074 -0.541099 19
    endloop
  endfacet
  facet normal 0 0 -1
    outer loop
      vertex 15.0792 -7.84973 19
      vertex 2.21753 -1.15437 19
      vertex 2.34923 -0.85505 19
    endloop
  endfacet
  facet normal 0 0 -1
    outer loop
      vertex 13.9256 -9.7508 19
      vertex 2.04788 -1.43394 19
      vertex 2.21753 -1.15437 19
    endloop
  endfacet
  facet normal 0 0 -1
    outer loop
      vertex 12.5337 -11.485 19
      vertex 1.84319 -1.68898 19
      vertex 2.04788 -1.43394 19
    endloop
  endfacet
  facet normal 0 0 -1
    outer loop
      vertex 10.9274 -13.0228 19
      vertex 1.60697 -1.91511 19
      vertex 1.84319 -1.68898 19
    endloop
  endfacet
  facet normal 0 0 -1
    outer loop
      vertex 9.13409 -14.3377 19
      vertex 1.34325 -2.10848 19
      vertex 1.60697 -1.91511 19
    endloop
  endfacet
  facet normal 0 0 -1
    outer loop
      vertex 7.18451 -15.4072 19
      vertex 1.05655 -2.26577 19
      vertex 1.34325 -2.10848 19
    endloop
  endfacet
  facet normal 0 0 -1
    outer loop
      vertex 5.112 -16.2132 19
      vertex 0.751765 -2.38429 19
      vertex 1.05655 -2.26577 19
    endloop
  endfacet
  facet normal 0 0 -1
    outer loop
      vertex 0.434121 -2.46202 19
      vertex 2.95202 -16.7417 19
      vertex 0.74153 -16.9838 19
    endloop
  endfacet
  facet normal 0 0 -1
    outer loop
      vertex 2.95202 -16.7417 19
      vertex 0.434121 -2.46202 19
      vertex 0.751765 -2.38429 19
    endloop
  endfacet
  facet normal 0 0 -1
    outer loop
      vertex 0.74153 -16.9838 19
      vertex 0.109049 -2.49762 19
      vertex 0.434121 -2.46202 19
    endloop
  endfacet
  facet normal 0 0 -1
    outer loop
      vertex 0.74153 -16.9838 19
      vertex -0.21789 -2.49049 19
      vertex 0.109049 -2.49762 19
    endloop
  endfacet
  facet normal 0 0 -1
    outer loop
      vertex -1.48165 -16.9353 19
      vertex -0.21789 -2.49049 19
      vertex 0.74153 -16.9838 19
    endloop
  endfacet
  facet normal -0 0 -1
    outer loop
      vertex -0.21789 -2.49049 19
      vertex -1.48165 -16.9353 19
      vertex -0.541099 -2.44074 19
    endloop
  endfacet
  facet normal 0 0 -1
    outer loop
      vertex -3.67947 -16.597 19
      vertex -0.541099 -2.44074 19
      vertex -1.48165 -16.9353 19
    endloop
  endfacet
  facet normal -0 0 -1
    outer loop
      vertex -0.541099 -2.44074 19
      vertex -3.67947 -16.597 19
      vertex -0.85505 -2.34923 19
    endloop
  endfacet
  facet normal 0 0 -1
    outer loop
      vertex -5.81434 -15.9748 19
      vertex -0.85505 -2.34923 19
      vertex -3.67947 -16.597 19
    endloop
  endfacet
  facet normal -0 0 -1
    outer loop
      vertex -0.85505 -2.34923 19
      vertex -5.81434 -15.9748 19
      vertex -1.15437 -2.21753 19
    endloop
  endfacet
  facet normal 0 0 -1
    outer loop
      vertex -7.84973 -15.0792 19
      vertex -1.15437 -2.21753 19
      vertex -5.81434 -15.9748 19
    endloop
  endfacet
  facet normal -0 0 -1
    outer loop
      vertex -1.15437 -2.21753 19
      vertex -7.84973 -15.0792 19
      vertex -1.43394 -2.04788 19
    endloop
  endfacet
  facet normal 0 0 -1
    outer loop
      vertex -9.7508 -13.9256 19
      vertex -1.43394 -2.04788 19
      vertex -7.84973 -15.0792 19
    endloop
  endfacet
  facet normal -0 0 -1
    outer loop
      vertex -1.43394 -2.04788 19
      vertex -9.7508 -13.9256 19
      vertex -1.68898 -1.84319 19
    endloop
  endfacet
  facet normal 0 0 -1
    outer loop
      vertex -11.485 -12.5337 19
      vertex -1.68898 -1.84319 19
      vertex -9.7508 -13.9256 19
    endloop
  endfacet
  facet normal -0 0 -1
    outer loop
      vertex -1.68898 -1.84319 19
      vertex -11.485 -12.5337 19
      vertex -1.91511 -1.60697 19
    endloop
  endfacet
  facet normal 0 0 -1
    outer loop
      vertex -13.0228 -10.9274 19
      vertex -1.91511 -1.60697 19
      vertex -11.485 -12.5337 19
    endloop
  endfacet
  facet normal -0 0 -1
    outer loop
      vertex -1.91511 -1.60697 19
      vertex -13.0228 -10.9274 19
      vertex -2.10848 -1.34325 19
    endloop
  endfacet
  facet normal 0 0 -1
    outer loop
      vertex -0.751765 2.38429 19
      vertex -5.112 16.2132 19
      vertex -2.95202 16.7417 19
    endloop
  endfacet
  facet normal 0 0 -1
    outer loop
      vertex -14.3377 -9.13409 19
      vertex -2.10848 -1.34325 19
      vertex -13.0228 -10.9274 19
    endloop
  endfacet
  facet normal 0 0 -1
    outer loop
      vertex -1.05655 2.26577 19
      vertex -7.18451 15.4072 19
      vertex -5.112 16.2132 19
    endloop
  endfacet
  facet normal -0 0 -1
    outer loop
      vertex -2.10848 -1.34325 19
      vertex -14.3377 -9.13409 19
      vertex -2.26577 -1.05655 19
    endloop
  endfacet
  facet normal 0 0 -1
    outer loop
      vertex -1.34325 2.10848 19
      vertex -9.13409 14.3377 19
      vertex -7.18451 15.4072 19
    endloop
  endfacet
  facet normal 0 0 -1
    outer loop
      vertex -15.4072 -7.18451 19
      vertex -2.26577 -1.05655 19
      vertex -14.3377 -9.13409 19
    endloop
  endfacet
  facet normal 0 0 -1
    outer loop
      vertex -1.60697 1.91511 19
      vertex -10.9274 13.0228 19
      vertex -9.13409 14.3377 19
    endloop
  endfacet
  facet normal -0 0 -1
    outer loop
      vertex -2.26577 -1.05655 19
      vertex -15.4072 -7.18451 19
      vertex -2.38429 -0.751765 19
    endloop
  endfacet
  facet normal 0 0 -1
    outer loop
      vertex -1.84319 1.68898 19
      vertex -12.5337 11.485 19
      vertex -10.9274 13.0228 19
    endloop
  endfacet
  facet normal 0 0 -1
    outer loop
      vertex -16.2132 -5.112 19
      vertex -2.38429 -0.751765 19
      vertex -15.4072 -7.18451 19
    endloop
  endfacet
  facet normal 0 0 -1
    outer loop
      vertex -2.04788 1.43394 19
      vertex -13.9256 9.7508 19
      vertex -12.5337 11.485 19
    endloop
  endfacet
  facet normal -0 0 -1
    outer loop
      vertex -2.38429 -0.751765 19
      vertex -16.2132 -5.112 19
      vertex -2.46202 -0.434121 19
    endloop
  endfacet
  facet normal 0 0 -1
    outer loop
      vertex -2.21753 1.15437 19
      vertex -15.0792 7.84973 19
      vertex -13.9256 9.7508 19
    endloop
  endfacet
  facet normal 0 0 -1
    outer loop
      vertex -16.7417 -2.95202 19
      vertex -2.46202 -0.434121 19
      vertex -16.2132 -5.112 19
    endloop
  endfacet
  facet normal 0 0 -1
    outer loop
      vertex -2.34923 0.85505 19
      vertex -15.9748 5.81434 19
      vertex -15.0792 7.84973 19
    endloop
  endfacet
  facet normal -0 0 -1
    outer loop
      vertex -2.46202 -0.434121 19
      vertex -16.7417 -2.95202 19
      vertex -2.49762 -0.109049 19
    endloop
  endfacet
  facet normal 0 0 -1
    outer loop
      vertex -2.44074 0.541099 19
      vertex -16.597 3.67947 19
      vertex -15.9748 5.81434 19
    endloop
  endfacet
  facet normal 0 0 -1
    outer loop
      vertex -16.9838 -0.74153 19
      vertex -2.49762 -0.109049 19
      vertex -16.7417 -2.95202 19
    endloop
  endfacet
  facet normal 0 0 -1
    outer loop
      vertex -2.49049 0.21789 19
      vertex -16.9353 1.48165 19
      vertex -16.597 3.67947 19
    endloop
  endfacet
  facet normal -0 0 -1
    outer loop
      vertex -2.49762 -0.109049 19
      vertex -16.9838 -0.74153 19
      vertex -16.9353 1.48165 19
    endloop
  endfacet
  facet normal -0.152133 -0.98836 0
    outer loop
      vertex -0.541099 -2.44074 -3
      vertex -0.21789 -2.49049 19
      vertex -0.541099 -2.44074 19
    endloop
  endfacet
  facet normal -0.152133 -0.98836 -0
    outer loop
      vertex -0.21789 -2.49049 19
      vertex -0.541099 -2.44074 -3
      vertex -0.21789 -2.49049 -3
    endloop
  endfacet
  facet normal -0.108863 0.994057 0
    outer loop
      vertex -0.109049 2.49762 -3
      vertex -0.434121 2.46202 19
      vertex -0.109049 2.49762 19
    endloop
  endfacet
  facet normal -0.108863 0.994057 0
    outer loop
      vertex -0.434121 2.46202 19
      vertex -0.109049 2.49762 -3
      vertex -0.434121 2.46202 -3
    endloop
  endfacet
  facet normal -0.98836 0.152133 0
    outer loop
      vertex -2.49049 0.21789 -3
      vertex -2.44074 0.541099 19
      vertex -2.44074 0.541099 -3
    endloop
  endfacet
  facet normal -0.98836 0.152133 0
    outer loop
      vertex -2.44074 0.541099 19
      vertex -2.49049 0.21789 -3
      vertex -2.49049 0.21789 19
    endloop
  endfacet
  facet normal 0.906315 0.422604 0
    outer loop
      vertex 14.1394 9.90343 28
      vertex 14.7733 8.54397 26
      vertex 14.1394 9.90343 26
    endloop
  endfacet
  facet normal 0.906302 0.422631 0
    outer loop
      vertex 14.7733 8.54397 26
      vertex 16.0412 5.82505 26
      vertex 14.7733 8.54397 0
    endloop
  endfacet
  facet normal 0.906302 0.422631 -2.26575e-05
    outer loop
      vertex 14.1394 9.90343 28
      vertex 16.0412 5.82505 26
      vertex 14.7733 8.54397 26
    endloop
  endfacet
  facet normal 0.906308 0.422617 1.13289e-05
    outer loop
      vertex 16.6751 4.46559 28
      vertex 16.0412 5.82505 26
      vertex 14.1394 9.90343 28
    endloop
  endfacet
  facet normal 0.906315 0.422604 0
    outer loop
      vertex 16.0412 5.82505 26
      vertex 16.6751 4.46559 28
      vertex 16.6751 4.46559 26
    endloop
  endfacet
  facet normal 0.906302 0.422631 0
    outer loop
      vertex 14.7733 8.54397 0
      vertex 16.0412 5.82505 26
      vertex 16.0412 5.82505 0
    endloop
  endfacet
  facet normal -0.906315 -0.422602 0
    outer loop
      vertex 14.2285 4.97981 0
      vertex 12.9607 7.69874 19
      vertex 12.9607 7.69874 0
    endloop
  endfacet
  facet normal -0.906315 -0.422602 0
    outer loop
      vertex 12.9607 7.69874 19
      vertex 14.2285 4.97981 0
      vertex 14.2285 4.97981 19
    endloop
  endfacet
  facet normal -0.906315 -0.422602 0
    outer loop
      vertex 14.2285 4.97981 22
      vertex 12.9607 7.69874 26
      vertex 12.9607 7.69874 22
    endloop
  endfacet
  facet normal -0.906315 -0.422602 0
    outer loop
      vertex 12.9607 7.69874 26
      vertex 14.2285 4.97981 22
      vertex 14.2285 4.97981 26
    endloop
  endfacet
  facet normal -0.422619 0.906308 -4.42129e-07
    outer loop
      vertex 14.7733 8.54397 26
      vertex 14.6842 8.50242 22
      vertex 12.9607 7.69874 26
    endloop
  endfacet
  facet normal -0.422635 0.9063 0
    outer loop
      vertex 14.7733 8.54397 26
      vertex 14.6842 8.50242 19
      vertex 14.6842 8.50242 22
    endloop
  endfacet
  facet normal -0.422635 0.9063 0
    outer loop
      vertex 14.7733 8.54397 0
      vertex 14.6842 8.50242 19
      vertex 14.7733 8.54397 26
    endloop
  endfacet
  facet normal -0.422618 0.906308 9.78917e-08
    outer loop
      vertex 14.7733 8.54397 0
      vertex 12.9607 7.69874 19
      vertex 14.6842 8.50242 19
    endloop
  endfacet
  facet normal -0.422619 0.906308 0
    outer loop
      vertex 12.9607 7.69874 19
      vertex 14.7733 8.54397 0
      vertex 12.9607 7.69874 0
    endloop
  endfacet
  facet normal -0.422618 0.906308 0
    outer loop
      vertex 12.9607 7.69874 26
      vertex 14.6842 8.50242 22
      vertex 12.9607 7.69874 22
    endloop
  endfacet
  facet normal 0.422602 -0.906315 0
    outer loop
      vertex 14.2285 4.97981 19
      vertex 14.2285 4.97981 0
      vertex 15.9521 5.7835 19
    endloop
  endfacet
  facet normal 0.422602 -0.906315 0
    outer loop
      vertex 15.9521 5.7835 22
      vertex 14.2285 4.97981 26
      vertex 14.2285 4.97981 22
    endloop
  endfacet
  facet normal 0.422604 -0.906315 8.50092e-07
    outer loop
      vertex 14.2285 4.97981 26
      vertex 15.9521 5.7835 22
      vertex 16.0412 5.82505 26
    endloop
  endfacet
  facet normal 0.422635 -0.9063 0
    outer loop
      vertex 15.9521 5.7835 19
      vertex 16.0412 5.82505 26
      vertex 15.9521 5.7835 22
    endloop
  endfacet
  facet normal 0.422635 -0.9063 0
    outer loop
      vertex 15.9521 5.7835 19
      vertex 16.0412 5.82505 0
      vertex 16.0412 5.82505 26
    endloop
  endfacet
  facet normal 0.422604 -0.906315 -1.78967e-07
    outer loop
      vertex 16.0412 5.82505 0
      vertex 15.9521 5.7835 19
      vertex 14.2285 4.97981 0
    endloop
  endfacet
  facet normal 0 0 1
    outer loop
      vertex 14.1394 9.90343 28
      vertex 0.361547 -3.14154 28
      vertex 16.6751 4.46559 28
    endloop
  endfacet
  facet normal 0 -0 1
    outer loop
      vertex 0.361547 -3.14154 28
      vertex 14.1394 9.90343 28
      vertex -2.17416 2.29631 28
    endloop
  endfacet
  facet normal 0 0 -1
    outer loop
      vertex 16.6751 4.46559 26
      vertex 14.2285 4.97981 26
      vertex 16.0412 5.82505 26
    endloop
  endfacet
  facet normal -0 0 -1
    outer loop
      vertex 14.2285 4.97981 26
      vertex -9.60784 -7.79034 26
      vertex 12.9607 7.69874 26
    endloop
  endfacet
  facet normal 0 0 -1
    outer loop
      vertex -9.60784 -7.79034 26
      vertex 14.2285 4.97981 26
      vertex 16.6751 4.46559 26
    endloop
  endfacet
  facet normal 0 0 -1
    outer loop
      vertex 12.9607 7.69874 26
      vertex 14.1394 9.90343 26
      vertex 14.7733 8.54397 26
    endloop
  endfacet
  facet normal 0 0 -1
    outer loop
      vertex -12.1435 -2.3525 26
      vertex 12.9607 7.69874 26
      vertex -9.60784 -7.79034 26
    endloop
  endfacet
  facet normal -0 0 -1
    outer loop
      vertex 12.9607 7.69874 26
      vertex -12.1435 -2.3525 26
      vertex 14.1394 9.90343 26
    endloop
  endfacet
  facet normal -0.906311 -0.422612 0
    outer loop
      vertex -12.1435 -2.3525 26
      vertex -9.60784 -7.79034 26
      vertex -12.1435 -2.3525 27.2
    endloop
  endfacet
  facet normal -0.9063 -0.422635 0
    outer loop
      vertex -12.1435 -2.3525 27.2
      vertex -13.2001 -0.0867263 28.8
      vertex -13.2001 -0.0867263 27.2
    endloop
  endfacet
  facet normal -0.906311 -0.422612 -0
    outer loop
      vertex -9.60784 -7.79034 27.2
      vertex -12.1435 -2.3525 27.2
      vertex -9.60784 -7.79034 26
    endloop
  endfacet
  facet normal -0.906311 -0.422612 -4.06256e-05
    outer loop
      vertex -12.1435 -2.3525 27.2
      vertex -9.60784 -7.79034 27.2
      vertex -13.2001 -0.0867263 28.8
    endloop
  endfacet
  facet normal -0.906306 -0.422621 -0
    outer loop
      vertex -8.55129 -10.0561 28.8
      vertex -9.60784 -7.79034 27.2
      vertex -8.55129 -10.0561 27.2
    endloop
  endfacet
  facet normal -0.906307 -0.422619 3.07029e-06
    outer loop
      vertex -9.60784 -7.79034 27.2
      vertex -8.55129 -10.0561 28.8
      vertex -13.2001 -0.0867263 28.8
    endloop
  endfacet
  facet normal -0.422617 0.906308 0
    outer loop
      vertex 14.1394 9.90343 28
      vertex -2.17416 2.29631 27.2
      vertex -2.17416 2.29631 28
    endloop
  endfacet
  facet normal -0.422617 0.906308 0
    outer loop
      vertex 14.1394 9.90343 26
      vertex -2.17416 2.29631 27.2
      vertex 14.1394 9.90343 28
    endloop
  endfacet
  facet normal -0.422619 0.906308 -1.94012e-05
    outer loop
      vertex -12.1435 -2.3525 26
      vertex -2.17416 2.29631 27.2
      vertex 14.1394 9.90343 26
    endloop
  endfacet
  facet normal -0.422621 0.906307 0
    outer loop
      vertex -2.17416 2.29631 27.2
      vertex -12.1435 -2.3525 26
      vertex -12.1435 -2.3525 27.2
    endloop
  endfacet
  facet normal 0.422618 -0.906308 0
    outer loop
      vertex -9.60784 -7.79034 27.2
      vertex -9.60784 -7.79034 26
      vertex 0.361547 -3.14154 27.2
    endloop
  endfacet
  facet normal 0.422618 -0.906308 0
    outer loop
      vertex 0.361547 -3.14154 27.2
      vertex 16.6751 4.46559 28
      vertex 0.361547 -3.14154 28
    endloop
  endfacet
  facet normal 0.422618 -0.906308 6.39571e-07
    outer loop
      vertex 16.6751 4.46559 26
      vertex 0.361547 -3.14154 27.2
      vertex -9.60784 -7.79034 26
    endloop
  endfacet
  facet normal 0.422618 -0.906308 0
    outer loop
      vertex 0.361547 -3.14154 27.2
      vertex 16.6751 4.46559 26
      vertex 16.6751 4.46559 28
    endloop
  endfacet
  facet normal 0.906306 0.422621 0
    outer loop
      vertex -3.23071 4.56207 28.8
      vertex -2.17416 2.29631 28
      vertex -3.23071 4.56207 27.2
    endloop
  endfacet
  facet normal 0.906308 0.422618 1.18594e-05
    outer loop
      vertex -3.23071 4.56207 28.8
      vertex 0.361547 -3.14154 28
      vertex -2.17416 2.29631 28
    endloop
  endfacet
  facet normal 0.906308 0.422618 3.74121e-06
    outer loop
      vertex 1.41809 -5.40731 28.8
      vertex 0.361547 -3.14154 28
      vertex -3.23071 4.56207 28.8
    endloop
  endfacet
  facet normal 0.906308 0.422617 -0
    outer loop
      vertex 1.41809 -5.40731 27.2
      vertex 0.361547 -3.14154 28
      vertex 1.41809 -5.40731 28.8
    endloop
  endfacet
  facet normal 0.906308 0.422617 0
    outer loop
      vertex 0.361547 -3.14154 28
      vertex 1.41809 -5.40731 27.2
      vertex 0.361547 -3.14154 27.2
    endloop
  endfacet
  facet normal 0.906306 0.422621 0
    outer loop
      vertex -3.23071 4.56207 27.2
      vertex -2.17416 2.29631 28
      vertex -2.17416 2.29631 27.2
    endloop
  endfacet
  facet normal 0 0 1
    outer loop
      vertex -3.23071 4.56207 28.8
      vertex -8.55129 -10.0561 28.8
      vertex 1.41809 -5.40731 28.8
    endloop
  endfacet
  facet normal 0 -0 1
    outer loop
      vertex -8.55129 -10.0561 28.8
      vertex -3.23071 4.56207 28.8
      vertex -13.2001 -0.0867263 28.8
    endloop
  endfacet
  facet normal 0 0 -1
    outer loop
      vertex -12.1435 -2.3525 27.2
      vertex -3.23071 4.56207 27.2
      vertex -2.17416 2.29631 27.2
    endloop
  endfacet
  facet normal 0 0 -1
    outer loop
      vertex -3.23071 4.56207 27.2
      vertex -12.1435 -2.3525 27.2
      vertex -13.2001 -0.0867263 27.2
    endloop
  endfacet
  facet normal 0 0 -1
    outer loop
      vertex -8.55129 -10.0561 27.2
      vertex 0.361547 -3.14154 27.2
      vertex 1.41809 -5.40731 27.2
    endloop
  endfacet
  facet normal 0 0 -1
    outer loop
      vertex 0.361547 -3.14154 27.2
      vertex -8.55129 -10.0561 27.2
      vertex -9.60784 -7.79034 27.2
    endloop
  endfacet
  facet normal -0.422618 0.906308 0
    outer loop
      vertex -3.23071 4.56207 27.2
      vertex -13.2001 -0.0867263 28.8
      vertex -3.23071 4.56207 28.8
    endloop
  endfacet
  facet normal -0.422618 0.906308 0
    outer loop
      vertex -13.2001 -0.0867263 28.8
      vertex -3.23071 4.56207 27.2
      vertex -13.2001 -0.0867263 27.2
    endloop
  endfacet
  facet normal 0.422618 -0.906308 0
    outer loop
      vertex -8.55129 -10.0561 27.2
      vertex 1.41809 -5.40731 28.8
      vertex -8.55129 -10.0561 28.8
    endloop
  endfacet
  facet normal 0.422618 -0.906308 0
    outer loop
      vertex 1.41809 -5.40731 28.8
      vertex -8.55129 -10.0561 27.2
      vertex 1.41809 -5.40731 27.2
    endloop
  endfacet
  facet normal 0.806447 0.591307 0
    outer loop
      vertex 14.3377 9.13409 22
      vertex 13.0228 10.9274 19
      vertex 13.0228 10.9274 22
    endloop
  endfacet
  facet normal 0.806447 0.591307 0
    outer loop
      vertex 13.0228 10.9274 19
      vertex 14.3377 9.13409 22
      vertex 14.3377 9.13409 19
    endloop
  endfacet
  facet normal 0.876754 0.48094 0
    outer loop
      vertex 14.6842 8.50242 22
      vertex 14.3377 9.13409 19
      vertex 14.3377 9.13409 22
    endloop
  endfacet
  facet normal 0.876754 0.48094 0
    outer loop
      vertex 14.3377 9.13409 19
      vertex 14.6842 8.50242 22
      vertex 14.6842 8.50242 19
    endloop
  endfacet
  facet normal 0.722296 0.691584 0
    outer loop
      vertex 11.8543 12.148 22
      vertex 11.485 12.5337 19
      vertex 11.485 12.5337 22
    endloop
  endfacet
  facet normal 0.722355 0.691522 -0
    outer loop
      vertex 13.0228 10.9274 19
      vertex 11.8543 12.148 22
      vertex 13.0228 10.9274 22
    endloop
  endfacet
  facet normal 0.722341 0.691537 -1.15616e-05
    outer loop
      vertex 11.8543 12.148 22
      vertex 13.0228 10.9274 19
      vertex 11.485 12.5337 19
    endloop
  endfacet
  facet normal -0.932001 -0.362456 0
    outer loop
      vertex -15.4072 -7.18451 19
      vertex -16.2132 -5.112 22
      vertex -16.2132 -5.112 19
    endloop
  endfacet
  facet normal -0.932001 -0.362456 0
    outer loop
      vertex -16.2132 -5.112 22
      vertex -15.4072 -7.18451 19
      vertex -15.4072 -7.18451 22
    endloop
  endfacet
  facet normal -0.108872 0.994056 0
    outer loop
      vertex -0.74153 16.9838 19
      vertex -2.95202 16.7417 22
      vertex -0.74153 16.9838 22
    endloop
  endfacet
  facet normal -0.108872 0.994056 0
    outer loop
      vertex -2.95202 16.7417 22
      vertex -0.74153 16.9838 19
      vertex -2.95202 16.7417 19
    endloop
  endfacet
  facet normal -0.237667 0.971347 0
    outer loop
      vertex -2.95202 16.7417 19
      vertex -5.112 16.2132 22
      vertex -2.95202 16.7417 22
    endloop
  endfacet
  facet normal -0.237667 0.971347 0
    outer loop
      vertex -5.112 16.2132 22
      vertex -2.95202 16.7417 19
      vertex -5.112 16.2132 19
    endloop
  endfacet
  facet normal 0.625939 0.779872 -0
    outer loop
      vertex 11.485 12.5337 19
      vertex 9.7508 13.9256 22
      vertex 11.485 12.5337 22
    endloop
  endfacet
  facet normal 0.625939 0.779872 0
    outer loop
      vertex 9.7508 13.9256 22
      vertex 11.485 12.5337 19
      vertex 9.7508 13.9256 19
    endloop
  endfacet
  facet normal 0.591307 -0.806447 0
    outer loop
      vertex 9.13409 -14.3377 19
      vertex 10.9274 -13.0228 22
      vertex 9.13409 -14.3377 22
    endloop
  endfacet
  facet normal 0.591307 -0.806447 0
    outer loop
      vertex 10.9274 -13.0228 22
      vertex 9.13409 -14.3377 19
      vertex 10.9274 -13.0228 19
    endloop
  endfacet
  facet normal 0.480962 -0.876741 0
    outer loop
      vertex 7.18451 -15.4072 19
      vertex 9.13409 -14.3377 22
      vertex 7.18451 -15.4072 22
    endloop
  endfacet
  facet normal 0.480962 -0.876741 0
    outer loop
      vertex 9.13409 -14.3377 22
      vertex 7.18451 -15.4072 19
      vertex 9.13409 -14.3377 19
    endloop
  endfacet
  facet normal 0.279805 0.960057 -0
    outer loop
      vertex 5.81434 15.9748 19
      vertex 3.67947 16.597 22
      vertex 5.81434 15.9748 22
    endloop
  endfacet
  facet normal 0.279805 0.960057 0
    outer loop
      vertex 3.67947 16.597 22
      vertex 5.81434 15.9748 19
      vertex 3.67947 16.597 19
    endloop
  endfacet
  facet normal 0.999762 -0.0218104 0
    outer loop
      vertex 16.9353 -1.48165 22
      vertex 16.9838 0.74153 19
      vertex 16.9838 0.74153 22
    endloop
  endfacet
  facet normal 0.999762 -0.0218104 0
    outer loop
      vertex 16.9838 0.74153 19
      vertex 16.9353 -1.48165 22
      vertex 16.9353 -1.48165 19
    endloop
  endfacet
  facet normal 0.237667 -0.971347 0
    outer loop
      vertex 2.95202 -16.7417 19
      vertex 5.112 -16.2132 22
      vertex 2.95202 -16.7417 22
    endloop
  endfacet
  facet normal 0.237667 -0.971347 0
    outer loop
      vertex 5.112 -16.2132 22
      vertex 2.95202 -16.7417 19
      vertex 5.112 -16.2132 19
    endloop
  endfacet
  facet normal -0.999762 0.0218104 0
    outer loop
      vertex -16.9838 -0.74153 19
      vertex -16.9353 1.48165 22
      vertex -16.9353 1.48165 19
    endloop
  endfacet
  facet normal -0.999762 0.0218104 0
    outer loop
      vertex -16.9353 1.48165 22
      vertex -16.9838 -0.74153 19
      vertex -16.9838 -0.74153 22
    endloop
  endfacet
  facet normal 0.91531 -0.402749 0
    outer loop
      vertex 15.0792 -7.84973 22
      vertex 15.9748 -5.81434 19
      vertex 15.9748 -5.81434 22
    endloop
  endfacet
  facet normal 0.91531 -0.402749 0
    outer loop
      vertex 15.9748 -5.81434 19
      vertex 15.0792 -7.84973 22
      vertex 15.0792 -7.84973 19
    endloop
  endfacet
  facet normal 0.960057 -0.279805 0
    outer loop
      vertex 15.9748 -5.81434 22
      vertex 16.597 -3.67947 19
      vertex 16.597 -3.67947 22
    endloop
  endfacet
  facet normal 0.960057 -0.279805 0
    outer loop
      vertex 16.597 -3.67947 19
      vertex 15.9748 -5.81434 22
      vertex 15.9748 -5.81434 19
    endloop
  endfacet
  facet normal 0.691537 -0.722341 0
    outer loop
      vertex 10.9274 -13.0228 19
      vertex 12.5337 -11.485 22
      vertex 10.9274 -13.0228 22
    endloop
  endfacet
  facet normal 0.691537 -0.722341 0
    outer loop
      vertex 12.5337 -11.485 22
      vertex 10.9274 -13.0228 19
      vertex 12.5337 -11.485 19
    endloop
  endfacet
  facet normal -0.876741 -0.480962 0
    outer loop
      vertex -14.3377 -9.13409 19
      vertex -15.4072 -7.18451 22
      vertex -15.4072 -7.18451 19
    endloop
  endfacet
  facet normal -0.876741 -0.480962 0
    outer loop
      vertex -15.4072 -7.18451 22
      vertex -14.3377 -9.13409 19
      vertex -14.3377 -9.13409 22
    endloop
  endfacet
  facet normal -0.91531 0.402749 0
    outer loop
      vertex -15.9748 5.81434 19
      vertex -15.0792 7.84973 22
      vertex -15.0792 7.84973 19
    endloop
  endfacet
  facet normal -0.91531 0.402749 0
    outer loop
      vertex -15.0792 7.84973 22
      vertex -15.9748 5.81434 19
      vertex -15.9748 5.81434 22
    endloop
  endfacet
  facet normal -0.691537 0.722341 0
    outer loop
      vertex -10.9274 13.0228 19
      vertex -12.5337 11.485 22
      vertex -10.9274 13.0228 22
    endloop
  endfacet
  facet normal -0.691537 0.722341 0
    outer loop
      vertex -12.5337 11.485 22
      vertex -10.9274 13.0228 19
      vertex -12.5337 11.485 19
    endloop
  endfacet
  facet normal -0.518774 -0.854911 0
    outer loop
      vertex -9.7508 -13.9256 19
      vertex -7.84973 -15.0792 22
      vertex -9.7508 -13.9256 22
    endloop
  endfacet
  facet normal -0.518774 -0.854911 -0
    outer loop
      vertex -7.84973 -15.0792 22
      vertex -9.7508 -13.9256 19
      vertex -7.84973 -15.0792 19
    endloop
  endfacet
  facet normal 0.402749 0.91531 -0
    outer loop
      vertex 7.84973 15.0792 19
      vertex 5.81434 15.9748 22
      vertex 7.84973 15.0792 22
    endloop
  endfacet
  facet normal 0.402749 0.91531 0
    outer loop
      vertex 5.81434 15.9748 22
      vertex 7.84973 15.0792 19
      vertex 5.81434 15.9748 19
    endloop
  endfacet
  facet normal 0.108872 -0.994056 0
    outer loop
      vertex 0.74153 -16.9838 19
      vertex 2.95202 -16.7417 22
      vertex 0.74153 -16.9838 22
    endloop
  endfacet
  facet normal 0.108872 -0.994056 0
    outer loop
      vertex 2.95202 -16.7417 22
      vertex 0.74153 -16.9838 19
      vertex 2.95202 -16.7417 19
    endloop
  endfacet
  facet normal 0.779872 -0.625939 0
    outer loop
      vertex 12.5337 -11.485 22
      vertex 13.9256 -9.7508 19
      vertex 13.9256 -9.7508 22
    endloop
  endfacet
  facet normal 0.779872 -0.625939 0
    outer loop
      vertex 13.9256 -9.7508 19
      vertex 12.5337 -11.485 22
      vertex 12.5337 -11.485 19
    endloop
  endfacet
  facet normal -0.779872 0.625939 0
    outer loop
      vertex -13.9256 9.7508 19
      vertex -12.5337 11.485 22
      vertex -12.5337 11.485 19
    endloop
  endfacet
  facet normal -0.779872 0.625939 0
    outer loop
      vertex -12.5337 11.485 22
      vertex -13.9256 9.7508 19
      vertex -13.9256 9.7508 22
    endloop
  endfacet
  facet normal 0 0 -1
    outer loop
      vertex 11.485 12.5337 22
      vertex 26.6021 19.025 22
      vertex 11.8543 12.148 22
    endloop
  endfacet
  facet normal 0 0 -1
    outer loop
      vertex 9.7508 13.9256 22
      vertex 26.6021 19.025 22
      vertex 11.485 12.5337 22
    endloop
  endfacet
  facet normal 0 0 -1
    outer loop
      vertex 7.84973 15.0792 22
      vertex 26.6021 19.025 22
      vertex 9.7508 13.9256 22
    endloop
  endfacet
  facet normal -0 0 -1
    outer loop
      vertex 26.6021 19.025 22
      vertex 7.84973 15.0792 22
      vertex 12.2331 49.8395 22
    endloop
  endfacet
  facet normal 0 0 -1
    outer loop
      vertex 5.81434 15.9748 22
      vertex 12.2331 49.8395 22
      vertex 7.84973 15.0792 22
    endloop
  endfacet
  facet normal 0 0 -1
    outer loop
      vertex 3.67947 16.597 22
      vertex 12.2331 49.8395 22
      vertex 5.81434 15.9748 22
    endloop
  endfacet
  facet normal 0 0 -1
    outer loop
      vertex 1.48165 16.9353 22
      vertex 12.2331 49.8395 22
      vertex 3.67947 16.597 22
    endloop
  endfacet
  facet normal 0 0 -1
    outer loop
      vertex -0.74153 16.9838 22
      vertex 12.2331 49.8395 22
      vertex 1.48165 16.9353 22
    endloop
  endfacet
  facet normal 0 0 -1
    outer loop
      vertex -2.95202 16.7417 22
      vertex 12.2331 49.8395 22
      vertex -0.74153 16.9838 22
    endloop
  endfacet
  facet normal 0 0 -1
    outer loop
      vertex -26.1038 31.9627 22
      vertex -2.95202 16.7417 22
      vertex -5.112 16.2132 22
    endloop
  endfacet
  facet normal 0 0 -1
    outer loop
      vertex -26.1038 31.9627 22
      vertex -5.112 16.2132 22
      vertex -7.18451 15.4072 22
    endloop
  endfacet
  facet normal 0 0 -1
    outer loop
      vertex -26.1038 31.9627 22
      vertex -7.18451 15.4072 22
      vertex -9.13409 14.3377 22
    endloop
  endfacet
  facet normal 0 0 -1
    outer loop
      vertex -26.1038 31.9627 22
      vertex -9.13409 14.3377 22
      vertex -10.9274 13.0228 22
    endloop
  endfacet
  facet normal 0 0 -1
    outer loop
      vertex -26.1038 31.9627 22
      vertex -10.9274 13.0228 22
      vertex -12.5337 11.485 22
    endloop
  endfacet
  facet normal 0 0 -1
    outer loop
      vertex -26.1038 31.9627 22
      vertex -12.5337 11.485 22
      vertex -13.9256 9.7508 22
    endloop
  endfacet
  facet normal 0 0 -1
    outer loop
      vertex -2.95202 16.7417 22
      vertex -26.1038 31.9627 22
      vertex 12.2331 49.8395 22
    endloop
  endfacet
  facet normal 0 0 -1
    outer loop
      vertex -26.1038 31.9627 22
      vertex -13.9256 9.7508 22
      vertex -14.9551 8.05428 22
    endloop
  endfacet
  facet normal 0 0 1
    outer loop
      vertex 12.9607 7.69874 22
      vertex 14.3377 9.13409 22
      vertex 13.0228 10.9274 22
    endloop
  endfacet
  facet normal 0 0 1
    outer loop
      vertex 14.3377 9.13409 22
      vertex 12.9607 7.69874 22
      vertex 14.6842 8.50242 22
    endloop
  endfacet
  facet normal 0 0 1
    outer loop
      vertex 11.8543 12.148 22
      vertex 12.9607 7.69874 22
      vertex 13.0228 10.9274 22
    endloop
  endfacet
  facet normal 0 0 1
    outer loop
      vertex 1.72073 2.45746 22
      vertex 12.9607 7.69874 22
      vertex 11.8543 12.148 22
    endloop
  endfacet
  facet normal 0 0 1
    outer loop
      vertex 2.98858 -0.261467 22
      vertex 12.9607 7.69874 22
      vertex 2.99714 0.130859 22
    endloop
  endfacet
  facet normal -0 0 1
    outer loop
      vertex 2.92889 -0.649318 22
      vertex 12.5337 -11.485 22
      vertex 2.98858 -0.261467 22
    endloop
  endfacet
  facet normal -0 0 1
    outer loop
      vertex 2.81908 -1.02606 22
      vertex 12.5337 -11.485 22
      vertex 2.92889 -0.649318 22
    endloop
  endfacet
  facet normal -0 0 1
    outer loop
      vertex 2.45746 -1.72073 22
      vertex 12.5337 -11.485 22
      vertex 2.66103 -1.38525 22
    endloop
  endfacet
  facet normal 0 0 1
    outer loop
      vertex 12.9607 7.69874 22
      vertex 2.98858 -0.261467 22
      vertex 12.5337 -11.485 22
    endloop
  endfacet
  facet normal 0 0 1
    outer loop
      vertex 12.9607 7.69874 22
      vertex 2.95442 0.520944 22
      vertex 2.99714 0.130859 22
    endloop
  endfacet
  facet normal 0 0 1
    outer loop
      vertex 12.9607 7.69874 22
      vertex 2.86115 0.902118 22
      vertex 2.95442 0.520944 22
    endloop
  endfacet
  facet normal 0 0 1
    outer loop
      vertex 12.9607 7.69874 22
      vertex 2.71892 1.26785 22
      vertex 2.86115 0.902118 22
    endloop
  endfacet
  facet normal 0 0 1
    outer loop
      vertex 12.9607 7.69874 22
      vertex 2.53017 1.6119 22
      vertex 2.71892 1.26785 22
    endloop
  endfacet
  facet normal 0 0 1
    outer loop
      vertex 12.9607 7.69874 22
      vertex 2.29813 1.92836 22
      vertex 2.53017 1.6119 22
    endloop
  endfacet
  facet normal 0 0 1
    outer loop
      vertex 12.9607 7.69874 22
      vertex 2.02677 2.21183 22
      vertex 2.29813 1.92836 22
    endloop
  endfacet
  facet normal 0 0 1
    outer loop
      vertex 12.9607 7.69874 22
      vertex 1.72073 2.45746 22
      vertex 2.02677 2.21183 22
    endloop
  endfacet
  facet normal 0 0 1
    outer loop
      vertex 11.8543 12.148 22
      vertex 1.38525 2.66103 22
      vertex 1.72073 2.45746 22
    endloop
  endfacet
  facet normal 0 0 1
    outer loop
      vertex 11.8543 12.148 22
      vertex 1.02606 2.81908 22
      vertex 1.38525 2.66103 22
    endloop
  endfacet
  facet normal 0 0 1
    outer loop
      vertex 11.8543 12.148 22
      vertex 0.649318 2.92889 22
      vertex 1.02606 2.81908 22
    endloop
  endfacet
  facet normal 0 0 1
    outer loop
      vertex 11.8543 12.148 22
      vertex 0.261467 2.98858 22
      vertex 0.649318 2.92889 22
    endloop
  endfacet
  facet normal 0 0 1
    outer loop
      vertex 11.8543 12.148 22
      vertex -0.130859 2.99714 22
      vertex 0.261467 2.98858 22
    endloop
  endfacet
  facet normal 0 0 1
    outer loop
      vertex 11.8543 12.148 22
      vertex -0.520944 2.95442 22
      vertex -0.130859 2.99714 22
    endloop
  endfacet
  facet normal 0 0 1
    outer loop
      vertex 11.8543 12.148 22
      vertex -0.902118 2.86115 22
      vertex -0.520944 2.95442 22
    endloop
  endfacet
  facet normal 0 0 1
    outer loop
      vertex -11.7347 1.14827 22
      vertex -0.902118 2.86115 22
      vertex 11.8543 12.148 22
    endloop
  endfacet
  facet normal 0 0 1
    outer loop
      vertex -0.902118 2.86115 22
      vertex -11.7347 1.14827 22
      vertex -1.26785 2.71892 22
    endloop
  endfacet
  facet normal 0 0 1
    outer loop
      vertex -11.7347 1.14827 22
      vertex -2.99714 -0.130859 22
      vertex -2.98858 0.261467 22
    endloop
  endfacet
  facet normal 0 0 1
    outer loop
      vertex -2.99714 -0.130859 22
      vertex -5.81434 -15.9748 22
      vertex -3.67947 -16.597 22
    endloop
  endfacet
  facet normal 0 0 1
    outer loop
      vertex -11.7347 1.14827 22
      vertex -2.98858 0.261467 22
      vertex -2.92889 0.649318 22
    endloop
  endfacet
  facet normal 0 0 1
    outer loop
      vertex -2.99714 -0.130859 22
      vertex -7.84973 -15.0792 22
      vertex -5.81434 -15.9748 22
    endloop
  endfacet
  facet normal 0 0 1
    outer loop
      vertex -11.7347 1.14827 22
      vertex -2.92889 0.649318 22
      vertex -2.81908 1.02606 22
    endloop
  endfacet
  facet normal 0 0 1
    outer loop
      vertex -2.99714 -0.130859 22
      vertex -9.7508 -13.9256 22
      vertex -7.84973 -15.0792 22
    endloop
  endfacet
  facet normal -0 0 1
    outer loop
      vertex -11.7347 1.14827 22
      vertex -2.81908 1.02606 22
      vertex -2.66103 1.38525 22
    endloop
  endfacet
  facet normal 0 0 1
    outer loop
      vertex -2.99714 -0.130859 22
      vertex -11.485 -12.5337 22
      vertex -9.7508 -13.9256 22
    endloop
  endfacet
  facet normal 0 0 1
    outer loop
      vertex -11.7347 1.14827 22
      vertex -2.66103 1.38525 22
      vertex -2.45746 1.72073 22
    endloop
  endfacet
  facet normal 0 0 1
    outer loop
      vertex -1.26785 2.71892 22
      vertex -11.7347 1.14827 22
      vertex -1.6119 2.53017 22
    endloop
  endfacet
  facet normal 0 0 1
    outer loop
      vertex -11.7347 1.14827 22
      vertex -1.92836 2.29813 22
      vertex -1.6119 2.53017 22
    endloop
  endfacet
  facet normal 0 0 1
    outer loop
      vertex -11.7347 1.14827 22
      vertex -2.21183 2.02677 22
      vertex -1.92836 2.29813 22
    endloop
  endfacet
  facet normal 0 0 1
    outer loop
      vertex -11.7347 1.14827 22
      vertex -2.45746 1.72073 22
      vertex -2.21183 2.02677 22
    endloop
  endfacet
  facet normal 0 0 1
    outer loop
      vertex -2.99714 -0.130859 22
      vertex -11.7347 1.14827 22
      vertex -14.3377 -9.13409 22
    endloop
  endfacet
  facet normal 0 0 1
    outer loop
      vertex -2.99714 -0.130859 22
      vertex -13.0228 -10.9274 22
      vertex -11.485 -12.5337 22
    endloop
  endfacet
  facet normal 0 0 1
    outer loop
      vertex -2.99714 -0.130859 22
      vertex -14.3377 -9.13409 22
      vertex -13.0228 -10.9274 22
    endloop
  endfacet
  facet normal -0 0 1
    outer loop
      vertex -15.0792 7.84973 22
      vertex -11.7347 1.14827 22
      vertex -14.9551 8.05428 22
    endloop
  endfacet
  facet normal 0 0 1
    outer loop
      vertex -11.7347 1.14827 22
      vertex -15.0792 7.84973 22
      vertex -15.9748 5.81434 22
    endloop
  endfacet
  facet normal 0 0 1
    outer loop
      vertex -11.7347 1.14827 22
      vertex -15.4072 -7.18451 22
      vertex -14.3377 -9.13409 22
    endloop
  endfacet
  facet normal -0 0 1
    outer loop
      vertex -16.597 3.67947 22
      vertex -11.7347 1.14827 22
      vertex -15.9748 5.81434 22
    endloop
  endfacet
  facet normal 0 0 1
    outer loop
      vertex -11.7347 1.14827 22
      vertex -16.2132 -5.112 22
      vertex -15.4072 -7.18451 22
    endloop
  endfacet
  facet normal -0 0 1
    outer loop
      vertex -16.9353 1.48165 22
      vertex -11.7347 1.14827 22
      vertex -16.597 3.67947 22
    endloop
  endfacet
  facet normal 0 0 1
    outer loop
      vertex -11.7347 1.14827 22
      vertex -16.7417 -2.95202 22
      vertex -16.2132 -5.112 22
    endloop
  endfacet
  facet normal 0 0 1
    outer loop
      vertex -16.9838 -0.74153 22
      vertex -11.7347 1.14827 22
      vertex -16.9353 1.48165 22
    endloop
  endfacet
  facet normal 0 0 1
    outer loop
      vertex -11.7347 1.14827 22
      vertex -16.9838 -0.74153 22
      vertex -16.7417 -2.95202 22
    endloop
  endfacet
  facet normal 0 0 1
    outer loop
      vertex 14.2285 4.97981 22
      vertex 16.9838 0.74153 22
      vertex 16.7417 2.95202 22
    endloop
  endfacet
  facet normal 0 0 1
    outer loop
      vertex 16.9838 0.74153 22
      vertex 14.2285 4.97981 22
      vertex 16.9353 -1.48165 22
    endloop
  endfacet
  facet normal -0 0 1
    outer loop
      vertex 14.2285 4.97981 22
      vertex 16.7417 2.95202 22
      vertex 16.2132 5.112 22
    endloop
  endfacet
  facet normal 0 0 1
    outer loop
      vertex 16.9353 -1.48165 22
      vertex 14.2285 4.97981 22
      vertex 16.597 -3.67947 22
    endloop
  endfacet
  facet normal 0 0 1
    outer loop
      vertex 14.2285 4.97981 22
      vertex 16.2132 5.112 22
      vertex 15.9521 5.7835 22
    endloop
  endfacet
  facet normal 0 0 1
    outer loop
      vertex 16.597 -3.67947 22
      vertex 14.2285 4.97981 22
      vertex 15.9748 -5.81434 22
    endloop
  endfacet
  facet normal 0 0 1
    outer loop
      vertex 15.9748 -5.81434 22
      vertex 14.2285 4.97981 22
      vertex 15.0792 -7.84973 22
    endloop
  endfacet
  facet normal 0 0 1
    outer loop
      vertex 14.2285 4.97981 22
      vertex 13.9256 -9.7508 22
      vertex 15.0792 -7.84973 22
    endloop
  endfacet
  facet normal 0 0 1
    outer loop
      vertex 12.5337 -11.485 22
      vertex 14.2285 4.97981 22
      vertex 12.9607 7.69874 22
    endloop
  endfacet
  facet normal 0 0 1
    outer loop
      vertex 14.2285 4.97981 22
      vertex 12.5337 -11.485 22
      vertex 13.9256 -9.7508 22
    endloop
  endfacet
  facet normal -0 0 1
    outer loop
      vertex 2.66103 -1.38525 22
      vertex 12.5337 -11.485 22
      vertex 2.81908 -1.02606 22
    endloop
  endfacet
  facet normal -0 0 1
    outer loop
      vertex 2.21183 -2.02677 22
      vertex 12.5337 -11.485 22
      vertex 2.45746 -1.72073 22
    endloop
  endfacet
  facet normal 0 0 1
    outer loop
      vertex 12.5337 -11.485 22
      vertex 2.21183 -2.02677 22
      vertex 10.9274 -13.0228 22
    endloop
  endfacet
  facet normal -0 0 1
    outer loop
      vertex 1.92836 -2.29813 22
      vertex 10.9274 -13.0228 22
      vertex 2.21183 -2.02677 22
    endloop
  endfacet
  facet normal 0 0 1
    outer loop
      vertex 10.9274 -13.0228 22
      vertex 1.92836 -2.29813 22
      vertex 9.13409 -14.3377 22
    endloop
  endfacet
  facet normal -0 0 1
    outer loop
      vertex 1.6119 -2.53017 22
      vertex 9.13409 -14.3377 22
      vertex 1.92836 -2.29813 22
    endloop
  endfacet
  facet normal 0 0 1
    outer loop
      vertex 9.13409 -14.3377 22
      vertex 1.6119 -2.53017 22
      vertex 7.18451 -15.4072 22
    endloop
  endfacet
  facet normal -0 0 1
    outer loop
      vertex 1.26785 -2.71892 22
      vertex 7.18451 -15.4072 22
      vertex 1.6119 -2.53017 22
    endloop
  endfacet
  facet normal 0 0 1
    outer loop
      vertex 7.18451 -15.4072 22
      vertex 1.26785 -2.71892 22
      vertex 5.112 -16.2132 22
    endloop
  endfacet
  facet normal -0 0 1
    outer loop
      vertex 0.902118 -2.86115 22
      vertex 5.112 -16.2132 22
      vertex 1.26785 -2.71892 22
    endloop
  endfacet
  facet normal 0 0 1
    outer loop
      vertex 5.112 -16.2132 22
      vertex 0.902118 -2.86115 22
      vertex 2.95202 -16.7417 22
    endloop
  endfacet
  facet normal -0 0 1
    outer loop
      vertex 0.520944 -2.95442 22
      vertex 2.95202 -16.7417 22
      vertex 0.902118 -2.86115 22
    endloop
  endfacet
  facet normal 0 0 1
    outer loop
      vertex 2.95202 -16.7417 22
      vertex 0.520944 -2.95442 22
      vertex 0.74153 -16.9838 22
    endloop
  endfacet
  facet normal -0 0 1
    outer loop
      vertex 0.130859 -2.99714 22
      vertex 0.74153 -16.9838 22
      vertex 0.520944 -2.95442 22
    endloop
  endfacet
  facet normal 0 0 1
    outer loop
      vertex -0.261467 -2.98858 22
      vertex 0.74153 -16.9838 22
      vertex 0.130859 -2.99714 22
    endloop
  endfacet
  facet normal 0 0 1
    outer loop
      vertex -1.48165 -16.9353 22
      vertex -0.261467 -2.98858 22
      vertex -0.649318 -2.92889 22
    endloop
  endfacet
  facet normal 0 0 1
    outer loop
      vertex -3.67947 -16.597 22
      vertex -0.649318 -2.92889 22
      vertex -1.02606 -2.81908 22
    endloop
  endfacet
  facet normal 0 0 1
    outer loop
      vertex -3.67947 -16.597 22
      vertex -1.02606 -2.81908 22
      vertex -1.38525 -2.66103 22
    endloop
  endfacet
  facet normal 0 0 1
    outer loop
      vertex -0.261467 -2.98858 22
      vertex -1.48165 -16.9353 22
      vertex 0.74153 -16.9838 22
    endloop
  endfacet
  facet normal 0 0 1
    outer loop
      vertex -3.67947 -16.597 22
      vertex -1.38525 -2.66103 22
      vertex -1.72073 -2.45746 22
    endloop
  endfacet
  facet normal 0 0 1
    outer loop
      vertex -3.67947 -16.597 22
      vertex -1.72073 -2.45746 22
      vertex -2.02677 -2.21183 22
    endloop
  endfacet
  facet normal 0 0 1
    outer loop
      vertex -3.67947 -16.597 22
      vertex -2.02677 -2.21183 22
      vertex -2.29813 -1.92836 22
    endloop
  endfacet
  facet normal 0 0 1
    outer loop
      vertex -3.67947 -16.597 22
      vertex -2.29813 -1.92836 22
      vertex -2.53017 -1.6119 22
    endloop
  endfacet
  facet normal 0 0 1
    outer loop
      vertex -3.67947 -16.597 22
      vertex -2.53017 -1.6119 22
      vertex -2.71892 -1.26785 22
    endloop
  endfacet
  facet normal 0 0 1
    outer loop
      vertex -3.67947 -16.597 22
      vertex -2.71892 -1.26785 22
      vertex -2.86115 -0.902118 22
    endloop
  endfacet
  facet normal 0 0 1
    outer loop
      vertex -3.67947 -16.597 22
      vertex -2.86115 -0.902118 22
      vertex -2.95442 -0.520944 22
    endloop
  endfacet
  facet normal 0 0 1
    outer loop
      vertex -3.67947 -16.597 22
      vertex -2.95442 -0.520944 22
      vertex -2.99714 -0.130859 22
    endloop
  endfacet
  facet normal 0 0 1
    outer loop
      vertex -0.649318 -2.92889 22
      vertex -3.67947 -16.597 22
      vertex -1.48165 -16.9353 22
    endloop
  endfacet
  facet normal 0.971347 0.237667 0
    outer loop
      vertex 16.7417 2.95202 22
      vertex 16.2132 5.112 19
      vertex 16.2132 5.112 22
    endloop
  endfacet
  facet normal 0.971347 0.237667 0
    outer loop
      vertex 16.2132 5.112 19
      vertex 16.7417 2.95202 22
      vertex 16.7417 2.95202 19
    endloop
  endfacet
  facet normal -0.722341 -0.691537 0
    outer loop
      vertex -11.485 -12.5337 19
      vertex -13.0228 -10.9274 22
      vertex -13.0228 -10.9274 19
    endloop
  endfacet
  facet normal -0.722341 -0.691537 0
    outer loop
      vertex -13.0228 -10.9274 22
      vertex -11.485 -12.5337 19
      vertex -11.485 -12.5337 22
    endloop
  endfacet
  facet normal 0.994056 0.108872 0
    outer loop
      vertex 16.9838 0.74153 22
      vertex 16.7417 2.95202 19
      vertex 16.7417 2.95202 22
    endloop
  endfacet
  facet normal 0.994056 0.108872 0
    outer loop
      vertex 16.7417 2.95202 19
      vertex 16.9838 0.74153 22
      vertex 16.9838 0.74153 19
    endloop
  endfacet
  facet normal 0.152134 0.98836 -0
    outer loop
      vertex 3.67947 16.597 19
      vertex 1.48165 16.9353 22
      vertex 3.67947 16.597 22
    endloop
  endfacet
  facet normal 0.152134 0.98836 0
    outer loop
      vertex 1.48165 16.9353 22
      vertex 3.67947 16.597 19
      vertex 1.48165 16.9353 19
    endloop
  endfacet
  facet normal 0.0218104 0.999762 -0
    outer loop
      vertex 1.48165 16.9353 19
      vertex -0.74153 16.9838 22
      vertex 1.48165 16.9353 22
    endloop
  endfacet
  facet normal 0.0218104 0.999762 0
    outer loop
      vertex -0.74153 16.9838 22
      vertex 1.48165 16.9353 19
      vertex -0.74153 16.9838 19
    endloop
  endfacet
  facet normal -0.591307 0.806447 0
    outer loop
      vertex -9.13409 14.3377 19
      vertex -10.9274 13.0228 22
      vertex -9.13409 14.3377 22
    endloop
  endfacet
  facet normal -0.591307 0.806447 0
    outer loop
      vertex -10.9274 13.0228 22
      vertex -9.13409 14.3377 19
      vertex -10.9274 13.0228 19
    endloop
  endfacet
  facet normal -0.0218104 -0.999762 0
    outer loop
      vertex -1.48165 -16.9353 19
      vertex 0.74153 -16.9838 22
      vertex -1.48165 -16.9353 22
    endloop
  endfacet
  facet normal -0.0218104 -0.999762 -0
    outer loop
      vertex 0.74153 -16.9838 22
      vertex -1.48165 -16.9353 19
      vertex 0.74153 -16.9838 19
    endloop
  endfacet
  facet normal -0.480962 0.876741 0
    outer loop
      vertex -7.18451 15.4072 19
      vertex -9.13409 14.3377 22
      vertex -7.18451 15.4072 22
    endloop
  endfacet
  facet normal -0.480962 0.876741 0
    outer loop
      vertex -9.13409 14.3377 22
      vertex -7.18451 15.4072 19
      vertex -9.13409 14.3377 19
    endloop
  endfacet
  facet normal -0.960057 0.279805 0
    outer loop
      vertex -16.597 3.67947 19
      vertex -15.9748 5.81434 22
      vertex -15.9748 5.81434 19
    endloop
  endfacet
  facet normal -0.960057 0.279805 0
    outer loop
      vertex -15.9748 5.81434 22
      vertex -16.597 3.67947 19
      vertex -16.597 3.67947 22
    endloop
  endfacet
  facet normal 0.932023 0.362399 0
    outer loop
      vertex 16.2132 5.112 22
      vertex 15.9521 5.7835 19
      vertex 15.9521 5.7835 22
    endloop
  endfacet
  facet normal 0.932023 0.362399 0
    outer loop
      vertex 15.9521 5.7835 19
      vertex 16.2132 5.112 22
      vertex 16.2132 5.112 19
    endloop
  endfacet
  facet normal -0.994056 -0.108872 0
    outer loop
      vertex -16.7417 -2.95202 19
      vertex -16.9838 -0.74153 22
      vertex -16.9838 -0.74153 19
    endloop
  endfacet
  facet normal -0.994056 -0.108872 0
    outer loop
      vertex -16.9838 -0.74153 22
      vertex -16.7417 -2.95202 19
      vertex -16.7417 -2.95202 22
    endloop
  endfacet
  facet normal -0.279805 -0.960057 0
    outer loop
      vertex -5.81434 -15.9748 19
      vertex -3.67947 -16.597 22
      vertex -5.81434 -15.9748 22
    endloop
  endfacet
  facet normal -0.279805 -0.960057 -0
    outer loop
      vertex -3.67947 -16.597 22
      vertex -5.81434 -15.9748 19
      vertex -3.67947 -16.597 19
    endloop
  endfacet
  facet normal -0.362456 0.932001 0
    outer loop
      vertex -5.112 16.2132 19
      vertex -7.18451 15.4072 22
      vertex -5.112 16.2132 22
    endloop
  endfacet
  facet normal -0.362456 0.932001 0
    outer loop
      vertex -7.18451 15.4072 22
      vertex -5.112 16.2132 19
      vertex -7.18451 15.4072 19
    endloop
  endfacet
  facet normal 0.518774 0.854911 -0
    outer loop
      vertex 9.7508 13.9256 19
      vertex 7.84973 15.0792 22
      vertex 9.7508 13.9256 22
    endloop
  endfacet
  facet normal 0.518774 0.854911 0
    outer loop
      vertex 7.84973 15.0792 22
      vertex 9.7508 13.9256 19
      vertex 7.84973 15.0792 19
    endloop
  endfacet
  facet normal -0.625939 -0.779872 0
    outer loop
      vertex -11.485 -12.5337 19
      vertex -9.7508 -13.9256 22
      vertex -11.485 -12.5337 22
    endloop
  endfacet
  facet normal -0.625939 -0.779872 -0
    outer loop
      vertex -9.7508 -13.9256 22
      vertex -11.485 -12.5337 19
      vertex -9.7508 -13.9256 19
    endloop
  endfacet
  facet normal 0.98836 -0.152134 0
    outer loop
      vertex 16.597 -3.67947 22
      vertex 16.9353 -1.48165 19
      vertex 16.9353 -1.48165 22
    endloop
  endfacet
  facet normal 0.98836 -0.152134 0
    outer loop
      vertex 16.9353 -1.48165 19
      vertex 16.597 -3.67947 22
      vertex 16.597 -3.67947 19
    endloop
  endfacet
  facet normal 0.362456 -0.932001 0
    outer loop
      vertex 5.112 -16.2132 19
      vertex 7.18451 -15.4072 22
      vertex 5.112 -16.2132 22
    endloop
  endfacet
  facet normal 0.362456 -0.932001 0
    outer loop
      vertex 7.18451 -15.4072 22
      vertex 5.112 -16.2132 19
      vertex 7.18451 -15.4072 19
    endloop
  endfacet
  facet normal -0.971347 -0.237667 0
    outer loop
      vertex -16.2132 -5.112 19
      vertex -16.7417 -2.95202 22
      vertex -16.7417 -2.95202 19
    endloop
  endfacet
  facet normal -0.971347 -0.237667 0
    outer loop
      vertex -16.7417 -2.95202 22
      vertex -16.2132 -5.112 19
      vertex -16.2132 -5.112 22
    endloop
  endfacet
  facet normal -0.152134 -0.98836 0
    outer loop
      vertex -3.67947 -16.597 19
      vertex -1.48165 -16.9353 22
      vertex -3.67947 -16.597 22
    endloop
  endfacet
  facet normal -0.152134 -0.98836 -0
    outer loop
      vertex -1.48165 -16.9353 22
      vertex -3.67947 -16.597 19
      vertex -1.48165 -16.9353 19
    endloop
  endfacet
  facet normal -0.854906 0.518783 0
    outer loop
      vertex -13.9256 9.7508 19
      vertex -14.9551 8.05428 22
      vertex -13.9256 9.7508 22
    endloop
  endfacet
  facet normal -0.854911 0.518774 -6.90934e-06
    outer loop
      vertex -15.0792 7.84973 19
      vertex -14.9551 8.05428 22
      vertex -13.9256 9.7508 19
    endloop
  endfacet
  facet normal -0.854956 0.5187 0
    outer loop
      vertex -14.9551 8.05428 22
      vertex -15.0792 7.84973 19
      vertex -15.0792 7.84973 22
    endloop
  endfacet
  facet normal -0.806447 -0.591307 0
    outer loop
      vertex -13.0228 -10.9274 19
      vertex -14.3377 -9.13409 22
      vertex -14.3377 -9.13409 19
    endloop
  endfacet
  facet normal -0.806447 -0.591307 0
    outer loop
      vertex -14.3377 -9.13409 22
      vertex -13.0228 -10.9274 19
      vertex -13.0228 -10.9274 22
    endloop
  endfacet
  facet normal -0.402749 -0.91531 0
    outer loop
      vertex -7.84973 -15.0792 19
      vertex -5.81434 -15.9748 22
      vertex -7.84973 -15.0792 22
    endloop
  endfacet
  facet normal -0.402749 -0.91531 -0
    outer loop
      vertex -5.81434 -15.9748 22
      vertex -7.84973 -15.0792 19
      vertex -5.81434 -15.9748 19
    endloop
  endfacet
  facet normal 0.854911 -0.518774 0
    outer loop
      vertex 13.9256 -9.7508 22
      vertex 15.0792 -7.84973 19
      vertex 15.0792 -7.84973 22
    endloop
  endfacet
  facet normal 0.854911 -0.518774 0
    outer loop
      vertex 15.0792 -7.84973 19
      vertex 13.9256 -9.7508 22
      vertex 13.9256 -9.7508 19
    endloop
  endfacet
  facet normal -0.98836 0.152134 0
    outer loop
      vertex -16.9353 1.48165 19
      vertex -16.597 3.67947 22
      vertex -16.597 3.67947 19
    endloop
  endfacet
  facet normal -0.98836 0.152134 0
    outer loop
      vertex -16.597 3.67947 22
      vertex -16.9353 1.48165 19
      vertex -16.9353 1.48165 22
    endloop
  endfacet
  facet normal 0.806442 0.591313 0
    outer loop
      vertex 2.53017 1.6119 24.5
      vertex 2.29813 1.92836 22
      vertex 2.29813 1.92836 24.5
    endloop
  endfacet
  facet normal 0.806442 0.591313 0
    outer loop
      vertex 2.29813 1.92836 22
      vertex 2.53017 1.6119 24.5
      vertex 2.53017 1.6119 22
    endloop
  endfacet
  facet normal 0.876729 0.480984 0
    outer loop
      vertex 2.71892 1.26785 24.5
      vertex 2.53017 1.6119 22
      vertex 2.53017 1.6119 24.5
    endloop
  endfacet
  facet normal 0.876729 0.480984 0
    outer loop
      vertex 2.53017 1.6119 22
      vertex 2.71892 1.26785 24.5
      vertex 2.71892 1.26785 22
    endloop
  endfacet
  facet normal 0.971344 0.237679 0
    outer loop
      vertex 2.95442 0.520944 24.5
      vertex 2.86115 0.902118 22
      vertex 2.86115 0.902118 24.5
    endloop
  endfacet
  facet normal 0.971344 0.237679 0
    outer loop
      vertex 2.86115 0.902118 22
      vertex 2.95442 0.520944 24.5
      vertex 2.95442 0.520944 22
    endloop
  endfacet
  facet normal 0 0 1
    outer loop
      vertex 2.95442 0.520944 24.5
      vertex 2.98858 -0.261467 24.5
      vertex 2.99714 0.130859 24.5
    endloop
  endfacet
  facet normal 0 0 1
    outer loop
      vertex 2.95442 0.520944 24.5
      vertex 2.92889 -0.649318 24.5
      vertex 2.98858 -0.261467 24.5
    endloop
  endfacet
  facet normal 0 0 1
    outer loop
      vertex 2.86115 0.902118 24.5
      vertex 2.92889 -0.649318 24.5
      vertex 2.95442 0.520944 24.5
    endloop
  endfacet
  facet normal 0 0 1
    outer loop
      vertex 2.86115 0.902118 24.5
      vertex 2.81908 -1.02606 24.5
      vertex 2.92889 -0.649318 24.5
    endloop
  endfacet
  facet normal 0 0 1
    outer loop
      vertex 2.71892 1.26785 24.5
      vertex 2.81908 -1.02606 24.5
      vertex 2.86115 0.902118 24.5
    endloop
  endfacet
  facet normal 0 0 1
    outer loop
      vertex 2.71892 1.26785 24.5
      vertex 2.66103 -1.38525 24.5
      vertex 2.81908 -1.02606 24.5
    endloop
  endfacet
  facet normal 0 0 1
    outer loop
      vertex 2.53017 1.6119 24.5
      vertex 2.66103 -1.38525 24.5
      vertex 2.71892 1.26785 24.5
    endloop
  endfacet
  facet normal 0 0 1
    outer loop
      vertex 2.53017 1.6119 24.5
      vertex 2.45746 -1.72073 24.5
      vertex 2.66103 -1.38525 24.5
    endloop
  endfacet
  facet normal 0 0 1
    outer loop
      vertex 2.29813 1.92836 24.5
      vertex 2.45746 -1.72073 24.5
      vertex 2.53017 1.6119 24.5
    endloop
  endfacet
  facet normal 0 0 1
    outer loop
      vertex 2.29813 1.92836 24.5
      vertex 2.21183 -2.02677 24.5
      vertex 2.45746 -1.72073 24.5
    endloop
  endfacet
  facet normal 0 0 1
    outer loop
      vertex 2.02677 2.21183 24.5
      vertex 2.21183 -2.02677 24.5
      vertex 2.29813 1.92836 24.5
    endloop
  endfacet
  facet normal 0 0 1
    outer loop
      vertex 2.02677 2.21183 24.5
      vertex 1.92836 -2.29813 24.5
      vertex 2.21183 -2.02677 24.5
    endloop
  endfacet
  facet normal 0 0 1
    outer loop
      vertex 1.72073 2.45746 24.5
      vertex 1.92836 -2.29813 24.5
      vertex 2.02677 2.21183 24.5
    endloop
  endfacet
  facet normal 0 0 1
    outer loop
      vertex 1.72073 2.45746 24.5
      vertex 1.6119 -2.53017 24.5
      vertex 1.92836 -2.29813 24.5
    endloop
  endfacet
  facet normal 0 0 1
    outer loop
      vertex 1.38525 2.66103 24.5
      vertex 1.6119 -2.53017 24.5
      vertex 1.72073 2.45746 24.5
    endloop
  endfacet
  facet normal 0 0 1
    outer loop
      vertex 1.38525 2.66103 24.5
      vertex 1.26785 -2.71892 24.5
      vertex 1.6119 -2.53017 24.5
    endloop
  endfacet
  facet normal 0 0 1
    outer loop
      vertex 1.02606 2.81908 24.5
      vertex 1.26785 -2.71892 24.5
      vertex 1.38525 2.66103 24.5
    endloop
  endfacet
  facet normal 0 0 1
    outer loop
      vertex 1.02606 2.81908 24.5
      vertex 0.902118 -2.86115 24.5
      vertex 1.26785 -2.71892 24.5
    endloop
  endfacet
  facet normal 0 0 1
    outer loop
      vertex 0.649318 2.92889 24.5
      vertex 0.902118 -2.86115 24.5
      vertex 1.02606 2.81908 24.5
    endloop
  endfacet
  facet normal 0 0 1
    outer loop
      vertex 0.649318 2.92889 24.5
      vertex 0.520944 -2.95442 24.5
      vertex 0.902118 -2.86115 24.5
    endloop
  endfacet
  facet normal 0 0 1
    outer loop
      vertex 0.261467 2.98858 24.5
      vertex 0.520944 -2.95442 24.5
      vertex 0.649318 2.92889 24.5
    endloop
  endfacet
  facet normal 0 0 1
    outer loop
      vertex 0.261467 2.98858 24.5
      vertex 0.130859 -2.99714 24.5
      vertex 0.520944 -2.95442 24.5
    endloop
  endfacet
  facet normal 0 0 1
    outer loop
      vertex -0.130859 2.99714 24.5
      vertex 0.130859 -2.99714 24.5
      vertex 0.261467 2.98858 24.5
    endloop
  endfacet
  facet normal 0 0 1
    outer loop
      vertex -0.130859 2.99714 24.5
      vertex -0.261467 -2.98858 24.5
      vertex 0.130859 -2.99714 24.5
    endloop
  endfacet
  facet normal -0 0 1
    outer loop
      vertex -0.520944 2.95442 24.5
      vertex -0.261467 -2.98858 24.5
      vertex -0.130859 2.99714 24.5
    endloop
  endfacet
  facet normal 0 0 1
    outer loop
      vertex -0.520944 2.95442 24.5
      vertex -0.649318 -2.92889 24.5
      vertex -0.261467 -2.98858 24.5
    endloop
  endfacet
  facet normal -0 0 1
    outer loop
      vertex -0.902118 2.86115 24.5
      vertex -0.649318 -2.92889 24.5
      vertex -0.520944 2.95442 24.5
    endloop
  endfacet
  facet normal 0 0 1
    outer loop
      vertex -0.902118 2.86115 24.5
      vertex -1.02606 -2.81908 24.5
      vertex -0.649318 -2.92889 24.5
    endloop
  endfacet
  facet normal -0 0 1
    outer loop
      vertex -1.26785 2.71892 24.5
      vertex -1.02606 -2.81908 24.5
      vertex -0.902118 2.86115 24.5
    endloop
  endfacet
  facet normal 0 0 1
    outer loop
      vertex -1.26785 2.71892 24.5
      vertex -1.38525 -2.66103 24.5
      vertex -1.02606 -2.81908 24.5
    endloop
  endfacet
  facet normal -0 0 1
    outer loop
      vertex -1.6119 2.53017 24.5
      vertex -1.38525 -2.66103 24.5
      vertex -1.26785 2.71892 24.5
    endloop
  endfacet
  facet normal 0 0 1
    outer loop
      vertex -1.6119 2.53017 24.5
      vertex -1.72073 -2.45746 24.5
      vertex -1.38525 -2.66103 24.5
    endloop
  endfacet
  facet normal -0 0 1
    outer loop
      vertex -1.92836 2.29813 24.5
      vertex -1.72073 -2.45746 24.5
      vertex -1.6119 2.53017 24.5
    endloop
  endfacet
  facet normal 0 0 1
    outer loop
      vertex -1.92836 2.29813 24.5
      vertex -2.02677 -2.21183 24.5
      vertex -1.72073 -2.45746 24.5
    endloop
  endfacet
  facet normal -0 0 1
    outer loop
      vertex -2.21183 2.02677 24.5
      vertex -2.02677 -2.21183 24.5
      vertex -1.92836 2.29813 24.5
    endloop
  endfacet
  facet normal 0 0 1
    outer loop
      vertex -2.21183 2.02677 24.5
      vertex -2.29813 -1.92836 24.5
      vertex -2.02677 -2.21183 24.5
    endloop
  endfacet
  facet normal -0 0 1
    outer loop
      vertex -2.45746 1.72073 24.5
      vertex -2.29813 -1.92836 24.5
      vertex -2.21183 2.02677 24.5
    endloop
  endfacet
  facet normal 0 0 1
    outer loop
      vertex -2.45746 1.72073 24.5
      vertex -2.53017 -1.6119 24.5
      vertex -2.29813 -1.92836 24.5
    endloop
  endfacet
  facet normal -0 0 1
    outer loop
      vertex -2.66103 1.38525 24.5
      vertex -2.53017 -1.6119 24.5
      vertex -2.45746 1.72073 24.5
    endloop
  endfacet
  facet normal 0 0 1
    outer loop
      vertex -2.66103 1.38525 24.5
      vertex -2.71892 -1.26785 24.5
      vertex -2.53017 -1.6119 24.5
    endloop
  endfacet
  facet normal -0 0 1
    outer loop
      vertex -2.81908 1.02606 24.5
      vertex -2.71892 -1.26785 24.5
      vertex -2.66103 1.38525 24.5
    endloop
  endfacet
  facet normal 0 0 1
    outer loop
      vertex -2.81908 1.02606 24.5
      vertex -2.86115 -0.902118 24.5
      vertex -2.71892 -1.26785 24.5
    endloop
  endfacet
  facet normal -0 0 1
    outer loop
      vertex -2.92889 0.649318 24.5
      vertex -2.86115 -0.902118 24.5
      vertex -2.81908 1.02606 24.5
    endloop
  endfacet
  facet normal 0 0 1
    outer loop
      vertex -2.92889 0.649318 24.5
      vertex -2.95442 -0.520944 24.5
      vertex -2.86115 -0.902118 24.5
    endloop
  endfacet
  facet normal -0 0 1
    outer loop
      vertex -2.98858 0.261467 24.5
      vertex -2.95442 -0.520944 24.5
      vertex -2.92889 0.649318 24.5
    endloop
  endfacet
  facet normal 0 0 1
    outer loop
      vertex -2.95442 -0.520944 24.5
      vertex -2.98858 0.261467 24.5
      vertex -2.99714 -0.130859 24.5
    endloop
  endfacet
  facet normal 0.518765 0.854917 -0
    outer loop
      vertex 1.72073 2.45746 22
      vertex 1.38525 2.66103 24.5
      vertex 1.72073 2.45746 24.5
    endloop
  endfacet
  facet normal 0.518765 0.854917 0
    outer loop
      vertex 1.38525 2.66103 24.5
      vertex 1.72073 2.45746 22
      vertex 1.38525 2.66103 22
    endloop
  endfacet
  facet normal 0.152109 0.988364 -0
    outer loop
      vertex 0.649318 2.92889 22
      vertex 0.261467 2.98858 24.5
      vertex 0.649318 2.92889 24.5
    endloop
  endfacet
  facet normal 0.152109 0.988364 0
    outer loop
      vertex 0.261467 2.98858 24.5
      vertex 0.649318 2.92889 22
      vertex 0.261467 2.98858 22
    endloop
  endfacet
  facet normal 0.999762 -0.0218134 0
    outer loop
      vertex 2.98858 -0.261467 24.5
      vertex 2.99714 0.130859 22
      vertex 2.99714 0.130859 24.5
    endloop
  endfacet
  facet normal 0.999762 -0.0218134 0
    outer loop
      vertex 2.99714 0.130859 22
      vertex 2.98858 -0.261467 24.5
      vertex 2.98858 -0.261467 22
    endloop
  endfacet
  facet normal 0.932004 0.362448 0
    outer loop
      vertex 2.86115 0.902118 24.5
      vertex 2.71892 1.26785 22
      vertex 2.71892 1.26785 24.5
    endloop
  endfacet
  facet normal 0.932004 0.362448 0
    outer loop
      vertex 2.71892 1.26785 22
      vertex 2.86115 0.902118 24.5
      vertex 2.86115 0.902118 22
    endloop
  endfacet
  facet normal -0.108864 0.994057 0
    outer loop
      vertex -0.130859 2.99714 22
      vertex -0.520944 2.95442 24.5
      vertex -0.130859 2.99714 24.5
    endloop
  endfacet
  facet normal -0.108864 0.994057 0
    outer loop
      vertex -0.520944 2.95442 24.5
      vertex -0.130859 2.99714 22
      vertex -0.520944 2.95442 22
    endloop
  endfacet
  facet normal -0.999762 0.0218134 0
    outer loop
      vertex -2.99714 -0.130859 22
      vertex -2.98858 0.261467 24.5
      vertex -2.98858 0.261467 22
    endloop
  endfacet
  facet normal -0.999762 0.0218134 0
    outer loop
      vertex -2.98858 0.261467 24.5
      vertex -2.99714 -0.130859 22
      vertex -2.99714 -0.130859 24.5
    endloop
  endfacet
  facet normal -0.915309 0.402752 0
    outer loop
      vertex -2.81908 1.02606 22
      vertex -2.66103 1.38525 24.5
      vertex -2.66103 1.38525 22
    endloop
  endfacet
  facet normal -0.915309 0.402752 0
    outer loop
      vertex -2.66103 1.38525 24.5
      vertex -2.81908 1.02606 22
      vertex -2.81908 1.02606 24.5
    endloop
  endfacet
  facet normal 0.691508 -0.722368 0
    outer loop
      vertex 1.92836 -2.29813 22
      vertex 2.21183 -2.02677 24.5
      vertex 1.92836 -2.29813 24.5
    endloop
  endfacet
  facet normal 0.691508 -0.722368 0
    outer loop
      vertex 2.21183 -2.02677 24.5
      vertex 1.92836 -2.29813 22
      vertex 2.21183 -2.02677 22
    endloop
  endfacet
  facet normal -0.876729 -0.480984 0
    outer loop
      vertex -2.53017 -1.6119 22
      vertex -2.71892 -1.26785 24.5
      vertex -2.71892 -1.26785 22
    endloop
  endfacet
  facet normal -0.876729 -0.480984 0
    outer loop
      vertex -2.71892 -1.26785 24.5
      vertex -2.53017 -1.6119 22
      vertex -2.53017 -1.6119 24.5
    endloop
  endfacet
  facet normal -0.279828 -0.96005 0
    outer loop
      vertex -1.02606 -2.81908 22
      vertex -0.649318 -2.92889 24.5
      vertex -1.02606 -2.81908 24.5
    endloop
  endfacet
  facet normal -0.279828 -0.96005 -0
    outer loop
      vertex -0.649318 -2.92889 24.5
      vertex -1.02606 -2.81908 22
      vertex -0.649318 -2.92889 22
    endloop
  endfacet
  facet normal -0.691508 0.722368 0
    outer loop
      vertex -1.92836 2.29813 22
      vertex -2.21183 2.02677 24.5
      vertex -1.92836 2.29813 24.5
    endloop
  endfacet
  facet normal -0.691508 0.722368 0
    outer loop
      vertex -2.21183 2.02677 24.5
      vertex -1.92836 2.29813 22
      vertex -2.21183 2.02677 22
    endloop
  endfacet
  facet normal -0.518765 -0.854917 0
    outer loop
      vertex -1.72073 -2.45746 22
      vertex -1.38525 -2.66103 24.5
      vertex -1.72073 -2.45746 24.5
    endloop
  endfacet
  facet normal -0.518765 -0.854917 -0
    outer loop
      vertex -1.38525 -2.66103 24.5
      vertex -1.72073 -2.45746 22
      vertex -1.38525 -2.66103 22
    endloop
  endfacet
  facet normal -0.854917 0.518765 0
    outer loop
      vertex -2.66103 1.38525 22
      vertex -2.45746 1.72073 24.5
      vertex -2.45746 1.72073 22
    endloop
  endfacet
  facet normal -0.854917 0.518765 0
    outer loop
      vertex -2.45746 1.72073 24.5
      vertex -2.66103 1.38525 22
      vertex -2.66103 1.38525 24.5
    endloop
  endfacet
  facet normal -0.932004 -0.362448 0
    outer loop
      vertex -2.71892 -1.26785 22
      vertex -2.86115 -0.902118 24.5
      vertex -2.86115 -0.902118 22
    endloop
  endfacet
  facet normal -0.932004 -0.362448 0
    outer loop
      vertex -2.86115 -0.902118 24.5
      vertex -2.71892 -1.26785 22
      vertex -2.71892 -1.26785 24.5
    endloop
  endfacet
  facet normal -0.237679 0.971344 0
    outer loop
      vertex -0.520944 2.95442 22
      vertex -0.902118 2.86115 24.5
      vertex -0.520944 2.95442 24.5
    endloop
  endfacet
  facet normal -0.237679 0.971344 0
    outer loop
      vertex -0.902118 2.86115 24.5
      vertex -0.520944 2.95442 22
      vertex -0.902118 2.86115 22
    endloop
  endfacet
  facet normal -0.779876 0.625934 0
    outer loop
      vertex -2.45746 1.72073 22
      vertex -2.21183 2.02677 24.5
      vertex -2.21183 2.02677 22
    endloop
  endfacet
  facet normal -0.779876 0.625934 0
    outer loop
      vertex -2.21183 2.02677 24.5
      vertex -2.45746 1.72073 22
      vertex -2.45746 1.72073 24.5
    endloop
  endfacet
  facet normal 0.480984 -0.876729 0
    outer loop
      vertex 1.26785 -2.71892 22
      vertex 1.6119 -2.53017 24.5
      vertex 1.26785 -2.71892 24.5
    endloop
  endfacet
  facet normal 0.480984 -0.876729 0
    outer loop
      vertex 1.6119 -2.53017 24.5
      vertex 1.26785 -2.71892 22
      vertex 1.6119 -2.53017 22
    endloop
  endfacet
  facet normal 0.915309 -0.402752 0
    outer loop
      vertex 2.66103 -1.38525 24.5
      vertex 2.81908 -1.02606 22
      vertex 2.81908 -1.02606 24.5
    endloop
  endfacet
  facet normal 0.915309 -0.402752 0
    outer loop
      vertex 2.81908 -1.02606 22
      vertex 2.66103 -1.38525 24.5
      vertex 2.66103 -1.38525 22
    endloop
  endfacet
  facet normal -0.722368 -0.691508 0
    outer loop
      vertex -2.02677 -2.21183 22
      vertex -2.29813 -1.92836 24.5
      vertex -2.29813 -1.92836 22
    endloop
  endfacet
  facet normal -0.722368 -0.691508 0
    outer loop
      vertex -2.29813 -1.92836 24.5
      vertex -2.02677 -2.21183 22
      vertex -2.02677 -2.21183 24.5
    endloop
  endfacet
  facet normal 0.994057 0.108864 0
    outer loop
      vertex 2.99714 0.130859 24.5
      vertex 2.95442 0.520944 22
      vertex 2.95442 0.520944 24.5
    endloop
  endfacet
  facet normal 0.994057 0.108864 0
    outer loop
      vertex 2.95442 0.520944 22
      vertex 2.99714 0.130859 24.5
      vertex 2.99714 0.130859 22
    endloop
  endfacet
  facet normal 0.0218134 0.999762 -0
    outer loop
      vertex 0.261467 2.98858 22
      vertex -0.130859 2.99714 24.5
      vertex 0.261467 2.98858 24.5
    endloop
  endfacet
  facet normal 0.0218134 0.999762 0
    outer loop
      vertex -0.130859 2.99714 24.5
      vertex 0.261467 2.98858 22
      vertex -0.130859 2.99714 22
    endloop
  endfacet
  facet normal -0.591313 0.806442 0
    outer loop
      vertex -1.6119 2.53017 22
      vertex -1.92836 2.29813 24.5
      vertex -1.6119 2.53017 24.5
    endloop
  endfacet
  facet normal -0.591313 0.806442 0
    outer loop
      vertex -1.92836 2.29813 24.5
      vertex -1.6119 2.53017 22
      vertex -1.92836 2.29813 22
    endloop
  endfacet
  facet normal 0.402752 0.915309 -0
    outer loop
      vertex 1.38525 2.66103 22
      vertex 1.02606 2.81908 24.5
      vertex 1.38525 2.66103 24.5
    endloop
  endfacet
  facet normal 0.402752 0.915309 0
    outer loop
      vertex 1.02606 2.81908 24.5
      vertex 1.38525 2.66103 22
      vertex 1.02606 2.81908 22
    endloop
  endfacet
  facet normal 0.96005 -0.279828 0
    outer loop
      vertex 2.81908 -1.02606 24.5
      vertex 2.92889 -0.649318 22
      vertex 2.92889 -0.649318 24.5
    endloop
  endfacet
  facet normal 0.96005 -0.279828 0
    outer loop
      vertex 2.92889 -0.649318 22
      vertex 2.81908 -1.02606 24.5
      vertex 2.81908 -1.02606 22
    endloop
  endfacet
  facet normal -0.0218134 -0.999762 0
    outer loop
      vertex -0.261467 -2.98858 22
      vertex 0.130859 -2.99714 24.5
      vertex -0.261467 -2.98858 24.5
    endloop
  endfacet
  facet normal -0.0218134 -0.999762 -0
    outer loop
      vertex 0.130859 -2.99714 24.5
      vertex -0.261467 -2.98858 22
      vertex 0.130859 -2.99714 22
    endloop
  endfacet
  facet normal -0.994057 -0.108864 0
    outer loop
      vertex -2.95442 -0.520944 22
      vertex -2.99714 -0.130859 24.5
      vertex -2.99714 -0.130859 22
    endloop
  endfacet
  facet normal -0.994057 -0.108864 0
    outer loop
      vertex -2.99714 -0.130859 24.5
      vertex -2.95442 -0.520944 22
      vertex -2.95442 -0.520944 24.5
    endloop
  endfacet
  facet normal 0.591313 -0.806442 0
    outer loop
      vertex 1.6119 -2.53017 22
      vertex 1.92836 -2.29813 24.5
      vertex 1.6119 -2.53017 24.5
    endloop
  endfacet
  facet normal 0.591313 -0.806442 0
    outer loop
      vertex 1.92836 -2.29813 24.5
      vertex 1.6119 -2.53017 22
      vertex 1.92836 -2.29813 22
    endloop
  endfacet
  facet normal 0.779876 -0.625934 0
    outer loop
      vertex 2.21183 -2.02677 24.5
      vertex 2.45746 -1.72073 22
      vertex 2.45746 -1.72073 24.5
    endloop
  endfacet
  facet normal 0.779876 -0.625934 0
    outer loop
      vertex 2.45746 -1.72073 22
      vertex 2.21183 -2.02677 24.5
      vertex 2.21183 -2.02677 22
    endloop
  endfacet
  facet normal -0.96005 0.279828 0
    outer loop
      vertex -2.92889 0.649318 22
      vertex -2.81908 1.02606 24.5
      vertex -2.81908 1.02606 22
    endloop
  endfacet
  facet normal -0.96005 0.279828 0
    outer loop
      vertex -2.81908 1.02606 24.5
      vertex -2.92889 0.649318 22
      vertex -2.92889 0.649318 24.5
    endloop
  endfacet
  facet normal 0.279828 0.96005 -0
    outer loop
      vertex 1.02606 2.81908 22
      vertex 0.649318 2.92889 24.5
      vertex 1.02606 2.81908 24.5
    endloop
  endfacet
  facet normal 0.279828 0.96005 0
    outer loop
      vertex 0.649318 2.92889 24.5
      vertex 1.02606 2.81908 22
      vertex 0.649318 2.92889 22
    endloop
  endfacet
  facet normal -0.625934 -0.779876 0
    outer loop
      vertex -2.02677 -2.21183 22
      vertex -1.72073 -2.45746 24.5
      vertex -2.02677 -2.21183 24.5
    endloop
  endfacet
  facet normal -0.625934 -0.779876 -0
    outer loop
      vertex -1.72073 -2.45746 24.5
      vertex -2.02677 -2.21183 22
      vertex -1.72073 -2.45746 22
    endloop
  endfacet
  facet normal 0.988364 -0.152109 0
    outer loop
      vertex 2.92889 -0.649318 24.5
      vertex 2.98858 -0.261467 22
      vertex 2.98858 -0.261467 24.5
    endloop
  endfacet
  facet normal 0.988364 -0.152109 0
    outer loop
      vertex 2.98858 -0.261467 22
      vertex 2.92889 -0.649318 24.5
      vertex 2.92889 -0.649318 22
    endloop
  endfacet
  facet normal 0.625934 0.779876 -0
    outer loop
      vertex 2.02677 2.21183 22
      vertex 1.72073 2.45746 24.5
      vertex 2.02677 2.21183 24.5
    endloop
  endfacet
  facet normal 0.625934 0.779876 0
    outer loop
      vertex 1.72073 2.45746 24.5
      vertex 2.02677 2.21183 22
      vertex 1.72073 2.45746 22
    endloop
  endfacet
  facet normal 0.362448 -0.932004 0
    outer loop
      vertex 0.902118 -2.86115 22
      vertex 1.26785 -2.71892 24.5
      vertex 0.902118 -2.86115 24.5
    endloop
  endfacet
  facet normal 0.362448 -0.932004 0
    outer loop
      vertex 1.26785 -2.71892 24.5
      vertex 0.902118 -2.86115 22
      vertex 1.26785 -2.71892 22
    endloop
  endfacet
  facet normal -0.362448 0.932004 0
    outer loop
      vertex -0.902118 2.86115 22
      vertex -1.26785 2.71892 24.5
      vertex -0.902118 2.86115 24.5
    endloop
  endfacet
  facet normal -0.362448 0.932004 0
    outer loop
      vertex -1.26785 2.71892 24.5
      vertex -0.902118 2.86115 22
      vertex -1.26785 2.71892 22
    endloop
  endfacet
  facet normal -0.152109 -0.988364 0
    outer loop
      vertex -0.649318 -2.92889 22
      vertex -0.261467 -2.98858 24.5
      vertex -0.649318 -2.92889 24.5
    endloop
  endfacet
  facet normal -0.152109 -0.988364 -0
    outer loop
      vertex -0.261467 -2.98858 24.5
      vertex -0.649318 -2.92889 22
      vertex -0.261467 -2.98858 22
    endloop
  endfacet
  facet normal 0.854917 -0.518765 0
    outer loop
      vertex 2.45746 -1.72073 24.5
      vertex 2.66103 -1.38525 22
      vertex 2.66103 -1.38525 24.5
    endloop
  endfacet
  facet normal 0.854917 -0.518765 0
    outer loop
      vertex 2.66103 -1.38525 22
      vertex 2.45746 -1.72073 24.5
      vertex 2.45746 -1.72073 22
    endloop
  endfacet
  facet normal 0.722368 0.691508 0
    outer loop
      vertex 2.29813 1.92836 24.5
      vertex 2.02677 2.21183 22
      vertex 2.02677 2.21183 24.5
    endloop
  endfacet
  facet normal 0.722368 0.691508 0
    outer loop
      vertex 2.02677 2.21183 22
      vertex 2.29813 1.92836 24.5
      vertex 2.29813 1.92836 22
    endloop
  endfacet
  facet normal -0.971344 -0.237679 0
    outer loop
      vertex -2.86115 -0.902118 22
      vertex -2.95442 -0.520944 24.5
      vertex -2.95442 -0.520944 22
    endloop
  endfacet
  facet normal -0.971344 -0.237679 0
    outer loop
      vertex -2.95442 -0.520944 24.5
      vertex -2.86115 -0.902118 22
      vertex -2.86115 -0.902118 24.5
    endloop
  endfacet
  facet normal -0.480984 0.876729 0
    outer loop
      vertex -1.26785 2.71892 22
      vertex -1.6119 2.53017 24.5
      vertex -1.26785 2.71892 24.5
    endloop
  endfacet
  facet normal -0.480984 0.876729 0
    outer loop
      vertex -1.6119 2.53017 24.5
      vertex -1.26785 2.71892 22
      vertex -1.6119 2.53017 22
    endloop
  endfacet
  facet normal 0.108864 -0.994057 0
    outer loop
      vertex 0.130859 -2.99714 22
      vertex 0.520944 -2.95442 24.5
      vertex 0.130859 -2.99714 24.5
    endloop
  endfacet
  facet normal 0.108864 -0.994057 0
    outer loop
      vertex 0.520944 -2.95442 24.5
      vertex 0.130859 -2.99714 22
      vertex 0.520944 -2.95442 22
    endloop
  endfacet
  facet normal -0.806442 -0.591313 0
    outer loop
      vertex -2.29813 -1.92836 22
      vertex -2.53017 -1.6119 24.5
      vertex -2.53017 -1.6119 22
    endloop
  endfacet
  facet normal -0.806442 -0.591313 0
    outer loop
      vertex -2.53017 -1.6119 24.5
      vertex -2.29813 -1.92836 22
      vertex -2.29813 -1.92836 24.5
    endloop
  endfacet
  facet normal -0.402752 -0.915309 0
    outer loop
      vertex -1.38525 -2.66103 22
      vertex -1.02606 -2.81908 24.5
      vertex -1.38525 -2.66103 24.5
    endloop
  endfacet
  facet normal -0.402752 -0.915309 -0
    outer loop
      vertex -1.02606 -2.81908 24.5
      vertex -1.38525 -2.66103 22
      vertex -1.02606 -2.81908 22
    endloop
  endfacet
  facet normal 0.237679 -0.971344 0
    outer loop
      vertex 0.520944 -2.95442 22
      vertex 0.902118 -2.86115 24.5
      vertex 0.520944 -2.95442 24.5
    endloop
  endfacet
  facet normal 0.237679 -0.971344 0
    outer loop
      vertex 0.902118 -2.86115 24.5
      vertex 0.520944 -2.95442 22
      vertex 0.902118 -2.86115 22
    endloop
  endfacet
  facet normal -0.988364 0.152109 0
    outer loop
      vertex -2.98858 0.261467 22
      vertex -2.92889 0.649318 24.5
      vertex -2.92889 0.649318 22
    endloop
  endfacet
  facet normal -0.988364 0.152109 0
    outer loop
      vertex -2.92889 0.649318 24.5
      vertex -2.98858 0.261467 22
      vertex -2.98858 0.261467 24.5
    endloop
  endfacet
  facet normal 0.906313 0.422606 -0
    outer loop
      vertex 13.5009 47.1206 25
      vertex 12.2331 49.8395 56
      vertex 13.5009 47.1206 56
    endloop
  endfacet
  facet normal 0.906313 0.422606 0
    outer loop
      vertex 12.2331 49.8395 56
      vertex 13.5009 47.1206 25
      vertex 12.2331 49.8395 22
    endloop
  endfacet
  facet normal 0.906308 0.422618 -0
    outer loop
      vertex 26.6021 19.025 22
      vertex 13.5009 47.1206 25
      vertex 26.6021 19.025 25
    endloop
  endfacet
  facet normal 0.906308 0.422617 1.22647e-05
    outer loop
      vertex 13.5009 47.1206 25
      vertex 26.6021 19.025 22
      vertex 12.2331 49.8395 22
    endloop
  endfacet
  facet normal 0 0 1
    outer loop
      vertex 13.5009 47.1206 25
      vertex -11.7347 1.14827 25
      vertex 26.6021 19.025 25
    endloop
  endfacet
  facet normal 0 -0 1
    outer loop
      vertex -11.7347 1.14827 25
      vertex 13.5009 47.1206 25
      vertex -24.8359 29.2438 25
    endloop
  endfacet
  facet normal -0.906301 -0.422634 0
    outer loop
      vertex -24.8359 29.2438 25
      vertex -26.1038 31.9627 49.15
      vertex -26.1038 31.9627 22
    endloop
  endfacet
  facet normal -0.906313 -0.422606 -0
    outer loop
      vertex -24.8359 29.2438 56
      vertex -25.2585 30.1501 49.15
      vertex -24.8359 29.2438 25
    endloop
  endfacet
  facet normal -0.906294 -0.422647 1.87639e-06
    outer loop
      vertex -26.1038 31.9627 49.15
      vertex -24.8359 29.2438 25
      vertex -25.2585 30.1501 49.15
    endloop
  endfacet
  facet normal -0.906307 -0.422619 1.62407e-05
    outer loop
      vertex -14.9551 8.05428 22
      vertex -24.8359 29.2438 25
      vertex -26.1038 31.9627 22
    endloop
  endfacet
  facet normal -0.906304 -0.422626 -0
    outer loop
      vertex -11.7347 1.14827 25
      vertex -14.9551 8.05428 22
      vertex -11.7347 1.14827 22
    endloop
  endfacet
  facet normal -0.906307 -0.422619 1.96409e-05
    outer loop
      vertex -14.9551 8.05428 22
      vertex -11.7347 1.14827 25
      vertex -24.8359 29.2438 25
    endloop
  endfacet
  facet normal -0.906313 -0.422606 0
    outer loop
      vertex -25.2585 30.1501 49.15
      vertex -24.8359 29.2438 56
      vertex -25.2585 30.1501 56
    endloop
  endfacet
  facet normal -0.422615 0.906309 0
    outer loop
      vertex -26.1038 31.9627 62.65
      vertex -26.1038 31.9627 71.15
      vertex -24.8025 32.5695 71.0559
    endloop
  endfacet
  facet normal -0.422615 0.90631 -3.51519e-06
    outer loop
      vertex -25.808 32.1006 62.6286
      vertex -24.8025 32.5695 71.0559
      vertex -23.5235 33.1659 70.7752
    endloop
  endfacet
  facet normal -0.422641 0.906297 0
    outer loop
      vertex -26.1038 31.9627 71.15
      vertex -26.1038 31.9627 62.65
      vertex -27.405 31.3559 71.0559
    endloop
  endfacet
  facet normal -0.422649 0.906294 1.17077e-05
    outer loop
      vertex -25.5173 32.2362 62.5648
      vertex -23.5235 33.1659 70.7752
      vertex -22.2886 33.7418 70.3127
    endloop
  endfacet
  facet normal -0.42265 0.906293 -1.70191e-06
    outer loop
      vertex -26.3995 31.8248 62.6286
      vertex -27.405 31.3559 71.0559
      vertex -26.1038 31.9627 62.65
    endloop
  endfacet
  facet normal -0.422593 0.90632 -9.23671e-06
    outer loop
      vertex -25.2367 32.3671 62.4597
      vertex -22.2886 33.7418 70.3127
      vertex -21.1191 34.2871 69.6763
    endloop
  endfacet
  facet normal -0.422615 0.90631 3.51519e-06
    outer loop
      vertex -27.405 31.3559 71.0559
      vertex -26.3995 31.8248 62.6286
      vertex -28.684 30.7595 70.7752
    endloop
  endfacet
  facet normal -0.422608 0.906312 -3.37177e-06
    outer loop
      vertex -24.9709 32.491 62.3151
      vertex -21.1191 34.2871 69.6763
      vertex -20.0348 34.7927 68.8769
    endloop
  endfacet
  facet normal -0.422484 0.90637 4.79366e-05
    outer loop
      vertex -26.6902 31.6893 62.5648
      vertex -28.684 30.7595 70.7752
      vertex -26.3995 31.8248 62.6286
    endloop
  endfacet
  facet normal -0.422612 0.906311 -5.92243e-06
    outer loop
      vertex -24.7244 32.6059 62.1334
      vertex -20.0348 34.7927 68.8769
      vertex -19.0543 35.2499 67.9282
    endloop
  endfacet
  facet normal -0.422597 0.906318 1.4747e-05
    outer loop
      vertex -28.684 30.7595 70.7752
      vertex -26.6902 31.6893 62.5648
      vertex -29.9189 30.1837 70.3127
    endloop
  endfacet
  facet normal -0.422645 0.906295 3.19004e-05
    outer loop
      vertex -24.5016 32.7098 61.9178
      vertex -19.0543 35.2499 67.9282
      vertex -18.1945 35.6509 66.8464
    endloop
  endfacet
  facet normal -0.422743 0.906249 -5.96631e-05
    outer loop
      vertex -26.9708 31.5584 62.4597
      vertex -29.9189 30.1837 70.3127
      vertex -26.6902 31.6893 62.5648
    endloop
  endfacet
  facet normal -0.42261 0.906312 -2.39865e-05
    outer loop
      vertex -24.3062 32.8009 61.6719
      vertex -18.1945 35.6509 66.8464
      vertex -17.47 35.9887 65.65
    endloop
  endfacet
  facet normal -0.422645 0.906295 -1.49207e-05
    outer loop
      vertex -29.9189 30.1837 70.3127
      vertex -26.9708 31.5584 62.4597
      vertex -31.0884 29.6383 69.6763
    endloop
  endfacet
  facet normal -0.42263 0.906302 1.71002e-05
    outer loop
      vertex -24.1415 32.8777 61.4
      vertex -17.47 35.9887 65.65
      vertex -16.8932 36.2577 64.3595
    endloop
  endfacet
  facet normal -0.422524 0.906352 6.92102e-05
    outer loop
      vertex -27.2366 31.4345 62.3151
      vertex -31.0884 29.6383 69.6763
      vertex -26.9708 31.5584 62.4597
    endloop
  endfacet
  facet normal -0.422607 0.906313 -1.5459e-05
    outer loop
      vertex -24.0105 32.9389 61.1067
      vertex -16.8932 36.2577 64.3595
      vertex -16.4741 36.4531 62.997
    endloop
  endfacet
  facet normal -0.422614 0.90631 1.22563e-05
    outer loop
      vertex -31.0884 29.6383 69.6763
      vertex -27.2366 31.4345 62.3151
      vertex -32.1727 29.1327 68.8769
    endloop
  endfacet
  facet normal -0.422534 0.906347 8.50016e-05
    outer loop
      vertex -27.4831 31.3196 62.1334
      vertex -32.1727 29.1327 68.8769
      vertex -27.2366 31.4345 62.3151
    endloop
  endfacet
  facet normal -0.422534 0.906347 -1.52012e-05
    outer loop
      vertex -24.8025 32.5695 71.0559
      vertex -25.808 32.1006 62.6286
      vertex -26.1038 31.9627 62.65
    endloop
  endfacet
  facet normal -0.422726 0.906258 3.44231e-05
    outer loop
      vertex -23.5235 33.1659 70.7752
      vertex -25.5173 32.2362 62.5648
      vertex -25.808 32.1006 62.6286
    endloop
  endfacet
  facet normal -0.422743 0.906249 5.96631e-05
    outer loop
      vertex -22.2886 33.7418 70.3127
      vertex -25.2367 32.3671 62.4597
      vertex -25.5173 32.2362 62.5648
    endloop
  endfacet
  facet normal -0.42252 0.906354 -5.9626e-05
    outer loop
      vertex -21.1191 34.2871 69.6763
      vertex -24.9709 32.491 62.3151
      vertex -25.2367 32.3671 62.4597
    endloop
  endfacet
  facet normal -0.422529 0.906349 -7.61163e-05
    outer loop
      vertex -20.0348 34.7927 68.8769
      vertex -24.7244 32.6059 62.1334
      vertex -24.9709 32.491 62.3151
    endloop
  endfacet
  facet normal -0.422629 0.906303 1.44912e-05
    outer loop
      vertex -19.0543 35.2499 67.9282
      vertex -24.5016 32.7098 61.9178
      vertex -24.7244 32.6059 62.1334
    endloop
  endfacet
  facet normal -0.422598 0.906317 -4.11454e-05
    outer loop
      vertex -18.1945 35.6509 66.8464
      vertex -24.3062 32.8009 61.6719
      vertex -24.5016 32.7098 61.9178
    endloop
  endfacet
  facet normal -0.422625 0.906305 4.43665e-05
    outer loop
      vertex -23.9152 32.9833 60.797
      vertex -16.4741 36.4531 62.997
      vertex -16.2197 36.5718 61.5858
    endloop
  endfacet
  facet normal -0.422619 0.906307 -3.78536e-06
    outer loop
      vertex -17.47 35.9887 65.65
      vertex -24.1415 32.8777 61.4
      vertex -24.3062 32.8009 61.6719
    endloop
  endfacet
  facet normal -0.422723 0.906259 0.000294186
    outer loop
      vertex -16.8932 36.2577 64.3595
      vertex -24.0105 32.9389 61.1067
      vertex -24.1415 32.8777 61.4
    endloop
  endfacet
  facet normal -0.422589 0.906321 -0.000103495
    outer loop
      vertex -16.4741 36.4531 62.997
      vertex -23.9152 32.9833 60.797
      vertex -24.0105 32.9389 61.1067
    endloop
  endfacet
  facet normal -0.422609 0.906312 -0.000146518
    outer loop
      vertex -16.2197 36.5718 61.5858
      vertex -23.8574 33.0102 60.4763
      vertex -23.9152 32.9833 60.797
    endloop
  endfacet
  facet normal -0.422621 0.906307 -4.81625e-05
    outer loop
      vertex -16.1344 36.6115 60.15
      vertex -23.8574 33.0102 60.4763
      vertex -16.2197 36.5718 61.5858
    endloop
  endfacet
  facet normal -0.422614 0.90631 0.000149297
    outer loop
      vertex -16.1344 36.6115 60.15
      vertex -23.838 33.0193 60.15
      vertex -23.8574 33.0102 60.4763
    endloop
  endfacet
  facet normal -0.422614 0.90631 -0.000149297
    outer loop
      vertex -16.1344 36.6115 60.15
      vertex -23.8574 33.0102 59.8237
      vertex -23.838 33.0193 60.15
    endloop
  endfacet
  facet normal -0.422621 0.906307 4.81625e-05
    outer loop
      vertex -16.2197 36.5718 58.7142
      vertex -23.8574 33.0102 59.8237
      vertex -16.1344 36.6115 60.15
    endloop
  endfacet
  facet normal -0.422609 0.906312 0.000146518
    outer loop
      vertex -23.8574 33.0102 59.8237
      vertex -16.2197 36.5718 58.7142
      vertex -23.9152 32.9833 59.503
    endloop
  endfacet
  facet normal -0.422625 0.906305 -4.43665e-05
    outer loop
      vertex -16.4741 36.4531 57.303
      vertex -23.9152 32.9833 59.503
      vertex -16.2197 36.5718 58.7142
    endloop
  endfacet
  facet normal -0.422589 0.906321 0.000103495
    outer loop
      vertex -23.9152 32.9833 59.503
      vertex -16.4741 36.4531 57.303
      vertex -24.0105 32.9389 59.1933
    endloop
  endfacet
  facet normal -0.422611 0.906311 -5.29517e-06
    outer loop
      vertex -16.8749 36.2662 56
      vertex -24.0105 32.9389 59.1933
      vertex -16.4741 36.4531 57.303
    endloop
  endfacet
  facet normal -0.422718 0.906261 -0.000296802
    outer loop
      vertex -24.0105 32.9389 59.1933
      vertex -16.8749 36.2662 56
      vertex -24.1415 32.8777 58.9
    endloop
  endfacet
  facet normal -0.42262 0.906307 4.08932e-06
    outer loop
      vertex -24.1415 32.8777 58.9
      vertex -16.8749 36.2662 56
      vertex -24.3062 32.8009 58.6281
    endloop
  endfacet
  facet normal -0.422607 0.906313 4.96309e-05
    outer loop
      vertex -24.3062 32.8009 58.6281
      vertex -16.8749 36.2662 56
      vertex -24.5016 32.7098 58.3822
    endloop
  endfacet
  facet normal -0.422625 0.906305 -2.00881e-05
    outer loop
      vertex -24.5016 32.7098 58.3822
      vertex -16.8749 36.2662 56
      vertex -24.7244 32.6059 58.1666
    endloop
  endfacet
  facet normal -0.422583 0.906324 0.000164776
    outer loop
      vertex -24.7244 32.6059 58.1666
      vertex -16.8749 36.2662 56
      vertex -24.9709 32.491 57.9849
    endloop
  endfacet
  facet normal -0.422617 0.906309 -4.30801e-06
    outer loop
      vertex -17.3209 36.0582 50.1639
      vertex -24.9709 32.491 57.9849
      vertex -16.8749 36.2662 56
    endloop
  endfacet
  facet normal -0.422483 0.906371 -2.31644e-05
    outer loop
      vertex -24.9709 32.491 57.9849
      vertex -26.1038 31.9627 49.15
      vertex -25.2367 32.3671 57.8403
    endloop
  endfacet
  facet normal -0.422615 0.906309 -2.53846e-06
    outer loop
      vertex -26.1038 31.9627 49.15
      vertex -24.9709 32.491 57.9849
      vertex -17.3209 36.0582 50.1639
    endloop
  endfacet
  facet normal -0.422618 0.906308 1.39563e-05
    outer loop
      vertex -32.1727 29.1327 68.8769
      vertex -27.4831 31.3196 62.1334
      vertex -33.1532 28.6755 67.9282
    endloop
  endfacet
  facet normal -0.422807 0.90622 -0.000210883
    outer loop
      vertex -27.7059 31.2156 61.9178
      vertex -33.1532 28.6755 67.9282
      vertex -27.4831 31.3196 62.1334
    endloop
  endfacet
  facet normal -0.422604 0.906314 1.27344e-05
    outer loop
      vertex -33.1532 28.6755 67.9282
      vertex -27.7059 31.2156 61.9178
      vertex -34.013 28.2746 66.8464
    endloop
  endfacet
  facet normal -0.422591 0.906321 3.41011e-05
    outer loop
      vertex -27.9013 31.1245 61.6719
      vertex -34.013 28.2746 66.8464
      vertex -27.7059 31.2156 61.9178
    endloop
  endfacet
  facet normal -0.422602 0.906315 1.80502e-05
    outer loop
      vertex -34.013 28.2746 66.8464
      vertex -27.9013 31.1245 61.6719
      vertex -34.7375 27.9368 65.65
    endloop
  endfacet
  facet normal -0.422611 0.906311 -2.15226e-06
    outer loop
      vertex -28.066 31.0477 61.4
      vertex -34.7375 27.9368 65.65
      vertex -27.9013 31.1245 61.6719
    endloop
  endfacet
  facet normal -0.422622 0.906306 -2.18265e-05
    outer loop
      vertex -34.7375 27.9368 65.65
      vertex -28.066 31.0477 61.4
      vertex -35.3143 27.6678 64.3595
    endloop
  endfacet
  facet normal -0.422586 0.906323 8.42757e-05
    outer loop
      vertex -28.1971 30.9866 61.1067
      vertex -35.3143 27.6678 64.3595
      vertex -28.066 31.0477 61.4
    endloop
  endfacet
  facet normal -0.422633 0.906301 -4.12588e-05
    outer loop
      vertex -35.3143 27.6678 64.3595
      vertex -28.1971 30.9866 61.1067
      vertex -35.7334 27.4723 62.997
    endloop
  endfacet
  facet normal -0.422628 0.906303 -1.81553e-05
    outer loop
      vertex -28.2923 30.9422 60.797
      vertex -35.7334 27.4723 62.997
      vertex -28.1971 30.9866 61.1067
    endloop
  endfacet
  facet normal -0.422613 0.90631 4.71224e-05
    outer loop
      vertex -35.7334 27.4723 62.997
      vertex -28.2923 30.9422 60.797
      vertex -35.9879 27.3537 61.5858
    endloop
  endfacet
  facet normal -0.422628 0.906303 -0.00013193
    outer loop
      vertex -28.3501 30.9152 60.4763
      vertex -35.9879 27.3537 61.5858
      vertex -28.2923 30.9422 60.797
    endloop
  endfacet
  facet normal -0.422623 0.906305 0.000129156
    outer loop
      vertex -36.0731 27.3139 60.15
      vertex -28.3501 30.9152 60.4763
      vertex -28.3695 30.9062 60.15
    endloop
  endfacet
  facet normal -0.422617 0.906308 -4.46268e-05
    outer loop
      vertex -28.3501 30.9152 60.4763
      vertex -36.0731 27.3139 60.15
      vertex -35.9879 27.3537 61.5858
    endloop
  endfacet
  facet normal -0.422623 0.906305 -0.000129156
    outer loop
      vertex -28.3501 30.9152 59.8237
      vertex -36.0731 27.3139 60.15
      vertex -28.3695 30.9062 60.15
    endloop
  endfacet
  facet normal -0.422628 0.906303 0.00013193
    outer loop
      vertex -35.9879 27.3537 58.7142
      vertex -28.3501 30.9152 59.8237
      vertex -28.2923 30.9422 59.503
    endloop
  endfacet
  facet normal -0.422628 0.906303 1.81553e-05
    outer loop
      vertex -35.7334 27.4723 57.303
      vertex -28.2923 30.9422 59.503
      vertex -28.1971 30.9866 59.1933
    endloop
  endfacet
  facet normal -0.422586 0.906323 -8.42757e-05
    outer loop
      vertex -35.3143 27.6678 55.9405
      vertex -28.1971 30.9866 59.1933
      vertex -28.066 31.0477 58.9
    endloop
  endfacet
  facet normal -0.422617 0.906308 4.46268e-05
    outer loop
      vertex -28.3501 30.9152 59.8237
      vertex -35.9879 27.3537 58.7142
      vertex -36.0731 27.3139 60.15
    endloop
  endfacet
  facet normal -0.422611 0.906311 2.15226e-06
    outer loop
      vertex -34.7375 27.9368 54.65
      vertex -28.066 31.0477 58.9
      vertex -27.9013 31.1245 58.6281
    endloop
  endfacet
  facet normal -0.422591 0.906321 -3.41011e-05
    outer loop
      vertex -34.013 28.2746 53.4536
      vertex -27.9013 31.1245 58.6281
      vertex -27.7059 31.2156 58.3822
    endloop
  endfacet
  facet normal -0.422807 0.90622 0.000210883
    outer loop
      vertex -33.1532 28.6755 52.3718
      vertex -27.7059 31.2156 58.3822
      vertex -27.4831 31.3196 58.1666
    endloop
  endfacet
  facet normal -0.422534 0.906347 -8.50016e-05
    outer loop
      vertex -32.1727 29.1327 51.4231
      vertex -27.4831 31.3196 58.1666
      vertex -27.2366 31.4345 57.9849
    endloop
  endfacet
  facet normal -0.422524 0.906352 -6.92102e-05
    outer loop
      vertex -31.0884 29.6383 50.6237
      vertex -27.2366 31.4345 57.9849
      vertex -26.9708 31.5584 57.8403
    endloop
  endfacet
  facet normal -0.422743 0.906249 5.96631e-05
    outer loop
      vertex -29.9189 30.1837 49.9873
      vertex -26.9708 31.5584 57.8403
      vertex -26.6902 31.6893 57.7352
    endloop
  endfacet
  facet normal -0.422484 0.90637 -4.79366e-05
    outer loop
      vertex -28.684 30.7595 49.5248
      vertex -26.6902 31.6893 57.7352
      vertex -26.3995 31.8248 57.6714
    endloop
  endfacet
  facet normal -0.422613 0.90631 -4.71224e-05
    outer loop
      vertex -28.2923 30.9422 59.503
      vertex -35.7334 27.4723 57.303
      vertex -35.9879 27.3537 58.7142
    endloop
  endfacet
  facet normal -0.42265 0.906293 1.70191e-06
    outer loop
      vertex -27.405 31.3559 49.2441
      vertex -26.3995 31.8248 57.6714
      vertex -26.1038 31.9627 57.65
    endloop
  endfacet
  facet normal -0.422765 0.906239 1.10994e-05
    outer loop
      vertex -25.2367 32.3671 57.8403
      vertex -26.1038 31.9627 49.15
      vertex -25.5173 32.2362 57.7352
    endloop
  endfacet
  facet normal -0.422733 0.906254 8.46054e-06
    outer loop
      vertex -25.5173 32.2362 57.7352
      vertex -26.1038 31.9627 49.15
      vertex -25.808 32.1006 57.6714
    endloop
  endfacet
  facet normal -0.422633 0.906301 4.12588e-05
    outer loop
      vertex -28.1971 30.9866 59.1933
      vertex -35.3143 27.6678 55.9405
      vertex -35.7334 27.4723 57.303
    endloop
  endfacet
  facet normal -0.422619 0.906308 6.42458e-06
    outer loop
      vertex -14.9147 37.1803 49.9898
      vertex -16.8749 36.2662 56
      vertex 12.2331 49.8395 56
    endloop
  endfacet
  facet normal -0.422727 0.906257 -1.22579e-05
    outer loop
      vertex -16.3598 36.5064 50.7762
      vertex -16.8749 36.2662 56
      vertex -16.1705 36.5947 50.7898
    endloop
  endfacet
  facet normal -0.422488 0.906368 1.64621e-05
    outer loop
      vertex -16.5458 36.4197 50.7353
      vertex -16.8749 36.2662 56
      vertex -16.3598 36.5064 50.7762
    endloop
  endfacet
  facet normal -0.422827 0.90621 -9.34628e-06
    outer loop
      vertex -16.7254 36.3359 50.6681
      vertex -16.8749 36.2662 56
      vertex -16.5458 36.4197 50.7353
    endloop
  endfacet
  facet normal -0.422536 0.906346 6.10268e-07
    outer loop
      vertex -16.8955 36.2566 50.5755
      vertex -16.8749 36.2662 56
      vertex -16.7254 36.3359 50.6681
    endloop
  endfacet
  facet normal -0.422445 0.906389 1.91255e-07
    outer loop
      vertex -17.0532 36.1831 50.4592
      vertex -16.8749 36.2662 56
      vertex -16.8955 36.2566 50.5755
    endloop
  endfacet
  facet normal -0.422729 0.906256 -1.24983e-05
    outer loop
      vertex -16.8749 36.2662 56
      vertex -15.9812 36.683 50.7762
      vertex -16.1705 36.5947 50.7898
    endloop
  endfacet
  facet normal -0.422478 0.906373 3.97512e-05
    outer loop
      vertex -16.8749 36.2662 56
      vertex -15.7952 36.7697 50.7353
      vertex -15.9812 36.683 50.7762
    endloop
  endfacet
  facet normal -0.422846 0.906201 -5.21724e-05
    outer loop
      vertex -16.8749 36.2662 56
      vertex -15.6156 36.8535 50.6681
      vertex -15.7952 36.7697 50.7353
    endloop
  endfacet
  facet normal -0.422282 0.906464 0.000109996
    outer loop
      vertex -16.8749 36.2662 56
      vertex -15.4454 36.9328 50.5755
      vertex -15.6156 36.8535 50.6681
    endloop
  endfacet
  facet normal -0.422401 0.906409 7.17691e-05
    outer loop
      vertex -16.8749 36.2662 56
      vertex -15.2877 37.0063 50.4592
      vertex -15.4454 36.9328 50.5755
    endloop
  endfacet
  facet normal -0.422655 0.906291 -1.67266e-05
    outer loop
      vertex -16.8749 36.2662 56
      vertex -15.1451 37.0728 50.3212
      vertex -15.2877 37.0063 50.4592
    endloop
  endfacet
  facet normal -0.423249 0.906013 -0.000237004
    outer loop
      vertex -16.8749 36.2662 56
      vertex -15.02 37.1312 50.1639
      vertex -15.1451 37.0728 50.3212
    endloop
  endfacet
  facet normal -0.422565 0.906333 2.76932e-05
    outer loop
      vertex -16.8749 36.2662 56
      vertex -14.9147 37.1803 49.9898
      vertex -15.02 37.1312 50.1639
    endloop
  endfacet
  facet normal -0.422599 0.906317 -0.000101623
    outer loop
      vertex 12.2331 49.8395 56
      vertex -14.8308 37.2194 49.8021
      vertex -14.9147 37.1803 49.9898
    endloop
  endfacet
  facet normal -0.422582 0.906325 -0.000191285
    outer loop
      vertex 12.2331 49.8395 56
      vertex -14.7698 37.2478 49.604
      vertex -14.8308 37.2194 49.8021
    endloop
  endfacet
  facet normal -0.422658 0.906289 0.000197125
    outer loop
      vertex 12.2331 49.8395 56
      vertex -14.7328 37.2651 49.3987
      vertex -14.7698 37.2478 49.604
    endloop
  endfacet
  facet normal -0.422633 0.906301 7.60654e-05
    outer loop
      vertex 12.2331 49.8395 56
      vertex -14.7204 37.2709 49.1898
      vertex -14.7328 37.2651 49.3987
    endloop
  endfacet
  facet normal -0.422601 0.906316 -7.84212e-05
    outer loop
      vertex 12.2331 49.8395 56
      vertex -14.7328 37.2651 48.981
      vertex -14.7204 37.2709 49.1898
    endloop
  endfacet
  facet normal -0.422572 0.906329 -0.000215962
    outer loop
      vertex 12.2331 49.8395 56
      vertex -14.7698 37.2478 48.7757
      vertex -14.7328 37.2651 48.981
    endloop
  endfacet
  facet normal -0.422669 0.906284 0.000223652
    outer loop
      vertex 12.2331 49.8395 56
      vertex -14.8308 37.2194 48.5776
      vertex -14.7698 37.2478 48.7757
    endloop
  endfacet
  facet normal -0.422647 0.906294 0.000127596
    outer loop
      vertex 12.2331 49.8395 56
      vertex -14.9147 37.1803 48.3898
      vertex -14.8308 37.2194 48.5776
    endloop
  endfacet
  facet normal -0.422618 0.906308 0
    outer loop
      vertex 12.2331 49.8395 22
      vertex -14.9147 37.1803 48.3898
      vertex 12.2331 49.8395 56
    endloop
  endfacet
  facet normal -0.422612 0.906311 6.85903e-06
    outer loop
      vertex -14.9147 37.1803 48.3898
      vertex 12.2331 49.8395 22
      vertex -15.02 37.1312 48.2158
    endloop
  endfacet
  facet normal -0.422785 0.90623 -0.000212315
    outer loop
      vertex -15.02 37.1312 48.2158
      vertex 12.2331 49.8395 22
      vertex -15.1451 37.0728 48.0585
    endloop
  endfacet
  facet normal -0.42263 0.906302 -1.43767e-05
    outer loop
      vertex -15.1451 37.0728 48.0585
      vertex 12.2331 49.8395 22
      vertex -15.2877 37.0063 47.9205
    endloop
  endfacet
  facet normal -0.422522 0.906353 0.000126451
    outer loop
      vertex -15.2877 37.0063 47.9205
      vertex 12.2331 49.8395 22
      vertex -15.4454 36.9328 47.8042
    endloop
  endfacet
  facet normal -0.422437 0.906392 0.000236576
    outer loop
      vertex -15.4454 36.9328 47.8042
      vertex 12.2331 49.8395 22
      vertex -15.6156 36.8535 47.7116
    endloop
  endfacet
  facet normal -0.422472 0.906376 -7.22018e-05
    outer loop
      vertex -15.7952 36.7697 47.6444
      vertex -26.1038 31.9627 22
      vertex -15.9812 36.683 47.6035
    endloop
  endfacet
  facet normal -0.422867 0.906192 0.00012123
    outer loop
      vertex -15.6156 36.8535 47.7116
      vertex -26.1038 31.9627 22
      vertex -15.7952 36.7697 47.6444
    endloop
  endfacet
  facet normal -0.422618 0.906308 -2.44277e-06
    outer loop
      vertex -26.1038 31.9627 22
      vertex -15.6156 36.8535 47.7116
      vertex 12.2331 49.8395 22
    endloop
  endfacet
  facet normal -0.422622 0.906306 2.18265e-05
    outer loop
      vertex -28.066 31.0477 58.9
      vertex -34.7375 27.9368 54.65
      vertex -35.3143 27.6678 55.9405
    endloop
  endfacet
  facet normal -0.422602 0.906315 -1.80502e-05
    outer loop
      vertex -27.9013 31.1245 58.6281
      vertex -34.013 28.2746 53.4536
      vertex -34.7375 27.9368 54.65
    endloop
  endfacet
  facet normal -0.422604 0.906314 -1.27344e-05
    outer loop
      vertex -27.7059 31.2156 58.3822
      vertex -33.1532 28.6755 52.3718
      vertex -34.013 28.2746 53.4536
    endloop
  endfacet
  facet normal -0.422618 0.906308 -1.39563e-05
    outer loop
      vertex -27.4831 31.3196 58.1666
      vertex -32.1727 29.1327 51.4231
      vertex -33.1532 28.6755 52.3718
    endloop
  endfacet
  facet normal -0.422641 0.906297 0
    outer loop
      vertex -27.405 31.3559 49.2441
      vertex -26.1038 31.9627 57.65
      vertex -26.1038 31.9627 49.15
    endloop
  endfacet
  facet normal -0.422397 0.906411 -1.68015e-06
    outer loop
      vertex -17.1959 36.1166 50.3212
      vertex -16.8749 36.2662 56
      vertex -17.0532 36.1831 50.4592
    endloop
  endfacet
  facet normal -0.423348 0.905967 6.37544e-05
    outer loop
      vertex -17.3209 36.0582 50.1639
      vertex -16.8749 36.2662 56
      vertex -17.1959 36.1166 50.3212
    endloop
  endfacet
  facet normal -0.422533 0.906347 0
    outer loop
      vertex -25.808 32.1006 57.6714
      vertex -26.1038 31.9627 49.15
      vertex -26.1038 31.9627 57.65
    endloop
  endfacet
  facet normal -0.422641 0.906297 0.000271022
    outer loop
      vertex -26.1038 31.9627 49.15
      vertex -17.3209 36.0582 50.1639
      vertex -17.4263 36.0091 49.9898
    endloop
  endfacet
  facet normal -0.422614 0.90631 -1.22563e-05
    outer loop
      vertex -27.2366 31.4345 57.9849
      vertex -31.0884 29.6383 50.6237
      vertex -32.1727 29.1327 51.4231
    endloop
  endfacet
  facet normal -0.422629 0.906303 0.000117895
    outer loop
      vertex -26.1038 31.9627 49.15
      vertex -17.4263 36.0091 49.9898
      vertex -17.5102 35.97 49.8021
    endloop
  endfacet
  facet normal -0.422606 0.906314 -0.000257457
    outer loop
      vertex -26.1038 31.9627 49.15
      vertex -17.5102 35.97 49.8021
      vertex -17.5712 35.9415 49.604
    endloop
  endfacet
  facet normal -0.422645 0.906295 1.49207e-05
    outer loop
      vertex -26.9708 31.5584 57.8403
      vertex -29.9189 30.1837 49.9873
      vertex -31.0884 29.6383 50.6237
    endloop
  endfacet
  facet normal -0.422627 0.906304 0.000237621
    outer loop
      vertex -26.1038 31.9627 49.15
      vertex -17.5712 35.9415 49.604
      vertex -17.6082 35.9243 49.3987
    endloop
  endfacet
  facet normal -0.422597 0.906318 -1.4747e-05
    outer loop
      vertex -26.6902 31.6893 57.7352
      vertex -28.684 30.7595 49.5248
      vertex -29.9189 30.1837 49.9873
    endloop
  endfacet
  facet normal -0.42262 0.906307 -7.70617e-05
    outer loop
      vertex -26.1038 31.9627 49.15
      vertex -17.6082 35.9243 49.3987
      vertex -17.6206 35.9185 49.1898
    endloop
  endfacet
  facet normal -0.422615 0.90631 -3.51519e-06
    outer loop
      vertex -26.3995 31.8248 57.6714
      vertex -27.405 31.3559 49.2441
      vertex -28.684 30.7595 49.5248
    endloop
  endfacet
  facet normal -0.42262 0.906307 7.70556e-05
    outer loop
      vertex -17.6082 35.9243 48.981
      vertex -26.1038 31.9627 49.15
      vertex -17.6206 35.9185 49.1898
    endloop
  endfacet
  facet normal -0.422625 0.906304 -0.000237218
    outer loop
      vertex -17.5712 35.9415 48.7757
      vertex -26.1038 31.9627 49.15
      vertex -17.6082 35.9243 48.981
    endloop
  endfacet
  facet normal -0.422608 0.906313 0.000256706
    outer loop
      vertex -17.5102 35.97 48.5776
      vertex -26.1038 31.9627 49.15
      vertex -17.5712 35.9415 48.7757
    endloop
  endfacet
  facet normal -0.422628 0.906303 -0.000117327
    outer loop
      vertex -17.4263 36.0091 48.3898
      vertex -26.1038 31.9627 49.15
      vertex -17.5102 35.97 48.5776
    endloop
  endfacet
  facet normal -0.422639 0.906298 -0.000269596
    outer loop
      vertex -17.3209 36.0582 48.2158
      vertex -26.1038 31.9627 49.15
      vertex -17.4263 36.0091 48.3898
    endloop
  endfacet
  facet normal -0.422554 0.906338 0.000705034
    outer loop
      vertex -17.1959 36.1166 48.0585
      vertex -26.1038 31.9627 49.15
      vertex -17.3209 36.0582 48.2158
    endloop
  endfacet
  facet normal -0.422658 0.906289 -0.000326018
    outer loop
      vertex -17.0532 36.1831 47.9205
      vertex -26.1038 31.9627 49.15
      vertex -17.1959 36.1166 48.0585
    endloop
  endfacet
  facet normal -0.422661 0.906288 -0.000356713
    outer loop
      vertex -16.8955 36.2566 47.8042
      vertex -26.1038 31.9627 49.15
      vertex -17.0532 36.1831 47.9205
    endloop
  endfacet
  facet normal -0.422649 0.906294 -0.000253101
    outer loop
      vertex -16.7254 36.3359 47.7116
      vertex -26.1038 31.9627 49.15
      vertex -16.8955 36.2566 47.8042
    endloop
  endfacet
  facet normal -0.422805 0.906221 8.34381e-05
    outer loop
      vertex -26.1038 31.9627 22
      vertex -16.7254 36.3359 47.7116
      vertex -16.5458 36.4197 47.6444
    endloop
  endfacet
  facet normal -0.422496 0.906365 -5.67973e-05
    outer loop
      vertex -26.1038 31.9627 22
      vertex -16.5458 36.4197 47.6444
      vertex -16.3598 36.5064 47.6035
    endloop
  endfacet
  facet normal -0.422731 0.906255 5.25093e-05
    outer loop
      vertex -15.9812 36.683 47.6035
      vertex -26.1038 31.9627 22
      vertex -16.1705 36.5947 47.5898
    endloop
  endfacet
  facet normal -0.422725 0.906258 4.96398e-05
    outer loop
      vertex -16.1705 36.5947 47.5898
      vertex -26.1038 31.9627 22
      vertex -16.3598 36.5064 47.6035
    endloop
  endfacet
  facet normal -0.422617 0.906309 0
    outer loop
      vertex -16.7254 36.3359 47.7116
      vertex -26.1038 31.9627 22
      vertex -26.1038 31.9627 49.15
    endloop
  endfacet
  facet normal 0.422618 -0.906308 0
    outer loop
      vertex 11.8543 12.148 22
      vertex -11.7347 1.14827 25
      vertex -11.7347 1.14827 22
    endloop
  endfacet
  facet normal 0.422618 -0.906308 -2.089e-06
    outer loop
      vertex -11.7347 1.14827 25
      vertex 11.8543 12.148 22
      vertex 26.6021 19.025 25
    endloop
  endfacet
  facet normal 0.422618 -0.906308 0
    outer loop
      vertex 26.6021 19.025 25
      vertex 11.8543 12.148 22
      vertex 26.6021 19.025 22
    endloop
  endfacet
  facet normal 0 0 1
    outer loop
      vertex 12.2331 49.8395 56
      vertex -16.8749 36.2662 56
      vertex -16.0297 34.4536 56
    endloop
  endfacet
  facet normal 0 0 1
    outer loop
      vertex -16.0297 34.4536 56
      vertex 13.5009 47.1206 56
      vertex 12.2331 49.8395 56
    endloop
  endfacet
  facet normal -0 0 1
    outer loop
      vertex -16.0297 34.4536 56
      vertex -24.8359 29.2438 56
      vertex 13.5009 47.1206 56
    endloop
  endfacet
  facet normal 0 -0 1
    outer loop
      vertex -24.8359 29.2438 56
      vertex -16.0297 34.4536 56
      vertex -25.2585 30.1501 56
    endloop
  endfacet
  facet normal 0.422502 -0.906362 -0.000274185
    outer loop
      vertex -14.7134 33.964 50.7762
      vertex -24.8359 29.2438 56
      vertex -14.9026 33.8758 50.7898
    endloop
  endfacet
  facet normal 0.422715 -0.906263 0.000220459
    outer loop
      vertex -24.8359 29.2438 56
      vertex -15.0919 33.7875 50.7762
      vertex -14.9026 33.8758 50.7898
    endloop
  endfacet
  facet normal 0.422524 -0.906352 -0.000213928
    outer loop
      vertex -24.8359 29.2438 56
      vertex -15.2779 33.7008 50.7353
      vertex -15.0919 33.7875 50.7762
    endloop
  endfacet
  facet normal 0.42263 -0.906302 2.13971e-05
    outer loop
      vertex -24.8359 29.2438 56
      vertex -15.4576 33.617 50.6681
      vertex -15.2779 33.7008 50.7353
    endloop
  endfacet
  facet normal 0.422577 -0.906327 -9.29766e-05
    outer loop
      vertex -24.8359 29.2438 56
      vertex -15.6277 33.5377 50.5755
      vertex -15.4576 33.617 50.6681
    endloop
  endfacet
  facet normal 0.422753 -0.906245 0.000270736
    outer loop
      vertex -24.8359 29.2438 56
      vertex -15.7854 33.4641 50.4592
      vertex -15.6277 33.5377 50.5755
    endloop
  endfacet
  facet normal 0.422627 -0.906304 1.93209e-05
    outer loop
      vertex -24.8359 29.2438 56
      vertex -15.928 33.3976 50.3212
      vertex -15.7854 33.4641 50.4592
    endloop
  endfacet
  facet normal 0.422547 -0.906341 -0.000132975
    outer loop
      vertex -24.8359 29.2438 56
      vertex -16.0531 33.3393 50.1639
      vertex -15.928 33.3976 50.3212
    endloop
  endfacet
  facet normal 0.422615 -0.906309 -8.73912e-06
    outer loop
      vertex -24.8359 29.2438 56
      vertex -16.1584 33.2902 49.9898
      vertex -16.0531 33.3393 50.1639
    endloop
  endfacet
  facet normal 0.422571 -0.90633 -8.61323e-05
    outer loop
      vertex -24.8359 29.2438 56
      vertex -16.2423 33.2511 49.8021
      vertex -16.1584 33.2902 49.9898
    endloop
  endfacet
  facet normal 0.422743 -0.906249 0.000205734
    outer loop
      vertex -24.8359 29.2438 56
      vertex -16.3033 33.2226 49.604
      vertex -16.2423 33.2511 49.8021
    endloop
  endfacet
  facet normal 0.422489 -0.906368 -0.000207347
    outer loop
      vertex -24.8359 29.2438 56
      vertex -16.3403 33.2054 49.3987
      vertex -16.3033 33.2226 49.604
    endloop
  endfacet
  facet normal 0.422668 -0.906284 7.35342e-05
    outer loop
      vertex -24.8359 29.2438 56
      vertex -16.3527 33.1996 49.1898
      vertex -16.3403 33.2054 49.3987
    endloop
  endfacet
  facet normal 0.422567 -0.906332 -8.0938e-05
    outer loop
      vertex -24.8359 29.2438 56
      vertex -16.3403 33.2054 48.981
      vertex -16.3527 33.1996 49.1898
    endloop
  endfacet
  facet normal 0.42281 -0.906218 0.000277694
    outer loop
      vertex -24.8359 29.2438 56
      vertex -16.3033 33.2226 48.7757
      vertex -16.3403 33.2054 48.981
    endloop
  endfacet
  facet normal 0.422379 -0.906419 -0.000342584
    outer loop
      vertex -24.8359 29.2438 56
      vertex -16.2423 33.2511 48.5776
      vertex -16.3033 33.2226 48.7757
    endloop
  endfacet
  facet normal 0.422753 -0.906245 0.000185347
    outer loop
      vertex -24.8359 29.2438 56
      vertex -16.1584 33.2902 48.3898
      vertex -16.2423 33.2511 48.5776
    endloop
  endfacet
  facet normal 0.42262 -0.906307 0
    outer loop
      vertex -24.8359 29.2438 25
      vertex -16.1584 33.2902 48.3898
      vertex -24.8359 29.2438 56
    endloop
  endfacet
  facet normal 0.422609 -0.906312 4.7154e-06
    outer loop
      vertex -16.1584 33.2902 48.3898
      vertex -24.8359 29.2438 25
      vertex -16.0531 33.3393 48.2158
    endloop
  endfacet
  facet normal 0.422477 -0.906374 6.55191e-05
    outer loop
      vertex -16.0531 33.3393 48.2158
      vertex -24.8359 29.2438 25
      vertex -15.928 33.3976 48.0585
    endloop
  endfacet
  facet normal 0.422725 -0.906258 -5.60289e-05
    outer loop
      vertex -15.0919 33.7875 47.6035
      vertex -24.8359 29.2438 25
      vertex -14.9026 33.8758 47.5898
    endloop
  endfacet
  facet normal 0.422497 -0.906364 6.36829e-05
    outer loop
      vertex -15.2779 33.7008 47.6444
      vertex -24.8359 29.2438 25
      vertex -15.0919 33.7875 47.6035
    endloop
  endfacet
  facet normal 0.422635 -0.9063 -7.21347e-06
    outer loop
      vertex -15.4576 33.617 47.7116
      vertex -24.8359 29.2438 25
      vertex -15.2779 33.7008 47.6444
    endloop
  endfacet
  facet normal 0.422551 -0.906339 3.48865e-05
    outer loop
      vertex -15.6277 33.5377 47.8042
      vertex -24.8359 29.2438 25
      vertex -15.4576 33.617 47.7116
    endloop
  endfacet
  facet normal 0.422849 -0.9062 -0.000111741
    outer loop
      vertex -15.7854 33.4641 47.9205
      vertex -24.8359 29.2438 25
      vertex -15.6277 33.5377 47.8042
    endloop
  endfacet
  facet normal 0.422635 -0.9063 -8.72107e-06
    outer loop
      vertex -15.928 33.3976 48.0585
      vertex -24.8359 29.2438 25
      vertex -15.7854 33.4641 47.9205
    endloop
  endfacet
  facet normal 0.422759 -0.906242 0.000330875
    outer loop
      vertex -14.5273 34.0508 50.7353
      vertex -24.8359 29.2438 56
      vertex -14.7134 33.964 50.7762
    endloop
  endfacet
  facet normal 0.422619 -0.906307 -9.74958e-07
    outer loop
      vertex -24.8359 29.2438 56
      vertex -14.5273 34.0508 50.7353
      vertex 13.5009 47.1206 56
    endloop
  endfacet
  facet normal 0.422551 -0.906339 0.000440746
    outer loop
      vertex -14.3477 34.1345 50.6681
      vertex 13.5009 47.1206 56
      vertex -14.5273 34.0508 50.7353
    endloop
  endfacet
  facet normal 0.422712 -0.906264 -0.000583222
    outer loop
      vertex -14.1776 34.2139 50.5755
      vertex 13.5009 47.1206 56
      vertex -14.3477 34.1345 50.6681
    endloop
  endfacet
  facet normal 0.422582 -0.906325 0.000226187
    outer loop
      vertex -14.0199 34.2874 50.4592
      vertex 13.5009 47.1206 56
      vertex -14.1776 34.2139 50.5755
    endloop
  endfacet
  facet normal 0.422623 -0.906305 -2.34834e-05
    outer loop
      vertex -13.8773 34.3539 50.3212
      vertex 13.5009 47.1206 56
      vertex -14.0199 34.2874 50.4592
    endloop
  endfacet
  facet normal 0.42259 -0.906321 0.000174347
    outer loop
      vertex -13.7522 34.4122 50.1639
      vertex 13.5009 47.1206 56
      vertex -13.8773 34.3539 50.3212
    endloop
  endfacet
  facet normal 0.422661 -0.906288 -0.000234551
    outer loop
      vertex -13.6468 34.4614 49.9898
      vertex 13.5009 47.1206 56
      vertex -13.7522 34.4122 50.1639
    endloop
  endfacet
  facet normal 0.4226 -0.906316 0.000102256
    outer loop
      vertex -13.5629 34.5005 49.8021
      vertex 13.5009 47.1206 56
      vertex -13.6468 34.4614 49.9898
    endloop
  endfacet
  facet normal 0.422583 -0.906324 0.000191734
    outer loop
      vertex -13.5019 34.5289 49.604
      vertex 13.5009 47.1206 56
      vertex -13.5629 34.5005 49.8021
    endloop
  endfacet
  facet normal 0.422659 -0.906289 -0.000196854
    outer loop
      vertex -13.4649 34.5462 49.3987
      vertex 13.5009 47.1206 56
      vertex -13.5019 34.5289 49.604
    endloop
  endfacet
  facet normal 0.422635 -0.9063 -7.59736e-05
    outer loop
      vertex -13.4525 34.552 49.1898
      vertex 13.5009 47.1206 56
      vertex -13.4649 34.5462 49.3987
    endloop
  endfacet
  facet normal 0.422603 -0.906315 7.83266e-05
    outer loop
      vertex -13.4649 34.5462 48.981
      vertex 13.5009 47.1206 56
      vertex -13.4525 34.552 49.1898
    endloop
  endfacet
  facet normal 0.422573 -0.906329 0.000215665
    outer loop
      vertex -13.5019 34.5289 48.7757
      vertex 13.5009 47.1206 56
      vertex -13.4649 34.5462 48.981
    endloop
  endfacet
  facet normal 0.42267 -0.906284 -0.000224178
    outer loop
      vertex -13.5629 34.5005 48.5776
      vertex 13.5009 47.1206 56
      vertex -13.5019 34.5289 48.7757
    endloop
  endfacet
  facet normal 0.422648 -0.906294 -0.000128391
    outer loop
      vertex -13.6468 34.4614 48.3898
      vertex 13.5009 47.1206 56
      vertex -13.5629 34.5005 48.5776
    endloop
  endfacet
  facet normal 0.422743 -0.90625 0.000174867
    outer loop
      vertex 13.5009 47.1206 25
      vertex -13.6468 34.4614 48.3898
      vertex -13.7522 34.4122 48.2158
    endloop
  endfacet
  facet normal 0.422535 -0.906347 -0.000121638
    outer loop
      vertex 13.5009 47.1206 25
      vertex -13.7522 34.4122 48.2158
      vertex -13.8773 34.3539 48.0585
    endloop
  endfacet
  facet normal 0.42263 -0.906302 1.52471e-05
    outer loop
      vertex 13.5009 47.1206 25
      vertex -13.8773 34.3539 48.0585
      vertex -14.0199 34.2874 47.9205
    endloop
  endfacet
  facet normal 0.422527 -0.90635 -0.000135228
    outer loop
      vertex 13.5009 47.1206 25
      vertex -14.0199 34.2874 47.9205
      vertex -14.1776 34.2139 47.8042
    endloop
  endfacet
  facet normal 0.422832 -0.906208 0.000315558
    outer loop
      vertex 13.5009 47.1206 25
      vertex -14.1776 34.2139 47.8042
      vertex -14.3477 34.1345 47.7116
    endloop
  endfacet
  facet normal 0.422374 -0.906422 0.000136299
    outer loop
      vertex -24.8359 29.2438 25
      vertex -14.3477 34.1345 47.7116
      vertex -14.5273 34.0508 47.6444
    endloop
  endfacet
  facet normal 0.422515 -0.906356 5.63671e-05
    outer loop
      vertex -24.8359 29.2438 25
      vertex -14.7134 33.964 47.6035
      vertex -14.9026 33.8758 47.5898
    endloop
  endfacet
  facet normal 0.422708 -0.906266 -4.86958e-05
    outer loop
      vertex -24.8359 29.2438 25
      vertex -14.5273 34.0508 47.6444
      vertex -14.7134 33.964 47.6035
    endloop
  endfacet
  facet normal 0.422619 -0.906307 -1.73415e-06
    outer loop
      vertex -14.3477 34.1345 47.7116
      vertex -24.8359 29.2438 25
      vertex 13.5009 47.1206 25
    endloop
  endfacet
  facet normal 0.422619 -0.906308 0
    outer loop
      vertex -13.6468 34.4614 48.3898
      vertex 13.5009 47.1206 25
      vertex 13.5009 47.1206 56
    endloop
  endfacet
  facet normal 0.906308 0.422618 0
    outer loop
      vertex 18.4218 -13.4774 81.3
      vertex 1.51702 22.775 39
      vertex 1.51702 22.775 81.3
    endloop
  endfacet
  facet normal 0.906308 0.422618 0
    outer loop
      vertex 1.51702 22.775 39
      vertex 18.4218 -13.4774 81.3
      vertex 18.4218 -13.4774 39
    endloop
  endfacet
  facet normal -0.422932 0.906161 0
    outer loop
      vertex -8.44316 18.1304 50.5755
      vertex -8.44316 18.1304 69.7245
      vertex -8.27304 18.2098 50.6681
    endloop
  endfacet
  facet normal -0.422571 0.90633 -1.88462e-06
    outer loop
      vertex -26.7019 9.61626 69.8408
      vertex -27.3954 9.29288 50.7762
      vertex -27.5847 9.20462 50.7898
    endloop
  endfacet
  facet normal -0.422401 0.906409 0
    outer loop
      vertex -8.44316 18.1304 69.7245
      vertex -8.44316 18.1304 50.5755
      vertex -8.60088 18.0569 69.8408
    endloop
  endfacet
  facet normal -0.422685 0.906277 3.1554e-06
    outer loop
      vertex -26.7019 9.61626 69.8408
      vertex -27.2094 9.37963 50.7353
      vertex -27.3954 9.29288 50.7762
    endloop
  endfacet
  facet normal -0.422401 0.906409 0
    outer loop
      vertex -8.60088 18.0569 50.4592
      vertex -8.60088 18.0569 69.8408
      vertex -8.44316 18.1304 50.5755
    endloop
  endfacet
  facet normal -0.422472 0.906376 -3.71479e-06
    outer loop
      vertex -26.7019 9.61626 69.8408
      vertex -27.0297 9.46339 50.6681
      vertex -27.2094 9.37963 50.7353
    endloop
  endfacet
  facet normal -0.422618 0.906308 0
    outer loop
      vertex -8.60088 18.0569 69.8408
      vertex -8.60088 18.0569 50.4592
      vertex -26.7019 9.61626 69.8408
    endloop
  endfacet
  facet normal -0.422623 0.906305 -5.75728e-07
    outer loop
      vertex -26.7019 9.61626 69.8408
      vertex -26.8596 9.54271 50.5755
      vertex -27.0297 9.46339 50.6681
    endloop
  endfacet
  facet normal -0.422618 0.906308 0
    outer loop
      vertex -26.7019 9.61626 50.4592
      vertex -26.7019 9.61626 69.8408
      vertex -8.60088 18.0569 50.4592
    endloop
  endfacet
  facet normal -0.422681 0.906279 0
    outer loop
      vertex -26.7019 9.61626 69.8408
      vertex -26.7019 9.61626 50.4592
      vertex -26.8596 9.54271 50.5755
    endloop
  endfacet
  facet normal -0.422618 0.906308 6.67738e-07
    outer loop
      vertex -8.74349 17.9904 50.3212
      vertex -26.7019 9.61626 50.4592
      vertex -8.60088 18.0569 50.4592
    endloop
  endfacet
  facet normal -0.422618 0.906308 3.01912e-05
    outer loop
      vertex -8.74349 17.9904 50.3212
      vertex -26.5593 9.68276 50.3212
      vertex -26.7019 9.61626 50.4592
    endloop
  endfacet
  facet normal -0.422618 0.906308 9.43475e-05
    outer loop
      vertex -8.86855 17.9321 50.1639
      vertex -26.5593 9.68276 50.3212
      vertex -8.74349 17.9904 50.3212
    endloop
  endfacet
  facet normal -0.422619 0.906307 -8.7871e-05
    outer loop
      vertex -8.86855 17.9321 50.1639
      vertex -26.4342 9.74108 50.1639
      vertex -26.5593 9.68276 50.3212
    endloop
  endfacet
  facet normal -0.422619 0.906307 -0.000314223
    outer loop
      vertex -8.97393 17.8829 49.9898
      vertex -26.4342 9.74108 50.1639
      vertex -8.86855 17.9321 50.1639
    endloop
  endfacet
  facet normal -0.422617 0.906308 -4.50413e-05
    outer loop
      vertex -8.97393 17.8829 49.9898
      vertex -26.3288 9.79022 49.9898
      vertex -26.4342 9.74108 50.1639
    endloop
  endfacet
  facet normal -0.422617 0.906308 0.00011141
    outer loop
      vertex -9.05783 17.8438 49.8021
      vertex -26.3288 9.79022 49.9898
      vertex -8.97393 17.8829 49.9898
    endloop
  endfacet
  facet normal -0.422616 0.906309 0.000210798
    outer loop
      vertex -9.05783 17.8438 49.8021
      vertex -26.245 9.82934 49.8021
      vertex -26.3288 9.79022 49.9898
    endloop
  endfacet
  facet normal -0.422616 0.906309 0.000140014
    outer loop
      vertex -9.1188 17.8154 49.604
      vertex -26.245 9.82934 49.8021
      vertex -9.05783 17.8438 49.8021
    endloop
  endfacet
  facet normal -0.422618 0.906308 -6.75033e-05
    outer loop
      vertex -9.1188 17.8154 49.604
      vertex -26.184 9.85777 49.604
      vertex -26.245 9.82934 49.8021
    endloop
  endfacet
  facet normal -0.422618 0.906308 -0.000205825
    outer loop
      vertex -9.1558 17.7981 49.3987
      vertex -26.184 9.85777 49.604
      vertex -9.1188 17.8154 49.604
    endloop
  endfacet
  facet normal -0.422616 0.906309 -1.44872e-05
    outer loop
      vertex -9.1558 17.7981 49.3987
      vertex -26.147 9.87502 49.3987
      vertex -26.184 9.85777 49.604
    endloop
  endfacet
  facet normal -0.422616 0.906309 0.000376771
    outer loop
      vertex -9.16821 17.7924 49.1898
      vertex -26.147 9.87502 49.3987
      vertex -9.1558 17.7981 49.3987
    endloop
  endfacet
  facet normal -0.42262 0.906307 3.36724e-05
    outer loop
      vertex -9.16821 17.7924 49.1898
      vertex -26.1346 9.88081 49.1898
      vertex -26.147 9.87502 49.3987
    endloop
  endfacet
  facet normal -0.42262 0.906307 -0.000377201
    outer loop
      vertex -9.1558 17.7981 48.981
      vertex -26.1346 9.88081 49.1898
      vertex -9.16821 17.7924 49.1898
    endloop
  endfacet
  facet normal -0.422616 0.906309 -3.39393e-05
    outer loop
      vertex -9.1558 17.7981 48.981
      vertex -26.147 9.87502 48.981
      vertex -26.1346 9.88081 49.1898
    endloop
  endfacet
  facet normal -0.422616 0.906309 0.000206241
    outer loop
      vertex -9.1188 17.8154 48.7757
      vertex -26.147 9.87502 48.981
      vertex -9.1558 17.7981 48.981
    endloop
  endfacet
  facet normal -0.422618 0.906308 1.4903e-05
    outer loop
      vertex -9.1188 17.8154 48.7757
      vertex -26.184 9.85777 48.7757
      vertex -26.147 9.87502 48.981
    endloop
  endfacet
  facet normal -0.422618 0.906308 -0.000140753
    outer loop
      vertex -9.05783 17.8438 48.5776
      vertex -26.184 9.85777 48.7757
      vertex -9.1188 17.8154 48.7757
    endloop
  endfacet
  facet normal -0.422616 0.906309 6.67643e-05
    outer loop
      vertex -9.05783 17.8438 48.5776
      vertex -26.245 9.82934 48.5776
      vertex -26.184 9.85777 48.7757
    endloop
  endfacet
  facet normal -0.422616 0.906309 -0.000110868
    outer loop
      vertex -8.97393 17.8829 48.3898
      vertex -26.245 9.82934 48.5776
      vertex -9.05783 17.8438 48.5776
    endloop
  endfacet
  facet normal -0.422617 0.906308 -0.000210204
    outer loop
      vertex -8.97393 17.8829 48.3898
      vertex -26.3288 9.79022 48.3898
      vertex -26.245 9.82934 48.5776
    endloop
  endfacet
  facet normal -0.422617 0.906308 0.00031603
    outer loop
      vertex -8.86855 17.9321 48.2158
      vertex -26.3288 9.79022 48.3898
      vertex -8.97393 17.8829 48.3898
    endloop
  endfacet
  facet normal -0.422619 0.906307 4.6693e-05
    outer loop
      vertex -8.86855 17.9321 48.2158
      vertex -26.4342 9.74108 48.2158
      vertex -26.3288 9.79022 48.3898
    endloop
  endfacet
  facet normal -0.422619 0.906307 -9.56356e-05
    outer loop
      vertex -8.74349 17.9904 48.0585
      vertex -26.4342 9.74108 48.2158
      vertex -8.86855 17.9321 48.2158
    endloop
  endfacet
  facet normal -0.422618 0.906308 8.65825e-05
    outer loop
      vertex -8.74349 17.9904 48.0585
      vertex -26.5593 9.68276 48.0585
      vertex -26.4342 9.74108 48.2158
    endloop
  endfacet
  facet normal -0.422618 0.906308 -4.33288e-07
    outer loop
      vertex -8.60088 18.0569 47.9205
      vertex -26.5593 9.68276 48.0585
      vertex -8.74349 17.9904 48.0585
    endloop
  endfacet
  facet normal -0.422618 0.906308 -2.99568e-05
    outer loop
      vertex -8.60088 18.0569 47.9205
      vertex -26.7019 9.61626 47.9205
      vertex -26.5593 9.68276 48.0585
    endloop
  endfacet
  facet normal -0.422618 0.906308 -0.000358524
    outer loop
      vertex -8.44316 18.1304 47.8042
      vertex -26.7019 9.61626 47.9205
      vertex -8.60088 18.0569 47.9205
    endloop
  endfacet
  facet normal -0.422617 0.906308 -0.000105977
    outer loop
      vertex -8.44316 18.1304 47.8042
      vertex -26.8596 9.54271 47.8042
      vertex -26.7019 9.61626 47.9205
    endloop
  endfacet
  facet normal -0.422617 0.906308 0.000705502
    outer loop
      vertex -8.27304 18.2098 47.7116
      vertex -26.8596 9.54271 47.8042
      vertex -8.44316 18.1304 47.8042
    endloop
  endfacet
  facet normal -0.42262 0.906307 -7.26886e-06
    outer loop
      vertex -8.27304 18.2098 47.7116
      vertex -27.0297 9.46339 47.7116
      vertex -26.8596 9.54271 47.8042
    endloop
  endfacet
  facet normal -0.422234 0.906487 0.000527369
    outer loop
      vertex 1.51702 22.775 39
      vertex -8.27304 18.2098 47.7116
      vertex -8.09343 18.2935 47.6444
    endloop
  endfacet
  facet normal -0.42262 0.906307 1.417e-07
    outer loop
      vertex -8.27304 18.2098 47.7116
      vertex 1.51702 22.775 39
      vertex -27.0297 9.46339 47.7116
    endloop
  endfacet
  facet normal -0.422871 0.90619 -0.000334693
    outer loop
      vertex 1.51702 22.775 39
      vertex -8.09343 18.2935 47.6444
      vertex -7.90739 18.3803 47.6035
    endloop
  endfacet
  facet normal -0.422619 0.906307 2.15029e-06
    outer loop
      vertex -36.8198 4.8982 39
      vertex -27.0297 9.46339 47.7116
      vertex 1.51702 22.775 39
    endloop
  endfacet
  facet normal -0.42237 0.906423 0.00033367
    outer loop
      vertex 1.51702 22.775 39
      vertex -7.90739 18.3803 47.6035
      vertex -7.71812 18.4685 47.5898
    endloop
  endfacet
  facet normal -0.422365 0.906426 -0.000345427
    outer loop
      vertex -27.0297 9.46339 47.7116
      vertex -36.8198 4.8982 39
      vertex -27.2094 9.37963 47.6444
    endloop
  endfacet
  facet normal -0.422234 0.906487 -0.000527369
    outer loop
      vertex -8.27304 18.2098 72.5884
      vertex 1.51702 22.775 81.3
      vertex -8.09343 18.2935 72.6556
    endloop
  endfacet
  facet normal -0.422567 0.906332 6.9737e-05
    outer loop
      vertex -36.8198 4.8982 81.3
      vertex -27.3954 9.29288 72.6965
      vertex -27.5847 9.20462 72.7102
    endloop
  endfacet
  facet normal -0.422619 0.906307 -8.30544e-07
    outer loop
      vertex 1.51702 22.775 81.3
      vertex -8.27304 18.2098 72.5884
      vertex -36.8198 4.8982 81.3
    endloop
  endfacet
  facet normal -0.422706 0.906267 -0.000116544
    outer loop
      vertex -36.8198 4.8982 81.3
      vertex -27.2094 9.37963 72.6556
      vertex -27.3954 9.29288 72.6965
    endloop
  endfacet
  facet normal -0.42262 0.906307 -2.83914e-06
    outer loop
      vertex -27.0297 9.46339 72.5884
      vertex -36.8198 4.8982 81.3
      vertex -8.27304 18.2098 72.5884
    endloop
  endfacet
  facet normal -0.422365 0.906426 0.000345427
    outer loop
      vertex -36.8198 4.8982 81.3
      vertex -27.0297 9.46339 72.5884
      vertex -27.2094 9.37963 72.6556
    endloop
  endfacet
  facet normal -0.42262 0.906307 -0.000698977
    outer loop
      vertex -8.44316 18.1304 72.4958
      vertex -27.0297 9.46339 72.5884
      vertex -8.27304 18.2098 72.5884
    endloop
  endfacet
  facet normal -0.422617 0.906308 1.3792e-05
    outer loop
      vertex -8.44316 18.1304 72.4958
      vertex -26.8596 9.54271 72.4958
      vertex -27.0297 9.46339 72.5884
    endloop
  endfacet
  facet normal -0.422617 0.906308 0.000356343
    outer loop
      vertex -8.60088 18.0569 72.3795
      vertex -26.8596 9.54271 72.4958
      vertex -8.44316 18.1304 72.4958
    endloop
  endfacet
  facet normal -0.422618 0.906308 0.000103795
    outer loop
      vertex -8.60088 18.0569 72.3795
      vertex -26.7019 9.61626 72.3795
      vertex -26.8596 9.54271 72.4958
    endloop
  endfacet
  facet normal -0.422618 0.906308 6.67738e-07
    outer loop
      vertex -8.74349 17.9904 72.2415
      vertex -26.7019 9.61626 72.3795
      vertex -8.60088 18.0569 72.3795
    endloop
  endfacet
  facet normal -0.422618 0.906308 3.01912e-05
    outer loop
      vertex -8.74349 17.9904 72.2415
      vertex -26.5593 9.68276 72.2415
      vertex -26.7019 9.61626 72.3795
    endloop
  endfacet
  facet normal -0.422618 0.906308 9.43475e-05
    outer loop
      vertex -8.86855 17.9321 72.0842
      vertex -26.5593 9.68276 72.2415
      vertex -8.74349 17.9904 72.2415
    endloop
  endfacet
  facet normal -0.422619 0.906307 -8.7871e-05
    outer loop
      vertex -8.86855 17.9321 72.0842
      vertex -26.4342 9.74108 72.0842
      vertex -26.5593 9.68276 72.2415
    endloop
  endfacet
  facet normal -0.422619 0.906307 -0.000314404
    outer loop
      vertex -8.97393 17.8829 71.9102
      vertex -26.4342 9.74108 72.0842
      vertex -8.86855 17.9321 72.0842
    endloop
  endfacet
  facet normal -0.422617 0.906308 -4.50672e-05
    outer loop
      vertex -8.97393 17.8829 71.9102
      vertex -26.3288 9.79022 71.9102
      vertex -26.4342 9.74108 72.0842
    endloop
  endfacet
  facet normal -0.422617 0.906308 0.00011141
    outer loop
      vertex -9.05783 17.8438 71.7225
      vertex -26.3288 9.79022 71.9102
      vertex -8.97393 17.8829 71.9102
    endloop
  endfacet
  facet normal -0.422616 0.906309 0.000210798
    outer loop
      vertex -9.05783 17.8438 71.7225
      vertex -26.245 9.82934 71.7225
      vertex -26.3288 9.79022 71.9102
    endloop
  endfacet
  facet normal -0.422616 0.906309 0.000139943
    outer loop
      vertex -9.1188 17.8154 71.5243
      vertex -26.245 9.82934 71.7225
      vertex -9.05783 17.8438 71.7225
    endloop
  endfacet
  facet normal -0.422618 0.906308 -6.74693e-05
    outer loop
      vertex -9.1188 17.8154 71.5243
      vertex -26.184 9.85777 71.5243
      vertex -26.245 9.82934 71.7225
    endloop
  endfacet
  facet normal -0.422618 0.906308 -0.000205825
    outer loop
      vertex -9.1558 17.7981 71.319
      vertex -26.184 9.85777 71.5243
      vertex -9.1188 17.8154 71.5243
    endloop
  endfacet
  facet normal -0.422616 0.906309 -1.44872e-05
    outer loop
      vertex -9.1558 17.7981 71.319
      vertex -26.147 9.87502 71.319
      vertex -26.184 9.85777 71.5243
    endloop
  endfacet
  facet normal -0.422616 0.906309 0.000376951
    outer loop
      vertex -9.16821 17.7924 71.1102
      vertex -26.147 9.87502 71.319
      vertex -9.1558 17.7981 71.319
    endloop
  endfacet
  facet normal -0.42262 0.906307 3.36885e-05
    outer loop
      vertex -9.16821 17.7924 71.1102
      vertex -26.1346 9.88081 71.1102
      vertex -26.147 9.87502 71.319
    endloop
  endfacet
  facet normal -0.42262 0.906307 -0.000377021
    outer loop
      vertex -9.1558 17.7981 70.9013
      vertex -26.1346 9.88081 71.1102
      vertex -9.16821 17.7924 71.1102
    endloop
  endfacet
  facet normal -0.422616 0.906309 -3.3923e-05
    outer loop
      vertex -9.1558 17.7981 70.9013
      vertex -26.147 9.87502 70.9013
      vertex -26.1346 9.88081 71.1102
    endloop
  endfacet
  facet normal -0.422616 0.906309 0.000206241
    outer loop
      vertex -9.1188 17.8154 70.696
      vertex -26.147 9.87502 70.9013
      vertex -9.1558 17.7981 70.9013
    endloop
  endfacet
  facet normal -0.422618 0.906308 1.4903e-05
    outer loop
      vertex -9.1188 17.8154 70.696
      vertex -26.184 9.85777 70.696
      vertex -26.147 9.87502 70.9013
    endloop
  endfacet
  facet normal -0.422618 0.906308 -0.000140753
    outer loop
      vertex -9.05783 17.8438 70.4979
      vertex -26.184 9.85777 70.696
      vertex -9.1188 17.8154 70.696
    endloop
  endfacet
  facet normal -0.422616 0.906309 6.67643e-05
    outer loop
      vertex -9.05783 17.8438 70.4979
      vertex -26.245 9.82934 70.4979
      vertex -26.184 9.85777 70.696
    endloop
  endfacet
  facet normal -0.422616 0.906309 -0.000110927
    outer loop
      vertex -8.97393 17.8829 70.3102
      vertex -26.245 9.82934 70.4979
      vertex -9.05783 17.8438 70.4979
    endloop
  endfacet
  facet normal -0.422617 0.906308 -0.000210316
    outer loop
      vertex -8.97393 17.8829 70.3102
      vertex -26.3288 9.79022 70.3102
      vertex -26.245 9.82934 70.4979
    endloop
  endfacet
  facet normal -0.422617 0.906308 0.000315848
    outer loop
      vertex -8.86855 17.9321 70.1361
      vertex -26.3288 9.79022 70.3102
      vertex -8.97393 17.8829 70.3102
    endloop
  endfacet
  facet normal -0.422619 0.906307 4.66662e-05
    outer loop
      vertex -8.86855 17.9321 70.1361
      vertex -26.4342 9.74108 70.1361
      vertex -26.3288 9.79022 70.3102
    endloop
  endfacet
  facet normal -0.422619 0.906307 -9.56356e-05
    outer loop
      vertex -8.74349 17.9904 69.9788
      vertex -26.4342 9.74108 70.1361
      vertex -8.86855 17.9321 70.1361
    endloop
  endfacet
  facet normal -0.422618 0.906308 8.65825e-05
    outer loop
      vertex -8.74349 17.9904 69.9788
      vertex -26.5593 9.68276 69.9788
      vertex -26.4342 9.74108 70.1361
    endloop
  endfacet
  facet normal -0.422618 0.906308 -4.33288e-07
    outer loop
      vertex -8.60088 18.0569 69.8408
      vertex -26.5593 9.68276 69.9788
      vertex -8.74349 17.9904 69.9788
    endloop
  endfacet
  facet normal -0.422618 0.906308 -2.99568e-05
    outer loop
      vertex -8.60088 18.0569 69.8408
      vertex -26.7019 9.61626 69.8408
      vertex -26.5593 9.68276 69.9788
    endloop
  endfacet
  facet normal -0.422396 0.906411 0
    outer loop
      vertex -8.09343 18.2935 69.5647
      vertex -8.09343 18.2935 50.7353
      vertex -8.27304 18.2098 69.632
    endloop
  endfacet
  facet normal -0.422396 0.906411 0
    outer loop
      vertex -8.27304 18.2098 50.6681
      vertex -8.27304 18.2098 69.632
      vertex -8.09343 18.2935 50.7353
    endloop
  endfacet
  facet normal -0.422811 0.906218 0
    outer loop
      vertex -8.09343 18.2935 50.7353
      vertex -8.09343 18.2935 69.5647
      vertex -7.90739 18.3803 50.7762
    endloop
  endfacet
  facet normal -0.422932 0.906161 0
    outer loop
      vertex -8.27304 18.2098 69.632
      vertex -8.27304 18.2098 50.6681
      vertex -8.44316 18.1304 69.7245
    endloop
  endfacet
  facet normal -0.422811 0.906218 0
    outer loop
      vertex -7.90739 18.3803 69.5238
      vertex -7.90739 18.3803 50.7762
      vertex -8.09343 18.2935 69.5647
    endloop
  endfacet
  facet normal -0.422684 0.906277 4.47006e-06
    outer loop
      vertex -26.7019 9.61626 69.8408
      vertex -27.5847 9.20462 50.7898
      vertex -26.8596 9.54271 69.7245
    endloop
  endfacet
  facet normal -0.42239 0.906414 0
    outer loop
      vertex -7.90739 18.3803 50.7762
      vertex -7.90739 18.3803 69.5238
      vertex -7.71812 18.4685 50.7898
    endloop
  endfacet
  facet normal -0.422624 0.906305 1.67339e-06
    outer loop
      vertex -26.8596 9.54271 69.7245
      vertex -27.5847 9.20462 50.7898
      vertex -27.0297 9.46339 69.632
    endloop
  endfacet
  facet normal -0.42239 0.906414 0
    outer loop
      vertex -7.71812 18.4685 50.7898
      vertex -7.90739 18.3803 69.5238
      vertex -7.71812 18.4685 69.5102
    endloop
  endfacet
  facet normal -0.42247 0.906377 -3.83518e-06
    outer loop
      vertex -27.0297 9.46339 69.632
      vertex -27.5847 9.20462 50.7898
      vertex -27.2094 9.37963 69.5647
    endloop
  endfacet
  facet normal -0.42237 0.906423 -0.00033367
    outer loop
      vertex -7.90739 18.3803 72.6965
      vertex 1.51702 22.775 81.3
      vertex -7.71812 18.4685 72.7102
    endloop
  endfacet
  facet normal -0.422755 0.906244 0.000169904
    outer loop
      vertex 1.51702 22.775 81.3
      vertex -7.52884 18.5568 72.6965
      vertex -7.71812 18.4685 72.7102
    endloop
  endfacet
  facet normal -0.422775 0.906234 0.000196242
    outer loop
      vertex 1.51702 22.775 81.3
      vertex -7.3428 18.6436 72.6556
      vertex -7.52884 18.5568 72.6965
    endloop
  endfacet
  facet normal -0.422458 0.906383 -0.000199936
    outer loop
      vertex 1.51702 22.775 81.3
      vertex -7.16319 18.7273 72.5884
      vertex -7.3428 18.6436 72.6556
    endloop
  endfacet
  facet normal -0.42254 0.906344 -0.000100742
    outer loop
      vertex 1.51702 22.775 81.3
      vertex -6.99307 18.8066 72.4958
      vertex -7.16319 18.7273 72.5884
    endloop
  endfacet
  facet normal -0.422783 0.906231 0.00018529
    outer loop
      vertex 1.51702 22.775 81.3
      vertex -6.83536 18.8802 72.3795
      vertex -6.99307 18.8066 72.4958
    endloop
  endfacet
  facet normal -0.422619 0.906308 -1.55413e-06
    outer loop
      vertex 1.51702 22.775 81.3
      vertex -6.69275 18.9467 72.2415
      vertex -6.83536 18.8802 72.3795
    endloop
  endfacet
  facet normal -0.422561 0.906335 -6.5756e-05
    outer loop
      vertex 1.51702 22.775 81.3
      vertex -6.56768 19.005 72.0842
      vertex -6.69275 18.9467 72.2415
    endloop
  endfacet
  facet normal -0.422507 0.90636 -0.000123431
    outer loop
      vertex 1.51702 22.775 81.3
      vertex -6.4623 19.0541 71.9102
      vertex -6.56768 19.005 72.0842
    endloop
  endfacet
  facet normal -0.422858 0.906196 0.00024021
    outer loop
      vertex 1.51702 22.775 81.3
      vertex -6.3784 19.0933 71.7225
      vertex -6.4623 19.0541 71.9102
    endloop
  endfacet
  facet normal -0.422516 0.906355 -0.000102631
    outer loop
      vertex 1.51702 22.775 81.3
      vertex -6.31743 19.1217 71.5243
      vertex -6.3784 19.0933 71.7225
    endloop
  endfacet
  facet normal -0.422424 0.906398 -0.000193029
    outer loop
      vertex 1.51702 22.775 81.3
      vertex -6.28043 19.1389 71.319
      vertex -6.31743 19.1217 71.5243
    endloop
  endfacet
  facet normal -0.422682 0.906278 5.23544e-05
    outer loop
      vertex 1.51702 22.775 81.3
      vertex -6.26802 19.1447 71.1102
      vertex -6.28043 19.1389 71.319
    endloop
  endfacet
  facet normal -0.42256 0.906335 -6.11594e-05
    outer loop
      vertex 1.51702 22.775 81.3
      vertex -6.28043 19.1389 70.9013
      vertex -6.26802 19.1447 71.1102
    endloop
  endfacet
  facet normal -0.422969 0.906144 0.000312633
    outer loop
      vertex 1.51702 22.775 81.3
      vertex -6.31743 19.1217 70.696
      vertex -6.28043 19.1389 70.9013
    endloop
  endfacet
  facet normal -0.422892 0.90618 0.000243509
    outer loop
      vertex 1.51702 22.775 81.3
      vertex -6.3784 19.0933 70.4979
      vertex -6.31743 19.1217 70.696
    endloop
  endfacet
  facet normal -0.422619 0.906308 0
    outer loop
      vertex -6.3784 19.0933 49.8021
      vertex -6.3784 19.0933 70.4979
      vertex 1.51702 22.775 81.3
    endloop
  endfacet
  facet normal -0.423299 0.90599 0
    outer loop
      vertex -6.3784 19.0933 70.4979
      vertex -6.3784 19.0933 49.8021
      vertex -6.4623 19.0541 70.3102
    endloop
  endfacet
  facet normal -0.422686 0.906276 1.4115e-06
    outer loop
      vertex -27.2094 9.37963 69.5647
      vertex -27.5847 9.20462 50.7898
      vertex -27.3954 9.29288 69.5238
    endloop
  endfacet
  facet normal -0.422765 0.906239 0
    outer loop
      vertex -7.52884 18.5568 69.5238
      vertex -7.71812 18.4685 50.7898
      vertex -7.71812 18.4685 69.5102
    endloop
  endfacet
  facet normal -0.422811 0.906218 0
    outer loop
      vertex -7.52884 18.5568 50.7762
      vertex -7.52884 18.5568 69.5238
      vertex -7.3428 18.6436 69.5647
    endloop
  endfacet
  facet normal -0.422396 0.906411 0
    outer loop
      vertex -7.3428 18.6436 50.7353
      vertex -7.3428 18.6436 69.5647
      vertex -7.16319 18.7273 69.632
    endloop
  endfacet
  facet normal -0.422495 0.906365 0
    outer loop
      vertex -7.16319 18.7273 50.6681
      vertex -7.16319 18.7273 69.632
      vertex -6.99307 18.8066 69.7245
    endloop
  endfacet
  facet normal -0.422895 0.906179 0
    outer loop
      vertex -6.99307 18.8066 50.5755
      vertex -6.99307 18.8066 69.7245
      vertex -6.83536 18.8802 69.8408
    endloop
  endfacet
  facet normal -0.422618 0.906308 0
    outer loop
      vertex -6.83536 18.8802 50.4592
      vertex -6.83536 18.8802 69.8408
      vertex -6.69275 18.9467 69.9788
    endloop
  endfacet
  facet normal -0.422493 0.906366 0
    outer loop
      vertex -6.69275 18.9467 50.3212
      vertex -6.69275 18.9467 69.9788
      vertex -6.56768 19.005 70.1361
    endloop
  endfacet
  facet normal -0.423299 0.90599 0
    outer loop
      vertex -6.4623 19.0541 49.9898
      vertex -6.4623 19.0541 70.3102
      vertex -6.3784 19.0933 49.8021
    endloop
  endfacet
  facet normal -0.422765 0.906239 0
    outer loop
      vertex -7.52884 18.5568 69.5238
      vertex -7.52884 18.5568 50.7762
      vertex -7.71812 18.4685 50.7898
    endloop
  endfacet
  facet normal -0.422811 0.906218 0
    outer loop
      vertex -7.3428 18.6436 69.5647
      vertex -7.3428 18.6436 50.7353
      vertex -7.52884 18.5568 50.7762
    endloop
  endfacet
  facet normal -0.422396 0.906411 0
    outer loop
      vertex -7.16319 18.7273 69.632
      vertex -7.16319 18.7273 50.6681
      vertex -7.3428 18.6436 50.7353
    endloop
  endfacet
  facet normal -0.422495 0.906365 0
    outer loop
      vertex -6.99307 18.8066 69.7245
      vertex -6.99307 18.8066 50.5755
      vertex -7.16319 18.7273 50.6681
    endloop
  endfacet
  facet normal -0.422895 0.906179 0
    outer loop
      vertex -6.83536 18.8802 69.8408
      vertex -6.83536 18.8802 50.4592
      vertex -6.99307 18.8066 50.5755
    endloop
  endfacet
  facet normal -0.422618 0.906308 0
    outer loop
      vertex -6.69275 18.9467 69.9788
      vertex -6.69275 18.9467 50.3212
      vertex -6.83536 18.8802 50.4592
    endloop
  endfacet
  facet normal -0.422493 0.906366 0
    outer loop
      vertex -6.56768 19.005 70.1361
      vertex -6.56768 19.005 50.1639
      vertex -6.69275 18.9467 50.3212
    endloop
  endfacet
  facet normal -0.422339 0.906438 0
    outer loop
      vertex -6.56768 19.005 70.1361
      vertex -6.4623 19.0541 49.9898
      vertex -6.56768 19.005 50.1639
    endloop
  endfacet
  facet normal -0.422339 0.906438 0
    outer loop
      vertex -6.4623 19.0541 70.3102
      vertex -6.4623 19.0541 49.9898
      vertex -6.56768 19.005 70.1361
    endloop
  endfacet
  facet normal -0.422619 0.906308 0
    outer loop
      vertex 1.51702 22.775 39
      vertex -6.3784 19.0933 49.8021
      vertex 1.51702 22.775 81.3
    endloop
  endfacet
  facet normal -0.422892 0.90618 -0.000243509
    outer loop
      vertex -6.3784 19.0933 49.8021
      vertex 1.51702 22.775 39
      vertex -6.31743 19.1217 49.604
    endloop
  endfacet
  facet normal -0.422969 0.906144 -0.000312633
    outer loop
      vertex -6.31743 19.1217 49.604
      vertex 1.51702 22.775 39
      vertex -6.28043 19.1389 49.3987
    endloop
  endfacet
  facet normal -0.42256 0.906335 6.11594e-05
    outer loop
      vertex -6.28043 19.1389 49.3987
      vertex 1.51702 22.775 39
      vertex -6.26802 19.1447 49.1898
    endloop
  endfacet
  facet normal -0.422682 0.906278 -5.23544e-05
    outer loop
      vertex -6.26802 19.1447 49.1898
      vertex 1.51702 22.775 39
      vertex -6.28043 19.1389 48.981
    endloop
  endfacet
  facet normal -0.422706 0.906267 0.000116544
    outer loop
      vertex -27.2094 9.37963 47.6444
      vertex -36.8198 4.8982 39
      vertex -27.3954 9.29288 47.6035
    endloop
  endfacet
  facet normal -0.422755 0.906244 -0.000169904
    outer loop
      vertex -7.52884 18.5568 47.6035
      vertex 1.51702 22.775 39
      vertex -7.71812 18.4685 47.5898
    endloop
  endfacet
  facet normal -0.422775 0.906234 -0.000196242
    outer loop
      vertex -7.3428 18.6436 47.6444
      vertex 1.51702 22.775 39
      vertex -7.52884 18.5568 47.6035
    endloop
  endfacet
  facet normal -0.422458 0.906383 0.000199936
    outer loop
      vertex -7.16319 18.7273 47.7116
      vertex 1.51702 22.775 39
      vertex -7.3428 18.6436 47.6444
    endloop
  endfacet
  facet normal -0.42254 0.906344 0.000100742
    outer loop
      vertex -6.99307 18.8066 47.8042
      vertex 1.51702 22.775 39
      vertex -7.16319 18.7273 47.7116
    endloop
  endfacet
  facet normal -0.422783 0.906231 -0.00018529
    outer loop
      vertex -6.83536 18.8802 47.9205
      vertex 1.51702 22.775 39
      vertex -6.99307 18.8066 47.8042
    endloop
  endfacet
  facet normal -0.422619 0.906308 1.55413e-06
    outer loop
      vertex -6.69275 18.9467 48.0585
      vertex 1.51702 22.775 39
      vertex -6.83536 18.8802 47.9205
    endloop
  endfacet
  facet normal -0.422561 0.906335 6.5756e-05
    outer loop
      vertex -6.56768 19.005 48.2158
      vertex 1.51702 22.775 39
      vertex -6.69275 18.9467 48.0585
    endloop
  endfacet
  facet normal -0.422507 0.90636 0.000123431
    outer loop
      vertex -6.4623 19.0541 48.3898
      vertex 1.51702 22.775 39
      vertex -6.56768 19.005 48.2158
    endloop
  endfacet
  facet normal -0.422858 0.906196 -0.000240126
    outer loop
      vertex -6.3784 19.0933 48.5776
      vertex 1.51702 22.775 39
      vertex -6.4623 19.0541 48.3898
    endloop
  endfacet
  facet normal -0.422516 0.906355 0.000102669
    outer loop
      vertex -6.31743 19.1217 48.7757
      vertex 1.51702 22.775 39
      vertex -6.3784 19.0933 48.5776
    endloop
  endfacet
  facet normal -0.422424 0.906398 0.000193029
    outer loop
      vertex -6.28043 19.1389 48.981
      vertex 1.51702 22.775 39
      vertex -6.31743 19.1217 48.7757
    endloop
  endfacet
  facet normal -0.422871 0.90619 0.000334693
    outer loop
      vertex -8.09343 18.2935 72.6556
      vertex 1.51702 22.775 81.3
      vertex -7.90739 18.3803 72.6965
    endloop
  endfacet
  facet normal -0.422745 0.906249 -0.000163101
    outer loop
      vertex -27.7739 9.11636 72.6965
      vertex -36.8198 4.8982 81.3
      vertex -27.5847 9.20462 72.7102
    endloop
  endfacet
  facet normal -0.422521 0.906353 0.000123118
    outer loop
      vertex -27.96 9.02961 72.6556
      vertex -36.8198 4.8982 81.3
      vertex -27.7739 9.11636 72.6965
    endloop
  endfacet
  facet normal -0.422652 0.906292 -4.03426e-05
    outer loop
      vertex -28.1396 8.94585 72.5884
      vertex -36.8198 4.8982 81.3
      vertex -27.96 9.02961 72.6556
    endloop
  endfacet
  facet normal -0.42265 0.906293 -3.76696e-05
    outer loop
      vertex -28.3097 8.86652 72.4958
      vertex -36.8198 4.8982 81.3
      vertex -28.1396 8.94585 72.5884
    endloop
  endfacet
  facet normal -0.422627 0.906304 -1.09337e-05
    outer loop
      vertex -28.4674 8.79298 72.3795
      vertex -36.8198 4.8982 81.3
      vertex -28.3097 8.86652 72.4958
    endloop
  endfacet
  facet normal -0.42263 0.906302 -1.4567e-05
    outer loop
      vertex -28.61 8.72648 72.2415
      vertex -36.8198 4.8982 81.3
      vertex -28.4674 8.79298 72.3795
    endloop
  endfacet
  facet normal -0.422576 0.906328 4.5713e-05
    outer loop
      vertex -28.7351 8.66816 72.0842
      vertex -36.8198 4.8982 81.3
      vertex -28.61 8.72648 72.2415
    endloop
  endfacet
  facet normal -0.422593 0.90632 2.72976e-05
    outer loop
      vertex -28.8405 8.61902 71.9102
      vertex -36.8198 4.8982 81.3
      vertex -28.7351 8.66816 72.0842
    endloop
  endfacet
  facet normal -0.422609 0.906312 1.0541e-05
    outer loop
      vertex -28.9244 8.5799 71.7225
      vertex -36.8198 4.8982 81.3
      vertex -28.8405 8.61902 71.9102
    endloop
  endfacet
  facet normal -0.422725 0.906258 -0.000105762
    outer loop
      vertex -28.9853 8.55147 71.5243
      vertex -36.8198 4.8982 81.3
      vertex -28.9244 8.5799 71.7225
    endloop
  endfacet
  facet normal -0.422469 0.906377 0.000143857
    outer loop
      vertex -29.0224 8.53421 71.319
      vertex -36.8198 4.8982 81.3
      vertex -28.9853 8.55147 71.5243
    endloop
  endfacet
  facet normal -0.422611 0.906311 9.08038e-06
    outer loop
      vertex -29.0348 8.52843 71.1102
      vertex -36.8198 4.8982 81.3
      vertex -29.0224 8.53421 71.319
    endloop
  endfacet
  facet normal -0.422632 0.906301 -1.06054e-05
    outer loop
      vertex -29.0224 8.53421 70.9013
      vertex -36.8198 4.8982 81.3
      vertex -29.0348 8.52843 71.1102
    endloop
  endfacet
  facet normal -0.422876 0.906188 -0.000233329
    outer loop
      vertex -28.9853 8.55147 70.696
      vertex -36.8198 4.8982 81.3
      vertex -29.0224 8.53421 70.9013
    endloop
  endfacet
  facet normal -0.422338 0.906438 0.000250749
    outer loop
      vertex -28.9244 8.5799 70.4979
      vertex -36.8198 4.8982 81.3
      vertex -28.9853 8.55147 70.696
    endloop
  endfacet
  facet normal -0.42259 0.906321 0
    outer loop
      vertex -28.9244 8.5799 49.8021
      vertex -28.9244 8.5799 70.4979
      vertex -28.8405 8.61902 70.3102
    endloop
  endfacet
  facet normal -0.422556 0.906337 0
    outer loop
      vertex -28.8405 8.61902 49.9898
      vertex -28.8405 8.61902 70.3102
      vertex -28.7351 8.66816 70.1361
    endloop
  endfacet
  facet normal -0.422571 0.90633 0
    outer loop
      vertex -27.3954 9.29288 69.5238
      vertex -27.5847 9.20462 50.7898
      vertex -27.5847 9.20462 69.5102
    endloop
  endfacet
  facet normal -0.422754 0.906244 0
    outer loop
      vertex -27.5847 9.20462 69.5102
      vertex -27.5847 9.20462 50.7898
      vertex -27.7739 9.11636 69.5238
    endloop
  endfacet
  facet normal -0.422754 0.906244 0
    outer loop
      vertex -27.7739 9.11636 50.7762
      vertex -27.7739 9.11636 69.5238
      vertex -27.5847 9.20462 50.7898
    endloop
  endfacet
  facet normal -0.422499 0.906363 0
    outer loop
      vertex -27.7739 9.11636 69.5238
      vertex -27.7739 9.11636 50.7762
      vertex -27.96 9.02961 69.5647
    endloop
  endfacet
  facet normal -0.422499 0.906363 0
    outer loop
      vertex -27.96 9.02961 50.7353
      vertex -27.96 9.02961 69.5647
      vertex -27.7739 9.11636 50.7762
    endloop
  endfacet
  facet normal -0.422664 0.906286 0
    outer loop
      vertex -27.96 9.02961 69.5647
      vertex -27.96 9.02961 50.7353
      vertex -28.1396 8.94585 69.632
    endloop
  endfacet
  facet normal -0.422664 0.906286 0
    outer loop
      vertex -28.1396 8.94585 50.6681
      vertex -28.1396 8.94585 69.632
      vertex -27.96 9.02961 50.7353
    endloop
  endfacet
  facet normal -0.422667 0.906285 0
    outer loop
      vertex -28.1396 8.94585 69.632
      vertex -28.1396 8.94585 50.6681
      vertex -28.3097 8.86652 69.7245
    endloop
  endfacet
  facet normal -0.422667 0.906285 0
    outer loop
      vertex -28.3097 8.86652 50.5755
      vertex -28.3097 8.86652 69.7245
      vertex -28.1396 8.94585 50.6681
    endloop
  endfacet
  facet normal -0.422634 0.906301 0
    outer loop
      vertex -28.3097 8.86652 69.7245
      vertex -28.3097 8.86652 50.5755
      vertex -28.4674 8.79298 69.8408
    endloop
  endfacet
  facet normal -0.422634 0.906301 0
    outer loop
      vertex -28.4674 8.79298 50.4592
      vertex -28.4674 8.79298 69.8408
      vertex -28.3097 8.86652 50.5755
    endloop
  endfacet
  facet normal -0.422642 0.906297 0
    outer loop
      vertex -28.4674 8.79298 69.8408
      vertex -28.4674 8.79298 50.4592
      vertex -28.61 8.72648 69.9788
    endloop
  endfacet
  facet normal -0.422642 0.906297 0
    outer loop
      vertex -28.61 8.72648 50.3212
      vertex -28.61 8.72648 69.9788
      vertex -28.4674 8.79298 50.4592
    endloop
  endfacet
  facet normal -0.422528 0.90635 0
    outer loop
      vertex -28.61 8.72648 69.9788
      vertex -28.61 8.72648 50.3212
      vertex -28.7351 8.66816 70.1361
    endloop
  endfacet
  facet normal -0.422528 0.90635 0
    outer loop
      vertex -28.7351 8.66816 50.1639
      vertex -28.7351 8.66816 70.1361
      vertex -28.61 8.72648 50.3212
    endloop
  endfacet
  facet normal -0.422556 0.906337 0
    outer loop
      vertex -28.8405 8.61902 49.9898
      vertex -28.7351 8.66816 70.1361
      vertex -28.7351 8.66816 50.1639
    endloop
  endfacet
  facet normal -0.42259 0.906321 0
    outer loop
      vertex -28.8405 8.61902 70.3102
      vertex -28.8405 8.61902 49.9898
      vertex -28.9244 8.5799 49.8021
    endloop
  endfacet
  facet normal -0.42262 0.906307 0
    outer loop
      vertex -28.9244 8.5799 70.4979
      vertex -28.9244 8.5799 49.8021
      vertex -36.8198 4.8982 81.3
    endloop
  endfacet
  facet normal -0.422338 0.906438 -0.000250749
    outer loop
      vertex -36.8198 4.8982 39
      vertex -28.9244 8.5799 49.8021
      vertex -28.9853 8.55147 49.604
    endloop
  endfacet
  facet normal -0.422876 0.906188 0.000233329
    outer loop
      vertex -36.8198 4.8982 39
      vertex -28.9853 8.55147 49.604
      vertex -29.0224 8.53421 49.3987
    endloop
  endfacet
  facet normal -0.422632 0.906301 1.06054e-05
    outer loop
      vertex -36.8198 4.8982 39
      vertex -29.0224 8.53421 49.3987
      vertex -29.0348 8.52843 49.1898
    endloop
  endfacet
  facet normal -0.422611 0.906311 -9.08038e-06
    outer loop
      vertex -36.8198 4.8982 39
      vertex -29.0348 8.52843 49.1898
      vertex -29.0224 8.53421 48.981
    endloop
  endfacet
  facet normal -0.422469 0.906377 -0.000143857
    outer loop
      vertex -36.8198 4.8982 39
      vertex -29.0224 8.53421 48.981
      vertex -28.9853 8.55147 48.7757
    endloop
  endfacet
  facet normal -0.422567 0.906332 -6.9737e-05
    outer loop
      vertex -27.3954 9.29288 47.6035
      vertex -36.8198 4.8982 39
      vertex -27.5847 9.20462 47.5898
    endloop
  endfacet
  facet normal -0.422745 0.906249 0.000163101
    outer loop
      vertex -27.5847 9.20462 47.5898
      vertex -36.8198 4.8982 39
      vertex -27.7739 9.11636 47.6035
    endloop
  endfacet
  facet normal -0.42262 0.906307 0
    outer loop
      vertex -28.9244 8.5799 49.8021
      vertex -36.8198 4.8982 39
      vertex -36.8198 4.8982 81.3
    endloop
  endfacet
  facet normal -0.422725 0.906258 0.000105801
    outer loop
      vertex -28.9244 8.5799 48.5776
      vertex -36.8198 4.8982 39
      vertex -28.9853 8.55147 48.7757
    endloop
  endfacet
  facet normal -0.422609 0.906312 -1.05373e-05
    outer loop
      vertex -28.8405 8.61902 48.3898
      vertex -36.8198 4.8982 39
      vertex -28.9244 8.5799 48.5776
    endloop
  endfacet
  facet normal -0.422593 0.90632 -2.72976e-05
    outer loop
      vertex -28.7351 8.66816 48.2158
      vertex -36.8198 4.8982 39
      vertex -28.8405 8.61902 48.3898
    endloop
  endfacet
  facet normal -0.422576 0.906328 -4.5713e-05
    outer loop
      vertex -28.61 8.72648 48.0585
      vertex -36.8198 4.8982 39
      vertex -28.7351 8.66816 48.2158
    endloop
  endfacet
  facet normal -0.42263 0.906302 1.4567e-05
    outer loop
      vertex -28.4674 8.79298 47.9205
      vertex -36.8198 4.8982 39
      vertex -28.61 8.72648 48.0585
    endloop
  endfacet
  facet normal -0.422627 0.906304 1.09337e-05
    outer loop
      vertex -28.3097 8.86652 47.8042
      vertex -36.8198 4.8982 39
      vertex -28.4674 8.79298 47.9205
    endloop
  endfacet
  facet normal -0.42265 0.906293 3.76696e-05
    outer loop
      vertex -28.1396 8.94585 47.7116
      vertex -36.8198 4.8982 39
      vertex -28.3097 8.86652 47.8042
    endloop
  endfacet
  facet normal -0.422652 0.906292 4.03426e-05
    outer loop
      vertex -27.96 9.02961 47.6444
      vertex -36.8198 4.8982 39
      vertex -28.1396 8.94585 47.7116
    endloop
  endfacet
  facet normal -0.422521 0.906353 -0.000123118
    outer loop
      vertex -27.7739 9.11636 47.6035
      vertex -36.8198 4.8982 39
      vertex -27.96 9.02961 47.6444
    endloop
  endfacet
  facet normal 0.422617 -0.906309 0
    outer loop
      vertex -19.9151 -31.3541 39
      vertex 18.4218 -13.4774 81.3
      vertex -19.9151 -31.3541 81.3
    endloop
  endfacet
  facet normal 0.422617 -0.906309 0
    outer loop
      vertex 18.4218 -13.4774 81.3
      vertex -19.9151 -31.3541 39
      vertex 18.4218 -13.4774 39
    endloop
  endfacet
  facet normal -0.906308 -0.422618 0
    outer loop
      vertex -19.9151 -31.3541 39
      vertex -36.8198 4.8982 81.3
      vertex -36.8198 4.8982 39
    endloop
  endfacet
  facet normal -0.906308 -0.422618 0
    outer loop
      vertex -36.8198 4.8982 81.3
      vertex -19.9151 -31.3541 39
      vertex -19.9151 -31.3541 81.3
    endloop
  endfacet
  facet normal 0 0 -1
    outer loop
      vertex -19.9151 -31.3541 39
      vertex 1.51702 22.775 39
      vertex 18.4218 -13.4774 39
    endloop
  endfacet
  facet normal 0 0 -1
    outer loop
      vertex 1.51702 22.775 39
      vertex -19.9151 -31.3541 39
      vertex -36.8198 4.8982 39
    endloop
  endfacet
  facet normal 0 0 1
    outer loop
      vertex 1.51702 22.775 81.3
      vertex -19.9151 -31.3541 81.3
      vertex 18.4218 -13.4774 81.3
    endloop
  endfacet
  facet normal 0 -0 1
    outer loop
      vertex -19.9151 -31.3541 81.3
      vertex 1.51702 22.775 81.3
      vertex -36.8198 4.8982 81.3
    endloop
  endfacet
  facet normal 0.888877 0.414525 0.195107
    outer loop
      vertex -16.4741 36.4531 62.997
      vertex -15.3744 34.7592 61.5858
      vertex -16.2197 36.5718 61.5858
    endloop
  endfacet
  facet normal 0.888877 0.414525 0.195107
    outer loop
      vertex -15.3744 34.7592 61.5858
      vertex -16.4741 36.4531 62.997
      vertex -15.6288 34.6405 62.997
    endloop
  endfacet
  facet normal 0.50351 0.23481 0.831469
    outer loop
      vertex -20.0348 34.7927 68.8769
      vertex -20.2738 32.4745 69.6763
      vertex -19.1895 32.9801 68.8769
    endloop
  endfacet
  facet normal 0.50351 0.23481 0.831469
    outer loop
      vertex -20.2738 32.4745 69.6763
      vertex -20.0348 34.7927 68.8769
      vertex -21.1191 34.2871 69.6763
    endloop
  endfacet
  facet normal 0.888877 0.414525 -0.195107
    outer loop
      vertex -15.3744 34.7592 58.7142
      vertex -16.4741 36.4531 57.303
      vertex -16.2197 36.5718 58.7142
    endloop
  endfacet
  facet normal 0.888877 0.414525 -0.195107
    outer loop
      vertex -16.4741 36.4531 57.303
      vertex -15.3744 34.7592 58.7142
      vertex -15.6288 34.6405 57.303
    endloop
  endfacet
  facet normal 0.904355 0.421743 -0.0653884
    outer loop
      vertex -15.2891 34.7989 60.15
      vertex -16.2197 36.5718 58.7142
      vertex -16.1344 36.6115 60.15
    endloop
  endfacet
  facet normal 0.904355 0.421743 -0.0653884
    outer loop
      vertex -16.2197 36.5718 58.7142
      vertex -15.2891 34.7989 60.15
      vertex -15.3744 34.7592 58.7142
    endloop
  endfacet
  facet normal -0.176808 -0.082444 -0.980786
    outer loop
      vertex -27.8388 28.9469 49.5248
      vertex -27.405 31.3559 49.2441
      vertex -26.5598 29.5433 49.2441
    endloop
  endfacet
  facet normal -0.176808 -0.082444 -0.980786
    outer loop
      vertex -27.405 31.3559 49.2441
      vertex -27.8388 28.9469 49.5248
      vertex -28.684 30.7595 49.5248
    endloop
  endfacet
  facet normal 0.400838 0.18693 0.896876
    outer loop
      vertex -21.1191 34.2871 69.6763
      vertex -21.4434 31.9291 70.3127
      vertex -20.2738 32.4745 69.6763
    endloop
  endfacet
  facet normal 0.400884 0.186918 0.896858
    outer loop
      vertex -21.4434 31.9291 70.3127
      vertex -21.1191 34.2871 69.6763
      vertex -22.2886 33.7418 70.3127
    endloop
  endfacet
  facet normal 0.858215 0.400226 0.321381
    outer loop
      vertex -16.8932 36.2577 64.3595
      vertex -15.6288 34.6405 62.997
      vertex -16.4741 36.4531 62.997
    endloop
  endfacet
  facet normal 0.858216 0.400179 0.321438
    outer loop
      vertex -15.6288 34.6405 62.997
      vertex -16.8932 36.2577 64.3595
      vertex -16.048 34.4451 64.3595
    endloop
  endfacet
  facet normal -0.75358 -0.351388 -0.555557
    outer loop
      vertex -33.1678 26.462 53.4536
      vertex -34.7375 27.9368 54.65
      vertex -34.013 28.2746 53.4536
    endloop
  endfacet
  facet normal -0.753575 -0.351366 -0.555577
    outer loop
      vertex -34.7375 27.9368 54.65
      vertex -33.1678 26.462 53.4536
      vertex -33.8923 26.1241 54.65
    endloop
  endfacet
  facet normal -0.400838 -0.18693 -0.896876
    outer loop
      vertex -30.2432 27.8257 50.6237
      vertex -29.9189 30.1837 49.9873
      vertex -29.0736 28.3711 49.9873
    endloop
  endfacet
  facet normal -0.400869 -0.186922 -0.896863
    outer loop
      vertex -29.9189 30.1837 49.9873
      vertex -30.2432 27.8257 50.6237
      vertex -31.0884 29.6383 50.6237
    endloop
  endfacet
  facet normal -0.503521 -0.234788 -0.831469
    outer loop
      vertex -31.3275 27.3201 51.4231
      vertex -31.0884 29.6383 50.6237
      vertex -30.2432 27.8257 50.6237
    endloop
  endfacet
  facet normal -0.503521 -0.234788 -0.831469
    outer loop
      vertex -31.0884 29.6383 50.6237
      vertex -31.3275 27.3201 51.4231
      vertex -32.1727 29.1327 51.4231
    endloop
  endfacet
  facet normal -0.858207 -0.400222 0.321408
    outer loop
      vertex -35.7334 27.4723 62.997
      vertex -34.469 25.8552 64.3595
      vertex -35.3143 27.6678 64.3595
    endloop
  endfacet
  facet normal -0.858208 -0.400175 0.321464
    outer loop
      vertex -34.469 25.8552 64.3595
      vertex -35.7334 27.4723 62.997
      vertex -34.8882 25.6597 62.997
    endloop
  endfacet
  facet normal 0.291316 0.135831 0.946935
    outer loop
      vertex -22.2886 33.7418 70.3127
      vertex -22.6783 31.3533 70.7752
      vertex -21.4434 31.9291 70.3127
    endloop
  endfacet
  facet normal 0.291305 0.135833 0.946938
    outer loop
      vertex -22.6783 31.3533 70.7752
      vertex -22.2886 33.7418 70.3127
      vertex -23.5235 33.1659 70.7752
    endloop
  endfacet
  facet normal -0.29133 -0.135845 -0.946928
    outer loop
      vertex -29.0736 28.3711 49.9873
      vertex -28.684 30.7595 49.5248
      vertex -27.8388 28.9469 49.5248
    endloop
  endfacet
  facet normal -0.291307 -0.13585 -0.946935
    outer loop
      vertex -28.684 30.7595 49.5248
      vertex -29.0736 28.3711 49.9873
      vertex -29.9189 30.1837 49.9873
    endloop
  endfacet
  facet normal 0.858212 0.400224 -0.321392
    outer loop
      vertex -15.6288 34.6405 57.303
      vertex -16.8749 36.2662 56
      vertex -16.4741 36.4531 57.303
    endloop
  endfacet
  facet normal 0.858212 0.400177 -0.321451
    outer loop
      vertex -16.8749 36.2662 56
      vertex -15.6288 34.6405 57.303
      vertex -16.0297 34.4536 56
    endloop
  endfacet
  facet normal -0.400838 -0.18693 0.896876
    outer loop
      vertex -29.9189 30.1837 70.3127
      vertex -30.2432 27.8257 69.6763
      vertex -29.0736 28.3711 70.3127
    endloop
  endfacet
  facet normal -0.400869 -0.186922 0.896863
    outer loop
      vertex -30.2432 27.8257 69.6763
      vertex -29.9189 30.1837 70.3127
      vertex -31.0884 29.6383 69.6763
    endloop
  endfacet
  facet normal -0.904357 -0.421744 -0.0653549
    outer loop
      vertex -35.1426 25.5411 58.7142
      vertex -36.0731 27.3139 60.15
      vertex -35.9879 27.3537 58.7142
    endloop
  endfacet
  facet normal -0.904372 -0.421701 -0.0654176
    outer loop
      vertex -36.0731 27.3139 60.15
      vertex -35.1426 25.5411 58.7142
      vertex -35.2279 25.5013 60.15
    endloop
  endfacet
  facet normal -0.858207 -0.400222 -0.321408
    outer loop
      vertex -34.469 25.8552 55.9405
      vertex -35.7334 27.4723 57.303
      vertex -35.3143 27.6678 55.9405
    endloop
  endfacet
  facet normal -0.858208 -0.400175 -0.321464
    outer loop
      vertex -35.7334 27.4723 57.303
      vertex -34.469 25.8552 55.9405
      vertex -34.8882 25.6597 57.303
    endloop
  endfacet
  facet normal 0.0592739 0.0276389 0.997859
    outer loop
      vertex -24.8025 32.5695 71.0559
      vertex -25.2585 30.1501 71.15
      vertex -23.9573 30.7569 71.0559
    endloop
  endfacet
  facet normal 0.0592689 0.0276399 0.997859
    outer loop
      vertex -25.2585 30.1501 71.15
      vertex -24.8025 32.5695 71.0559
      vertex -26.1038 31.9627 71.15
    endloop
  endfacet
  facet normal 0.59758 0.278647 0.751834
    outer loop
      vertex -19.0543 35.2499 67.9282
      vertex -19.1895 32.9801 68.8769
      vertex -18.2091 33.4373 67.9282
    endloop
  endfacet
  facet normal 0.597539 0.27866 0.751861
    outer loop
      vertex -19.1895 32.9801 68.8769
      vertex -19.0543 35.2499 67.9282
      vertex -20.0348 34.7927 68.8769
    endloop
  endfacet
  facet normal 0.904355 0.421743 0.0653884
    outer loop
      vertex -16.2197 36.5718 61.5858
      vertex -15.2891 34.7989 60.15
      vertex -16.1344 36.6115 60.15
    endloop
  endfacet
  facet normal 0.904355 0.421743 0.0653884
    outer loop
      vertex -15.2891 34.7989 60.15
      vertex -16.2197 36.5718 61.5858
      vertex -15.3744 34.7592 61.5858
    endloop
  endfacet
  facet normal 0.681402 0.317732 0.659346
    outer loop
      vertex -19.0543 35.2499 67.9282
      vertex -17.3493 33.8383 66.8464
      vertex -18.1945 35.6509 66.8464
    endloop
  endfacet
  facet normal 0.681402 0.317732 0.659346
    outer loop
      vertex -17.3493 33.8383 66.8464
      vertex -19.0543 35.2499 67.9282
      vertex -18.2091 33.4373 67.9282
    endloop
  endfacet
  facet normal -0.0592689 -0.0276399 0.997859
    outer loop
      vertex -26.1038 31.9627 71.15
      vertex -26.5598 29.5433 71.0559
      vertex -25.2585 30.1501 71.15
    endloop
  endfacet
  facet normal -0.0592739 -0.0276389 0.997859
    outer loop
      vertex -26.5598 29.5433 71.0559
      vertex -26.1038 31.9627 71.15
      vertex -27.405 31.3559 71.0559
    endloop
  endfacet
  facet normal -0.0592689 -0.0276399 -0.997859
    outer loop
      vertex -26.5598 29.5433 49.2441
      vertex -26.1038 31.9627 49.15
      vertex -25.2585 30.1501 49.15
    endloop
  endfacet
  facet normal -0.0592739 -0.0276389 -0.997859
    outer loop
      vertex -26.1038 31.9627 49.15
      vertex -26.5598 29.5433 49.2441
      vertex -27.405 31.3559 49.2441
    endloop
  endfacet
  facet normal -0.75358 -0.351388 0.555557
    outer loop
      vertex -34.7375 27.9368 65.65
      vertex -33.1678 26.462 66.8464
      vertex -34.013 28.2746 66.8464
    endloop
  endfacet
  facet normal -0.753575 -0.351366 0.555577
    outer loop
      vertex -33.1678 26.462 66.8464
      vertex -34.7375 27.9368 65.65
      vertex -33.8923 26.1241 65.65
    endloop
  endfacet
  facet normal 0.176808 0.082444 0.980786
    outer loop
      vertex -23.5235 33.1659 70.7752
      vertex -23.9573 30.7569 71.0559
      vertex -22.6783 31.3533 70.7752
    endloop
  endfacet
  facet normal 0.176808 0.082444 0.980786
    outer loop
      vertex -23.9573 30.7569 71.0559
      vertex -23.5235 33.1659 70.7752
      vertex -24.8025 32.5695 71.0559
    endloop
  endfacet
  facet normal -0.681401 -0.317769 -0.659329
    outer loop
      vertex -32.3079 26.8629 52.3718
      vertex -34.013 28.2746 53.4536
      vertex -33.1532 28.6755 52.3718
    endloop
  endfacet
  facet normal -0.681387 -0.317725 -0.659365
    outer loop
      vertex -34.013 28.2746 53.4536
      vertex -32.3079 26.8629 52.3718
      vertex -33.1678 26.462 53.4536
    endloop
  endfacet
  facet normal 0.812838 0.37902 0.44231
    outer loop
      vertex -17.47 35.9887 65.65
      vertex -16.048 34.4451 64.3595
      vertex -16.8932 36.2577 64.3595
    endloop
  endfacet
  facet normal 0.812838 0.37902 0.44231
    outer loop
      vertex -16.048 34.4451 64.3595
      vertex -17.47 35.9887 65.65
      vertex -16.6248 34.1761 65.65
    endloop
  endfacet
  facet normal -0.812846 -0.379002 0.44231
    outer loop
      vertex -35.3143 27.6678 64.3595
      vertex -33.8923 26.1241 65.65
      vertex -34.7375 27.9368 65.65
    endloop
  endfacet
  facet normal -0.812854 -0.379072 0.442236
    outer loop
      vertex -33.8923 26.1241 65.65
      vertex -35.3143 27.6678 64.3595
      vertex -34.469 25.8552 64.3595
    endloop
  endfacet
  facet normal 0.75358 0.351388 0.555557
    outer loop
      vertex -18.1945 35.6509 66.8464
      vertex -16.6248 34.1761 65.65
      vertex -17.47 35.9887 65.65
    endloop
  endfacet
  facet normal 0.75358 0.351388 0.555557
    outer loop
      vertex -16.6248 34.1761 65.65
      vertex -18.1945 35.6509 66.8464
      vertex -17.3493 33.8383 66.8464
    endloop
  endfacet
  facet normal 0.422615 -0.906309 0
    outer loop
      vertex -25.2585 30.1501 56
      vertex -25.2585 30.1501 71.15
      vertex -26.5598 29.5433 71.0559
    endloop
  endfacet
  facet normal 0.422614 -0.90631 -8.68353e-08
    outer loop
      vertex -25.2585 30.1501 56
      vertex -26.5598 29.5433 71.0559
      vertex -27.8388 28.9469 70.7752
    endloop
  endfacet
  facet normal 0.422641 -0.906297 0
    outer loop
      vertex -25.2585 30.1501 71.15
      vertex -25.2585 30.1501 56
      vertex -23.9573 30.7569 71.0559
    endloop
  endfacet
  facet normal 0.42262 -0.906307 1.18337e-06
    outer loop
      vertex -25.2585 30.1501 56
      vertex -27.8388 28.9469 70.7752
      vertex -29.0736 28.3711 70.3127
    endloop
  endfacet
  facet normal 0.422614 -0.90631 2.84155e-06
    outer loop
      vertex -23.9573 30.7569 71.0559
      vertex -25.2585 30.1501 56
      vertex -22.6783 31.3533 70.7752
    endloop
  endfacet
  facet normal 0.422622 -0.906306 1.75606e-06
    outer loop
      vertex -25.2585 30.1501 56
      vertex -29.0736 28.3711 70.3127
      vertex -30.2432 27.8257 69.6763
    endloop
  endfacet
  facet normal 0.422594 -0.906319 7.11097e-06
    outer loop
      vertex -22.6783 31.3533 70.7752
      vertex -25.2585 30.1501 56
      vertex -21.4434 31.9291 70.3127
    endloop
  endfacet
  facet normal 0.422609 -0.906312 -3.97903e-06
    outer loop
      vertex -25.2585 30.1501 56
      vertex -30.2432 27.8257 69.6763
      vertex -31.3275 27.3201 68.8769
    endloop
  endfacet
  facet normal 0.422622 -0.906306 -1.75606e-06
    outer loop
      vertex -21.4434 31.9291 70.3127
      vertex -25.2585 30.1501 56
      vertex -20.2738 32.4745 69.6763
    endloop
  endfacet
  facet normal 0.422634 -0.9063 1.05903e-05
    outer loop
      vertex -25.2585 30.1501 56
      vertex -31.3275 27.3201 68.8769
      vertex -32.3079 26.8629 67.9282
    endloop
  endfacet
  facet normal 0.422609 -0.906312 3.97903e-06
    outer loop
      vertex -20.2738 32.4745 69.6763
      vertex -25.2585 30.1501 56
      vertex -19.1895 32.9801 68.8769
    endloop
  endfacet
  facet normal 0.42258 -0.906326 -2.83213e-05
    outer loop
      vertex -25.2585 30.1501 56
      vertex -32.3079 26.8629 67.9282
      vertex -33.1678 26.462 66.8464
    endloop
  endfacet
  facet normal 0.422634 -0.9063 -1.05903e-05
    outer loop
      vertex -19.1895 32.9801 68.8769
      vertex -25.2585 30.1501 56
      vertex -18.2091 33.4373 67.9282
    endloop
  endfacet
  facet normal 0.422643 -0.906296 2.74187e-05
    outer loop
      vertex -25.2585 30.1501 56
      vertex -33.1678 26.462 66.8464
      vertex -33.8923 26.1241 65.65
    endloop
  endfacet
  facet normal 0.422653 -0.906292 -2.40659e-05
    outer loop
      vertex -18.2091 33.4373 67.9282
      vertex -25.2585 30.1501 56
      vertex -17.3493 33.8383 66.8464
    endloop
  endfacet
  facet normal 0.422609 -0.906312 -8.9714e-06
    outer loop
      vertex -25.2585 30.1501 56
      vertex -33.8923 26.1241 65.65
      vertex -34.469 25.8552 64.3595
    endloop
  endfacet
  facet normal 0.422604 -0.906315 1.95246e-05
    outer loop
      vertex -17.3493 33.8383 66.8464
      vertex -25.2585 30.1501 56
      vertex -16.6248 34.1761 65.65
    endloop
  endfacet
  facet normal 0.422626 -0.906304 1.30224e-05
    outer loop
      vertex -25.2585 30.1501 56
      vertex -34.469 25.8552 64.3595
      vertex -34.8882 25.6597 62.997
    endloop
  endfacet
  facet normal 0.422635 -0.9063 -1.45645e-05
    outer loop
      vertex -16.6248 34.1761 65.65
      vertex -25.2585 30.1501 56
      vertex -16.048 34.4451 64.3595
    endloop
  endfacet
  facet normal 0.422608 -0.906312 -1.62363e-05
    outer loop
      vertex -25.2585 30.1501 56
      vertex -34.8882 25.6597 62.997
      vertex -35.1426 25.5411 61.5858
    endloop
  endfacet
  facet normal 0.422593 -0.906319 4.13426e-05
    outer loop
      vertex -16.048 34.4451 64.3595
      vertex -25.2585 30.1501 56
      vertex -15.6288 34.6405 62.997
    endloop
  endfacet
  facet normal 0.422623 -0.906306 1.47969e-05
    outer loop
      vertex -25.2585 30.1501 56
      vertex -35.1426 25.5411 61.5858
      vertex -35.2279 25.5013 60.15
    endloop
  endfacet
  facet normal 0.422642 -0.906297 -4.05477e-05
    outer loop
      vertex -15.6288 34.6405 62.997
      vertex -25.2585 30.1501 56
      vertex -15.3744 34.7592 61.5858
    endloop
  endfacet
  facet normal 0.422612 -0.906311 -1.55474e-05
    outer loop
      vertex -25.2585 30.1501 56
      vertex -35.2279 25.5013 60.15
      vertex -35.1426 25.5411 58.7142
    endloop
  endfacet
  facet normal 0.422602 -0.906316 4.68022e-05
    outer loop
      vertex -15.3744 34.7592 61.5858
      vertex -25.2585 30.1501 56
      vertex -15.2891 34.7989 60.15
    endloop
  endfacet
  facet normal 0.42262 -0.906307 1.88221e-05
    outer loop
      vertex -25.2585 30.1501 56
      vertex -35.1426 25.5411 58.7142
      vertex -34.8882 25.6597 57.303
    endloop
  endfacet
  facet normal 0.422635 -0.9063 -4.9175e-05
    outer loop
      vertex -15.2891 34.7989 60.15
      vertex -25.2585 30.1501 56
      vertex -15.3744 34.7592 58.7142
    endloop
  endfacet
  facet normal 0.422613 -0.90631 4.70062e-05
    outer loop
      vertex -15.3744 34.7592 58.7142
      vertex -25.2585 30.1501 56
      vertex -15.6288 34.6405 57.303
    endloop
  endfacet
  facet normal 0.422616 -0.906309 -1.66259e-05
    outer loop
      vertex -34.469 25.8552 55.9405
      vertex -25.2585 30.1501 56
      vertex -34.8882 25.6597 57.303
    endloop
  endfacet
  facet normal 0.422616 -0.906309 1.25738e-05
    outer loop
      vertex -33.8923 26.1241 54.65
      vertex -25.2585 30.1501 56
      vertex -34.469 25.8552 55.9405
    endloop
  endfacet
  facet normal 0.422623 -0.906306 -4.20004e-05
    outer loop
      vertex -33.1678 26.462 53.4536
      vertex -25.2585 30.1501 56
      vertex -33.8923 26.1241 54.65
    endloop
  endfacet
  facet normal 0.422599 -0.906317 4.71311e-05
    outer loop
      vertex -32.3079 26.8629 52.3718
      vertex -25.2585 30.1501 56
      vertex -33.1678 26.462 53.4536
    endloop
  endfacet
  facet normal 0.422627 -0.906304 -1.90021e-05
    outer loop
      vertex -31.3275 27.3201 51.4231
      vertex -25.2585 30.1501 56
      vertex -32.3079 26.8629 52.3718
    endloop
  endfacet
  facet normal 0.422611 -0.906311 7.62779e-06
    outer loop
      vertex -30.2432 27.8257 50.6237
      vertex -25.2585 30.1501 56
      vertex -31.3275 27.3201 51.4231
    endloop
  endfacet
  facet normal 0.422621 -0.906307 -3.55802e-06
    outer loop
      vertex -29.0736 28.3711 49.9873
      vertex -25.2585 30.1501 56
      vertex -30.2432 27.8257 50.6237
    endloop
  endfacet
  facet normal 0.422619 -0.906307 -2.50323e-06
    outer loop
      vertex -27.8388 28.9469 49.5248
      vertex -25.2585 30.1501 56
      vertex -29.0736 28.3711 49.9873
    endloop
  endfacet
  facet normal 0.422614 -0.90631 1.8919e-07
    outer loop
      vertex -26.5598 29.5433 49.2441
      vertex -25.2585 30.1501 56
      vertex -27.8388 28.9469 49.5248
    endloop
  endfacet
  facet normal 0.422615 -0.906309 0
    outer loop
      vertex -25.2585 30.1501 56
      vertex -26.5598 29.5433 49.2441
      vertex -25.2585 30.1501 49.15
    endloop
  endfacet
  facet normal 0.422621 -0.906306 -3.09332e-05
    outer loop
      vertex -15.6288 34.6405 57.303
      vertex -25.2585 30.1501 56
      vertex -16.0297 34.4536 56
    endloop
  endfacet
  facet normal -0.681401 -0.317769 0.659329
    outer loop
      vertex -34.013 28.2746 66.8464
      vertex -32.3079 26.8629 67.9282
      vertex -33.1532 28.6755 67.9282
    endloop
  endfacet
  facet normal -0.681387 -0.317725 0.659365
    outer loop
      vertex -32.3079 26.8629 67.9282
      vertex -34.013 28.2746 66.8464
      vertex -33.1678 26.462 66.8464
    endloop
  endfacet
  facet normal -0.59758 -0.278647 -0.751834
    outer loop
      vertex -32.3079 26.8629 52.3718
      vertex -32.1727 29.1327 51.4231
      vertex -31.3275 27.3201 51.4231
    endloop
  endfacet
  facet normal -0.597539 -0.27866 -0.751861
    outer loop
      vertex -32.1727 29.1327 51.4231
      vertex -32.3079 26.8629 52.3718
      vertex -33.1532 28.6755 52.3718
    endloop
  endfacet
  facet normal -0.88889 -0.414482 0.195139
    outer loop
      vertex -35.9879 27.3537 61.5858
      vertex -34.8882 25.6597 62.997
      vertex -35.7334 27.4723 62.997
    endloop
  endfacet
  facet normal -0.888882 -0.414527 0.195078
    outer loop
      vertex -34.8882 25.6597 62.997
      vertex -35.9879 27.3537 61.5858
      vertex -35.1426 25.5411 61.5858
    endloop
  endfacet
  facet normal -0.88889 -0.414482 -0.195139
    outer loop
      vertex -34.8882 25.6597 57.303
      vertex -35.9879 27.3537 58.7142
      vertex -35.7334 27.4723 57.303
    endloop
  endfacet
  facet normal -0.888882 -0.414527 -0.195078
    outer loop
      vertex -35.9879 27.3537 58.7142
      vertex -34.8882 25.6597 57.303
      vertex -35.1426 25.5411 58.7142
    endloop
  endfacet
  facet normal -0.59758 -0.278647 0.751834
    outer loop
      vertex -32.1727 29.1327 68.8769
      vertex -32.3079 26.8629 67.9282
      vertex -31.3275 27.3201 68.8769
    endloop
  endfacet
  facet normal -0.597539 -0.27866 0.751861
    outer loop
      vertex -32.3079 26.8629 67.9282
      vertex -32.1727 29.1327 68.8769
      vertex -33.1532 28.6755 67.9282
    endloop
  endfacet
  facet normal -0.812846 -0.379002 -0.44231
    outer loop
      vertex -33.8923 26.1241 54.65
      vertex -35.3143 27.6678 55.9405
      vertex -34.7375 27.9368 54.65
    endloop
  endfacet
  facet normal -0.812854 -0.379072 -0.442236
    outer loop
      vertex -35.3143 27.6678 55.9405
      vertex -33.8923 26.1241 54.65
      vertex -34.469 25.8552 55.9405
    endloop
  endfacet
  facet normal -0.29133 -0.135845 0.946928
    outer loop
      vertex -28.684 30.7595 70.7752
      vertex -29.0736 28.3711 70.3127
      vertex -27.8388 28.9469 70.7752
    endloop
  endfacet
  facet normal -0.291307 -0.13585 0.946935
    outer loop
      vertex -29.0736 28.3711 70.3127
      vertex -28.684 30.7595 70.7752
      vertex -29.9189 30.1837 70.3127
    endloop
  endfacet
  facet normal -0.904357 -0.421744 0.0653549
    outer loop
      vertex -36.0731 27.3139 60.15
      vertex -35.1426 25.5411 61.5858
      vertex -35.9879 27.3537 61.5858
    endloop
  endfacet
  facet normal -0.904372 -0.421701 0.0654176
    outer loop
      vertex -35.1426 25.5411 61.5858
      vertex -36.0731 27.3139 60.15
      vertex -35.2279 25.5013 60.15
    endloop
  endfacet
  facet normal -0.176808 -0.082444 0.980786
    outer loop
      vertex -27.405 31.3559 71.0559
      vertex -27.8388 28.9469 70.7752
      vertex -26.5598 29.5433 71.0559
    endloop
  endfacet
  facet normal -0.176808 -0.082444 0.980786
    outer loop
      vertex -27.8388 28.9469 70.7752
      vertex -27.405 31.3559 71.0559
      vertex -28.684 30.7595 70.7752
    endloop
  endfacet
  facet normal -0.503521 -0.234788 0.831469
    outer loop
      vertex -31.0884 29.6383 69.6763
      vertex -31.3275 27.3201 68.8769
      vertex -30.2432 27.8257 69.6763
    endloop
  endfacet
  facet normal -0.503521 -0.234788 0.831469
    outer loop
      vertex -31.3275 27.3201 68.8769
      vertex -31.0884 29.6383 69.6763
      vertex -32.1727 29.1327 68.8769
    endloop
  endfacet
  facet normal 0.88891 0.414445 -0.195127
    outer loop
      vertex -14.7328 37.2651 48.981
      vertex -14.9811 37.701 48.7757
      vertex -14.9441 37.7183 48.981
    endloop
  endfacet
  facet normal 0.88891 0.414445 -0.195127
    outer loop
      vertex -14.9811 37.701 48.7757
      vertex -14.7328 37.2651 48.981
      vertex -14.7698 37.2478 48.7757
    endloop
  endfacet
  facet normal 0.888888 0.414491 -0.195127
    outer loop
      vertex -6.28043 19.1389 48.981
      vertex -13.5019 34.5289 48.7757
      vertex -13.4649 34.5462 48.981
    endloop
  endfacet
  facet normal 0.888922 0.41451 -0.194933
    outer loop
      vertex -13.5019 34.5289 48.7757
      vertex -6.28043 19.1389 48.981
      vertex -6.31743 19.1217 48.7757
    endloop
  endfacet
  facet normal 0.904366 0.421745 -0.0652207
    outer loop
      vertex -14.7204 37.2709 49.1898
      vertex -14.9441 37.7183 48.981
      vertex -14.9317 37.724 49.1898
    endloop
  endfacet
  facet normal 0.90439 0.421663 -0.0654218
    outer loop
      vertex -14.9441 37.7183 48.981
      vertex -14.7204 37.2709 49.1898
      vertex -14.7328 37.2651 48.981
    endloop
  endfacet
  facet normal 0.904368 0.42171 -0.0654218
    outer loop
      vertex -6.26802 19.1447 49.1898
      vertex -13.4649 34.5462 48.981
      vertex -13.4525 34.552 49.1898
    endloop
  endfacet
  facet normal 0.904365 0.421708 -0.0654649
    outer loop
      vertex -13.4649 34.5462 48.981
      vertex -6.26802 19.1447 49.1898
      vertex -6.28043 19.1389 48.981
    endloop
  endfacet
  facet normal 0.858178 0.400117 -0.321616
    outer loop
      vertex -14.7698 37.2478 48.7757
      vertex -15.0421 37.6726 48.5776
      vertex -14.9811 37.701 48.7757
    endloop
  endfacet
  facet normal 0.858178 0.400117 -0.321616
    outer loop
      vertex -15.0421 37.6726 48.5776
      vertex -14.7698 37.2478 48.7757
      vertex -14.8308 37.2194 48.5776
    endloop
  endfacet
  facet normal 0.858156 0.400163 -0.321616
    outer loop
      vertex -6.31743 19.1217 48.7757
      vertex -13.5629 34.5005 48.5776
      vertex -13.5019 34.5289 48.7757
    endloop
  endfacet
  facet normal 0.858192 0.400182 -0.3215
    outer loop
      vertex -13.5629 34.5005 48.5776
      vertex -6.31743 19.1217 48.7757
      vertex -6.3784 19.0933 48.5776
    endloop
  endfacet
  facet normal 0.753533 0.351405 -0.555611
    outer loop
      vertex -14.9147 37.1803 48.3898
      vertex -15.2314 37.5843 48.2158
      vertex -15.126 37.6334 48.3898
    endloop
  endfacet
  facet normal 0.75365 0.351626 -0.555311
    outer loop
      vertex -15.2314 37.5843 48.2158
      vertex -14.9147 37.1803 48.3898
      vertex -15.02 37.1312 48.2158
    endloop
  endfacet
  facet normal 0.753459 0.351342 -0.55575
    outer loop
      vertex -6.4623 19.0541 48.3898
      vertex -13.7522 34.4122 48.2158
      vertex -13.6468 34.4614 48.3898
    endloop
  endfacet
  facet normal 0.753579 0.351401 -0.555551
    outer loop
      vertex -13.7522 34.4122 48.2158
      vertex -6.4623 19.0541 48.3898
      vertex -6.56768 19.005 48.2158
    endloop
  endfacet
  facet normal -0.177151 -0.082595 0.980712
    outer loop
      vertex -16.5711 36.9596 50.7762
      vertex -16.5458 36.4197 50.7353
      vertex -16.3598 36.5064 50.7762
    endloop
  endfacet
  facet normal -0.177109 -0.0825936 0.980719
    outer loop
      vertex -16.5458 36.4197 50.7353
      vertex -16.5711 36.9596 50.7762
      vertex -16.7571 36.8728 50.7353
    endloop
  endfacet
  facet normal -0.177081 -0.0825746 0.980726
    outer loop
      vertex -15.0919 33.7875 50.7762
      vertex -8.09343 18.2935 50.7353
      vertex -7.90739 18.3803 50.7762
    endloop
  endfacet
  facet normal -0.177147 -0.0826041 0.980712
    outer loop
      vertex -8.09343 18.2935 50.7353
      vertex -15.0919 33.7875 50.7762
      vertex -15.2779 33.7008 50.7353
    endloop
  endfacet
  facet normal 0.681377 0.317906 -0.659288
    outer loop
      vertex -15.02 37.1312 48.2158
      vertex -15.3564 37.526 48.0585
      vertex -15.2314 37.5843 48.2158
    endloop
  endfacet
  facet normal 0.681176 0.317592 -0.659647
    outer loop
      vertex -15.3564 37.526 48.0585
      vertex -15.02 37.1312 48.2158
      vertex -15.1451 37.0728 48.0585
    endloop
  endfacet
  facet normal 0.681249 0.317673 -0.659533
    outer loop
      vertex -6.56768 19.005 48.2158
      vertex -13.8773 34.3539 48.0585
      vertex -13.7522 34.4122 48.2158
    endloop
  endfacet
  facet normal 0.681307 0.317701 -0.65946
    outer loop
      vertex -13.8773 34.3539 48.0585
      vertex -6.56768 19.005 48.2158
      vertex -6.69275 18.9467 48.0585
    endloop
  endfacet
  facet normal 0.904368 0.421746 0.0651896
    outer loop
      vertex -14.9441 37.7183 49.3987
      vertex -14.7204 37.2709 49.1898
      vertex -14.9317 37.724 49.1898
    endloop
  endfacet
  facet normal 0.904391 0.421664 0.0653906
    outer loop
      vertex -14.7204 37.2709 49.1898
      vertex -14.9441 37.7183 49.3987
      vertex -14.7328 37.2651 49.3987
    endloop
  endfacet
  facet normal 0.904369 0.421711 0.0653906
    outer loop
      vertex -13.4649 34.5462 49.3987
      vertex -6.26802 19.1447 49.1898
      vertex -13.4525 34.552 49.1898
    endloop
  endfacet
  facet normal 0.904367 0.421709 0.0654337
    outer loop
      vertex -6.26802 19.1447 49.1898
      vertex -13.4649 34.5462 49.3987
      vertex -6.28043 19.1389 49.3987
    endloop
  endfacet
  facet normal 0.812876 0.378995 -0.442262
    outer loop
      vertex -14.8308 37.2194 48.5776
      vertex -15.126 37.6334 48.3898
      vertex -15.0421 37.6726 48.5776
    endloop
  endfacet
  facet normal 0.812916 0.379098 -0.4421
    outer loop
      vertex -15.126 37.6334 48.3898
      vertex -14.8308 37.2194 48.5776
      vertex -14.9147 37.1803 48.3898
    endloop
  endfacet
  facet normal 0.812927 0.379074 -0.4421
    outer loop
      vertex -6.3784 19.0933 48.5776
      vertex -13.6468 34.4614 48.3898
      vertex -13.5629 34.5005 48.5776
    endloop
  endfacet
  facet normal 0.812855 0.379038 -0.442262
    outer loop
      vertex -13.6468 34.4614 48.3898
      vertex -6.3784 19.0933 48.5776
      vertex -6.4623 19.0541 48.3898
    endloop
  endfacet
  facet normal -0.177151 -0.082595 -0.980712
    outer loop
      vertex -16.5458 36.4197 47.6444
      vertex -16.5711 36.9596 47.6035
      vertex -16.3598 36.5064 47.6035
    endloop
  endfacet
  facet normal -0.177109 -0.0825936 -0.980719
    outer loop
      vertex -16.5711 36.9596 47.6035
      vertex -16.5458 36.4197 47.6444
      vertex -16.7571 36.8728 47.6444
    endloop
  endfacet
  facet normal -0.177081 -0.0825746 -0.980726
    outer loop
      vertex -8.09343 18.2935 47.6444
      vertex -15.0919 33.7875 47.6035
      vertex -7.90739 18.3803 47.6035
    endloop
  endfacet
  facet normal -0.177147 -0.0826041 -0.980712
    outer loop
      vertex -15.0919 33.7875 47.6035
      vertex -8.09343 18.2935 47.6444
      vertex -15.2779 33.7008 47.6444
    endloop
  endfacet
  facet normal -0.681435 -0.317782 0.659288
    outer loop
      vertex -17.5322 36.5114 50.1639
      vertex -17.1959 36.1166 50.3212
      vertex -17.4072 36.5697 50.3212
    endloop
  endfacet
  facet normal -0.681371 -0.317682 0.659402
    outer loop
      vertex -17.1959 36.1166 50.3212
      vertex -17.5322 36.5114 50.1639
      vertex -17.3209 36.0582 50.1639
    endloop
  endfacet
  facet normal -0.681249 -0.317672 0.659533
    outer loop
      vertex -16.0531 33.3393 50.1639
      vertex -8.74349 17.9904 50.3212
      vertex -15.928 33.3976 50.3212
    endloop
  endfacet
  facet normal -0.681326 -0.31771 0.659435
    outer loop
      vertex -8.74349 17.9904 50.3212
      vertex -16.0531 33.3393 50.1639
      vertex -8.86855 17.9321 50.1639
    endloop
  endfacet
  facet normal -0.904366 -0.421745 -0.0652207
    outer loop
      vertex -17.6082 35.9243 48.981
      vertex -17.8319 36.3717 49.1898
      vertex -17.8195 36.3774 48.981
    endloop
  endfacet
  facet normal -0.90439 -0.421663 -0.0654218
    outer loop
      vertex -17.8319 36.3717 49.1898
      vertex -17.6082 35.9243 48.981
      vertex -17.6206 35.9185 49.1898
    endloop
  endfacet
  facet normal -0.904367 -0.421711 -0.0654218
    outer loop
      vertex -9.1558 17.7981 48.981
      vertex -16.3527 33.1996 49.1898
      vertex -16.3403 33.2054 48.981
    endloop
  endfacet
  facet normal -0.904376 -0.421717 -0.0652638
    outer loop
      vertex -16.3527 33.1996 49.1898
      vertex -9.1558 17.7981 48.981
      vertex -9.16821 17.7924 49.1898
    endloop
  endfacet
  facet normal -0.904368 -0.421746 0.0651896
    outer loop
      vertex -17.8319 36.3717 49.1898
      vertex -17.6082 35.9243 49.3987
      vertex -17.8195 36.3774 49.3987
    endloop
  endfacet
  facet normal -0.904391 -0.421664 0.0653906
    outer loop
      vertex -17.6082 35.9243 49.3987
      vertex -17.8319 36.3717 49.1898
      vertex -17.6206 35.9185 49.1898
    endloop
  endfacet
  facet normal -0.904369 -0.421712 0.0653906
    outer loop
      vertex -16.3527 33.1996 49.1898
      vertex -9.1558 17.7981 49.3987
      vertex -16.3403 33.2054 49.3987
    endloop
  endfacet
  facet normal -0.904378 -0.421718 0.0652327
    outer loop
      vertex -9.1558 17.7981 49.3987
      vertex -16.3527 33.1996 49.1898
      vertex -9.16821 17.7924 49.1898
    endloop
  endfacet
  facet normal 0.858178 0.400117 0.321616
    outer loop
      vertex -15.0421 37.6726 49.8021
      vertex -14.7698 37.2478 49.604
      vertex -14.9811 37.701 49.604
    endloop
  endfacet
  facet normal 0.858178 0.400117 0.321616
    outer loop
      vertex -14.7698 37.2478 49.604
      vertex -15.0421 37.6726 49.8021
      vertex -14.8308 37.2194 49.8021
    endloop
  endfacet
  facet normal 0.858156 0.400163 0.321616
    outer loop
      vertex -13.5629 34.5005 49.8021
      vertex -6.31743 19.1217 49.604
      vertex -13.5019 34.5289 49.604
    endloop
  endfacet
  facet normal 0.858192 0.400182 0.3215
    outer loop
      vertex -6.31743 19.1217 49.604
      vertex -13.5629 34.5005 49.8021
      vertex -6.3784 19.0933 49.8021
    endloop
  endfacet
  facet normal 0.291025 0.135717 0.94704
    outer loop
      vertex -15.8269 37.3066 50.6681
      vertex -15.7952 36.7697 50.7353
      vertex -15.6156 36.8535 50.6681
    endloop
  endfacet
  facet normal 0.291092 0.135719 0.94702
    outer loop
      vertex -15.7952 36.7697 50.7353
      vertex -15.8269 37.3066 50.6681
      vertex -16.0065 37.2229 50.7353
    endloop
  endfacet
  facet normal 0.291072 0.135729 0.947024
    outer loop
      vertex -14.3477 34.1345 50.6681
      vertex -7.3428 18.6436 50.7353
      vertex -7.16319 18.7273 50.6681
    endloop
  endfacet
  facet normal 0.291084 0.135735 0.94702
    outer loop
      vertex -7.3428 18.6436 50.7353
      vertex -14.3477 34.1345 50.6681
      vertex -14.5273 34.0508 50.7353
    endloop
  endfacet
  facet normal 0.0588831 0.0274597 0.997887
    outer loop
      vertex -16.1925 37.1361 50.7762
      vertex -16.1705 36.5947 50.7898
      vertex -15.9812 36.683 50.7762
    endloop
  endfacet
  facet normal 0.0588973 0.0274603 0.997886
    outer loop
      vertex -16.1705 36.5947 50.7898
      vertex -16.1925 37.1361 50.7762
      vertex -16.3818 37.0479 50.7898
    endloop
  endfacet
  facet normal 0.0588889 0.0274606 0.997887
    outer loop
      vertex -14.7134 33.964 50.7762
      vertex -7.71812 18.4685 50.7898
      vertex -7.52884 18.5568 50.7762
    endloop
  endfacet
  facet normal 0.0589213 0.0274752 0.997884
    outer loop
      vertex -7.71812 18.4685 50.7898
      vertex -14.7134 33.964 50.7762
      vertex -14.9026 33.8758 50.7898
    endloop
  endfacet
  facet normal 0.503667 0.23483 -0.831369
    outer loop
      vertex -15.4454 36.9328 47.8042
      vertex -15.499 37.4595 47.9205
      vertex -15.2877 37.0063 47.9205
    endloop
  endfacet
  facet normal 0.503562 0.234833 -0.831432
    outer loop
      vertex -15.499 37.4595 47.9205
      vertex -15.4454 36.9328 47.8042
      vertex -15.6567 37.3859 47.8042
    endloop
  endfacet
  facet normal 0.503551 0.234811 -0.831445
    outer loop
      vertex -6.99307 18.8066 47.8042
      vertex -14.0199 34.2874 47.9205
      vertex -6.83536 18.8802 47.9205
    endloop
  endfacet
  facet normal 0.503654 0.234857 -0.831369
    outer loop
      vertex -14.0199 34.2874 47.9205
      vertex -6.99307 18.8066 47.8042
      vertex -14.1776 34.2139 47.8042
    endloop
  endfacet
  facet normal -0.812791 -0.378956 0.442452
    outer loop
      vertex -17.7215 36.4231 49.8021
      vertex -17.4263 36.0091 49.9898
      vertex -17.6376 36.4623 49.9898
    endloop
  endfacet
  facet normal -0.812831 -0.379058 0.442289
    outer loop
      vertex -17.4263 36.0091 49.9898
      vertex -17.7215 36.4231 49.8021
      vertex -17.5102 35.97 49.8021
    endloop
  endfacet
  facet normal -0.812844 -0.379032 0.442289
    outer loop
      vertex -16.2423 33.2511 49.8021
      vertex -8.97393 17.8829 49.9898
      vertex -16.1584 33.2902 49.9898
    endloop
  endfacet
  facet normal -0.812844 -0.379032 0.442289
    outer loop
      vertex -8.97393 17.8829 49.9898
      vertex -16.2423 33.2511 49.8021
      vertex -9.05783 17.8438 49.8021
    endloop
  endfacet
  facet normal 0.753666 0.351467 0.55539
    outer loop
      vertex -15.2314 37.5843 50.1639
      vertex -14.9147 37.1803 49.9898
      vertex -15.126 37.6334 49.9898
    endloop
  endfacet
  facet normal 0.753784 0.351688 0.555091
    outer loop
      vertex -14.9147 37.1803 49.9898
      vertex -15.2314 37.5843 50.1639
      vertex -15.02 37.1312 50.1639
    endloop
  endfacet
  facet normal 0.753593 0.351404 0.55553
    outer loop
      vertex -13.7522 34.4122 50.1639
      vertex -6.4623 19.0541 49.9898
      vertex -13.6468 34.4614 49.9898
    endloop
  endfacet
  facet normal 0.753712 0.351463 0.55533
    outer loop
      vertex -6.4623 19.0541 49.9898
      vertex -13.7522 34.4122 50.1639
      vertex -6.56768 19.005 50.1639
    endloop
  endfacet
  facet normal 0.400856 0.186937 -0.896866
    outer loop
      vertex -15.6156 36.8535 47.7116
      vertex -15.6567 37.3859 47.8042
      vertex -15.4454 36.9328 47.8042
    endloop
  endfacet
  facet normal 0.400856 0.186937 -0.896866
    outer loop
      vertex -15.6567 37.3859 47.8042
      vertex -15.6156 36.8535 47.7116
      vertex -15.8269 37.3066 47.7116
    endloop
  endfacet
  facet normal 0.400986 0.186983 -0.896798
    outer loop
      vertex -7.16319 18.7273 47.7116
      vertex -14.1776 34.2139 47.8042
      vertex -6.99307 18.8066 47.8042
    endloop
  endfacet
  facet normal 0.400945 0.186964 -0.896821
    outer loop
      vertex -14.1776 34.2139 47.8042
      vertex -7.16319 18.7273 47.7116
      vertex -14.3477 34.1345 47.7116
    endloop
  endfacet
  facet normal -0.681435 -0.317782 -0.659288
    outer loop
      vertex -17.1959 36.1166 48.0585
      vertex -17.5322 36.5114 48.2158
      vertex -17.4072 36.5697 48.0585
    endloop
  endfacet
  facet normal -0.681371 -0.317682 -0.659402
    outer loop
      vertex -17.5322 36.5114 48.2158
      vertex -17.1959 36.1166 48.0585
      vertex -17.3209 36.0582 48.2158
    endloop
  endfacet
  facet normal -0.681249 -0.317672 -0.659533
    outer loop
      vertex -8.74349 17.9904 48.0585
      vertex -16.0531 33.3393 48.2158
      vertex -15.928 33.3976 48.0585
    endloop
  endfacet
  facet normal -0.681326 -0.31771 -0.659435
    outer loop
      vertex -16.0531 33.3393 48.2158
      vertex -8.74349 17.9904 48.0585
      vertex -8.86855 17.9321 48.2158
    endloop
  endfacet
  facet normal -0.291025 -0.135717 0.94704
    outer loop
      vertex -16.7571 36.8728 50.7353
      vertex -16.7254 36.3359 50.6681
      vertex -16.5458 36.4197 50.7353
    endloop
  endfacet
  facet normal -0.291092 -0.135719 0.94702
    outer loop
      vertex -16.7254 36.3359 50.6681
      vertex -16.7571 36.8728 50.7353
      vertex -16.9367 36.7891 50.6681
    endloop
  endfacet
  facet normal -0.291073 -0.135728 0.947024
    outer loop
      vertex -15.2779 33.7008 50.7353
      vertex -8.27304 18.2098 50.6681
      vertex -8.09343 18.2935 50.7353
    endloop
  endfacet
  facet normal -0.290909 -0.135654 0.947085
    outer loop
      vertex -8.27304 18.2098 50.6681
      vertex -15.2779 33.7008 50.7353
      vertex -15.4576 33.617 50.6681
    endloop
  endfacet
  facet normal 0.812791 0.378956 0.442452
    outer loop
      vertex -15.126 37.6334 49.9898
      vertex -14.8308 37.2194 49.8021
      vertex -15.0421 37.6726 49.8021
    endloop
  endfacet
  facet normal 0.812831 0.379058 0.442289
    outer loop
      vertex -14.8308 37.2194 49.8021
      vertex -15.126 37.6334 49.9898
      vertex -14.9147 37.1803 49.9898
    endloop
  endfacet
  facet normal 0.812842 0.379035 0.442289
    outer loop
      vertex -13.6468 34.4614 49.9898
      vertex -6.3784 19.0933 49.8021
      vertex -13.5629 34.5005 49.8021
    endloop
  endfacet
  facet normal 0.812771 0.378999 0.442452
    outer loop
      vertex -6.3784 19.0933 49.8021
      vertex -13.6468 34.4614 49.9898
      vertex -6.4623 19.0541 49.9898
    endloop
  endfacet
  facet normal -0.401028 -0.186975 -0.896781
    outer loop
      vertex -16.8955 36.2566 47.8042
      vertex -16.9367 36.7891 47.7116
      vertex -16.7254 36.3359 47.7116
    endloop
  endfacet
  facet normal -0.401028 -0.186975 -0.896781
    outer loop
      vertex -16.9367 36.7891 47.7116
      vertex -16.8955 36.2566 47.8042
      vertex -17.1068 36.7098 47.8042
    endloop
  endfacet
  facet normal -0.400913 -0.18695 -0.896838
    outer loop
      vertex -8.44316 18.1304 47.8042
      vertex -15.4576 33.617 47.7116
      vertex -8.27304 18.2098 47.7116
    endloop
  endfacet
  facet normal -0.401017 -0.186997 -0.896781
    outer loop
      vertex -15.4576 33.617 47.7116
      vertex -8.44316 18.1304 47.8042
      vertex -15.6277 33.5377 47.8042
    endloop
  endfacet
  facet normal -0.503667 -0.23483 -0.831369
    outer loop
      vertex -17.0532 36.1831 47.9205
      vertex -17.1068 36.7098 47.8042
      vertex -16.8955 36.2566 47.8042
    endloop
  endfacet
  facet normal -0.503339 -0.23484 -0.831565
    outer loop
      vertex -17.1068 36.7098 47.8042
      vertex -17.0532 36.1831 47.9205
      vertex -17.2646 36.6362 47.9205
    endloop
  endfacet
  facet normal -0.503618 -0.234841 -0.831396
    outer loop
      vertex -8.60088 18.0569 47.9205
      vertex -15.6277 33.5377 47.8042
      vertex -8.44316 18.1304 47.8042
    endloop
  endfacet
  facet normal -0.503569 -0.234819 -0.831432
    outer loop
      vertex -15.6277 33.5377 47.8042
      vertex -8.60088 18.0569 47.9205
      vertex -15.7854 33.4641 47.9205
    endloop
  endfacet
  facet normal 0.177151 0.082595 -0.980712
    outer loop
      vertex -15.9812 36.683 47.6035
      vertex -16.0065 37.2229 47.6444
      vertex -15.7952 36.7697 47.6444
    endloop
  endfacet
  facet normal 0.177109 0.0825936 -0.980719
    outer loop
      vertex -16.0065 37.2229 47.6444
      vertex -15.9812 36.683 47.6035
      vertex -16.1925 37.1361 47.6035
    endloop
  endfacet
  facet normal 0.177081 0.0825745 -0.980726
    outer loop
      vertex -7.52884 18.5568 47.6035
      vertex -14.5273 34.0508 47.6444
      vertex -7.3428 18.6436 47.6444
    endloop
  endfacet
  facet normal 0.177036 0.082554 -0.980736
    outer loop
      vertex -14.5273 34.0508 47.6444
      vertex -7.52884 18.5568 47.6035
      vertex -14.7134 33.964 47.6035
    endloop
  endfacet
  facet normal -0.59735 -0.278702 0.751996
    outer loop
      vertex -17.2646 36.6362 50.4592
      vertex -17.1959 36.1166 50.3212
      vertex -17.0532 36.1831 50.4592
    endloop
  endfacet
  facet normal -0.597595 -0.278684 0.751808
    outer loop
      vertex -17.1959 36.1166 50.3212
      vertex -17.2646 36.6362 50.4592
      vertex -17.4072 36.5697 50.3212
    endloop
  endfacet
  facet normal -0.597583 -0.278659 0.751827
    outer loop
      vertex -15.7854 33.4641 50.4592
      vertex -8.74349 17.9904 50.3212
      vertex -8.60088 18.0569 50.4592
    endloop
  endfacet
  facet normal -0.597603 -0.278667 0.751808
    outer loop
      vertex -8.74349 17.9904 50.3212
      vertex -15.7854 33.4641 50.4592
      vertex -15.928 33.3976 50.3212
    endloop
  endfacet
  facet normal -0.0593166 -0.0276558 -0.997856
    outer loop
      vertex -16.3598 36.5064 47.6035
      vertex -16.3818 37.0479 47.5898
      vertex -16.1705 36.5947 47.5898
    endloop
  endfacet
  facet normal -0.0593166 -0.0276558 -0.997856
    outer loop
      vertex -16.3818 37.0479 47.5898
      vertex -16.3598 36.5064 47.6035
      vertex -16.5711 36.9596 47.6035
    endloop
  endfacet
  facet normal -0.0593348 -0.027668 -0.997855
    outer loop
      vertex -7.90739 18.3803 47.6035
      vertex -14.9026 33.8758 47.5898
      vertex -7.71812 18.4685 47.5898
    endloop
  endfacet
  facet normal -0.059315 -0.0276591 -0.997856
    outer loop
      vertex -14.9026 33.8758 47.5898
      vertex -7.90739 18.3803 47.6035
      vertex -15.0919 33.7875 47.6035
    endloop
  endfacet
  facet normal 0.177151 0.082595 0.980712
    outer loop
      vertex -16.0065 37.2229 50.7353
      vertex -15.9812 36.683 50.7762
      vertex -15.7952 36.7697 50.7353
    endloop
  endfacet
  facet normal 0.177109 0.0825936 0.980719
    outer loop
      vertex -15.9812 36.683 50.7762
      vertex -16.0065 37.2229 50.7353
      vertex -16.1925 37.1361 50.7762
    endloop
  endfacet
  facet normal 0.177081 0.0825745 0.980726
    outer loop
      vertex -14.5273 34.0508 50.7353
      vertex -7.52884 18.5568 50.7762
      vertex -7.3428 18.6436 50.7353
    endloop
  endfacet
  facet normal 0.177036 0.082554 0.980736
    outer loop
      vertex -7.52884 18.5568 50.7762
      vertex -14.5273 34.0508 50.7353
      vertex -14.7134 33.964 50.7762
    endloop
  endfacet
  facet normal 0.291025 0.135717 -0.94704
    outer loop
      vertex -15.7952 36.7697 47.6444
      vertex -15.8269 37.3066 47.7116
      vertex -15.6156 36.8535 47.7116
    endloop
  endfacet
  facet normal 0.291092 0.135719 -0.94702
    outer loop
      vertex -15.8269 37.3066 47.7116
      vertex -15.7952 36.7697 47.6444
      vertex -16.0065 37.2229 47.6444
    endloop
  endfacet
  facet normal 0.291072 0.135729 -0.947024
    outer loop
      vertex -7.3428 18.6436 47.6444
      vertex -14.3477 34.1345 47.7116
      vertex -7.16319 18.7273 47.7116
    endloop
  endfacet
  facet normal 0.291084 0.135735 -0.94702
    outer loop
      vertex -14.3477 34.1345 47.7116
      vertex -7.3428 18.6436 47.6444
      vertex -14.5273 34.0508 47.6444
    endloop
  endfacet
  facet normal -0.753696 -0.351403 0.55539
    outer loop
      vertex -17.6376 36.4623 49.9898
      vertex -17.3209 36.0582 50.1639
      vertex -17.5322 36.5114 50.1639
    endloop
  endfacet
  facet normal -0.753696 -0.351403 0.55539
    outer loop
      vertex -17.3209 36.0582 50.1639
      vertex -17.6376 36.4623 49.9898
      vertex -17.4263 36.0091 49.9898
    endloop
  endfacet
  facet normal -0.753857 -0.351532 0.555091
    outer loop
      vertex -16.1584 33.2902 49.9898
      vertex -8.86855 17.9321 50.1639
      vertex -16.0531 33.3393 50.1639
    endloop
  endfacet
  facet normal -0.753629 -0.35142 0.55547
    outer loop
      vertex -8.86855 17.9321 50.1639
      vertex -16.1584 33.2902 49.9898
      vertex -8.97393 17.8829 49.9898
    endloop
  endfacet
  facet normal -0.88891 -0.414445 0.195127
    outer loop
      vertex -17.8195 36.3774 49.3987
      vertex -17.5712 35.9415 49.604
      vertex -17.7825 36.3947 49.604
    endloop
  endfacet
  facet normal -0.88891 -0.414537 0.194933
    outer loop
      vertex -17.5712 35.9415 49.604
      vertex -17.8195 36.3774 49.3987
      vertex -17.6082 35.9243 49.3987
    endloop
  endfacet
  facet normal -0.888922 -0.414511 0.194933
    outer loop
      vertex -16.3403 33.2054 49.3987
      vertex -9.1188 17.8154 49.604
      vertex -16.3033 33.2226 49.604
    endloop
  endfacet
  facet normal -0.888888 -0.414493 0.195127
    outer loop
      vertex -9.1188 17.8154 49.604
      vertex -16.3403 33.2054 49.3987
      vertex -9.1558 17.7981 49.3987
    endloop
  endfacet
  facet normal 0.597618 0.278634 0.751808
    outer loop
      vertex -15.3564 37.526 50.3212
      vertex -15.2877 37.0063 50.4592
      vertex -15.1451 37.0728 50.3212
    endloop
  endfacet
  facet normal 0.597618 0.278634 0.751808
    outer loop
      vertex -15.2877 37.0063 50.4592
      vertex -15.3564 37.526 50.3212
      vertex -15.499 37.4595 50.4592
    endloop
  endfacet
  facet normal 0.597583 0.27866 0.751827
    outer loop
      vertex -13.8773 34.3539 50.3212
      vertex -6.83536 18.8802 50.4592
      vertex -6.69275 18.9467 50.3212
    endloop
  endfacet
  facet normal 0.597602 0.278668 0.751808
    outer loop
      vertex -6.83536 18.8802 50.4592
      vertex -13.8773 34.3539 50.3212
      vertex -14.0199 34.2874 50.4592
    endloop
  endfacet
  facet normal -0.422529 0.906343 -0.00333214
    outer loop
      vertex -16.1925 37.1361 50.7762
      vertex -16.5711 36.9596 50.7762
      vertex -16.3818 37.0479 50.7898
    endloop
  endfacet
  facet normal -0.422531 0.906346 0.00195964
    outer loop
      vertex -16.0065 37.2229 50.7353
      vertex -16.5711 36.9596 50.7762
      vertex -16.1925 37.1361 50.7762
    endloop
  endfacet
  facet normal -0.422707 0.906266 -0.000988347
    outer loop
      vertex -16.0065 37.2229 50.7353
      vertex -16.7571 36.8728 50.7353
      vertex -16.5711 36.9596 50.7762
    endloop
  endfacet
  facet normal -0.422707 0.906266 -0.000947585
    outer loop
      vertex -15.8269 37.3066 50.6681
      vertex -16.7571 36.8728 50.7353
      vertex -16.0065 37.2229 50.7353
    endloop
  endfacet
  facet normal -0.422613 0.90631 0.000640919
    outer loop
      vertex -15.8269 37.3066 50.6681
      vertex -16.9367 36.7891 50.6681
      vertex -16.7571 36.8728 50.7353
    endloop
  endfacet
  facet normal -0.422613 0.90631 -0.000629326
    outer loop
      vertex -15.6567 37.3859 50.5755
      vertex -16.9367 36.7891 50.6681
      vertex -15.8269 37.3066 50.6681
    endloop
  endfacet
  facet normal -0.422571 0.90633 7.88352e-05
    outer loop
      vertex -15.6567 37.3859 50.5755
      vertex -17.1068 36.7098 50.5755
      vertex -16.9367 36.7891 50.6681
    endloop
  endfacet
  facet normal -0.422571 0.90633 0.000571754
    outer loop
      vertex -15.499 37.4595 50.4592
      vertex -17.1068 36.7098 50.5755
      vertex -15.6567 37.3859 50.5755
    endloop
  endfacet
  facet normal -0.422613 0.90631 -0.000138679
    outer loop
      vertex -15.499 37.4595 50.4592
      vertex -17.2646 36.6362 50.4592
      vertex -17.1068 36.7098 50.5755
    endloop
  endfacet
  facet normal -0.422613 0.90631 3.65273e-05
    outer loop
      vertex -15.3564 37.526 50.3212
      vertex -17.2646 36.6362 50.4592
      vertex -15.499 37.4595 50.4592
    endloop
  endfacet
  facet normal -0.422617 0.906308 -3.14474e-05
    outer loop
      vertex -15.3564 37.526 50.3212
      vertex -17.4072 36.5697 50.3212
      vertex -17.2646 36.6362 50.4592
    endloop
  endfacet
  facet normal -0.422617 0.906308 6.78205e-05
    outer loop
      vertex -15.2314 37.5843 50.1639
      vertex -17.4072 36.5697 50.3212
      vertex -15.3564 37.526 50.3212
    endloop
  endfacet
  facet normal -0.422625 0.906305 -6.04511e-05
    outer loop
      vertex -15.2314 37.5843 50.1639
      vertex -17.5322 36.5114 50.1639
      vertex -17.4072 36.5697 50.3212
    endloop
  endfacet
  facet normal -0.422625 0.906305 -0.00025879
    outer loop
      vertex -15.126 37.6334 49.9898
      vertex -17.5322 36.5114 50.1639
      vertex -15.2314 37.5843 50.1639
    endloop
  endfacet
  facet normal -0.422595 0.906319 0.000237073
    outer loop
      vertex -15.126 37.6334 49.9898
      vertex -17.6376 36.4623 49.9898
      vertex -17.5322 36.5114 50.1639
    endloop
  endfacet
  facet normal -0.422595 0.906319 0.000383404
    outer loop
      vertex -15.0421 37.6726 49.8021
      vertex -17.6376 36.4623 49.9898
      vertex -15.126 37.6334 49.9898
    endloop
  endfacet
  facet normal -0.422639 0.906298 -0.000359385
    outer loop
      vertex -15.0421 37.6726 49.8021
      vertex -17.7215 36.4231 49.8021
      vertex -17.6376 36.4623 49.9898
    endloop
  endfacet
  facet normal -0.422639 0.906298 -0.000212646
    outer loop
      vertex -14.9811 37.701 49.604
      vertex -17.7215 36.4231 49.8021
      vertex -15.0421 37.6726 49.8021
    endloop
  endfacet
  facet normal -0.422614 0.90631 0.000203388
    outer loop
      vertex -14.9811 37.701 49.604
      vertex -17.7825 36.3947 49.604
      vertex -17.7215 36.4231 49.8021
    endloop
  endfacet
  facet normal -0.422614 0.90631 0.000206624
    outer loop
      vertex -14.9441 37.7183 49.3987
      vertex -17.7825 36.3947 49.604
      vertex -14.9811 37.701 49.604
    endloop
  endfacet
  facet normal -0.422639 0.906298 -0.000201304
    outer loop
      vertex -14.9441 37.7183 49.3987
      vertex -17.8195 36.3774 49.3987
      vertex -17.7825 36.3947 49.604
    endloop
  endfacet
  facet normal -0.422639 0.906298 -0.000358161
    outer loop
      vertex -14.9317 37.724 49.1898
      vertex -17.8195 36.3774 49.3987
      vertex -14.9441 37.7183 49.3987
    endloop
  endfacet
  facet normal -0.422596 0.906318 0.000355106
    outer loop
      vertex -14.9317 37.724 49.1898
      vertex -17.8319 36.3717 49.1898
      vertex -17.8195 36.3774 49.3987
    endloop
  endfacet
  facet normal -0.422596 0.906318 0.000355276
    outer loop
      vertex -14.9441 37.7183 48.981
      vertex -17.8319 36.3717 49.1898
      vertex -14.9317 37.724 49.1898
    endloop
  endfacet
  facet normal -0.422639 0.906298 -0.000358333
    outer loop
      vertex -14.9441 37.7183 48.981
      vertex -17.8195 36.3774 48.981
      vertex -17.8319 36.3717 49.1898
    endloop
  endfacet
  facet normal -0.422639 0.906298 -0.000201304
    outer loop
      vertex -14.9811 37.701 48.7757
      vertex -17.8195 36.3774 48.981
      vertex -14.9441 37.7183 48.981
    endloop
  endfacet
  facet normal -0.422614 0.90631 0.000206624
    outer loop
      vertex -14.9811 37.701 48.7757
      vertex -17.7825 36.3947 48.7757
      vertex -17.8195 36.3774 48.981
    endloop
  endfacet
  facet normal -0.422614 0.90631 0.000203388
    outer loop
      vertex -15.0421 37.6726 48.5776
      vertex -17.7825 36.3947 48.7757
      vertex -14.9811 37.701 48.7757
    endloop
  endfacet
  facet normal -0.422639 0.906298 -0.000212646
    outer loop
      vertex -15.0421 37.6726 48.5776
      vertex -17.7215 36.4231 48.5776
      vertex -17.7825 36.3947 48.7757
    endloop
  endfacet
  facet normal -0.422639 0.906298 -0.000359193
    outer loop
      vertex -15.126 37.6334 48.3898
      vertex -17.7215 36.4231 48.5776
      vertex -15.0421 37.6726 48.5776
    endloop
  endfacet
  facet normal -0.422595 0.906319 0.0003832
    outer loop
      vertex -15.126 37.6334 48.3898
      vertex -17.6376 36.4623 48.3898
      vertex -17.7215 36.4231 48.5776
    endloop
  endfacet
  facet normal -0.422595 0.906319 0.000237209
    outer loop
      vertex -15.2314 37.5843 48.2158
      vertex -17.6376 36.4623 48.3898
      vertex -15.126 37.6334 48.3898
    endloop
  endfacet
  facet normal -0.422625 0.906305 -0.000258938
    outer loop
      vertex -15.2314 37.5843 48.2158
      vertex -17.5322 36.5114 48.2158
      vertex -17.6376 36.4623 48.3898
    endloop
  endfacet
  facet normal -0.422625 0.906305 -6.04511e-05
    outer loop
      vertex -15.3564 37.526 48.0585
      vertex -17.5322 36.5114 48.2158
      vertex -15.2314 37.5843 48.2158
    endloop
  endfacet
  facet normal -0.422617 0.906308 6.78205e-05
    outer loop
      vertex -15.3564 37.526 48.0585
      vertex -17.4072 36.5697 48.0585
      vertex -17.5322 36.5114 48.2158
    endloop
  endfacet
  facet normal -0.422617 0.906308 -3.14474e-05
    outer loop
      vertex -15.499 37.4595 47.9205
      vertex -17.4072 36.5697 48.0585
      vertex -15.3564 37.526 48.0585
    endloop
  endfacet
  facet normal -0.422613 0.90631 3.65273e-05
    outer loop
      vertex -15.499 37.4595 47.9205
      vertex -17.2646 36.6362 47.9205
      vertex -17.4072 36.5697 48.0585
    endloop
  endfacet
  facet normal -0.422613 0.90631 -0.000502061
    outer loop
      vertex -15.6567 37.3859 47.8042
      vertex -17.2646 36.6362 47.9205
      vertex -15.499 37.4595 47.9205
    endloop
  endfacet
  facet normal -0.422571 0.90633 0.000208409
    outer loop
      vertex -15.6567 37.3859 47.8042
      vertex -17.1068 36.7098 47.8042
      vertex -17.2646 36.6362 47.9205
    endloop
  endfacet
  facet normal -0.422571 0.90633 0.000535175
    outer loop
      vertex -15.8269 37.3066 47.7116
      vertex -17.1068 36.7098 47.8042
      vertex -15.6567 37.3859 47.8042
    endloop
  endfacet
  facet normal -0.422613 0.90631 -0.000172941
    outer loop
      vertex -15.8269 37.3066 47.7116
      vertex -16.9367 36.7891 47.7116
      vertex -17.1068 36.7098 47.8042
    endloop
  endfacet
  facet normal -0.422613 0.90631 0.000640919
    outer loop
      vertex -16.0065 37.2229 47.6444
      vertex -16.9367 36.7891 47.7116
      vertex -15.8269 37.3066 47.7116
    endloop
  endfacet
  facet normal -0.422707 0.906266 -0.000947585
    outer loop
      vertex -16.0065 37.2229 47.6444
      vertex -16.7571 36.8728 47.6444
      vertex -16.9367 36.7891 47.7116
    endloop
  endfacet
  facet normal -0.422707 0.906266 -0.000988347
    outer loop
      vertex -16.1925 37.1361 47.6035
      vertex -16.7571 36.8728 47.6444
      vertex -16.0065 37.2229 47.6444
    endloop
  endfacet
  facet normal -0.422531 0.906346 0.00195964
    outer loop
      vertex -16.1925 37.1361 47.6035
      vertex -16.5711 36.9596 47.6035
      vertex -16.7571 36.8728 47.6444
    endloop
  endfacet
  facet normal -0.422529 0.906343 0.00330782
    outer loop
      vertex -16.5711 36.9596 47.6035
      vertex -16.1925 37.1361 47.6035
      vertex -16.3818 37.0479 47.5898
    endloop
  endfacet
  facet normal 0.400856 0.186937 0.896866
    outer loop
      vertex -15.6567 37.3859 50.5755
      vertex -15.6156 36.8535 50.6681
      vertex -15.4454 36.9328 50.5755
    endloop
  endfacet
  facet normal 0.400856 0.186937 0.896866
    outer loop
      vertex -15.6156 36.8535 50.6681
      vertex -15.6567 37.3859 50.5755
      vertex -15.8269 37.3066 50.6681
    endloop
  endfacet
  facet normal 0.400986 0.186983 0.896798
    outer loop
      vertex -14.1776 34.2139 50.5755
      vertex -7.16319 18.7273 50.6681
      vertex -6.99307 18.8066 50.5755
    endloop
  endfacet
  facet normal 0.400945 0.186964 0.896821
    outer loop
      vertex -7.16319 18.7273 50.6681
      vertex -14.1776 34.2139 50.5755
      vertex -14.3477 34.1345 50.6681
    endloop
  endfacet
  facet normal -0.503667 -0.23483 0.831369
    outer loop
      vertex -17.1068 36.7098 50.5755
      vertex -17.0532 36.1831 50.4592
      vertex -16.8955 36.2566 50.5755
    endloop
  endfacet
  facet normal -0.503339 -0.23484 0.831565
    outer loop
      vertex -17.0532 36.1831 50.4592
      vertex -17.1068 36.7098 50.5755
      vertex -17.2646 36.6362 50.4592
    endloop
  endfacet
  facet normal -0.503618 -0.234841 0.831396
    outer loop
      vertex -15.6277 33.5377 50.5755
      vertex -8.60088 18.0569 50.4592
      vertex -8.44316 18.1304 50.5755
    endloop
  endfacet
  facet normal -0.503569 -0.234819 0.831432
    outer loop
      vertex -8.60088 18.0569 50.4592
      vertex -15.6277 33.5377 50.5755
      vertex -15.7854 33.4641 50.4592
    endloop
  endfacet
  facet normal 0.88891 0.414445 0.195127
    outer loop
      vertex -14.9811 37.701 49.604
      vertex -14.7328 37.2651 49.3987
      vertex -14.9441 37.7183 49.3987
    endloop
  endfacet
  facet normal 0.88891 0.414445 0.195127
    outer loop
      vertex -14.7328 37.2651 49.3987
      vertex -14.9811 37.701 49.604
      vertex -14.7698 37.2478 49.604
    endloop
  endfacet
  facet normal 0.888888 0.414491 0.195127
    outer loop
      vertex -13.5019 34.5289 49.604
      vertex -6.28043 19.1389 49.3987
      vertex -13.4649 34.5462 49.3987
    endloop
  endfacet
  facet normal 0.888922 0.41451 0.194933
    outer loop
      vertex -6.28043 19.1389 49.3987
      vertex -13.5019 34.5289 49.604
      vertex -6.31743 19.1217 49.604
    endloop
  endfacet
  facet normal -0.88891 -0.414445 -0.195127
    outer loop
      vertex -17.5712 35.9415 48.7757
      vertex -17.8195 36.3774 48.981
      vertex -17.7825 36.3947 48.7757
    endloop
  endfacet
  facet normal -0.88891 -0.414537 -0.194933
    outer loop
      vertex -17.8195 36.3774 48.981
      vertex -17.5712 35.9415 48.7757
      vertex -17.6082 35.9243 48.981
    endloop
  endfacet
  facet normal -0.888922 -0.414511 -0.194933
    outer loop
      vertex -9.1188 17.8154 48.7757
      vertex -16.3403 33.2054 48.981
      vertex -16.3033 33.2226 48.7757
    endloop
  endfacet
  facet normal -0.888888 -0.414493 -0.195127
    outer loop
      vertex -16.3403 33.2054 48.981
      vertex -9.1188 17.8154 48.7757
      vertex -9.1558 17.7981 48.981
    endloop
  endfacet
  facet normal 0.0593142 0.0276608 -0.997856
    outer loop
      vertex -16.1705 36.5947 47.5898
      vertex -16.1925 37.1361 47.6035
      vertex -15.9812 36.683 47.6035
    endloop
  endfacet
  facet normal 0.0593285 0.0276613 -0.997855
    outer loop
      vertex -16.1925 37.1361 47.6035
      vertex -16.1705 36.5947 47.5898
      vertex -16.3818 37.0479 47.5898
    endloop
  endfacet
  facet normal 0.0593201 0.0276616 -0.997856
    outer loop
      vertex -7.71812 18.4685 47.5898
      vertex -14.7134 33.964 47.6035
      vertex -7.52884 18.5568 47.6035
    endloop
  endfacet
  facet normal 0.0593527 0.0276764 -0.997853
    outer loop
      vertex -14.7134 33.964 47.6035
      vertex -7.71812 18.4685 47.5898
      vertex -14.9026 33.8758 47.5898
    endloop
  endfacet
  facet normal -0.812876 -0.378995 -0.442262
    outer loop
      vertex -17.4263 36.0091 48.3898
      vertex -17.7215 36.4231 48.5776
      vertex -17.6376 36.4623 48.3898
    endloop
  endfacet
  facet normal -0.812916 -0.379098 -0.4421
    outer loop
      vertex -17.7215 36.4231 48.5776
      vertex -17.4263 36.0091 48.3898
      vertex -17.5102 35.97 48.5776
    endloop
  endfacet
  facet normal -0.812929 -0.379071 -0.4421
    outer loop
      vertex -8.97393 17.8829 48.3898
      vertex -16.2423 33.2511 48.5776
      vertex -16.1584 33.2902 48.3898
    endloop
  endfacet
  facet normal -0.812929 -0.379071 -0.4421
    outer loop
      vertex -16.2423 33.2511 48.5776
      vertex -8.97393 17.8829 48.3898
      vertex -9.05783 17.8438 48.5776
    endloop
  endfacet
  facet normal -0.291025 -0.135717 -0.94704
    outer loop
      vertex -16.7254 36.3359 47.7116
      vertex -16.7571 36.8728 47.6444
      vertex -16.5458 36.4197 47.6444
    endloop
  endfacet
  facet normal -0.291092 -0.135719 -0.94702
    outer loop
      vertex -16.7571 36.8728 47.6444
      vertex -16.7254 36.3359 47.7116
      vertex -16.9367 36.7891 47.7116
    endloop
  endfacet
  facet normal -0.291073 -0.135728 -0.947024
    outer loop
      vertex -8.27304 18.2098 47.7116
      vertex -15.2779 33.7008 47.6444
      vertex -8.09343 18.2935 47.6444
    endloop
  endfacet
  facet normal -0.290909 -0.135654 -0.947085
    outer loop
      vertex -15.2779 33.7008 47.6444
      vertex -8.27304 18.2098 47.7116
      vertex -15.4576 33.617 47.7116
    endloop
  endfacet
  facet normal -0.59735 -0.278702 -0.751996
    outer loop
      vertex -17.1959 36.1166 48.0585
      vertex -17.2646 36.6362 47.9205
      vertex -17.0532 36.1831 47.9205
    endloop
  endfacet
  facet normal -0.597595 -0.278684 -0.751808
    outer loop
      vertex -17.2646 36.6362 47.9205
      vertex -17.1959 36.1166 48.0585
      vertex -17.4072 36.5697 48.0585
    endloop
  endfacet
  facet normal -0.597583 -0.278659 -0.751827
    outer loop
      vertex -8.74349 17.9904 48.0585
      vertex -15.7854 33.4641 47.9205
      vertex -8.60088 18.0569 47.9205
    endloop
  endfacet
  facet normal -0.597603 -0.278667 -0.751808
    outer loop
      vertex -15.7854 33.4641 47.9205
      vertex -8.74349 17.9904 48.0585
      vertex -15.928 33.3976 48.0585
    endloop
  endfacet
  facet normal -0.858144 -0.400189 0.321616
    outer loop
      vertex -17.7825 36.3947 49.604
      vertex -17.5102 35.97 49.8021
      vertex -17.7215 36.4231 49.8021
    endloop
  endfacet
  facet normal -0.858122 -0.400091 0.321797
    outer loop
      vertex -17.5102 35.97 49.8021
      vertex -17.7825 36.3947 49.604
      vertex -17.5712 35.9415 49.604
    endloop
  endfacet
  facet normal -0.858102 -0.400135 0.321797
    outer loop
      vertex -16.3033 33.2226 49.604
      vertex -9.05783 17.8438 49.8021
      vertex -16.2423 33.2511 49.8021
    endloop
  endfacet
  facet normal -0.858192 -0.400182 0.3215
    outer loop
      vertex -9.05783 17.8438 49.8021
      vertex -16.3033 33.2226 49.604
      vertex -9.1188 17.8154 49.604
    endloop
  endfacet
  facet normal -0.0588854 -0.0274547 0.997887
    outer loop
      vertex -16.3818 37.0479 50.7898
      vertex -16.3598 36.5064 50.7762
      vertex -16.1705 36.5947 50.7898
    endloop
  endfacet
  facet normal -0.0588854 -0.0274547 0.997887
    outer loop
      vertex -16.3598 36.5064 50.7762
      vertex -16.3818 37.0479 50.7898
      vertex -16.5711 36.9596 50.7762
    endloop
  endfacet
  facet normal -0.0589035 -0.0274669 0.997886
    outer loop
      vertex -14.9026 33.8758 50.7898
      vertex -7.90739 18.3803 50.7762
      vertex -7.71812 18.4685 50.7898
    endloop
  endfacet
  facet normal -0.0588839 -0.0274581 0.997887
    outer loop
      vertex -7.90739 18.3803 50.7762
      vertex -14.9026 33.8758 50.7898
      vertex -15.0919 33.7875 50.7762
    endloop
  endfacet
  facet normal 0.597618 0.278634 -0.751808
    outer loop
      vertex -15.2877 37.0063 47.9205
      vertex -15.3564 37.526 48.0585
      vertex -15.1451 37.0728 48.0585
    endloop
  endfacet
  facet normal 0.597618 0.278634 -0.751808
    outer loop
      vertex -15.3564 37.526 48.0585
      vertex -15.2877 37.0063 47.9205
      vertex -15.499 37.4595 47.9205
    endloop
  endfacet
  facet normal 0.597583 0.27866 -0.751827
    outer loop
      vertex -6.83536 18.8802 47.9205
      vertex -13.8773 34.3539 48.0585
      vertex -6.69275 18.9467 48.0585
    endloop
  endfacet
  facet normal 0.597602 0.278668 -0.751808
    outer loop
      vertex -13.8773 34.3539 48.0585
      vertex -6.83536 18.8802 47.9205
      vertex -14.0199 34.2874 47.9205
    endloop
  endfacet
  facet normal 0.503667 0.23483 0.831369
    outer loop
      vertex -15.499 37.4595 50.4592
      vertex -15.4454 36.9328 50.5755
      vertex -15.2877 37.0063 50.4592
    endloop
  endfacet
  facet normal 0.503562 0.234833 0.831432
    outer loop
      vertex -15.4454 36.9328 50.5755
      vertex -15.499 37.4595 50.4592
      vertex -15.6567 37.3859 50.5755
    endloop
  endfacet
  facet normal 0.503551 0.234811 0.831445
    outer loop
      vertex -14.0199 34.2874 50.4592
      vertex -6.99307 18.8066 50.5755
      vertex -6.83536 18.8802 50.4592
    endloop
  endfacet
  facet normal 0.503654 0.234857 0.831369
    outer loop
      vertex -6.99307 18.8066 50.5755
      vertex -14.0199 34.2874 50.4592
      vertex -14.1776 34.2139 50.5755
    endloop
  endfacet
  facet normal -0.401028 -0.186975 0.896781
    outer loop
      vertex -16.9367 36.7891 50.6681
      vertex -16.8955 36.2566 50.5755
      vertex -16.7254 36.3359 50.6681
    endloop
  endfacet
  facet normal -0.401028 -0.186975 0.896781
    outer loop
      vertex -16.8955 36.2566 50.5755
      vertex -16.9367 36.7891 50.6681
      vertex -17.1068 36.7098 50.5755
    endloop
  endfacet
  facet normal -0.400913 -0.18695 0.896838
    outer loop
      vertex -15.4576 33.617 50.6681
      vertex -8.44316 18.1304 50.5755
      vertex -8.27304 18.2098 50.6681
    endloop
  endfacet
  facet normal -0.401017 -0.186997 0.896781
    outer loop
      vertex -8.44316 18.1304 50.5755
      vertex -15.4576 33.617 50.6681
      vertex -15.6277 33.5377 50.5755
    endloop
  endfacet
  facet normal 0.681377 0.317906 0.659288
    outer loop
      vertex -15.3564 37.526 50.3212
      vertex -15.02 37.1312 50.1639
      vertex -15.2314 37.5843 50.1639
    endloop
  endfacet
  facet normal 0.681176 0.317592 0.659647
    outer loop
      vertex -15.02 37.1312 50.1639
      vertex -15.3564 37.526 50.3212
      vertex -15.1451 37.0728 50.3212
    endloop
  endfacet
  facet normal 0.681249 0.317673 0.659533
    outer loop
      vertex -13.8773 34.3539 50.3212
      vertex -6.56768 19.005 50.1639
      vertex -13.7522 34.4122 50.1639
    endloop
  endfacet
  facet normal 0.681307 0.317701 0.65946
    outer loop
      vertex -6.56768 19.005 50.1639
      vertex -13.8773 34.3539 50.3212
      vertex -6.69275 18.9467 50.3212
    endloop
  endfacet
  facet normal -0.858144 -0.400189 -0.321616
    outer loop
      vertex -17.5102 35.97 48.5776
      vertex -17.7825 36.3947 48.7757
      vertex -17.7215 36.4231 48.5776
    endloop
  endfacet
  facet normal -0.858122 -0.400091 -0.321797
    outer loop
      vertex -17.7825 36.3947 48.7757
      vertex -17.5102 35.97 48.5776
      vertex -17.5712 35.9415 48.7757
    endloop
  endfacet
  facet normal -0.858102 -0.400135 -0.321797
    outer loop
      vertex -9.05783 17.8438 48.5776
      vertex -16.3033 33.2226 48.7757
      vertex -16.2423 33.2511 48.5776
    endloop
  endfacet
  facet normal -0.858192 -0.400182 -0.3215
    outer loop
      vertex -16.3033 33.2226 48.7757
      vertex -9.05783 17.8438 48.5776
      vertex -9.1188 17.8154 48.7757
    endloop
  endfacet
  facet normal -0.753562 -0.351341 -0.555611
    outer loop
      vertex -17.3209 36.0582 48.2158
      vertex -17.6376 36.4623 48.3898
      vertex -17.5322 36.5114 48.2158
    endloop
  endfacet
  facet normal -0.753562 -0.351341 -0.555611
    outer loop
      vertex -17.6376 36.4623 48.3898
      vertex -17.3209 36.0582 48.2158
      vertex -17.4263 36.0091 48.3898
    endloop
  endfacet
  facet normal -0.753723 -0.351469 -0.555311
    outer loop
      vertex -8.86855 17.9321 48.2158
      vertex -16.1584 33.2902 48.3898
      vertex -16.0531 33.3393 48.2158
    endloop
  endfacet
  facet normal -0.753496 -0.351357 -0.555691
    outer loop
      vertex -16.1584 33.2902 48.3898
      vertex -8.86855 17.9321 48.2158
      vertex -8.97393 17.8829 48.3898
    endloop
  endfacet
  facet normal 0.177129 0.0825962 0.980716
    outer loop
      vertex -35.873 27.9589 50.7353
      vertex -27.3954 9.29288 50.7762
      vertex -27.2094 9.37963 50.7353
    endloop
  endfacet
  facet normal 0.177071 0.0825699 0.980728
    outer loop
      vertex -27.3954 9.29288 50.7762
      vertex -35.873 27.9589 50.7353
      vertex -36.0591 27.8722 50.7762
    endloop
  endfacet
  facet normal 0.888848 0.414474 -0.195349
    outer loop
      vertex -26.147 9.87502 48.981
      vertex -34.8477 28.4371 48.7757
      vertex -34.8106 28.4543 48.981
    endloop
  endfacet
  facet normal 0.888904 0.414503 -0.19503
    outer loop
      vertex -34.8477 28.4371 48.7757
      vertex -26.147 9.87502 48.981
      vertex -26.184 9.85777 48.7757
    endloop
  endfacet
  facet normal 0.904367 0.42171 -0.0654218
    outer loop
      vertex -26.1346 9.88081 49.1898
      vertex -34.8106 28.4543 48.981
      vertex -34.7982 28.4601 49.1898
    endloop
  endfacet
  facet normal 0.904369 0.421711 -0.0654017
    outer loop
      vertex -34.8106 28.4543 48.981
      vertex -26.1346 9.88081 49.1898
      vertex -26.147 9.87502 48.981
    endloop
  endfacet
  facet normal 0.858219 0.400195 -0.321409
    outer loop
      vertex -26.184 9.85777 48.7757
      vertex -34.9086 28.4086 48.5776
      vertex -34.8477 28.4371 48.7757
    endloop
  endfacet
  facet normal 0.85814 0.400155 -0.321671
    outer loop
      vertex -34.9086 28.4086 48.5776
      vertex -26.184 9.85777 48.7757
      vertex -26.245 9.82934 48.5776
    endloop
  endfacet
  facet normal 0.753542 0.351384 -0.555611
    outer loop
      vertex -26.3288 9.79022 48.3898
      vertex -35.0979 28.3204 48.2158
      vertex -34.9925 28.3695 48.3898
    endloop
  endfacet
  facet normal 0.753509 0.351368 -0.555667
    outer loop
      vertex -35.0979 28.3204 48.2158
      vertex -26.3288 9.79022 48.3898
      vertex -26.4342 9.74108 48.2158
    endloop
  endfacet
  facet normal -0.177054 -0.0825617 -0.980732
    outer loop
      vertex -27.96 9.02961 47.6444
      vertex -36.4376 27.6957 47.6035
      vertex -27.7739 9.11636 47.6035
    endloop
  endfacet
  facet normal -0.177112 -0.082588 -0.980719
    outer loop
      vertex -36.4376 27.6957 47.6035
      vertex -27.96 9.02961 47.6444
      vertex -36.6236 27.6089 47.6444
    endloop
  endfacet
  facet normal 0.888848 0.414474 0.195349
    outer loop
      vertex -34.8477 28.4371 49.604
      vertex -26.147 9.87502 49.3987
      vertex -34.8106 28.4543 49.3987
    endloop
  endfacet
  facet normal 0.888904 0.414503 0.19503
    outer loop
      vertex -26.147 9.87502 49.3987
      vertex -34.8477 28.4371 49.604
      vertex -26.184 9.85777 49.604
    endloop
  endfacet
  facet normal 0.812928 0.379072 -0.4421
    outer loop
      vertex -26.245 9.82934 48.5776
      vertex -34.9925 28.3695 48.3898
      vertex -34.9086 28.4086 48.5776
    endloop
  endfacet
  facet normal 0.813067 0.379141 -0.441784
    outer loop
      vertex -34.9925 28.3695 48.3898
      vertex -26.245 9.82934 48.5776
      vertex -26.3288 9.79022 48.3898
    endloop
  endfacet
  facet normal 0.904369 0.421711 0.0653906
    outer loop
      vertex -34.8106 28.4543 49.3987
      vertex -26.1346 9.88081 49.1898
      vertex -34.7982 28.4601 49.1898
    endloop
  endfacet
  facet normal 0.90437 0.421712 0.0653705
    outer loop
      vertex -26.1346 9.88081 49.1898
      vertex -34.8106 28.4543 49.3987
      vertex -26.147 9.87502 49.3987
    endloop
  endfacet
  facet normal -0.597603 -0.278667 -0.751808
    outer loop
      vertex -28.61 8.72648 48.0585
      vertex -37.1311 27.3723 47.9205
      vertex -28.4674 8.79298 47.9205
    endloop
  endfacet
  facet normal -0.597603 -0.278667 -0.751808
    outer loop
      vertex -37.1311 27.3723 47.9205
      vertex -28.61 8.72648 48.0585
      vertex -37.2737 27.3058 48.0585
    endloop
  endfacet
  facet normal 0.681249 0.317672 -0.659533
    outer loop
      vertex -26.4342 9.74108 48.2158
      vertex -35.223 28.2621 48.0585
      vertex -35.0979 28.3204 48.2158
    endloop
  endfacet
  facet normal 0.681231 0.317664 -0.659556
    outer loop
      vertex -35.223 28.2621 48.0585
      vertex -26.4342 9.74108 48.2158
      vertex -26.5593 9.68276 48.0585
    endloop
  endfacet
  facet normal 0.177129 0.0825962 -0.980716
    outer loop
      vertex -27.3954 9.29288 47.6035
      vertex -35.873 27.9589 47.6444
      vertex -27.2094 9.37963 47.6444
    endloop
  endfacet
  facet normal 0.177071 0.0825699 -0.980728
    outer loop
      vertex -35.873 27.9589 47.6444
      vertex -27.3954 9.29288 47.6035
      vertex -36.0591 27.8722 47.6035
    endloop
  endfacet
  facet normal 0.858219 0.400195 0.321409
    outer loop
      vertex -34.9086 28.4086 49.8021
      vertex -26.184 9.85777 49.604
      vertex -34.8477 28.4371 49.604
    endloop
  endfacet
  facet normal 0.85814 0.400155 0.321671
    outer loop
      vertex -26.184 9.85777 49.604
      vertex -34.9086 28.4086 49.8021
      vertex -26.245 9.82934 49.8021
    endloop
  endfacet
  facet normal -0.597603 -0.278667 0.751808
    outer loop
      vertex -37.1311 27.3723 50.4592
      vertex -28.61 8.72648 50.3212
      vertex -28.4674 8.79298 50.4592
    endloop
  endfacet
  facet normal -0.597603 -0.278667 0.751808
    outer loop
      vertex -28.61 8.72648 50.3212
      vertex -37.1311 27.3723 50.4592
      vertex -37.2737 27.3058 50.3212
    endloop
  endfacet
  facet normal -0.400996 -0.186987 0.896793
    outer loop
      vertex -36.8033 27.5252 50.6681
      vertex -28.3097 8.86652 50.5755
      vertex -28.1396 8.94585 50.6681
    endloop
  endfacet
  facet normal -0.400944 -0.186964 0.896821
    outer loop
      vertex -28.3097 8.86652 50.5755
      vertex -36.8033 27.5252 50.6681
      vertex -36.9734 27.4458 50.5755
    endloop
  endfacet
  facet normal 0.290931 0.135664 0.947077
    outer loop
      vertex -35.6934 28.0427 50.6681
      vertex -27.2094 9.37963 50.7353
      vertex -27.0297 9.46339 50.6681
    endloop
  endfacet
  facet normal 0.291029 0.135708 0.94704
    outer loop
      vertex -27.2094 9.37963 50.7353
      vertex -35.6934 28.0427 50.6681
      vertex -35.873 27.9589 50.7353
    endloop
  endfacet
  facet normal 0.753676 0.351446 0.55539
    outer loop
      vertex -35.0979 28.3204 50.1639
      vertex -26.3288 9.79022 49.9898
      vertex -34.9925 28.3695 49.9898
    endloop
  endfacet
  facet normal 0.753642 0.35143 0.555446
    outer loop
      vertex -26.3288 9.79022 49.9898
      vertex -35.0979 28.3204 50.1639
      vertex -26.4342 9.74108 50.1639
    endloop
  endfacet
  facet normal -0.813082 -0.379148 -0.441752
    outer loop
      vertex -28.8405 8.61902 48.3898
      vertex -37.588 27.1592 48.5776
      vertex -37.5042 27.1983 48.3898
    endloop
  endfacet
  facet normal -0.812914 -0.379065 -0.442132
    outer loop
      vertex -37.588 27.1592 48.5776
      vertex -28.8405 8.61902 48.3898
      vertex -28.9244 8.5799 48.5776
    endloop
  endfacet
  facet normal 0.401003 0.186991 0.896789
    outer loop
      vertex -35.5233 28.122 50.5755
      vertex -27.0297 9.46339 50.6681
      vertex -26.8596 9.54271 50.5755
    endloop
  endfacet
  facet normal 0.401017 0.186998 0.896781
    outer loop
      vertex -27.0297 9.46339 50.6681
      vertex -35.5233 28.122 50.5755
      vertex -35.6934 28.0427 50.6681
    endloop
  endfacet
  facet normal 0.290931 0.135664 -0.947077
    outer loop
      vertex -27.2094 9.37963 47.6444
      vertex -35.6934 28.0427 47.7116
      vertex -27.0297 9.46339 47.7116
    endloop
  endfacet
  facet normal 0.291029 0.135708 -0.94704
    outer loop
      vertex -35.6934 28.0427 47.7116
      vertex -27.2094 9.37963 47.6444
      vertex -35.873 27.9589 47.6444
    endloop
  endfacet
  facet normal -0.858157 -0.400162 -0.321616
    outer loop
      vertex -28.9244 8.5799 48.5776
      vertex -37.649 27.1308 48.7757
      vertex -37.588 27.1592 48.5776
    endloop
  endfacet
  facet normal -0.858258 -0.400213 -0.321282
    outer loop
      vertex -37.649 27.1308 48.7757
      vertex -28.9244 8.5799 48.5776
      vertex -28.9853 8.55147 48.7757
    endloop
  endfacet
  facet normal -0.291051 -0.135718 -0.947032
    outer loop
      vertex -28.1396 8.94585 47.7116
      vertex -36.6236 27.6089 47.6444
      vertex -27.96 9.02961 47.6444
    endloop
  endfacet
  facet normal -0.290965 -0.135679 -0.947064
    outer loop
      vertex -36.6236 27.6089 47.6444
      vertex -28.1396 8.94585 47.7116
      vertex -36.8033 27.5252 47.7116
    endloop
  endfacet
  facet normal -0.858157 -0.400162 0.321616
    outer loop
      vertex -37.649 27.1308 49.604
      vertex -28.9244 8.5799 49.8021
      vertex -37.588 27.1592 49.8021
    endloop
  endfacet
  facet normal -0.858258 -0.400213 0.321282
    outer loop
      vertex -28.9244 8.5799 49.8021
      vertex -37.649 27.1308 49.604
      vertex -28.9853 8.55147 49.604
    endloop
  endfacet
  facet normal -0.753458 -0.351344 -0.55575
    outer loop
      vertex -28.7351 8.66816 48.2158
      vertex -37.5042 27.1983 48.3898
      vertex -37.3988 27.2475 48.2158
    endloop
  endfacet
  facet normal -0.753508 -0.351368 -0.555667
    outer loop
      vertex -37.5042 27.1983 48.3898
      vertex -28.7351 8.66816 48.2158
      vertex -28.8405 8.61902 48.3898
    endloop
  endfacet
  facet normal -0.400996 -0.186987 -0.896793
    outer loop
      vertex -28.3097 8.86652 47.8042
      vertex -36.8033 27.5252 47.7116
      vertex -28.1396 8.94585 47.7116
    endloop
  endfacet
  facet normal -0.400944 -0.186964 -0.896821
    outer loop
      vertex -36.8033 27.5252 47.7116
      vertex -28.3097 8.86652 47.8042
      vertex -36.9734 27.4458 47.8042
    endloop
  endfacet
  facet normal -0.50362 -0.234843 -0.831394
    outer loop
      vertex -28.4674 8.79298 47.9205
      vertex -36.9734 27.4458 47.8042
      vertex -28.3097 8.86652 47.8042
    endloop
  endfacet
  facet normal -0.503654 -0.234858 -0.831369
    outer loop
      vertex -36.9734 27.4458 47.8042
      vertex -28.4674 8.79298 47.9205
      vertex -37.1311 27.3723 47.9205
    endloop
  endfacet
  facet normal -0.422618 0.906295 0.00488571
    outer loop
      vertex -36.0591 27.8722 50.7762
      vertex -36.4376 27.6957 50.7762
      vertex -36.2483 27.7839 50.7898
    endloop
  endfacet
  facet normal -0.422623 0.906304 -0.00179731
    outer loop
      vertex -35.873 27.9589 50.7353
      vertex -36.4376 27.6957 50.7762
      vertex -36.0591 27.8722 50.7762
    endloop
  endfacet
  facet normal -0.422607 0.906312 -0.00153751
    outer loop
      vertex -35.873 27.9589 50.7353
      vertex -36.6236 27.6089 50.7353
      vertex -36.4376 27.6957 50.7762
    endloop
  endfacet
  facet normal -0.422608 0.906312 0.000723752
    outer loop
      vertex -35.6934 28.0427 50.6681
      vertex -36.6236 27.6089 50.7353
      vertex -35.873 27.9589 50.7353
    endloop
  endfacet
  facet normal -0.422581 0.906324 0.001168
    outer loop
      vertex -35.6934 28.0427 50.6681
      vertex -36.8033 27.5252 50.6681
      vertex -36.6236 27.6089 50.7353
    endloop
  endfacet
  facet normal -0.422581 0.906325 -0.000102999
    outer loop
      vertex -35.5233 28.122 50.5755
      vertex -36.8033 27.5252 50.6681
      vertex -35.6934 28.0427 50.6681
    endloop
  endfacet
  facet normal -0.422622 0.906306 -0.000785091
    outer loop
      vertex -35.5233 28.122 50.5755
      vertex -36.9734 27.4458 50.5755
      vertex -36.8033 27.5252 50.6681
    endloop
  endfacet
  facet normal -0.422622 0.906306 0.000486991
    outer loop
      vertex -35.3656 28.1956 50.4592
      vertex -36.9734 27.4458 50.5755
      vertex -35.5233 28.122 50.5755
    endloop
  endfacet
  facet normal -0.422633 0.906301 0.000309681
    outer loop
      vertex -35.3656 28.1956 50.4592
      vertex -37.1311 27.3723 50.4592
      vertex -36.9734 27.4458 50.5755
    endloop
  endfacet
  facet normal -0.422633 0.906301 1.17919e-05
    outer loop
      vertex -35.223 28.2621 50.3212
      vertex -37.1311 27.3723 50.4592
      vertex -35.3656 28.1956 50.4592
    endloop
  endfacet
  facet normal -0.422634 0.906301 -1.0152e-05
    outer loop
      vertex -35.223 28.2621 50.3212
      vertex -37.2737 27.3058 50.3212
      vertex -37.1311 27.3723 50.4592
    endloop
  endfacet
  facet normal -0.422634 0.906301 -0.000217237
    outer loop
      vertex -35.0979 28.3204 50.1639
      vertex -37.2737 27.3058 50.3212
      vertex -35.223 28.2621 50.3212
    endloop
  endfacet
  facet normal -0.422609 0.906312 0.000193617
    outer loop
      vertex -35.0979 28.3204 50.1639
      vertex -37.3988 27.2475 50.1639
      vertex -37.2737 27.3058 50.3212
    endloop
  endfacet
  facet normal -0.422609 0.906312 -0.000247672
    outer loop
      vertex -34.9925 28.3695 49.9898
      vertex -37.3988 27.2475 50.1639
      vertex -35.0979 28.3204 50.1639
    endloop
  endfacet
  facet normal -0.422611 0.906311 -0.000271839
    outer loop
      vertex -34.9925 28.3695 49.9898
      vertex -37.5042 27.1983 49.9898
      vertex -37.3988 27.2475 50.1639
    endloop
  endfacet
  facet normal -0.422611 0.906311 -0.000108058
    outer loop
      vertex -34.9086 28.4086 49.8021
      vertex -37.5042 27.1983 49.9898
      vertex -34.9925 28.3695 49.9898
    endloop
  endfacet
  facet normal -0.422611 0.906311 -0.000116811
    outer loop
      vertex -34.9086 28.4086 49.8021
      vertex -37.588 27.1592 49.8021
      vertex -37.5042 27.1983 49.9898
    endloop
  endfacet
  facet normal -0.422611 0.906311 0.0004686
    outer loop
      vertex -34.8477 28.4371 49.604
      vertex -37.588 27.1592 49.8021
      vertex -34.9086 28.4086 49.8021
    endloop
  endfacet
  facet normal -0.422627 0.906304 0.000208032
    outer loop
      vertex -34.8477 28.4371 49.604
      vertex -37.649 27.1308 49.604
      vertex -37.588 27.1592 49.8021
    endloop
  endfacet
  facet normal -0.422627 0.906304 -0.000443407
    outer loop
      vertex -34.8106 28.4543 49.3987
      vertex -37.649 27.1308 49.604
      vertex -34.8477 28.4371 49.604
    endloop
  endfacet
  facet normal -0.422613 0.90631 -0.000206987
    outer loop
      vertex -34.8106 28.4543 49.3987
      vertex -37.686 27.1135 49.3987
      vertex -37.649 27.1308 49.604
    endloop
  endfacet
  facet normal -0.422613 0.90631 7.75538e-05
    outer loop
      vertex -34.7982 28.4601 49.1898
      vertex -37.686 27.1135 49.3987
      vertex -34.8106 28.4543 49.3987
    endloop
  endfacet
  facet normal -0.422622 0.906306 -7.68903e-05
    outer loop
      vertex -34.7982 28.4601 49.1898
      vertex -37.6984 27.1077 49.1898
      vertex -37.686 27.1135 49.3987
    endloop
  endfacet
  facet normal -0.422622 0.906306 -7.69271e-05
    outer loop
      vertex -34.8106 28.4543 48.981
      vertex -37.6984 27.1077 49.1898
      vertex -34.7982 28.4601 49.1898
    endloop
  endfacet
  facet normal -0.422613 0.90631 7.7591e-05
    outer loop
      vertex -34.8106 28.4543 48.981
      vertex -37.686 27.1135 48.981
      vertex -37.6984 27.1077 49.1898
    endloop
  endfacet
  facet normal -0.422613 0.90631 0.00044032
    outer loop
      vertex -34.8477 28.4371 48.7757
      vertex -37.686 27.1135 48.981
      vertex -34.8106 28.4543 48.981
    endloop
  endfacet
  facet normal -0.422627 0.906304 0.000203904
    outer loop
      vertex -34.8477 28.4371 48.7757
      vertex -37.649 27.1308 48.7757
      vertex -37.686 27.1135 48.981
    endloop
  endfacet
  facet normal -0.422627 0.906304 -0.000462806
    outer loop
      vertex -34.9086 28.4086 48.5776
      vertex -37.649 27.1308 48.7757
      vertex -34.8477 28.4371 48.7757
    endloop
  endfacet
  facet normal -0.422611 0.906311 -0.000202234
    outer loop
      vertex -34.9086 28.4086 48.5776
      vertex -37.588 27.1592 48.5776
      vertex -37.649 27.1308 48.7757
    endloop
  endfacet
  facet normal -0.422611 0.906311 0.000108284
    outer loop
      vertex -34.9925 28.3695 48.3898
      vertex -37.588 27.1592 48.5776
      vertex -34.9086 28.4086 48.5776
    endloop
  endfacet
  facet normal -0.422611 0.906311 0.000117031
    outer loop
      vertex -34.9925 28.3695 48.3898
      vertex -37.5042 27.1983 48.3898
      vertex -37.588 27.1592 48.5776
    endloop
  endfacet
  facet normal -0.422611 0.906311 0.000248873
    outer loop
      vertex -35.0979 28.3204 48.2158
      vertex -37.5042 27.1983 48.3898
      vertex -34.9925 28.3695 48.3898
    endloop
  endfacet
  facet normal -0.422609 0.906312 0.000273055
    outer loop
      vertex -35.0979 28.3204 48.2158
      vertex -37.3988 27.2475 48.2158
      vertex -37.5042 27.1983 48.3898
    endloop
  endfacet
  facet normal -0.422609 0.906312 0.000193617
    outer loop
      vertex -35.223 28.2621 48.0585
      vertex -37.3988 27.2475 48.2158
      vertex -35.0979 28.3204 48.2158
    endloop
  endfacet
  facet normal -0.422634 0.906301 -0.000217237
    outer loop
      vertex -35.223 28.2621 48.0585
      vertex -37.2737 27.3058 48.0585
      vertex -37.3988 27.2475 48.2158
    endloop
  endfacet
  facet normal -0.422634 0.906301 -1.0152e-05
    outer loop
      vertex -35.3656 28.1956 47.9205
      vertex -37.2737 27.3058 48.0585
      vertex -35.223 28.2621 48.0585
    endloop
  endfacet
  facet normal -0.422633 0.906301 1.17919e-05
    outer loop
      vertex -35.3656 28.1956 47.9205
      vertex -37.1311 27.3723 47.9205
      vertex -37.2737 27.3058 48.0585
    endloop
  endfacet
  facet normal -0.422632 0.906301 -0.000469598
    outer loop
      vertex -35.5233 28.122 47.8042
      vertex -37.1311 27.3723 47.9205
      vertex -35.3656 28.1956 47.9205
    endloop
  endfacet
  facet normal -0.422622 0.906306 -0.000292292
    outer loop
      vertex -35.5233 28.122 47.8042
      vertex -36.9734 27.4458 47.8042
      vertex -37.1311 27.3723 47.9205
    endloop
  endfacet
  facet normal -0.422622 0.906306 0.000193641
    outer loop
      vertex -35.6934 28.0427 47.7116
      vertex -36.9734 27.4458 47.8042
      vertex -35.5233 28.122 47.8042
    endloop
  endfacet
  facet normal -0.422581 0.906325 0.000875754
    outer loop
      vertex -35.6934 28.0427 47.7116
      vertex -36.8033 27.5252 47.7116
      vertex -36.9734 27.4458 47.8042
    endloop
  endfacet
  facet normal -0.422581 0.906325 -0.000809534
    outer loop
      vertex -35.873 27.9589 47.6444
      vertex -36.8033 27.5252 47.7116
      vertex -35.6934 28.0427 47.7116
    endloop
  endfacet
  facet normal -0.422607 0.906312 -0.00125381
    outer loop
      vertex -35.873 27.9589 47.6444
      vertex -36.6236 27.6089 47.6444
      vertex -36.8033 27.5252 47.7116
    endloop
  endfacet
  facet normal -0.422607 0.906311 0.00171168
    outer loop
      vertex -36.0591 27.8722 47.6035
      vertex -36.6236 27.6089 47.6444
      vertex -35.873 27.9589 47.6444
    endloop
  endfacet
  facet normal -0.422623 0.906304 0.0014519
    outer loop
      vertex -36.0591 27.8722 47.6035
      vertex -36.4376 27.6957 47.6035
      vertex -36.6236 27.6089 47.6444
    endloop
  endfacet
  facet normal -0.422618 0.906295 -0.00485005
    outer loop
      vertex -36.4376 27.6957 47.6035
      vertex -36.0591 27.8722 47.6035
      vertex -36.2483 27.7839 47.5898
    endloop
  endfacet
  facet normal -0.0593455 -0.0276731 -0.997854
    outer loop
      vertex -27.7739 9.11636 47.6035
      vertex -36.2483 27.7839 47.5898
      vertex -27.5847 9.20462 47.5898
    endloop
  endfacet
  facet normal -0.059327 -0.0276647 -0.997855
    outer loop
      vertex -36.2483 27.7839 47.5898
      vertex -27.7739 9.11636 47.6035
      vertex -36.4376 27.6957 47.6035
    endloop
  endfacet
  facet normal 0.503611 0.234838 0.8314
    outer loop
      vertex -35.3656 28.1956 50.4592
      vertex -26.8596 9.54271 50.5755
      vertex -26.7019 9.61626 50.4592
    endloop
  endfacet
  facet normal 0.503569 0.234819 0.831432
    outer loop
      vertex -26.8596 9.54271 50.5755
      vertex -35.3656 28.1956 50.4592
      vertex -35.5233 28.122 50.5755
    endloop
  endfacet
  facet normal 0.401003 0.186991 -0.896789
    outer loop
      vertex -27.0297 9.46339 47.7116
      vertex -35.5233 28.122 47.8042
      vertex -26.8596 9.54271 47.8042
    endloop
  endfacet
  facet normal 0.401017 0.186998 -0.896781
    outer loop
      vertex -35.5233 28.122 47.8042
      vertex -27.0297 9.46339 47.7116
      vertex -35.6934 28.0427 47.7116
    endloop
  endfacet
  facet normal 0.503611 0.234838 -0.8314
    outer loop
      vertex -26.8596 9.54271 47.8042
      vertex -35.3656 28.1956 47.9205
      vertex -26.7019 9.61626 47.9205
    endloop
  endfacet
  facet normal 0.503569 0.234819 -0.831432
    outer loop
      vertex -35.3656 28.1956 47.9205
      vertex -26.8596 9.54271 47.8042
      vertex -35.5233 28.122 47.8042
    endloop
  endfacet
  facet normal -0.0589142 -0.0274719 0.997885
    outer loop
      vertex -36.2483 27.7839 50.7898
      vertex -27.7739 9.11636 50.7762
      vertex -27.5847 9.20462 50.7898
    endloop
  endfacet
  facet normal -0.0588958 -0.0274636 0.997886
    outer loop
      vertex -27.7739 9.11636 50.7762
      vertex -36.2483 27.7839 50.7898
      vertex -36.4376 27.6957 50.7762
    endloop
  endfacet
  facet normal -0.177054 -0.0825617 0.980732
    outer loop
      vertex -36.4376 27.6957 50.7762
      vertex -27.96 9.02961 50.7353
      vertex -27.7739 9.11636 50.7762
    endloop
  endfacet
  facet normal -0.177112 -0.082588 0.980719
    outer loop
      vertex -27.96 9.02961 50.7353
      vertex -36.4376 27.6957 50.7762
      vertex -36.6236 27.6089 50.7353
    endloop
  endfacet
  facet normal -0.888886 -0.414495 0.195127
    outer loop
      vertex -37.686 27.1135 49.3987
      vertex -28.9853 8.55147 49.604
      vertex -37.649 27.1308 49.604
    endloop
  endfacet
  facet normal -0.888827 -0.414464 0.195466
    outer loop
      vertex -28.9853 8.55147 49.604
      vertex -37.686 27.1135 49.3987
      vertex -29.0224 8.53421 49.3987
    endloop
  endfacet
  facet normal 0.0588886 0.0274603 0.997887
    outer loop
      vertex -36.0591 27.8722 50.7762
      vertex -27.5847 9.20462 50.7898
      vertex -27.3954 9.29288 50.7762
    endloop
  endfacet
  facet normal 0.0589094 0.0274697 0.997885
    outer loop
      vertex -27.5847 9.20462 50.7898
      vertex -36.0591 27.8722 50.7762
      vertex -36.2483 27.7839 50.7898
    endloop
  endfacet
  facet normal -0.888886 -0.414495 -0.195127
    outer loop
      vertex -28.9853 8.55147 48.7757
      vertex -37.686 27.1135 48.981
      vertex -37.649 27.1308 48.7757
    endloop
  endfacet
  facet normal -0.888827 -0.414464 -0.195466
    outer loop
      vertex -37.686 27.1135 48.981
      vertex -28.9853 8.55147 48.7757
      vertex -29.0224 8.53421 48.981
    endloop
  endfacet
  facet normal 0.681249 0.317672 0.659533
    outer loop
      vertex -35.223 28.2621 50.3212
      vertex -26.4342 9.74108 50.1639
      vertex -35.0979 28.3204 50.1639
    endloop
  endfacet
  facet normal 0.681231 0.317664 0.659556
    outer loop
      vertex -26.4342 9.74108 50.1639
      vertex -35.223 28.2621 50.3212
      vertex -26.5593 9.68276 50.3212
    endloop
  endfacet
  facet normal 0.812843 0.379033 0.442289
    outer loop
      vertex -34.9925 28.3695 49.9898
      vertex -26.245 9.82934 49.8021
      vertex -34.9086 28.4086 49.8021
    endloop
  endfacet
  facet normal 0.812983 0.379102 0.441974
    outer loop
      vertex -26.245 9.82934 49.8021
      vertex -34.9925 28.3695 49.9898
      vertex -26.3288 9.79022 49.9898
    endloop
  endfacet
  facet normal -0.753592 -0.351406 0.55553
    outer loop
      vertex -37.5042 27.1983 49.9898
      vertex -28.7351 8.66816 50.1639
      vertex -37.3988 27.2475 50.1639
    endloop
  endfacet
  facet normal -0.753642 -0.351431 0.555446
    outer loop
      vertex -28.7351 8.66816 50.1639
      vertex -37.5042 27.1983 49.9898
      vertex -28.8405 8.61902 49.9898
    endloop
  endfacet
  facet normal -0.681249 -0.317672 -0.659533
    outer loop
      vertex -28.61 8.72648 48.0585
      vertex -37.3988 27.2475 48.2158
      vertex -37.2737 27.3058 48.0585
    endloop
  endfacet
  facet normal -0.681231 -0.317664 -0.659556
    outer loop
      vertex -37.3988 27.2475 48.2158
      vertex -28.61 8.72648 48.0585
      vertex -28.7351 8.66816 48.2158
    endloop
  endfacet
  facet normal -0.812997 -0.379109 0.441941
    outer loop
      vertex -37.588 27.1592 49.8021
      vertex -28.8405 8.61902 49.9898
      vertex -37.5042 27.1983 49.9898
    endloop
  endfacet
  facet normal -0.812829 -0.379025 0.442322
    outer loop
      vertex -28.8405 8.61902 49.9898
      vertex -37.588 27.1592 49.8021
      vertex -28.9244 8.5799 49.8021
    endloop
  endfacet
  facet normal -0.291051 -0.135718 0.947032
    outer loop
      vertex -36.6236 27.6089 50.7353
      vertex -28.1396 8.94585 50.6681
      vertex -27.96 9.02961 50.7353
    endloop
  endfacet
  facet normal -0.290965 -0.135679 0.947064
    outer loop
      vertex -28.1396 8.94585 50.6681
      vertex -36.6236 27.6089 50.7353
      vertex -36.8033 27.5252 50.6681
    endloop
  endfacet
  facet normal -0.904367 -0.42171 -0.0654218
    outer loop
      vertex -29.0224 8.53421 48.981
      vertex -37.6984 27.1077 49.1898
      vertex -37.686 27.1135 48.981
    endloop
  endfacet
  facet normal -0.90437 -0.421712 -0.0653816
    outer loop
      vertex -37.6984 27.1077 49.1898
      vertex -29.0224 8.53421 48.981
      vertex -29.0348 8.52843 49.1898
    endloop
  endfacet
  facet normal -0.681249 -0.317672 0.659533
    outer loop
      vertex -37.3988 27.2475 50.1639
      vertex -28.61 8.72648 50.3212
      vertex -37.2737 27.3058 50.3212
    endloop
  endfacet
  facet normal -0.681231 -0.317664 0.659556
    outer loop
      vertex -28.61 8.72648 50.3212
      vertex -37.3988 27.2475 50.1639
      vertex -28.7351 8.66816 50.1639
    endloop
  endfacet
  facet normal 0.0593198 0.0276613 -0.997856
    outer loop
      vertex -27.5847 9.20462 47.5898
      vertex -36.0591 27.8722 47.6035
      vertex -27.3954 9.29288 47.6035
    endloop
  endfacet
  facet normal 0.0593407 0.0276708 -0.997854
    outer loop
      vertex -36.0591 27.8722 47.6035
      vertex -27.5847 9.20462 47.5898
      vertex -36.2483 27.7839 47.5898
    endloop
  endfacet
  facet normal 0.597603 0.278667 -0.751808
    outer loop
      vertex -26.7019 9.61626 47.9205
      vertex -35.223 28.2621 48.0585
      vertex -26.5593 9.68276 48.0585
    endloop
  endfacet
  facet normal 0.597603 0.278667 -0.751808
    outer loop
      vertex -35.223 28.2621 48.0585
      vertex -26.7019 9.61626 47.9205
      vertex -35.3656 28.1956 47.9205
    endloop
  endfacet
  facet normal -0.50362 -0.234843 0.831394
    outer loop
      vertex -36.9734 27.4458 50.5755
      vertex -28.4674 8.79298 50.4592
      vertex -28.3097 8.86652 50.5755
    endloop
  endfacet
  facet normal -0.503654 -0.234858 0.831369
    outer loop
      vertex -28.4674 8.79298 50.4592
      vertex -36.9734 27.4458 50.5755
      vertex -37.1311 27.3723 50.4592
    endloop
  endfacet
  facet normal -0.904369 -0.421711 0.0653906
    outer loop
      vertex -37.6984 27.1077 49.1898
      vertex -29.0224 8.53421 49.3987
      vertex -37.686 27.1135 49.3987
    endloop
  endfacet
  facet normal -0.904371 -0.421713 0.0653504
    outer loop
      vertex -29.0224 8.53421 49.3987
      vertex -37.6984 27.1077 49.1898
      vertex -29.0348 8.52843 49.1898
    endloop
  endfacet
  facet normal 0.597603 0.278667 0.751808
    outer loop
      vertex -35.223 28.2621 50.3212
      vertex -26.7019 9.61626 50.4592
      vertex -26.5593 9.68276 50.3212
    endloop
  endfacet
  facet normal 0.597603 0.278667 0.751808
    outer loop
      vertex -26.7019 9.61626 50.4592
      vertex -35.223 28.2621 50.3212
      vertex -35.3656 28.1956 50.4592
    endloop
  endfacet
  facet normal 0.177129 0.0825962 0.980716
    outer loop
      vertex -35.873 27.9589 72.6556
      vertex -27.3954 9.29288 72.6965
      vertex -27.2094 9.37963 72.6556
    endloop
  endfacet
  facet normal 0.177071 0.0825699 0.980728
    outer loop
      vertex -27.3954 9.29288 72.6965
      vertex -35.873 27.9589 72.6556
      vertex -36.0591 27.8722 72.6965
    endloop
  endfacet
  facet normal 0.888848 0.414474 -0.195349
    outer loop
      vertex -26.147 9.87502 70.9013
      vertex -34.8477 28.4371 70.696
      vertex -34.8106 28.4543 70.9013
    endloop
  endfacet
  facet normal 0.888904 0.414503 -0.19503
    outer loop
      vertex -34.8477 28.4371 70.696
      vertex -26.147 9.87502 70.9013
      vertex -26.184 9.85777 70.696
    endloop
  endfacet
  facet normal 0.904369 0.421711 -0.0653906
    outer loop
      vertex -26.1346 9.88081 71.1102
      vertex -34.8106 28.4543 70.9013
      vertex -34.7982 28.4601 71.1102
    endloop
  endfacet
  facet normal 0.90437 0.421712 -0.0653705
    outer loop
      vertex -34.8106 28.4543 70.9013
      vertex -26.1346 9.88081 71.1102
      vertex -26.147 9.87502 70.9013
    endloop
  endfacet
  facet normal 0.858219 0.400195 -0.321409
    outer loop
      vertex -26.184 9.85777 70.696
      vertex -34.9086 28.4086 70.4979
      vertex -34.8477 28.4371 70.696
    endloop
  endfacet
  facet normal 0.85814 0.400155 -0.321671
    outer loop
      vertex -34.9086 28.4086 70.4979
      vertex -26.184 9.85777 70.696
      vertex -26.245 9.82934 70.4979
    endloop
  endfacet
  facet normal -0.177054 -0.0825617 0.980732
    outer loop
      vertex -36.4376 27.6957 72.6965
      vertex -27.96 9.02961 72.6556
      vertex -27.7739 9.11636 72.6965
    endloop
  endfacet
  facet normal -0.177112 -0.082588 0.980719
    outer loop
      vertex -27.96 9.02961 72.6556
      vertex -36.4376 27.6957 72.6965
      vertex -36.6236 27.6089 72.6556
    endloop
  endfacet
  facet normal 0.753676 0.351446 -0.55539
    outer loop
      vertex -26.3288 9.79022 70.3102
      vertex -35.0979 28.3204 70.1361
      vertex -34.9925 28.3695 70.3102
    endloop
  endfacet
  facet normal 0.753642 0.35143 -0.555446
    outer loop
      vertex -35.0979 28.3204 70.1361
      vertex -26.3288 9.79022 70.3102
      vertex -26.4342 9.74108 70.1361
    endloop
  endfacet
  facet normal 0.29132 0.135845 -0.946931
    outer loop
      vertex -27.2094 9.37963 69.5647
      vertex -35.6934 28.0427 69.632
      vertex -27.0297 9.46339 69.632
    endloop
  endfacet
  facet normal 0.291417 0.135889 -0.946895
    outer loop
      vertex -35.6934 28.0427 69.632
      vertex -27.2094 9.37963 69.5647
      vertex -35.873 27.9589 69.5647
    endloop
  endfacet
  facet normal 0.904367 0.42171 0.0654218
    outer loop
      vertex -34.8106 28.4543 71.319
      vertex -26.1346 9.88081 71.1102
      vertex -34.7982 28.4601 71.1102
    endloop
  endfacet
  facet normal 0.904369 0.421711 0.0654017
    outer loop
      vertex -26.1346 9.88081 71.1102
      vertex -34.8106 28.4543 71.319
      vertex -26.147 9.87502 71.319
    endloop
  endfacet
  facet normal -0.681249 -0.317672 0.659533
    outer loop
      vertex -37.3988 27.2475 72.0842
      vertex -28.61 8.72648 72.2415
      vertex -37.2737 27.3058 72.2415
    endloop
  endfacet
  facet normal -0.681231 -0.317664 0.659556
    outer loop
      vertex -28.61 8.72648 72.2415
      vertex -37.3988 27.2475 72.0842
      vertex -28.7351 8.66816 72.0842
    endloop
  endfacet
  facet normal 0.812843 0.379033 -0.442289
    outer loop
      vertex -26.245 9.82934 70.4979
      vertex -34.9925 28.3695 70.3102
      vertex -34.9086 28.4086 70.4979
    endloop
  endfacet
  facet normal 0.812983 0.379102 -0.441974
    outer loop
      vertex -34.9925 28.3695 70.3102
      vertex -26.245 9.82934 70.4979
      vertex -26.3288 9.79022 70.3102
    endloop
  endfacet
  facet normal -0.858157 -0.400162 -0.321616
    outer loop
      vertex -28.9244 8.5799 70.4979
      vertex -37.649 27.1308 70.696
      vertex -37.588 27.1592 70.4979
    endloop
  endfacet
  facet normal -0.858258 -0.400213 -0.321282
    outer loop
      vertex -37.649 27.1308 70.696
      vertex -28.9244 8.5799 70.4979
      vertex -28.9853 8.55147 70.696
    endloop
  endfacet
  facet normal 0.0588886 0.0274603 -0.997887
    outer loop
      vertex -27.5847 9.20462 69.5102
      vertex -36.0591 27.8722 69.5238
      vertex -27.3954 9.29288 69.5238
    endloop
  endfacet
  facet normal 0.0589094 0.0274697 -0.997885
    outer loop
      vertex -36.0591 27.8722 69.5238
      vertex -27.5847 9.20462 69.5102
      vertex -36.2483 27.7839 69.5102
    endloop
  endfacet
  facet normal 0.858264 0.400216 0.321264
    outer loop
      vertex -34.9086 28.4086 71.7225
      vertex -26.184 9.85777 71.5243
      vertex -34.8477 28.4371 71.5243
    endloop
  endfacet
  facet normal 0.858185 0.400176 0.321525
    outer loop
      vertex -26.184 9.85777 71.5243
      vertex -34.9086 28.4086 71.7225
      vertex -26.245 9.82934 71.7225
    endloop
  endfacet
  facet normal -0.681249 -0.317672 -0.659533
    outer loop
      vertex -28.61 8.72648 69.9788
      vertex -37.3988 27.2475 70.1361
      vertex -37.2737 27.3058 69.9788
    endloop
  endfacet
  facet normal -0.681231 -0.317664 -0.659556
    outer loop
      vertex -37.3988 27.2475 70.1361
      vertex -28.61 8.72648 69.9788
      vertex -28.7351 8.66816 70.1361
    endloop
  endfacet
  facet normal 0.888848 0.414474 0.195349
    outer loop
      vertex -34.8477 28.4371 71.5243
      vertex -26.147 9.87502 71.319
      vertex -34.8106 28.4543 71.319
    endloop
  endfacet
  facet normal 0.888904 0.414503 0.19503
    outer loop
      vertex -26.147 9.87502 71.319
      vertex -34.8477 28.4371 71.5243
      vertex -26.184 9.85777 71.5243
    endloop
  endfacet
  facet normal -0.597603 -0.278667 -0.751808
    outer loop
      vertex -28.61 8.72648 69.9788
      vertex -37.1311 27.3723 69.8408
      vertex -28.4674 8.79298 69.8408
    endloop
  endfacet
  facet normal -0.597603 -0.278667 -0.751808
    outer loop
      vertex -37.1311 27.3723 69.8408
      vertex -28.61 8.72648 69.9788
      vertex -37.2737 27.3058 69.9788
    endloop
  endfacet
  facet normal 0.290931 0.135664 0.947077
    outer loop
      vertex -35.6934 28.0427 72.5884
      vertex -27.2094 9.37963 72.6556
      vertex -27.0297 9.46339 72.5884
    endloop
  endfacet
  facet normal 0.291029 0.135708 0.94704
    outer loop
      vertex -27.2094 9.37963 72.6556
      vertex -35.6934 28.0427 72.5884
      vertex -35.873 27.9589 72.6556
    endloop
  endfacet
  facet normal 0.753542 0.351384 0.555611
    outer loop
      vertex -35.0979 28.3204 72.0842
      vertex -26.3288 9.79022 71.9102
      vertex -34.9925 28.3695 71.9102
    endloop
  endfacet
  facet normal 0.753509 0.351368 0.555667
    outer loop
      vertex -26.3288 9.79022 71.9102
      vertex -35.0979 28.3204 72.0842
      vertex -26.4342 9.74108 72.0842
    endloop
  endfacet
  facet normal -0.597603 -0.278667 0.751808
    outer loop
      vertex -37.1311 27.3723 72.3795
      vertex -28.61 8.72648 72.2415
      vertex -28.4674 8.79298 72.3795
    endloop
  endfacet
  facet normal -0.597603 -0.278667 0.751808
    outer loop
      vertex -28.61 8.72648 72.2415
      vertex -37.1311 27.3723 72.3795
      vertex -37.2737 27.3058 72.2415
    endloop
  endfacet
  facet normal -0.50362 -0.234843 0.831394
    outer loop
      vertex -36.9734 27.4458 72.4958
      vertex -28.4674 8.79298 72.3795
      vertex -28.3097 8.86652 72.4958
    endloop
  endfacet
  facet normal -0.503654 -0.234858 0.831369
    outer loop
      vertex -28.4674 8.79298 72.3795
      vertex -36.9734 27.4458 72.4958
      vertex -37.1311 27.3723 72.3795
    endloop
  endfacet
  facet normal -0.812997 -0.379109 0.441941
    outer loop
      vertex -37.588 27.1592 71.7225
      vertex -28.8405 8.61902 71.9102
      vertex -37.5042 27.1983 71.9102
    endloop
  endfacet
  facet normal -0.812829 -0.379025 0.442322
    outer loop
      vertex -28.8405 8.61902 71.9102
      vertex -37.588 27.1592 71.7225
      vertex -28.9244 8.5799 71.7225
    endloop
  endfacet
  facet normal -0.400647 -0.186825 -0.896983
    outer loop
      vertex -28.3097 8.86652 69.7245
      vertex -36.8033 27.5252 69.632
      vertex -28.1396 8.94585 69.632
    endloop
  endfacet
  facet normal -0.400596 -0.186802 -0.89701
    outer loop
      vertex -36.8033 27.5252 69.632
      vertex -28.3097 8.86652 69.7245
      vertex -36.9734 27.4458 69.7245
    endloop
  endfacet
  facet normal 0.401003 0.186991 0.896789
    outer loop
      vertex -35.5233 28.122 72.4958
      vertex -27.0297 9.46339 72.5884
      vertex -26.8596 9.54271 72.4958
    endloop
  endfacet
  facet normal 0.401017 0.186998 0.896781
    outer loop
      vertex -27.0297 9.46339 72.5884
      vertex -35.5233 28.122 72.4958
      vertex -35.6934 28.0427 72.5884
    endloop
  endfacet
  facet normal -0.753592 -0.351406 -0.55553
    outer loop
      vertex -28.7351 8.66816 70.1361
      vertex -37.5042 27.1983 70.3102
      vertex -37.3988 27.2475 70.1361
    endloop
  endfacet
  facet normal -0.753642 -0.351431 -0.555446
    outer loop
      vertex -37.5042 27.1983 70.3102
      vertex -28.7351 8.66816 70.1361
      vertex -28.8405 8.61902 70.3102
    endloop
  endfacet
  facet normal -0.888886 -0.414495 0.195127
    outer loop
      vertex -37.686 27.1135 71.319
      vertex -28.9853 8.55147 71.5243
      vertex -37.649 27.1308 71.5243
    endloop
  endfacet
  facet normal -0.888827 -0.414464 0.195466
    outer loop
      vertex -28.9853 8.55147 71.5243
      vertex -37.686 27.1135 71.319
      vertex -29.0224 8.53421 71.319
    endloop
  endfacet
  facet normal -0.858202 -0.400183 0.321471
    outer loop
      vertex -37.649 27.1308 71.5243
      vertex -28.9244 8.5799 71.7225
      vertex -37.588 27.1592 71.7225
    endloop
  endfacet
  facet normal -0.858303 -0.400234 0.321137
    outer loop
      vertex -28.9244 8.5799 71.7225
      vertex -37.649 27.1308 71.5243
      vertex -28.9853 8.55147 71.5243
    endloop
  endfacet
  facet normal 0.503611 0.234838 -0.8314
    outer loop
      vertex -26.8596 9.54271 69.7245
      vertex -35.3656 28.1956 69.8408
      vertex -26.7019 9.61626 69.8408
    endloop
  endfacet
  facet normal 0.503569 0.234819 -0.831432
    outer loop
      vertex -35.3656 28.1956 69.8408
      vertex -26.8596 9.54271 69.7245
      vertex -35.5233 28.122 69.7245
    endloop
  endfacet
  facet normal -0.50362 -0.234843 -0.831394
    outer loop
      vertex -28.4674 8.79298 69.8408
      vertex -36.9734 27.4458 69.7245
      vertex -28.3097 8.86652 69.7245
    endloop
  endfacet
  facet normal -0.503654 -0.234858 -0.831369
    outer loop
      vertex -36.9734 27.4458 69.7245
      vertex -28.4674 8.79298 69.8408
      vertex -37.1311 27.3723 69.8408
    endloop
  endfacet
  facet normal 0.503611 0.234838 0.8314
    outer loop
      vertex -35.3656 28.1956 72.3795
      vertex -26.8596 9.54271 72.4958
      vertex -26.7019 9.61626 72.3795
    endloop
  endfacet
  facet normal 0.503569 0.234819 0.831432
    outer loop
      vertex -26.8596 9.54271 72.4958
      vertex -35.3656 28.1956 72.3795
      vertex -35.5233 28.122 72.4958
    endloop
  endfacet
  facet normal 0.681249 0.317672 -0.659533
    outer loop
      vertex -26.4342 9.74108 70.1361
      vertex -35.223 28.2621 69.9788
      vertex -35.0979 28.3204 70.1361
    endloop
  endfacet
  facet normal 0.681231 0.317664 -0.659556
    outer loop
      vertex -35.223 28.2621 69.9788
      vertex -26.4342 9.74108 70.1361
      vertex -26.5593 9.68276 69.9788
    endloop
  endfacet
  facet normal -0.812997 -0.379109 -0.441941
    outer loop
      vertex -28.8405 8.61902 70.3102
      vertex -37.588 27.1592 70.4979
      vertex -37.5042 27.1983 70.3102
    endloop
  endfacet
  facet normal -0.812829 -0.379025 -0.442322
    outer loop
      vertex -37.588 27.1592 70.4979
      vertex -28.8405 8.61902 70.3102
      vertex -28.9244 8.5799 70.4979
    endloop
  endfacet
  facet normal -0.400996 -0.186987 0.896793
    outer loop
      vertex -36.8033 27.5252 72.5884
      vertex -28.3097 8.86652 72.4958
      vertex -28.1396 8.94585 72.5884
    endloop
  endfacet
  facet normal -0.400944 -0.186964 0.896821
    outer loop
      vertex -28.3097 8.86652 72.4958
      vertex -36.8033 27.5252 72.5884
      vertex -36.9734 27.4458 72.4958
    endloop
  endfacet
  facet normal -0.29144 -0.135899 -0.946887
    outer loop
      vertex -28.1396 8.94585 69.632
      vertex -36.6236 27.6089 69.5647
      vertex -27.96 9.02961 69.5647
    endloop
  endfacet
  facet normal -0.291353 -0.13586 -0.946919
    outer loop
      vertex -36.6236 27.6089 69.5647
      vertex -28.1396 8.94585 69.632
      vertex -36.8033 27.5252 69.632
    endloop
  endfacet
  facet normal -0.753458 -0.351344 0.55575
    outer loop
      vertex -37.5042 27.1983 71.9102
      vertex -28.7351 8.66816 72.0842
      vertex -37.3988 27.2475 72.0842
    endloop
  endfacet
  facet normal -0.753508 -0.351368 0.555667
    outer loop
      vertex -28.7351 8.66816 72.0842
      vertex -37.5042 27.1983 71.9102
      vertex -28.8405 8.61902 71.9102
    endloop
  endfacet
  facet normal -0.888886 -0.414495 -0.195127
    outer loop
      vertex -28.9853 8.55147 70.696
      vertex -37.686 27.1135 70.9013
      vertex -37.649 27.1308 70.696
    endloop
  endfacet
  facet normal -0.888827 -0.414464 -0.195466
    outer loop
      vertex -37.686 27.1135 70.9013
      vertex -28.9853 8.55147 70.696
      vertex -29.0224 8.53421 70.9013
    endloop
  endfacet
  facet normal 0.812843 0.379033 0.442289
    outer loop
      vertex -34.9925 28.3695 71.9102
      vertex -26.245 9.82934 71.7225
      vertex -34.9086 28.4086 71.7225
    endloop
  endfacet
  facet normal 0.812983 0.379102 0.441974
    outer loop
      vertex -26.245 9.82934 71.7225
      vertex -34.9925 28.3695 71.9102
      vertex -26.3288 9.79022 71.9102
    endloop
  endfacet
  facet normal 0.400654 0.186829 -0.896979
    outer loop
      vertex -27.0297 9.46339 69.632
      vertex -35.5233 28.122 69.7245
      vertex -26.8596 9.54271 69.7245
    endloop
  endfacet
  facet normal 0.400669 0.186835 -0.896971
    outer loop
      vertex -35.5233 28.122 69.7245
      vertex -27.0297 9.46339 69.632
      vertex -35.6934 28.0427 69.632
    endloop
  endfacet
  facet normal -0.0589142 -0.0274719 -0.997885
    outer loop
      vertex -27.7739 9.11636 69.5238
      vertex -36.2483 27.7839 69.5102
      vertex -27.5847 9.20462 69.5102
    endloop
  endfacet
  facet normal -0.0588958 -0.0274636 -0.997886
    outer loop
      vertex -36.2483 27.7839 69.5102
      vertex -27.7739 9.11636 69.5238
      vertex -36.4376 27.6957 69.5238
    endloop
  endfacet
  facet normal 0.177129 0.0825962 -0.980716
    outer loop
      vertex -27.3954 9.29288 69.5238
      vertex -35.873 27.9589 69.5647
      vertex -27.2094 9.37963 69.5647
    endloop
  endfacet
  facet normal 0.177071 0.0825699 -0.980728
    outer loop
      vertex -35.873 27.9589 69.5647
      vertex -27.3954 9.29288 69.5238
      vertex -36.0591 27.8722 69.5238
    endloop
  endfacet
  facet normal -0.177054 -0.0825617 -0.980732
    outer loop
      vertex -27.96 9.02961 69.5647
      vertex -36.4376 27.6957 69.5238
      vertex -27.7739 9.11636 69.5238
    endloop
  endfacet
  facet normal -0.177112 -0.082588 -0.980719
    outer loop
      vertex -36.4376 27.6957 69.5238
      vertex -27.96 9.02961 69.5647
      vertex -36.6236 27.6089 69.5647
    endloop
  endfacet
  facet normal -0.904369 -0.421711 -0.0653906
    outer loop
      vertex -29.0224 8.53421 70.9013
      vertex -37.6984 27.1077 71.1102
      vertex -37.686 27.1135 70.9013
    endloop
  endfacet
  facet normal -0.904371 -0.421713 -0.0653504
    outer loop
      vertex -37.6984 27.1077 71.1102
      vertex -29.0224 8.53421 70.9013
      vertex -29.0348 8.52843 71.1102
    endloop
  endfacet
  facet normal -0.291051 -0.135718 0.947032
    outer loop
      vertex -36.6236 27.6089 72.6556
      vertex -28.1396 8.94585 72.5884
      vertex -27.96 9.02961 72.6556
    endloop
  endfacet
  facet normal -0.290965 -0.135679 0.947064
    outer loop
      vertex -28.1396 8.94585 72.5884
      vertex -36.6236 27.6089 72.6556
      vertex -36.8033 27.5252 72.5884
    endloop
  endfacet
  facet normal -0.422618 0.906295 0.00485005
    outer loop
      vertex -36.0591 27.8722 72.6965
      vertex -36.4376 27.6957 72.6965
      vertex -36.2483 27.7839 72.7102
    endloop
  endfacet
  facet normal -0.422623 0.906304 -0.00179731
    outer loop
      vertex -35.873 27.9589 72.6556
      vertex -36.4376 27.6957 72.6965
      vertex -36.0591 27.8722 72.6965
    endloop
  endfacet
  facet normal -0.422607 0.906312 -0.00153751
    outer loop
      vertex -35.873 27.9589 72.6556
      vertex -36.6236 27.6089 72.6556
      vertex -36.4376 27.6957 72.6965
    endloop
  endfacet
  facet normal -0.422608 0.906312 0.000723752
    outer loop
      vertex -35.6934 28.0427 72.5884
      vertex -36.6236 27.6089 72.6556
      vertex -35.873 27.9589 72.6556
    endloop
  endfacet
  facet normal -0.422581 0.906324 0.001168
    outer loop
      vertex -35.6934 28.0427 72.5884
      vertex -36.8033 27.5252 72.5884
      vertex -36.6236 27.6089 72.6556
    endloop
  endfacet
  facet normal -0.422581 0.906325 -0.000102999
    outer loop
      vertex -35.5233 28.122 72.4958
      vertex -36.8033 27.5252 72.5884
      vertex -35.6934 28.0427 72.5884
    endloop
  endfacet
  facet normal -0.422622 0.906306 -0.000785091
    outer loop
      vertex -35.5233 28.122 72.4958
      vertex -36.9734 27.4458 72.4958
      vertex -36.8033 27.5252 72.5884
    endloop
  endfacet
  facet normal -0.422622 0.906306 0.000486991
    outer loop
      vertex -35.3656 28.1956 72.3795
      vertex -36.9734 27.4458 72.4958
      vertex -35.5233 28.122 72.4958
    endloop
  endfacet
  facet normal -0.422633 0.906301 0.000309681
    outer loop
      vertex -35.3656 28.1956 72.3795
      vertex -37.1311 27.3723 72.3795
      vertex -36.9734 27.4458 72.4958
    endloop
  endfacet
  facet normal -0.422633 0.906301 1.17919e-05
    outer loop
      vertex -35.223 28.2621 72.2415
      vertex -37.1311 27.3723 72.3795
      vertex -35.3656 28.1956 72.3795
    endloop
  endfacet
  facet normal -0.422634 0.906301 -1.0152e-05
    outer loop
      vertex -35.223 28.2621 72.2415
      vertex -37.2737 27.3058 72.2415
      vertex -37.1311 27.3723 72.3795
    endloop
  endfacet
  facet normal -0.422634 0.906301 -0.000217237
    outer loop
      vertex -35.0979 28.3204 72.0842
      vertex -37.2737 27.3058 72.2415
      vertex -35.223 28.2621 72.2415
    endloop
  endfacet
  facet normal -0.422609 0.906312 0.000193617
    outer loop
      vertex -35.0979 28.3204 72.0842
      vertex -37.3988 27.2475 72.0842
      vertex -37.2737 27.3058 72.2415
    endloop
  endfacet
  facet normal -0.422609 0.906312 -0.000247814
    outer loop
      vertex -34.9925 28.3695 71.9102
      vertex -37.3988 27.2475 72.0842
      vertex -35.0979 28.3204 72.0842
    endloop
  endfacet
  facet normal -0.422611 0.906311 -0.000271996
    outer loop
      vertex -34.9925 28.3695 71.9102
      vertex -37.5042 27.1983 71.9102
      vertex -37.3988 27.2475 72.0842
    endloop
  endfacet
  facet normal -0.422611 0.906311 -0.000108058
    outer loop
      vertex -34.9086 28.4086 71.7225
      vertex -37.5042 27.1983 71.9102
      vertex -34.9925 28.3695 71.9102
    endloop
  endfacet
  facet normal -0.422611 0.906311 -0.000116811
    outer loop
      vertex -34.9086 28.4086 71.7225
      vertex -37.588 27.1592 71.7225
      vertex -37.5042 27.1983 71.9102
    endloop
  endfacet
  facet normal -0.422611 0.906311 0.000468364
    outer loop
      vertex -34.8477 28.4371 71.5243
      vertex -37.588 27.1592 71.7225
      vertex -34.9086 28.4086 71.7225
    endloop
  endfacet
  facet normal -0.422627 0.906304 0.000207927
    outer loop
      vertex -34.8477 28.4371 71.5243
      vertex -37.649 27.1308 71.5243
      vertex -37.588 27.1592 71.7225
    endloop
  endfacet
  facet normal -0.422627 0.906304 -0.000443407
    outer loop
      vertex -34.8106 28.4543 71.319
      vertex -37.649 27.1308 71.5243
      vertex -34.8477 28.4371 71.5243
    endloop
  endfacet
  facet normal -0.422613 0.90631 -0.000206987
    outer loop
      vertex -34.8106 28.4543 71.319
      vertex -37.686 27.1135 71.319
      vertex -37.649 27.1308 71.5243
    endloop
  endfacet
  facet normal -0.422613 0.90631 7.7591e-05
    outer loop
      vertex -34.7982 28.4601 71.1102
      vertex -37.686 27.1135 71.319
      vertex -34.8106 28.4543 71.319
    endloop
  endfacet
  facet normal -0.422622 0.906306 -7.69271e-05
    outer loop
      vertex -34.7982 28.4601 71.1102
      vertex -37.6984 27.1077 71.1102
      vertex -37.686 27.1135 71.319
    endloop
  endfacet
  facet normal -0.422622 0.906306 -7.68903e-05
    outer loop
      vertex -34.8106 28.4543 70.9013
      vertex -37.6984 27.1077 71.1102
      vertex -34.7982 28.4601 71.1102
    endloop
  endfacet
  facet normal -0.422613 0.90631 7.75538e-05
    outer loop
      vertex -34.8106 28.4543 70.9013
      vertex -37.686 27.1135 70.9013
      vertex -37.6984 27.1077 71.1102
    endloop
  endfacet
  facet normal -0.422613 0.90631 0.00044032
    outer loop
      vertex -34.8477 28.4371 70.696
      vertex -37.686 27.1135 70.9013
      vertex -34.8106 28.4543 70.9013
    endloop
  endfacet
  facet normal -0.422627 0.906304 0.000203904
    outer loop
      vertex -34.8477 28.4371 70.696
      vertex -37.649 27.1308 70.696
      vertex -37.686 27.1135 70.9013
    endloop
  endfacet
  facet normal -0.422627 0.906304 -0.000462806
    outer loop
      vertex -34.9086 28.4086 70.4979
      vertex -37.649 27.1308 70.696
      vertex -34.8477 28.4371 70.696
    endloop
  endfacet
  facet normal -0.422611 0.906311 -0.000202234
    outer loop
      vertex -34.9086 28.4086 70.4979
      vertex -37.588 27.1592 70.4979
      vertex -37.649 27.1308 70.696
    endloop
  endfacet
  facet normal -0.422611 0.906311 0.000108341
    outer loop
      vertex -34.9925 28.3695 70.3102
      vertex -37.588 27.1592 70.4979
      vertex -34.9086 28.4086 70.4979
    endloop
  endfacet
  facet normal -0.422611 0.906311 0.000117094
    outer loop
      vertex -34.9925 28.3695 70.3102
      vertex -37.5042 27.1983 70.3102
      vertex -37.588 27.1592 70.4979
    endloop
  endfacet
  facet normal -0.422611 0.906311 0.00024873
    outer loop
      vertex -35.0979 28.3204 70.1361
      vertex -37.5042 27.1983 70.3102
      vertex -34.9925 28.3695 70.3102
    endloop
  endfacet
  facet normal -0.422609 0.906312 0.000272898
    outer loop
      vertex -35.0979 28.3204 70.1361
      vertex -37.3988 27.2475 70.1361
      vertex -37.5042 27.1983 70.3102
    endloop
  endfacet
  facet normal -0.422609 0.906312 0.000193617
    outer loop
      vertex -35.223 28.2621 69.9788
      vertex -37.3988 27.2475 70.1361
      vertex -35.0979 28.3204 70.1361
    endloop
  endfacet
  facet normal -0.422634 0.906301 -0.000217237
    outer loop
      vertex -35.223 28.2621 69.9788
      vertex -37.2737 27.3058 69.9788
      vertex -37.3988 27.2475 70.1361
    endloop
  endfacet
  facet normal -0.422634 0.906301 -1.0152e-05
    outer loop
      vertex -35.3656 28.1956 69.8408
      vertex -37.2737 27.3058 69.9788
      vertex -35.223 28.2621 69.9788
    endloop
  endfacet
  facet normal -0.422633 0.906301 1.17919e-05
    outer loop
      vertex -35.3656 28.1956 69.8408
      vertex -37.1311 27.3723 69.8408
      vertex -37.2737 27.3058 69.9788
    endloop
  endfacet
  facet normal -0.422632 0.906301 -0.000469598
    outer loop
      vertex -35.5233 28.122 69.7245
      vertex -37.1311 27.3723 69.8408
      vertex -35.3656 28.1956 69.8408
    endloop
  endfacet
  facet normal -0.422622 0.906306 -0.000292292
    outer loop
      vertex -35.5233 28.122 69.7245
      vertex -36.9734 27.4458 69.7245
      vertex -37.1311 27.3723 69.8408
    endloop
  endfacet
  facet normal -0.422622 0.906306 0.00019385
    outer loop
      vertex -35.6934 28.0427 69.632
      vertex -36.9734 27.4458 69.7245
      vertex -35.5233 28.122 69.7245
    endloop
  endfacet
  facet normal -0.422581 0.906325 0.0008767
    outer loop
      vertex -35.6934 28.0427 69.632
      vertex -36.8033 27.5252 69.632
      vertex -36.9734 27.4458 69.7245
    endloop
  endfacet
  facet normal -0.422581 0.906325 -0.000808332
    outer loop
      vertex -35.873 27.9589 69.5647
      vertex -36.8033 27.5252 69.632
      vertex -35.6934 28.0427 69.632
    endloop
  endfacet
  facet normal -0.422607 0.906312 -0.00125194
    outer loop
      vertex -35.873 27.9589 69.5647
      vertex -36.6236 27.6089 69.5647
      vertex -36.8033 27.5252 69.632
    endloop
  endfacet
  facet normal -0.422607 0.906311 0.00171168
    outer loop
      vertex -36.0591 27.8722 69.5238
      vertex -36.6236 27.6089 69.5647
      vertex -35.873 27.9589 69.5647
    endloop
  endfacet
  facet normal -0.422623 0.906304 0.0014519
    outer loop
      vertex -36.0591 27.8722 69.5238
      vertex -36.4376 27.6957 69.5238
      vertex -36.6236 27.6089 69.5647
    endloop
  endfacet
  facet normal -0.422618 0.906295 -0.00488571
    outer loop
      vertex -36.4376 27.6957 69.5238
      vertex -36.0591 27.8722 69.5238
      vertex -36.2483 27.7839 69.5102
    endloop
  endfacet
  facet normal 0.0593198 0.0276613 0.997856
    outer loop
      vertex -36.0591 27.8722 72.6965
      vertex -27.5847 9.20462 72.7102
      vertex -27.3954 9.29288 72.6965
    endloop
  endfacet
  facet normal 0.0593407 0.0276708 0.997854
    outer loop
      vertex -27.5847 9.20462 72.7102
      vertex -36.0591 27.8722 72.6965
      vertex -36.2483 27.7839 72.7102
    endloop
  endfacet
  facet normal 0.597603 0.278667 -0.751808
    outer loop
      vertex -26.7019 9.61626 69.8408
      vertex -35.223 28.2621 69.9788
      vertex -26.5593 9.68276 69.9788
    endloop
  endfacet
  facet normal 0.597603 0.278667 -0.751808
    outer loop
      vertex -35.223 28.2621 69.9788
      vertex -26.7019 9.61626 69.8408
      vertex -35.3656 28.1956 69.8408
    endloop
  endfacet
  facet normal -0.0593455 -0.0276731 0.997854
    outer loop
      vertex -36.2483 27.7839 72.7102
      vertex -27.7739 9.11636 72.6965
      vertex -27.5847 9.20462 72.7102
    endloop
  endfacet
  facet normal -0.059327 -0.0276647 0.997855
    outer loop
      vertex -27.7739 9.11636 72.6965
      vertex -36.2483 27.7839 72.7102
      vertex -36.4376 27.6957 72.6965
    endloop
  endfacet
  facet normal -0.904367 -0.42171 0.0654218
    outer loop
      vertex -37.6984 27.1077 71.1102
      vertex -29.0224 8.53421 71.319
      vertex -37.686 27.1135 71.319
    endloop
  endfacet
  facet normal -0.90437 -0.421712 0.0653816
    outer loop
      vertex -29.0224 8.53421 71.319
      vertex -37.6984 27.1077 71.1102
      vertex -29.0348 8.52843 71.1102
    endloop
  endfacet
  facet normal 0.597603 0.278667 0.751808
    outer loop
      vertex -35.223 28.2621 72.2415
      vertex -26.7019 9.61626 72.3795
      vertex -26.5593 9.68276 72.2415
    endloop
  endfacet
  facet normal 0.597603 0.278667 0.751808
    outer loop
      vertex -26.7019 9.61626 72.3795
      vertex -35.223 28.2621 72.2415
      vertex -35.3656 28.1956 72.3795
    endloop
  endfacet
  facet normal 0.681249 0.317672 0.659533
    outer loop
      vertex -35.223 28.2621 72.2415
      vertex -26.4342 9.74108 72.0842
      vertex -35.0979 28.3204 72.0842
    endloop
  endfacet
  facet normal 0.681231 0.317664 0.659556
    outer loop
      vertex -26.4342 9.74108 72.0842
      vertex -35.223 28.2621 72.2415
      vertex -26.5593 9.68276 72.2415
    endloop
  endfacet
  facet normal 0.888888 0.414493 -0.195127
    outer loop
      vertex -6.28043 19.1389 70.9013
      vertex -14.9811 37.701 70.696
      vertex -14.9441 37.7183 70.9013
    endloop
  endfacet
  facet normal 0.888922 0.414511 -0.194933
    outer loop
      vertex -14.9811 37.701 70.696
      vertex -6.28043 19.1389 70.9013
      vertex -6.31743 19.1217 70.696
    endloop
  endfacet
  facet normal 0.90438 0.42172 -0.0651896
    outer loop
      vertex -6.26802 19.1447 71.1102
      vertex -14.9441 37.7183 70.9013
      vertex -14.9317 37.724 71.1102
    endloop
  endfacet
  facet normal 0.904366 0.421711 -0.0654337
    outer loop
      vertex -14.9441 37.7183 70.9013
      vertex -6.26802 19.1447 71.1102
      vertex -6.28043 19.1389 70.9013
    endloop
  endfacet
  facet normal 0.858156 0.400165 -0.321616
    outer loop
      vertex -6.31743 19.1217 70.696
      vertex -15.0421 37.6726 70.4979
      vertex -14.9811 37.701 70.696
    endloop
  endfacet
  facet normal 0.858191 0.400182 -0.3215
    outer loop
      vertex -15.0421 37.6726 70.4979
      vertex -6.31743 19.1217 70.696
      vertex -6.3784 19.0933 70.4979
    endloop
  endfacet
  facet normal 0.753676 0.351446 -0.55539
    outer loop
      vertex -6.4623 19.0541 70.3102
      vertex -15.2314 37.5843 70.1361
      vertex -15.126 37.6334 70.3102
    endloop
  endfacet
  facet normal 0.753712 0.351464 -0.55533
    outer loop
      vertex -15.2314 37.5843 70.1361
      vertex -6.4623 19.0541 70.3102
      vertex -6.56768 19.005 70.1361
    endloop
  endfacet
  facet normal 0.29146 0.135911 -0.946879
    outer loop
      vertex -7.3428 18.6436 69.5647
      vertex -15.8269 37.3066 69.632
      vertex -7.16319 18.7273 69.632
    endloop
  endfacet
  facet normal 0.291472 0.135916 -0.946874
    outer loop
      vertex -15.8269 37.3066 69.632
      vertex -7.3428 18.6436 69.5647
      vertex -16.0065 37.2229 69.5647
    endloop
  endfacet
  facet normal -0.291461 -0.13591 -0.946879
    outer loop
      vertex -8.27304 18.2098 69.632
      vertex -16.7571 36.8728 69.5647
      vertex -8.09343 18.2935 69.5647
    endloop
  endfacet
  facet normal -0.291473 -0.135916 -0.946874
    outer loop
      vertex -16.7571 36.8728 69.5647
      vertex -8.27304 18.2098 69.632
      vertex -16.9367 36.7891 69.632
    endloop
  endfacet
  facet normal 0.400987 0.186982 0.896798
    outer loop
      vertex -15.6567 37.3859 72.4958
      vertex -7.16319 18.7273 72.5884
      vertex -6.99307 18.8066 72.4958
    endloop
  endfacet
  facet normal 0.400861 0.186926 0.896866
    outer loop
      vertex -7.16319 18.7273 72.5884
      vertex -15.6567 37.3859 72.4958
      vertex -15.8269 37.3066 72.5884
    endloop
  endfacet
  facet normal 0.904378 0.421719 0.0652207
    outer loop
      vertex -14.9441 37.7183 71.319
      vertex -6.26802 19.1447 71.1102
      vertex -14.9317 37.724 71.1102
    endloop
  endfacet
  facet normal 0.904365 0.42171 0.0654649
    outer loop
      vertex -6.26802 19.1447 71.1102
      vertex -14.9441 37.7183 71.319
      vertex -6.28043 19.1389 71.319
    endloop
  endfacet
  facet normal -0.422529 0.906343 -0.00330782
    outer loop
      vertex -16.1925 37.1361 72.6965
      vertex -16.5711 36.9596 72.6965
      vertex -16.3818 37.0479 72.7102
    endloop
  endfacet
  facet normal -0.422531 0.906346 0.00195964
    outer loop
      vertex -16.0065 37.2229 72.6556
      vertex -16.5711 36.9596 72.6965
      vertex -16.1925 37.1361 72.6965
    endloop
  endfacet
  facet normal -0.422707 0.906266 -0.000988347
    outer loop
      vertex -16.0065 37.2229 72.6556
      vertex -16.7571 36.8728 72.6556
      vertex -16.5711 36.9596 72.6965
    endloop
  endfacet
  facet normal -0.422707 0.906266 -0.000947585
    outer loop
      vertex -15.8269 37.3066 72.5884
      vertex -16.7571 36.8728 72.6556
      vertex -16.0065 37.2229 72.6556
    endloop
  endfacet
  facet normal -0.422613 0.90631 0.000640919
    outer loop
      vertex -15.8269 37.3066 72.5884
      vertex -16.9367 36.7891 72.5884
      vertex -16.7571 36.8728 72.6556
    endloop
  endfacet
  facet normal -0.422613 0.90631 -0.000629326
    outer loop
      vertex -15.6567 37.3859 72.4958
      vertex -16.9367 36.7891 72.5884
      vertex -15.8269 37.3066 72.5884
    endloop
  endfacet
  facet normal -0.422571 0.90633 7.88352e-05
    outer loop
      vertex -15.6567 37.3859 72.4958
      vertex -17.1068 36.7098 72.4958
      vertex -16.9367 36.7891 72.5884
    endloop
  endfacet
  facet normal -0.422571 0.90633 0.000571754
    outer loop
      vertex -15.499 37.4595 72.3795
      vertex -17.1068 36.7098 72.4958
      vertex -15.6567 37.3859 72.4958
    endloop
  endfacet
  facet normal -0.422613 0.90631 -0.000138679
    outer loop
      vertex -15.499 37.4595 72.3795
      vertex -17.2646 36.6362 72.3795
      vertex -17.1068 36.7098 72.4958
    endloop
  endfacet
  facet normal -0.422613 0.90631 3.65273e-05
    outer loop
      vertex -15.3564 37.526 72.2415
      vertex -17.2646 36.6362 72.3795
      vertex -15.499 37.4595 72.3795
    endloop
  endfacet
  facet normal -0.422617 0.906308 -3.14474e-05
    outer loop
      vertex -15.3564 37.526 72.2415
      vertex -17.4072 36.5697 72.2415
      vertex -17.2646 36.6362 72.3795
    endloop
  endfacet
  facet normal -0.422617 0.906308 6.78205e-05
    outer loop
      vertex -15.2314 37.5843 72.0842
      vertex -17.4072 36.5697 72.2415
      vertex -15.3564 37.526 72.2415
    endloop
  endfacet
  facet normal -0.422625 0.906305 -6.04511e-05
    outer loop
      vertex -15.2314 37.5843 72.0842
      vertex -17.5322 36.5114 72.0842
      vertex -17.4072 36.5697 72.2415
    endloop
  endfacet
  facet normal -0.422625 0.906305 -0.000258938
    outer loop
      vertex -15.126 37.6334 71.9102
      vertex -17.5322 36.5114 72.0842
      vertex -15.2314 37.5843 72.0842
    endloop
  endfacet
  facet normal -0.422595 0.906319 0.000237209
    outer loop
      vertex -15.126 37.6334 71.9102
      vertex -17.6376 36.4623 71.9102
      vertex -17.5322 36.5114 72.0842
    endloop
  endfacet
  facet normal -0.422595 0.906319 0.000383404
    outer loop
      vertex -15.0421 37.6726 71.7225
      vertex -17.6376 36.4623 71.9102
      vertex -15.126 37.6334 71.9102
    endloop
  endfacet
  facet normal -0.422639 0.906298 -0.000359385
    outer loop
      vertex -15.0421 37.6726 71.7225
      vertex -17.7215 36.4231 71.7225
      vertex -17.6376 36.4623 71.9102
    endloop
  endfacet
  facet normal -0.422639 0.906298 -0.000212539
    outer loop
      vertex -14.9811 37.701 71.5243
      vertex -17.7215 36.4231 71.7225
      vertex -15.0421 37.6726 71.7225
    endloop
  endfacet
  facet normal -0.422614 0.90631 0.000203286
    outer loop
      vertex -14.9811 37.701 71.5243
      vertex -17.7825 36.3947 71.5243
      vertex -17.7215 36.4231 71.7225
    endloop
  endfacet
  facet normal -0.422614 0.90631 0.000206624
    outer loop
      vertex -14.9441 37.7183 71.319
      vertex -17.7825 36.3947 71.5243
      vertex -14.9811 37.701 71.5243
    endloop
  endfacet
  facet normal -0.422639 0.906298 -0.000201304
    outer loop
      vertex -14.9441 37.7183 71.319
      vertex -17.8195 36.3774 71.319
      vertex -17.7825 36.3947 71.5243
    endloop
  endfacet
  facet normal -0.422639 0.906298 -0.000358333
    outer loop
      vertex -14.9317 37.724 71.1102
      vertex -17.8195 36.3774 71.319
      vertex -14.9441 37.7183 71.319
    endloop
  endfacet
  facet normal -0.422596 0.906318 0.000355276
    outer loop
      vertex -14.9317 37.724 71.1102
      vertex -17.8319 36.3717 71.1102
      vertex -17.8195 36.3774 71.319
    endloop
  endfacet
  facet normal -0.422596 0.906318 0.000355106
    outer loop
      vertex -14.9441 37.7183 70.9013
      vertex -17.8319 36.3717 71.1102
      vertex -14.9317 37.724 71.1102
    endloop
  endfacet
  facet normal -0.422639 0.906298 -0.000358161
    outer loop
      vertex -14.9441 37.7183 70.9013
      vertex -17.8195 36.3774 70.9013
      vertex -17.8319 36.3717 71.1102
    endloop
  endfacet
  facet normal -0.422639 0.906298 -0.000201304
    outer loop
      vertex -14.9811 37.701 70.696
      vertex -17.8195 36.3774 70.9013
      vertex -14.9441 37.7183 70.9013
    endloop
  endfacet
  facet normal -0.422614 0.90631 0.000206624
    outer loop
      vertex -14.9811 37.701 70.696
      vertex -17.7825 36.3947 70.696
      vertex -17.8195 36.3774 70.9013
    endloop
  endfacet
  facet normal -0.422614 0.90631 0.000203388
    outer loop
      vertex -15.0421 37.6726 70.4979
      vertex -17.7825 36.3947 70.696
      vertex -14.9811 37.701 70.696
    endloop
  endfacet
  facet normal -0.422639 0.906298 -0.000212646
    outer loop
      vertex -15.0421 37.6726 70.4979
      vertex -17.7215 36.4231 70.4979
      vertex -17.7825 36.3947 70.696
    endloop
  endfacet
  facet normal -0.422639 0.906298 -0.000359385
    outer loop
      vertex -15.126 37.6334 70.3102
      vertex -17.7215 36.4231 70.4979
      vertex -15.0421 37.6726 70.4979
    endloop
  endfacet
  facet normal -0.422595 0.906319 0.000383404
    outer loop
      vertex -15.126 37.6334 70.3102
      vertex -17.6376 36.4623 70.3102
      vertex -17.7215 36.4231 70.4979
    endloop
  endfacet
  facet normal -0.422595 0.906319 0.000237073
    outer loop
      vertex -15.2314 37.5843 70.1361
      vertex -17.6376 36.4623 70.3102
      vertex -15.126 37.6334 70.3102
    endloop
  endfacet
  facet normal -0.422625 0.906305 -0.00025879
    outer loop
      vertex -15.2314 37.5843 70.1361
      vertex -17.5322 36.5114 70.1361
      vertex -17.6376 36.4623 70.3102
    endloop
  endfacet
  facet normal -0.422625 0.906305 -6.04511e-05
    outer loop
      vertex -15.3564 37.526 69.9788
      vertex -17.5322 36.5114 70.1361
      vertex -15.2314 37.5843 70.1361
    endloop
  endfacet
  facet normal -0.422617 0.906308 6.78205e-05
    outer loop
      vertex -15.3564 37.526 69.9788
      vertex -17.4072 36.5697 69.9788
      vertex -17.5322 36.5114 70.1361
    endloop
  endfacet
  facet normal -0.422617 0.906308 -3.14474e-05
    outer loop
      vertex -15.499 37.4595 69.8408
      vertex -17.4072 36.5697 69.9788
      vertex -15.3564 37.526 69.9788
    endloop
  endfacet
  facet normal -0.422613 0.90631 3.65273e-05
    outer loop
      vertex -15.499 37.4595 69.8408
      vertex -17.2646 36.6362 69.8408
      vertex -17.4072 36.5697 69.9788
    endloop
  endfacet
  facet normal -0.422613 0.90631 -0.000502061
    outer loop
      vertex -15.6567 37.3859 69.7245
      vertex -17.2646 36.6362 69.8408
      vertex -15.499 37.4595 69.8408
    endloop
  endfacet
  facet normal -0.422571 0.90633 0.000208409
    outer loop
      vertex -15.6567 37.3859 69.7245
      vertex -17.1068 36.7098 69.7245
      vertex -17.2646 36.6362 69.8408
    endloop
  endfacet
  facet normal -0.422571 0.90633 0.000535754
    outer loop
      vertex -15.8269 37.3066 69.632
      vertex -17.1068 36.7098 69.7245
      vertex -15.6567 37.3859 69.7245
    endloop
  endfacet
  facet normal -0.422613 0.90631 -0.000173128
    outer loop
      vertex -15.8269 37.3066 69.632
      vertex -16.9367 36.7891 69.632
      vertex -17.1068 36.7098 69.7245
    endloop
  endfacet
  facet normal -0.422613 0.90631 0.000639966
    outer loop
      vertex -16.0065 37.2229 69.5647
      vertex -16.9367 36.7891 69.632
      vertex -15.8269 37.3066 69.632
    endloop
  endfacet
  facet normal -0.422707 0.906266 -0.000946177
    outer loop
      vertex -16.0065 37.2229 69.5647
      vertex -16.7571 36.8728 69.5647
      vertex -16.9367 36.7891 69.632
    endloop
  endfacet
  facet normal -0.422707 0.906266 -0.000988347
    outer loop
      vertex -16.1925 37.1361 69.5238
      vertex -16.7571 36.8728 69.5647
      vertex -16.0065 37.2229 69.5647
    endloop
  endfacet
  facet normal -0.422531 0.906346 0.00195964
    outer loop
      vertex -16.1925 37.1361 69.5238
      vertex -16.5711 36.9596 69.5238
      vertex -16.7571 36.8728 69.5647
    endloop
  endfacet
  facet normal -0.422529 0.906343 0.00333214
    outer loop
      vertex -16.5711 36.9596 69.5238
      vertex -16.1925 37.1361 69.5238
      vertex -16.3818 37.0479 69.5102
    endloop
  endfacet
  facet normal 0.812769 0.379002 -0.442452
    outer loop
      vertex -6.3784 19.0933 70.4979
      vertex -15.126 37.6334 70.3102
      vertex -15.0421 37.6726 70.4979
    endloop
  endfacet
  facet normal 0.812769 0.379002 -0.442452
    outer loop
      vertex -15.126 37.6334 70.3102
      vertex -6.3784 19.0933 70.4979
      vertex -6.4623 19.0541 70.3102
    endloop
  endfacet
  facet normal -0.681443 -0.317764 -0.659288
    outer loop
      vertex -8.74349 17.9904 69.9788
      vertex -17.5322 36.5114 70.1361
      vertex -17.4072 36.5697 69.9788
    endloop
  endfacet
  facet normal -0.681327 -0.317707 -0.659435
    outer loop
      vertex -17.5322 36.5114 70.1361
      vertex -8.74349 17.9904 69.9788
      vertex -8.86855 17.9321 70.1361
    endloop
  endfacet
  facet normal -0.400914 -0.186949 0.896838
    outer loop
      vertex -16.9367 36.7891 72.5884
      vertex -8.44316 18.1304 72.4958
      vertex -8.27304 18.2098 72.5884
    endloop
  endfacet
  facet normal -0.401018 -0.186996 0.896781
    outer loop
      vertex -8.44316 18.1304 72.4958
      vertex -16.9367 36.7891 72.5884
      vertex -17.1068 36.7098 72.4958
    endloop
  endfacet
  facet normal -0.681443 -0.317764 0.659288
    outer loop
      vertex -17.5322 36.5114 72.0842
      vertex -8.74349 17.9904 72.2415
      vertex -17.4072 36.5697 72.2415
    endloop
  endfacet
  facet normal -0.681327 -0.317707 0.659435
    outer loop
      vertex -8.74349 17.9904 72.2415
      vertex -17.5322 36.5114 72.0842
      vertex -8.86855 17.9321 72.0842
    endloop
  endfacet
  facet normal -0.904379 -0.421721 -0.0651896
    outer loop
      vertex -9.1558 17.7981 70.9013
      vertex -17.8319 36.3717 71.1102
      vertex -17.8195 36.3774 70.9013
    endloop
  endfacet
  facet normal -0.904377 -0.421719 -0.0652327
    outer loop
      vertex -17.8319 36.3717 71.1102
      vertex -9.1558 17.7981 70.9013
      vertex -9.16821 17.7924 71.1102
    endloop
  endfacet
  facet normal 0.858201 0.400185 0.321471
    outer loop
      vertex -15.0421 37.6726 71.7225
      vertex -6.31743 19.1217 71.5243
      vertex -14.9811 37.701 71.5243
    endloop
  endfacet
  facet normal 0.858236 0.400203 0.321354
    outer loop
      vertex -6.31743 19.1217 71.5243
      vertex -15.0421 37.6726 71.7225
      vertex -6.3784 19.0933 71.7225
    endloop
  endfacet
  facet normal -0.0593347 -0.0276681 0.997855
    outer loop
      vertex -16.3818 37.0479 72.7102
      vertex -7.90739 18.3803 72.6965
      vertex -7.71812 18.4685 72.7102
    endloop
  endfacet
  facet normal -0.059315 -0.0276592 0.997856
    outer loop
      vertex -7.90739 18.3803 72.6965
      vertex -16.3818 37.0479 72.7102
      vertex -16.5711 36.9596 72.6965
    endloop
  endfacet
  facet normal 0.597584 0.278657 0.751827
    outer loop
      vertex -15.3564 37.526 72.2415
      vertex -6.83536 18.8802 72.3795
      vertex -6.69275 18.9467 72.2415
    endloop
  endfacet
  facet normal 0.597603 0.278666 0.751808
    outer loop
      vertex -6.83536 18.8802 72.3795
      vertex -15.3564 37.526 72.2415
      vertex -15.499 37.4595 72.3795
    endloop
  endfacet
  facet normal 0.291072 0.13573 0.947024
    outer loop
      vertex -15.8269 37.3066 72.5884
      vertex -7.3428 18.6436 72.6556
      vertex -7.16319 18.7273 72.5884
    endloop
  endfacet
  facet normal 0.291084 0.135735 0.94702
    outer loop
      vertex -7.3428 18.6436 72.6556
      vertex -15.8269 37.3066 72.5884
      vertex -16.0065 37.2229 72.6556
    endloop
  endfacet
  facet normal -0.400565 -0.186787 -0.897027
    outer loop
      vertex -8.44316 18.1304 69.7245
      vertex -16.9367 36.7891 69.632
      vertex -8.27304 18.2098 69.632
    endloop
  endfacet
  facet normal -0.40067 -0.186834 -0.896971
    outer loop
      vertex -16.9367 36.7891 69.632
      vertex -8.44316 18.1304 69.7245
      vertex -17.1068 36.7098 69.7245
    endloop
  endfacet
  facet normal -0.177081 -0.0825748 0.980726
    outer loop
      vertex -16.5711 36.9596 72.6965
      vertex -8.09343 18.2935 72.6556
      vertex -7.90739 18.3803 72.6965
    endloop
  endfacet
  facet normal -0.177112 -0.0825885 0.980719
    outer loop
      vertex -8.09343 18.2935 72.6556
      vertex -16.5711 36.9596 72.6965
      vertex -16.7571 36.8728 72.6556
    endloop
  endfacet
  facet normal 0.753542 0.351384 0.555611
    outer loop
      vertex -15.2314 37.5843 72.0842
      vertex -6.4623 19.0541 71.9102
      vertex -15.126 37.6334 71.9102
    endloop
  endfacet
  facet normal 0.753578 0.351401 0.555551
    outer loop
      vertex -6.4623 19.0541 71.9102
      vertex -15.2314 37.5843 72.0842
      vertex -6.56768 19.005 72.0842
    endloop
  endfacet
  facet normal 0.681443 0.317764 0.659288
    outer loop
      vertex -15.3564 37.526 72.2415
      vertex -6.56768 19.005 72.0842
      vertex -15.2314 37.5843 72.0842
    endloop
  endfacet
  facet normal 0.681308 0.317698 0.65946
    outer loop
      vertex -6.56768 19.005 72.0842
      vertex -15.3564 37.526 72.2415
      vertex -6.69275 18.9467 72.2415
    endloop
  endfacet
  facet normal 0.503551 0.234809 -0.831445
    outer loop
      vertex -6.99307 18.8066 69.7245
      vertex -15.499 37.4595 69.8408
      vertex -6.83536 18.8802 69.8408
    endloop
  endfacet
  facet normal 0.50357 0.234817 -0.831432
    outer loop
      vertex -15.499 37.4595 69.8408
      vertex -6.99307 18.8066 69.7245
      vertex -15.6567 37.3859 69.7245
    endloop
  endfacet
  facet normal -0.812771 -0.378999 0.442452
    outer loop
      vertex -17.7215 36.4231 71.7225
      vertex -8.97393 17.8829 71.9102
      vertex -17.6376 36.4623 71.9102
    endloop
  endfacet
  facet normal -0.812842 -0.379035 0.442289
    outer loop
      vertex -8.97393 17.8829 71.9102
      vertex -17.7215 36.4231 71.7225
      vertex -9.05783 17.8438 71.7225
    endloop
  endfacet
  facet normal -0.753543 -0.351382 0.555611
    outer loop
      vertex -17.6376 36.4623 71.9102
      vertex -8.86855 17.9321 72.0842
      vertex -17.5322 36.5114 72.0842
    endloop
  endfacet
  facet normal -0.753495 -0.351359 0.555691
    outer loop
      vertex -8.86855 17.9321 72.0842
      vertex -17.6376 36.4623 71.9102
      vertex -8.97393 17.8829 71.9102
    endloop
  endfacet
  facet normal -0.503618 -0.234839 -0.831396
    outer loop
      vertex -8.60088 18.0569 69.8408
      vertex -17.1068 36.7098 69.7245
      vertex -8.44316 18.1304 69.7245
    endloop
  endfacet
  facet normal -0.503387 -0.234735 -0.831565
    outer loop
      vertex -17.1068 36.7098 69.7245
      vertex -8.60088 18.0569 69.8408
      vertex -17.2646 36.6362 69.8408
    endloop
  endfacet
  facet normal 0.058889 0.0274604 -0.997887
    outer loop
      vertex -7.71812 18.4685 69.5102
      vertex -16.1925 37.1361 69.5238
      vertex -7.52884 18.5568 69.5238
    endloop
  endfacet
  facet normal 0.0588958 0.0274635 -0.997886
    outer loop
      vertex -16.1925 37.1361 69.5238
      vertex -7.71812 18.4685 69.5102
      vertex -16.3818 37.0479 69.5102
    endloop
  endfacet
  facet normal -0.904378 -0.42172 0.0652207
    outer loop
      vertex -17.8319 36.3717 71.1102
      vertex -9.1558 17.7981 71.319
      vertex -17.8195 36.3774 71.319
    endloop
  endfacet
  facet normal -0.904375 -0.421718 0.0652638
    outer loop
      vertex -9.1558 17.7981 71.319
      vertex -17.8319 36.3717 71.1102
      vertex -9.16821 17.7924 71.1102
    endloop
  endfacet
  facet normal -0.0589034 -0.027467 -0.997886
    outer loop
      vertex -7.90739 18.3803 69.5238
      vertex -16.3818 37.0479 69.5102
      vertex -7.71812 18.4685 69.5102
    endloop
  endfacet
  facet normal -0.0588839 -0.0274581 -0.997887
    outer loop
      vertex -16.3818 37.0479 69.5102
      vertex -7.90739 18.3803 69.5238
      vertex -16.5711 36.9596 69.5238
    endloop
  endfacet
  facet normal 0.177081 0.0825747 0.980726
    outer loop
      vertex -16.0065 37.2229 72.6556
      vertex -7.52884 18.5568 72.6965
      vertex -7.3428 18.6436 72.6556
    endloop
  endfacet
  facet normal 0.177112 0.0825884 0.980719
    outer loop
      vertex -7.52884 18.5568 72.6965
      vertex -16.0065 37.2229 72.6556
      vertex -16.1925 37.1361 72.6965
    endloop
  endfacet
  facet normal -0.177081 -0.0825748 -0.980726
    outer loop
      vertex -8.09343 18.2935 69.5647
      vertex -16.5711 36.9596 69.5238
      vertex -7.90739 18.3803 69.5238
    endloop
  endfacet
  facet normal -0.177112 -0.0825885 -0.980719
    outer loop
      vertex -16.5711 36.9596 69.5238
      vertex -8.09343 18.2935 69.5647
      vertex -16.7571 36.8728 69.5647
    endloop
  endfacet
  facet normal 0.681443 0.317764 -0.659288
    outer loop
      vertex -6.56768 19.005 70.1361
      vertex -15.3564 37.526 69.9788
      vertex -15.2314 37.5843 70.1361
    endloop
  endfacet
  facet normal 0.681308 0.317698 -0.65946
    outer loop
      vertex -15.3564 37.526 69.9788
      vertex -6.56768 19.005 70.1361
      vertex -6.69275 18.9467 69.9788
    endloop
  endfacet
  facet normal -0.753677 -0.351444 -0.55539
    outer loop
      vertex -8.86855 17.9321 70.1361
      vertex -17.6376 36.4623 70.3102
      vertex -17.5322 36.5114 70.1361
    endloop
  endfacet
  facet normal -0.753629 -0.351421 -0.55547
    outer loop
      vertex -17.6376 36.4623 70.3102
      vertex -8.86855 17.9321 70.1361
      vertex -8.97393 17.8829 70.3102
    endloop
  endfacet
  facet normal 0.0593202 0.0276614 0.997856
    outer loop
      vertex -16.1925 37.1361 72.6965
      vertex -7.71812 18.4685 72.7102
      vertex -7.52884 18.5568 72.6965
    endloop
  endfacet
  facet normal 0.059327 0.0276645 0.997855
    outer loop
      vertex -7.71812 18.4685 72.7102
      vertex -16.1925 37.1361 72.6965
      vertex -16.3818 37.0479 72.7102
    endloop
  endfacet
  facet normal -0.597583 -0.278659 0.751827
    outer loop
      vertex -17.2646 36.6362 72.3795
      vertex -8.74349 17.9904 72.2415
      vertex -8.60088 18.0569 72.3795
    endloop
  endfacet
  facet normal -0.597602 -0.278668 0.751808
    outer loop
      vertex -8.74349 17.9904 72.2415
      vertex -17.2646 36.6362 72.3795
      vertex -17.4072 36.5697 72.2415
    endloop
  endfacet
  facet normal -0.858201 -0.400185 0.321471
    outer loop
      vertex -17.7825 36.3947 71.5243
      vertex -9.05783 17.8438 71.7225
      vertex -17.7215 36.4231 71.7225
    endloop
  endfacet
  facet normal -0.858236 -0.400203 0.321354
    outer loop
      vertex -9.05783 17.8438 71.7225
      vertex -17.7825 36.3947 71.5243
      vertex -9.1188 17.8154 71.5243
    endloop
  endfacet
  facet normal -0.597583 -0.278659 -0.751827
    outer loop
      vertex -8.74349 17.9904 69.9788
      vertex -17.2646 36.6362 69.8408
      vertex -8.60088 18.0569 69.8408
    endloop
  endfacet
  facet normal -0.597602 -0.278668 -0.751808
    outer loop
      vertex -17.2646 36.6362 69.8408
      vertex -8.74349 17.9904 69.9788
      vertex -17.4072 36.5697 69.9788
    endloop
  endfacet
  facet normal 0.888888 0.414493 0.195127
    outer loop
      vertex -14.9811 37.701 71.5243
      vertex -6.28043 19.1389 71.319
      vertex -14.9441 37.7183 71.319
    endloop
  endfacet
  facet normal 0.888922 0.414511 0.194933
    outer loop
      vertex -6.28043 19.1389 71.319
      vertex -14.9811 37.701 71.5243
      vertex -6.31743 19.1217 71.5243
    endloop
  endfacet
  facet normal -0.888886 -0.414496 -0.195127
    outer loop
      vertex -9.1188 17.8154 70.696
      vertex -17.8195 36.3774 70.9013
      vertex -17.7825 36.3947 70.696
    endloop
  endfacet
  facet normal -0.888886 -0.414496 -0.195127
    outer loop
      vertex -17.8195 36.3774 70.9013
      vertex -9.1188 17.8154 70.696
      vertex -9.1558 17.7981 70.9013
    endloop
  endfacet
  facet normal 0.400638 0.18682 -0.896988
    outer loop
      vertex -7.16319 18.7273 69.632
      vertex -15.6567 37.3859 69.7245
      vertex -6.99307 18.8066 69.7245
    endloop
  endfacet
  facet normal 0.400513 0.186763 -0.897056
    outer loop
      vertex -15.6567 37.3859 69.7245
      vertex -7.16319 18.7273 69.632
      vertex -15.8269 37.3066 69.632
    endloop
  endfacet
  facet normal 0.597584 0.278657 -0.751827
    outer loop
      vertex -6.83536 18.8802 69.8408
      vertex -15.3564 37.526 69.9788
      vertex -6.69275 18.9467 69.9788
    endloop
  endfacet
  facet normal 0.597603 0.278666 -0.751808
    outer loop
      vertex -15.3564 37.526 69.9788
      vertex -6.83536 18.8802 69.8408
      vertex -15.499 37.4595 69.8408
    endloop
  endfacet
  facet normal 0.812769 0.379002 0.442452
    outer loop
      vertex -15.126 37.6334 71.9102
      vertex -6.3784 19.0933 71.7225
      vertex -15.0421 37.6726 71.7225
    endloop
  endfacet
  facet normal 0.812769 0.379002 0.442452
    outer loop
      vertex -6.3784 19.0933 71.7225
      vertex -15.126 37.6334 71.9102
      vertex -6.4623 19.0541 71.9102
    endloop
  endfacet
  facet normal 0.177081 0.0825747 -0.980726
    outer loop
      vertex -7.52884 18.5568 69.5238
      vertex -16.0065 37.2229 69.5647
      vertex -7.3428 18.6436 69.5647
    endloop
  endfacet
  facet normal 0.177112 0.0825884 -0.980719
    outer loop
      vertex -16.0065 37.2229 69.5647
      vertex -7.52884 18.5568 69.5238
      vertex -16.1925 37.1361 69.5238
    endloop
  endfacet
  facet normal 0.503551 0.234809 0.831445
    outer loop
      vertex -15.499 37.4595 72.3795
      vertex -6.99307 18.8066 72.4958
      vertex -6.83536 18.8802 72.3795
    endloop
  endfacet
  facet normal 0.50357 0.234817 0.831432
    outer loop
      vertex -6.99307 18.8066 72.4958
      vertex -15.499 37.4595 72.3795
      vertex -15.6567 37.3859 72.4958
    endloop
  endfacet
  facet normal -0.888886 -0.414496 0.195127
    outer loop
      vertex -17.8195 36.3774 71.319
      vertex -9.1188 17.8154 71.5243
      vertex -17.7825 36.3947 71.5243
    endloop
  endfacet
  facet normal -0.888886 -0.414496 0.195127
    outer loop
      vertex -9.1188 17.8154 71.5243
      vertex -17.8195 36.3774 71.319
      vertex -9.1558 17.7981 71.319
    endloop
  endfacet
  facet normal -0.503618 -0.234839 0.831396
    outer loop
      vertex -17.1068 36.7098 72.4958
      vertex -8.60088 18.0569 72.3795
      vertex -8.44316 18.1304 72.4958
    endloop
  endfacet
  facet normal -0.503387 -0.234735 0.831565
    outer loop
      vertex -8.60088 18.0569 72.3795
      vertex -17.1068 36.7098 72.4958
      vertex -17.2646 36.6362 72.3795
    endloop
  endfacet
  facet normal -0.812771 -0.378999 -0.442452
    outer loop
      vertex -8.97393 17.8829 70.3102
      vertex -17.7215 36.4231 70.4979
      vertex -17.6376 36.4623 70.3102
    endloop
  endfacet
  facet normal -0.812842 -0.379035 -0.442289
    outer loop
      vertex -17.7215 36.4231 70.4979
      vertex -8.97393 17.8829 70.3102
      vertex -9.05783 17.8438 70.4979
    endloop
  endfacet
  facet normal -0.858156 -0.400165 -0.321616
    outer loop
      vertex -9.05783 17.8438 70.4979
      vertex -17.7825 36.3947 70.696
      vertex -17.7215 36.4231 70.4979
    endloop
  endfacet
  facet normal -0.858191 -0.400182 -0.3215
    outer loop
      vertex -17.7825 36.3947 70.696
      vertex -9.05783 17.8438 70.4979
      vertex -9.1188 17.8154 70.696
    endloop
  endfacet
  facet normal -0.291072 -0.135729 0.947024
    outer loop
      vertex -16.7571 36.8728 72.6556
      vertex -8.27304 18.2098 72.5884
      vertex -8.09343 18.2935 72.6556
    endloop
  endfacet
  facet normal -0.291084 -0.135735 0.94702
    outer loop
      vertex -8.27304 18.2098 72.5884
      vertex -16.7571 36.8728 72.6556
      vertex -16.9367 36.7891 72.5884
    endloop
  endfacet
  facet normal -0.29131 -0.13584 -0.946935
    outer loop
      vertex -26.9708 31.5584 57.8403
      vertex -35.9878 51.6281 57.7352
      vertex -26.6902 31.6893 57.7352
    endloop
  endfacet
  facet normal -0.29131 -0.13584 -0.946935
    outer loop
      vertex -35.9878 51.6281 57.7352
      vertex -26.9708 31.5584 57.8403
      vertex -36.2684 51.4972 57.8403
    endloop
  endfacet
  facet normal 0.888914 0.414507 -0.194978
    outer loop
      vertex -23.8574 33.0102 59.8237
      vertex -33.2128 52.9221 59.503
      vertex -33.155 52.949 59.8237
    endloop
  endfacet
  facet normal 0.888914 0.414507 -0.194978
    outer loop
      vertex -33.2128 52.9221 59.503
      vertex -23.8574 33.0102 59.8237
      vertex -23.9152 32.9833 59.503
    endloop
  endfacet
  facet normal 0.90436 0.421709 -0.0655291
    outer loop
      vertex -23.838 33.0193 60.15
      vertex -33.155 52.949 59.8237
      vertex -33.1356 52.9581 60.15
    endloop
  endfacet
  facet normal 0.90436 0.421709 -0.0655291
    outer loop
      vertex -33.155 52.949 59.8237
      vertex -23.838 33.0193 60.15
      vertex -23.8574 33.0102 59.8237
    endloop
  endfacet
  facet normal -0.888891 -0.414496 -0.195102
    outer loop
      vertex -28.2923 30.9422 59.503
      vertex -37.6477 50.854 59.8237
      vertex -37.5899 50.881 59.503
    endloop
  endfacet
  facet normal -0.888891 -0.414496 -0.195102
    outer loop
      vertex -37.6477 50.854 59.8237
      vertex -28.2923 30.9422 59.503
      vertex -28.3501 30.9152 59.8237
    endloop
  endfacet
  facet normal 0.0593 0.027652 -0.997857
    outer loop
      vertex -26.1038 31.9627 57.65
      vertex -35.1056 52.0394 57.6714
      vertex -25.808 32.1006 57.6714
    endloop
  endfacet
  facet normal 0.0593 0.027652 -0.997857
    outer loop
      vertex -35.1056 52.0394 57.6714
      vertex -26.1038 31.9627 57.65
      vertex -35.4014 51.9015 57.65
    endloop
  endfacet
  facet normal -0.812844 -0.379035 -0.442287
    outer loop
      vertex -28.066 31.0477 58.9
      vertex -37.4947 50.9254 59.1933
      vertex -37.3636 50.9865 58.9
    endloop
  endfacet
  facet normal -0.812844 -0.379035 -0.442287
    outer loop
      vertex -37.4947 50.9254 59.1933
      vertex -28.066 31.0477 58.9
      vertex -28.1971 30.9866 59.1933
    endloop
  endfacet
  facet normal 0.753506 0.351365 -0.555672
    outer loop
      vertex -24.1415 32.8777 58.9
      vertex -33.6038 52.7397 58.6281
      vertex -33.4391 52.8165 58.9
    endloop
  endfacet
  facet normal 0.753506 0.351365 -0.555672
    outer loop
      vertex -33.6038 52.7397 58.6281
      vertex -24.1415 32.8777 58.9
      vertex -24.3062 32.8009 58.6281
    endloop
  endfacet
  facet normal 0.597583 0.278657 -0.751827
    outer loop
      vertex -24.7244 32.6059 58.1666
      vertex -33.7992 52.6486 58.3822
      vertex -24.5016 32.7098 58.3822
    endloop
  endfacet
  facet normal 0.597583 0.278657 -0.751827
    outer loop
      vertex -33.7992 52.6486 58.3822
      vertex -24.7244 32.6059 58.1666
      vertex -34.022 52.5447 58.1666
    endloop
  endfacet
  facet normal -0.400807 -0.186899 0.896896
    outer loop
      vertex -36.2684 51.4972 62.4597
      vertex -27.2366 31.4345 62.3151
      vertex -26.9708 31.5584 62.4597
    endloop
  endfacet
  facet normal -0.40076 -0.186878 0.896921
    outer loop
      vertex -27.2366 31.4345 62.3151
      vertex -36.2684 51.4972 62.4597
      vertex -36.5342 51.3732 62.3151
    endloop
  endfacet
  facet normal 0.90436 0.421709 0.0655291
    outer loop
      vertex -33.155 52.949 60.4763
      vertex -23.838 33.0193 60.15
      vertex -33.1356 52.9581 60.15
    endloop
  endfacet
  facet normal 0.90436 0.421709 0.0655291
    outer loop
      vertex -23.838 33.0193 60.15
      vertex -33.155 52.949 60.4763
      vertex -23.8574 33.0102 60.4763
    endloop
  endfacet
  facet normal 0.681475 0.317776 -0.65925
    outer loop
      vertex -24.3062 32.8009 58.6281
      vertex -33.7992 52.6486 58.3822
      vertex -33.6038 52.7397 58.6281
    endloop
  endfacet
  facet normal 0.681475 0.317776 -0.65925
    outer loop
      vertex -33.7992 52.6486 58.3822
      vertex -24.3062 32.8009 58.6281
      vertex -24.5016 32.7098 58.3822
    endloop
  endfacet
  facet normal -0.753506 -0.351365 0.555672
    outer loop
      vertex -37.3636 50.9865 61.4
      vertex -27.9013 31.1245 61.6719
      vertex -37.1989 51.0633 61.6719
    endloop
  endfacet
  facet normal -0.753506 -0.351365 0.555672
    outer loop
      vertex -27.9013 31.1245 61.6719
      vertex -37.3636 50.9865 61.4
      vertex -28.066 31.0477 61.4
    endloop
  endfacet
  facet normal 0.858169 0.40017 -0.321573
    outer loop
      vertex -23.9152 32.9833 59.503
      vertex -33.3081 52.8776 59.1933
      vertex -33.2128 52.9221 59.503
    endloop
  endfacet
  facet normal 0.858204 0.400189 -0.321457
    outer loop
      vertex -33.3081 52.8776 59.1933
      vertex -23.9152 32.9833 59.503
      vertex -24.0105 32.9389 59.1933
    endloop
  endfacet
  facet normal 0.0593 0.027652 0.997857
    outer loop
      vertex -35.1056 52.0394 62.6286
      vertex -26.1038 31.9627 62.65
      vertex -25.808 32.1006 62.6286
    endloop
  endfacet
  facet normal 0.0593 0.027652 0.997857
    outer loop
      vertex -26.1038 31.9627 62.65
      vertex -35.1056 52.0394 62.6286
      vertex -35.4014 51.9015 62.65
    endloop
  endfacet
  facet normal 0.291309 0.13584 0.946935
    outer loop
      vertex -34.5343 52.3058 62.4597
      vertex -25.5173 32.2362 62.5648
      vertex -25.2367 32.3671 62.4597
    endloop
  endfacet
  facet normal 0.291345 0.135856 0.946922
    outer loop
      vertex -25.5173 32.2362 62.5648
      vertex -34.5343 52.3058 62.4597
      vertex -34.8149 52.175 62.5648
    endloop
  endfacet
  facet normal -0.0593164 -0.0276596 0.997856
    outer loop
      vertex -35.4014 51.9015 62.65
      vertex -26.3995 31.8248 62.6286
      vertex -26.1038 31.9627 62.65
    endloop
  endfacet
  facet normal -0.0593164 -0.0276596 0.997856
    outer loop
      vertex -26.3995 31.8248 62.6286
      vertex -35.4014 51.9015 62.65
      vertex -35.6971 51.7636 62.6286
    endloop
  endfacet
  facet normal 0.400807 0.186899 0.896896
    outer loop
      vertex -34.2685 52.4298 62.3151
      vertex -25.2367 32.3671 62.4597
      vertex -24.9709 32.491 62.3151
    endloop
  endfacet
  facet normal 0.40076 0.186878 0.896921
    outer loop
      vertex -25.2367 32.3671 62.4597
      vertex -34.2685 52.4298 62.3151
      vertex -34.5343 52.3058 62.4597
    endloop
  endfacet
  facet normal -0.681475 -0.317776 -0.65925
    outer loop
      vertex -27.7059 31.2156 58.3822
      vertex -37.1989 51.0633 58.6281
      vertex -37.0035 51.1544 58.3822
    endloop
  endfacet
  facet normal -0.681475 -0.317776 -0.65925
    outer loop
      vertex -37.1989 51.0633 58.6281
      vertex -27.7059 31.2156 58.3822
      vertex -27.9013 31.1245 58.6281
    endloop
  endfacet
  facet normal 0.400807 0.186899 -0.896896
    outer loop
      vertex -25.2367 32.3671 57.8403
      vertex -34.2685 52.4298 57.9849
      vertex -24.9709 32.491 57.9849
    endloop
  endfacet
  facet normal 0.40076 0.186878 -0.896921
    outer loop
      vertex -34.2685 52.4298 57.9849
      vertex -25.2367 32.3671 57.8403
      vertex -34.5343 52.3058 57.8403
    endloop
  endfacet
  facet normal -0.400807 -0.186899 -0.896896
    outer loop
      vertex -27.2366 31.4345 57.9849
      vertex -36.2684 51.4972 57.8403
      vertex -26.9708 31.5584 57.8403
    endloop
  endfacet
  facet normal -0.40076 -0.186878 -0.896921
    outer loop
      vertex -36.2684 51.4972 57.8403
      vertex -27.2366 31.4345 57.9849
      vertex -36.5342 51.3732 57.9849
    endloop
  endfacet
  facet normal 0.681475 0.317776 0.65925
    outer loop
      vertex -33.7992 52.6486 61.9178
      vertex -24.3062 32.8009 61.6719
      vertex -33.6038 52.7397 61.6719
    endloop
  endfacet
  facet normal 0.681475 0.317776 0.65925
    outer loop
      vertex -24.3062 32.8009 61.6719
      vertex -33.7992 52.6486 61.9178
      vertex -24.5016 32.7098 61.9178
    endloop
  endfacet
  facet normal -0.17682 -0.0824525 0.980783
    outer loop
      vertex -35.6971 51.7636 62.6286
      vertex -26.6902 31.6893 62.5648
      vertex -26.3995 31.8248 62.6286
    endloop
  endfacet
  facet normal -0.17682 -0.0824525 0.980783
    outer loop
      vertex -26.6902 31.6893 62.5648
      vertex -35.6971 51.7636 62.6286
      vertex -35.9878 51.6281 62.5648
    endloop
  endfacet
  facet normal 0.753506 0.351365 0.555672
    outer loop
      vertex -33.6038 52.7397 61.6719
      vertex -24.1415 32.8777 61.4
      vertex -33.4391 52.8165 61.4
    endloop
  endfacet
  facet normal 0.753506 0.351365 0.555672
    outer loop
      vertex -24.1415 32.8777 61.4
      vertex -33.6038 52.7397 61.6719
      vertex -24.3062 32.8009 61.6719
    endloop
  endfacet
  facet normal -0.597525 -0.278631 0.751884
    outer loop
      vertex -36.7807 51.2583 62.1334
      vertex -27.7059 31.2156 61.9178
      vertex -27.4831 31.3196 62.1334
    endloop
  endfacet
  facet normal -0.597583 -0.278657 0.751827
    outer loop
      vertex -27.7059 31.2156 61.9178
      vertex -36.7807 51.2583 62.1334
      vertex -37.0035 51.1544 61.9178
    endloop
  endfacet
  facet normal 0.176798 0.0824421 0.980788
    outer loop
      vertex -34.8149 52.175 62.5648
      vertex -25.808 32.1006 62.6286
      vertex -25.5173 32.2362 62.5648
    endloop
  endfacet
  facet normal 0.176798 0.0824421 0.980788
    outer loop
      vertex -25.808 32.1006 62.6286
      vertex -34.8149 52.175 62.5648
      vertex -35.1056 52.0394 62.6286
    endloop
  endfacet
  facet normal 0.812943 0.379083 0.442064
    outer loop
      vertex -33.4391 52.8165 61.4
      vertex -24.0105 32.9389 61.1067
      vertex -33.3081 52.8776 61.1067
    endloop
  endfacet
  facet normal 0.812897 0.379059 0.442168
    outer loop
      vertex -24.0105 32.9389 61.1067
      vertex -33.4391 52.8165 61.4
      vertex -24.1415 32.8777 61.4
    endloop
  endfacet
  facet normal -0.888891 -0.414496 0.195102
    outer loop
      vertex -37.6477 50.854 60.4763
      vertex -28.2923 30.9422 60.797
      vertex -37.5899 50.881 60.797
    endloop
  endfacet
  facet normal -0.888891 -0.414496 0.195102
    outer loop
      vertex -28.2923 30.9422 60.797
      vertex -37.6477 50.854 60.4763
      vertex -28.3501 30.9152 60.4763
    endloop
  endfacet
  facet normal 0.858169 0.40017 0.321573
    outer loop
      vertex -33.3081 52.8776 61.1067
      vertex -23.9152 32.9833 60.797
      vertex -33.2128 52.9221 60.797
    endloop
  endfacet
  facet normal 0.858204 0.400189 0.321457
    outer loop
      vertex -23.9152 32.9833 60.797
      vertex -33.3081 52.8776 61.1067
      vertex -24.0105 32.9389 61.1067
    endloop
  endfacet
  facet normal -0.858281 -0.400223 -0.321209
    outer loop
      vertex -28.1971 30.9866 59.1933
      vertex -37.5899 50.881 59.503
      vertex -37.4947 50.9254 59.1933
    endloop
  endfacet
  facet normal -0.858281 -0.400223 -0.321209
    outer loop
      vertex -37.5899 50.881 59.503
      vertex -28.1971 30.9866 59.1933
      vertex -28.2923 30.9422 59.503
    endloop
  endfacet
  facet normal -0.0593164 -0.0276596 -0.997856
    outer loop
      vertex -26.3995 31.8248 57.6714
      vertex -35.4014 51.9015 57.65
      vertex -26.1038 31.9627 57.65
    endloop
  endfacet
  facet normal -0.0593164 -0.0276596 -0.997856
    outer loop
      vertex -35.4014 51.9015 57.65
      vertex -26.3995 31.8248 57.6714
      vertex -35.6971 51.7636 57.6714
    endloop
  endfacet
  facet normal -0.812844 -0.379035 0.442287
    outer loop
      vertex -37.4947 50.9254 61.1067
      vertex -28.066 31.0477 61.4
      vertex -37.3636 50.9865 61.4
    endloop
  endfacet
  facet normal -0.812844 -0.379035 0.442287
    outer loop
      vertex -28.066 31.0477 61.4
      vertex -37.4947 50.9254 61.1067
      vertex -28.1971 30.9866 61.1067
    endloop
  endfacet
  facet normal -0.858281 -0.400223 0.321209
    outer loop
      vertex -37.5899 50.881 60.797
      vertex -28.1971 30.9866 61.1067
      vertex -37.4947 50.9254 61.1067
    endloop
  endfacet
  facet normal -0.858281 -0.400223 0.321209
    outer loop
      vertex -28.1971 30.9866 61.1067
      vertex -37.5899 50.881 60.797
      vertex -28.2923 30.9422 60.797
    endloop
  endfacet
  facet normal 0.503479 0.234776 -0.831498
    outer loop
      vertex -24.9709 32.491 57.9849
      vertex -34.022 52.5447 58.1666
      vertex -24.7244 32.6059 58.1666
    endloop
  endfacet
  facet normal 0.503479 0.234776 -0.831498
    outer loop
      vertex -34.022 52.5447 58.1666
      vertex -24.9709 32.491 57.9849
      vertex -34.2685 52.4298 57.9849
    endloop
  endfacet
  facet normal -0.597525 -0.278631 -0.751884
    outer loop
      vertex -27.7059 31.2156 58.3822
      vertex -36.7807 51.2583 58.1666
      vertex -27.4831 31.3196 58.1666
    endloop
  endfacet
  facet normal -0.597583 -0.278657 -0.751827
    outer loop
      vertex -36.7807 51.2583 58.1666
      vertex -27.7059 31.2156 58.3822
      vertex -37.0035 51.1544 58.3822
    endloop
  endfacet
  facet normal -0.503478 -0.234777 -0.831498
    outer loop
      vertex -27.4831 31.3196 58.1666
      vertex -36.5342 51.3732 57.9849
      vertex -27.2366 31.4345 57.9849
    endloop
  endfacet
  facet normal -0.503478 -0.234777 -0.831498
    outer loop
      vertex -36.5342 51.3732 57.9849
      vertex -27.4831 31.3196 58.1666
      vertex -36.7807 51.2583 58.1666
    endloop
  endfacet
  facet normal 0.176798 0.0824421 -0.980788
    outer loop
      vertex -25.808 32.1006 57.6714
      vertex -34.8149 52.175 57.7352
      vertex -25.5173 32.2362 57.7352
    endloop
  endfacet
  facet normal 0.176798 0.0824421 -0.980788
    outer loop
      vertex -34.8149 52.175 57.7352
      vertex -25.808 32.1006 57.6714
      vertex -35.1056 52.0394 57.6714
    endloop
  endfacet
  facet normal 0.888914 0.414507 0.194978
    outer loop
      vertex -33.2128 52.9221 60.797
      vertex -23.8574 33.0102 60.4763
      vertex -33.155 52.949 60.4763
    endloop
  endfacet
  facet normal 0.888914 0.414507 0.194978
    outer loop
      vertex -23.8574 33.0102 60.4763
      vertex -33.2128 52.9221 60.797
      vertex -23.9152 32.9833 60.797
    endloop
  endfacet
  facet normal 0.597583 0.278657 0.751827
    outer loop
      vertex -33.7992 52.6486 61.9178
      vertex -24.7244 32.6059 62.1334
      vertex -24.5016 32.7098 61.9178
    endloop
  endfacet
  facet normal 0.597583 0.278657 0.751827
    outer loop
      vertex -24.7244 32.6059 62.1334
      vertex -33.7992 52.6486 61.9178
      vertex -34.022 52.5447 62.1334
    endloop
  endfacet
  facet normal -0.904368 -0.421713 0.0654004
    outer loop
      vertex -37.6671 50.845 60.15
      vertex -28.3501 30.9152 60.4763
      vertex -37.6477 50.854 60.4763
    endloop
  endfacet
  facet normal -0.904368 -0.421713 0.0654004
    outer loop
      vertex -28.3501 30.9152 60.4763
      vertex -37.6671 50.845 60.15
      vertex -28.3695 30.9062 60.15
    endloop
  endfacet
  facet normal 0.812943 0.379083 -0.442064
    outer loop
      vertex -24.0105 32.9389 59.1933
      vertex -33.4391 52.8165 58.9
      vertex -33.3081 52.8776 59.1933
    endloop
  endfacet
  facet normal 0.812897 0.379059 -0.442168
    outer loop
      vertex -33.4391 52.8165 58.9
      vertex -24.0105 32.9389 59.1933
      vertex -24.1415 32.8777 58.9
    endloop
  endfacet
  facet normal 0.503479 0.234776 0.831498
    outer loop
      vertex -34.022 52.5447 62.1334
      vertex -24.9709 32.491 62.3151
      vertex -24.7244 32.6059 62.1334
    endloop
  endfacet
  facet normal 0.503479 0.234776 0.831498
    outer loop
      vertex -24.9709 32.491 62.3151
      vertex -34.022 52.5447 62.1334
      vertex -34.2685 52.4298 62.3151
    endloop
  endfacet
  facet normal -0.17682 -0.0824525 -0.980783
    outer loop
      vertex -26.6902 31.6893 57.7352
      vertex -35.6971 51.7636 57.6714
      vertex -26.3995 31.8248 57.6714
    endloop
  endfacet
  facet normal -0.17682 -0.0824525 -0.980783
    outer loop
      vertex -35.6971 51.7636 57.6714
      vertex -26.6902 31.6893 57.7352
      vertex -35.9878 51.6281 57.7352
    endloop
  endfacet
  facet normal -0.904368 -0.421713 -0.0654004
    outer loop
      vertex -28.3501 30.9152 59.8237
      vertex -37.6671 50.845 60.15
      vertex -37.6477 50.854 59.8237
    endloop
  endfacet
  facet normal -0.904368 -0.421713 -0.0654004
    outer loop
      vertex -37.6671 50.845 60.15
      vertex -28.3501 30.9152 59.8237
      vertex -28.3695 30.9062 60.15
    endloop
  endfacet
  facet normal -0.29131 -0.13584 0.946935
    outer loop
      vertex -35.9878 51.6281 62.5648
      vertex -26.9708 31.5584 62.4597
      vertex -26.6902 31.6893 62.5648
    endloop
  endfacet
  facet normal -0.29131 -0.13584 0.946935
    outer loop
      vertex -26.9708 31.5584 62.4597
      vertex -35.9878 51.6281 62.5648
      vertex -36.2684 51.4972 62.4597
    endloop
  endfacet
  facet normal -0.681475 -0.317776 0.65925
    outer loop
      vertex -37.1989 51.0633 61.6719
      vertex -27.7059 31.2156 61.9178
      vertex -37.0035 51.1544 61.9178
    endloop
  endfacet
  facet normal -0.681475 -0.317776 0.65925
    outer loop
      vertex -27.7059 31.2156 61.9178
      vertex -37.1989 51.0633 61.6719
      vertex -27.9013 31.1245 61.6719
    endloop
  endfacet
  facet normal 0.42262 -0.906307 -8.15076e-06
    outer loop
      vertex -21.1669 58.5391 66.6556
      vertex -33.4391 52.8165 61.4
      vertex -21.8067 58.2408 61.65
    endloop
  endfacet
  facet normal 0.42262 -0.906307 -4.11353e-05
    outer loop
      vertex -33.3081 52.8776 61.1067
      vertex -21.8067 58.2408 61.65
      vertex -33.4391 52.8165 61.4
    endloop
  endfacet
  facet normal 0.422626 -0.906304 -0.000175389
    outer loop
      vertex -33.2128 52.9221 60.797
      vertex -21.8067 58.2408 61.65
      vertex -33.3081 52.8776 61.1067
    endloop
  endfacet
  facet normal 0.422606 -0.906314 0.000145893
    outer loop
      vertex -33.155 52.949 60.4763
      vertex -21.8067 58.2408 61.65
      vertex -33.2128 52.9221 60.797
    endloop
  endfacet
  facet normal 0.422631 -0.906302 -0.000148048
    outer loop
      vertex -33.1356 52.9581 60.15
      vertex -21.8067 58.2408 61.65
      vertex -33.155 52.949 60.4763
    endloop
  endfacet
  facet normal 0.422631 -0.906302 0.000148048
    outer loop
      vertex -21.8067 58.2408 58.65
      vertex -33.1356 52.9581 60.15
      vertex -33.155 52.949 59.8237
    endloop
  endfacet
  facet normal 0.422606 -0.906314 -0.000145893
    outer loop
      vertex -21.8067 58.2408 58.65
      vertex -33.155 52.949 59.8237
      vertex -33.2128 52.9221 59.503
    endloop
  endfacet
  facet normal 0.422626 -0.906304 0.000175389
    outer loop
      vertex -21.8067 58.2408 58.65
      vertex -33.2128 52.9221 59.503
      vertex -33.3081 52.8776 59.1933
    endloop
  endfacet
  facet normal 0.42262 -0.906307 4.11353e-05
    outer loop
      vertex -21.8067 58.2408 58.65
      vertex -33.3081 52.8776 59.1933
      vertex -33.4391 52.8165 58.9
    endloop
  endfacet
  facet normal 0.422615 -0.906309 0
    outer loop
      vertex -33.1356 52.9581 60.15
      vertex -21.8067 58.2408 58.65
      vertex -21.8067 58.2408 61.65
    endloop
  endfacet
  facet normal 0.422619 -0.906307 -3.68988e-06
    outer loop
      vertex -22.0583 58.1235 51.65
      vertex -33.4391 52.8165 58.9
      vertex -33.6038 52.7397 58.6281
    endloop
  endfacet
  facet normal 0.42262 -0.906307 8.15076e-06
    outer loop
      vertex -33.4391 52.8165 58.9
      vertex -21.1669 58.5391 53.6444
      vertex -21.8067 58.2408 58.65
    endloop
  endfacet
  facet normal 0.4226 -0.906316 -4.30173e-05
    outer loop
      vertex -22.0583 58.1235 51.65
      vertex -33.6038 52.7397 58.6281
      vertex -33.7992 52.6486 58.3822
    endloop
  endfacet
  facet normal 0.42263 -0.906302 1.26914e-05
    outer loop
      vertex -23.178 57.6014 49.8011
      vertex -33.7992 52.6486 58.3822
      vertex -34.022 52.5447 58.1666
    endloop
  endfacet
  facet normal 0.422538 -0.906345 -9.14339e-05
    outer loop
      vertex -24.5068 56.9817 48.1292
      vertex -34.022 52.5447 58.1666
      vertex -34.2685 52.4298 57.9849
    endloop
  endfacet
  facet normal 0.422626 -0.906304 -1.4878e-05
    outer loop
      vertex -21.8067 58.2408 58.65
      vertex -20.1259 59.0246 57.9311
      vertex -20.0832 59.0445 58.65
    endloop
  endfacet
  facet normal 0.422729 -0.906256 9.89293e-05
    outer loop
      vertex -26.022 56.2752 46.663
      vertex -34.2685 52.4298 57.9849
      vertex -34.5343 52.3058 57.8403
    endloop
  endfacet
  facet normal 0.422512 -0.906357 -5.11275e-05
    outer loop
      vertex -29.5053 54.6509 44.444
      vertex -34.5343 52.3058 57.8403
      vertex -34.8149 52.175 57.7352
    endloop
  endfacet
  facet normal 0.422726 -0.906258 3.22309e-05
    outer loop
      vertex -31.4137 53.761 43.7293
      vertex -34.8149 52.175 57.7352
      vertex -35.1056 52.0394 57.6714
    endloop
  endfacet
  facet normal 0.422534 -0.906347 -1.49081e-05
    outer loop
      vertex -33.3903 52.8393 43.2954
      vertex -35.1056 52.0394 57.6714
      vertex -35.4014 51.9015 57.65
    endloop
  endfacet
  facet normal 0.422629 -0.906303 -1.79222e-05
    outer loop
      vertex -44.7807 47.5279 46.663
      vertex -36.5342 51.3732 57.9849
      vertex -46.2959 46.8213 48.1292
    endloop
  endfacet
  facet normal 0.422637 -0.906299 1.57366e-05
    outer loop
      vertex -21.8067 58.2408 58.65
      vertex -20.5191 58.8412 55.7501
      vertex -20.1259 59.0246 57.9311
    endloop
  endfacet
  facet normal 0.422727 -0.906257 -0.000104662
    outer loop
      vertex -36.5342 51.3732 57.9849
      vertex -44.7807 47.5279 46.663
      vertex -36.2684 51.4972 57.8403
    endloop
  endfacet
  facet normal 0.422624 -0.906305 8.85403e-06
    outer loop
      vertex -21.8067 58.2408 58.65
      vertex -21.1669 58.5391 53.6444
      vertex -20.5191 58.8412 55.7501
    endloop
  endfacet
  facet normal 0.422619 -0.906307 -4.80984e-06
    outer loop
      vertex -43.105 48.3093 45.4276
      vertex -36.2684 51.4972 57.8403
      vertex -44.7807 47.5279 46.663
    endloop
  endfacet
  facet normal 0.422608 -0.906312 -2.4843e-05
    outer loop
      vertex -33.4391 52.8165 58.9
      vertex -22.0583 58.1235 51.65
      vertex -21.1669 58.5391 53.6444
    endloop
  endfacet
  facet normal 0.422586 -0.906323 1.74529e-05
    outer loop
      vertex -41.2974 49.1521 44.444
      vertex -36.2684 51.4972 57.8403
      vertex -43.105 48.3093 45.4276
    endloop
  endfacet
  facet normal 0.422615 -0.906309 -9.96743e-06
    outer loop
      vertex -33.7992 52.6486 58.3822
      vertex -23.178 57.6014 49.8011
      vertex -22.0583 58.1235 51.65
    endloop
  endfacet
  facet normal 0.422745 -0.906249 -5.51754e-05
    outer loop
      vertex -36.2684 51.4972 57.8403
      vertex -41.2974 49.1521 44.444
      vertex -35.9878 51.6281 57.7352
    endloop
  endfacet
  facet normal 0.422636 -0.9063 2.11913e-05
    outer loop
      vertex -34.022 52.5447 58.1666
      vertex -24.5068 56.9817 48.1292
      vertex -23.178 57.6014 49.8011
    endloop
  endfacet
  facet normal 0.422619 -0.906307 5.76114e-06
    outer loop
      vertex -39.389 50.042 43.7293
      vertex -35.9878 51.6281 57.7352
      vertex -41.2974 49.1521 44.444
    endloop
  endfacet
  facet normal 0.422604 -0.906315 -1.23285e-05
    outer loop
      vertex -34.2685 52.4298 57.9849
      vertex -26.022 56.2752 46.663
      vertex -24.5068 56.9817 48.1292
    endloop
  endfacet
  facet normal 0.422484 -0.90637 4.57929e-05
    outer loop
      vertex -35.9878 51.6281 57.7352
      vertex -39.389 50.042 43.7293
      vertex -35.6971 51.7636 57.6714
    endloop
  endfacet
  facet normal 0.422622 -0.906306 -3.83026e-07
    outer loop
      vertex -34.5343 52.3058 57.8403
      vertex -27.6977 55.4938 45.4276
      vertex -26.022 56.2752 46.663
    endloop
  endfacet
  facet normal 0.422617 -0.906308 2.80752e-06
    outer loop
      vertex -37.4124 50.9637 43.2954
      vertex -35.6971 51.7636 57.6714
      vertex -39.389 50.042 43.7293
    endloop
  endfacet
  facet normal 0.42262 -0.906307 -1.82308e-06
    outer loop
      vertex -34.5343 52.3058 57.8403
      vertex -29.5053 54.6509 44.444
      vertex -27.6977 55.4938 45.4276
    endloop
  endfacet
  facet normal 0.42265 -0.906293 -1.99534e-06
    outer loop
      vertex -35.6971 51.7636 57.6714
      vertex -37.4124 50.9637 43.2954
      vertex -35.4014 51.9015 57.65
    endloop
  endfacet
  facet normal 0.422618 -0.906308 1.70323e-07
    outer loop
      vertex -34.8149 52.175 57.7352
      vertex -31.4137 53.761 43.7293
      vertex -29.5053 54.6509 44.444
    endloop
  endfacet
  facet normal 0.422639 -0.906298 0
    outer loop
      vertex -35.4014 51.9015 43.15
      vertex -35.4014 51.9015 57.65
      vertex -37.4124 50.9637 43.2954
    endloop
  endfacet
  facet normal 0.422617 -0.906308 -2.80752e-06
    outer loop
      vertex -35.1056 52.0394 57.6714
      vertex -33.3903 52.8393 43.2954
      vertex -31.4137 53.761 43.7293
    endloop
  endfacet
  facet normal 0.422621 -0.906306 0
    outer loop
      vertex -35.4014 51.9015 57.65
      vertex -35.4014 51.9015 43.15
      vertex -33.3903 52.8393 43.2954
    endloop
  endfacet
  facet normal 0.422639 -0.906298 0
    outer loop
      vertex -35.4014 51.9015 62.65
      vertex -35.4014 51.9015 77.15
      vertex -37.4124 50.9637 77.0046
    endloop
  endfacet
  facet normal 0.422617 -0.906308 -2.80752e-06
    outer loop
      vertex -35.6971 51.7636 62.6286
      vertex -37.4124 50.9637 77.0046
      vertex -39.389 50.042 76.5707
    endloop
  endfacet
  facet normal 0.422621 -0.906306 0
    outer loop
      vertex -35.4014 51.9015 77.15
      vertex -35.4014 51.9015 62.65
      vertex -33.3903 52.8393 77.0046
    endloop
  endfacet
  facet normal 0.422619 -0.906307 -5.76107e-06
    outer loop
      vertex -35.9878 51.6281 62.5648
      vertex -39.389 50.042 76.5707
      vertex -41.2974 49.1521 75.8559
    endloop
  endfacet
  facet normal 0.422534 -0.906347 1.49081e-05
    outer loop
      vertex -35.1056 52.0394 62.6286
      vertex -33.3903 52.8393 77.0046
      vertex -35.4014 51.9015 62.65
    endloop
  endfacet
  facet normal 0.422586 -0.906323 -1.74533e-05
    outer loop
      vertex -36.2684 51.4972 62.4597
      vertex -41.2974 49.1521 75.8559
      vertex -43.105 48.3093 74.8724
    endloop
  endfacet
  facet normal 0.422617 -0.906308 2.80752e-06
    outer loop
      vertex -33.3903 52.8393 77.0046
      vertex -35.1056 52.0394 62.6286
      vertex -31.4137 53.761 76.5707
    endloop
  endfacet
  facet normal 0.422619 -0.906307 4.80984e-06
    outer loop
      vertex -36.2684 51.4972 62.4597
      vertex -43.105 48.3093 74.8724
      vertex -44.7807 47.5279 73.637
    endloop
  endfacet
  facet normal 0.422726 -0.906258 -3.22309e-05
    outer loop
      vertex -34.8149 52.175 62.5648
      vertex -31.4137 53.761 76.5707
      vertex -35.1056 52.0394 62.6286
    endloop
  endfacet
  facet normal 0.422629 -0.906303 1.79222e-05
    outer loop
      vertex -36.5342 51.3732 62.3151
      vertex -44.7807 47.5279 73.637
      vertex -46.2959 46.8213 72.1708
    endloop
  endfacet
  facet normal 0.422618 -0.906308 -1.70321e-07
    outer loop
      vertex -31.4137 53.761 76.5707
      vertex -34.8149 52.175 62.5648
      vertex -29.5053 54.6509 75.8559
    endloop
  endfacet
  facet normal 0.42261 -0.906312 -8.29516e-06
    outer loop
      vertex -36.7807 51.2583 62.1334
      vertex -46.2959 46.8213 72.1708
      vertex -47.6247 46.2017 70.4989
    endloop
  endfacet
  facet normal 0.422512 -0.906357 5.11278e-05
    outer loop
      vertex -34.5343 52.3058 62.4597
      vertex -29.5053 54.6509 75.8559
      vertex -34.8149 52.175 62.5648
    endloop
  endfacet
  facet normal 0.422633 -0.906301 2.64167e-05
    outer loop
      vertex -37.0035 51.1544 61.9178
      vertex -47.6247 46.2017 70.4989
      vertex -48.7444 45.6795 68.65
    endloop
  endfacet
  facet normal 0.42262 -0.906307 1.82312e-06
    outer loop
      vertex -29.5053 54.6509 75.8559
      vertex -34.5343 52.3058 62.4597
      vertex -27.6977 55.4938 74.8724
    endloop
  endfacet
  facet normal 0.422608 -0.906312 -2.4843e-05
    outer loop
      vertex -37.3636 50.9865 61.4
      vertex -48.7444 45.6795 68.65
      vertex -49.6358 45.2639 66.6556
    endloop
  endfacet
  facet normal 0.422622 -0.906306 3.83026e-07
    outer loop
      vertex -27.6977 55.4938 74.8724
      vertex -34.5343 52.3058 62.4597
      vertex -26.022 56.2752 73.637
    endloop
  endfacet
  facet normal 0.422623 -0.906306 9.52955e-06
    outer loop
      vertex -37.4947 50.9254 61.1067
      vertex -49.6358 45.2639 66.6556
      vertex -50.2836 44.9618 64.5499
    endloop
  endfacet
  facet normal 0.422729 -0.906256 -9.89293e-05
    outer loop
      vertex -34.2685 52.4298 62.3151
      vertex -26.022 56.2752 73.637
      vertex -34.5343 52.3058 62.4597
    endloop
  endfacet
  facet normal 0.422604 -0.906315 1.23285e-05
    outer loop
      vertex -26.022 56.2752 73.637
      vertex -34.2685 52.4298 62.3151
      vertex -24.5068 56.9817 72.1708
    endloop
  endfacet
  facet normal 0.42265 -0.906293 1.99534e-06
    outer loop
      vertex -37.4124 50.9637 77.0046
      vertex -35.6971 51.7636 62.6286
      vertex -35.4014 51.9015 62.65
    endloop
  endfacet
  facet normal 0.422484 -0.90637 -4.57929e-05
    outer loop
      vertex -39.389 50.042 76.5707
      vertex -35.9878 51.6281 62.5648
      vertex -35.6971 51.7636 62.6286
    endloop
  endfacet
  facet normal 0.422745 -0.906249 5.51757e-05
    outer loop
      vertex -41.2974 49.1521 75.8559
      vertex -36.2684 51.4972 62.4597
      vertex -35.9878 51.6281 62.5648
    endloop
  endfacet
  facet normal 0.422615 -0.906309 -2.0955e-05
    outer loop
      vertex -37.5899 50.881 60.797
      vertex -50.2836 44.9618 64.5499
      vertex -50.6768 44.7785 62.3689
    endloop
  endfacet
  facet normal 0.422727 -0.906257 0.000104662
    outer loop
      vertex -44.7807 47.5279 73.637
      vertex -36.5342 51.3732 62.3151
      vertex -36.2684 51.4972 62.4597
    endloop
  endfacet
  facet normal 0.422538 -0.906345 -9.14339e-05
    outer loop
      vertex -46.2959 46.8213 72.1708
      vertex -36.7807 51.2583 62.1334
      vertex -36.5342 51.3732 62.3151
    endloop
  endfacet
  facet normal 0.422627 -0.906304 1.74971e-05
    outer loop
      vertex -47.6247 46.2017 70.4989
      vertex -37.0035 51.1544 61.9178
      vertex -36.7807 51.2583 62.1334
    endloop
  endfacet
  facet normal 0.4226 -0.906316 -4.30173e-05
    outer loop
      vertex -48.7444 45.6795 68.65
      vertex -37.1989 51.0633 61.6719
      vertex -37.0035 51.1544 61.9178
    endloop
  endfacet
  facet normal 0.422619 -0.906307 -3.68988e-06
    outer loop
      vertex -48.7444 45.6795 68.65
      vertex -37.3636 50.9865 61.4
      vertex -37.1989 51.0633 61.6719
    endloop
  endfacet
  facet normal 0.422587 -0.906322 -8.48405e-05
    outer loop
      vertex -49.6358 45.2639 66.6556
      vertex -37.4947 50.9254 61.1067
      vertex -37.3636 50.9865 61.4
    endloop
  endfacet
  facet normal 0.422625 -0.906305 1.95356e-05
    outer loop
      vertex -50.2836 44.9618 64.5499
      vertex -37.5899 50.881 60.797
      vertex -37.4947 50.9254 61.1067
    endloop
  endfacet
  facet normal 0.42263 -0.906302 0.000131428
    outer loop
      vertex -50.6768 44.7785 62.3689
      vertex -37.6477 50.854 60.4763
      vertex -37.5899 50.881 60.797
    endloop
  endfacet
  facet normal 0.422616 -0.906309 1.67448e-05
    outer loop
      vertex -50.8086 44.717 60.15
      vertex -37.6477 50.854 60.4763
      vertex -50.6768 44.7785 62.3689
    endloop
  endfacet
  facet normal 0.422619 -0.906307 -0.000128863
    outer loop
      vertex -50.8086 44.717 60.15
      vertex -37.6671 50.845 60.15
      vertex -37.6477 50.854 60.4763
    endloop
  endfacet
  facet normal 0.422619 -0.906307 0.000128863
    outer loop
      vertex -50.8086 44.717 60.15
      vertex -37.6477 50.854 59.8237
      vertex -37.6671 50.845 60.15
    endloop
  endfacet
  facet normal 0.422616 -0.906309 -1.67448e-05
    outer loop
      vertex -50.6768 44.7785 57.9311
      vertex -37.6477 50.854 59.8237
      vertex -50.8086 44.717 60.15
    endloop
  endfacet
  facet normal 0.42263 -0.906302 -0.000131428
    outer loop
      vertex -37.6477 50.854 59.8237
      vertex -50.6768 44.7785 57.9311
      vertex -37.5899 50.881 59.503
    endloop
  endfacet
  facet normal 0.422615 -0.906309 2.0955e-05
    outer loop
      vertex -50.2836 44.9618 55.7501
      vertex -37.5899 50.881 59.503
      vertex -50.6768 44.7785 57.9311
    endloop
  endfacet
  facet normal 0.422625 -0.906305 -1.95356e-05
    outer loop
      vertex -37.5899 50.881 59.503
      vertex -50.2836 44.9618 55.7501
      vertex -37.4947 50.9254 59.1933
    endloop
  endfacet
  facet normal 0.422623 -0.906306 -9.52955e-06
    outer loop
      vertex -49.6358 45.2639 53.6444
      vertex -37.4947 50.9254 59.1933
      vertex -50.2836 44.9618 55.7501
    endloop
  endfacet
  facet normal 0.422587 -0.906322 8.48405e-05
    outer loop
      vertex -37.4947 50.9254 59.1933
      vertex -49.6358 45.2639 53.6444
      vertex -37.3636 50.9865 58.9
    endloop
  endfacet
  facet normal 0.422608 -0.906312 2.4843e-05
    outer loop
      vertex -48.7444 45.6795 51.65
      vertex -37.3636 50.9865 58.9
      vertex -49.6358 45.2639 53.6444
    endloop
  endfacet
  facet normal 0.422619 -0.906307 3.68988e-06
    outer loop
      vertex -37.3636 50.9865 58.9
      vertex -48.7444 45.6795 51.65
      vertex -37.1989 51.0633 58.6281
    endloop
  endfacet
  facet normal 0.4226 -0.906316 4.30173e-05
    outer loop
      vertex -37.1989 51.0633 58.6281
      vertex -48.7444 45.6795 51.65
      vertex -37.0035 51.1544 58.3822
    endloop
  endfacet
  facet normal 0.422633 -0.906301 -2.64167e-05
    outer loop
      vertex -47.6247 46.2017 49.8011
      vertex -37.0035 51.1544 58.3822
      vertex -48.7444 45.6795 51.65
    endloop
  endfacet
  facet normal 0.422627 -0.906304 -1.74971e-05
    outer loop
      vertex -37.0035 51.1544 58.3822
      vertex -47.6247 46.2017 49.8011
      vertex -36.7807 51.2583 58.1666
    endloop
  endfacet
  facet normal 0.42261 -0.906312 8.29516e-06
    outer loop
      vertex -46.2959 46.8213 48.1292
      vertex -36.7807 51.2583 58.1666
      vertex -47.6247 46.2017 49.8011
    endloop
  endfacet
  facet normal 0.422538 -0.906345 9.14339e-05
    outer loop
      vertex -36.7807 51.2583 58.1666
      vertex -46.2959 46.8213 48.1292
      vertex -36.5342 51.3732 57.9849
    endloop
  endfacet
  facet normal 0.422538 -0.906345 9.14339e-05
    outer loop
      vertex -34.022 52.5447 62.1334
      vertex -24.5068 56.9817 72.1708
      vertex -34.2685 52.4298 62.3151
    endloop
  endfacet
  facet normal 0.422636 -0.9063 -2.11913e-05
    outer loop
      vertex -24.5068 56.9817 72.1708
      vertex -34.022 52.5447 62.1334
      vertex -23.178 57.6014 70.4989
    endloop
  endfacet
  facet normal 0.42263 -0.906302 -1.26914e-05
    outer loop
      vertex -33.7992 52.6486 61.9178
      vertex -23.178 57.6014 70.4989
      vertex -34.022 52.5447 62.1334
    endloop
  endfacet
  facet normal 0.422615 -0.906309 9.96743e-06
    outer loop
      vertex -23.178 57.6014 70.4989
      vertex -33.7992 52.6486 61.9178
      vertex -22.0583 58.1235 68.65
    endloop
  endfacet
  facet normal 0.4226 -0.906316 4.30173e-05
    outer loop
      vertex -33.6038 52.7397 61.6719
      vertex -22.0583 58.1235 68.65
      vertex -33.7992 52.6486 61.9178
    endloop
  endfacet
  facet normal 0.422619 -0.906307 3.68988e-06
    outer loop
      vertex -33.4391 52.8165 61.4
      vertex -22.0583 58.1235 68.65
      vertex -33.6038 52.7397 61.6719
    endloop
  endfacet
  facet normal 0.422608 -0.906312 2.4843e-05
    outer loop
      vertex -22.0583 58.1235 68.65
      vertex -33.4391 52.8165 61.4
      vertex -21.1669 58.5391 66.6556
    endloop
  endfacet
  facet normal 0.422624 -0.906305 -8.85403e-06
    outer loop
      vertex -21.1669 58.5391 66.6556
      vertex -21.8067 58.2408 61.65
      vertex -20.5191 58.8412 64.5499
    endloop
  endfacet
  facet normal 0.422637 -0.906299 -1.57366e-05
    outer loop
      vertex -20.5191 58.8412 64.5499
      vertex -21.8067 58.2408 61.65
      vertex -20.1259 59.0246 62.3689
    endloop
  endfacet
  facet normal 0.422626 -0.906304 1.4878e-05
    outer loop
      vertex -20.1259 59.0246 62.3689
      vertex -21.8067 58.2408 61.65
      vertex -20.0832 59.0445 61.65
    endloop
  endfacet
  facet normal -0.503478 -0.234777 0.831498
    outer loop
      vertex -36.5342 51.3732 62.3151
      vertex -27.4831 31.3196 62.1334
      vertex -27.2366 31.4345 62.3151
    endloop
  endfacet
  facet normal -0.503478 -0.234777 0.831498
    outer loop
      vertex -27.4831 31.3196 62.1334
      vertex -36.5342 51.3732 62.3151
      vertex -36.7807 51.2583 62.1334
    endloop
  endfacet
  facet normal 0.291309 0.13584 -0.946935
    outer loop
      vertex -25.5173 32.2362 57.7352
      vertex -34.5343 52.3058 57.8403
      vertex -25.2367 32.3671 57.8403
    endloop
  endfacet
  facet normal 0.291345 0.135856 -0.946922
    outer loop
      vertex -34.5343 52.3058 57.8403
      vertex -25.5173 32.2362 57.7352
      vertex -34.8149 52.175 57.7352
    endloop
  endfacet
  facet normal -0.753506 -0.351365 -0.555672
    outer loop
      vertex -27.9013 31.1245 58.6281
      vertex -37.3636 50.9865 58.9
      vertex -37.1989 51.0633 58.6281
    endloop
  endfacet
  facet normal -0.753506 -0.351365 -0.555672
    outer loop
      vertex -37.3636 50.9865 58.9
      vertex -27.9013 31.1245 58.6281
      vertex -28.066 31.0477 58.9
    endloop
  endfacet
  facet normal 0.906307 0.422619 0
    outer loop
      vertex -10.6965 39.1472 61.65
      vertex -22.9525 65.4302 58.65
      vertex -22.9525 65.4302 61.65
    endloop
  endfacet
  facet normal 0.906307 0.422619 0
    outer loop
      vertex -22.9525 65.4302 58.65
      vertex -10.6965 39.1472 61.65
      vertex -10.6965 39.1472 58.65
    endloop
  endfacet
  facet normal 0.906313 0.422606 -0
    outer loop
      vertex -22.9525 65.4302 61.65
      vertex -23.7977 67.2428 63.15
      vertex -22.9525 65.4302 63.15
    endloop
  endfacet
  facet normal 0.906313 0.422606 0
    outer loop
      vertex -23.7977 67.2428 63.15
      vertex -22.9525 65.4302 61.65
      vertex -23.7977 67.2428 57.15
    endloop
  endfacet
  facet normal 0.906313 0.422606 -0
    outer loop
      vertex -22.9525 65.4302 58.65
      vertex -23.7977 67.2428 57.15
      vertex -22.9525 65.4302 61.65
    endloop
  endfacet
  facet normal 0.906313 0.422606 0
    outer loop
      vertex -23.7977 67.2428 57.15
      vertex -22.9525 65.4302 58.65
      vertex -22.9525 65.4302 57.15
    endloop
  endfacet
  facet normal 0.422606 -0.906313 0
    outer loop
      vertex -12.5091 38.302 58.65
      vertex -10.6965 39.1472 61.65
      vertex -12.5091 38.302 61.65
    endloop
  endfacet
  facet normal 0.422606 -0.906313 0
    outer loop
      vertex -10.6965 39.1472 61.65
      vertex -12.5091 38.302 58.65
      vertex -10.6965 39.1472 58.65
    endloop
  endfacet
  facet normal -0.906308 -0.422618 0
    outer loop
      vertex -12.5091 38.302 58.65
      vertex -21.8067 58.2408 61.65
      vertex -21.8067 58.2408 58.65
    endloop
  endfacet
  facet normal -0.906308 -0.422618 0
    outer loop
      vertex -21.8067 58.2408 61.65
      vertex -12.5091 38.302 58.65
      vertex -12.5091 38.302 61.65
    endloop
  endfacet
  facet normal -0.906304 -0.422627 0
    outer loop
      vertex -23.0746 60.9597 58.65
      vertex -24.7651 64.5849 61.65
      vertex -24.7651 64.5849 58.65
    endloop
  endfacet
  facet normal -0.906304 -0.422627 0
    outer loop
      vertex -24.7651 64.5849 61.65
      vertex -23.0746 60.9597 58.65
      vertex -23.0746 60.9597 61.65
    endloop
  endfacet
  facet normal 0 0 -1
    outer loop
      vertex -12.5091 38.302 58.65
      vertex -21.8067 58.2408 58.65
      vertex -20.0832 59.0445 58.65
    endloop
  endfacet
  facet normal 0 0 -1
    outer loop
      vertex -20.0832 59.0445 58.65
      vertex -10.6965 39.1472 58.65
      vertex -12.5091 38.302 58.65
    endloop
  endfacet
  facet normal 0 0 -1
    outer loop
      vertex -22.9525 65.4302 58.65
      vertex -20.0832 59.0445 58.65
      vertex -21.3511 61.7634 58.65
    endloop
  endfacet
  facet normal 0 0 -1
    outer loop
      vertex -20.0832 59.0445 58.65
      vertex -22.9525 65.4302 58.65
      vertex -10.6965 39.1472 58.65
    endloop
  endfacet
  facet normal 0 0 -1
    outer loop
      vertex -24.7651 64.5849 58.65
      vertex -21.3511 61.7634 58.65
      vertex -23.0746 60.9597 58.65
    endloop
  endfacet
  facet normal 0 0 -1
    outer loop
      vertex -21.3511 61.7634 58.65
      vertex -24.7651 64.5849 58.65
      vertex -22.9525 65.4302 58.65
    endloop
  endfacet
  facet normal 0 0 1
    outer loop
      vertex -10.6965 39.1472 61.65
      vertex -20.0832 59.0445 61.65
      vertex -12.5091 38.302 61.65
    endloop
  endfacet
  facet normal 0 0 1
    outer loop
      vertex -22.9525 65.4302 61.65
      vertex -20.0832 59.0445 61.65
      vertex -10.6965 39.1472 61.65
    endloop
  endfacet
  facet normal 0 0 1
    outer loop
      vertex -20.0832 59.0445 61.65
      vertex -22.9525 65.4302 61.65
      vertex -21.3511 61.7634 61.65
    endloop
  endfacet
  facet normal -0 0 1
    outer loop
      vertex -24.7651 64.5849 61.65
      vertex -21.3511 61.7634 61.65
      vertex -22.9525 65.4302 61.65
    endloop
  endfacet
  facet normal 0 0 1
    outer loop
      vertex -21.3511 61.7634 61.65
      vertex -24.7651 64.5849 61.65
      vertex -23.0746 60.9597 61.65
    endloop
  endfacet
  facet normal 0 0 1
    outer loop
      vertex -12.5091 38.302 61.65
      vertex -20.0832 59.0445 61.65
      vertex -21.8067 58.2408 61.65
    endloop
  endfacet
  facet normal -0.422618 0.906308 0.000257611
    outer loop
      vertex -23.7977 67.2428 63.15
      vertex -38.85 60.2238 63.1243
      vertex -39.2049 60.0583 63.15
    endloop
  endfacet
  facet normal -0.422617 0.906308 -0.000564825
    outer loop
      vertex -23.7977 67.2428 63.15
      vertex -38.5012 60.3864 63.0478
      vertex -38.85 60.2238 63.1243
    endloop
  endfacet
  facet normal -0.422622 0.906306 0.000328154
    outer loop
      vertex -23.7977 67.2428 63.15
      vertex -38.1644 60.5435 62.9216
      vertex -38.5012 60.3864 63.0478
    endloop
  endfacet
  facet normal -0.422618 0.906308 -2.77249e-05
    outer loop
      vertex -23.7977 67.2428 63.15
      vertex -37.8455 60.6922 62.7481
      vertex -38.1644 60.5435 62.9216
    endloop
  endfacet
  facet normal -0.422615 0.906309 -0.000135566
    outer loop
      vertex -23.7977 67.2428 63.15
      vertex -37.5497 60.8301 62.5301
      vertex -37.8455 60.6922 62.7481
    endloop
  endfacet
  facet normal -0.422627 0.906304 0.000184849
    outer loop
      vertex -23.7977 67.2428 63.15
      vertex -37.2824 60.9548 62.2713
      vertex -37.5497 60.8301 62.5301
    endloop
  endfacet
  facet normal -0.42261 0.906312 -0.000142593
    outer loop
      vertex -23.7977 67.2428 63.15
      vertex -37.0479 61.0641 61.9763
      vertex -37.2824 60.9548 62.2713
    endloop
  endfacet
  facet normal -0.422631 0.906302 0.000150668
    outer loop
      vertex -23.7977 67.2428 63.15
      vertex -36.8503 61.1563 61.65
      vertex -37.0479 61.0641 61.9763
    endloop
  endfacet
  facet normal -0.422605 0.906314 -0.000122119
    outer loop
      vertex -23.7977 67.2428 63.15
      vertex -36.693 61.2296 61.298
      vertex -36.8503 61.1563 61.65
    endloop
  endfacet
  facet normal -0.422607 0.906313 -0.000106999
    outer loop
      vertex -23.7977 67.2428 63.15
      vertex -36.5786 61.2829 60.9265
      vertex -36.693 61.2296 61.298
    endloop
  endfacet
  facet normal -0.42265 0.906293 0.000192941
    outer loop
      vertex -23.7977 67.2428 63.15
      vertex -36.5093 61.3153 60.5416
      vertex -36.5786 61.2829 60.9265
    endloop
  endfacet
  facet normal -0.422592 0.90632 -0.000148481
    outer loop
      vertex -23.7977 67.2428 63.15
      vertex -36.486 61.3261 60.15
      vertex -36.5093 61.3153 60.5416
    endloop
  endfacet
  facet normal -0.422621 0.906306 0
    outer loop
      vertex -23.7977 67.2428 57.15
      vertex -36.486 61.3261 60.15
      vertex -23.7977 67.2428 63.15
    endloop
  endfacet
  facet normal -0.422592 0.90632 0.000148481
    outer loop
      vertex -36.486 61.3261 60.15
      vertex -23.7977 67.2428 57.15
      vertex -36.5093 61.3153 59.7584
    endloop
  endfacet
  facet normal -0.42265 0.906293 -0.000192941
    outer loop
      vertex -36.5093 61.3153 59.7584
      vertex -23.7977 67.2428 57.15
      vertex -36.5786 61.2829 59.3735
    endloop
  endfacet
  facet normal -0.422607 0.906313 0.000106972
    outer loop
      vertex -36.5786 61.2829 59.3735
      vertex -23.7977 67.2428 57.15
      vertex -36.693 61.2296 59.0019
    endloop
  endfacet
  facet normal -0.422605 0.906314 0.000122152
    outer loop
      vertex -36.693 61.2296 59.0019
      vertex -23.7977 67.2428 57.15
      vertex -36.8503 61.1563 58.65
    endloop
  endfacet
  facet normal -0.422631 0.906302 -0.000150668
    outer loop
      vertex -36.8503 61.1563 58.65
      vertex -23.7977 67.2428 57.15
      vertex -37.0479 61.0641 58.3237
    endloop
  endfacet
  facet normal -0.42261 0.906312 0.000142593
    outer loop
      vertex -37.0479 61.0641 58.3237
      vertex -23.7977 67.2428 57.15
      vertex -37.2824 60.9548 58.0287
    endloop
  endfacet
  facet normal -0.422627 0.906304 -0.000184849
    outer loop
      vertex -37.2824 60.9548 58.0287
      vertex -23.7977 67.2428 57.15
      vertex -37.5497 60.8301 57.7699
    endloop
  endfacet
  facet normal -0.422615 0.906309 0.000135566
    outer loop
      vertex -37.5497 60.8301 57.7699
      vertex -23.7977 67.2428 57.15
      vertex -37.8455 60.6922 57.5519
    endloop
  endfacet
  facet normal -0.422618 0.906308 2.77249e-05
    outer loop
      vertex -37.8455 60.6922 57.5519
      vertex -23.7977 67.2428 57.15
      vertex -38.1644 60.5435 57.3784
    endloop
  endfacet
  facet normal -0.422622 0.906306 -0.000328154
    outer loop
      vertex -23.7977 67.2428 57.15
      vertex -38.5012 60.3864 57.2522
      vertex -38.1644 60.5435 57.3784
    endloop
  endfacet
  facet normal -0.422617 0.906308 0.000564825
    outer loop
      vertex -23.7977 67.2428 57.15
      vertex -38.85 60.2238 57.1757
      vertex -38.5012 60.3864 57.2522
    endloop
  endfacet
  facet normal -0.422618 0.906308 -0.000257611
    outer loop
      vertex -38.85 60.2238 57.1757
      vertex -23.7977 67.2428 57.15
      vertex -39.2049 60.0583 57.15
    endloop
  endfacet
  facet normal -0.422347 0.906434 0
    outer loop
      vertex -39.9086 59.7301 57.2522
      vertex -40.1112 59.6357 57.15
      vertex -40.1112 59.6357 57.3281
    endloop
  endfacet
  facet normal -0.422613 0.90631 0.000643235
    outer loop
      vertex -39.5598 59.8928 57.1757
      vertex -40.1112 59.6357 57.15
      vertex -39.9086 59.7301 57.2522
    endloop
  endfacet
  facet normal -0.422606 0.906313 0.000463431
    outer loop
      vertex -40.1112 59.6357 57.15
      vertex -39.5598 59.8928 57.1757
      vertex -39.2049 60.0583 57.15
    endloop
  endfacet
  facet normal -0.422606 0.906313 -0.000463431
    outer loop
      vertex -39.5598 59.8928 63.1243
      vertex -40.1112 59.6357 63.15
      vertex -39.2049 60.0583 63.15
    endloop
  endfacet
  facet normal -0.422613 0.90631 -0.000643235
    outer loop
      vertex -39.9086 59.7301 63.0478
      vertex -40.1112 59.6357 63.15
      vertex -39.5598 59.8928 63.1243
    endloop
  endfacet
  facet normal -0.422347 0.906434 0
    outer loop
      vertex -40.1112 59.6357 63.15
      vertex -39.9086 59.7301 63.0478
      vertex -40.1112 59.6357 62.9719
    endloop
  endfacet
  facet normal 0.422615 -0.906309 0.000127384
    outer loop
      vertex -35.8477 59.417 61.298
      vertex -24.7651 64.5849 61.65
      vertex -36.005 59.3437 61.65
    endloop
  endfacet
  facet normal 0.422618 -0.906308 -2.53095e-06
    outer loop
      vertex -35.7334 59.4703 60.9265
      vertex -24.7651 64.5849 61.65
      vertex -35.8477 59.417 61.298
    endloop
  endfacet
  facet normal 0.422623 -0.906306 -8.90371e-05
    outer loop
      vertex -35.664 59.5027 60.5416
      vertex -24.7651 64.5849 61.65
      vertex -35.7334 59.4703 60.9265
    endloop
  endfacet
  facet normal 0.422612 -0.906311 4.19876e-05
    outer loop
      vertex -35.6408 59.5135 60.15
      vertex -24.7651 64.5849 61.65
      vertex -35.664 59.5027 60.5416
    endloop
  endfacet
  facet normal 0.422612 -0.906311 -4.19876e-05
    outer loop
      vertex -24.7651 64.5849 58.65
      vertex -35.6408 59.5135 60.15
      vertex -35.664 59.5027 59.7584
    endloop
  endfacet
  facet normal 0.422623 -0.906306 8.90371e-05
    outer loop
      vertex -24.7651 64.5849 58.65
      vertex -35.664 59.5027 59.7584
      vertex -35.7334 59.4703 59.3735
    endloop
  endfacet
  facet normal 0.422618 -0.906308 2.53029e-06
    outer loop
      vertex -24.7651 64.5849 58.65
      vertex -35.7334 59.4703 59.3735
      vertex -35.8477 59.417 59.0019
    endloop
  endfacet
  facet normal 0.422615 -0.906309 -0.000127421
    outer loop
      vertex -24.7651 64.5849 58.65
      vertex -35.8477 59.417 59.0019
      vertex -36.005 59.3437 58.65
    endloop
  endfacet
  facet normal 0.422617 -0.906308 0
    outer loop
      vertex -35.6408 59.5135 60.15
      vertex -24.7651 64.5849 58.65
      vertex -24.7651 64.5849 61.65
    endloop
  endfacet
  facet normal 0.422615 -0.906309 0.000162517
    outer loop
      vertex -36.2026 59.2515 58.3237
      vertex -24.7651 64.5849 58.65
      vertex -36.005 59.3437 58.65
    endloop
  endfacet
  facet normal 0.422622 -0.906306 -0.000154888
    outer loop
      vertex -36.4371 59.1422 58.0287
      vertex -24.7651 64.5849 58.65
      vertex -36.2026 59.2515 58.3237
    endloop
  endfacet
  facet normal 0.422614 -0.90631 3.82326e-05
    outer loop
      vertex -36.7045 59.0175 57.7699
      vertex -24.7651 64.5849 58.65
      vertex -36.4371 59.1422 58.0287
    endloop
  endfacet
  facet normal 0.422619 -0.906308 -4.20795e-05
    outer loop
      vertex -24.7651 64.5849 58.65
      vertex -36.7045 59.0175 57.7699
      vertex -22.9525 65.4302 57.15
    endloop
  endfacet
  facet normal 0.422622 -0.906306 4.71238e-05
    outer loop
      vertex -22.9525 65.4302 57.15
      vertex -36.7045 59.0175 57.7699
      vertex -37.0002 58.8796 57.5519
    endloop
  endfacet
  facet normal 0.422615 -0.906309 -0.000264391
    outer loop
      vertex -22.9525 65.4302 57.15
      vertex -37.0002 58.8796 57.5519
      vertex -37.3192 58.7309 57.3784
    endloop
  endfacet
  facet normal 0.422622 -0.906306 0.000328154
    outer loop
      vertex -22.9525 65.4302 57.15
      vertex -37.3192 58.7309 57.3784
      vertex -37.656 58.5738 57.2522
    endloop
  endfacet
  facet normal 0.422624 -0.906305 0.000583497
    outer loop
      vertex -22.9525 65.4302 57.15
      vertex -37.656 58.5738 57.2522
      vertex -38.0048 58.4111 57.1757
    endloop
  endfacet
  facet normal 0.422647 -0.906294 0
    outer loop
      vertex -24.7651 64.5849 58.65
      vertex -22.9525 65.4302 57.15
      vertex -22.9525 65.4302 58.65
    endloop
  endfacet
  facet normal 0.422616 -0.906303 -0.00326886
    outer loop
      vertex -22.9525 65.4302 57.15
      vertex -38.0048 58.4111 57.1757
      vertex -38.3597 58.2457 57.15
    endloop
  endfacet
  facet normal 0.422616 -0.906303 0.00326886
    outer loop
      vertex -38.0048 58.4111 63.1243
      vertex -22.9525 65.4302 63.15
      vertex -38.3597 58.2457 63.15
    endloop
  endfacet
  facet normal 0.422624 -0.906305 -0.000583497
    outer loop
      vertex -37.656 58.5738 63.0478
      vertex -22.9525 65.4302 63.15
      vertex -38.0048 58.4111 63.1243
    endloop
  endfacet
  facet normal 0.422622 -0.906306 -0.000328154
    outer loop
      vertex -37.3192 58.7309 62.9216
      vertex -22.9525 65.4302 63.15
      vertex -37.656 58.5738 63.0478
    endloop
  endfacet
  facet normal 0.422615 -0.906309 0.000264391
    outer loop
      vertex -37.0002 58.8796 62.7481
      vertex -22.9525 65.4302 63.15
      vertex -37.3192 58.7309 62.9216
    endloop
  endfacet
  facet normal 0.422622 -0.906306 -4.71238e-05
    outer loop
      vertex -36.7045 59.0175 62.5301
      vertex -22.9525 65.4302 63.15
      vertex -37.0002 58.8796 62.7481
    endloop
  endfacet
  facet normal 0.422614 -0.90631 -3.82326e-05
    outer loop
      vertex -24.7651 64.5849 61.65
      vertex -36.7045 59.0175 62.5301
      vertex -36.4371 59.1422 62.2713
    endloop
  endfacet
  facet normal 0.422622 -0.906306 0.000154888
    outer loop
      vertex -24.7651 64.5849 61.65
      vertex -36.4371 59.1422 62.2713
      vertex -36.2026 59.2515 61.9763
    endloop
  endfacet
  facet normal 0.422615 -0.906309 -0.000162517
    outer loop
      vertex -24.7651 64.5849 61.65
      vertex -36.2026 59.2515 61.9763
      vertex -36.005 59.3437 61.65
    endloop
  endfacet
  facet normal 0.422619 -0.906308 4.20795e-05
    outer loop
      vertex -36.7045 59.0175 62.5301
      vertex -24.7651 64.5849 61.65
      vertex -22.9525 65.4302 63.15
    endloop
  endfacet
  facet normal 0.422647 -0.906294 0
    outer loop
      vertex -22.9525 65.4302 63.15
      vertex -24.7651 64.5849 61.65
      vertex -22.9525 65.4302 61.65
    endloop
  endfacet
  facet normal 0.422624 -0.906305 0.000171854
    outer loop
      vertex -49.2354 53.1742 63.15
      vertex -38.7146 58.0802 63.1243
      vertex -38.3597 58.2457 63.15
    endloop
  endfacet
  facet normal 0.422624 -0.906305 0.000580619
    outer loop
      vertex -49.2354 53.1742 63.15
      vertex -39.0634 57.9175 63.0478
      vertex -38.7146 58.0802 63.1243
    endloop
  endfacet
  facet normal 0.422617 -0.906309 -0.000370904
    outer loop
      vertex -49.2354 53.1742 63.15
      vertex -39.4002 57.7605 62.9216
      vertex -39.0634 57.9175 63.0478
    endloop
  endfacet
  facet normal 0.422632 -0.906301 0.000461845
    outer loop
      vertex -49.2354 53.1742 63.15
      vertex -39.7191 57.6117 62.7481
      vertex -39.4002 57.7605 62.9216
    endloop
  endfacet
  facet normal 0.422612 -0.906311 -0.000130044
    outer loop
      vertex -49.2354 53.1742 63.15
      vertex -40.0149 57.4738 62.5301
      vertex -39.7191 57.6117 62.7481
    endloop
  endfacet
  facet normal 0.422603 -0.906315 -0.000297866
    outer loop
      vertex -49.2354 53.1742 63.15
      vertex -40.2823 57.3492 62.2713
      vertex -40.0149 57.4738 62.5301
    endloop
  endfacet
  facet normal 0.422638 -0.906299 0.000137395
    outer loop
      vertex -49.2354 53.1742 63.15
      vertex -40.5168 57.2398 61.9763
      vertex -40.2823 57.3492 62.2713
    endloop
  endfacet
  facet normal 0.422623 -0.906305 7.97112e-06
    outer loop
      vertex -49.2354 53.1742 63.15
      vertex -40.7143 57.1477 61.65
      vertex -40.5168 57.2398 61.9763
    endloop
  endfacet
  facet normal 0.422639 -0.906298 0.000116864
    outer loop
      vertex -49.2354 53.1742 63.15
      vertex -40.8716 57.0743 61.298
      vertex -40.7143 57.1477 61.65
    endloop
  endfacet
  facet normal 0.422599 -0.906317 -0.000104011
    outer loop
      vertex -49.2354 53.1742 63.15
      vertex -40.986 57.021 60.9265
      vertex -40.8716 57.0743 61.298
    endloop
  endfacet
  facet normal 0.422614 -0.90631 -3.47412e-05
    outer loop
      vertex -49.2354 53.1742 63.15
      vertex -41.0553 56.9887 60.5416
      vertex -40.986 57.021 60.9265
    endloop
  endfacet
  facet normal 0.422644 -0.906296 7.91984e-05
    outer loop
      vertex -49.2354 53.1742 63.15
      vertex -41.0786 56.9778 60.15
      vertex -41.0553 56.9887 60.5416
    endloop
  endfacet
  facet normal 0.42262 -0.906307 0
    outer loop
      vertex -49.2354 53.1742 57.15
      vertex -41.0786 56.9778 60.15
      vertex -49.2354 53.1742 63.15
    endloop
  endfacet
  facet normal 0.422644 -0.906296 -7.91984e-05
    outer loop
      vertex -41.0786 56.9778 60.15
      vertex -49.2354 53.1742 57.15
      vertex -41.0553 56.9887 59.7584
    endloop
  endfacet
  facet normal 0.422614 -0.90631 3.47412e-05
    outer loop
      vertex -41.0553 56.9887 59.7584
      vertex -49.2354 53.1742 57.15
      vertex -40.986 57.021 59.3735
    endloop
  endfacet
  facet normal 0.422599 -0.906317 0.000103986
    outer loop
      vertex -40.986 57.021 59.3735
      vertex -49.2354 53.1742 57.15
      vertex -40.8716 57.0743 59.0019
    endloop
  endfacet
  facet normal 0.422639 -0.906298 -0.000116895
    outer loop
      vertex -40.8716 57.0743 59.0019
      vertex -49.2354 53.1742 57.15
      vertex -40.7143 57.1477 58.65
    endloop
  endfacet
  facet normal 0.422623 -0.906305 -7.97112e-06
    outer loop
      vertex -40.7143 57.1477 58.65
      vertex -49.2354 53.1742 57.15
      vertex -40.5168 57.2398 58.3237
    endloop
  endfacet
  facet normal 0.422638 -0.906299 -0.000137395
    outer loop
      vertex -40.5168 57.2398 58.3237
      vertex -49.2354 53.1742 57.15
      vertex -40.2823 57.3492 58.0287
    endloop
  endfacet
  facet normal 0.422603 -0.906315 0.000297866
    outer loop
      vertex -40.2823 57.3492 58.0287
      vertex -49.2354 53.1742 57.15
      vertex -40.0149 57.4738 57.7699
    endloop
  endfacet
  facet normal 0.422612 -0.906311 0.000130044
    outer loop
      vertex -40.0149 57.4738 57.7699
      vertex -49.2354 53.1742 57.15
      vertex -39.7191 57.6117 57.5519
    endloop
  endfacet
  facet normal 0.422632 -0.906301 -0.000461845
    outer loop
      vertex -49.2354 53.1742 57.15
      vertex -39.4002 57.7605 57.3784
      vertex -39.7191 57.6117 57.5519
    endloop
  endfacet
  facet normal 0.422617 -0.906309 0.000370904
    outer loop
      vertex -49.2354 53.1742 57.15
      vertex -39.0634 57.9175 57.2522
      vertex -39.4002 57.7605 57.3784
    endloop
  endfacet
  facet normal 0.422624 -0.906305 -0.000580619
    outer loop
      vertex -49.2354 53.1742 57.15
      vertex -38.7146 58.0802 57.1757
      vertex -39.0634 57.9175 57.2522
    endloop
  endfacet
  facet normal 0.422624 -0.906305 -0.000171854
    outer loop
      vertex -38.7146 58.0802 57.1757
      vertex -49.2354 53.1742 57.15
      vertex -38.3597 58.2457 57.15
    endloop
  endfacet
  facet normal -0.906326 -0.42258 0
    outer loop
      vertex -49.2354 53.1742 57.15
      vertex -49.7425 54.2618 63.15
      vertex -49.7425 54.2618 57.15
    endloop
  endfacet
  facet normal -0.906326 -0.42258 0
    outer loop
      vertex -49.7425 54.2618 63.15
      vertex -49.2354 53.1742 57.15
      vertex -49.2354 53.1742 63.15
    endloop
  endfacet
  facet normal -0.906306 -0.422622 -0
    outer loop
      vertex -49.7425 54.2618 57.15
      vertex -50.4187 55.7119 54.65
      vertex -49.7425 54.2618 54.65
    endloop
  endfacet
  facet normal -0.906306 -0.422622 0
    outer loop
      vertex -50.4187 55.7119 54.65
      vertex -49.7425 54.2618 57.15
      vertex -50.4187 55.7119 65.65
    endloop
  endfacet
  facet normal -0.906306 -0.422622 -0
    outer loop
      vertex -49.7425 54.2618 63.15
      vertex -50.4187 55.7119 65.65
      vertex -49.7425 54.2618 57.15
    endloop
  endfacet
  facet normal -0.906306 -0.422622 0
    outer loop
      vertex -50.4187 55.7119 65.65
      vertex -49.7425 54.2618 63.15
      vertex -49.7425 54.2618 65.65
    endloop
  endfacet
  facet normal 0 0 -1
    outer loop
      vertex -38.3597 58.2457 57.15
      vertex -23.7977 67.2428 57.15
      vertex -22.9525 65.4302 57.15
    endloop
  endfacet
  facet normal 0 0 -1
    outer loop
      vertex -38.3597 58.2457 57.15
      vertex -39.2049 60.0583 57.15
      vertex -23.7977 67.2428 57.15
    endloop
  endfacet
  facet normal 0 0 -1
    outer loop
      vertex -38.3597 58.2457 57.15
      vertex -39.7731 58.9106 57.15
      vertex -39.2049 60.0583 57.15
    endloop
  endfacet
  facet normal 0 0 -1
    outer loop
      vertex -49.2354 53.1742 57.15
      vertex -39.7731 58.9106 57.15
      vertex -38.3597 58.2457 57.15
    endloop
  endfacet
  facet normal 0 0 -1
    outer loop
      vertex -39.7731 58.9106 57.15
      vertex -49.2354 53.1742 57.15
      vertex -49.7425 54.2618 57.15
    endloop
  endfacet
  facet normal 0 0 -1
    outer loop
      vertex -39.2049 60.0583 57.15
      vertex -39.7731 58.9106 57.15
      vertex -40.1112 59.6357 57.15
    endloop
  endfacet
  facet normal 0 0 1
    outer loop
      vertex -39.2049 60.0583 63.15
      vertex -40.1112 59.6357 63.15
      vertex -39.7731 58.9106 63.15
    endloop
  endfacet
  facet normal 0 0 1
    outer loop
      vertex -23.7977 67.2428 63.15
      vertex -38.3597 58.2457 63.15
      vertex -22.9525 65.4302 63.15
    endloop
  endfacet
  facet normal -0 0 1
    outer loop
      vertex -39.2049 60.0583 63.15
      vertex -38.3597 58.2457 63.15
      vertex -23.7977 67.2428 63.15
    endloop
  endfacet
  facet normal -0 0 1
    outer loop
      vertex -39.7731 58.9106 63.15
      vertex -38.3597 58.2457 63.15
      vertex -39.2049 60.0583 63.15
    endloop
  endfacet
  facet normal 0 0 1
    outer loop
      vertex -39.7731 58.9106 63.15
      vertex -49.2354 53.1742 63.15
      vertex -38.3597 58.2457 63.15
    endloop
  endfacet
  facet normal 0 -0 1
    outer loop
      vertex -49.2354 53.1742 63.15
      vertex -39.7731 58.9106 63.15
      vertex -49.7425 54.2618 63.15
    endloop
  endfacet
  facet normal 0.906295 0.422646 -0
    outer loop
      vertex -40.1112 59.6357 57.15
      vertex -40.4493 60.3607 57.3281
      vertex -40.1112 59.6357 57.3281
    endloop
  endfacet
  facet normal 0.906295 0.422646 0
    outer loop
      vertex -40.4493 60.3607 57.3281
      vertex -40.1112 59.6357 57.15
      vertex -40.4493 60.3607 54.65
    endloop
  endfacet
  facet normal 0.906317 0.422598 -0
    outer loop
      vertex -39.7731 58.9106 54.65
      vertex -40.1112 59.6357 57.15
      vertex -39.7731 58.9106 57.15
    endloop
  endfacet
  facet normal 0.906306 0.422622 -8.45244e-06
    outer loop
      vertex -40.1112 59.6357 57.15
      vertex -39.7731 58.9106 54.65
      vertex -40.4493 60.3607 54.65
    endloop
  endfacet
  facet normal 0.906295 0.422646 0
    outer loop
      vertex -40.4493 60.3607 65.65
      vertex -40.1112 59.6357 63.15
      vertex -40.4493 60.3607 62.9719
    endloop
  endfacet
  facet normal 0.906306 0.422622 8.45244e-06
    outer loop
      vertex -39.7731 58.9106 65.65
      vertex -40.1112 59.6357 63.15
      vertex -40.4493 60.3607 65.65
    endloop
  endfacet
  facet normal 0.906317 0.422598 0
    outer loop
      vertex -40.1112 59.6357 63.15
      vertex -39.7731 58.9106 65.65
      vertex -39.7731 58.9106 63.15
    endloop
  endfacet
  facet normal 0.906295 0.422646 0
    outer loop
      vertex -40.4493 60.3607 62.9719
      vertex -40.1112 59.6357 63.15
      vertex -40.1112 59.6357 62.9719
    endloop
  endfacet
  facet normal -0.422738 0.906252 0
    outer loop
      vertex -40.5835 60.2981 62.9216
      vertex -40.4493 60.3607 65.65
      vertex -40.4493 60.3607 62.9719
    endloop
  endfacet
  facet normal -0.42249 0.906368 -1.48301e-05
    outer loop
      vertex -40.9025 60.1494 62.7481
      vertex -40.4493 60.3607 65.65
      vertex -40.5835 60.2981 62.9216
    endloop
  endfacet
  facet normal -0.422661 0.906288 1.77487e-05
    outer loop
      vertex -41.1982 60.0115 62.5301
      vertex -40.4493 60.3607 65.65
      vertex -40.9025 60.1494 62.7481
    endloop
  endfacet
  facet normal -0.422657 0.90629 1.66273e-05
    outer loop
      vertex -41.4656 59.8868 62.2713
      vertex -40.4493 60.3607 65.65
      vertex -41.1982 60.0115 62.5301
    endloop
  endfacet
  facet normal -0.422618 0.906308 2.06588e-06
    outer loop
      vertex -40.4493 60.3607 65.65
      vertex -41.4656 59.8868 62.2713
      vertex -50.4187 55.7119 65.65
    endloop
  endfacet
  facet normal -0.422582 0.906325 0.000116204
    outer loop
      vertex -41.7001 59.7775 61.9763
      vertex -50.4187 55.7119 65.65
      vertex -41.4656 59.8868 62.2713
    endloop
  endfacet
  facet normal -0.422666 0.906286 -0.000124963
    outer loop
      vertex -41.8977 59.6853 61.65
      vertex -50.4187 55.7119 65.65
      vertex -41.7001 59.7775 61.9763
    endloop
  endfacet
  facet normal -0.422577 0.906327 0.000106534
    outer loop
      vertex -42.055 59.612 61.298
      vertex -50.4187 55.7119 65.65
      vertex -41.8977 59.6853 61.65
    endloop
  endfacet
  facet normal -0.422622 0.906306 -9.5042e-07
    outer loop
      vertex -42.1693 59.5587 60.9265
      vertex -50.4187 55.7119 65.65
      vertex -42.055 59.612 61.298
    endloop
  endfacet
  facet normal -0.42266 0.906288 -8.08854e-05
    outer loop
      vertex -42.2387 59.5263 60.5416
      vertex -50.4187 55.7119 65.65
      vertex -42.1693 59.5587 60.9265
    endloop
  endfacet
  facet normal -0.422598 0.906317 4.09477e-05
    outer loop
      vertex -42.2619 59.5155 60.15
      vertex -50.4187 55.7119 65.65
      vertex -42.2387 59.5263 60.5416
    endloop
  endfacet
  facet normal -0.422598 0.906317 -4.09477e-05
    outer loop
      vertex -50.4187 55.7119 54.65
      vertex -42.2619 59.5155 60.15
      vertex -42.2387 59.5263 59.7584
    endloop
  endfacet
  facet normal -0.42266 0.906288 8.08854e-05
    outer loop
      vertex -50.4187 55.7119 54.65
      vertex -42.2387 59.5263 59.7584
      vertex -42.1693 59.5587 59.3735
    endloop
  endfacet
  facet normal -0.422622 0.906306 9.50203e-07
    outer loop
      vertex -50.4187 55.7119 54.65
      vertex -42.1693 59.5587 59.3735
      vertex -42.055 59.612 59.0019
    endloop
  endfacet
  facet normal -0.422577 0.906327 -0.000106559
    outer loop
      vertex -50.4187 55.7119 54.65
      vertex -42.055 59.612 59.0019
      vertex -41.8977 59.6853 58.65
    endloop
  endfacet
  facet normal -0.422666 0.906286 0.000124963
    outer loop
      vertex -50.4187 55.7119 54.65
      vertex -41.8977 59.6853 58.65
      vertex -41.7001 59.7775 58.3237
    endloop
  endfacet
  facet normal -0.422582 0.906325 -0.000116204
    outer loop
      vertex -50.4187 55.7119 54.65
      vertex -41.7001 59.7775 58.3237
      vertex -41.4656 59.8868 58.0287
    endloop
  endfacet
  facet normal -0.422657 0.90629 -1.66273e-05
    outer loop
      vertex -40.4493 60.3607 54.65
      vertex -41.4656 59.8868 58.0287
      vertex -41.1982 60.0115 57.7699
    endloop
  endfacet
  facet normal -0.422738 0.906252 0
    outer loop
      vertex -40.4493 60.3607 54.65
      vertex -40.5835 60.2981 57.3784
      vertex -40.4493 60.3607 57.3281
    endloop
  endfacet
  facet normal -0.42249 0.906368 1.48301e-05
    outer loop
      vertex -40.4493 60.3607 54.65
      vertex -40.9025 60.1494 57.5519
      vertex -40.5835 60.2981 57.3784
    endloop
  endfacet
  facet normal -0.422661 0.906288 -1.77487e-05
    outer loop
      vertex -40.4493 60.3607 54.65
      vertex -41.1982 60.0115 57.7699
      vertex -40.9025 60.1494 57.5519
    endloop
  endfacet
  facet normal -0.422618 0.906308 -2.06588e-06
    outer loop
      vertex -41.4656 59.8868 58.0287
      vertex -40.4493 60.3607 54.65
      vertex -50.4187 55.7119 54.65
    endloop
  endfacet
  facet normal -0.42262 0.906307 0
    outer loop
      vertex -42.2619 59.5155 60.15
      vertex -50.4187 55.7119 54.65
      vertex -50.4187 55.7119 65.65
    endloop
  endfacet
  facet normal 0.422618 -0.906308 0
    outer loop
      vertex -49.7425 54.2618 54.65
      vertex -39.7731 58.9106 57.15
      vertex -49.7425 54.2618 57.15
    endloop
  endfacet
  facet normal 0.422618 -0.906308 0
    outer loop
      vertex -39.7731 58.9106 57.15
      vertex -49.7425 54.2618 54.65
      vertex -39.7731 58.9106 54.65
    endloop
  endfacet
  facet normal 0.422618 -0.906308 0
    outer loop
      vertex -49.7425 54.2618 63.15
      vertex -39.7731 58.9106 65.65
      vertex -49.7425 54.2618 65.65
    endloop
  endfacet
  facet normal 0.422618 -0.906308 0
    outer loop
      vertex -39.7731 58.9106 65.65
      vertex -49.7425 54.2618 63.15
      vertex -39.7731 58.9106 63.15
    endloop
  endfacet
  facet normal 0 0 -1
    outer loop
      vertex -49.7425 54.2618 54.65
      vertex -40.4493 60.3607 54.65
      vertex -39.7731 58.9106 54.65
    endloop
  endfacet
  facet normal 0 0 -1
    outer loop
      vertex -40.4493 60.3607 54.65
      vertex -49.7425 54.2618 54.65
      vertex -50.4187 55.7119 54.65
    endloop
  endfacet
  facet normal 0 0 1
    outer loop
      vertex -40.4493 60.3607 65.65
      vertex -49.7425 54.2618 65.65
      vertex -39.7731 58.9106 65.65
    endloop
  endfacet
  facet normal 0 -0 1
    outer loop
      vertex -49.7425 54.2618 65.65
      vertex -40.4493 60.3607 65.65
      vertex -50.4187 55.7119 65.65
    endloop
  endfacet
  facet normal 0.888883 0.414511 -0.195108
    outer loop
      vertex -20.1259 59.0246 57.9311
      vertex -21.787 61.5601 55.7501
      vertex -21.3938 61.7435 57.9311
    endloop
  endfacet
  facet normal 0.888883 0.414511 -0.195108
    outer loop
      vertex -21.787 61.5601 55.7501
      vertex -20.1259 59.0246 57.9311
      vertex -20.5191 58.8412 55.7501
    endloop
  endfacet
  facet normal 0.904361 0.421729 -0.0653897
    outer loop
      vertex -20.0832 59.0445 58.65
      vertex -21.3938 61.7435 57.9311
      vertex -21.3511 61.7634 58.65
    endloop
  endfacet
  facet normal 0.904361 0.421729 -0.0653897
    outer loop
      vertex -21.3938 61.7435 57.9311
      vertex -20.0832 59.0445 58.65
      vertex -20.1259 59.0246 57.9311
    endloop
  endfacet
  facet normal 0.85821 0.400208 -0.321419
    outer loop
      vertex -20.5191 58.8412 55.7501
      vertex -22.4348 61.2581 53.6444
      vertex -21.787 61.5601 55.7501
    endloop
  endfacet
  facet normal 0.85821 0.400193 -0.321436
    outer loop
      vertex -22.4348 61.2581 53.6444
      vertex -20.5191 58.8412 55.7501
      vertex -21.1669 58.5391 53.6444
    endloop
  endfacet
  facet normal 0.291294 0.135828 -0.946942
    outer loop
      vertex -31.4137 53.761 43.7293
      vertex -30.7731 57.3698 44.444
      vertex -29.5053 54.6509 44.444
    endloop
  endfacet
  facet normal 0.291294 0.135828 -0.946942
    outer loop
      vertex -30.7731 57.3698 44.444
      vertex -31.4137 53.761 43.7293
      vertex -32.6815 56.4799 43.7293
    endloop
  endfacet
  facet normal 0.176846 0.0824619 -0.980778
    outer loop
      vertex -33.3903 52.8393 43.2954
      vertex -32.6815 56.4799 43.7293
      vertex -31.4137 53.761 43.7293
    endloop
  endfacet
  facet normal 0.176837 0.082464 -0.98078
    outer loop
      vertex -32.6815 56.4799 43.7293
      vertex -33.3903 52.8393 43.2954
      vertex -34.6582 55.5582 43.2954
    endloop
  endfacet
  facet normal 0.812836 0.379034 -0.442302
    outer loop
      vertex -21.1669 58.5391 53.6444
      vertex -23.3262 60.8424 51.65
      vertex -22.4348 61.2581 53.6444
    endloop
  endfacet
  facet normal 0.812837 0.379049 -0.442286
    outer loop
      vertex -23.3262 60.8424 51.65
      vertex -21.1669 58.5391 53.6444
      vertex -22.0583 58.1235 51.65
    endloop
  endfacet
  facet normal 0.176846 0.0824619 0.980778
    outer loop
      vertex -32.6815 56.4799 76.5707
      vertex -33.3903 52.8393 77.0046
      vertex -31.4137 53.761 76.5707
    endloop
  endfacet
  facet normal 0.176837 0.082464 0.98078
    outer loop
      vertex -33.3903 52.8393 77.0046
      vertex -32.6815 56.4799 76.5707
      vertex -34.6582 55.5582 77.0046
    endloop
  endfacet
  facet normal 0.0592581 0.0276337 0.99786
    outer loop
      vertex -34.6582 55.5582 77.0046
      vertex -35.4014 51.9015 77.15
      vertex -33.3903 52.8393 77.0046
    endloop
  endfacet
  facet normal 0.0592613 0.0276331 0.99786
    outer loop
      vertex -35.4014 51.9015 77.15
      vertex -34.6582 55.5582 77.0046
      vertex -36.6692 54.6204 77.15
    endloop
  endfacet
  facet normal 0.597578 0.278668 -0.751827
    outer loop
      vertex -26.022 56.2752 46.663
      vertex -25.7747 59.7006 48.1292
      vertex -24.5068 56.9817 48.1292
    endloop
  endfacet
  facet normal 0.597578 0.278668 -0.751827
    outer loop
      vertex -25.7747 59.7006 48.1292
      vertex -26.022 56.2752 46.663
      vertex -27.2899 58.9941 46.663
    endloop
  endfacet
  facet normal 0.812836 0.379034 0.442302
    outer loop
      vertex -23.3262 60.8424 68.65
      vertex -21.1669 58.5391 66.6556
      vertex -22.4348 61.2581 66.6556
    endloop
  endfacet
  facet normal 0.812837 0.379049 0.442286
    outer loop
      vertex -21.1669 58.5391 66.6556
      vertex -23.3262 60.8424 68.65
      vertex -22.0583 58.1235 68.65
    endloop
  endfacet
  facet normal -0.176845 -0.0824648 0.980778
    outer loop
      vertex -38.6803 53.6827 77.0046
      vertex -39.389 50.042 76.5707
      vertex -37.4124 50.9637 77.0046
    endloop
  endfacet
  facet normal -0.176841 -0.0824657 0.980779
    outer loop
      vertex -39.389 50.042 76.5707
      vertex -38.6803 53.6827 77.0046
      vertex -40.6569 52.7609 76.5707
    endloop
  endfacet
  facet normal -0.812851 -0.379041 -0.442269
    outer loop
      vertex -48.7444 45.6795 51.65
      vertex -50.9036 47.9828 53.6444
      vertex -50.0123 48.3985 51.65
    endloop
  endfacet
  facet normal -0.812849 -0.379024 -0.442286
    outer loop
      vertex -50.9036 47.9828 53.6444
      vertex -48.7444 45.6795 51.65
      vertex -49.6358 45.2639 53.6444
    endloop
  endfacet
  facet normal 0.597578 0.278668 0.751827
    outer loop
      vertex -25.7747 59.7006 72.1708
      vertex -26.022 56.2752 73.637
      vertex -24.5068 56.9817 72.1708
    endloop
  endfacet
  facet normal 0.597578 0.278668 0.751827
    outer loop
      vertex -26.022 56.2752 73.637
      vertex -25.7747 59.7006 72.1708
      vertex -27.2899 58.9941 73.637
    endloop
  endfacet
  facet normal 0.681388 0.317725 0.659364
    outer loop
      vertex -25.7747 59.7006 72.1708
      vertex -23.178 57.6014 70.4989
      vertex -24.4458 60.3203 70.4989
    endloop
  endfacet
  facet normal 0.681397 0.317755 0.659341
    outer loop
      vertex -23.178 57.6014 70.4989
      vertex -25.7747 59.7006 72.1708
      vertex -24.5068 56.9817 72.1708
    endloop
  endfacet
  facet normal 0.291331 0.135845 0.946928
    outer loop
      vertex -30.7731 57.3698 75.8559
      vertex -31.4137 53.761 76.5707
      vertex -29.5053 54.6509 75.8559
    endloop
  endfacet
  facet normal 0.291331 0.135845 0.946928
    outer loop
      vertex -31.4137 53.761 76.5707
      vertex -30.7731 57.3698 75.8559
      vertex -32.6815 56.4799 76.5707
    endloop
  endfacet
  facet normal -0.904373 -0.421701 0.0654067
    outer loop
      vertex -52.0764 47.4359 60.15
      vertex -50.6768 44.7785 62.3689
      vertex -51.9446 47.4974 62.3689
    endloop
  endfacet
  facet normal -0.904373 -0.421701 0.0654067
    outer loop
      vertex -50.6768 44.7785 62.3689
      vertex -52.0764 47.4359 60.15
      vertex -50.8086 44.717 60.15
    endloop
  endfacet
  facet normal -0.597578 -0.278646 -0.751836
    outer loop
      vertex -46.2959 46.8213 48.1292
      vertex -46.0485 50.2468 46.663
      vertex -44.7807 47.5279 46.663
    endloop
  endfacet
  facet normal -0.597551 -0.278655 -0.751853
    outer loop
      vertex -46.0485 50.2468 46.663
      vertex -46.2959 46.8213 48.1292
      vertex -47.5638 49.5402 48.1292
    endloop
  endfacet
  facet normal -0.29129 -0.135837 -0.946942
    outer loop
      vertex -41.2974 49.1521 44.444
      vertex -40.6569 52.7609 43.7293
      vertex -39.389 50.042 43.7293
    endloop
  endfacet
  facet normal -0.29129 -0.135837 -0.946942
    outer loop
      vertex -40.6569 52.7609 43.7293
      vertex -41.2974 49.1521 44.444
      vertex -42.5653 51.871 44.444
    endloop
  endfacet
  facet normal -0.753553 -0.351403 0.555585
    outer loop
      vertex -50.0123 48.3985 68.65
      vertex -47.6247 46.2017 70.4989
      vertex -48.8926 48.9206 70.4989
    endloop
  endfacet
  facet normal -0.75355 -0.351389 0.555598
    outer loop
      vertex -47.6247 46.2017 70.4989
      vertex -50.0123 48.3985 68.65
      vertex -48.7444 45.6795 68.65
    endloop
  endfacet
  facet normal 0.681388 0.317725 -0.659364
    outer loop
      vertex -23.178 57.6014 49.8011
      vertex -25.7747 59.7006 48.1292
      vertex -24.4458 60.3203 49.8011
    endloop
  endfacet
  facet normal 0.681397 0.317755 -0.659341
    outer loop
      vertex -25.7747 59.7006 48.1292
      vertex -23.178 57.6014 49.8011
      vertex -24.5068 56.9817 48.1292
    endloop
  endfacet
  facet normal -0.291327 -0.135854 0.946928
    outer loop
      vertex -40.6569 52.7609 76.5707
      vertex -41.2974 49.1521 75.8559
      vertex -39.389 50.042 76.5707
    endloop
  endfacet
  facet normal -0.291327 -0.135854 0.946928
    outer loop
      vertex -41.2974 49.1521 75.8559
      vertex -40.6569 52.7609 76.5707
      vertex -42.5653 51.871 75.8559
    endloop
  endfacet
  facet normal 0.400826 0.186917 0.896884
    outer loop
      vertex -28.9656 58.2127 74.8724
      vertex -29.5053 54.6509 75.8559
      vertex -27.6977 55.4938 74.8724
    endloop
  endfacet
  facet normal 0.400846 0.186911 0.896876
    outer loop
      vertex -29.5053 54.6509 75.8559
      vertex -28.9656 58.2127 74.8724
      vertex -30.7731 57.3698 75.8559
    endloop
  endfacet
  facet normal -0.400866 -0.186935 -0.896862
    outer loop
      vertex -43.105 48.3093 45.4276
      vertex -42.5653 51.871 44.444
      vertex -41.2974 49.1521 44.444
    endloop
  endfacet
  facet normal -0.400886 -0.18693 -0.896854
    outer loop
      vertex -42.5653 51.871 44.444
      vertex -43.105 48.3093 45.4276
      vertex -44.3728 51.0282 45.4276
    endloop
  endfacet
  facet normal -0.422626 0.906304 1.4878e-05
    outer loop
      vertex -21.3938 61.7435 57.9311
      vertex -23.0746 60.9597 58.65
      vertex -21.3511 61.7634 58.65
    endloop
  endfacet
  facet normal -0.422637 0.906299 -1.57366e-05
    outer loop
      vertex -21.787 61.5601 55.7501
      vertex -23.0746 60.9597 58.65
      vertex -21.3938 61.7435 57.9311
    endloop
  endfacet
  facet normal -0.422577 0.906327 1.65711e-05
    outer loop
      vertex -22.4348 61.2581 53.6444
      vertex -23.0746 60.9597 58.65
      vertex -21.787 61.5601 55.7501
    endloop
  endfacet
  facet normal -0.422618 0.906308 1.01847e-05
    outer loop
      vertex -23.0746 60.9597 58.65
      vertex -22.4348 61.2581 53.6444
      vertex -34.3146 55.7184 58.65
    endloop
  endfacet
  facet normal -0.422626 0.906304 -1.10823e-05
    outer loop
      vertex -23.3262 60.8424 51.65
      vertex -34.3146 55.7184 58.65
      vertex -22.4348 61.2581 53.6444
    endloop
  endfacet
  facet normal -0.422624 0.906305 -7.5963e-06
    outer loop
      vertex -34.3146 55.7184 58.65
      vertex -23.3262 60.8424 51.65
      vertex -34.5121 55.6263 58.3237
    endloop
  endfacet
  facet normal -0.422672 0.906283 -0.000104699
    outer loop
      vertex -34.5121 55.6263 58.3237
      vertex -23.3262 60.8424 51.65
      vertex -34.7466 55.5169 58.0287
    endloop
  endfacet
  facet normal -0.422626 0.906304 -5.16518e-06
    outer loop
      vertex -24.4458 60.3203 49.8011
      vertex -34.7466 55.5169 58.0287
      vertex -23.3262 60.8424 51.65
    endloop
  endfacet
  facet normal -0.422506 0.90636 0.000176857
    outer loop
      vertex -34.7466 55.5169 58.0287
      vertex -24.4458 60.3203 49.8011
      vertex -35.014 55.3923 57.7699
    endloop
  endfacet
  facet normal -0.422622 0.906306 -9.44e-06
    outer loop
      vertex -25.7747 59.7006 48.1292
      vertex -35.014 55.3923 57.7699
      vertex -24.4458 60.3203 49.8011
    endloop
  endfacet
  facet normal -0.422635 0.9063 -2.51793e-05
    outer loop
      vertex -35.014 55.3923 57.7699
      vertex -25.7747 59.7006 48.1292
      vertex -35.3097 55.2544 57.5519
    endloop
  endfacet
  facet normal -0.422639 0.906298 0
    outer loop
      vertex -36.6692 54.6204 63.15
      vertex -36.6692 54.6204 77.15
      vertex -34.6582 55.5582 77.0046
    endloop
  endfacet
  facet normal -0.4226 0.906316 -5.73099e-06
    outer loop
      vertex -36.3143 54.7859 63.1243
      vertex -34.6582 55.5582 77.0046
      vertex -32.6815 56.4799 76.5707
    endloop
  endfacet
  facet normal -0.422584 0.906324 0
    outer loop
      vertex -36.6692 54.6204 77.15
      vertex -36.6692 54.6204 63.15
      vertex -38.6803 53.6827 77.0046
    endloop
  endfacet
  facet normal -0.422617 0.906309 3.17656e-06
    outer loop
      vertex -35.9655 54.9486 63.0478
      vertex -32.6815 56.4799 76.5707
      vertex -30.7731 57.3698 75.8559
    endloop
  endfacet
  facet normal -0.422633 0.906301 -8.63129e-06
    outer loop
      vertex -37.0241 54.4549 63.1243
      vertex -38.6803 53.6827 77.0046
      vertex -36.6692 54.6204 63.15
    endloop
  endfacet
  facet normal -0.422635 0.9063 7.84612e-06
    outer loop
      vertex -35.6287 55.1056 62.9216
      vertex -30.7731 57.3698 75.8559
      vertex -28.9656 58.2127 74.8724
    endloop
  endfacet
  facet normal -0.422652 0.906292 -1.14159e-05
    outer loop
      vertex -38.6803 53.6827 77.0046
      vertex -37.0241 54.4549 63.1243
      vertex -40.6569 52.7609 76.5707
    endloop
  endfacet
  facet normal -0.422622 0.906306 -6.77704e-07
    outer loop
      vertex -35.6287 55.1056 62.9216
      vertex -28.9656 58.2127 74.8724
      vertex -27.2899 58.9941 73.637
    endloop
  endfacet
  facet normal -0.422521 0.906353 3.17296e-05
    outer loop
      vertex -37.3729 54.2923 63.0478
      vertex -40.6569 52.7609 76.5707
      vertex -37.0241 54.4549 63.1243
    endloop
  endfacet
  facet normal -0.422604 0.906314 -1.29814e-05
    outer loop
      vertex -35.3097 55.2544 62.7481
      vertex -27.2899 58.9941 73.637
      vertex -25.7747 59.7006 72.1708
    endloop
  endfacet
  facet normal -0.422619 0.906308 2.96668e-06
    outer loop
      vertex -40.6569 52.7609 76.5707
      vertex -37.3729 54.2923 63.0478
      vertex -42.5653 51.871 75.8559
    endloop
  endfacet
  facet normal -0.422622 0.906306 9.44e-06
    outer loop
      vertex -35.014 55.3923 62.5301
      vertex -25.7747 59.7006 72.1708
      vertex -24.4458 60.3203 70.4989
    endloop
  endfacet
  facet normal -0.42271 0.906265 -4.23491e-05
    outer loop
      vertex -37.7097 54.1352 62.9216
      vertex -42.5653 51.871 75.8559
      vertex -37.3729 54.2923 63.0478
    endloop
  endfacet
  facet normal -0.422626 0.906304 5.16518e-06
    outer loop
      vertex -34.7466 55.5169 62.2713
      vertex -24.4458 60.3203 70.4989
      vertex -23.3262 60.8424 68.65
    endloop
  endfacet
  facet normal -0.422601 0.906316 7.78445e-06
    outer loop
      vertex -42.5653 51.871 75.8559
      vertex -37.7097 54.1352 62.9216
      vertex -44.3728 51.0282 74.8724
    endloop
  endfacet
  facet normal -0.422626 0.906304 1.10823e-05
    outer loop
      vertex -34.3146 55.7184 61.65
      vertex -23.3262 60.8424 68.65
      vertex -22.4348 61.2581 66.6556
    endloop
  endfacet
  facet normal -0.422619 0.906307 -4.69679e-06
    outer loop
      vertex -44.3728 51.0282 74.8724
      vertex -37.7097 54.1352 62.9216
      vertex -46.0485 50.2468 73.637
    endloop
  endfacet
  facet normal -0.422577 0.906327 -1.65711e-05
    outer loop
      vertex -23.0746 60.9597 61.65
      vertex -22.4348 61.2581 66.6556
      vertex -21.787 61.5601 64.5499
    endloop
  endfacet
  facet normal -0.422532 0.906348 7.82534e-05
    outer loop
      vertex -38.0287 53.9865 62.7481
      vertex -46.0485 50.2468 73.637
      vertex -37.7097 54.1352 62.9216
    endloop
  endfacet
  facet normal -0.42262 0.906307 -7.46314e-07
    outer loop
      vertex -46.0485 50.2468 73.637
      vertex -38.0287 53.9865 62.7481
      vertex -47.5638 49.5402 72.1708
    endloop
  endfacet
  facet normal -0.422634 0.906301 -8.60941e-07
    outer loop
      vertex -34.6582 55.5582 77.0046
      vertex -36.3143 54.7859 63.1243
      vertex -36.6692 54.6204 63.15
    endloop
  endfacet
  facet normal -0.422723 0.906259 3.45428e-05
    outer loop
      vertex -32.6815 56.4799 76.5707
      vertex -35.9655 54.9486 63.0478
      vertex -36.3143 54.7859 63.1243
    endloop
  endfacet
  facet normal -0.422517 0.906355 -4.62129e-05
    outer loop
      vertex -30.7731 57.3698 75.8559
      vertex -35.6287 55.1056 62.9216
      vertex -35.9655 54.9486 63.0478
    endloop
  endfacet
  facet normal -0.422698 0.906271 7.11493e-05
    outer loop
      vertex -27.2899 58.9941 73.637
      vertex -35.3097 55.2544 62.7481
      vertex -35.6287 55.1056 62.9216
    endloop
  endfacet
  facet normal -0.422635 0.9063 2.51793e-05
    outer loop
      vertex -25.7747 59.7006 72.1708
      vertex -35.014 55.3923 62.5301
      vertex -35.3097 55.2544 62.7481
    endloop
  endfacet
  facet normal -0.422637 0.906299 1.57366e-05
    outer loop
      vertex -23.0746 60.9597 61.65
      vertex -21.787 61.5601 64.5499
      vertex -21.3938 61.7435 62.3689
    endloop
  endfacet
  facet normal -0.422618 0.906308 -1.01847e-05
    outer loop
      vertex -34.3146 55.7184 61.65
      vertex -22.4348 61.2581 66.6556
      vertex -23.0746 60.9597 61.65
    endloop
  endfacet
  facet normal -0.422506 0.90636 -0.000176857
    outer loop
      vertex -24.4458 60.3203 70.4989
      vertex -34.7466 55.5169 62.2713
      vertex -35.014 55.3923 62.5301
    endloop
  endfacet
  facet normal -0.422626 0.906304 -1.4878e-05
    outer loop
      vertex -23.0746 60.9597 61.65
      vertex -21.3938 61.7435 62.3689
      vertex -21.3511 61.7634 61.65
    endloop
  endfacet
  facet normal -0.422672 0.906283 0.000104699
    outer loop
      vertex -23.3262 60.8424 68.65
      vertex -34.5121 55.6263 61.9763
      vertex -34.7466 55.5169 62.2713
    endloop
  endfacet
  facet normal -0.422624 0.906305 7.5963e-06
    outer loop
      vertex -23.3262 60.8424 68.65
      vertex -34.3146 55.7184 61.65
      vertex -34.5121 55.6263 61.9763
    endloop
  endfacet
  facet normal -0.422618 0.906308 0.000128167
    outer loop
      vertex -23.0746 60.9597 61.65
      vertex -34.1573 55.7918 61.298
      vertex -34.3146 55.7184 61.65
    endloop
  endfacet
  facet normal -0.422612 0.906311 -0.000108965
    outer loop
      vertex -23.0746 60.9597 61.65
      vertex -34.0429 55.8451 60.9265
      vertex -34.1573 55.7918 61.298
    endloop
  endfacet
  facet normal -0.42261 0.906311 -0.000143661
    outer loop
      vertex -23.0746 60.9597 61.65
      vertex -33.9735 55.8774 60.5416
      vertex -34.0429 55.8451 60.9265
    endloop
  endfacet
  facet normal -0.422638 0.906299 0.000187572
    outer loop
      vertex -23.0746 60.9597 61.65
      vertex -33.9503 55.8883 60.15
      vertex -33.9735 55.8774 60.5416
    endloop
  endfacet
  facet normal -0.422617 0.906308 0
    outer loop
      vertex -23.0746 60.9597 58.65
      vertex -33.9503 55.8883 60.15
      vertex -23.0746 60.9597 61.65
    endloop
  endfacet
  facet normal -0.422638 0.906299 -0.000187572
    outer loop
      vertex -33.9503 55.8883 60.15
      vertex -23.0746 60.9597 58.65
      vertex -33.9735 55.8774 59.7584
    endloop
  endfacet
  facet normal -0.42261 0.906311 0.000143661
    outer loop
      vertex -33.9735 55.8774 59.7584
      vertex -23.0746 60.9597 58.65
      vertex -34.0429 55.8451 59.3735
    endloop
  endfacet
  facet normal -0.422612 0.906311 0.000108936
    outer loop
      vertex -34.0429 55.8451 59.3735
      vertex -23.0746 60.9597 58.65
      vertex -34.1573 55.7918 59.0019
    endloop
  endfacet
  facet normal -0.422618 0.906308 -0.000128203
    outer loop
      vertex -34.1573 55.7918 59.0019
      vertex -23.0746 60.9597 58.65
      vertex -34.3146 55.7184 58.65
    endloop
  endfacet
  facet normal -0.422637 0.906299 -2.22395e-05
    outer loop
      vertex -38.3244 53.8486 62.5301
      vertex -47.5638 49.5402 72.1708
      vertex -38.0287 53.9865 62.7481
    endloop
  endfacet
  facet normal -0.422611 0.906311 8.6494e-06
    outer loop
      vertex -47.5638 49.5402 72.1708
      vertex -38.3244 53.8486 62.5301
      vertex -48.8926 48.9206 70.4989
    endloop
  endfacet
  facet normal -0.422628 0.906303 -1.99927e-05
    outer loop
      vertex -38.5918 53.7239 62.2713
      vertex -48.8926 48.9206 70.4989
      vertex -38.3244 53.8486 62.5301
    endloop
  endfacet
  facet normal -0.422611 0.906311 6.64974e-06
    outer loop
      vertex -48.8926 48.9206 70.4989
      vertex -38.5918 53.7239 62.2713
      vertex -50.0123 48.3985 68.65
    endloop
  endfacet
  facet normal -0.422567 0.906332 0.000101656
    outer loop
      vertex -38.8263 53.6146 61.9763
      vertex -50.0123 48.3985 68.65
      vertex -38.5918 53.7239 62.2713
    endloop
  endfacet
  facet normal -0.422675 0.906281 -0.000118164
    outer loop
      vertex -39.0239 53.5224 61.65
      vertex -50.0123 48.3985 68.65
      vertex -38.8263 53.6146 61.9763
    endloop
  endfacet
  facet normal -0.422629 0.906303 -3.04461e-05
    outer loop
      vertex -50.0123 48.3985 68.65
      vertex -39.0239 53.5224 61.65
      vertex -50.9036 47.9828 66.6556
    endloop
  endfacet
  facet normal -0.422581 0.906325 0.000108902
    outer loop
      vertex -39.1812 53.4491 61.298
      vertex -50.9036 47.9828 66.6556
      vertex -39.0239 53.5224 61.65
    endloop
  endfacet
  facet normal -0.422618 0.906308 8.97229e-06
    outer loop
      vertex -50.9036 47.9828 66.6556
      vertex -39.1812 53.4491 61.298
      vertex -51.5515 47.6807 64.5499
    endloop
  endfacet
  facet normal -0.422621 0.906307 -1.61839e-06
    outer loop
      vertex -39.2955 53.3958 60.9265
      vertex -51.5515 47.6807 64.5499
      vertex -39.1812 53.4491 61.298
    endloop
  endfacet
  facet normal -0.42262 0.906307 2.60773e-06
    outer loop
      vertex -51.5515 47.6807 64.5499
      vertex -39.2955 53.3958 60.9265
      vertex -51.9446 47.4974 62.3689
    endloop
  endfacet
  facet normal -0.422628 0.906303 -8.78954e-05
    outer loop
      vertex -39.3649 53.3634 60.5416
      vertex -51.9446 47.4974 62.3689
      vertex -39.2955 53.3958 60.9265
    endloop
  endfacet
  facet normal -0.422621 0.906306 4.26455e-05
    outer loop
      vertex -52.0764 47.4359 60.15
      vertex -39.3649 53.3634 60.5416
      vertex -39.3881 53.3526 60.15
    endloop
  endfacet
  facet normal -0.42262 0.906307 -1.6506e-05
    outer loop
      vertex -39.3649 53.3634 60.5416
      vertex -52.0764 47.4359 60.15
      vertex -51.9446 47.4974 62.3689
    endloop
  endfacet
  facet normal -0.422621 0.906306 -4.26455e-05
    outer loop
      vertex -39.3649 53.3634 59.7584
      vertex -52.0764 47.4359 60.15
      vertex -39.3881 53.3526 60.15
    endloop
  endfacet
  facet normal -0.422628 0.906303 8.78954e-05
    outer loop
      vertex -51.9446 47.4974 57.9311
      vertex -39.3649 53.3634 59.7584
      vertex -39.2955 53.3958 59.3735
    endloop
  endfacet
  facet normal -0.422621 0.906307 1.61799e-06
    outer loop
      vertex -51.5515 47.6807 55.7501
      vertex -39.2955 53.3958 59.3735
      vertex -39.1812 53.4491 59.0019
    endloop
  endfacet
  facet normal -0.422581 0.906325 -0.000108928
    outer loop
      vertex -50.9036 47.9828 53.6444
      vertex -39.1812 53.4491 59.0019
      vertex -39.0239 53.5224 58.65
    endloop
  endfacet
  facet normal -0.422675 0.906281 0.000118164
    outer loop
      vertex -50.0123 48.3985 51.65
      vertex -39.0239 53.5224 58.65
      vertex -38.8263 53.6146 58.3237
    endloop
  endfacet
  facet normal -0.422567 0.906332 -0.000101656
    outer loop
      vertex -50.0123 48.3985 51.65
      vertex -38.8263 53.6146 58.3237
      vertex -38.5918 53.7239 58.0287
    endloop
  endfacet
  facet normal -0.42262 0.906307 1.6506e-05
    outer loop
      vertex -39.3649 53.3634 59.7584
      vertex -51.9446 47.4974 57.9311
      vertex -52.0764 47.4359 60.15
    endloop
  endfacet
  facet normal -0.422628 0.906303 1.99927e-05
    outer loop
      vertex -48.8926 48.9206 49.8011
      vertex -38.5918 53.7239 58.0287
      vertex -38.3244 53.8486 57.7699
    endloop
  endfacet
  facet normal -0.422637 0.906299 2.22395e-05
    outer loop
      vertex -47.5638 49.5402 48.1292
      vertex -38.3244 53.8486 57.7699
      vertex -38.0287 53.9865 57.5519
    endloop
  endfacet
  facet normal -0.422532 0.906348 -7.82534e-05
    outer loop
      vertex -46.0485 50.2468 46.663
      vertex -38.0287 53.9865 57.5519
      vertex -37.7097 54.1352 57.3784
    endloop
  endfacet
  facet normal -0.42271 0.906265 4.23488e-05
    outer loop
      vertex -42.5653 51.871 44.444
      vertex -37.7097 54.1352 57.3784
      vertex -37.3729 54.2923 57.2522
    endloop
  endfacet
  facet normal -0.422521 0.906353 -3.17296e-05
    outer loop
      vertex -40.6569 52.7609 43.7293
      vertex -37.3729 54.2923 57.2522
      vertex -37.0241 54.4549 57.1757
    endloop
  endfacet
  facet normal -0.422633 0.906301 8.63129e-06
    outer loop
      vertex -38.6803 53.6827 43.2954
      vertex -37.0241 54.4549 57.1757
      vertex -36.6692 54.6204 57.15
    endloop
  endfacet
  facet normal -0.422604 0.906314 1.29814e-05
    outer loop
      vertex -27.2899 58.9941 46.663
      vertex -35.3097 55.2544 57.5519
      vertex -25.7747 59.7006 48.1292
    endloop
  endfacet
  facet normal -0.42262 0.906307 -2.60773e-06
    outer loop
      vertex -39.2955 53.3958 59.3735
      vertex -51.5515 47.6807 55.7501
      vertex -51.9446 47.4974 57.9311
    endloop
  endfacet
  facet normal -0.422698 0.906271 -7.11493e-05
    outer loop
      vertex -35.3097 55.2544 57.5519
      vertex -27.2899 58.9941 46.663
      vertex -35.6287 55.1056 57.3784
    endloop
  endfacet
  facet normal -0.422618 0.906308 -8.97231e-06
    outer loop
      vertex -39.1812 53.4491 59.0019
      vertex -50.9036 47.9828 53.6444
      vertex -51.5515 47.6807 55.7501
    endloop
  endfacet
  facet normal -0.422622 0.906306 6.77704e-07
    outer loop
      vertex -28.9656 58.2127 45.4276
      vertex -35.6287 55.1056 57.3784
      vertex -27.2899 58.9941 46.663
    endloop
  endfacet
  facet normal -0.422629 0.906303 3.04461e-05
    outer loop
      vertex -39.0239 53.5224 58.65
      vertex -50.0123 48.3985 51.65
      vertex -50.9036 47.9828 53.6444
    endloop
  endfacet
  facet normal -0.422635 0.9063 -7.84594e-06
    outer loop
      vertex -30.7731 57.3698 44.444
      vertex -35.6287 55.1056 57.3784
      vertex -28.9656 58.2127 45.4276
    endloop
  endfacet
  facet normal -0.422611 0.906311 -6.64974e-06
    outer loop
      vertex -38.5918 53.7239 58.0287
      vertex -48.8926 48.9206 49.8011
      vertex -50.0123 48.3985 51.65
    endloop
  endfacet
  facet normal -0.422517 0.906355 4.62126e-05
    outer loop
      vertex -35.6287 55.1056 57.3784
      vertex -30.7731 57.3698 44.444
      vertex -35.9655 54.9486 57.2522
    endloop
  endfacet
  facet normal -0.422611 0.906311 -8.6494e-06
    outer loop
      vertex -38.3244 53.8486 57.7699
      vertex -47.5638 49.5402 48.1292
      vertex -48.8926 48.9206 49.8011
    endloop
  endfacet
  facet normal -0.422617 0.906309 -3.1766e-06
    outer loop
      vertex -32.6815 56.4799 43.7293
      vertex -35.9655 54.9486 57.2522
      vertex -30.7731 57.3698 44.444
    endloop
  endfacet
  facet normal -0.42262 0.906307 7.46314e-07
    outer loop
      vertex -38.0287 53.9865 57.5519
      vertex -46.0485 50.2468 46.663
      vertex -47.5638 49.5402 48.1292
    endloop
  endfacet
  facet normal -0.422723 0.906259 -3.45428e-05
    outer loop
      vertex -35.9655 54.9486 57.2522
      vertex -32.6815 56.4799 43.7293
      vertex -36.3143 54.7859 57.1757
    endloop
  endfacet
  facet normal -0.422619 0.906307 4.69679e-06
    outer loop
      vertex -37.7097 54.1352 57.3784
      vertex -44.3728 51.0282 45.4276
      vertex -46.0485 50.2468 46.663
    endloop
  endfacet
  facet normal -0.4226 0.906316 5.73099e-06
    outer loop
      vertex -34.6582 55.5582 43.2954
      vertex -36.3143 54.7859 57.1757
      vertex -32.6815 56.4799 43.7293
    endloop
  endfacet
  facet normal -0.422601 0.906316 -7.78427e-06
    outer loop
      vertex -37.7097 54.1352 57.3784
      vertex -42.5653 51.871 44.444
      vertex -44.3728 51.0282 45.4276
    endloop
  endfacet
  facet normal -0.422634 0.906301 8.60941e-07
    outer loop
      vertex -36.3143 54.7859 57.1757
      vertex -34.6582 55.5582 43.2954
      vertex -36.6692 54.6204 57.15
    endloop
  endfacet
  facet normal -0.422619 0.906308 -2.96671e-06
    outer loop
      vertex -37.3729 54.2923 57.2522
      vertex -40.6569 52.7609 43.7293
      vertex -42.5653 51.871 44.444
    endloop
  endfacet
  facet normal -0.422639 0.906298 0
    outer loop
      vertex -36.6692 54.6204 43.15
      vertex -36.6692 54.6204 57.15
      vertex -34.6582 55.5582 43.2954
    endloop
  endfacet
  facet normal -0.422652 0.906292 1.14159e-05
    outer loop
      vertex -37.0241 54.4549 57.1757
      vertex -38.6803 53.6827 43.2954
      vertex -40.6569 52.7609 43.7293
    endloop
  endfacet
  facet normal -0.422584 0.906324 0
    outer loop
      vertex -36.6692 54.6204 57.15
      vertex -36.6692 54.6204 43.15
      vertex -38.6803 53.6827 43.2954
    endloop
  endfacet
  facet normal 0.888883 0.414511 0.195108
    outer loop
      vertex -21.787 61.5601 64.5499
      vertex -20.1259 59.0246 62.3689
      vertex -21.3938 61.7435 62.3689
    endloop
  endfacet
  facet normal 0.888883 0.414511 0.195108
    outer loop
      vertex -20.1259 59.0246 62.3689
      vertex -21.787 61.5601 64.5499
      vertex -20.5191 58.8412 64.5499
    endloop
  endfacet
  facet normal -0.858205 -0.400174 0.321472
    outer loop
      vertex -51.5515 47.6807 64.5499
      vertex -49.6358 45.2639 66.6556
      vertex -50.9036 47.9828 66.6556
    endloop
  endfacet
  facet normal -0.858205 -0.400205 0.321436
    outer loop
      vertex -49.6358 45.2639 66.6556
      vertex -51.5515 47.6807 64.5499
      vertex -50.2836 44.9618 64.5499
    endloop
  endfacet
  facet normal 0.85821 0.400208 0.321419
    outer loop
      vertex -22.4348 61.2581 66.6556
      vertex -20.5191 58.8412 64.5499
      vertex -21.787 61.5601 64.5499
    endloop
  endfacet
  facet normal 0.85821 0.400193 0.321436
    outer loop
      vertex -20.5191 58.8412 64.5499
      vertex -22.4348 61.2581 66.6556
      vertex -21.1669 58.5391 66.6556
    endloop
  endfacet
  facet normal 0.503509 0.2348 -0.831473
    outer loop
      vertex -27.6977 55.4938 45.4276
      vertex -27.2899 58.9941 46.663
      vertex -26.022 56.2752 46.663
    endloop
  endfacet
  facet normal 0.503509 0.2348 -0.831473
    outer loop
      vertex -27.2899 58.9941 46.663
      vertex -27.6977 55.4938 45.4276
      vertex -28.9656 58.2127 45.4276
    endloop
  endfacet
  facet normal 0.400859 0.186932 -0.896866
    outer loop
      vertex -29.5053 54.6509 44.444
      vertex -28.9656 58.2127 45.4276
      vertex -27.6977 55.4938 45.4276
    endloop
  endfacet
  facet normal 0.400879 0.186927 -0.896858
    outer loop
      vertex -28.9656 58.2127 45.4276
      vertex -29.5053 54.6509 44.444
      vertex -30.7731 57.3698 44.444
    endloop
  endfacet
  facet normal -0.176845 -0.0824648 -0.980778
    outer loop
      vertex -39.389 50.042 43.7293
      vertex -38.6803 53.6827 43.2954
      vertex -37.4124 50.9637 43.2954
    endloop
  endfacet
  facet normal -0.176841 -0.0824657 -0.980779
    outer loop
      vertex -38.6803 53.6827 43.2954
      vertex -39.389 50.042 43.7293
      vertex -40.6569 52.7609 43.7293
    endloop
  endfacet
  facet normal -0.400833 -0.18692 0.89688
    outer loop
      vertex -42.5653 51.871 75.8559
      vertex -43.105 48.3093 74.8724
      vertex -41.2974 49.1521 75.8559
    endloop
  endfacet
  facet normal -0.400853 -0.186914 0.896872
    outer loop
      vertex -43.105 48.3093 74.8724
      vertex -42.5653 51.871 75.8559
      vertex -44.3728 51.0282 74.8724
    endloop
  endfacet
  facet normal -0.681405 -0.317759 -0.65933
    outer loop
      vertex -46.2959 46.8213 48.1292
      vertex -48.8926 48.9206 49.8011
      vertex -47.5638 49.5402 48.1292
    endloop
  endfacet
  facet normal -0.681405 -0.317759 -0.65933
    outer loop
      vertex -48.8926 48.9206 49.8011
      vertex -46.2959 46.8213 48.1292
      vertex -47.6247 46.2017 49.8011
    endloop
  endfacet
  facet normal 0.904361 0.421729 0.0653897
    outer loop
      vertex -21.3938 61.7435 62.3689
      vertex -20.0832 59.0445 61.65
      vertex -21.3511 61.7634 61.65
    endloop
  endfacet
  facet normal 0.904361 0.421729 0.0653897
    outer loop
      vertex -20.0832 59.0445 61.65
      vertex -21.3938 61.7435 62.3689
      vertex -20.1259 59.0246 62.3689
    endloop
  endfacet
  facet normal -0.858205 -0.400174 -0.321472
    outer loop
      vertex -49.6358 45.2639 53.6444
      vertex -51.5515 47.6807 55.7501
      vertex -50.9036 47.9828 53.6444
    endloop
  endfacet
  facet normal -0.858205 -0.400205 -0.321436
    outer loop
      vertex -51.5515 47.6807 55.7501
      vertex -49.6358 45.2639 53.6444
      vertex -50.2836 44.9618 55.7501
    endloop
  endfacet
  facet normal -0.597578 -0.278646 0.751836
    outer loop
      vertex -46.0485 50.2468 73.637
      vertex -46.2959 46.8213 72.1708
      vertex -44.7807 47.5279 73.637
    endloop
  endfacet
  facet normal -0.597551 -0.278655 0.751853
    outer loop
      vertex -46.2959 46.8213 72.1708
      vertex -46.0485 50.2468 73.637
      vertex -47.5638 49.5402 72.1708
    endloop
  endfacet
  facet normal 0.0592581 0.0276337 -0.99786
    outer loop
      vertex -35.4014 51.9015 43.15
      vertex -34.6582 55.5582 43.2954
      vertex -33.3903 52.8393 43.2954
    endloop
  endfacet
  facet normal 0.0592613 0.0276331 -0.99786
    outer loop
      vertex -34.6582 55.5582 43.2954
      vertex -35.4014 51.9015 43.15
      vertex -36.6692 54.6204 43.15
    endloop
  endfacet
  facet normal 0.75357 0.351411 -0.555556
    outer loop
      vertex -22.0583 58.1235 51.65
      vertex -24.4458 60.3203 49.8011
      vertex -23.3262 60.8424 51.65
    endloop
  endfacet
  facet normal 0.753563 0.35138 -0.555585
    outer loop
      vertex -24.4458 60.3203 49.8011
      vertex -22.0583 58.1235 51.65
      vertex -23.178 57.6014 49.8011
    endloop
  endfacet
  facet normal -0.812851 -0.379041 0.442269
    outer loop
      vertex -50.9036 47.9828 66.6556
      vertex -48.7444 45.6795 68.65
      vertex -50.0123 48.3985 68.65
    endloop
  endfacet
  facet normal -0.812849 -0.379024 0.442286
    outer loop
      vertex -48.7444 45.6795 68.65
      vertex -50.9036 47.9828 66.6556
      vertex -49.6358 45.2639 66.6556
    endloop
  endfacet
  facet normal 0.75357 0.351411 0.555556
    outer loop
      vertex -24.4458 60.3203 70.4989
      vertex -22.0583 58.1235 68.65
      vertex -23.3262 60.8424 68.65
    endloop
  endfacet
  facet normal 0.753563 0.35138 0.555585
    outer loop
      vertex -22.0583 58.1235 68.65
      vertex -24.4458 60.3203 70.4989
      vertex -23.178 57.6014 70.4989
    endloop
  endfacet
  facet normal -0.0592613 -0.0276331 0.99786
    outer loop
      vertex -36.6692 54.6204 77.15
      vertex -37.4124 50.9637 77.0046
      vertex -35.4014 51.9015 77.15
    endloop
  endfacet
  facet normal -0.0592596 -0.0276334 0.99786
    outer loop
      vertex -37.4124 50.9637 77.0046
      vertex -36.6692 54.6204 77.15
      vertex -38.6803 53.6827 77.0046
    endloop
  endfacet
  facet normal -0.888894 -0.414516 -0.19505
    outer loop
      vertex -50.2836 44.9618 55.7501
      vertex -51.9446 47.4974 57.9311
      vertex -51.5515 47.6807 55.7501
    endloop
  endfacet
  facet normal -0.888899 -0.414486 -0.19509
    outer loop
      vertex -51.9446 47.4974 57.9311
      vertex -50.2836 44.9618 55.7501
      vertex -50.6768 44.7785 57.9311
    endloop
  endfacet
  facet normal -0.503516 -0.234785 0.831473
    outer loop
      vertex -44.3728 51.0282 74.8724
      vertex -44.7807 47.5279 73.637
      vertex -43.105 48.3093 74.8724
    endloop
  endfacet
  facet normal -0.503516 -0.234785 0.831473
    outer loop
      vertex -44.7807 47.5279 73.637
      vertex -44.3728 51.0282 74.8724
      vertex -46.0485 50.2468 73.637
    endloop
  endfacet
  facet normal -0.503516 -0.234785 -0.831473
    outer loop
      vertex -44.7807 47.5279 46.663
      vertex -44.3728 51.0282 45.4276
      vertex -43.105 48.3093 45.4276
    endloop
  endfacet
  facet normal -0.503516 -0.234785 -0.831473
    outer loop
      vertex -44.3728 51.0282 45.4276
      vertex -44.7807 47.5279 46.663
      vertex -46.0485 50.2468 46.663
    endloop
  endfacet
  facet normal -0.0592613 -0.0276331 -0.99786
    outer loop
      vertex -37.4124 50.9637 43.2954
      vertex -36.6692 54.6204 43.15
      vertex -35.4014 51.9015 43.15
    endloop
  endfacet
  facet normal -0.0592596 -0.0276334 -0.99786
    outer loop
      vertex -36.6692 54.6204 43.15
      vertex -37.4124 50.9637 43.2954
      vertex -38.6803 53.6827 43.2954
    endloop
  endfacet
  facet normal -0.888894 -0.414516 0.19505
    outer loop
      vertex -51.9446 47.4974 62.3689
      vertex -50.2836 44.9618 64.5499
      vertex -51.5515 47.6807 64.5499
    endloop
  endfacet
  facet normal -0.888899 -0.414486 0.19509
    outer loop
      vertex -50.2836 44.9618 64.5499
      vertex -51.9446 47.4974 62.3689
      vertex -50.6768 44.7785 62.3689
    endloop
  endfacet
  facet normal -0.681405 -0.317759 0.65933
    outer loop
      vertex -48.8926 48.9206 70.4989
      vertex -46.2959 46.8213 72.1708
      vertex -47.5638 49.5402 72.1708
    endloop
  endfacet
  facet normal -0.681405 -0.317759 0.65933
    outer loop
      vertex -46.2959 46.8213 72.1708
      vertex -48.8926 48.9206 70.4989
      vertex -47.6247 46.2017 70.4989
    endloop
  endfacet
  facet normal 0.503509 0.2348 0.831473
    outer loop
      vertex -27.2899 58.9941 73.637
      vertex -27.6977 55.4938 74.8724
      vertex -26.022 56.2752 73.637
    endloop
  endfacet
  facet normal 0.503509 0.2348 0.831473
    outer loop
      vertex -27.6977 55.4938 74.8724
      vertex -27.2899 58.9941 73.637
      vertex -28.9656 58.2127 74.8724
    endloop
  endfacet
  facet normal -0.904373 -0.421701 -0.0654067
    outer loop
      vertex -50.6768 44.7785 57.9311
      vertex -52.0764 47.4359 60.15
      vertex -51.9446 47.4974 57.9311
    endloop
  endfacet
  facet normal -0.904373 -0.421701 -0.0654067
    outer loop
      vertex -52.0764 47.4359 60.15
      vertex -50.6768 44.7785 57.9311
      vertex -50.8086 44.717 60.15
    endloop
  endfacet
  facet normal -0.753553 -0.351403 -0.555585
    outer loop
      vertex -47.6247 46.2017 49.8011
      vertex -50.0123 48.3985 51.65
      vertex -48.8926 48.9206 49.8011
    endloop
  endfacet
  facet normal -0.75355 -0.351389 -0.555598
    outer loop
      vertex -50.0123 48.3985 51.65
      vertex -47.6247 46.2017 49.8011
      vertex -48.7444 45.6795 51.65
    endloop
  endfacet
  facet normal 0.888881 0.414491 -0.195162
    outer loop
      vertex -33.9735 55.8774 59.7584
      vertex -35.7334 59.4703 59.3735
      vertex -35.664 59.5027 59.7584
    endloop
  endfacet
  facet normal 0.888895 0.414509 -0.195058
    outer loop
      vertex -35.7334 59.4703 59.3735
      vertex -33.9735 55.8774 59.7584
      vertex -34.0429 55.8451 59.3735
    endloop
  endfacet
  facet normal 0.88887 0.414486 -0.195221
    outer loop
      vertex -36.5093 61.3153 59.7584
      vertex -51.4648 93.2063 59.3735
      vertex -51.3867 93.2201 59.7584
    endloop
  endfacet
  facet normal 0.88892 0.414512 -0.19494
    outer loop
      vertex -51.4648 93.2063 59.3735
      vertex -36.5093 61.3153 59.7584
      vertex -36.5786 61.2829 59.3735
    endloop
  endfacet
  facet normal 0.904375 0.421727 -0.0652098
    outer loop
      vertex -33.9503 55.8883 60.15
      vertex -35.664 59.5027 59.7584
      vertex -35.6408 59.5135 60.15
    endloop
  endfacet
  facet normal 0.904373 0.421715 -0.065317
    outer loop
      vertex -35.664 59.5027 59.7584
      vertex -33.9503 55.8883 60.15
      vertex -33.9735 55.8774 59.7584
    endloop
  endfacet
  facet normal 0.904365 0.42171 -0.0654602
    outer loop
      vertex -36.486 61.3261 60.15
      vertex -51.3867 93.2201 59.7584
      vertex -51.3605 93.2247 60.15
    endloop
  endfacet
  facet normal 0.904366 0.421711 -0.0654397
    outer loop
      vertex -51.3867 93.2201 59.7584
      vertex -36.486 61.3261 60.15
      vertex -36.5093 61.3153 59.7584
    endloop
  endfacet
  facet normal 0.888881 0.414491 0.195162
    outer loop
      vertex -35.7334 59.4703 60.9265
      vertex -33.9735 55.8774 60.5416
      vertex -35.664 59.5027 60.5416
    endloop
  endfacet
  facet normal 0.888895 0.414509 0.195058
    outer loop
      vertex -33.9735 55.8774 60.5416
      vertex -35.7334 59.4703 60.9265
      vertex -34.0429 55.8451 60.9265
    endloop
  endfacet
  facet normal 0.88887 0.414486 0.195221
    outer loop
      vertex -51.4648 93.2063 60.9265
      vertex -36.5093 61.3153 60.5416
      vertex -51.3867 93.2201 60.5416
    endloop
  endfacet
  facet normal 0.88892 0.414512 0.19494
    outer loop
      vertex -36.5093 61.3153 60.5416
      vertex -51.4648 93.2063 60.9265
      vertex -36.5786 61.2829 60.9265
    endloop
  endfacet
  facet normal -0.681335 -0.317711 0.659426
    outer loop
      vertex -40.5168 57.2398 61.9763
      vertex -38.5918 53.7239 62.2713
      vertex -40.2823 57.3492 62.2713
    endloop
  endfacet
  facet normal -0.68138 -0.317741 0.659365
    outer loop
      vertex -38.5918 53.7239 62.2713
      vertex -40.5168 57.2398 61.9763
      vertex -38.8263 53.6146 61.9763
    endloop
  endfacet
  facet normal -0.681383 -0.317733 0.659365
    outer loop
      vertex -56.5762 91.6795 61.9763
      vertex -41.4656 59.8868 62.2713
      vertex -56.3417 91.7888 62.2713
    endloop
  endfacet
  facet normal -0.681383 -0.317733 0.659365
    outer loop
      vertex -41.4656 59.8868 62.2713
      vertex -56.5762 91.6795 61.9763
      vertex -41.7001 59.7775 61.9763
    endloop
  endfacet
  facet normal 0.753549 0.351364 -0.555615
    outer loop
      vertex -34.3146 55.7184 58.65
      vertex -36.2026 59.2515 58.3237
      vertex -36.005 59.3437 58.65
    endloop
  endfacet
  facet normal 0.753679 0.351455 -0.55538
    outer loop
      vertex -36.2026 59.2515 58.3237
      vertex -34.3146 55.7184 58.65
      vertex -34.5121 55.6263 58.3237
    endloop
  endfacet
  facet normal 0.753555 0.351388 -0.555592
    outer loop
      vertex -36.8503 61.1563 58.65
      vertex -51.9926 93.1132 58.3237
      vertex -51.7703 93.1524 58.65
    endloop
  endfacet
  facet normal 0.753541 0.351381 -0.555615
    outer loop
      vertex -51.9926 93.1132 58.3237
      vertex -36.8503 61.1563 58.65
      vertex -37.0479 61.0641 58.3237
    endloop
  endfacet
  facet normal 0.5035 0.234792 -0.831481
    outer loop
      vertex -35.3097 55.2544 57.5519
      vertex -36.7045 59.0175 57.7699
      vertex -35.014 55.3923 57.7699
    endloop
  endfacet
  facet normal 0.5035 0.234792 -0.831481
    outer loop
      vertex -36.7045 59.0175 57.7699
      vertex -35.3097 55.2544 57.5519
      vertex -37.0002 58.8796 57.5519
    endloop
  endfacet
  facet normal 0.503406 0.234742 -0.831552
    outer loop
      vertex -37.8455 60.6922 57.5519
      vertex -52.5572 93.0137 57.7699
      vertex -37.5497 60.8301 57.7699
    endloop
  endfacet
  facet normal 0.503436 0.234756 -0.83153
    outer loop
      vertex -52.5572 93.0137 57.7699
      vertex -37.8455 60.6922 57.5519
      vertex -52.8899 92.955 57.5519
    endloop
  endfacet
  facet normal 0.812891 0.379044 0.442192
    outer loop
      vertex -36.005 59.3437 61.65
      vertex -34.1573 55.7918 61.298
      vertex -35.8477 59.417 61.298
    endloop
  endfacet
  facet normal 0.812856 0.379017 0.442279
    outer loop
      vertex -34.1573 55.7918 61.298
      vertex -36.005 59.3437 61.65
      vertex -34.3146 55.7184 61.65
    endloop
  endfacet
  facet normal 0.812912 0.379067 0.442134
    outer loop
      vertex -51.7703 93.1524 61.65
      vertex -36.693 61.2296 61.298
      vertex -51.5934 93.1836 61.298
    endloop
  endfacet
  facet normal 0.812886 0.379054 0.442192
    outer loop
      vertex -36.693 61.2296 61.298
      vertex -51.7703 93.1524 61.65
      vertex -36.8503 61.1563 61.65
    endloop
  endfacet
  facet normal 0.904375 0.421727 0.0652098
    outer loop
      vertex -35.664 59.5027 60.5416
      vertex -33.9503 55.8883 60.15
      vertex -35.6408 59.5135 60.15
    endloop
  endfacet
  facet normal 0.904373 0.421715 0.065317
    outer loop
      vertex -33.9503 55.8883 60.15
      vertex -35.664 59.5027 60.5416
      vertex -33.9735 55.8774 60.5416
    endloop
  endfacet
  facet normal 0.904365 0.42171 0.0654602
    outer loop
      vertex -51.3867 93.2201 60.5416
      vertex -36.486 61.3261 60.15
      vertex -51.3605 93.2247 60.15
    endloop
  endfacet
  facet normal 0.904366 0.421711 0.0654397
    outer loop
      vertex -36.486 61.3261 60.15
      vertex -51.3867 93.2201 60.5416
      vertex -36.5093 61.3153 60.5416
    endloop
  endfacet
  facet normal 0.291448 0.135904 -0.946883
    outer loop
      vertex -35.9655 54.9486 57.2522
      vertex -37.3192 58.7309 57.3784
      vertex -35.6287 55.1056 57.3784
    endloop
  endfacet
  facet normal 0.291417 0.135893 -0.946894
    outer loop
      vertex -37.3192 58.7309 57.3784
      vertex -35.9655 54.9486 57.2522
      vertex -37.656 58.5738 57.2522
    endloop
  endfacet
  facet normal 0.291418 0.135891 -0.946894
    outer loop
      vertex -38.5012 60.3864 57.2522
      vertex -53.2487 92.8917 57.3784
      vertex -38.1644 60.5435 57.3784
    endloop
  endfacet
  facet normal 0.291487 0.135922 -0.946869
    outer loop
      vertex -53.2487 92.8917 57.3784
      vertex -38.5012 60.3864 57.2522
      vertex -53.6275 92.8249 57.2522
    endloop
  endfacet
  facet normal -0.812811 -0.378996 -0.44238
    outer loop
      vertex -39.0239 53.5224 58.65
      vertex -40.8716 57.0743 59.0019
      vertex -40.7143 57.1477 58.65
    endloop
  endfacet
  facet normal -0.812846 -0.379023 -0.442293
    outer loop
      vertex -40.8716 57.0743 59.0019
      vertex -39.0239 53.5224 58.65
      vertex -39.1812 53.4491 59.0019
    endloop
  endfacet
  facet normal -0.812803 -0.379014 -0.44238
    outer loop
      vertex -41.8977 59.6853 58.65
      vertex -56.9311 91.514 59.0019
      vertex -56.7738 91.5874 58.65
    endloop
  endfacet
  facet normal -0.812841 -0.379033 -0.442293
    outer loop
      vertex -56.9311 91.514 59.0019
      vertex -41.8977 59.6853 58.65
      vertex -42.055 59.612 59.0019
    endloop
  endfacet
  facet normal -0.597634 -0.278688 -0.751776
    outer loop
      vertex -38.5918 53.7239 58.0287
      vertex -40.0149 57.4738 57.7699
      vertex -38.3244 53.8486 57.7699
    endloop
  endfacet
  facet normal -0.597685 -0.278704 -0.751729
    outer loop
      vertex -40.0149 57.4738 57.7699
      vertex -38.5918 53.7239 58.0287
      vertex -40.2823 57.3492 58.0287
    endloop
  endfacet
  facet normal -0.597636 -0.278683 -0.751776
    outer loop
      vertex -41.4656 59.8868 58.0287
      vertex -56.0744 91.9135 57.7699
      vertex -41.1982 60.0115 57.7699
    endloop
  endfacet
  facet normal -0.59774 -0.27873 -0.751676
    outer loop
      vertex -56.0744 91.9135 57.7699
      vertex -41.4656 59.8868 58.0287
      vertex -56.3417 91.7888 58.0287
    endloop
  endfacet
  facet normal 0.291448 0.135904 0.946883
    outer loop
      vertex -37.3192 58.7309 62.9216
      vertex -35.9655 54.9486 63.0478
      vertex -35.6287 55.1056 62.9216
    endloop
  endfacet
  facet normal 0.291417 0.135893 0.946894
    outer loop
      vertex -35.9655 54.9486 63.0478
      vertex -37.3192 58.7309 62.9216
      vertex -37.656 58.5738 63.0478
    endloop
  endfacet
  facet normal 0.291418 0.135891 0.946894
    outer loop
      vertex -53.2487 92.8917 62.9216
      vertex -38.5012 60.3864 63.0478
      vertex -38.1644 60.5435 62.9216
    endloop
  endfacet
  facet normal 0.291487 0.135922 0.946869
    outer loop
      vertex -38.5012 60.3864 63.0478
      vertex -53.2487 92.8917 62.9216
      vertex -53.6275 92.8249 63.0478
    endloop
  endfacet
  facet normal -0.904369 -0.421688 0.065547
    outer loop
      vertex -41.0786 56.9778 60.15
      vertex -39.3649 53.3634 60.5416
      vertex -41.0553 56.9887 60.5416
    endloop
  endfacet
  facet normal -0.904375 -0.421727 0.0652098
    outer loop
      vertex -39.3649 53.3634 60.5416
      vertex -41.0786 56.9778 60.15
      vertex -39.3881 53.3526 60.15
    endloop
  endfacet
  facet normal -0.90436 -0.421707 0.065547
    outer loop
      vertex -57.1381 91.4175 60.15
      vertex -42.2387 59.5263 60.5416
      vertex -57.1148 91.4284 60.5416
    endloop
  endfacet
  facet normal -0.904378 -0.42172 0.0652098
    outer loop
      vertex -42.2387 59.5263 60.5416
      vertex -57.1381 91.4175 60.15
      vertex -42.2619 59.5155 60.15
    endloop
  endfacet
  facet normal -0.597634 -0.278688 0.751776
    outer loop
      vertex -40.0149 57.4738 62.5301
      vertex -38.5918 53.7239 62.2713
      vertex -38.3244 53.8486 62.5301
    endloop
  endfacet
  facet normal -0.597685 -0.278704 0.751729
    outer loop
      vertex -38.5918 53.7239 62.2713
      vertex -40.0149 57.4738 62.5301
      vertex -40.2823 57.3492 62.2713
    endloop
  endfacet
  facet normal -0.597636 -0.278683 0.751776
    outer loop
      vertex -56.0744 91.9135 62.5301
      vertex -41.4656 59.8868 62.2713
      vertex -41.1982 60.0115 62.5301
    endloop
  endfacet
  facet normal -0.59774 -0.27873 0.751676
    outer loop
      vertex -41.4656 59.8868 62.2713
      vertex -56.0744 91.9135 62.5301
      vertex -56.3417 91.7888 62.2713
    endloop
  endfacet
  facet normal -0.291417 -0.135893 -0.946894
    outer loop
      vertex -37.7097 54.1352 57.3784
      vertex -39.0634 57.9175 57.2522
      vertex -37.3729 54.2923 57.2522
    endloop
  endfacet
  facet normal -0.291448 -0.135904 -0.946883
    outer loop
      vertex -39.0634 57.9175 57.2522
      vertex -37.7097 54.1352 57.3784
      vertex -39.4002 57.7605 57.3784
    endloop
  endfacet
  facet normal -0.291414 -0.135899 -0.946895
    outer loop
      vertex -40.4493 60.3607 57.3281
      vertex -39.9086 59.7301 57.2522
      vertex -40.1112 59.6357 57.3281
    endloop
  endfacet
  facet normal -0.29139 -0.135878 -0.946905
    outer loop
      vertex -40.4493 60.3607 57.3281
      vertex -55.1229 92.3572 57.2522
      vertex -39.9086 59.7301 57.2522
    endloop
  endfacet
  facet normal -0.291494 -0.135925 -0.946866
    outer loop
      vertex -40.5835 60.2981 57.3784
      vertex -55.1229 92.3572 57.2522
      vertex -40.4493 60.3607 57.3281
    endloop
  endfacet
  facet normal -0.291448 -0.135904 -0.946883
    outer loop
      vertex -55.1229 92.3572 57.2522
      vertex -40.5835 60.2981 57.3784
      vertex -55.4597 92.2002 57.3784
    endloop
  endfacet
  facet normal -0.753679 -0.351455 0.55538
    outer loop
      vertex -40.7143 57.1477 61.65
      vertex -38.8263 53.6146 61.9763
      vertex -40.5168 57.2398 61.9763
    endloop
  endfacet
  facet normal -0.753549 -0.351364 0.555615
    outer loop
      vertex -38.8263 53.6146 61.9763
      vertex -40.7143 57.1477 61.65
      vertex -39.0239 53.5224 61.65
    endloop
  endfacet
  facet normal -0.753586 -0.351402 0.55554
    outer loop
      vertex -56.7738 91.5874 61.65
      vertex -41.7001 59.7775 61.9763
      vertex -56.5762 91.6795 61.9763
    endloop
  endfacet
  facet normal -0.753541 -0.35138 0.555615
    outer loop
      vertex -41.7001 59.7775 61.9763
      vertex -56.7738 91.5874 61.65
      vertex -41.8977 59.6853 61.65
    endloop
  endfacet
  facet normal -0.503506 -0.23478 -0.831481
    outer loop
      vertex -38.3244 53.8486 57.7699
      vertex -39.7191 57.6117 57.5519
      vertex -38.0287 53.9865 57.5519
    endloop
  endfacet
  facet normal -0.503404 -0.234747 -0.831552
    outer loop
      vertex -39.7191 57.6117 57.5519
      vertex -38.3244 53.8486 57.7699
      vertex -40.0149 57.4738 57.7699
    endloop
  endfacet
  facet normal -0.503503 -0.234786 -0.831481
    outer loop
      vertex -41.1982 60.0115 57.7699
      vertex -55.7786 92.0514 57.5519
      vertex -40.9025 60.1494 57.5519
    endloop
  endfacet
  facet normal -0.503405 -0.234743 -0.831552
    outer loop
      vertex -55.7786 92.0514 57.5519
      vertex -41.1982 60.0115 57.7699
      vertex -56.0744 91.9135 57.7699
    endloop
  endfacet
  facet normal 0.176684 0.0823909 -0.980813
    outer loop
      vertex -36.3143 54.7859 57.1757
      vertex -37.656 58.5738 57.2522
      vertex -35.9655 54.9486 57.2522
    endloop
  endfacet
  facet normal 0.176684 0.0823909 -0.980813
    outer loop
      vertex -37.656 58.5738 57.2522
      vertex -36.3143 54.7859 57.1757
      vertex -38.0048 58.4111 57.1757
    endloop
  endfacet
  facet normal 0.176703 0.0823979 -0.980809
    outer loop
      vertex -38.85 60.2238 57.1757
      vertex -53.6275 92.8249 57.2522
      vertex -38.5012 60.3864 57.2522
    endloop
  endfacet
  facet normal 0.176703 0.0823978 -0.980809
    outer loop
      vertex -53.6275 92.8249 57.2522
      vertex -38.85 60.2238 57.1757
      vertex -54.0199 92.7558 57.1757
    endloop
  endfacet
  facet normal -0.400729 -0.186862 -0.896939
    outer loop
      vertex -38.0287 53.9865 57.5519
      vertex -39.4002 57.7605 57.3784
      vertex -37.7097 54.1352 57.3784
    endloop
  endfacet
  facet normal -0.400775 -0.186878 -0.896915
    outer loop
      vertex -39.4002 57.7605 57.3784
      vertex -38.0287 53.9865 57.5519
      vertex -39.7191 57.6117 57.5519
    endloop
  endfacet
  facet normal -0.400728 -0.186863 -0.896939
    outer loop
      vertex -40.9025 60.1494 57.5519
      vertex -55.4597 92.2002 57.3784
      vertex -40.5835 60.2981 57.3784
    endloop
  endfacet
  facet normal -0.400773 -0.186883 -0.896915
    outer loop
      vertex -55.4597 92.2002 57.3784
      vertex -40.9025 60.1494 57.5519
      vertex -55.7786 92.0514 57.5519
    endloop
  endfacet
  facet normal 0.0593526 0.0276773 0.997853
    outer loop
      vertex -38.0048 58.4111 63.1243
      vertex -36.6692 54.6204 63.15
      vertex -36.3143 54.7859 63.1243
    endloop
  endfacet
  facet normal 0.0593593 0.0276796 0.997853
    outer loop
      vertex -36.6692 54.6204 63.15
      vertex -38.0048 58.4111 63.1243
      vertex -38.3597 58.2457 63.15
    endloop
  endfacet
  facet normal 0.0593529 0.0276767 0.997853
    outer loop
      vertex -54.0199 92.7558 63.1243
      vertex -39.2049 60.0583 63.15
      vertex -38.85 60.2238 63.1243
    endloop
  endfacet
  facet normal 0.0593455 0.0276733 0.997854
    outer loop
      vertex -39.2049 60.0583 63.15
      vertex -54.0199 92.7558 63.1243
      vertex -54.4192 92.6854 63.15
    endloop
  endfacet
  facet normal 0.597685 0.278704 0.751729
    outer loop
      vertex -36.4371 59.1422 62.2713
      vertex -35.014 55.3923 62.5301
      vertex -34.7466 55.5169 62.2713
    endloop
  endfacet
  facet normal 0.597634 0.278688 0.751776
    outer loop
      vertex -35.014 55.3923 62.5301
      vertex -36.4371 59.1422 62.2713
      vertex -36.7045 59.0175 62.5301
    endloop
  endfacet
  facet normal 0.59774 0.27873 0.751676
    outer loop
      vertex -52.2564 93.0667 62.2713
      vertex -37.5497 60.8301 62.5301
      vertex -37.2824 60.9548 62.2713
    endloop
  endfacet
  facet normal 0.597672 0.2787 0.751741
    outer loop
      vertex -37.5497 60.8301 62.5301
      vertex -52.2564 93.0667 62.2713
      vertex -52.5572 93.0137 62.5301
    endloop
  endfacet
  facet normal -0.858145 -0.400146 0.321668
    outer loop
      vertex -40.986 57.021 60.9265
      vertex -39.1812 53.4491 61.298
      vertex -40.8716 57.0743 61.298
    endloop
  endfacet
  facet normal -0.8582 -0.400195 0.321461
    outer loop
      vertex -39.1812 53.4491 61.298
      vertex -40.986 57.021 60.9265
      vertex -39.2955 53.3958 60.9265
    endloop
  endfacet
  facet normal -0.85814 -0.400156 0.321668
    outer loop
      vertex -57.0455 91.4607 60.9265
      vertex -42.055 59.612 61.298
      vertex -56.9311 91.514 61.298
    endloop
  endfacet
  facet normal -0.858203 -0.400188 0.321461
    outer loop
      vertex -42.055 59.612 61.298
      vertex -57.0455 91.4607 60.9265
      vertex -42.1693 59.5587 60.9265
    endloop
  endfacet
  facet normal 0.8582 0.400195 0.321461
    outer loop
      vertex -35.8477 59.417 61.298
      vertex -34.0429 55.8451 60.9265
      vertex -35.7334 59.4703 60.9265
    endloop
  endfacet
  facet normal 0.858145 0.400146 0.321668
    outer loop
      vertex -34.0429 55.8451 60.9265
      vertex -35.8477 59.417 61.298
      vertex -34.1573 55.7918 61.298
    endloop
  endfacet
  facet normal 0.858183 0.400179 0.321525
    outer loop
      vertex -51.5934 93.1836 61.298
      vertex -36.5786 61.2829 60.9265
      vertex -51.4648 93.2063 60.9265
    endloop
  endfacet
  facet normal 0.85814 0.400157 0.321668
    outer loop
      vertex -36.5786 61.2829 60.9265
      vertex -51.5934 93.1836 61.298
      vertex -36.693 61.2296 61.298
    endloop
  endfacet
  facet normal 0.400688 0.186848 -0.89696
    outer loop
      vertex -35.6287 55.1056 57.3784
      vertex -37.0002 58.8796 57.5519
      vertex -35.3097 55.2544 57.5519
    endloop
  endfacet
  facet normal 0.400729 0.186862 -0.896939
    outer loop
      vertex -37.0002 58.8796 57.5519
      vertex -35.6287 55.1056 57.3784
      vertex -37.3192 58.7309 57.3784
    endloop
  endfacet
  facet normal 0.400811 0.186902 -0.896894
    outer loop
      vertex -38.1644 60.5435 57.3784
      vertex -52.8899 92.955 57.5519
      vertex -37.8455 60.6922 57.5519
    endloop
  endfacet
  facet normal 0.400747 0.186872 -0.896928
    outer loop
      vertex -52.8899 92.955 57.5519
      vertex -38.1644 60.5435 57.3784
      vertex -53.2487 92.8917 57.3784
    endloop
  endfacet
  facet normal -0.176703 -0.0823977 -0.980809
    outer loop
      vertex -37.3729 54.2923 57.2522
      vertex -38.7146 58.0802 57.1757
      vertex -37.0241 54.4549 57.1757
    endloop
  endfacet
  facet normal -0.176684 -0.0823909 -0.980813
    outer loop
      vertex -38.7146 58.0802 57.1757
      vertex -37.3729 54.2923 57.2522
      vertex -39.0634 57.9175 57.2522
    endloop
  endfacet
  facet normal -0.176684 -0.0823894 -0.980813
    outer loop
      vertex -39.9086 59.7301 57.2522
      vertex -54.7741 92.5199 57.1757
      vertex -39.5598 59.8928 57.1757
    endloop
  endfacet
  facet normal -0.176684 -0.0823894 -0.980813
    outer loop
      vertex -54.7741 92.5199 57.1757
      vertex -39.9086 59.7301 57.2522
      vertex -55.1229 92.3572 57.2522
    endloop
  endfacet
  facet normal 0.68138 0.317741 -0.659365
    outer loop
      vertex -34.5121 55.6263 58.3237
      vertex -36.4371 59.1422 58.0287
      vertex -36.2026 59.2515 58.3237
    endloop
  endfacet
  facet normal 0.681335 0.317711 -0.659426
    outer loop
      vertex -36.4371 59.1422 58.0287
      vertex -34.5121 55.6263 58.3237
      vertex -34.7466 55.5169 58.0287
    endloop
  endfacet
  facet normal 0.681367 0.317726 -0.659386
    outer loop
      vertex -37.0479 61.0641 58.3237
      vertex -52.2564 93.0667 58.0287
      vertex -51.9926 93.1132 58.3237
    endloop
  endfacet
  facet normal 0.681383 0.317734 -0.659365
    outer loop
      vertex -52.2564 93.0667 58.0287
      vertex -37.0479 61.0641 58.3237
      vertex -37.2824 60.9548 58.0287
    endloop
  endfacet
  facet normal 0.68138 0.317741 0.659365
    outer loop
      vertex -36.4371 59.1422 62.2713
      vertex -34.5121 55.6263 61.9763
      vertex -36.2026 59.2515 61.9763
    endloop
  endfacet
  facet normal 0.681335 0.317711 0.659426
    outer loop
      vertex -34.5121 55.6263 61.9763
      vertex -36.4371 59.1422 62.2713
      vertex -34.7466 55.5169 62.2713
    endloop
  endfacet
  facet normal 0.681367 0.317726 0.659386
    outer loop
      vertex -52.2564 93.0667 62.2713
      vertex -37.0479 61.0641 61.9763
      vertex -51.9926 93.1132 61.9763
    endloop
  endfacet
  facet normal 0.681383 0.317734 0.659365
    outer loop
      vertex -37.0479 61.0641 61.9763
      vertex -52.2564 93.0667 62.2713
      vertex -37.2824 60.9548 62.2713
    endloop
  endfacet
  facet normal -0.400729 -0.186862 0.896939
    outer loop
      vertex -39.4002 57.7605 62.9216
      vertex -38.0287 53.9865 62.7481
      vertex -37.7097 54.1352 62.9216
    endloop
  endfacet
  facet normal -0.400775 -0.186878 0.896915
    outer loop
      vertex -38.0287 53.9865 62.7481
      vertex -39.4002 57.7605 62.9216
      vertex -39.7191 57.6117 62.7481
    endloop
  endfacet
  facet normal -0.400728 -0.186863 0.896939
    outer loop
      vertex -55.4597 92.2002 62.9216
      vertex -40.9025 60.1494 62.7481
      vertex -40.5835 60.2981 62.9216
    endloop
  endfacet
  facet normal -0.400773 -0.186883 0.896915
    outer loop
      vertex -40.9025 60.1494 62.7481
      vertex -55.4597 92.2002 62.9216
      vertex -55.7786 92.0514 62.7481
    endloop
  endfacet
  facet normal -0.858169 -0.400157 -0.32159
    outer loop
      vertex -39.1812 53.4491 59.0019
      vertex -40.986 57.021 59.3735
      vertex -40.8716 57.0743 59.0019
    endloop
  endfacet
  facet normal -0.858224 -0.400206 -0.321383
    outer loop
      vertex -40.986 57.021 59.3735
      vertex -39.1812 53.4491 59.0019
      vertex -39.2955 53.3958 59.3735
    endloop
  endfacet
  facet normal -0.858164 -0.400167 -0.32159
    outer loop
      vertex -42.055 59.612 59.0019
      vertex -57.0455 91.4607 59.3735
      vertex -56.9311 91.514 59.0019
    endloop
  endfacet
  facet normal -0.858227 -0.400199 -0.321383
    outer loop
      vertex -57.0455 91.4607 59.3735
      vertex -42.055 59.612 59.0019
      vertex -42.1693 59.5587 59.3735
    endloop
  endfacet
  facet normal 0.176684 0.0823909 0.980813
    outer loop
      vertex -37.656 58.5738 63.0478
      vertex -36.3143 54.7859 63.1243
      vertex -35.9655 54.9486 63.0478
    endloop
  endfacet
  facet normal 0.176684 0.0823909 0.980813
    outer loop
      vertex -36.3143 54.7859 63.1243
      vertex -37.656 58.5738 63.0478
      vertex -38.0048 58.4111 63.1243
    endloop
  endfacet
  facet normal 0.176703 0.0823979 0.980809
    outer loop
      vertex -53.6275 92.8249 63.0478
      vertex -38.85 60.2238 63.1243
      vertex -38.5012 60.3864 63.0478
    endloop
  endfacet
  facet normal 0.176703 0.0823978 0.980809
    outer loop
      vertex -38.85 60.2238 63.1243
      vertex -53.6275 92.8249 63.0478
      vertex -54.0199 92.7558 63.1243
    endloop
  endfacet
  facet normal 0.400688 0.186848 0.89696
    outer loop
      vertex -37.0002 58.8796 62.7481
      vertex -35.6287 55.1056 62.9216
      vertex -35.3097 55.2544 62.7481
    endloop
  endfacet
  facet normal 0.400729 0.186862 0.896939
    outer loop
      vertex -35.6287 55.1056 62.9216
      vertex -37.0002 58.8796 62.7481
      vertex -37.3192 58.7309 62.9216
    endloop
  endfacet
  facet normal 0.400811 0.186902 0.896894
    outer loop
      vertex -52.8899 92.955 62.7481
      vertex -38.1644 60.5435 62.9216
      vertex -37.8455 60.6922 62.7481
    endloop
  endfacet
  facet normal 0.400747 0.186872 0.896928
    outer loop
      vertex -38.1644 60.5435 62.9216
      vertex -52.8899 92.955 62.7481
      vertex -53.2487 92.8917 62.9216
    endloop
  endfacet
  facet normal -0.681335 -0.317711 -0.659426
    outer loop
      vertex -38.5918 53.7239 58.0287
      vertex -40.5168 57.2398 58.3237
      vertex -40.2823 57.3492 58.0287
    endloop
  endfacet
  facet normal -0.68138 -0.317741 -0.659365
    outer loop
      vertex -40.5168 57.2398 58.3237
      vertex -38.5918 53.7239 58.0287
      vertex -38.8263 53.6146 58.3237
    endloop
  endfacet
  facet normal -0.681383 -0.317733 -0.659365
    outer loop
      vertex -41.4656 59.8868 58.0287
      vertex -56.5762 91.6795 58.3237
      vertex -56.3417 91.7888 58.0287
    endloop
  endfacet
  facet normal -0.681383 -0.317733 -0.659365
    outer loop
      vertex -56.5762 91.6795 58.3237
      vertex -41.4656 59.8868 58.0287
      vertex -41.7001 59.7775 58.3237
    endloop
  endfacet
  facet normal 0.597685 0.278704 -0.751729
    outer loop
      vertex -35.014 55.3923 57.7699
      vertex -36.4371 59.1422 58.0287
      vertex -34.7466 55.5169 58.0287
    endloop
  endfacet
  facet normal 0.597634 0.278688 -0.751776
    outer loop
      vertex -36.4371 59.1422 58.0287
      vertex -35.014 55.3923 57.7699
      vertex -36.7045 59.0175 57.7699
    endloop
  endfacet
  facet normal 0.59774 0.27873 -0.751676
    outer loop
      vertex -37.5497 60.8301 57.7699
      vertex -52.2564 93.0667 58.0287
      vertex -37.2824 60.9548 58.0287
    endloop
  endfacet
  facet normal 0.597672 0.2787 -0.751741
    outer loop
      vertex -52.2564 93.0667 58.0287
      vertex -37.5497 60.8301 57.7699
      vertex -52.5572 93.0137 57.7699
    endloop
  endfacet
  facet normal -0.812856 -0.379017 0.442279
    outer loop
      vertex -40.8716 57.0743 61.298
      vertex -39.0239 53.5224 61.65
      vertex -40.7143 57.1477 61.65
    endloop
  endfacet
  facet normal -0.812891 -0.379044 0.442192
    outer loop
      vertex -39.0239 53.5224 61.65
      vertex -40.8716 57.0743 61.298
      vertex -39.1812 53.4491 61.298
    endloop
  endfacet
  facet normal -0.812848 -0.379035 0.442279
    outer loop
      vertex -56.9311 91.514 61.298
      vertex -41.8977 59.6853 61.65
      vertex -56.7738 91.5874 61.65
    endloop
  endfacet
  facet normal -0.812886 -0.379054 0.442192
    outer loop
      vertex -41.8977 59.6853 61.65
      vertex -56.9311 91.514 61.298
      vertex -42.055 59.612 61.298
    endloop
  endfacet
  facet normal -0.904369 -0.421688 -0.065547
    outer loop
      vertex -39.3649 53.3634 59.7584
      vertex -41.0786 56.9778 60.15
      vertex -41.0553 56.9887 59.7584
    endloop
  endfacet
  facet normal -0.904375 -0.421727 -0.0652098
    outer loop
      vertex -41.0786 56.9778 60.15
      vertex -39.3649 53.3634 59.7584
      vertex -39.3881 53.3526 60.15
    endloop
  endfacet
  facet normal -0.90436 -0.421707 -0.065547
    outer loop
      vertex -42.2387 59.5263 59.7584
      vertex -57.1381 91.4175 60.15
      vertex -57.1148 91.4284 59.7584
    endloop
  endfacet
  facet normal -0.904378 -0.42172 -0.0652098
    outer loop
      vertex -57.1381 91.4175 60.15
      vertex -42.2387 59.5263 59.7584
      vertex -42.2619 59.5155 60.15
    endloop
  endfacet
  facet normal 0.753549 0.351364 0.555615
    outer loop
      vertex -36.2026 59.2515 61.9763
      vertex -34.3146 55.7184 61.65
      vertex -36.005 59.3437 61.65
    endloop
  endfacet
  facet normal 0.753679 0.351455 0.55538
    outer loop
      vertex -34.3146 55.7184 61.65
      vertex -36.2026 59.2515 61.9763
      vertex -34.5121 55.6263 61.9763
    endloop
  endfacet
  facet normal 0.753555 0.351388 0.555592
    outer loop
      vertex -51.9926 93.1132 61.9763
      vertex -36.8503 61.1563 61.65
      vertex -51.7703 93.1524 61.65
    endloop
  endfacet
  facet normal 0.753541 0.351381 0.555615
    outer loop
      vertex -36.8503 61.1563 61.65
      vertex -51.9926 93.1132 61.9763
      vertex -37.0479 61.0641 61.9763
    endloop
  endfacet
  facet normal 0.812846 0.379023 -0.442293
    outer loop
      vertex -34.1573 55.7918 59.0019
      vertex -36.005 59.3437 58.65
      vertex -35.8477 59.417 59.0019
    endloop
  endfacet
  facet normal 0.812811 0.378996 -0.44238
    outer loop
      vertex -36.005 59.3437 58.65
      vertex -34.1573 55.7918 59.0019
      vertex -34.3146 55.7184 58.65
    endloop
  endfacet
  facet normal 0.812867 0.379046 -0.442235
    outer loop
      vertex -36.693 61.2296 59.0019
      vertex -51.7703 93.1524 58.65
      vertex -51.5934 93.1836 59.0019
    endloop
  endfacet
  facet normal 0.812841 0.379033 -0.442293
    outer loop
      vertex -51.7703 93.1524 58.65
      vertex -36.693 61.2296 59.0019
      vertex -36.8503 61.1563 58.65
    endloop
  endfacet
  facet normal -0.0593529 -0.0276766 0.997853
    outer loop
      vertex -38.3597 58.2457 63.15
      vertex -37.0241 54.4549 63.1243
      vertex -36.6692 54.6204 63.15
    endloop
  endfacet
  facet normal -0.0593529 -0.0276766 0.997853
    outer loop
      vertex -37.0241 54.4549 63.1243
      vertex -38.3597 58.2457 63.15
      vertex -38.7146 58.0802 63.1243
    endloop
  endfacet
  facet normal -0.0593529 -0.0276768 0.997853
    outer loop
      vertex -54.4192 92.6854 63.15
      vertex -39.5598 59.8928 63.1243
      vertex -39.2049 60.0583 63.15
    endloop
  endfacet
  facet normal -0.0593529 -0.0276768 0.997853
    outer loop
      vertex -39.5598 59.8928 63.1243
      vertex -54.4192 92.6854 63.15
      vertex -54.7741 92.5199 63.1243
    endloop
  endfacet
  facet normal 0.0593526 0.0276773 -0.997853
    outer loop
      vertex -36.6692 54.6204 57.15
      vertex -38.0048 58.4111 57.1757
      vertex -36.3143 54.7859 57.1757
    endloop
  endfacet
  facet normal 0.0593593 0.0276796 -0.997853
    outer loop
      vertex -38.0048 58.4111 57.1757
      vertex -36.6692 54.6204 57.15
      vertex -38.3597 58.2457 57.15
    endloop
  endfacet
  facet normal 0.0593529 0.0276767 -0.997853
    outer loop
      vertex -39.2049 60.0583 57.15
      vertex -54.0199 92.7558 57.1757
      vertex -38.85 60.2238 57.1757
    endloop
  endfacet
  facet normal 0.0593455 0.0276733 -0.997854
    outer loop
      vertex -54.0199 92.7558 57.1757
      vertex -39.2049 60.0583 57.15
      vertex -54.4192 92.6854 57.15
    endloop
  endfacet
  facet normal -0.503506 -0.23478 0.831481
    outer loop
      vertex -39.7191 57.6117 62.7481
      vertex -38.3244 53.8486 62.5301
      vertex -38.0287 53.9865 62.7481
    endloop
  endfacet
  facet normal -0.503404 -0.234747 0.831552
    outer loop
      vertex -38.3244 53.8486 62.5301
      vertex -39.7191 57.6117 62.7481
      vertex -40.0149 57.4738 62.5301
    endloop
  endfacet
  facet normal -0.503503 -0.234786 0.831481
    outer loop
      vertex -55.7786 92.0514 62.7481
      vertex -41.1982 60.0115 62.5301
      vertex -40.9025 60.1494 62.7481
    endloop
  endfacet
  facet normal -0.503405 -0.234743 0.831552
    outer loop
      vertex -41.1982 60.0115 62.5301
      vertex -55.7786 92.0514 62.7481
      vertex -56.0744 91.9135 62.5301
    endloop
  endfacet
  facet normal 0.5035 0.234792 0.831481
    outer loop
      vertex -36.7045 59.0175 62.5301
      vertex -35.3097 55.2544 62.7481
      vertex -35.014 55.3923 62.5301
    endloop
  endfacet
  facet normal 0.5035 0.234792 0.831481
    outer loop
      vertex -35.3097 55.2544 62.7481
      vertex -36.7045 59.0175 62.5301
      vertex -37.0002 58.8796 62.7481
    endloop
  endfacet
  facet normal 0.503406 0.234742 0.831552
    outer loop
      vertex -52.5572 93.0137 62.5301
      vertex -37.8455 60.6922 62.7481
      vertex -37.5497 60.8301 62.5301
    endloop
  endfacet
  facet normal 0.503436 0.234756 0.83153
    outer loop
      vertex -37.8455 60.6922 62.7481
      vertex -52.5572 93.0137 62.5301
      vertex -52.8899 92.955 62.7481
    endloop
  endfacet
  facet normal 0.858224 0.400206 -0.321383
    outer loop
      vertex -34.0429 55.8451 59.3735
      vertex -35.8477 59.417 59.0019
      vertex -35.7334 59.4703 59.3735
    endloop
  endfacet
  facet normal 0.858169 0.400157 -0.32159
    outer loop
      vertex -35.8477 59.417 59.0019
      vertex -34.0429 55.8451 59.3735
      vertex -34.1573 55.7918 59.0019
    endloop
  endfacet
  facet normal 0.858207 0.400191 -0.321447
    outer loop
      vertex -36.5786 61.2829 59.3735
      vertex -51.5934 93.1836 59.0019
      vertex -51.4648 93.2063 59.3735
    endloop
  endfacet
  facet normal 0.858164 0.400168 -0.32159
    outer loop
      vertex -51.5934 93.1836 59.0019
      vertex -36.5786 61.2829 59.3735
      vertex -36.693 61.2296 59.0019
    endloop
  endfacet
  facet normal -0.888935 -0.414527 -0.194836
    outer loop
      vertex -39.2955 53.3958 59.3735
      vertex -41.0553 56.9887 59.7584
      vertex -40.986 57.021 59.3735
    endloop
  endfacet
  facet normal -0.88889 -0.414471 -0.195162
    outer loop
      vertex -41.0553 56.9887 59.7584
      vertex -39.2955 53.3958 59.3735
      vertex -39.3649 53.3634 59.7584
    endloop
  endfacet
  facet normal -0.888939 -0.41452 -0.194836
    outer loop
      vertex -42.1693 59.5587 59.3735
      vertex -57.1148 91.4284 59.7584
      vertex -57.0455 91.4607 59.3735
    endloop
  endfacet
  facet normal -0.888881 -0.41449 -0.195162
    outer loop
      vertex -57.1148 91.4284 59.7584
      vertex -42.1693 59.5587 59.3735
      vertex -42.2387 59.5263 59.7584
    endloop
  endfacet
  facet normal -0.0593529 -0.0276766 -0.997853
    outer loop
      vertex -37.0241 54.4549 57.1757
      vertex -38.3597 58.2457 57.15
      vertex -36.6692 54.6204 57.15
    endloop
  endfacet
  facet normal -0.0593529 -0.0276766 -0.997853
    outer loop
      vertex -38.3597 58.2457 57.15
      vertex -37.0241 54.4549 57.1757
      vertex -38.7146 58.0802 57.1757
    endloop
  endfacet
  facet normal -0.0593529 -0.0276768 -0.997853
    outer loop
      vertex -39.5598 59.8928 57.1757
      vertex -54.4192 92.6854 57.15
      vertex -39.2049 60.0583 57.15
    endloop
  endfacet
  facet normal -0.0593529 -0.0276768 -0.997853
    outer loop
      vertex -54.4192 92.6854 57.15
      vertex -39.5598 59.8928 57.1757
      vertex -54.7741 92.5199 57.1757
    endloop
  endfacet
  facet normal -0.291417 -0.135893 0.946894
    outer loop
      vertex -39.0634 57.9175 63.0478
      vertex -37.7097 54.1352 62.9216
      vertex -37.3729 54.2923 63.0478
    endloop
  endfacet
  facet normal -0.291448 -0.135904 0.946883
    outer loop
      vertex -37.7097 54.1352 62.9216
      vertex -39.0634 57.9175 63.0478
      vertex -39.4002 57.7605 62.9216
    endloop
  endfacet
  facet normal -0.291414 -0.135899 0.946895
    outer loop
      vertex -39.9086 59.7301 63.0478
      vertex -40.4493 60.3607 62.9719
      vertex -40.1112 59.6357 62.9719
    endloop
  endfacet
  facet normal -0.29139 -0.135878 0.946905
    outer loop
      vertex -55.1229 92.3572 63.0478
      vertex -40.4493 60.3607 62.9719
      vertex -39.9086 59.7301 63.0478
    endloop
  endfacet
  facet normal -0.291494 -0.135925 0.946866
    outer loop
      vertex -55.1229 92.3572 63.0478
      vertex -40.5835 60.2981 62.9216
      vertex -40.4493 60.3607 62.9719
    endloop
  endfacet
  facet normal -0.291448 -0.135904 0.946883
    outer loop
      vertex -40.5835 60.2981 62.9216
      vertex -55.1229 92.3572 63.0478
      vertex -55.4597 92.2002 62.9216
    endloop
  endfacet
  facet normal -0.888935 -0.414527 0.194836
    outer loop
      vertex -41.0553 56.9887 60.5416
      vertex -39.2955 53.3958 60.9265
      vertex -40.986 57.021 60.9265
    endloop
  endfacet
  facet normal -0.88889 -0.414471 0.195162
    outer loop
      vertex -39.2955 53.3958 60.9265
      vertex -41.0553 56.9887 60.5416
      vertex -39.3649 53.3634 60.5416
    endloop
  endfacet
  facet normal -0.888939 -0.41452 0.194836
    outer loop
      vertex -57.1148 91.4284 60.5416
      vertex -42.1693 59.5587 60.9265
      vertex -57.0455 91.4607 60.9265
    endloop
  endfacet
  facet normal -0.888881 -0.41449 0.195162
    outer loop
      vertex -42.1693 59.5587 60.9265
      vertex -57.1148 91.4284 60.5416
      vertex -42.2387 59.5263 60.5416
    endloop
  endfacet
  facet normal -0.176703 -0.0823977 0.980809
    outer loop
      vertex -38.7146 58.0802 63.1243
      vertex -37.3729 54.2923 63.0478
      vertex -37.0241 54.4549 63.1243
    endloop
  endfacet
  facet normal -0.176684 -0.0823909 0.980813
    outer loop
      vertex -37.3729 54.2923 63.0478
      vertex -38.7146 58.0802 63.1243
      vertex -39.0634 57.9175 63.0478
    endloop
  endfacet
  facet normal -0.176684 -0.0823894 0.980813
    outer loop
      vertex -54.7741 92.5199 63.1243
      vertex -39.9086 59.7301 63.0478
      vertex -39.5598 59.8928 63.1243
    endloop
  endfacet
  facet normal -0.176684 -0.0823894 0.980813
    outer loop
      vertex -39.9086 59.7301 63.0478
      vertex -54.7741 92.5199 63.1243
      vertex -55.1229 92.3572 63.0478
    endloop
  endfacet
  facet normal -0.753679 -0.351455 -0.55538
    outer loop
      vertex -38.8263 53.6146 58.3237
      vertex -40.7143 57.1477 58.65
      vertex -40.5168 57.2398 58.3237
    endloop
  endfacet
  facet normal -0.753549 -0.351364 -0.555615
    outer loop
      vertex -40.7143 57.1477 58.65
      vertex -38.8263 53.6146 58.3237
      vertex -39.0239 53.5224 58.65
    endloop
  endfacet
  facet normal -0.753586 -0.351402 -0.55554
    outer loop
      vertex -41.7001 59.7775 58.3237
      vertex -56.7738 91.5874 58.65
      vertex -56.5762 91.6795 58.3237
    endloop
  endfacet
  facet normal -0.753541 -0.35138 -0.555615
    outer loop
      vertex -56.7738 91.5874 58.65
      vertex -41.7001 59.7775 58.3237
      vertex -41.8977 59.6853 58.65
    endloop
  endfacet
  facet normal 0.984807 0.17365 0
    outer loop
      vertex -31.7686 96.6793 72.15
      vertex -36.978 126.223 48.15
      vertex -36.978 126.223 72.15
    endloop
  endfacet
  facet normal 0.984807 0.17365 0
    outer loop
      vertex -36.978 126.223 48.15
      vertex -31.7686 96.6793 72.15
      vertex -31.7686 96.6793 48.15
    endloop
  endfacet
  facet normal -0.173631 0.984811 0
    outer loop
      vertex -36.978 126.223 48.15
      vertex -82.2792 118.236 72.15
      vertex -36.978 126.223 72.15
    endloop
  endfacet
  facet normal -0.173631 0.984811 0
    outer loop
      vertex -82.2792 118.236 72.15
      vertex -36.978 126.223 48.15
      vertex -82.2792 118.236 48.15
    endloop
  endfacet
  facet normal 0.173648 -0.984808 6.86514e-17
    outer loop
      vertex -77.0698 88.6915 72.15
      vertex -54.4192 92.6854 63.15
      vertex -31.7686 96.6793 72.15
    endloop
  endfacet
  facet normal 0.173648 -0.984808 0
    outer loop
      vertex -77.0698 88.6915 72.15
      vertex -54.4192 92.6854 57.15
      vertex -54.4192 92.6854 63.15
    endloop
  endfacet
  facet normal 0.173648 -0.984808 0
    outer loop
      vertex -54.4192 92.6854 57.15
      vertex -77.0698 88.6915 72.15
      vertex -77.0698 88.6915 48.15
    endloop
  endfacet
  facet normal 0.173633 -0.98481 3.82126e-05
    outer loop
      vertex -54.0199 92.7558 63.1243
      vertex -31.7686 96.6793 72.15
      vertex -54.4192 92.6854 63.15
    endloop
  endfacet
  facet normal 0.173499 -0.984834 0.000378723
    outer loop
      vertex -53.6275 92.8249 63.0478
      vertex -31.7686 96.6793 72.15
      vertex -54.0199 92.7558 63.1243
    endloop
  endfacet
  facet normal 0.17366 -0.984806 -2.02784e-05
    outer loop
      vertex -53.2487 92.8917 62.9216
      vertex -31.7686 96.6793 72.15
      vertex -53.6275 92.8249 63.0478
    endloop
  endfacet
  facet normal 0.173692 -0.9848 -9.7872e-05
    outer loop
      vertex -52.8899 92.955 62.7481
      vertex -31.7686 96.6793 72.15
      vertex -53.2487 92.8917 62.9216
    endloop
  endfacet
  facet normal 0.173691 -0.9848 -9.49718e-05
    outer loop
      vertex -52.5572 93.0137 62.5301
      vertex -31.7686 96.6793 72.15
      vertex -52.8899 92.955 62.7481
    endloop
  endfacet
  facet normal 0.173605 -0.984815 9.72085e-05
    outer loop
      vertex -52.2564 93.0667 62.2713
      vertex -31.7686 96.6793 72.15
      vertex -52.5572 93.0137 62.5301
    endloop
  endfacet
  facet normal 0.173633 -0.98481 3.6567e-05
    outer loop
      vertex -51.9926 93.1132 61.9763
      vertex -31.7686 96.6793 72.15
      vertex -52.2564 93.0667 62.2713
    endloop
  endfacet
  facet normal 0.173653 -0.984807 -4.08673e-06
    outer loop
      vertex -51.7703 93.1524 61.65
      vertex -31.7686 96.6793 72.15
      vertex -51.9926 93.1132 61.9763
    endloop
  endfacet
  facet normal 0.173659 -0.984806 -1.5985e-05
    outer loop
      vertex -51.5934 93.1836 61.298
      vertex -31.7686 96.6793 72.15
      vertex -51.7703 93.1524 61.65
    endloop
  endfacet
  facet normal 0.173679 -0.984802 -5.35024e-05
    outer loop
      vertex -51.4648 93.2063 60.9265
      vertex -31.7686 96.6793 72.15
      vertex -51.5934 93.1836 61.298
    endloop
  endfacet
  facet normal 0.173686 -0.984801 -6.5935e-05
    outer loop
      vertex -51.3867 93.2201 60.5416
      vertex -31.7686 96.6793 72.15
      vertex -51.4648 93.2063 60.9265
    endloop
  endfacet
  facet normal 0.173621 -0.984813 4.78165e-05
    outer loop
      vertex -51.3605 93.2247 60.15
      vertex -31.7686 96.6793 72.15
      vertex -51.3867 93.2201 60.5416
    endloop
  endfacet
  facet normal 0.173621 -0.984813 -4.78165e-05
    outer loop
      vertex -31.7686 96.6793 48.15
      vertex -51.3605 93.2247 60.15
      vertex -51.3867 93.2201 59.7584
    endloop
  endfacet
  facet normal 0.173686 -0.984801 6.5935e-05
    outer loop
      vertex -31.7686 96.6793 48.15
      vertex -51.3867 93.2201 59.7584
      vertex -51.4648 93.2063 59.3735
    endloop
  endfacet
  facet normal 0.173679 -0.984802 5.34904e-05
    outer loop
      vertex -31.7686 96.6793 48.15
      vertex -51.4648 93.2063 59.3735
      vertex -51.5934 93.1836 59.0019
    endloop
  endfacet
  facet normal 0.173659 -0.984806 1.59886e-05
    outer loop
      vertex -31.7686 96.6793 48.15
      vertex -51.5934 93.1836 59.0019
      vertex -51.7703 93.1524 58.65
    endloop
  endfacet
  facet normal 0.173653 -0.984807 4.08673e-06
    outer loop
      vertex -31.7686 96.6793 48.15
      vertex -51.7703 93.1524 58.65
      vertex -51.9926 93.1132 58.3237
    endloop
  endfacet
  facet normal 0.173633 -0.98481 -3.6567e-05
    outer loop
      vertex -31.7686 96.6793 48.15
      vertex -51.9926 93.1132 58.3237
      vertex -52.2564 93.0667 58.0287
    endloop
  endfacet
  facet normal 0.173605 -0.984815 -9.72085e-05
    outer loop
      vertex -31.7686 96.6793 48.15
      vertex -52.2564 93.0667 58.0287
      vertex -52.5572 93.0137 57.7699
    endloop
  endfacet
  facet normal 0.173648 -0.984808 -6.86514e-17
    outer loop
      vertex -31.7686 96.6793 48.15
      vertex -54.4192 92.6854 57.15
      vertex -77.0698 88.6915 48.15
    endloop
  endfacet
  facet normal 0.173633 -0.98481 -3.82126e-05
    outer loop
      vertex -54.4192 92.6854 57.15
      vertex -31.7686 96.6793 48.15
      vertex -54.0199 92.7558 57.1757
    endloop
  endfacet
  facet normal 0.173499 -0.984834 -0.000378723
    outer loop
      vertex -54.0199 92.7558 57.1757
      vertex -31.7686 96.6793 48.15
      vertex -53.6275 92.8249 57.2522
    endloop
  endfacet
  facet normal 0.173649 -0.984808 0
    outer loop
      vertex -51.3605 93.2247 60.15
      vertex -31.7686 96.6793 48.15
      vertex -31.7686 96.6793 72.15
    endloop
  endfacet
  facet normal 0.173691 -0.9848 9.49718e-05
    outer loop
      vertex -52.8899 92.955 57.5519
      vertex -31.7686 96.6793 48.15
      vertex -52.5572 93.0137 57.7699
    endloop
  endfacet
  facet normal 0.173692 -0.9848 9.7872e-05
    outer loop
      vertex -53.2487 92.8917 57.3784
      vertex -31.7686 96.6793 48.15
      vertex -52.8899 92.955 57.5519
    endloop
  endfacet
  facet normal 0.17366 -0.984806 2.02784e-05
    outer loop
      vertex -53.6275 92.8249 57.2522
      vertex -31.7686 96.6793 48.15
      vertex -53.2487 92.8917 57.3784
    endloop
  endfacet
  facet normal -0.984808 -0.173645 0
    outer loop
      vertex -77.0698 88.6915 48.15
      vertex -82.2792 118.236 72.15
      vertex -82.2792 118.236 48.15
    endloop
  endfacet
  facet normal -0.984808 -0.173645 0
    outer loop
      vertex -82.2792 118.236 72.15
      vertex -77.0698 88.6915 48.15
      vertex -77.0698 88.6915 72.15
    endloop
  endfacet
  facet normal 0 0 -1
    outer loop
      vertex -36.978 126.223 48.15
      vertex -53.3224 111.497 48.15
      vertex -53.3096 112.085 48.15
    endloop
  endfacet
  facet normal 0 0 -1
    outer loop
      vertex -31.7686 96.6793 48.15
      vertex -53.412 110.915 48.15
      vertex -53.3224 111.497 48.15
    endloop
  endfacet
  facet normal 0 0 -1
    outer loop
      vertex -53.5767 110.35 48.15
      vertex -53.286 103.958 48.15
      vertex -53.4329 104.336 48.15
    endloop
  endfacet
  facet normal 0 0 -1
    outer loop
      vertex -53.286 103.958 48.15
      vertex -53.5767 110.35 48.15
      vertex -53.412 110.915 48.15
    endloop
  endfacet
  facet normal 0 0 -1
    outer loop
      vertex -53.8138 109.811 48.15
      vertex -53.4329 104.336 48.15
      vertex -53.628 104.691 48.15
    endloop
  endfacet
  facet normal 0 0 -1
    outer loop
      vertex -53.4329 104.336 48.15
      vertex -53.8138 109.811 48.15
      vertex -53.5767 110.35 48.15
    endloop
  endfacet
  facet normal 0 0 -1
    outer loop
      vertex -53.8677 105.018 48.15
      vertex -53.8138 109.811 48.15
      vertex -53.628 104.691 48.15
    endloop
  endfacet
  facet normal 0 0 -1
    outer loop
      vertex -53.8677 105.018 48.15
      vertex -54.1191 109.308 48.15
      vertex -53.8138 109.811 48.15
    endloop
  endfacet
  facet normal 0 0 -1
    outer loop
      vertex -54.1482 105.311 48.15
      vertex -54.1191 109.308 48.15
      vertex -53.8677 105.018 48.15
    endloop
  endfacet
  facet normal 0 0 -1
    outer loop
      vertex -54.4876 108.849 48.15
      vertex -54.1482 105.311 48.15
      vertex -54.4644 105.565 48.15
    endloop
  endfacet
  facet normal 0 0 -1
    outer loop
      vertex -54.1482 105.311 48.15
      vertex -54.4876 108.849 48.15
      vertex -54.1191 109.308 48.15
    endloop
  endfacet
  facet normal 0 0 -1
    outer loop
      vertex -54.9128 108.442 48.15
      vertex -54.4644 105.565 48.15
      vertex -54.8111 105.776 48.15
    endloop
  endfacet
  facet normal 0 0 -1
    outer loop
      vertex -54.4644 105.565 48.15
      vertex -54.9128 108.442 48.15
      vertex -54.4876 108.849 48.15
    endloop
  endfacet
  facet normal 0 0 -1
    outer loop
      vertex -55.3875 108.094 48.15
      vertex -54.8111 105.776 48.15
      vertex -55.1822 105.939 48.15
    endloop
  endfacet
  facet normal 0 0 -1
    outer loop
      vertex -54.8111 105.776 48.15
      vertex -55.3875 108.094 48.15
      vertex -54.9128 108.442 48.15
    endloop
  endfacet
  facet normal 0 0 -1
    outer loop
      vertex -55.5715 106.052 48.15
      vertex -55.3875 108.094 48.15
      vertex -55.1822 105.939 48.15
    endloop
  endfacet
  facet normal 0 0 -1
    outer loop
      vertex -55.5715 106.052 48.15
      vertex -55.9035 107.811 48.15
      vertex -55.3875 108.094 48.15
    endloop
  endfacet
  facet normal 0 0 -1
    outer loop
      vertex -55.9723 106.114 48.15
      vertex -55.9035 107.811 48.15
      vertex -55.5715 106.052 48.15
    endloop
  endfacet
  facet normal 0 0 -1
    outer loop
      vertex -56.4521 107.597 48.15
      vertex -55.9723 106.114 48.15
      vertex -56.3777 106.123 48.15
    endloop
  endfacet
  facet normal 0 0 -1
    outer loop
      vertex -55.9723 106.114 48.15
      vertex -56.4521 107.597 48.15
      vertex -55.9035 107.811 48.15
    endloop
  endfacet
  facet normal 0 0 -1
    outer loop
      vertex -57.0239 107.457 48.15
      vertex -56.3777 106.123 48.15
      vertex -56.7808 106.079 48.15
    endloop
  endfacet
  facet normal 0 0 -1
    outer loop
      vertex -56.3777 106.123 48.15
      vertex -57.0239 107.457 48.15
      vertex -56.4521 107.597 48.15
    endloop
  endfacet
  facet normal 0 0 -1
    outer loop
      vertex -57.1747 105.982 48.15
      vertex -57.0239 107.457 48.15
      vertex -56.7808 106.079 48.15
    endloop
  endfacet
  facet normal 0 0 -1
    outer loop
      vertex -57.609 107.393 48.15
      vertex -57.1747 105.982 48.15
      vertex -57.5526 105.835 48.15
    endloop
  endfacet
  facet normal 0 0 -1
    outer loop
      vertex -57.1747 105.982 48.15
      vertex -57.609 107.393 48.15
      vertex -57.0239 107.457 48.15
    endloop
  endfacet
  facet normal 0 0 -1
    outer loop
      vertex -58.1975 107.406 48.15
      vertex -57.5526 105.835 48.15
      vertex -57.9081 105.64 48.15
    endloop
  endfacet
  facet normal 0 0 -1
    outer loop
      vertex -57.5526 105.835 48.15
      vertex -58.1975 107.406 48.15
      vertex -57.609 107.393 48.15
    endloop
  endfacet
  facet normal 0 0 -1
    outer loop
      vertex -58.7793 107.496 48.15
      vertex -57.9081 105.64 48.15
      vertex -58.2351 105.401 48.15
    endloop
  endfacet
  facet normal 0 0 -1
    outer loop
      vertex -58.7793 107.496 48.15
      vertex -58.2351 105.401 48.15
      vertex -58.528 105.12 48.15
    endloop
  endfacet
  facet normal 0 0 -1
    outer loop
      vertex -57.9081 105.64 48.15
      vertex -58.7793 107.496 48.15
      vertex -58.1975 107.406 48.15
    endloop
  endfacet
  facet normal 0 0 -1
    outer loop
      vertex -59.3444 107.66 48.15
      vertex -58.528 105.12 48.15
      vertex -58.7819 104.804 48.15
    endloop
  endfacet
  facet normal 0 0 -1
    outer loop
      vertex -59.8832 107.898 48.15
      vertex -58.7819 104.804 48.15
      vertex -58.9922 104.457 48.15
    endloop
  endfacet
  facet normal 0 0 -1
    outer loop
      vertex -60.3864 108.203 48.15
      vertex -58.9922 104.457 48.15
      vertex -59.1555 104.086 48.15
    endloop
  endfacet
  facet normal 0 0 -1
    outer loop
      vertex -60.3864 108.203 48.15
      vertex -59.1555 104.086 48.15
      vertex -59.269 103.697 48.15
    endloop
  endfacet
  facet normal 0 0 -1
    outer loop
      vertex -60.8455 108.571 48.15
      vertex -59.269 103.697 48.15
      vertex -59.3307 103.296 48.15
    endloop
  endfacet
  facet normal 0 0 -1
    outer loop
      vertex -58.528 105.12 48.15
      vertex -59.3444 107.66 48.15
      vertex -58.7793 107.496 48.15
    endloop
  endfacet
  facet normal 0 0 -1
    outer loop
      vertex -61.2525 108.997 48.15
      vertex -59.3307 103.296 48.15
      vertex -59.3395 102.891 48.15
    endloop
  endfacet
  facet normal 0 0 -1
    outer loop
      vertex -53.1896 103.564 48.15
      vertex -31.7686 96.6793 48.15
      vertex -53.1454 103.161 48.15
    endloop
  endfacet
  facet normal 0 0 -1
    outer loop
      vertex -31.7686 96.6793 48.15
      vertex -53.1543 102.756 48.15
      vertex -53.1454 103.161 48.15
    endloop
  endfacet
  facet normal 0 0 -1
    outer loop
      vertex -31.7686 96.6793 48.15
      vertex -53.216 102.355 48.15
      vertex -53.1543 102.756 48.15
    endloop
  endfacet
  facet normal 0 0 -1
    outer loop
      vertex -31.7686 96.6793 48.15
      vertex -53.3294 101.966 48.15
      vertex -53.216 102.355 48.15
    endloop
  endfacet
  facet normal 0 0 -1
    outer loop
      vertex -31.7686 96.6793 48.15
      vertex -53.4928 101.594 48.15
      vertex -53.3294 101.966 48.15
    endloop
  endfacet
  facet normal 0 0 -1
    outer loop
      vertex -31.7686 96.6793 48.15
      vertex -53.7031 101.248 48.15
      vertex -53.4928 101.594 48.15
    endloop
  endfacet
  facet normal 0 0 -1
    outer loop
      vertex -31.7686 96.6793 48.15
      vertex -53.9569 100.932 48.15
      vertex -53.7031 101.248 48.15
    endloop
  endfacet
  facet normal 0 0 -1
    outer loop
      vertex -31.7686 96.6793 48.15
      vertex -54.2498 100.651 48.15
      vertex -53.9569 100.932 48.15
    endloop
  endfacet
  facet normal 0 0 -1
    outer loop
      vertex -31.7686 96.6793 48.15
      vertex -54.5769 100.411 48.15
      vertex -54.2498 100.651 48.15
    endloop
  endfacet
  facet normal 0 0 -1
    outer loop
      vertex -31.7686 96.6793 48.15
      vertex -54.9324 100.216 48.15
      vertex -54.5769 100.411 48.15
    endloop
  endfacet
  facet normal 0 0 -1
    outer loop
      vertex -31.7686 96.6793 48.15
      vertex -55.3103 100.069 48.15
      vertex -54.9324 100.216 48.15
    endloop
  endfacet
  facet normal 0 0 -1
    outer loop
      vertex -31.7686 96.6793 48.15
      vertex -55.7042 99.9729 48.15
      vertex -55.3103 100.069 48.15
    endloop
  endfacet
  facet normal 0 0 -1
    outer loop
      vertex -77.0698 88.6915 48.15
      vertex -55.7042 99.9729 48.15
      vertex -31.7686 96.6793 48.15
    endloop
  endfacet
  facet normal 0 0 -1
    outer loop
      vertex -55.7042 99.9729 48.15
      vertex -77.0698 88.6915 48.15
      vertex -56.1073 99.9288 48.15
    endloop
  endfacet
  facet normal 0 0 -1
    outer loop
      vertex -58.7819 104.804 48.15
      vertex -59.8832 107.898 48.15
      vertex -59.3444 107.66 48.15
    endloop
  endfacet
  facet normal 0 0 -1
    outer loop
      vertex -58.9922 104.457 48.15
      vertex -60.3864 108.203 48.15
      vertex -59.8832 107.898 48.15
    endloop
  endfacet
  facet normal 0 0 -1
    outer loop
      vertex -77.0698 88.6915 48.15
      vertex -59.3395 102.891 48.15
      vertex -59.2954 102.488 48.15
    endloop
  endfacet
  facet normal 0 0 -1
    outer loop
      vertex -59.269 103.697 48.15
      vertex -60.8455 108.571 48.15
      vertex -60.3864 108.203 48.15
    endloop
  endfacet
  facet normal 0 0 -1
    outer loop
      vertex -77.0698 88.6915 48.15
      vertex -59.2954 102.488 48.15
      vertex -59.199 102.094 48.15
    endloop
  endfacet
  facet normal 0 0 -1
    outer loop
      vertex -59.3307 103.296 48.15
      vertex -61.2525 108.997 48.15
      vertex -60.8455 108.571 48.15
    endloop
  endfacet
  facet normal 0 0 -1
    outer loop
      vertex -59.3395 102.891 48.15
      vertex -61.6006 109.471 48.15
      vertex -61.2525 108.997 48.15
    endloop
  endfacet
  facet normal -0 0 -1
    outer loop
      vertex -59.3395 102.891 48.15
      vertex -77.0698 88.6915 48.15
      vertex -61.6006 109.471 48.15
    endloop
  endfacet
  facet normal -0 0 -1
    outer loop
      vertex -61.6006 109.471 48.15
      vertex -77.0698 88.6915 48.15
      vertex -61.8837 109.987 48.15
    endloop
  endfacet
  facet normal 0 0 -1
    outer loop
      vertex -62.097 110.536 48.15
      vertex -82.2792 118.236 48.15
      vertex -62.237 111.108 48.15
    endloop
  endfacet
  facet normal 0 0 -1
    outer loop
      vertex -61.8837 109.987 48.15
      vertex -82.2792 118.236 48.15
      vertex -62.097 110.536 48.15
    endloop
  endfacet
  facet normal 0 0 -1
    outer loop
      vertex -82.2792 118.236 48.15
      vertex -61.8837 109.987 48.15
      vertex -77.0698 88.6915 48.15
    endloop
  endfacet
  facet normal -0 0 -1
    outer loop
      vertex -59.052 101.716 48.15
      vertex -77.0698 88.6915 48.15
      vertex -59.199 102.094 48.15
    endloop
  endfacet
  facet normal -0 0 -1
    outer loop
      vertex -58.857 101.36 48.15
      vertex -77.0698 88.6915 48.15
      vertex -59.052 101.716 48.15
    endloop
  endfacet
  facet normal -0 0 -1
    outer loop
      vertex -58.6172 101.033 48.15
      vertex -77.0698 88.6915 48.15
      vertex -58.857 101.36 48.15
    endloop
  endfacet
  facet normal -0 0 -1
    outer loop
      vertex -58.3368 100.74 48.15
      vertex -77.0698 88.6915 48.15
      vertex -58.6172 101.033 48.15
    endloop
  endfacet
  facet normal -0 0 -1
    outer loop
      vertex -58.0206 100.486 48.15
      vertex -77.0698 88.6915 48.15
      vertex -58.3368 100.74 48.15
    endloop
  endfacet
  facet normal -0 0 -1
    outer loop
      vertex -57.6739 100.276 48.15
      vertex -77.0698 88.6915 48.15
      vertex -58.0206 100.486 48.15
    endloop
  endfacet
  facet normal -0 0 -1
    outer loop
      vertex -57.3027 100.113 48.15
      vertex -77.0698 88.6915 48.15
      vertex -57.6739 100.276 48.15
    endloop
  endfacet
  facet normal -0 0 -1
    outer loop
      vertex -56.9134 99.9993 48.15
      vertex -77.0698 88.6915 48.15
      vertex -57.3027 100.113 48.15
    endloop
  endfacet
  facet normal -0 0 -1
    outer loop
      vertex -56.5127 99.9376 48.15
      vertex -77.0698 88.6915 48.15
      vertex -56.9134 99.9993 48.15
    endloop
  endfacet
  facet normal -0 0 -1
    outer loop
      vertex -56.1073 99.9288 48.15
      vertex -77.0698 88.6915 48.15
      vertex -56.5127 99.9376 48.15
    endloop
  endfacet
  facet normal 0 0 -1
    outer loop
      vertex -53.286 103.958 48.15
      vertex -31.7686 96.6793 48.15
      vertex -53.1896 103.564 48.15
    endloop
  endfacet
  facet normal 0 0 -1
    outer loop
      vertex -53.412 110.915 48.15
      vertex -31.7686 96.6793 48.15
      vertex -53.286 103.958 48.15
    endloop
  endfacet
  facet normal 0 0 -1
    outer loop
      vertex -53.3224 111.497 48.15
      vertex -36.978 126.223 48.15
      vertex -31.7686 96.6793 48.15
    endloop
  endfacet
  facet normal 0 0 -1
    outer loop
      vertex -53.3737 112.671 48.15
      vertex -36.978 126.223 48.15
      vertex -53.3096 112.085 48.15
    endloop
  endfacet
  facet normal 0 0 -1
    outer loop
      vertex -53.5136 113.242 48.15
      vertex -36.978 126.223 48.15
      vertex -53.3737 112.671 48.15
    endloop
  endfacet
  facet normal 0 0 -1
    outer loop
      vertex -53.7269 113.791 48.15
      vertex -36.978 126.223 48.15
      vertex -53.5136 113.242 48.15
    endloop
  endfacet
  facet normal 0 0 -1
    outer loop
      vertex -54.0101 114.307 48.15
      vertex -36.978 126.223 48.15
      vertex -53.7269 113.791 48.15
    endloop
  endfacet
  facet normal 0 0 -1
    outer loop
      vertex -54.3581 114.782 48.15
      vertex -36.978 126.223 48.15
      vertex -54.0101 114.307 48.15
    endloop
  endfacet
  facet normal 0 0 -1
    outer loop
      vertex -54.7652 115.207 48.15
      vertex -36.978 126.223 48.15
      vertex -54.3581 114.782 48.15
    endloop
  endfacet
  facet normal 0 0 -1
    outer loop
      vertex -55.2242 115.575 48.15
      vertex -36.978 126.223 48.15
      vertex -54.7652 115.207 48.15
    endloop
  endfacet
  facet normal 0 0 -1
    outer loop
      vertex -55.7274 115.881 48.15
      vertex -36.978 126.223 48.15
      vertex -55.2242 115.575 48.15
    endloop
  endfacet
  facet normal 0 0 -1
    outer loop
      vertex -56.2662 116.118 48.15
      vertex -36.978 126.223 48.15
      vertex -55.7274 115.881 48.15
    endloop
  endfacet
  facet normal 0 0 -1
    outer loop
      vertex -56.8313 116.282 48.15
      vertex -36.978 126.223 48.15
      vertex -56.2662 116.118 48.15
    endloop
  endfacet
  facet normal 0 0 -1
    outer loop
      vertex -57.4131 116.372 48.15
      vertex -36.978 126.223 48.15
      vertex -56.8313 116.282 48.15
    endloop
  endfacet
  facet normal 0 0 -1
    outer loop
      vertex -58.0016 116.385 48.15
      vertex -36.978 126.223 48.15
      vertex -57.4131 116.372 48.15
    endloop
  endfacet
  facet normal 0 0 -1
    outer loop
      vertex -58.5867 116.321 48.15
      vertex -36.978 126.223 48.15
      vertex -58.0016 116.385 48.15
    endloop
  endfacet
  facet normal 0 0 -1
    outer loop
      vertex -82.2792 118.236 48.15
      vertex -58.5867 116.321 48.15
      vertex -59.1585 116.181 48.15
    endloop
  endfacet
  facet normal 0 0 -1
    outer loop
      vertex -82.2792 118.236 48.15
      vertex -59.1585 116.181 48.15
      vertex -59.7071 115.967 48.15
    endloop
  endfacet
  facet normal 0 0 -1
    outer loop
      vertex -62.237 111.108 48.15
      vertex -82.2792 118.236 48.15
      vertex -62.301 111.693 48.15
    endloop
  endfacet
  facet normal 0 0 -1
    outer loop
      vertex -62.301 111.693 48.15
      vertex -82.2792 118.236 48.15
      vertex -62.2882 112.281 48.15
    endloop
  endfacet
  facet normal 0 0 -1
    outer loop
      vertex -62.2882 112.281 48.15
      vertex -82.2792 118.236 48.15
      vertex -62.1987 112.863 48.15
    endloop
  endfacet
  facet normal 0 0 -1
    outer loop
      vertex -62.1987 112.863 48.15
      vertex -82.2792 118.236 48.15
      vertex -62.0339 113.428 48.15
    endloop
  endfacet
  facet normal 0 0 -1
    outer loop
      vertex -58.5867 116.321 48.15
      vertex -82.2792 118.236 48.15
      vertex -36.978 126.223 48.15
    endloop
  endfacet
  facet normal 0 0 -1
    outer loop
      vertex -60.2232 115.684 48.15
      vertex -82.2792 118.236 48.15
      vertex -59.7071 115.967 48.15
    endloop
  endfacet
  facet normal 0 0 -1
    outer loop
      vertex -60.6979 115.336 48.15
      vertex -82.2792 118.236 48.15
      vertex -60.2232 115.684 48.15
    endloop
  endfacet
  facet normal 0 0 -1
    outer loop
      vertex -61.1231 114.929 48.15
      vertex -82.2792 118.236 48.15
      vertex -60.6979 115.336 48.15
    endloop
  endfacet
  facet normal 0 0 -1
    outer loop
      vertex -61.4915 114.47 48.15
      vertex -82.2792 118.236 48.15
      vertex -61.1231 114.929 48.15
    endloop
  endfacet
  facet normal 0 0 -1
    outer loop
      vertex -61.7969 113.967 48.15
      vertex -82.2792 118.236 48.15
      vertex -61.4915 114.47 48.15
    endloop
  endfacet
  facet normal 0 0 -1
    outer loop
      vertex -62.0339 113.428 48.15
      vertex -82.2792 118.236 48.15
      vertex -61.7969 113.967 48.15
    endloop
  endfacet
  facet normal 0 0 1
    outer loop
      vertex -36.978 126.223 72.15
      vertex -77.0698 88.6915 72.15
      vertex -31.7686 96.6793 72.15
    endloop
  endfacet
  facet normal 0 -0 1
    outer loop
      vertex -77.0698 88.6915 72.15
      vertex -36.978 126.223 72.15
      vertex -82.2792 118.236 72.15
    endloop
  endfacet
  facet normal 0.278759 0.960361 -0
    outer loop
      vertex -55.1822 105.939 37.15
      vertex -55.5715 106.052 48.15
      vertex -55.1822 105.939 48.15
    endloop
  endfacet
  facet normal 0.278759 0.960361 0
    outer loop
      vertex -55.5715 106.052 48.15
      vertex -55.1822 105.939 37.15
      vertex -55.5715 106.052 37.15
    endloop
  endfacet
  facet normal 0.999759 -0.02197 0
    outer loop
      vertex -53.1543 102.756 48.15
      vertex -53.1454 103.161 37.15
      vertex -53.1454 103.161 48.15
    endloop
  endfacet
  facet normal 0.999759 -0.02197 0
    outer loop
      vertex -53.1454 103.161 37.15
      vertex -53.1543 102.756 48.15
      vertex -53.1543 102.756 37.15
    endloop
  endfacet
  facet normal 0.994039 0.109024 0
    outer loop
      vertex -53.1454 103.161 48.15
      vertex -53.1896 103.564 37.15
      vertex -53.1896 103.564 48.15
    endloop
  endfacet
  facet normal 0.994039 0.109024 0
    outer loop
      vertex -53.1896 103.564 37.15
      vertex -53.1454 103.161 48.15
      vertex -53.1454 103.161 37.15
    endloop
  endfacet
  facet normal 0.988369 -0.152076 0
    outer loop
      vertex -53.216 102.355 48.15
      vertex -53.1543 102.756 37.15
      vertex -53.1543 102.756 48.15
    endloop
  endfacet
  facet normal 0.988369 -0.152076 0
    outer loop
      vertex -53.1543 102.756 37.15
      vertex -53.216 102.355 48.15
      vertex -53.216 102.355 37.15
    endloop
  endfacet
  facet normal 0.626257 0.779616 -0
    outer loop
      vertex -54.1482 105.311 37.15
      vertex -54.4644 105.565 48.15
      vertex -54.1482 105.311 48.15
    endloop
  endfacet
  facet normal 0.626257 0.779616 0
    outer loop
      vertex -54.4644 105.565 48.15
      vertex -54.1482 105.311 37.15
      vertex -54.4644 105.565 37.15
    endloop
  endfacet
  facet normal 0.480924 -0.876762 0
    outer loop
      vertex -54.9324 100.216 37.15
      vertex -54.5769 100.411 48.15
      vertex -54.9324 100.216 48.15
    endloop
  endfacet
  facet normal 0.480924 -0.876762 0
    outer loop
      vertex -54.5769 100.411 48.15
      vertex -54.9324 100.216 37.15
      vertex -54.5769 100.411 37.15
    endloop
  endfacet
  facet normal 0.692296 -0.721614 0
    outer loop
      vertex -54.2498 100.651 37.15
      vertex -53.9569 100.932 48.15
      vertex -54.2498 100.651 48.15
    endloop
  endfacet
  facet normal 0.692296 -0.721614 0
    outer loop
      vertex -53.9569 100.932 48.15
      vertex -54.2498 100.651 37.15
      vertex -53.9569 100.932 37.15
    endloop
  endfacet
  facet normal 0.806523 0.591203 0
    outer loop
      vertex -53.628 104.691 48.15
      vertex -53.8677 105.018 37.15
      vertex -53.8677 105.018 48.15
    endloop
  endfacet
  facet normal 0.806523 0.591203 0
    outer loop
      vertex -53.8677 105.018 37.15
      vertex -53.628 104.691 48.15
      vertex -53.628 104.691 37.15
    endloop
  endfacet
  facet normal 0.152872 0.988246 -0
    outer loop
      vertex -55.5715 106.052 37.15
      vertex -55.9723 106.114 48.15
      vertex -55.5715 106.052 48.15
    endloop
  endfacet
  facet normal 0.152872 0.988246 0
    outer loop
      vertex -55.9723 106.114 48.15
      vertex -55.5715 106.052 37.15
      vertex -55.9723 106.114 37.15
    endloop
  endfacet
  facet normal 0.960039 -0.279867 0
    outer loop
      vertex -53.3294 101.966 48.15
      vertex -53.216 102.355 37.15
      vertex -53.216 102.355 48.15
    endloop
  endfacet
  facet normal 0.960039 -0.279867 0
    outer loop
      vertex -53.216 102.355 37.15
      vertex -53.3294 101.966 48.15
      vertex -53.3294 101.966 37.15
    endloop
  endfacet
  facet normal -0.0217018 -0.999764 0
    outer loop
      vertex -56.5127 99.9376 37.15
      vertex -56.1073 99.9288 48.15
      vertex -56.5127 99.9376 48.15
    endloop
  endfacet
  facet normal -0.0217018 -0.999764 -0
    outer loop
      vertex -56.1073 99.9288 48.15
      vertex -56.5127 99.9376 37.15
      vertex -56.1073 99.9288 37.15
    endloop
  endfacet
  facet normal -0.239112 0.970992 0
    outer loop
      vertex -56.7808 106.079 37.15
      vertex -57.1747 105.982 48.15
      vertex -56.7808 106.079 48.15
    endloop
  endfacet
  facet normal -0.239112 0.970992 0
    outer loop
      vertex -57.1747 105.982 48.15
      vertex -56.7808 106.079 37.15
      vertex -57.1747 105.982 37.15
    endloop
  endfacet
  facet normal -0.402061 -0.915613 0
    outer loop
      vertex -57.6739 100.276 37.15
      vertex -57.3027 100.113 48.15
      vertex -57.6739 100.276 48.15
    endloop
  endfacet
  facet normal -0.402061 -0.915613 -0
    outer loop
      vertex -57.3027 100.113 48.15
      vertex -57.6739 100.276 37.15
      vertex -57.3027 100.113 37.15
    endloop
  endfacet
  facet normal -0.480924 0.876762 0
    outer loop
      vertex -57.5526 105.835 37.15
      vertex -57.9081 105.64 48.15
      vertex -57.5526 105.835 48.15
    endloop
  endfacet
  facet normal -0.480924 0.876762 0
    outer loop
      vertex -57.9081 105.64 48.15
      vertex -57.5526 105.835 37.15
      vertex -57.9081 105.64 37.15
    endloop
  endfacet
  facet normal 0.876372 0.481634 0
    outer loop
      vertex -53.4329 104.336 48.15
      vertex -53.628 104.691 37.15
      vertex -53.628 104.691 48.15
    endloop
  endfacet
  facet normal 0.876372 0.481634 0
    outer loop
      vertex -53.628 104.691 37.15
      vertex -53.4329 104.336 48.15
      vertex -53.4329 104.336 37.15
    endloop
  endfacet
  facet normal -0.91526 0.402863 0
    outer loop
      vertex -59.1555 104.086 37.15
      vertex -58.9922 104.457 48.15
      vertex -58.9922 104.457 37.15
    endloop
  endfacet
  facet normal -0.91526 0.402863 0
    outer loop
      vertex -58.9922 104.457 48.15
      vertex -59.1555 104.086 37.15
      vertex -59.1555 104.086 48.15
    endloop
  endfacet
  facet normal -0.779543 0.626348 0
    outer loop
      vertex -58.7819 104.804 37.15
      vertex -58.528 105.12 48.15
      vertex -58.528 105.12 37.15
    endloop
  endfacet
  facet normal -0.779543 0.626348 0
    outer loop
      vertex -58.528 105.12 48.15
      vertex -58.7819 104.804 37.15
      vertex -58.7819 104.804 48.15
    endloop
  endfacet
  facet normal -0.518083 -0.85533 0
    outer loop
      vertex -58.0206 100.486 37.15
      vertex -57.6739 100.276 48.15
      vertex -58.0206 100.486 48.15
    endloop
  endfacet
  facet normal -0.518083 -0.85533 -0
    outer loop
      vertex -57.6739 100.276 48.15
      vertex -58.0206 100.486 37.15
      vertex -57.6739 100.276 37.15
    endloop
  endfacet
  facet normal -0.877047 -0.480405 0
    outer loop
      vertex -58.857 101.36 37.15
      vertex -59.052 101.716 48.15
      vertex -59.052 101.716 37.15
    endloop
  endfacet
  facet normal -0.877047 -0.480405 0
    outer loop
      vertex -59.052 101.716 48.15
      vertex -58.857 101.36 37.15
      vertex -58.857 101.36 48.15
    endloop
  endfacet
  facet normal -0.28035 -0.959898 0
    outer loop
      vertex -57.3027 100.113 37.15
      vertex -56.9134 99.9993 48.15
      vertex -57.3027 100.113 48.15
    endloop
  endfacet
  facet normal -0.28035 -0.959898 -0
    outer loop
      vertex -56.9134 99.9993 48.15
      vertex -57.3027 100.113 37.15
      vertex -56.9134 99.9993 37.15
    endloop
  endfacet
  facet normal -0.932005 -0.362446 0
    outer loop
      vertex -59.052 101.716 37.15
      vertex -59.199 102.094 48.15
      vertex -59.199 102.094 37.15
    endloop
  endfacet
  facet normal -0.932005 -0.362446 0
    outer loop
      vertex -59.199 102.094 48.15
      vertex -59.052 101.716 37.15
      vertex -59.052 101.716 48.15
    endloop
  endfacet
  facet normal -0.152187 -0.988352 0
    outer loop
      vertex -56.9134 99.9993 37.15
      vertex -56.5127 99.9376 48.15
      vertex -56.9134 99.9993 48.15
    endloop
  endfacet
  facet normal -0.152187 -0.988352 -0
    outer loop
      vertex -56.5127 99.9376 48.15
      vertex -56.9134 99.9993 37.15
      vertex -56.5127 99.9376 37.15
    endloop
  endfacet
  facet normal 0.519884 0.854237 -0
    outer loop
      vertex -54.4644 105.565 37.15
      vertex -54.8111 105.776 48.15
      vertex -54.4644 105.565 48.15
    endloop
  endfacet
  facet normal 0.519884 0.854237 0
    outer loop
      vertex -54.8111 105.776 48.15
      vertex -54.4644 105.565 37.15
      vertex -54.8111 105.776 37.15
    endloop
  endfacet
  facet normal 0.237019 -0.971505 0
    outer loop
      vertex -55.7042 99.9729 37.15
      vertex -55.3103 100.069 48.15
      vertex -55.7042 99.9729 48.15
    endloop
  endfacet
  facet normal 0.237019 -0.971505 0
    outer loop
      vertex -55.3103 100.069 48.15
      vertex -55.7042 99.9729 37.15
      vertex -55.3103 100.069 37.15
    endloop
  endfacet
  facet normal 0.915569 -0.402161 0
    outer loop
      vertex -53.4928 101.594 48.15
      vertex -53.3294 101.966 37.15
      vertex -53.3294 101.966 48.15
    endloop
  endfacet
  facet normal 0.915569 -0.402161 0
    outer loop
      vertex -53.3294 101.966 37.15
      vertex -53.4928 101.594 48.15
      vertex -53.4928 101.594 37.15
    endloop
  endfacet
  facet normal 0.0221948 0.999754 -0
    outer loop
      vertex -55.9723 106.114 37.15
      vertex -56.3777 106.123 48.15
      vertex -55.9723 106.114 48.15
    endloop
  endfacet
  facet normal 0.0221948 0.999754 0
    outer loop
      vertex -56.3777 106.123 48.15
      vertex -55.9723 106.114 37.15
      vertex -56.3777 106.123 37.15
    endloop
  endfacet
  facet normal -0.999764 0.0217233 0
    outer loop
      vertex -59.3395 102.891 37.15
      vertex -59.3307 103.296 48.15
      vertex -59.3307 103.296 37.15
    endloop
  endfacet
  facet normal -0.999764 0.0217233 0
    outer loop
      vertex -59.3307 103.296 48.15
      vertex -59.3395 102.891 37.15
      vertex -59.3395 102.891 48.15
    endloop
  endfacet
  facet normal -0.626257 -0.779616 0
    outer loop
      vertex -58.3368 100.74 37.15
      vertex -58.0206 100.486 48.15
      vertex -58.3368 100.74 48.15
    endloop
  endfacet
  facet normal -0.626257 -0.779616 -0
    outer loop
      vertex -58.0206 100.486 48.15
      vertex -58.3368 100.74 37.15
      vertex -58.0206 100.486 37.15
    endloop
  endfacet
  facet normal 0.779664 -0.626198 0
    outer loop
      vertex -53.9569 100.932 48.15
      vertex -53.7031 101.248 37.15
      vertex -53.7031 101.248 48.15
    endloop
  endfacet
  facet normal 0.779664 -0.626198 0
    outer loop
      vertex -53.7031 101.248 37.15
      vertex -53.9569 100.932 48.15
      vertex -53.9569 100.932 37.15
    endloop
  endfacet
  facet normal 0.971348 0.23766 0
    outer loop
      vertex -53.1896 103.564 48.15
      vertex -53.286 103.958 37.15
      vertex -53.286 103.958 48.15
    endloop
  endfacet
  facet normal 0.971348 0.23766 0
    outer loop
      vertex -53.286 103.958 37.15
      vertex -53.1896 103.564 48.15
      vertex -53.1896 103.564 37.15
    endloop
  endfacet
  facet normal 0.932088 0.362232 0
    outer loop
      vertex -53.286 103.958 48.15
      vertex -53.4329 104.336 37.15
      vertex -53.4329 104.336 48.15
    endloop
  endfacet
  facet normal 0.932088 0.362232 0
    outer loop
      vertex -53.4329 104.336 37.15
      vertex -53.286 103.958 48.15
      vertex -53.286 103.958 37.15
    endloop
  endfacet
  facet normal 0.402151 0.915573 -0
    outer loop
      vertex -54.8111 105.776 37.15
      vertex -55.1822 105.939 48.15
      vertex -54.8111 105.776 48.15
    endloop
  endfacet
  facet normal 0.402151 0.915573 0
    outer loop
      vertex -55.1822 105.939 48.15
      vertex -54.8111 105.776 37.15
      vertex -55.1822 105.939 37.15
    endloop
  endfacet
  facet normal 0.36253 -0.931972 0
    outer loop
      vertex -55.3103 100.069 37.15
      vertex -54.9324 100.216 48.15
      vertex -55.3103 100.069 48.15
    endloop
  endfacet
  facet normal 0.36253 -0.931972 0
    outer loop
      vertex -54.9324 100.216 48.15
      vertex -55.3103 100.069 37.15
      vertex -54.9324 100.216 37.15
    endloop
  endfacet
  facet normal 0.854537 -0.519391 0
    outer loop
      vertex -53.7031 101.248 48.15
      vertex -53.4928 101.594 37.15
      vertex -53.4928 101.594 48.15
    endloop
  endfacet
  facet normal 0.854537 -0.519391 0
    outer loop
      vertex -53.4928 101.594 37.15
      vertex -53.7031 101.248 48.15
      vertex -53.7031 101.248 37.15
    endloop
  endfacet
  facet normal 0.591567 -0.806256 0
    outer loop
      vertex -54.5769 100.411 37.15
      vertex -54.2498 100.651 48.15
      vertex -54.5769 100.411 48.15
    endloop
  endfacet
  facet normal 0.591567 -0.806256 0
    outer loop
      vertex -54.2498 100.651 48.15
      vertex -54.5769 100.411 37.15
      vertex -54.2498 100.651 37.15
    endloop
  endfacet
  facet normal -0.994066 -0.10878 0
    outer loop
      vertex -59.2954 102.488 37.15
      vertex -59.3395 102.891 48.15
      vertex -59.3395 102.891 37.15
    endloop
  endfacet
  facet normal -0.994066 -0.10878 0
    outer loop
      vertex -59.3395 102.891 48.15
      vertex -59.2954 102.488 37.15
      vertex -59.2954 102.488 48.15
    endloop
  endfacet
  facet normal 0.722347 0.69153 0
    outer loop
      vertex -53.8677 105.018 48.15
      vertex -54.1482 105.311 37.15
      vertex -54.1482 105.311 48.15
    endloop
  endfacet
  facet normal 0.722347 0.69153 0
    outer loop
      vertex -54.1482 105.311 37.15
      vertex -53.8677 105.018 48.15
      vertex -53.8677 105.018 37.15
    endloop
  endfacet
  facet normal -0.855201 0.518296 0
    outer loop
      vertex -58.9922 104.457 37.15
      vertex -58.7819 104.804 48.15
      vertex -58.7819 104.804 37.15
    endloop
  endfacet
  facet normal -0.855201 0.518296 0
    outer loop
      vertex -58.7819 104.804 48.15
      vertex -58.9922 104.457 37.15
      vertex -58.9922 104.457 48.15
    endloop
  endfacet
  facet normal -0.971348 -0.23766 0
    outer loop
      vertex -59.199 102.094 37.15
      vertex -59.2954 102.488 48.15
      vertex -59.2954 102.488 37.15
    endloop
  endfacet
  facet normal -0.971348 -0.23766 0
    outer loop
      vertex -59.2954 102.488 48.15
      vertex -59.199 102.094 37.15
      vertex -59.199 102.094 48.15
    endloop
  endfacet
  facet normal -0.590078 0.807346 0
    outer loop
      vertex -57.9081 105.64 37.15
      vertex -58.2351 105.401 48.15
      vertex -57.9081 105.64 48.15
    endloop
  endfacet
  facet normal -0.590078 0.807346 0
    outer loop
      vertex -58.2351 105.401 48.15
      vertex -57.9081 105.64 37.15
      vertex -58.2351 105.401 37.15
    endloop
  endfacet
  facet normal -0.988369 0.152076 0
    outer loop
      vertex -59.3307 103.296 37.15
      vertex -59.269 103.697 48.15
      vertex -59.269 103.697 37.15
    endloop
  endfacet
  facet normal -0.988369 0.152076 0
    outer loop
      vertex -59.269 103.697 48.15
      vertex -59.3307 103.296 37.15
      vertex -59.3307 103.296 48.15
    endloop
  endfacet
  facet normal -0.36253 0.931972 0
    outer loop
      vertex -57.1747 105.982 37.15
      vertex -57.5526 105.835 48.15
      vertex -57.1747 105.982 48.15
    endloop
  endfacet
  facet normal -0.36253 0.931972 0
    outer loop
      vertex -57.5526 105.835 48.15
      vertex -57.1747 105.982 37.15
      vertex -57.5526 105.835 37.15
    endloop
  endfacet
  facet normal -0.10851 0.994095 0
    outer loop
      vertex -56.3777 106.123 37.15
      vertex -56.7808 106.079 48.15
      vertex -56.3777 106.123 48.15
    endloop
  endfacet
  facet normal -0.10851 0.994095 0
    outer loop
      vertex -56.7808 106.079 48.15
      vertex -56.3777 106.123 37.15
      vertex -56.7808 106.079 37.15
    endloop
  endfacet
  facet normal 0.108753 -0.994069 0
    outer loop
      vertex -56.1073 99.9288 37.15
      vertex -55.7042 99.9729 48.15
      vertex -56.1073 99.9288 48.15
    endloop
  endfacet
  facet normal 0.108753 -0.994069 0
    outer loop
      vertex -55.7042 99.9729 48.15
      vertex -56.1073 99.9288 37.15
      vertex -55.7042 99.9729 37.15
    endloop
  endfacet
  facet normal -0.959972 0.280095 0
    outer loop
      vertex -59.269 103.697 37.15
      vertex -59.1555 104.086 48.15
      vertex -59.1555 104.086 37.15
    endloop
  endfacet
  facet normal -0.959972 0.280095 0
    outer loop
      vertex -59.1555 104.086 48.15
      vertex -59.269 103.697 37.15
      vertex -59.269 103.697 48.15
    endloop
  endfacet
  facet normal -0.806405 -0.591364 0
    outer loop
      vertex -58.6172 101.033 37.15
      vertex -58.857 101.36 48.15
      vertex -58.857 101.36 37.15
    endloop
  endfacet
  facet normal -0.806405 -0.591364 0
    outer loop
      vertex -58.857 101.36 48.15
      vertex -58.6172 101.033 37.15
      vertex -58.6172 101.033 48.15
    endloop
  endfacet
  facet normal -0.72247 -0.691402 0
    outer loop
      vertex -58.3368 100.74 37.15
      vertex -58.6172 101.033 48.15
      vertex -58.6172 101.033 37.15
    endloop
  endfacet
  facet normal -0.72247 -0.691402 0
    outer loop
      vertex -58.6172 101.033 48.15
      vertex -58.3368 100.74 37.15
      vertex -58.3368 100.74 48.15
    endloop
  endfacet
  facet normal -0.692296 0.721614 0
    outer loop
      vertex -58.2351 105.401 37.15
      vertex -58.528 105.12 48.15
      vertex -58.2351 105.401 48.15
    endloop
  endfacet
  facet normal -0.692296 0.721614 0
    outer loop
      vertex -58.528 105.12 48.15
      vertex -58.2351 105.401 37.15
      vertex -58.528 105.12 37.15
    endloop
  endfacet
  facet normal 0 0 -1
    outer loop
      vertex -53.1543 102.756 37.15
      vertex -53.1896 103.564 37.15
      vertex -53.1454 103.161 37.15
    endloop
  endfacet
  facet normal 0 0 -1
    outer loop
      vertex -53.216 102.355 37.15
      vertex -53.1896 103.564 37.15
      vertex -53.1543 102.756 37.15
    endloop
  endfacet
  facet normal 0 0 -1
    outer loop
      vertex -53.216 102.355 37.15
      vertex -53.286 103.958 37.15
      vertex -53.1896 103.564 37.15
    endloop
  endfacet
  facet normal 0 0 -1
    outer loop
      vertex -53.3294 101.966 37.15
      vertex -53.286 103.958 37.15
      vertex -53.216 102.355 37.15
    endloop
  endfacet
  facet normal 0 0 -1
    outer loop
      vertex -53.3294 101.966 37.15
      vertex -53.4329 104.336 37.15
      vertex -53.286 103.958 37.15
    endloop
  endfacet
  facet normal 0 0 -1
    outer loop
      vertex -53.4928 101.594 37.15
      vertex -53.4329 104.336 37.15
      vertex -53.3294 101.966 37.15
    endloop
  endfacet
  facet normal 0 0 -1
    outer loop
      vertex -53.4928 101.594 37.15
      vertex -53.628 104.691 37.15
      vertex -53.4329 104.336 37.15
    endloop
  endfacet
  facet normal 0 0 -1
    outer loop
      vertex -53.7031 101.248 37.15
      vertex -53.628 104.691 37.15
      vertex -53.4928 101.594 37.15
    endloop
  endfacet
  facet normal 0 0 -1
    outer loop
      vertex -53.7031 101.248 37.15
      vertex -53.8677 105.018 37.15
      vertex -53.628 104.691 37.15
    endloop
  endfacet
  facet normal 0 0 -1
    outer loop
      vertex -53.9569 100.932 37.15
      vertex -53.8677 105.018 37.15
      vertex -53.7031 101.248 37.15
    endloop
  endfacet
  facet normal 0 0 -1
    outer loop
      vertex -53.9569 100.932 37.15
      vertex -54.1482 105.311 37.15
      vertex -53.8677 105.018 37.15
    endloop
  endfacet
  facet normal 0 0 -1
    outer loop
      vertex -54.2498 100.651 37.15
      vertex -54.1482 105.311 37.15
      vertex -53.9569 100.932 37.15
    endloop
  endfacet
  facet normal 0 0 -1
    outer loop
      vertex -54.2498 100.651 37.15
      vertex -54.4644 105.565 37.15
      vertex -54.1482 105.311 37.15
    endloop
  endfacet
  facet normal 0 0 -1
    outer loop
      vertex -54.5769 100.411 37.15
      vertex -54.4644 105.565 37.15
      vertex -54.2498 100.651 37.15
    endloop
  endfacet
  facet normal 0 0 -1
    outer loop
      vertex -54.5769 100.411 37.15
      vertex -54.8111 105.776 37.15
      vertex -54.4644 105.565 37.15
    endloop
  endfacet
  facet normal 0 0 -1
    outer loop
      vertex -54.9324 100.216 37.15
      vertex -54.8111 105.776 37.15
      vertex -54.5769 100.411 37.15
    endloop
  endfacet
  facet normal 0 0 -1
    outer loop
      vertex -54.9324 100.216 37.15
      vertex -55.1822 105.939 37.15
      vertex -54.8111 105.776 37.15
    endloop
  endfacet
  facet normal 0 0 -1
    outer loop
      vertex -55.3103 100.069 37.15
      vertex -55.1822 105.939 37.15
      vertex -54.9324 100.216 37.15
    endloop
  endfacet
  facet normal 0 0 -1
    outer loop
      vertex -55.3103 100.069 37.15
      vertex -55.5715 106.052 37.15
      vertex -55.1822 105.939 37.15
    endloop
  endfacet
  facet normal 0 0 -1
    outer loop
      vertex -55.7042 99.9729 37.15
      vertex -55.5715 106.052 37.15
      vertex -55.3103 100.069 37.15
    endloop
  endfacet
  facet normal 0 0 -1
    outer loop
      vertex -55.7042 99.9729 37.15
      vertex -55.9723 106.114 37.15
      vertex -55.5715 106.052 37.15
    endloop
  endfacet
  facet normal 0 0 -1
    outer loop
      vertex -56.1073 99.9288 37.15
      vertex -55.9723 106.114 37.15
      vertex -55.7042 99.9729 37.15
    endloop
  endfacet
  facet normal 0 0 -1
    outer loop
      vertex -56.1073 99.9288 37.15
      vertex -56.3777 106.123 37.15
      vertex -55.9723 106.114 37.15
    endloop
  endfacet
  facet normal 0 0 -1
    outer loop
      vertex -56.5127 99.9376 37.15
      vertex -56.3777 106.123 37.15
      vertex -56.1073 99.9288 37.15
    endloop
  endfacet
  facet normal 0 0 -1
    outer loop
      vertex -56.5127 99.9376 37.15
      vertex -56.7808 106.079 37.15
      vertex -56.3777 106.123 37.15
    endloop
  endfacet
  facet normal 0 0 -1
    outer loop
      vertex -56.9134 99.9993 37.15
      vertex -56.7808 106.079 37.15
      vertex -56.5127 99.9376 37.15
    endloop
  endfacet
  facet normal 0 0 -1
    outer loop
      vertex -56.9134 99.9993 37.15
      vertex -57.1747 105.982 37.15
      vertex -56.7808 106.079 37.15
    endloop
  endfacet
  facet normal 0 0 -1
    outer loop
      vertex -57.3027 100.113 37.15
      vertex -57.1747 105.982 37.15
      vertex -56.9134 99.9993 37.15
    endloop
  endfacet
  facet normal 0 0 -1
    outer loop
      vertex -57.3027 100.113 37.15
      vertex -57.5526 105.835 37.15
      vertex -57.1747 105.982 37.15
    endloop
  endfacet
  facet normal 0 0 -1
    outer loop
      vertex -57.6739 100.276 37.15
      vertex -57.5526 105.835 37.15
      vertex -57.3027 100.113 37.15
    endloop
  endfacet
  facet normal 0 0 -1
    outer loop
      vertex -57.6739 100.276 37.15
      vertex -57.9081 105.64 37.15
      vertex -57.5526 105.835 37.15
    endloop
  endfacet
  facet normal 0 0 -1
    outer loop
      vertex -58.0206 100.486 37.15
      vertex -57.9081 105.64 37.15
      vertex -57.6739 100.276 37.15
    endloop
  endfacet
  facet normal 0 0 -1
    outer loop
      vertex -58.0206 100.486 37.15
      vertex -58.2351 105.401 37.15
      vertex -57.9081 105.64 37.15
    endloop
  endfacet
  facet normal 0 0 -1
    outer loop
      vertex -58.3368 100.74 37.15
      vertex -58.2351 105.401 37.15
      vertex -58.0206 100.486 37.15
    endloop
  endfacet
  facet normal 0 0 -1
    outer loop
      vertex -58.3368 100.74 37.15
      vertex -58.528 105.12 37.15
      vertex -58.2351 105.401 37.15
    endloop
  endfacet
  facet normal 0 0 -1
    outer loop
      vertex -58.6172 101.033 37.15
      vertex -58.528 105.12 37.15
      vertex -58.3368 100.74 37.15
    endloop
  endfacet
  facet normal 0 0 -1
    outer loop
      vertex -58.6172 101.033 37.15
      vertex -58.7819 104.804 37.15
      vertex -58.528 105.12 37.15
    endloop
  endfacet
  facet normal 0 0 -1
    outer loop
      vertex -58.857 101.36 37.15
      vertex -58.7819 104.804 37.15
      vertex -58.6172 101.033 37.15
    endloop
  endfacet
  facet normal 0 0 -1
    outer loop
      vertex -58.857 101.36 37.15
      vertex -58.9922 104.457 37.15
      vertex -58.7819 104.804 37.15
    endloop
  endfacet
  facet normal 0 0 -1
    outer loop
      vertex -59.052 101.716 37.15
      vertex -58.9922 104.457 37.15
      vertex -58.857 101.36 37.15
    endloop
  endfacet
  facet normal 0 0 -1
    outer loop
      vertex -59.052 101.716 37.15
      vertex -59.1555 104.086 37.15
      vertex -58.9922 104.457 37.15
    endloop
  endfacet
  facet normal 0 0 -1
    outer loop
      vertex -59.199 102.094 37.15
      vertex -59.1555 104.086 37.15
      vertex -59.052 101.716 37.15
    endloop
  endfacet
  facet normal 0 0 -1
    outer loop
      vertex -59.199 102.094 37.15
      vertex -59.269 103.697 37.15
      vertex -59.1555 104.086 37.15
    endloop
  endfacet
  facet normal 0 0 -1
    outer loop
      vertex -59.2954 102.488 37.15
      vertex -59.269 103.697 37.15
      vertex -59.199 102.094 37.15
    endloop
  endfacet
  facet normal 0 0 -1
    outer loop
      vertex -59.2954 102.488 37.15
      vertex -59.3307 103.296 37.15
      vertex -59.269 103.697 37.15
    endloop
  endfacet
  facet normal 0 -0 -1
    outer loop
      vertex -59.3307 103.296 37.15
      vertex -59.2954 102.488 37.15
      vertex -59.3395 102.891 37.15
    endloop
  endfacet
  facet normal 0.999763 -0.0217636 0
    outer loop
      vertex -53.3224 111.497 48.15
      vertex -53.3096 112.085 45.15
      vertex -53.3096 112.085 48.15
    endloop
  endfacet
  facet normal 0.999763 -0.0217636 0
    outer loop
      vertex -53.3096 112.085 45.15
      vertex -53.3224 111.497 48.15
      vertex -53.3224 111.497 45.15
    endloop
  endfacet
  facet normal 0.994071 0.108737 0
    outer loop
      vertex -53.3096 112.085 48.15
      vertex -53.3737 112.671 45.15
      vertex -53.3737 112.671 48.15
    endloop
  endfacet
  facet normal 0.994071 0.108737 0
    outer loop
      vertex -53.3737 112.671 45.15
      vertex -53.3096 112.085 48.15
      vertex -53.3096 112.085 45.15
    endloop
  endfacet
  facet normal 0.988356 -0.152159 0
    outer loop
      vertex -53.412 110.915 48.15
      vertex -53.3224 111.497 45.15
      vertex -53.3224 111.497 48.15
    endloop
  endfacet
  facet normal 0.988356 -0.152159 0
    outer loop
      vertex -53.3224 111.497 45.15
      vertex -53.412 110.915 48.15
      vertex -53.412 110.915 45.15
    endloop
  endfacet
  facet normal 0.519581 0.854421 -0
    outer loop
      vertex -55.2242 115.575 45.15
      vertex -55.7274 115.881 48.15
      vertex -55.2242 115.575 48.15
    endloop
  endfacet
  facet normal 0.519581 0.854421 0
    outer loop
      vertex -55.7274 115.881 48.15
      vertex -55.2242 115.575 45.15
      vertex -55.7274 115.881 45.15
    endloop
  endfacet
  facet normal -0.779873 0.625937 0
    outer loop
      vertex -61.4915 114.47 45.15
      vertex -61.1231 114.929 48.15
      vertex -61.1231 114.929 45.15
    endloop
  endfacet
  facet normal -0.779873 0.625937 0
    outer loop
      vertex -61.1231 114.929 48.15
      vertex -61.4915 114.47 45.15
      vertex -61.4915 114.47 48.15
    endloop
  endfacet
  facet normal 0.915353 -0.402653 0
    outer loop
      vertex -53.8138 109.811 48.15
      vertex -53.5767 110.35 45.15
      vertex -53.5767 110.35 48.15
    endloop
  endfacet
  facet normal 0.915353 -0.402653 0
    outer loop
      vertex -53.5767 110.35 45.15
      vertex -53.8138 109.811 48.15
      vertex -53.8138 109.811 45.15
    endloop
  endfacet
  facet normal 0.363413 -0.931628 0
    outer loop
      vertex -56.4521 107.597 45.15
      vertex -55.9035 107.811 48.15
      vertex -56.4521 107.597 48.15
    endloop
  endfacet
  facet normal 0.363413 -0.931628 0
    outer loop
      vertex -55.9035 107.811 48.15
      vertex -56.4521 107.597 45.15
      vertex -55.9035 107.811 45.15
    endloop
  endfacet
  facet normal -0.404058 -0.914733 0
    outer loop
      vertex -59.8832 107.898 45.15
      vertex -59.3444 107.66 48.15
      vertex -59.8832 107.898 48.15
    endloop
  endfacet
  facet normal -0.404058 -0.914733 -0
    outer loop
      vertex -59.3444 107.66 48.15
      vertex -59.8832 107.898 45.15
      vertex -59.3444 107.66 45.15
    endloop
  endfacet
  facet normal 0.806675 0.590995 0
    outer loop
      vertex -54.0101 114.307 48.15
      vertex -54.3581 114.782 45.15
      vertex -54.3581 114.782 48.15
    endloop
  endfacet
  facet normal 0.806675 0.590995 0
    outer loop
      vertex -54.3581 114.782 45.15
      vertex -54.0101 114.307 48.15
      vertex -54.0101 114.307 45.15
    endloop
  endfacet
  facet normal 0.152874 0.988246 -0
    outer loop
      vertex -56.8313 116.282 45.15
      vertex -57.4131 116.372 48.15
      vertex -56.8313 116.282 48.15
    endloop
  endfacet
  facet normal 0.152874 0.988246 0
    outer loop
      vertex -57.4131 116.372 48.15
      vertex -56.8313 116.282 45.15
      vertex -57.4131 116.372 45.15
    endloop
  endfacet
  facet normal -0.876718 -0.481005 0
    outer loop
      vertex -61.6006 109.471 45.15
      vertex -61.8837 109.987 48.15
      vertex -61.8837 109.987 45.15
    endloop
  endfacet
  facet normal -0.876718 -0.481005 0
    outer loop
      vertex -61.8837 109.987 48.15
      vertex -61.6006 109.471 45.15
      vertex -61.6006 109.471 48.15
    endloop
  endfacet
  facet normal -0.805999 -0.591916 0
    outer loop
      vertex -61.2525 108.997 45.15
      vertex -61.6006 109.471 48.15
      vertex -61.6006 109.471 45.15
    endloop
  endfacet
  facet normal -0.805999 -0.591916 0
    outer loop
      vertex -61.6006 109.471 48.15
      vertex -61.2525 108.997 45.15
      vertex -61.2525 108.997 48.15
    endloop
  endfacet
  facet normal 0.77979 -0.626041 0
    outer loop
      vertex -54.4876 108.849 48.15
      vertex -54.1191 109.308 45.15
      vertex -54.1191 109.308 48.15
    endloop
  endfacet
  facet normal 0.77979 -0.626041 0
    outer loop
      vertex -54.1191 109.308 45.15
      vertex -54.4876 108.849 48.15
      vertex -54.4876 108.849 45.15
    endloop
  endfacet
  facet normal -0.932119 -0.362151 0
    outer loop
      vertex -61.8837 109.987 45.15
      vertex -62.097 110.536 48.15
      vertex -62.097 110.536 45.15
    endloop
  endfacet
  facet normal -0.932119 -0.362151 0
    outer loop
      vertex -62.097 110.536 48.15
      vertex -61.8837 109.987 45.15
      vertex -61.8837 109.987 48.15
    endloop
  endfacet
  facet normal -0.691477 0.722398 0
    outer loop
      vertex -60.6979 115.336 45.15
      vertex -61.1231 114.929 48.15
      vertex -60.6979 115.336 48.15
    endloop
  endfacet
  facet normal -0.691477 0.722398 0
    outer loop
      vertex -61.1231 114.929 48.15
      vertex -60.6979 115.336 45.15
      vertex -61.1231 114.929 45.15
    endloop
  endfacet
  facet normal -0.988382 0.151993 0
    outer loop
      vertex -62.2882 112.281 45.15
      vertex -62.1987 112.863 48.15
      vertex -62.1987 112.863 45.15
    endloop
  endfacet
  facet normal -0.988382 0.151993 0
    outer loop
      vertex -62.1987 112.863 48.15
      vertex -62.2882 112.281 45.15
      vertex -62.2882 112.281 48.15
    endloop
  endfacet
  facet normal 0.0220847 0.999756 -0
    outer loop
      vertex -57.4131 116.372 45.15
      vertex -58.0016 116.385 48.15
      vertex -57.4131 116.372 48.15
    endloop
  endfacet
  facet normal 0.0220847 0.999756 0
    outer loop
      vertex -58.0016 116.385 48.15
      vertex -57.4131 116.372 45.15
      vertex -58.0016 116.385 45.15
    endloop
  endfacet
  facet normal -0.518339 -0.855175 0
    outer loop
      vertex -60.3864 108.203 45.15
      vertex -59.8832 107.898 48.15
      vertex -60.3864 108.203 48.15
    endloop
  endfacet
  facet normal -0.518339 -0.855175 -0
    outer loop
      vertex -59.8832 107.898 48.15
      vertex -60.3864 108.203 45.15
      vertex -59.8832 107.898 45.15
    endloop
  endfacet
  facet normal -0.625441 -0.780272 0
    outer loop
      vertex -60.8455 108.571 45.15
      vertex -60.3864 108.203 48.15
      vertex -60.8455 108.571 48.15
    endloop
  endfacet
  facet normal -0.625441 -0.780272 -0
    outer loop
      vertex -60.3864 108.203 48.15
      vertex -60.8455 108.571 45.15
      vertex -60.3864 108.203 45.15
    endloop
  endfacet
  facet normal -0.591238 0.806497 0
    outer loop
      vertex -60.2232 115.684 45.15
      vertex -60.6979 115.336 48.15
      vertex -60.2232 115.684 48.15
    endloop
  endfacet
  facet normal -0.591238 0.806497 0
    outer loop
      vertex -60.6979 115.336 48.15
      vertex -60.2232 115.684 45.15
      vertex -60.6979 115.336 45.15
    endloop
  endfacet
  facet normal 0.960042 -0.279856 0
    outer loop
      vertex -53.5767 110.35 48.15
      vertex -53.412 110.915 45.15
      vertex -53.412 110.915 48.15
    endloop
  endfacet
  facet normal 0.960042 -0.279856 0
    outer loop
      vertex -53.412 110.915 45.15
      vertex -53.5767 110.35 48.15
      vertex -53.5767 110.35 45.15
    endloop
  endfacet
  facet normal 0.108734 -0.994071 0
    outer loop
      vertex -57.609 107.393 45.15
      vertex -57.0239 107.457 48.15
      vertex -57.609 107.393 48.15
    endloop
  endfacet
  facet normal 0.108734 -0.994071 0
    outer loop
      vertex -57.0239 107.457 48.15
      vertex -57.609 107.393 45.15
      vertex -57.0239 107.457 45.15
    endloop
  endfacet
  facet normal -0.108734 0.994071 0
    outer loop
      vertex -58.0016 116.385 45.15
      vertex -58.5867 116.321 48.15
      vertex -58.0016 116.385 48.15
    endloop
  endfacet
  facet normal -0.108734 0.994071 0
    outer loop
      vertex -58.5867 116.321 48.15
      vertex -58.0016 116.385 45.15
      vertex -58.5867 116.321 45.15
    endloop
  endfacet
  facet normal 0.932119 0.362151 0
    outer loop
      vertex -53.5136 113.242 48.15
      vertex -53.7269 113.791 45.15
      vertex -53.7269 113.791 48.15
    endloop
  endfacet
  facet normal 0.932119 0.362151 0
    outer loop
      vertex -53.7269 113.791 45.15
      vertex -53.5136 113.242 48.15
      vertex -53.5136 113.242 45.15
    endloop
  endfacet
  facet normal -0.152874 -0.988246 0
    outer loop
      vertex -58.7793 107.496 45.15
      vertex -58.1975 107.406 48.15
      vertex -58.7793 107.496 48.15
    endloop
  endfacet
  facet normal -0.152874 -0.988246 -0
    outer loop
      vertex -58.1975 107.406 48.15
      vertex -58.7793 107.496 45.15
      vertex -58.1975 107.406 45.15
    endloop
  endfacet
  facet normal 0.876646 0.481136 0
    outer loop
      vertex -53.7269 113.791 48.15
      vertex -54.0101 114.307 45.15
      vertex -54.0101 114.307 48.15
    endloop
  endfacet
  facet normal 0.876646 0.481136 0
    outer loop
      vertex -54.0101 114.307 45.15
      vertex -53.7269 113.791 48.15
      vertex -53.7269 113.791 45.15
    endloop
  endfacet
  facet normal 0.591238 -0.806497 0
    outer loop
      vertex -55.3875 108.094 45.15
      vertex -54.9128 108.442 48.15
      vertex -55.3875 108.094 48.15
    endloop
  endfacet
  facet normal 0.591238 -0.806497 0
    outer loop
      vertex -54.9128 108.442 48.15
      vertex -55.3875 108.094 45.15
      vertex -54.9128 108.442 45.15
    endloop
  endfacet
  facet normal 0.691477 -0.722398 0
    outer loop
      vertex -54.9128 108.442 45.15
      vertex -54.4876 108.849 48.15
      vertex -54.9128 108.442 48.15
    endloop
  endfacet
  facet normal 0.691477 -0.722398 0
    outer loop
      vertex -54.4876 108.849 48.15
      vertex -54.9128 108.442 45.15
      vertex -54.4876 108.849 45.15
    endloop
  endfacet
  facet normal 0.625524 0.780205 -0
    outer loop
      vertex -54.7652 115.207 45.15
      vertex -55.2242 115.575 48.15
      vertex -54.7652 115.207 48.15
    endloop
  endfacet
  facet normal 0.625524 0.780205 0
    outer loop
      vertex -55.2242 115.575 48.15
      vertex -54.7652 115.207 45.15
      vertex -55.2242 115.575 45.15
    endloop
  endfacet
  facet normal 0.971272 0.23797 0
    outer loop
      vertex -53.3737 112.671 48.15
      vertex -53.5136 113.242 45.15
      vertex -53.5136 113.242 48.15
    endloop
  endfacet
  facet normal 0.971272 0.23797 0
    outer loop
      vertex -53.5136 113.242 45.15
      vertex -53.3737 112.671 48.15
      vertex -53.3737 112.671 45.15
    endloop
  endfacet
  facet normal -0.278714 -0.960374 0
    outer loop
      vertex -59.3444 107.66 45.15
      vertex -58.7793 107.496 48.15
      vertex -59.3444 107.66 48.15
    endloop
  endfacet
  facet normal -0.278714 -0.960374 -0
    outer loop
      vertex -58.7793 107.496 48.15
      vertex -59.3444 107.66 45.15
      vertex -58.7793 107.496 45.15
    endloop
  endfacet
  facet normal -0.0220847 -0.999756 0
    outer loop
      vertex -58.1975 107.406 45.15
      vertex -57.609 107.393 48.15
      vertex -58.1975 107.406 48.15
    endloop
  endfacet
  facet normal -0.0220847 -0.999756 -0
    outer loop
      vertex -57.609 107.393 48.15
      vertex -58.1975 107.406 45.15
      vertex -57.609 107.393 45.15
    endloop
  endfacet
  facet normal -0.959996 0.280013 0
    outer loop
      vertex -62.1987 112.863 45.15
      vertex -62.0339 113.428 48.15
      vertex -62.0339 113.428 45.15
    endloop
  endfacet
  facet normal -0.959996 0.280013 0
    outer loop
      vertex -62.0339 113.428 48.15
      vertex -62.1987 112.863 45.15
      vertex -62.1987 112.863 48.15
    endloop
  endfacet
  facet normal 0.237816 -0.97131 0
    outer loop
      vertex -57.0239 107.457 45.15
      vertex -56.4521 107.597 48.15
      vertex -57.0239 107.457 48.15
    endloop
  endfacet
  facet normal 0.237816 -0.97131 0
    outer loop
      vertex -56.4521 107.597 48.15
      vertex -57.0239 107.457 45.15
      vertex -56.4521 107.597 45.15
    endloop
  endfacet
  facet normal -0.994069 -0.108753 0
    outer loop
      vertex -62.237 111.108 45.15
      vertex -62.301 111.693 48.15
      vertex -62.301 111.693 45.15
    endloop
  endfacet
  facet normal -0.994069 -0.108753 0
    outer loop
      vertex -62.301 111.693 48.15
      vertex -62.237 111.108 45.15
      vertex -62.237 111.108 48.15
    endloop
  endfacet
  facet normal 0.278714 0.960374 -0
    outer loop
      vertex -56.2662 116.118 45.15
      vertex -56.8313 116.282 48.15
      vertex -56.2662 116.118 48.15
    endloop
  endfacet
  facet normal 0.278714 0.960374 0
    outer loop
      vertex -56.8313 116.282 48.15
      vertex -56.2662 116.118 45.15
      vertex -56.8313 116.282 45.15
    endloop
  endfacet
  facet normal 0.722151 0.691736 0
    outer loop
      vertex -54.3581 114.782 48.15
      vertex -54.7652 115.207 45.15
      vertex -54.7652 115.207 48.15
    endloop
  endfacet
  facet normal 0.722151 0.691736 0
    outer loop
      vertex -54.7652 115.207 45.15
      vertex -54.3581 114.782 48.15
      vertex -54.3581 114.782 45.15
    endloop
  endfacet
  facet normal -0.915415 0.402511 0
    outer loop
      vertex -62.0339 113.428 45.15
      vertex -61.7969 113.967 48.15
      vertex -61.7969 113.967 45.15
    endloop
  endfacet
  facet normal -0.915415 0.402511 0
    outer loop
      vertex -61.7969 113.967 48.15
      vertex -62.0339 113.428 45.15
      vertex -62.0339 113.428 48.15
    endloop
  endfacet
  facet normal 0.480875 -0.876789 0
    outer loop
      vertex -55.9035 107.811 45.15
      vertex -55.3875 108.094 48.15
      vertex -55.9035 107.811 48.15
    endloop
  endfacet
  facet normal 0.480875 -0.876789 0
    outer loop
      vertex -55.3875 108.094 48.15
      vertex -55.9035 107.811 45.15
      vertex -55.3875 108.094 45.15
    endloop
  endfacet
  facet normal -0.237816 0.97131 0
    outer loop
      vertex -58.5867 116.321 45.15
      vertex -59.1585 116.181 48.15
      vertex -58.5867 116.321 48.15
    endloop
  endfacet
  facet normal -0.237816 0.97131 0
    outer loop
      vertex -59.1585 116.181 48.15
      vertex -58.5867 116.321 45.15
      vertex -59.1585 116.181 45.15
    endloop
  endfacet
  facet normal 0.854858 -0.518863 0
    outer loop
      vertex -54.1191 109.308 48.15
      vertex -53.8138 109.811 45.15
      vertex -53.8138 109.811 48.15
    endloop
  endfacet
  facet normal 0.854858 -0.518863 0
    outer loop
      vertex -53.8138 109.811 45.15
      vertex -54.1191 109.308 48.15
      vertex -54.1191 109.308 45.15
    endloop
  endfacet
  facet normal 0.402636 0.91536 -0
    outer loop
      vertex -55.7274 115.881 45.15
      vertex -56.2662 116.118 48.15
      vertex -55.7274 115.881 48.15
    endloop
  endfacet
  facet normal 0.402636 0.91536 0
    outer loop
      vertex -56.2662 116.118 48.15
      vertex -55.7274 115.881 45.15
      vertex -56.2662 116.118 45.15
    endloop
  endfacet
  facet normal -0.999763 0.0217636 0
    outer loop
      vertex -62.301 111.693 45.15
      vertex -62.2882 112.281 48.15
      vertex -62.2882 112.281 45.15
    endloop
  endfacet
  facet normal -0.999763 0.0217636 0
    outer loop
      vertex -62.2882 112.281 48.15
      vertex -62.301 111.693 45.15
      vertex -62.301 111.693 48.15
    endloop
  endfacet
  facet normal -0.971329 -0.237738 0
    outer loop
      vertex -62.097 110.536 45.15
      vertex -62.237 111.108 48.15
      vertex -62.237 111.108 45.15
    endloop
  endfacet
  facet normal -0.971329 -0.237738 0
    outer loop
      vertex -62.237 111.108 48.15
      vertex -62.097 110.536 45.15
      vertex -62.097 110.536 48.15
    endloop
  endfacet
  facet normal -0.480803 0.876829 0
    outer loop
      vertex -59.7071 115.967 45.15
      vertex -60.2232 115.684 48.15
      vertex -59.7071 115.967 48.15
    endloop
  endfacet
  facet normal -0.480803 0.876829 0
    outer loop
      vertex -60.2232 115.684 48.15
      vertex -59.7071 115.967 45.15
      vertex -60.2232 115.684 45.15
    endloop
  endfacet
  facet normal 0 0 -1
    outer loop
      vertex -53.3224 111.497 45.15
      vertex -53.3737 112.671 45.15
      vertex -53.3096 112.085 45.15
    endloop
  endfacet
  facet normal 0 0 -1
    outer loop
      vertex -53.412 110.915 45.15
      vertex -53.3737 112.671 45.15
      vertex -53.3224 111.497 45.15
    endloop
  endfacet
  facet normal 0 0 -1
    outer loop
      vertex -53.412 110.915 45.15
      vertex -53.5136 113.242 45.15
      vertex -53.3737 112.671 45.15
    endloop
  endfacet
  facet normal 0 0 -1
    outer loop
      vertex -53.5767 110.35 45.15
      vertex -53.5136 113.242 45.15
      vertex -53.412 110.915 45.15
    endloop
  endfacet
  facet normal 0 0 -1
    outer loop
      vertex -53.5767 110.35 45.15
      vertex -53.7269 113.791 45.15
      vertex -53.5136 113.242 45.15
    endloop
  endfacet
  facet normal 0 0 -1
    outer loop
      vertex -53.8138 109.811 45.15
      vertex -53.7269 113.791 45.15
      vertex -53.5767 110.35 45.15
    endloop
  endfacet
  facet normal 0 0 -1
    outer loop
      vertex -53.8138 109.811 45.15
      vertex -54.0101 114.307 45.15
      vertex -53.7269 113.791 45.15
    endloop
  endfacet
  facet normal 0 0 -1
    outer loop
      vertex -54.1191 109.308 45.15
      vertex -54.0101 114.307 45.15
      vertex -53.8138 109.811 45.15
    endloop
  endfacet
  facet normal 0 0 -1
    outer loop
      vertex -54.1191 109.308 45.15
      vertex -54.3581 114.782 45.15
      vertex -54.0101 114.307 45.15
    endloop
  endfacet
  facet normal 0 0 -1
    outer loop
      vertex -54.4876 108.849 45.15
      vertex -54.3581 114.782 45.15
      vertex -54.1191 109.308 45.15
    endloop
  endfacet
  facet normal 0 0 -1
    outer loop
      vertex -54.4876 108.849 45.15
      vertex -54.7652 115.207 45.15
      vertex -54.3581 114.782 45.15
    endloop
  endfacet
  facet normal 0 0 -1
    outer loop
      vertex -54.9128 108.442 45.15
      vertex -54.7652 115.207 45.15
      vertex -54.4876 108.849 45.15
    endloop
  endfacet
  facet normal 0 0 -1
    outer loop
      vertex -54.9128 108.442 45.15
      vertex -55.2242 115.575 45.15
      vertex -54.7652 115.207 45.15
    endloop
  endfacet
  facet normal 0 0 -1
    outer loop
      vertex -55.3875 108.094 45.15
      vertex -55.2242 115.575 45.15
      vertex -54.9128 108.442 45.15
    endloop
  endfacet
  facet normal 0 0 -1
    outer loop
      vertex -55.3875 108.094 45.15
      vertex -55.7274 115.881 45.15
      vertex -55.2242 115.575 45.15
    endloop
  endfacet
  facet normal 0 0 -1
    outer loop
      vertex -55.9035 107.811 45.15
      vertex -55.7274 115.881 45.15
      vertex -55.3875 108.094 45.15
    endloop
  endfacet
  facet normal 0 0 -1
    outer loop
      vertex -55.9035 107.811 45.15
      vertex -56.2662 116.118 45.15
      vertex -55.7274 115.881 45.15
    endloop
  endfacet
  facet normal 0 0 -1
    outer loop
      vertex -56.4521 107.597 45.15
      vertex -56.2662 116.118 45.15
      vertex -55.9035 107.811 45.15
    endloop
  endfacet
  facet normal 0 0 -1
    outer loop
      vertex -56.4521 107.597 45.15
      vertex -56.8313 116.282 45.15
      vertex -56.2662 116.118 45.15
    endloop
  endfacet
  facet normal 0 0 -1
    outer loop
      vertex -57.0239 107.457 45.15
      vertex -56.8313 116.282 45.15
      vertex -56.4521 107.597 45.15
    endloop
  endfacet
  facet normal 0 0 -1
    outer loop
      vertex -57.0239 107.457 45.15
      vertex -57.4131 116.372 45.15
      vertex -56.8313 116.282 45.15
    endloop
  endfacet
  facet normal 0 0 -1
    outer loop
      vertex -57.609 107.393 45.15
      vertex -57.4131 116.372 45.15
      vertex -57.0239 107.457 45.15
    endloop
  endfacet
  facet normal 0 0 -1
    outer loop
      vertex -57.609 107.393 45.15
      vertex -58.0016 116.385 45.15
      vertex -57.4131 116.372 45.15
    endloop
  endfacet
  facet normal 0 0 -1
    outer loop
      vertex -58.1975 107.406 45.15
      vertex -58.0016 116.385 45.15
      vertex -57.609 107.393 45.15
    endloop
  endfacet
  facet normal 0 0 -1
    outer loop
      vertex -58.1975 107.406 45.15
      vertex -58.5867 116.321 45.15
      vertex -58.0016 116.385 45.15
    endloop
  endfacet
  facet normal 0 0 -1
    outer loop
      vertex -58.7793 107.496 45.15
      vertex -58.5867 116.321 45.15
      vertex -58.1975 107.406 45.15
    endloop
  endfacet
  facet normal 0 0 -1
    outer loop
      vertex -58.7793 107.496 45.15
      vertex -59.1585 116.181 45.15
      vertex -58.5867 116.321 45.15
    endloop
  endfacet
  facet normal 0 0 -1
    outer loop
      vertex -59.3444 107.66 45.15
      vertex -59.1585 116.181 45.15
      vertex -58.7793 107.496 45.15
    endloop
  endfacet
  facet normal 0 0 -1
    outer loop
      vertex -59.3444 107.66 45.15
      vertex -59.7071 115.967 45.15
      vertex -59.1585 116.181 45.15
    endloop
  endfacet
  facet normal 0 0 -1
    outer loop
      vertex -59.8832 107.898 45.15
      vertex -59.7071 115.967 45.15
      vertex -59.3444 107.66 45.15
    endloop
  endfacet
  facet normal 0 0 -1
    outer loop
      vertex -59.8832 107.898 45.15
      vertex -60.2232 115.684 45.15
      vertex -59.7071 115.967 45.15
    endloop
  endfacet
  facet normal 0 0 -1
    outer loop
      vertex -60.3864 108.203 45.15
      vertex -60.2232 115.684 45.15
      vertex -59.8832 107.898 45.15
    endloop
  endfacet
  facet normal 0 0 -1
    outer loop
      vertex -60.3864 108.203 45.15
      vertex -60.6979 115.336 45.15
      vertex -60.2232 115.684 45.15
    endloop
  endfacet
  facet normal 0 0 -1
    outer loop
      vertex -60.8455 108.571 45.15
      vertex -60.6979 115.336 45.15
      vertex -60.3864 108.203 45.15
    endloop
  endfacet
  facet normal 0 0 -1
    outer loop
      vertex -60.8455 108.571 45.15
      vertex -61.1231 114.929 45.15
      vertex -60.6979 115.336 45.15
    endloop
  endfacet
  facet normal 0 0 -1
    outer loop
      vertex -61.2525 108.997 45.15
      vertex -61.1231 114.929 45.15
      vertex -60.8455 108.571 45.15
    endloop
  endfacet
  facet normal 0 0 -1
    outer loop
      vertex -61.2525 108.997 45.15
      vertex -61.4915 114.47 45.15
      vertex -61.1231 114.929 45.15
    endloop
  endfacet
  facet normal 0 0 -1
    outer loop
      vertex -61.6006 109.471 45.15
      vertex -61.4915 114.47 45.15
      vertex -61.2525 108.997 45.15
    endloop
  endfacet
  facet normal 0 0 -1
    outer loop
      vertex -61.6006 109.471 45.15
      vertex -61.7969 113.967 45.15
      vertex -61.4915 114.47 45.15
    endloop
  endfacet
  facet normal 0 0 -1
    outer loop
      vertex -61.8837 109.987 45.15
      vertex -61.7969 113.967 45.15
      vertex -61.6006 109.471 45.15
    endloop
  endfacet
  facet normal 0 0 -1
    outer loop
      vertex -61.8837 109.987 45.15
      vertex -62.0339 113.428 45.15
      vertex -61.7969 113.967 45.15
    endloop
  endfacet
  facet normal 0 0 -1
    outer loop
      vertex -62.097 110.536 45.15
      vertex -62.0339 113.428 45.15
      vertex -61.8837 109.987 45.15
    endloop
  endfacet
  facet normal 0 0 -1
    outer loop
      vertex -62.097 110.536 45.15
      vertex -62.1987 112.863 45.15
      vertex -62.0339 113.428 45.15
    endloop
  endfacet
  facet normal 0 0 -1
    outer loop
      vertex -62.237 111.108 45.15
      vertex -62.1987 112.863 45.15
      vertex -62.097 110.536 45.15
    endloop
  endfacet
  facet normal 0 0 -1
    outer loop
      vertex -62.237 111.108 45.15
      vertex -62.2882 112.281 45.15
      vertex -62.1987 112.863 45.15
    endloop
  endfacet
  facet normal 0 -0 -1
    outer loop
      vertex -62.2882 112.281 45.15
      vertex -62.237 111.108 45.15
      vertex -62.301 111.693 45.15
    endloop
  endfacet
  facet normal -0.854782 0.518987 0
    outer loop
      vertex -61.7969 113.967 45.15
      vertex -61.4915 114.47 48.15
      vertex -61.4915 114.47 45.15
    endloop
  endfacet
  facet normal -0.854782 0.518987 0
    outer loop
      vertex -61.4915 114.47 48.15
      vertex -61.7969 113.967 45.15
      vertex -61.7969 113.967 48.15
    endloop
  endfacet
  facet normal -0.363413 0.931628 0
    outer loop
      vertex -59.1585 116.181 45.15
      vertex -59.7071 115.967 48.15
      vertex -59.1585 116.181 48.15
    endloop
  endfacet
  facet normal -0.363413 0.931628 0
    outer loop
      vertex -59.7071 115.967 48.15
      vertex -59.1585 116.181 45.15
      vertex -59.7071 115.967 45.15
    endloop
  endfacet
  facet normal -0.723047 -0.690799 0
    outer loop
      vertex -60.8455 108.571 45.15
      vertex -61.2525 108.997 48.15
      vertex -61.2525 108.997 45.15
    endloop
  endfacet
  facet normal -0.723047 -0.690799 0
    outer loop
      vertex -61.2525 108.997 48.15
      vertex -60.8455 108.571 45.15
      vertex -60.8455 108.571 48.15
    endloop
  endfacet
  facet normal -0.422587 0.906322 -0.000788921
    outer loop
      vertex -54.4192 92.6854 63.15
      vertex -55.1229 92.3572 63.0478
      vertex -54.7741 92.5199 63.1243
    endloop
  endfacet
  facet normal -0.422794 0.906225 0.00094745
    outer loop
      vertex -54.4192 92.6854 63.15
      vertex -55.4597 92.2002 62.9216
      vertex -55.1229 92.3572 63.0478
    endloop
  endfacet
  facet normal -0.422477 0.906373 -0.000808994
    outer loop
      vertex -54.4192 92.6854 63.15
      vertex -55.7786 92.0514 62.7481
      vertex -55.4597 92.2002 62.9216
    endloop
  endfacet
  facet normal -0.422768 0.906238 0.000387788
    outer loop
      vertex -54.4192 92.6854 63.15
      vertex -56.0744 91.9135 62.5301
      vertex -55.7786 92.0514 62.7481
    endloop
  endfacet
  facet normal -0.422569 0.90633 -0.000257304
    outer loop
      vertex -54.4192 92.6854 63.15
      vertex -56.3417 91.7888 62.2713
      vertex -56.0744 91.9135 62.5301
    endloop
  endfacet
  facet normal -0.422782 0.906231 0.00030983
    outer loop
      vertex -54.4192 92.6854 63.15
      vertex -56.5762 91.6795 61.9763
      vertex -56.3417 91.7888 62.2713
    endloop
  endfacet
  facet normal -0.422735 0.906253 0.000203832
    outer loop
      vertex -54.4192 92.6854 63.15
      vertex -56.7738 91.5874 61.65
      vertex -56.5762 91.6795 61.9763
    endloop
  endfacet
  facet normal -0.422539 0.906345 -0.000171586
    outer loop
      vertex -54.4192 92.6854 63.15
      vertex -56.9311 91.514 61.298
      vertex -56.7738 91.5874 61.65
    endloop
  endfacet
  facet normal -0.422737 0.906253 0.000155657
    outer loop
      vertex -54.4192 92.6854 63.15
      vertex -57.0455 91.4607 60.9265
      vertex -56.9311 91.514 61.298
    endloop
  endfacet
  facet normal -0.42266 0.906289 4.466e-05
    outer loop
      vertex -54.4192 92.6854 63.15
      vertex -57.1148 91.4284 60.5416
      vertex -57.0455 91.4607 60.9265
    endloop
  endfacet
  facet normal -0.422556 0.906337 -8.55845e-05
    outer loop
      vertex -54.4192 92.6854 63.15
      vertex -57.1381 91.4175 60.15
      vertex -57.1148 91.4284 60.5416
    endloop
  endfacet
  facet normal -0.422702 0.906269 7.50338e-05
    outer loop
      vertex -54.4192 92.6854 63.15
      vertex -57.1148 91.4284 59.7584
      vertex -57.1381 91.4175 60.15
    endloop
  endfacet
  facet normal -0.422624 0.906305 0
    outer loop
      vertex -54.4192 92.6854 57.15
      vertex -57.1148 91.4284 59.7584
      vertex -54.4192 92.6854 63.15
    endloop
  endfacet
  facet normal -0.42266 0.906289 -4.466e-05
    outer loop
      vertex -57.1148 91.4284 59.7584
      vertex -54.4192 92.6854 57.15
      vertex -57.0455 91.4607 59.3735
    endloop
  endfacet
  facet normal -0.422737 0.906253 -0.0001556
    outer loop
      vertex -57.0455 91.4607 59.3735
      vertex -54.4192 92.6854 57.15
      vertex -56.9311 91.514 59.0019
    endloop
  endfacet
  facet normal -0.422539 0.906345 0.000171654
    outer loop
      vertex -56.9311 91.514 59.0019
      vertex -54.4192 92.6854 57.15
      vertex -56.7738 91.5874 58.65
    endloop
  endfacet
  facet normal -0.422735 0.906253 -0.000203832
    outer loop
      vertex -56.7738 91.5874 58.65
      vertex -54.4192 92.6854 57.15
      vertex -56.5762 91.6795 58.3237
    endloop
  endfacet
  facet normal -0.422782 0.906231 -0.00030983
    outer loop
      vertex -56.5762 91.6795 58.3237
      vertex -54.4192 92.6854 57.15
      vertex -56.3417 91.7888 58.0287
    endloop
  endfacet
  facet normal -0.422569 0.90633 0.000257304
    outer loop
      vertex -56.3417 91.7888 58.0287
      vertex -54.4192 92.6854 57.15
      vertex -56.0744 91.9135 57.7699
    endloop
  endfacet
  facet normal -0.422768 0.906238 -0.000387788
    outer loop
      vertex -56.0744 91.9135 57.7699
      vertex -54.4192 92.6854 57.15
      vertex -55.7786 92.0514 57.5519
    endloop
  endfacet
  facet normal -0.422477 0.906373 0.000808994
    outer loop
      vertex -55.7786 92.0514 57.5519
      vertex -54.4192 92.6854 57.15
      vertex -55.4597 92.2002 57.3784
    endloop
  endfacet
  facet normal -0.422794 0.906225 -0.00094745
    outer loop
      vertex -55.4597 92.2002 57.3784
      vertex -54.4192 92.6854 57.15
      vertex -55.1229 92.3572 57.2522
    endloop
  endfacet
  facet normal -0.422587 0.906322 0.000788921
    outer loop
      vertex -55.1229 92.3572 57.2522
      vertex -54.4192 92.6854 57.15
      vertex -54.7741 92.5199 57.1757
    endloop
  endfacet
endsolid OpenSCAD_Model
