ISO-10303-21;
HEADER;
FILE_DESCRIPTION(('Open CASCADE Model'),'2;1');
FILE_NAME('Open CASCADE Shape Model','2026-09-30T20:44:59',('Author'),(
    'Open CASCADE'),'Open CASCADE STEP processor 7.9','Open CASCADE 7.9'
  ,'Unknown');
FILE_SCHEMA(('AUTOMOTIVE_DESIGN { 1 0 10303 214 1 1 1 1 }'));
ENDSEC;
DATA;
#1 = APPLICATION_PROTOCOL_DEFINITION('international standard',
  'automotive_design',2000,#2);
#2 = APPLICATION_CONTEXT(
  'core data for automotive mechanical design processes');
#3 = SHAPE_DEFINITION_REPRESENTATION(#4,#10);
#4 = PRODUCT_DEFINITION_SHAPE('','',#5);
#5 = PRODUCT_DEFINITION('design','',#6,#9);
#6 = PRODUCT_DEFINITION_FORMATION('','',#7);
#7 = PRODUCT('Open CASCADE STEP translator 7.9 5',
  'Open CASCADE STEP translator 7.9 5','',(#8));
#8 = PRODUCT_CONTEXT('',#2,'mechanical');
#9 = PRODUCT_DEFINITION_CONTEXT('part definition',#2,'design');
#10 = ADVANCED_BREP_SHAPE_REPRESENTATION('',(#11,#15),#2671);
#11 = AXIS2_PLACEMENT_3D('',#12,#13,#14);
#12 = CARTESIAN_POINT('',(0.,0.,0.));
#13 = DIRECTION('',(0.,0.,1.));
#14 = DIRECTION('',(1.,0.,-0.));
#15 = MANIFOLD_SOLID_BREP('',#16);
#16 = CLOSED_SHELL('',(#17,#328,#668,#718,#1088,#1136,#1160,#1167,#1433,
    #1483,#1773,#1800,#1827,#1833,#1860,#1983,#2009,#2016,#2071,#2126,
    #2181,#2229,#2254,#2308,#2362,#2417,#2471,#2498,#2505,#2532,#2559,
    #2586,#2613,#2640,#2646,#2653,#2660,#2667));
#17 = ADVANCED_FACE('',(#18),#32,.F.);
#18 = FACE_BOUND('',#19,.F.);
#19 = EDGE_LOOP('',(#20,#55,#83,#111,#139,#167,#195,#218,#246,#274,#302)
  );
#20 = ORIENTED_EDGE('',*,*,#21,.F.);
#21 = EDGE_CURVE('',#22,#24,#26,.T.);
#22 = VERTEX_POINT('',#23);
#23 = CARTESIAN_POINT('',(-26.,-20.,79.));
#24 = VERTEX_POINT('',#25);
#25 = CARTESIAN_POINT('',(-26.,-1.68443197756,79.));
#26 = SURFACE_CURVE('',#27,(#31,#43),.PCURVE_S1.);
#27 = LINE('',#28,#29);
#28 = CARTESIAN_POINT('',(-26.,-24.,79.));
#29 = VECTOR('',#30,1.);
#30 = DIRECTION('',(0.,1.,0.));
#31 = PCURVE('',#32,#37);
#32 = PLANE('',#33);
#33 = AXIS2_PLACEMENT_3D('',#34,#35,#36);
#34 = CARTESIAN_POINT('',(-26.,-24.,73.));
#35 = DIRECTION('',(1.,0.,0.));
#36 = DIRECTION('',(0.,0.,1.));
#37 = DEFINITIONAL_REPRESENTATION('',(#38),#42);
#38 = LINE('',#39,#40);
#39 = CARTESIAN_POINT('',(6.,0.));
#40 = VECTOR('',#41,1.);
#41 = DIRECTION('',(0.,-1.));
#42 = ( GEOMETRIC_REPRESENTATION_CONTEXT(2) 
PARAMETRIC_REPRESENTATION_CONTEXT() REPRESENTATION_CONTEXT('2D SPACE',''
  ) );
#43 = PCURVE('',#44,#49);
#44 = PLANE('',#45);
#45 = AXIS2_PLACEMENT_3D('',#46,#47,#48);
#46 = CARTESIAN_POINT('',(-26.,-24.,79.));
#47 = DIRECTION('',(0.,0.,1.));
#48 = DIRECTION('',(1.,0.,0.));
#49 = DEFINITIONAL_REPRESENTATION('',(#50),#54);
#50 = LINE('',#51,#52);
#51 = CARTESIAN_POINT('',(0.,0.));
#52 = VECTOR('',#53,1.);
#53 = DIRECTION('',(0.,1.));
#54 = ( GEOMETRIC_REPRESENTATION_CONTEXT(2) 
PARAMETRIC_REPRESENTATION_CONTEXT() REPRESENTATION_CONTEXT('2D SPACE',''
  ) );
#55 = ORIENTED_EDGE('',*,*,#56,.F.);
#56 = EDGE_CURVE('',#57,#22,#59,.T.);
#57 = VERTEX_POINT('',#58);
#58 = CARTESIAN_POINT('',(-26.,-20.,73.));
#59 = SURFACE_CURVE('',#60,(#64,#71),.PCURVE_S1.);
#60 = LINE('',#61,#62);
#61 = CARTESIAN_POINT('',(-26.,-20.,73.));
#62 = VECTOR('',#63,1.);
#63 = DIRECTION('',(0.,0.,1.));
#64 = PCURVE('',#32,#65);
#65 = DEFINITIONAL_REPRESENTATION('',(#66),#70);
#66 = LINE('',#67,#68);
#67 = CARTESIAN_POINT('',(0.,-4.));
#68 = VECTOR('',#69,1.);
#69 = DIRECTION('',(1.,0.));
#70 = ( GEOMETRIC_REPRESENTATION_CONTEXT(2) 
PARAMETRIC_REPRESENTATION_CONTEXT() REPRESENTATION_CONTEXT('2D SPACE',''
  ) );
#71 = PCURVE('',#72,#77);
#72 = CYLINDRICAL_SURFACE('',#73,4.);
#73 = AXIS2_PLACEMENT_3D('',#74,#75,#76);
#74 = CARTESIAN_POINT('',(-22.,-20.,73.));
#75 = DIRECTION('',(0.,0.,1.));
#76 = DIRECTION('',(-1.,-0.,0.));
#77 = DEFINITIONAL_REPRESENTATION('',(#78),#82);
#78 = LINE('',#79,#80);
#79 = CARTESIAN_POINT('',(0.,0.));
#80 = VECTOR('',#81,1.);
#81 = DIRECTION('',(0.,1.));
#82 = ( GEOMETRIC_REPRESENTATION_CONTEXT(2) 
PARAMETRIC_REPRESENTATION_CONTEXT() REPRESENTATION_CONTEXT('2D SPACE',''
  ) );
#83 = ORIENTED_EDGE('',*,*,#84,.T.);
#84 = EDGE_CURVE('',#57,#85,#87,.T.);
#85 = VERTEX_POINT('',#86);
#86 = CARTESIAN_POINT('',(-26.,19.2,73.));
#87 = SURFACE_CURVE('',#88,(#92,#99),.PCURVE_S1.);
#88 = LINE('',#89,#90);
#89 = CARTESIAN_POINT('',(-26.,-24.,73.));
#90 = VECTOR('',#91,1.);
#91 = DIRECTION('',(0.,1.,0.));
#92 = PCURVE('',#32,#93);
#93 = DEFINITIONAL_REPRESENTATION('',(#94),#98);
#94 = LINE('',#95,#96);
#95 = CARTESIAN_POINT('',(0.,0.));
#96 = VECTOR('',#97,1.);
#97 = DIRECTION('',(0.,-1.));
#98 = ( GEOMETRIC_REPRESENTATION_CONTEXT(2) 
PARAMETRIC_REPRESENTATION_CONTEXT() REPRESENTATION_CONTEXT('2D SPACE',''
  ) );
#99 = PCURVE('',#100,#105);
#100 = PLANE('',#101);
#101 = AXIS2_PLACEMENT_3D('',#102,#103,#104);
#102 = CARTESIAN_POINT('',(-26.,-24.,73.));
#103 = DIRECTION('',(0.,0.,1.));
#104 = DIRECTION('',(1.,0.,0.));
#105 = DEFINITIONAL_REPRESENTATION('',(#106),#110);
#106 = LINE('',#107,#108);
#107 = CARTESIAN_POINT('',(0.,0.));
#108 = VECTOR('',#109,1.);
#109 = DIRECTION('',(0.,1.));
#110 = ( GEOMETRIC_REPRESENTATION_CONTEXT(2) 
PARAMETRIC_REPRESENTATION_CONTEXT() REPRESENTATION_CONTEXT('2D SPACE',''
  ) );
#111 = ORIENTED_EDGE('',*,*,#112,.T.);
#112 = EDGE_CURVE('',#85,#113,#115,.T.);
#113 = VERTEX_POINT('',#114);
#114 = CARTESIAN_POINT('',(-26.,19.2,78.5));
#115 = SURFACE_CURVE('',#116,(#120,#127),.PCURVE_S1.);
#116 = LINE('',#117,#118);
#117 = CARTESIAN_POINT('',(-26.,19.2,73.));
#118 = VECTOR('',#119,1.);
#119 = DIRECTION('',(0.,0.,1.));
#120 = PCURVE('',#32,#121);
#121 = DEFINITIONAL_REPRESENTATION('',(#122),#126);
#122 = LINE('',#123,#124);
#123 = CARTESIAN_POINT('',(0.,-43.2));
#124 = VECTOR('',#125,1.);
#125 = DIRECTION('',(1.,0.));
#126 = ( GEOMETRIC_REPRESENTATION_CONTEXT(2) 
PARAMETRIC_REPRESENTATION_CONTEXT() REPRESENTATION_CONTEXT('2D SPACE',''
  ) );
#127 = PCURVE('',#128,#133);
#128 = CYLINDRICAL_SURFACE('',#129,4.);
#129 = AXIS2_PLACEMENT_3D('',#130,#131,#132);
#130 = CARTESIAN_POINT('',(-22.,19.2,73.));
#131 = DIRECTION('',(0.,0.,1.));
#132 = DIRECTION('',(-1.,-0.,0.));
#133 = DEFINITIONAL_REPRESENTATION('',(#134),#138);
#134 = LINE('',#135,#136);
#135 = CARTESIAN_POINT('',(-0.,0.));
#136 = VECTOR('',#137,1.);
#137 = DIRECTION('',(-0.,1.));
#138 = ( GEOMETRIC_REPRESENTATION_CONTEXT(2) 
PARAMETRIC_REPRESENTATION_CONTEXT() REPRESENTATION_CONTEXT('2D SPACE',''
  ) );
#139 = ORIENTED_EDGE('',*,*,#140,.T.);
#140 = EDGE_CURVE('',#113,#141,#143,.T.);
#141 = VERTEX_POINT('',#142);
#142 = CARTESIAN_POINT('',(-26.,20.,78.5));
#143 = SURFACE_CURVE('',#144,(#148,#155),.PCURVE_S1.);
#144 = LINE('',#145,#146);
#145 = CARTESIAN_POINT('',(-26.,-2.,78.5));
#146 = VECTOR('',#147,1.);
#147 = DIRECTION('',(0.,1.,0.));
#148 = PCURVE('',#32,#149);
#149 = DEFINITIONAL_REPRESENTATION('',(#150),#154);
#150 = LINE('',#151,#152);
#151 = CARTESIAN_POINT('',(5.5,-22.));
#152 = VECTOR('',#153,1.);
#153 = DIRECTION('',(0.,-1.));
#154 = ( GEOMETRIC_REPRESENTATION_CONTEXT(2) 
PARAMETRIC_REPRESENTATION_CONTEXT() REPRESENTATION_CONTEXT('2D SPACE',''
  ) );
#155 = PCURVE('',#156,#161);
#156 = PLANE('',#157);
#157 = AXIS2_PLACEMENT_3D('',#158,#159,#160);
#158 = CARTESIAN_POINT('',(-26.,-2.,78.5));
#159 = DIRECTION('',(0.,0.,1.));
#160 = DIRECTION('',(0.,1.,0.));
#161 = DEFINITIONAL_REPRESENTATION('',(#162),#166);
#162 = LINE('',#163,#164);
#163 = CARTESIAN_POINT('',(0.,0.));
#164 = VECTOR('',#165,1.);
#165 = DIRECTION('',(1.,0.));
#166 = ( GEOMETRIC_REPRESENTATION_CONTEXT(2) 
PARAMETRIC_REPRESENTATION_CONTEXT() REPRESENTATION_CONTEXT('2D SPACE',''
  ) );
#167 = ORIENTED_EDGE('',*,*,#168,.F.);
#168 = EDGE_CURVE('',#169,#141,#171,.T.);
#169 = VERTEX_POINT('',#170);
#170 = CARTESIAN_POINT('',(-26.,20.,73.));
#171 = SURFACE_CURVE('',#172,(#176,#183),.PCURVE_S1.);
#172 = LINE('',#173,#174);
#173 = CARTESIAN_POINT('',(-26.,20.,73.));
#174 = VECTOR('',#175,1.);
#175 = DIRECTION('',(0.,0.,1.));
#176 = PCURVE('',#32,#177);
#177 = DEFINITIONAL_REPRESENTATION('',(#178),#182);
#178 = LINE('',#179,#180);
#179 = CARTESIAN_POINT('',(0.,-44.));
#180 = VECTOR('',#181,1.);
#181 = DIRECTION('',(1.,0.));
#182 = ( GEOMETRIC_REPRESENTATION_CONTEXT(2) 
PARAMETRIC_REPRESENTATION_CONTEXT() REPRESENTATION_CONTEXT('2D SPACE',''
  ) );
#183 = PCURVE('',#184,#189);
#184 = PLANE('',#185);
#185 = AXIS2_PLACEMENT_3D('',#186,#187,#188);
#186 = CARTESIAN_POINT('',(-26.,20.,73.));
#187 = DIRECTION('',(0.,1.,0.));
#188 = DIRECTION('',(0.,0.,1.));
#189 = DEFINITIONAL_REPRESENTATION('',(#190),#194);
#190 = LINE('',#191,#192);
#191 = CARTESIAN_POINT('',(0.,0.));
#192 = VECTOR('',#193,1.);
#193 = DIRECTION('',(1.,0.));
#194 = ( GEOMETRIC_REPRESENTATION_CONTEXT(2) 
PARAMETRIC_REPRESENTATION_CONTEXT() REPRESENTATION_CONTEXT('2D SPACE',''
  ) );
#195 = ORIENTED_EDGE('',*,*,#196,.T.);
#196 = EDGE_CURVE('',#169,#197,#199,.T.);
#197 = VERTEX_POINT('',#198);
#198 = CARTESIAN_POINT('',(-26.,23.2,73.));
#199 = SURFACE_CURVE('',#200,(#204,#211),.PCURVE_S1.);
#200 = LINE('',#201,#202);
#201 = CARTESIAN_POINT('',(-26.,20.,73.));
#202 = VECTOR('',#203,1.);
#203 = DIRECTION('',(0.,1.,0.));
#204 = PCURVE('',#32,#205);
#205 = DEFINITIONAL_REPRESENTATION('',(#206),#210);
#206 = LINE('',#207,#208);
#207 = CARTESIAN_POINT('',(0.,-44.));
#208 = VECTOR('',#209,1.);
#209 = DIRECTION('',(0.,-1.));
#210 = ( GEOMETRIC_REPRESENTATION_CONTEXT(2) 
PARAMETRIC_REPRESENTATION_CONTEXT() REPRESENTATION_CONTEXT('2D SPACE',''
  ) );
#211 = PCURVE('',#100,#212);
#212 = DEFINITIONAL_REPRESENTATION('',(#213),#217);
#213 = LINE('',#214,#215);
#214 = CARTESIAN_POINT('',(0.,44.));
#215 = VECTOR('',#216,1.);
#216 = DIRECTION('',(0.,1.));
#217 = ( GEOMETRIC_REPRESENTATION_CONTEXT(2) 
PARAMETRIC_REPRESENTATION_CONTEXT() REPRESENTATION_CONTEXT('2D SPACE',''
  ) );
#218 = ORIENTED_EDGE('',*,*,#219,.T.);
#219 = EDGE_CURVE('',#197,#220,#222,.T.);
#220 = VERTEX_POINT('',#221);
#221 = CARTESIAN_POINT('',(-26.,23.2,118.15));
#222 = SURFACE_CURVE('',#223,(#227,#234),.PCURVE_S1.);
#223 = LINE('',#224,#225);
#224 = CARTESIAN_POINT('',(-26.,23.2,73.));
#225 = VECTOR('',#226,1.);
#226 = DIRECTION('',(0.,0.,1.));
#227 = PCURVE('',#32,#228);
#228 = DEFINITIONAL_REPRESENTATION('',(#229),#233);
#229 = LINE('',#230,#231);
#230 = CARTESIAN_POINT('',(0.,-47.2));
#231 = VECTOR('',#232,1.);
#232 = DIRECTION('',(1.,0.));
#233 = ( GEOMETRIC_REPRESENTATION_CONTEXT(2) 
PARAMETRIC_REPRESENTATION_CONTEXT() REPRESENTATION_CONTEXT('2D SPACE',''
  ) );
#234 = PCURVE('',#235,#240);
#235 = PLANE('',#236);
#236 = AXIS2_PLACEMENT_3D('',#237,#238,#239);
#237 = CARTESIAN_POINT('',(-26.,23.2,73.));
#238 = DIRECTION('',(0.,1.,0.));
#239 = DIRECTION('',(0.,0.,1.));
#240 = DEFINITIONAL_REPRESENTATION('',(#241),#245);
#241 = LINE('',#242,#243);
#242 = CARTESIAN_POINT('',(0.,0.));
#243 = VECTOR('',#244,1.);
#244 = DIRECTION('',(1.,0.));
#245 = ( GEOMETRIC_REPRESENTATION_CONTEXT(2) 
PARAMETRIC_REPRESENTATION_CONTEXT() REPRESENTATION_CONTEXT('2D SPACE',''
  ) );
#246 = ORIENTED_EDGE('',*,*,#247,.F.);
#247 = EDGE_CURVE('',#248,#220,#250,.T.);
#248 = VERTEX_POINT('',#249);
#249 = CARTESIAN_POINT('',(-26.,20.,118.15));
#250 = SURFACE_CURVE('',#251,(#255,#262),.PCURVE_S1.);
#251 = LINE('',#252,#253);
#252 = CARTESIAN_POINT('',(-26.,20.,118.15));
#253 = VECTOR('',#254,1.);
#254 = DIRECTION('',(0.,1.,0.));
#255 = PCURVE('',#32,#256);
#256 = DEFINITIONAL_REPRESENTATION('',(#257),#261);
#257 = LINE('',#258,#259);
#258 = CARTESIAN_POINT('',(45.15,-44.));
#259 = VECTOR('',#260,1.);
#260 = DIRECTION('',(0.,-1.));
#261 = ( GEOMETRIC_REPRESENTATION_CONTEXT(2) 
PARAMETRIC_REPRESENTATION_CONTEXT() REPRESENTATION_CONTEXT('2D SPACE',''
  ) );
#262 = PCURVE('',#263,#268);
#263 = CYLINDRICAL_SURFACE('',#264,6.);
#264 = AXIS2_PLACEMENT_3D('',#265,#266,#267);
#265 = CARTESIAN_POINT('',(-20.,20.,118.15));
#266 = DIRECTION('',(0.,1.,0.));
#267 = DIRECTION('',(-1.,0.,0.));
#268 = DEFINITIONAL_REPRESENTATION('',(#269),#273);
#269 = LINE('',#270,#271);
#270 = CARTESIAN_POINT('',(0.,0.));
#271 = VECTOR('',#272,1.);
#272 = DIRECTION('',(0.,1.));
#273 = ( GEOMETRIC_REPRESENTATION_CONTEXT(2) 
PARAMETRIC_REPRESENTATION_CONTEXT() REPRESENTATION_CONTEXT('2D SPACE',''
  ) );
#274 = ORIENTED_EDGE('',*,*,#275,.F.);
#275 = EDGE_CURVE('',#276,#248,#278,.T.);
#276 = VERTEX_POINT('',#277);
#277 = CARTESIAN_POINT('',(-26.,20.,113.35777777777));
#278 = SURFACE_CURVE('',#279,(#283,#290),.PCURVE_S1.);
#279 = LINE('',#280,#281);
#280 = CARTESIAN_POINT('',(-26.,20.,73.));
#281 = VECTOR('',#282,1.);
#282 = DIRECTION('',(0.,0.,1.));
#283 = PCURVE('',#32,#284);
#284 = DEFINITIONAL_REPRESENTATION('',(#285),#289);
#285 = LINE('',#286,#287);
#286 = CARTESIAN_POINT('',(0.,-44.));
#287 = VECTOR('',#288,1.);
#288 = DIRECTION('',(1.,0.));
#289 = ( GEOMETRIC_REPRESENTATION_CONTEXT(2) 
PARAMETRIC_REPRESENTATION_CONTEXT() REPRESENTATION_CONTEXT('2D SPACE',''
  ) );
#290 = PCURVE('',#291,#296);
#291 = PLANE('',#292);
#292 = AXIS2_PLACEMENT_3D('',#293,#294,#295);
#293 = CARTESIAN_POINT('',(-26.,20.,73.));
#294 = DIRECTION('',(0.,1.,0.));
#295 = DIRECTION('',(0.,0.,1.));
#296 = DEFINITIONAL_REPRESENTATION('',(#297),#301);
#297 = LINE('',#298,#299);
#298 = CARTESIAN_POINT('',(0.,0.));
#299 = VECTOR('',#300,1.);
#300 = DIRECTION('',(1.,0.));
#301 = ( GEOMETRIC_REPRESENTATION_CONTEXT(2) 
PARAMETRIC_REPRESENTATION_CONTEXT() REPRESENTATION_CONTEXT('2D SPACE',''
  ) );
#302 = ORIENTED_EDGE('',*,*,#303,.T.);
#303 = EDGE_CURVE('',#276,#24,#304,.T.);
#304 = SURFACE_CURVE('',#305,(#309,#316),.PCURVE_S1.);
#305 = LINE('',#306,#307);
#306 = CARTESIAN_POINT('',(-26.,20.5,114.15));
#307 = VECTOR('',#308,1.);
#308 = DIRECTION('',(0.,-0.533725221268,-0.845657961698));
#309 = PCURVE('',#32,#310);
#310 = DEFINITIONAL_REPRESENTATION('',(#311),#315);
#311 = LINE('',#312,#313);
#312 = CARTESIAN_POINT('',(41.15,-44.5));
#313 = VECTOR('',#314,1.);
#314 = DIRECTION('',(-0.845657961698,0.533725221268));
#315 = ( GEOMETRIC_REPRESENTATION_CONTEXT(2) 
PARAMETRIC_REPRESENTATION_CONTEXT() REPRESENTATION_CONTEXT('2D SPACE',''
  ) );
#316 = PCURVE('',#317,#322);
#317 = PLANE('',#318);
#318 = AXIS2_PLACEMENT_3D('',#319,#320,#321);
#319 = CARTESIAN_POINT('',(-26.,20.5,114.15));
#320 = DIRECTION('',(0.,0.845657961698,-0.533725221268));
#321 = DIRECTION('',(0.,-0.533725221268,-0.845657961698));
#322 = DEFINITIONAL_REPRESENTATION('',(#323),#327);
#323 = LINE('',#324,#325);
#324 = CARTESIAN_POINT('',(0.,0.));
#325 = VECTOR('',#326,1.);
#326 = DIRECTION('',(1.,0.));
#327 = ( GEOMETRIC_REPRESENTATION_CONTEXT(2) 
PARAMETRIC_REPRESENTATION_CONTEXT() REPRESENTATION_CONTEXT('2D SPACE',''
  ) );
#328 = ADVANCED_FACE('',(#329,#563,#598,#633),#44,.T.);
#329 = FACE_BOUND('',#330,.T.);
#330 = EDGE_LOOP('',(#331,#332,#356,#384,#417,#445,#471,#497,#518,#544)
  );
#331 = ORIENTED_EDGE('',*,*,#21,.F.);
#332 = ORIENTED_EDGE('',*,*,#333,.T.);
#333 = EDGE_CURVE('',#22,#334,#336,.T.);
#334 = VERTEX_POINT('',#335);
#335 = CARTESIAN_POINT('',(-22.,-24.,79.));
#336 = SURFACE_CURVE('',#337,(#342,#349),.PCURVE_S1.);
#337 = CIRCLE('',#338,4.);
#338 = AXIS2_PLACEMENT_3D('',#339,#340,#341);
#339 = CARTESIAN_POINT('',(-22.,-20.,79.));
#340 = DIRECTION('',(0.,0.,1.));
#341 = DIRECTION('',(0.,-1.,0.));
#342 = PCURVE('',#44,#343);
#343 = DEFINITIONAL_REPRESENTATION('',(#344),#348);
#344 = CIRCLE('',#345,4.);
#345 = AXIS2_PLACEMENT_2D('',#346,#347);
#346 = CARTESIAN_POINT('',(4.,4.));
#347 = DIRECTION('',(0.,-1.));
#348 = ( GEOMETRIC_REPRESENTATION_CONTEXT(2) 
PARAMETRIC_REPRESENTATION_CONTEXT() REPRESENTATION_CONTEXT('2D SPACE',''
  ) );
#349 = PCURVE('',#72,#350);
#350 = DEFINITIONAL_REPRESENTATION('',(#351),#355);
#351 = LINE('',#352,#353);
#352 = CARTESIAN_POINT('',(-4.712388980385,6.));
#353 = VECTOR('',#354,1.);
#354 = DIRECTION('',(1.,0.));
#355 = ( GEOMETRIC_REPRESENTATION_CONTEXT(2) 
PARAMETRIC_REPRESENTATION_CONTEXT() REPRESENTATION_CONTEXT('2D SPACE',''
  ) );
#356 = ORIENTED_EDGE('',*,*,#357,.T.);
#357 = EDGE_CURVE('',#334,#358,#360,.T.);
#358 = VERTEX_POINT('',#359);
#359 = CARTESIAN_POINT('',(22.,-24.,79.));
#360 = SURFACE_CURVE('',#361,(#365,#372),.PCURVE_S1.);
#361 = LINE('',#362,#363);
#362 = CARTESIAN_POINT('',(-26.,-24.,79.));
#363 = VECTOR('',#364,1.);
#364 = DIRECTION('',(1.,0.,0.));
#365 = PCURVE('',#44,#366);
#366 = DEFINITIONAL_REPRESENTATION('',(#367),#371);
#367 = LINE('',#368,#369);
#368 = CARTESIAN_POINT('',(0.,0.));
#369 = VECTOR('',#370,1.);
#370 = DIRECTION('',(1.,0.));
#371 = ( GEOMETRIC_REPRESENTATION_CONTEXT(2) 
PARAMETRIC_REPRESENTATION_CONTEXT() REPRESENTATION_CONTEXT('2D SPACE',''
  ) );
#372 = PCURVE('',#373,#378);
#373 = PLANE('',#374);
#374 = AXIS2_PLACEMENT_3D('',#375,#376,#377);
#375 = CARTESIAN_POINT('',(-26.,-24.,73.));
#376 = DIRECTION('',(0.,1.,0.));
#377 = DIRECTION('',(0.,0.,1.));
#378 = DEFINITIONAL_REPRESENTATION('',(#379),#383);
#379 = LINE('',#380,#381);
#380 = CARTESIAN_POINT('',(6.,0.));
#381 = VECTOR('',#382,1.);
#382 = DIRECTION('',(0.,1.));
#383 = ( GEOMETRIC_REPRESENTATION_CONTEXT(2) 
PARAMETRIC_REPRESENTATION_CONTEXT() REPRESENTATION_CONTEXT('2D SPACE',''
  ) );
#384 = ORIENTED_EDGE('',*,*,#385,.F.);
#385 = EDGE_CURVE('',#386,#358,#388,.T.);
#386 = VERTEX_POINT('',#387);
#387 = CARTESIAN_POINT('',(26.,-20.,79.));
#388 = SURFACE_CURVE('',#389,(#394,#405),.PCURVE_S1.);
#389 = CIRCLE('',#390,4.);
#390 = AXIS2_PLACEMENT_3D('',#391,#392,#393);
#391 = CARTESIAN_POINT('',(22.,-20.,79.));
#392 = DIRECTION('',(-0.,-0.,-1.));
#393 = DIRECTION('',(0.,-1.,0.));
#394 = PCURVE('',#44,#395);
#395 = DEFINITIONAL_REPRESENTATION('',(#396),#404);
#396 = ( BOUNDED_CURVE() B_SPLINE_CURVE(2,(#397,#398,#399,#400,#401,#402
,#403),.UNSPECIFIED.,.T.,.F.) B_SPLINE_CURVE_WITH_KNOTS((1,2,2,2,2,1),(
    -2.094395102393,0.,2.094395102393,4.188790204786,6.28318530718,
8.377580409573),.UNSPECIFIED.) CURVE() GEOMETRIC_REPRESENTATION_ITEM() 
RATIONAL_B_SPLINE_CURVE((1.,0.5,1.,0.5,1.,0.5,1.)) REPRESENTATION_ITEM(
  '') );
#397 = CARTESIAN_POINT('',(48.,0.));
#398 = CARTESIAN_POINT('',(41.071796769724,0.));
#399 = CARTESIAN_POINT('',(44.535898384862,6.));
#400 = CARTESIAN_POINT('',(48.,12.));
#401 = CARTESIAN_POINT('',(51.464101615138,6.));
#402 = CARTESIAN_POINT('',(54.928203230276,6.217248937901E-15));
#403 = CARTESIAN_POINT('',(48.,0.));
#404 = ( GEOMETRIC_REPRESENTATION_CONTEXT(2) 
PARAMETRIC_REPRESENTATION_CONTEXT() REPRESENTATION_CONTEXT('2D SPACE',''
  ) );
#405 = PCURVE('',#406,#411);
#406 = CYLINDRICAL_SURFACE('',#407,4.);
#407 = AXIS2_PLACEMENT_3D('',#408,#409,#410);
#408 = CARTESIAN_POINT('',(22.,-20.,73.));
#409 = DIRECTION('',(0.,0.,1.));
#410 = DIRECTION('',(1.,0.,-0.));
#411 = DEFINITIONAL_REPRESENTATION('',(#412),#416);
#412 = LINE('',#413,#414);
#413 = CARTESIAN_POINT('',(4.712388980385,6.));
#414 = VECTOR('',#415,1.);
#415 = DIRECTION('',(-1.,0.));
#416 = ( GEOMETRIC_REPRESENTATION_CONTEXT(2) 
PARAMETRIC_REPRESENTATION_CONTEXT() REPRESENTATION_CONTEXT('2D SPACE',''
  ) );
#417 = ORIENTED_EDGE('',*,*,#418,.T.);
#418 = EDGE_CURVE('',#386,#419,#421,.T.);
#419 = VERTEX_POINT('',#420);
#420 = CARTESIAN_POINT('',(26.,-1.68443197756,79.));
#421 = SURFACE_CURVE('',#422,(#426,#433),.PCURVE_S1.);
#422 = LINE('',#423,#424);
#423 = CARTESIAN_POINT('',(26.,-24.,79.));
#424 = VECTOR('',#425,1.);
#425 = DIRECTION('',(0.,1.,0.));
#426 = PCURVE('',#44,#427);
#427 = DEFINITIONAL_REPRESENTATION('',(#428),#432);
#428 = LINE('',#429,#430);
#429 = CARTESIAN_POINT('',(52.,0.));
#430 = VECTOR('',#431,1.);
#431 = DIRECTION('',(0.,1.));
#432 = ( GEOMETRIC_REPRESENTATION_CONTEXT(2) 
PARAMETRIC_REPRESENTATION_CONTEXT() REPRESENTATION_CONTEXT('2D SPACE',''
  ) );
#433 = PCURVE('',#434,#439);
#434 = PLANE('',#435);
#435 = AXIS2_PLACEMENT_3D('',#436,#437,#438);
#436 = CARTESIAN_POINT('',(26.,-24.,73.));
#437 = DIRECTION('',(1.,0.,0.));
#438 = DIRECTION('',(0.,0.,1.));
#439 = DEFINITIONAL_REPRESENTATION('',(#440),#444);
#440 = LINE('',#441,#442);
#441 = CARTESIAN_POINT('',(6.,0.));
#442 = VECTOR('',#443,1.);
#443 = DIRECTION('',(0.,-1.));
#444 = ( GEOMETRIC_REPRESENTATION_CONTEXT(2) 
PARAMETRIC_REPRESENTATION_CONTEXT() REPRESENTATION_CONTEXT('2D SPACE',''
  ) );
#445 = ORIENTED_EDGE('',*,*,#446,.T.);
#446 = EDGE_CURVE('',#419,#447,#449,.T.);
#447 = VERTEX_POINT('',#448);
#448 = CARTESIAN_POINT('',(22.,-1.68443197756,79.));
#449 = SURFACE_CURVE('',#450,(#454,#460),.PCURVE_S1.);
#450 = LINE('',#451,#452);
#451 = CARTESIAN_POINT('',(-2.,-1.68443197756,79.));
#452 = VECTOR('',#453,1.);
#453 = DIRECTION('',(-1.,0.,0.));
#454 = PCURVE('',#44,#455);
#455 = DEFINITIONAL_REPRESENTATION('',(#456),#459);
#456 = B_SPLINE_CURVE_WITH_KNOTS('',1,(#457,#458),.UNSPECIFIED.,.F.,.F.,
  (2,2),(-28.,-24.),.PIECEWISE_BEZIER_KNOTS.);
#457 = CARTESIAN_POINT('',(52.,22.31556802244));
#458 = CARTESIAN_POINT('',(48.,22.31556802244));
#459 = ( GEOMETRIC_REPRESENTATION_CONTEXT(2) 
PARAMETRIC_REPRESENTATION_CONTEXT() REPRESENTATION_CONTEXT('2D SPACE',''
  ) );
#460 = PCURVE('',#461,#466);
#461 = PLANE('',#462);
#462 = AXIS2_PLACEMENT_3D('',#463,#464,#465);
#463 = CARTESIAN_POINT('',(22.,20.5,114.15));
#464 = DIRECTION('',(0.,0.845657961698,-0.533725221268));
#465 = DIRECTION('',(0.,-0.533725221268,-0.845657961698));
#466 = DEFINITIONAL_REPRESENTATION('',(#467),#470);
#467 = B_SPLINE_CURVE_WITH_KNOTS('',1,(#468,#469),.UNSPECIFIED.,.F.,.F.,
  (2,2),(-28.,-24.),.PIECEWISE_BEZIER_KNOTS.);
#468 = CARTESIAN_POINT('',(41.565268219596,-4.));
#469 = CARTESIAN_POINT('',(41.565268219596,0.));
#470 = ( GEOMETRIC_REPRESENTATION_CONTEXT(2) 
PARAMETRIC_REPRESENTATION_CONTEXT() REPRESENTATION_CONTEXT('2D SPACE',''
  ) );
#471 = ORIENTED_EDGE('',*,*,#472,.T.);
#472 = EDGE_CURVE('',#447,#473,#475,.T.);
#473 = VERTEX_POINT('',#474);
#474 = CARTESIAN_POINT('',(22.,20.,79.));
#475 = SURFACE_CURVE('',#476,(#480,#486),.PCURVE_S1.);
#476 = LINE('',#477,#478);
#477 = CARTESIAN_POINT('',(22.,-5.375815476631,79.));
#478 = VECTOR('',#479,1.);
#479 = DIRECTION('',(0.,1.,0.));
#480 = PCURVE('',#44,#481);
#481 = DEFINITIONAL_REPRESENTATION('',(#482),#485);
#482 = B_SPLINE_CURVE_WITH_KNOTS('',1,(#483,#484),.UNSPECIFIED.,.F.,.F.,
  (2,2),(3.375815476631,25.375815476631),.PIECEWISE_BEZIER_KNOTS.);
#483 = CARTESIAN_POINT('',(48.,22.));
#484 = CARTESIAN_POINT('',(48.,44.));
#485 = ( GEOMETRIC_REPRESENTATION_CONTEXT(2) 
PARAMETRIC_REPRESENTATION_CONTEXT() REPRESENTATION_CONTEXT('2D SPACE',''
  ) );
#486 = PCURVE('',#487,#492);
#487 = PLANE('',#488);
#488 = AXIS2_PLACEMENT_3D('',#489,#490,#491);
#489 = CARTESIAN_POINT('',(22.,13.248369046738,92.326630953262));
#490 = DIRECTION('',(1.,0.,0.));
#491 = DIRECTION('',(-0.,0.,1.));
#492 = DEFINITIONAL_REPRESENTATION('',(#493),#496);
#493 = B_SPLINE_CURVE_WITH_KNOTS('',1,(#494,#495),.UNSPECIFIED.,.F.,.F.,
  (2,2),(3.375815476631,25.375815476631),.PIECEWISE_BEZIER_KNOTS.);
#494 = CARTESIAN_POINT('',(-13.32663095326,15.248369046738));
#495 = CARTESIAN_POINT('',(-13.32663095326,-6.751630953262));
#496 = ( GEOMETRIC_REPRESENTATION_CONTEXT(2) 
PARAMETRIC_REPRESENTATION_CONTEXT() REPRESENTATION_CONTEXT('2D SPACE',''
  ) );
#497 = ORIENTED_EDGE('',*,*,#498,.T.);
#498 = EDGE_CURVE('',#473,#499,#501,.T.);
#499 = VERTEX_POINT('',#500);
#500 = CARTESIAN_POINT('',(-22.,20.,79.));
#501 = SURFACE_CURVE('',#502,(#506,#512),.PCURVE_S1.);
#502 = LINE('',#503,#504);
#503 = CARTESIAN_POINT('',(-26.,20.,79.));
#504 = VECTOR('',#505,1.);
#505 = DIRECTION('',(-1.,0.,0.));
#506 = PCURVE('',#44,#507);
#507 = DEFINITIONAL_REPRESENTATION('',(#508),#511);
#508 = B_SPLINE_CURVE_WITH_KNOTS('',1,(#509,#510),.UNSPECIFIED.,.F.,.F.,
  (2,2),(-52.,0.),.PIECEWISE_BEZIER_KNOTS.);
#509 = CARTESIAN_POINT('',(52.,44.));
#510 = CARTESIAN_POINT('',(0.,44.));
#511 = ( GEOMETRIC_REPRESENTATION_CONTEXT(2) 
PARAMETRIC_REPRESENTATION_CONTEXT() REPRESENTATION_CONTEXT('2D SPACE',''
  ) );
#512 = PCURVE('',#291,#513);
#513 = DEFINITIONAL_REPRESENTATION('',(#514),#517);
#514 = B_SPLINE_CURVE_WITH_KNOTS('',1,(#515,#516),.UNSPECIFIED.,.F.,.F.,
  (2,2),(-52.,0.),.PIECEWISE_BEZIER_KNOTS.);
#515 = CARTESIAN_POINT('',(6.,52.));
#516 = CARTESIAN_POINT('',(6.,0.));
#517 = ( GEOMETRIC_REPRESENTATION_CONTEXT(2) 
PARAMETRIC_REPRESENTATION_CONTEXT() REPRESENTATION_CONTEXT('2D SPACE',''
  ) );
#518 = ORIENTED_EDGE('',*,*,#519,.F.);
#519 = EDGE_CURVE('',#520,#499,#522,.T.);
#520 = VERTEX_POINT('',#521);
#521 = CARTESIAN_POINT('',(-22.,-1.68443197756,79.));
#522 = SURFACE_CURVE('',#523,(#527,#533),.PCURVE_S1.);
#523 = LINE('',#524,#525);
#524 = CARTESIAN_POINT('',(-22.,-5.375815476631,79.));
#525 = VECTOR('',#526,1.);
#526 = DIRECTION('',(0.,1.,0.));
#527 = PCURVE('',#44,#528);
#528 = DEFINITIONAL_REPRESENTATION('',(#529),#532);
#529 = B_SPLINE_CURVE_WITH_KNOTS('',1,(#530,#531),.UNSPECIFIED.,.F.,.F.,
  (2,2),(3.375815476631,25.375815476631),.PIECEWISE_BEZIER_KNOTS.);
#530 = CARTESIAN_POINT('',(4.,22.));
#531 = CARTESIAN_POINT('',(4.,44.));
#532 = ( GEOMETRIC_REPRESENTATION_CONTEXT(2) 
PARAMETRIC_REPRESENTATION_CONTEXT() REPRESENTATION_CONTEXT('2D SPACE',''
  ) );
#533 = PCURVE('',#534,#539);
#534 = PLANE('',#535);
#535 = AXIS2_PLACEMENT_3D('',#536,#537,#538);
#536 = CARTESIAN_POINT('',(-22.,13.248369046738,92.326630953262));
#537 = DIRECTION('',(1.,0.,0.));
#538 = DIRECTION('',(-0.,0.,1.));
#539 = DEFINITIONAL_REPRESENTATION('',(#540),#543);
#540 = B_SPLINE_CURVE_WITH_KNOTS('',1,(#541,#542),.UNSPECIFIED.,.F.,.F.,
  (2,2),(3.375815476631,25.375815476631),.PIECEWISE_BEZIER_KNOTS.);
#541 = CARTESIAN_POINT('',(-13.32663095326,15.248369046738));
#542 = CARTESIAN_POINT('',(-13.32663095326,-6.751630953262));
#543 = ( GEOMETRIC_REPRESENTATION_CONTEXT(2) 
PARAMETRIC_REPRESENTATION_CONTEXT() REPRESENTATION_CONTEXT('2D SPACE',''
  ) );
#544 = ORIENTED_EDGE('',*,*,#545,.T.);
#545 = EDGE_CURVE('',#520,#24,#546,.T.);
#546 = SURFACE_CURVE('',#547,(#551,#557),.PCURVE_S1.);
#547 = LINE('',#548,#549);
#548 = CARTESIAN_POINT('',(-26.,-1.68443197756,79.));
#549 = VECTOR('',#550,1.);
#550 = DIRECTION('',(-1.,0.,0.));
#551 = PCURVE('',#44,#552);
#552 = DEFINITIONAL_REPRESENTATION('',(#553),#556);
#553 = B_SPLINE_CURVE_WITH_KNOTS('',1,(#554,#555),.UNSPECIFIED.,.F.,.F.,
  (2,2),(-4.,0.),.PIECEWISE_BEZIER_KNOTS.);
#554 = CARTESIAN_POINT('',(4.,22.31556802244));
#555 = CARTESIAN_POINT('',(0.,22.31556802244));
#556 = ( GEOMETRIC_REPRESENTATION_CONTEXT(2) 
PARAMETRIC_REPRESENTATION_CONTEXT() REPRESENTATION_CONTEXT('2D SPACE',''
  ) );
#557 = PCURVE('',#317,#558);
#558 = DEFINITIONAL_REPRESENTATION('',(#559),#562);
#559 = B_SPLINE_CURVE_WITH_KNOTS('',1,(#560,#561),.UNSPECIFIED.,.F.,.F.,
  (2,2),(-4.,0.),.PIECEWISE_BEZIER_KNOTS.);
#560 = CARTESIAN_POINT('',(41.565268219596,-4.));
#561 = CARTESIAN_POINT('',(41.565268219596,0.));
#562 = ( GEOMETRIC_REPRESENTATION_CONTEXT(2) 
PARAMETRIC_REPRESENTATION_CONTEXT() REPRESENTATION_CONTEXT('2D SPACE',''
  ) );
#563 = FACE_BOUND('',#564,.T.);
#564 = EDGE_LOOP('',(#565));
#565 = ORIENTED_EDGE('',*,*,#566,.T.);
#566 = EDGE_CURVE('',#567,#567,#569,.T.);
#567 = VERTEX_POINT('',#568);
#568 = CARTESIAN_POINT('',(-6.659292143521,-5.75,79.));
#569 = SURFACE_CURVE('',#570,(#575,#586),.PCURVE_S1.);
#570 = CIRCLE('',#571,3.3);
#571 = AXIS2_PLACEMENT_3D('',#572,#573,#574);
#572 = CARTESIAN_POINT('',(-9.959292143521,-5.75,79.));
#573 = DIRECTION('',(0.,0.,-1.));
#574 = DIRECTION('',(1.,0.,0.));
#575 = PCURVE('',#44,#576);
#576 = DEFINITIONAL_REPRESENTATION('',(#577),#585);
#577 = ( BOUNDED_CURVE() B_SPLINE_CURVE(2,(#578,#579,#580,#581,#582,#583
,#584),.UNSPECIFIED.,.T.,.F.) B_SPLINE_CURVE_WITH_KNOTS((1,2,2,2,2,1),(
    -2.094395102393,0.,2.094395102393,4.188790204786,6.28318530718,
8.377580409573),.UNSPECIFIED.) CURVE() GEOMETRIC_REPRESENTATION_ITEM() 
RATIONAL_B_SPLINE_CURVE((1.,0.5,1.,0.5,1.,0.5,1.)) REPRESENTATION_ITEM(
  '') );
#578 = CARTESIAN_POINT('',(19.340707856479,18.25));
#579 = CARTESIAN_POINT('',(19.340707856479,12.534232335023));
#580 = CARTESIAN_POINT('',(14.390707856479,15.392116167511));
#581 = CARTESIAN_POINT('',(9.440707856479,18.25));
#582 = CARTESIAN_POINT('',(14.390707856479,21.107883832489));
#583 = CARTESIAN_POINT('',(19.340707856479,23.965767664977));
#584 = CARTESIAN_POINT('',(19.340707856479,18.25));
#585 = ( GEOMETRIC_REPRESENTATION_CONTEXT(2) 
PARAMETRIC_REPRESENTATION_CONTEXT() REPRESENTATION_CONTEXT('2D SPACE',''
  ) );
#586 = PCURVE('',#587,#592);
#587 = CYLINDRICAL_SURFACE('',#588,3.3);
#588 = AXIS2_PLACEMENT_3D('',#589,#590,#591);
#589 = CARTESIAN_POINT('',(-9.959292143521,-5.75,76.));
#590 = DIRECTION('',(-0.,-0.,-1.));
#591 = DIRECTION('',(1.,0.,0.));
#592 = DEFINITIONAL_REPRESENTATION('',(#593),#597);
#593 = LINE('',#594,#595);
#594 = CARTESIAN_POINT('',(-6.28318530718,-3.));
#595 = VECTOR('',#596,1.);
#596 = DIRECTION('',(1.,-0.));
#597 = ( GEOMETRIC_REPRESENTATION_CONTEXT(2) 
PARAMETRIC_REPRESENTATION_CONTEXT() REPRESENTATION_CONTEXT('2D SPACE',''
  ) );
#598 = FACE_BOUND('',#599,.T.);
#599 = EDGE_LOOP('',(#600));
#600 = ORIENTED_EDGE('',*,*,#601,.T.);
#601 = EDGE_CURVE('',#602,#602,#604,.T.);
#602 = VERTEX_POINT('',#603);
#603 = CARTESIAN_POINT('',(13.259292143521,-5.75,79.));
#604 = SURFACE_CURVE('',#605,(#610,#621),.PCURVE_S1.);
#605 = CIRCLE('',#606,3.3);
#606 = AXIS2_PLACEMENT_3D('',#607,#608,#609);
#607 = CARTESIAN_POINT('',(9.959292143521,-5.75,79.));
#608 = DIRECTION('',(0.,0.,-1.));
#609 = DIRECTION('',(1.,0.,0.));
#610 = PCURVE('',#44,#611);
#611 = DEFINITIONAL_REPRESENTATION('',(#612),#620);
#612 = ( BOUNDED_CURVE() B_SPLINE_CURVE(2,(#613,#614,#615,#616,#617,#618
,#619),.UNSPECIFIED.,.T.,.F.) B_SPLINE_CURVE_WITH_KNOTS((1,2,2,2,2,1),(
    -2.094395102393,0.,2.094395102393,4.188790204786,6.28318530718,
8.377580409573),.UNSPECIFIED.) CURVE() GEOMETRIC_REPRESENTATION_ITEM() 
RATIONAL_B_SPLINE_CURVE((1.,0.5,1.,0.5,1.,0.5,1.)) REPRESENTATION_ITEM(
  '') );
#613 = CARTESIAN_POINT('',(39.259292143521,18.25));
#614 = CARTESIAN_POINT('',(39.259292143521,12.534232335023));
#615 = CARTESIAN_POINT('',(34.309292143521,15.392116167511));
#616 = CARTESIAN_POINT('',(29.359292143521,18.25));
#617 = CARTESIAN_POINT('',(34.309292143521,21.107883832489));
#618 = CARTESIAN_POINT('',(39.259292143521,23.965767664977));
#619 = CARTESIAN_POINT('',(39.259292143521,18.25));
#620 = ( GEOMETRIC_REPRESENTATION_CONTEXT(2) 
PARAMETRIC_REPRESENTATION_CONTEXT() REPRESENTATION_CONTEXT('2D SPACE',''
  ) );
#621 = PCURVE('',#622,#627);
#622 = CYLINDRICAL_SURFACE('',#623,3.3);
#623 = AXIS2_PLACEMENT_3D('',#624,#625,#626);
#624 = CARTESIAN_POINT('',(9.959292143521,-5.75,76.));
#625 = DIRECTION('',(-0.,-0.,-1.));
#626 = DIRECTION('',(1.,0.,0.));
#627 = DEFINITIONAL_REPRESENTATION('',(#628),#632);
#628 = LINE('',#629,#630);
#629 = CARTESIAN_POINT('',(-6.28318530718,-3.));
#630 = VECTOR('',#631,1.);
#631 = DIRECTION('',(1.,-0.));
#632 = ( GEOMETRIC_REPRESENTATION_CONTEXT(2) 
PARAMETRIC_REPRESENTATION_CONTEXT() REPRESENTATION_CONTEXT('2D SPACE',''
  ) );
#633 = FACE_BOUND('',#634,.T.);
#634 = EDGE_LOOP('',(#635));
#635 = ORIENTED_EDGE('',*,*,#636,.T.);
#636 = EDGE_CURVE('',#637,#637,#639,.T.);
#637 = VERTEX_POINT('',#638);
#638 = CARTESIAN_POINT('',(3.3,11.5,79.));
#639 = SURFACE_CURVE('',#640,(#645,#656),.PCURVE_S1.);
#640 = CIRCLE('',#641,3.3);
#641 = AXIS2_PLACEMENT_3D('',#642,#643,#644);
#642 = CARTESIAN_POINT('',(7.041719095097E-16,11.5,79.));
#643 = DIRECTION('',(0.,0.,-1.));
#644 = DIRECTION('',(1.,0.,0.));
#645 = PCURVE('',#44,#646);
#646 = DEFINITIONAL_REPRESENTATION('',(#647),#655);
#647 = ( BOUNDED_CURVE() B_SPLINE_CURVE(2,(#648,#649,#650,#651,#652,#653
,#654),.UNSPECIFIED.,.T.,.F.) B_SPLINE_CURVE_WITH_KNOTS((1,2,2,2,2,1),(
    -2.094395102393,0.,2.094395102393,4.188790204786,6.28318530718,
8.377580409573),.UNSPECIFIED.) CURVE() GEOMETRIC_REPRESENTATION_ITEM() 
RATIONAL_B_SPLINE_CURVE((1.,0.5,1.,0.5,1.,0.5,1.)) REPRESENTATION_ITEM(
  '') );
#648 = CARTESIAN_POINT('',(29.3,35.5));
#649 = CARTESIAN_POINT('',(29.3,29.784232335023));
#650 = CARTESIAN_POINT('',(24.35,32.642116167511));
#651 = CARTESIAN_POINT('',(19.4,35.5));
#652 = CARTESIAN_POINT('',(24.35,38.357883832489));
#653 = CARTESIAN_POINT('',(29.3,41.215767664977));
#654 = CARTESIAN_POINT('',(29.3,35.5));
#655 = ( GEOMETRIC_REPRESENTATION_CONTEXT(2) 
PARAMETRIC_REPRESENTATION_CONTEXT() REPRESENTATION_CONTEXT('2D SPACE',''
  ) );
#656 = PCURVE('',#657,#662);
#657 = CYLINDRICAL_SURFACE('',#658,3.3);
#658 = AXIS2_PLACEMENT_3D('',#659,#660,#661);
#659 = CARTESIAN_POINT('',(7.041719095097E-16,11.5,76.));
#660 = DIRECTION('',(-0.,-0.,-1.));
#661 = DIRECTION('',(1.,0.,0.));
#662 = DEFINITIONAL_REPRESENTATION('',(#663),#667);
#663 = LINE('',#664,#665);
#664 = CARTESIAN_POINT('',(-6.28318530718,-3.));
#665 = VECTOR('',#666,1.);
#666 = DIRECTION('',(1.,-0.));
#667 = ( GEOMETRIC_REPRESENTATION_CONTEXT(2) 
PARAMETRIC_REPRESENTATION_CONTEXT() REPRESENTATION_CONTEXT('2D SPACE',''
  ) );
#668 = ADVANCED_FACE('',(#669),#72,.T.);
#669 = FACE_BOUND('',#670,.T.);
#670 = EDGE_LOOP('',(#671,#695,#716,#717));
#671 = ORIENTED_EDGE('',*,*,#672,.T.);
#672 = EDGE_CURVE('',#57,#673,#675,.T.);
#673 = VERTEX_POINT('',#674);
#674 = CARTESIAN_POINT('',(-22.,-24.,73.));
#675 = SURFACE_CURVE('',#676,(#681,#688),.PCURVE_S1.);
#676 = CIRCLE('',#677,4.);
#677 = AXIS2_PLACEMENT_3D('',#678,#679,#680);
#678 = CARTESIAN_POINT('',(-22.,-20.,73.));
#679 = DIRECTION('',(0.,0.,1.));
#680 = DIRECTION('',(0.,-1.,0.));
#681 = PCURVE('',#72,#682);
#682 = DEFINITIONAL_REPRESENTATION('',(#683),#687);
#683 = LINE('',#684,#685);
#684 = CARTESIAN_POINT('',(-4.712388980385,0.));
#685 = VECTOR('',#686,1.);
#686 = DIRECTION('',(1.,0.));
#687 = ( GEOMETRIC_REPRESENTATION_CONTEXT(2) 
PARAMETRIC_REPRESENTATION_CONTEXT() REPRESENTATION_CONTEXT('2D SPACE',''
  ) );
#688 = PCURVE('',#100,#689);
#689 = DEFINITIONAL_REPRESENTATION('',(#690),#694);
#690 = CIRCLE('',#691,4.);
#691 = AXIS2_PLACEMENT_2D('',#692,#693);
#692 = CARTESIAN_POINT('',(4.,4.));
#693 = DIRECTION('',(0.,-1.));
#694 = ( GEOMETRIC_REPRESENTATION_CONTEXT(2) 
PARAMETRIC_REPRESENTATION_CONTEXT() REPRESENTATION_CONTEXT('2D SPACE',''
  ) );
#695 = ORIENTED_EDGE('',*,*,#696,.T.);
#696 = EDGE_CURVE('',#673,#334,#697,.T.);
#697 = SURFACE_CURVE('',#698,(#702,#709),.PCURVE_S1.);
#698 = LINE('',#699,#700);
#699 = CARTESIAN_POINT('',(-22.,-24.,73.));
#700 = VECTOR('',#701,1.);
#701 = DIRECTION('',(0.,0.,1.));
#702 = PCURVE('',#72,#703);
#703 = DEFINITIONAL_REPRESENTATION('',(#704),#708);
#704 = LINE('',#705,#706);
#705 = CARTESIAN_POINT('',(1.570796326795,0.));
#706 = VECTOR('',#707,1.);
#707 = DIRECTION('',(0.,1.));
#708 = ( GEOMETRIC_REPRESENTATION_CONTEXT(2) 
PARAMETRIC_REPRESENTATION_CONTEXT() REPRESENTATION_CONTEXT('2D SPACE',''
  ) );
#709 = PCURVE('',#373,#710);
#710 = DEFINITIONAL_REPRESENTATION('',(#711),#715);
#711 = LINE('',#712,#713);
#712 = CARTESIAN_POINT('',(0.,4.));
#713 = VECTOR('',#714,1.);
#714 = DIRECTION('',(1.,0.));
#715 = ( GEOMETRIC_REPRESENTATION_CONTEXT(2) 
PARAMETRIC_REPRESENTATION_CONTEXT() REPRESENTATION_CONTEXT('2D SPACE',''
  ) );
#716 = ORIENTED_EDGE('',*,*,#333,.F.);
#717 = ORIENTED_EDGE('',*,*,#56,.F.);
#718 = ADVANCED_FACE('',(#719,#948,#983,#1018,#1053),#100,.F.);
#719 = FACE_BOUND('',#720,.F.);
#720 = EDGE_LOOP('',(#721,#722,#723,#746,#774,#797,#826,#854,#877,#898,
    #899,#922));
#721 = ORIENTED_EDGE('',*,*,#84,.F.);
#722 = ORIENTED_EDGE('',*,*,#672,.T.);
#723 = ORIENTED_EDGE('',*,*,#724,.T.);
#724 = EDGE_CURVE('',#673,#725,#727,.T.);
#725 = VERTEX_POINT('',#726);
#726 = CARTESIAN_POINT('',(22.,-24.,73.));
#727 = SURFACE_CURVE('',#728,(#732,#739),.PCURVE_S1.);
#728 = LINE('',#729,#730);
#729 = CARTESIAN_POINT('',(-26.,-24.,73.));
#730 = VECTOR('',#731,1.);
#731 = DIRECTION('',(1.,0.,0.));
#732 = PCURVE('',#100,#733);
#733 = DEFINITIONAL_REPRESENTATION('',(#734),#738);
#734 = LINE('',#735,#736);
#735 = CARTESIAN_POINT('',(0.,0.));
#736 = VECTOR('',#737,1.);
#737 = DIRECTION('',(1.,0.));
#738 = ( GEOMETRIC_REPRESENTATION_CONTEXT(2) 
PARAMETRIC_REPRESENTATION_CONTEXT() REPRESENTATION_CONTEXT('2D SPACE',''
  ) );
#739 = PCURVE('',#373,#740);
#740 = DEFINITIONAL_REPRESENTATION('',(#741),#745);
#741 = LINE('',#742,#743);
#742 = CARTESIAN_POINT('',(0.,0.));
#743 = VECTOR('',#744,1.);
#744 = DIRECTION('',(0.,1.));
#745 = ( GEOMETRIC_REPRESENTATION_CONTEXT(2) 
PARAMETRIC_REPRESENTATION_CONTEXT() REPRESENTATION_CONTEXT('2D SPACE',''
  ) );
#746 = ORIENTED_EDGE('',*,*,#747,.F.);
#747 = EDGE_CURVE('',#748,#725,#750,.T.);
#748 = VERTEX_POINT('',#749);
#749 = CARTESIAN_POINT('',(26.,-20.,73.));
#750 = SURFACE_CURVE('',#751,(#756,#767),.PCURVE_S1.);
#751 = CIRCLE('',#752,4.);
#752 = AXIS2_PLACEMENT_3D('',#753,#754,#755);
#753 = CARTESIAN_POINT('',(22.,-20.,73.));
#754 = DIRECTION('',(-0.,-0.,-1.));
#755 = DIRECTION('',(0.,-1.,0.));
#756 = PCURVE('',#100,#757);
#757 = DEFINITIONAL_REPRESENTATION('',(#758),#766);
#758 = ( BOUNDED_CURVE() B_SPLINE_CURVE(2,(#759,#760,#761,#762,#763,#764
,#765),.UNSPECIFIED.,.T.,.F.) B_SPLINE_CURVE_WITH_KNOTS((1,2,2,2,2,1),(
    -2.094395102393,0.,2.094395102393,4.188790204786,6.28318530718,
8.377580409573),.UNSPECIFIED.) CURVE() GEOMETRIC_REPRESENTATION_ITEM() 
RATIONAL_B_SPLINE_CURVE((1.,0.5,1.,0.5,1.,0.5,1.)) REPRESENTATION_ITEM(
  '') );
#759 = CARTESIAN_POINT('',(48.,0.));
#760 = CARTESIAN_POINT('',(41.071796769724,0.));
#761 = CARTESIAN_POINT('',(44.535898384862,6.));
#762 = CARTESIAN_POINT('',(48.,12.));
#763 = CARTESIAN_POINT('',(51.464101615138,6.));
#764 = CARTESIAN_POINT('',(54.928203230276,6.217248937901E-15));
#765 = CARTESIAN_POINT('',(48.,0.));
#766 = ( GEOMETRIC_REPRESENTATION_CONTEXT(2) 
PARAMETRIC_REPRESENTATION_CONTEXT() REPRESENTATION_CONTEXT('2D SPACE',''
  ) );
#767 = PCURVE('',#406,#768);
#768 = DEFINITIONAL_REPRESENTATION('',(#769),#773);
#769 = LINE('',#770,#771);
#770 = CARTESIAN_POINT('',(4.712388980385,-0.));
#771 = VECTOR('',#772,1.);
#772 = DIRECTION('',(-1.,0.));
#773 = ( GEOMETRIC_REPRESENTATION_CONTEXT(2) 
PARAMETRIC_REPRESENTATION_CONTEXT() REPRESENTATION_CONTEXT('2D SPACE',''
  ) );
#774 = ORIENTED_EDGE('',*,*,#775,.T.);
#775 = EDGE_CURVE('',#748,#776,#778,.T.);
#776 = VERTEX_POINT('',#777);
#777 = CARTESIAN_POINT('',(26.,19.2,73.));
#778 = SURFACE_CURVE('',#779,(#783,#790),.PCURVE_S1.);
#779 = LINE('',#780,#781);
#780 = CARTESIAN_POINT('',(26.,-24.,73.));
#781 = VECTOR('',#782,1.);
#782 = DIRECTION('',(0.,1.,0.));
#783 = PCURVE('',#100,#784);
#784 = DEFINITIONAL_REPRESENTATION('',(#785),#789);
#785 = LINE('',#786,#787);
#786 = CARTESIAN_POINT('',(52.,0.));
#787 = VECTOR('',#788,1.);
#788 = DIRECTION('',(0.,1.));
#789 = ( GEOMETRIC_REPRESENTATION_CONTEXT(2) 
PARAMETRIC_REPRESENTATION_CONTEXT() REPRESENTATION_CONTEXT('2D SPACE',''
  ) );
#790 = PCURVE('',#434,#791);
#791 = DEFINITIONAL_REPRESENTATION('',(#792),#796);
#792 = LINE('',#793,#794);
#793 = CARTESIAN_POINT('',(0.,0.));
#794 = VECTOR('',#795,1.);
#795 = DIRECTION('',(0.,-1.));
#796 = ( GEOMETRIC_REPRESENTATION_CONTEXT(2) 
PARAMETRIC_REPRESENTATION_CONTEXT() REPRESENTATION_CONTEXT('2D SPACE',''
  ) );
#797 = ORIENTED_EDGE('',*,*,#798,.T.);
#798 = EDGE_CURVE('',#776,#799,#801,.T.);
#799 = VERTEX_POINT('',#800);
#800 = CARTESIAN_POINT('',(25.919183588453,20.,73.));
#801 = SURFACE_CURVE('',#802,(#807,#814),.PCURVE_S1.);
#802 = CIRCLE('',#803,4.);
#803 = AXIS2_PLACEMENT_3D('',#804,#805,#806);
#804 = CARTESIAN_POINT('',(22.,19.2,73.));
#805 = DIRECTION('',(0.,0.,1.));
#806 = DIRECTION('',(0.,-1.,0.));
#807 = PCURVE('',#100,#808);
#808 = DEFINITIONAL_REPRESENTATION('',(#809),#813);
#809 = CIRCLE('',#810,4.);
#810 = AXIS2_PLACEMENT_2D('',#811,#812);
#811 = CARTESIAN_POINT('',(48.,43.2));
#812 = DIRECTION('',(0.,-1.));
#813 = ( GEOMETRIC_REPRESENTATION_CONTEXT(2) 
PARAMETRIC_REPRESENTATION_CONTEXT() REPRESENTATION_CONTEXT('2D SPACE',''
  ) );
#814 = PCURVE('',#815,#820);
#815 = CYLINDRICAL_SURFACE('',#816,4.);
#816 = AXIS2_PLACEMENT_3D('',#817,#818,#819);
#817 = CARTESIAN_POINT('',(22.,19.2,73.));
#818 = DIRECTION('',(0.,0.,1.));
#819 = DIRECTION('',(1.,0.,-0.));
#820 = DEFINITIONAL_REPRESENTATION('',(#821),#825);
#821 = LINE('',#822,#823);
#822 = CARTESIAN_POINT('',(-1.570796326795,0.));
#823 = VECTOR('',#824,1.);
#824 = DIRECTION('',(1.,0.));
#825 = ( GEOMETRIC_REPRESENTATION_CONTEXT(2) 
PARAMETRIC_REPRESENTATION_CONTEXT() REPRESENTATION_CONTEXT('2D SPACE',''
  ) );
#826 = ORIENTED_EDGE('',*,*,#827,.T.);
#827 = EDGE_CURVE('',#799,#828,#830,.T.);
#828 = VERTEX_POINT('',#829);
#829 = CARTESIAN_POINT('',(26.,20.,73.));
#830 = SURFACE_CURVE('',#831,(#835,#842),.PCURVE_S1.);
#831 = LINE('',#832,#833);
#832 = CARTESIAN_POINT('',(-26.,20.,73.));
#833 = VECTOR('',#834,1.);
#834 = DIRECTION('',(1.,0.,0.));
#835 = PCURVE('',#100,#836);
#836 = DEFINITIONAL_REPRESENTATION('',(#837),#841);
#837 = LINE('',#838,#839);
#838 = CARTESIAN_POINT('',(0.,44.));
#839 = VECTOR('',#840,1.);
#840 = DIRECTION('',(1.,0.));
#841 = ( GEOMETRIC_REPRESENTATION_CONTEXT(2) 
PARAMETRIC_REPRESENTATION_CONTEXT() REPRESENTATION_CONTEXT('2D SPACE',''
  ) );
#842 = PCURVE('',#843,#848);
#843 = PLANE('',#844);
#844 = AXIS2_PLACEMENT_3D('',#845,#846,#847);
#845 = CARTESIAN_POINT('',(-26.,20.,73.));
#846 = DIRECTION('',(0.,1.,0.));
#847 = DIRECTION('',(0.,0.,1.));
#848 = DEFINITIONAL_REPRESENTATION('',(#849),#853);
#849 = LINE('',#850,#851);
#850 = CARTESIAN_POINT('',(0.,0.));
#851 = VECTOR('',#852,1.);
#852 = DIRECTION('',(0.,1.));
#853 = ( GEOMETRIC_REPRESENTATION_CONTEXT(2) 
PARAMETRIC_REPRESENTATION_CONTEXT() REPRESENTATION_CONTEXT('2D SPACE',''
  ) );
#854 = ORIENTED_EDGE('',*,*,#855,.T.);
#855 = EDGE_CURVE('',#828,#856,#858,.T.);
#856 = VERTEX_POINT('',#857);
#857 = CARTESIAN_POINT('',(26.,23.2,73.));
#858 = SURFACE_CURVE('',#859,(#863,#870),.PCURVE_S1.);
#859 = LINE('',#860,#861);
#860 = CARTESIAN_POINT('',(26.,20.,73.));
#861 = VECTOR('',#862,1.);
#862 = DIRECTION('',(0.,1.,0.));
#863 = PCURVE('',#100,#864);
#864 = DEFINITIONAL_REPRESENTATION('',(#865),#869);
#865 = LINE('',#866,#867);
#866 = CARTESIAN_POINT('',(52.,44.));
#867 = VECTOR('',#868,1.);
#868 = DIRECTION('',(0.,1.));
#869 = ( GEOMETRIC_REPRESENTATION_CONTEXT(2) 
PARAMETRIC_REPRESENTATION_CONTEXT() REPRESENTATION_CONTEXT('2D SPACE',''
  ) );
#870 = PCURVE('',#434,#871);
#871 = DEFINITIONAL_REPRESENTATION('',(#872),#876);
#872 = LINE('',#873,#874);
#873 = CARTESIAN_POINT('',(0.,-44.));
#874 = VECTOR('',#875,1.);
#875 = DIRECTION('',(0.,-1.));
#876 = ( GEOMETRIC_REPRESENTATION_CONTEXT(2) 
PARAMETRIC_REPRESENTATION_CONTEXT() REPRESENTATION_CONTEXT('2D SPACE',''
  ) );
#877 = ORIENTED_EDGE('',*,*,#878,.F.);
#878 = EDGE_CURVE('',#197,#856,#879,.T.);
#879 = SURFACE_CURVE('',#880,(#884,#891),.PCURVE_S1.);
#880 = LINE('',#881,#882);
#881 = CARTESIAN_POINT('',(-26.,23.2,73.));
#882 = VECTOR('',#883,1.);
#883 = DIRECTION('',(1.,0.,0.));
#884 = PCURVE('',#100,#885);
#885 = DEFINITIONAL_REPRESENTATION('',(#886),#890);
#886 = LINE('',#887,#888);
#887 = CARTESIAN_POINT('',(0.,47.2));
#888 = VECTOR('',#889,1.);
#889 = DIRECTION('',(1.,0.));
#890 = ( GEOMETRIC_REPRESENTATION_CONTEXT(2) 
PARAMETRIC_REPRESENTATION_CONTEXT() REPRESENTATION_CONTEXT('2D SPACE',''
  ) );
#891 = PCURVE('',#235,#892);
#892 = DEFINITIONAL_REPRESENTATION('',(#893),#897);
#893 = LINE('',#894,#895);
#894 = CARTESIAN_POINT('',(0.,0.));
#895 = VECTOR('',#896,1.);
#896 = DIRECTION('',(0.,1.));
#897 = ( GEOMETRIC_REPRESENTATION_CONTEXT(2) 
PARAMETRIC_REPRESENTATION_CONTEXT() REPRESENTATION_CONTEXT('2D SPACE',''
  ) );
#898 = ORIENTED_EDGE('',*,*,#196,.F.);
#899 = ORIENTED_EDGE('',*,*,#900,.T.);
#900 = EDGE_CURVE('',#169,#901,#903,.T.);
#901 = VERTEX_POINT('',#902);
#902 = CARTESIAN_POINT('',(-25.91918358845,20.,73.));
#903 = SURFACE_CURVE('',#904,(#908,#915),.PCURVE_S1.);
#904 = LINE('',#905,#906);
#905 = CARTESIAN_POINT('',(-26.,20.,73.));
#906 = VECTOR('',#907,1.);
#907 = DIRECTION('',(1.,0.,0.));
#908 = PCURVE('',#100,#909);
#909 = DEFINITIONAL_REPRESENTATION('',(#910),#914);
#910 = LINE('',#911,#912);
#911 = CARTESIAN_POINT('',(0.,44.));
#912 = VECTOR('',#913,1.);
#913 = DIRECTION('',(1.,0.));
#914 = ( GEOMETRIC_REPRESENTATION_CONTEXT(2) 
PARAMETRIC_REPRESENTATION_CONTEXT() REPRESENTATION_CONTEXT('2D SPACE',''
  ) );
#915 = PCURVE('',#184,#916);
#916 = DEFINITIONAL_REPRESENTATION('',(#917),#921);
#917 = LINE('',#918,#919);
#918 = CARTESIAN_POINT('',(0.,0.));
#919 = VECTOR('',#920,1.);
#920 = DIRECTION('',(0.,1.));
#921 = ( GEOMETRIC_REPRESENTATION_CONTEXT(2) 
PARAMETRIC_REPRESENTATION_CONTEXT() REPRESENTATION_CONTEXT('2D SPACE',''
  ) );
#922 = ORIENTED_EDGE('',*,*,#923,.F.);
#923 = EDGE_CURVE('',#85,#901,#924,.T.);
#924 = SURFACE_CURVE('',#925,(#930,#941),.PCURVE_S1.);
#925 = CIRCLE('',#926,4.);
#926 = AXIS2_PLACEMENT_3D('',#927,#928,#929);
#927 = CARTESIAN_POINT('',(-22.,19.2,73.));
#928 = DIRECTION('',(-0.,-0.,-1.));
#929 = DIRECTION('',(0.,-1.,0.));
#930 = PCURVE('',#100,#931);
#931 = DEFINITIONAL_REPRESENTATION('',(#932),#940);
#932 = ( BOUNDED_CURVE() B_SPLINE_CURVE(2,(#933,#934,#935,#936,#937,#938
,#939),.UNSPECIFIED.,.T.,.F.) B_SPLINE_CURVE_WITH_KNOTS((1,2,2,2,2,1),(
    -2.094395102393,0.,2.094395102393,4.188790204786,6.28318530718,
8.377580409573),.UNSPECIFIED.) CURVE() GEOMETRIC_REPRESENTATION_ITEM() 
RATIONAL_B_SPLINE_CURVE((1.,0.5,1.,0.5,1.,0.5,1.)) REPRESENTATION_ITEM(
  '') );
#933 = CARTESIAN_POINT('',(4.,39.2));
#934 = CARTESIAN_POINT('',(-2.928203230276,39.2));
#935 = CARTESIAN_POINT('',(0.535898384862,45.2));
#936 = CARTESIAN_POINT('',(4.,51.2));
#937 = CARTESIAN_POINT('',(7.464101615138,45.2));
#938 = CARTESIAN_POINT('',(10.928203230276,39.2));
#939 = CARTESIAN_POINT('',(4.,39.2));
#940 = ( GEOMETRIC_REPRESENTATION_CONTEXT(2) 
PARAMETRIC_REPRESENTATION_CONTEXT() REPRESENTATION_CONTEXT('2D SPACE',''
  ) );
#941 = PCURVE('',#128,#942);
#942 = DEFINITIONAL_REPRESENTATION('',(#943),#947);
#943 = LINE('',#944,#945);
#944 = CARTESIAN_POINT('',(1.570796326795,-0.));
#945 = VECTOR('',#946,1.);
#946 = DIRECTION('',(-1.,0.));
#947 = ( GEOMETRIC_REPRESENTATION_CONTEXT(2) 
PARAMETRIC_REPRESENTATION_CONTEXT() REPRESENTATION_CONTEXT('2D SPACE',''
  ) );
#948 = FACE_BOUND('',#949,.F.);
#949 = EDGE_LOOP('',(#950));
#950 = ORIENTED_EDGE('',*,*,#951,.T.);
#951 = EDGE_CURVE('',#952,#952,#954,.T.);
#952 = VERTEX_POINT('',#953);
#953 = CARTESIAN_POINT('',(-8.259292143521,-5.75,73.));
#954 = SURFACE_CURVE('',#955,(#960,#971),.PCURVE_S1.);
#955 = CIRCLE('',#956,1.7);
#956 = AXIS2_PLACEMENT_3D('',#957,#958,#959);
#957 = CARTESIAN_POINT('',(-9.959292143521,-5.75,73.));
#958 = DIRECTION('',(0.,0.,-1.));
#959 = DIRECTION('',(1.,0.,0.));
#960 = PCURVE('',#100,#961);
#961 = DEFINITIONAL_REPRESENTATION('',(#962),#970);
#962 = ( BOUNDED_CURVE() B_SPLINE_CURVE(2,(#963,#964,#965,#966,#967,#968
,#969),.UNSPECIFIED.,.T.,.F.) B_SPLINE_CURVE_WITH_KNOTS((1,2,2,2,2,1),(
    -2.094395102393,0.,2.094395102393,4.188790204786,6.28318530718,
8.377580409573),.UNSPECIFIED.) CURVE() GEOMETRIC_REPRESENTATION_ITEM() 
RATIONAL_B_SPLINE_CURVE((1.,0.5,1.,0.5,1.,0.5,1.)) REPRESENTATION_ITEM(
  '') );
#963 = CARTESIAN_POINT('',(17.740707856479,18.25));
#964 = CARTESIAN_POINT('',(17.740707856479,15.305513627133));
#965 = CARTESIAN_POINT('',(15.190707856479,16.777756813566));
#966 = CARTESIAN_POINT('',(12.640707856479,18.25));
#967 = CARTESIAN_POINT('',(15.190707856479,19.722243186434));
#968 = CARTESIAN_POINT('',(17.740707856479,21.194486372867));
#969 = CARTESIAN_POINT('',(17.740707856479,18.25));
#970 = ( GEOMETRIC_REPRESENTATION_CONTEXT(2) 
PARAMETRIC_REPRESENTATION_CONTEXT() REPRESENTATION_CONTEXT('2D SPACE',''
  ) );
#971 = PCURVE('',#972,#977);
#972 = CYLINDRICAL_SURFACE('',#973,1.7);
#973 = AXIS2_PLACEMENT_3D('',#974,#975,#976);
#974 = CARTESIAN_POINT('',(-9.959292143521,-5.75,72.));
#975 = DIRECTION('',(-0.,-0.,-1.));
#976 = DIRECTION('',(1.,0.,0.));
#977 = DEFINITIONAL_REPRESENTATION('',(#978),#982);
#978 = LINE('',#979,#980);
#979 = CARTESIAN_POINT('',(-6.28318530718,-1.));
#980 = VECTOR('',#981,1.);
#981 = DIRECTION('',(1.,-0.));
#982 = ( GEOMETRIC_REPRESENTATION_CONTEXT(2) 
PARAMETRIC_REPRESENTATION_CONTEXT() REPRESENTATION_CONTEXT('2D SPACE',''
  ) );
#983 = FACE_BOUND('',#984,.F.);
#984 = EDGE_LOOP('',(#985));
#985 = ORIENTED_EDGE('',*,*,#986,.T.);
#986 = EDGE_CURVE('',#987,#987,#989,.T.);
#987 = VERTEX_POINT('',#988);
#988 = CARTESIAN_POINT('',(11.659292143521,-5.75,73.));
#989 = SURFACE_CURVE('',#990,(#995,#1006),.PCURVE_S1.);
#990 = CIRCLE('',#991,1.7);
#991 = AXIS2_PLACEMENT_3D('',#992,#993,#994);
#992 = CARTESIAN_POINT('',(9.959292143521,-5.75,73.));
#993 = DIRECTION('',(0.,0.,-1.));
#994 = DIRECTION('',(1.,0.,0.));
#995 = PCURVE('',#100,#996);
#996 = DEFINITIONAL_REPRESENTATION('',(#997),#1005);
#997 = ( BOUNDED_CURVE() B_SPLINE_CURVE(2,(#998,#999,#1000,#1001,#1002,
#1003,#1004),.UNSPECIFIED.,.T.,.F.) B_SPLINE_CURVE_WITH_KNOTS((1,2,2,2,2
    ,1),(-2.094395102393,0.,2.094395102393,4.188790204786,6.28318530718,
8.377580409573),.UNSPECIFIED.) CURVE() GEOMETRIC_REPRESENTATION_ITEM() 
RATIONAL_B_SPLINE_CURVE((1.,0.5,1.,0.5,1.,0.5,1.)) REPRESENTATION_ITEM(
  '') );
#998 = CARTESIAN_POINT('',(37.659292143521,18.25));
#999 = CARTESIAN_POINT('',(37.659292143521,15.305513627133));
#1000 = CARTESIAN_POINT('',(35.109292143521,16.777756813566));
#1001 = CARTESIAN_POINT('',(32.559292143521,18.25));
#1002 = CARTESIAN_POINT('',(35.109292143521,19.722243186434));
#1003 = CARTESIAN_POINT('',(37.659292143521,21.194486372867));
#1004 = CARTESIAN_POINT('',(37.659292143521,18.25));
#1005 = ( GEOMETRIC_REPRESENTATION_CONTEXT(2) 
PARAMETRIC_REPRESENTATION_CONTEXT() REPRESENTATION_CONTEXT('2D SPACE',''
  ) );
#1006 = PCURVE('',#1007,#1012);
#1007 = CYLINDRICAL_SURFACE('',#1008,1.7);
#1008 = AXIS2_PLACEMENT_3D('',#1009,#1010,#1011);
#1009 = CARTESIAN_POINT('',(9.959292143521,-5.75,72.));
#1010 = DIRECTION('',(-0.,-0.,-1.));
#1011 = DIRECTION('',(1.,0.,0.));
#1012 = DEFINITIONAL_REPRESENTATION('',(#1013),#1017);
#1013 = LINE('',#1014,#1015);
#1014 = CARTESIAN_POINT('',(-6.28318530718,-1.));
#1015 = VECTOR('',#1016,1.);
#1016 = DIRECTION('',(1.,-0.));
#1017 = ( GEOMETRIC_REPRESENTATION_CONTEXT(2) 
PARAMETRIC_REPRESENTATION_CONTEXT() REPRESENTATION_CONTEXT('2D SPACE',''
  ) );
#1018 = FACE_BOUND('',#1019,.F.);
#1019 = EDGE_LOOP('',(#1020));
#1020 = ORIENTED_EDGE('',*,*,#1021,.T.);
#1021 = EDGE_CURVE('',#1022,#1022,#1024,.T.);
#1022 = VERTEX_POINT('',#1023);
#1023 = CARTESIAN_POINT('',(3.,0.,73.));
#1024 = SURFACE_CURVE('',#1025,(#1030,#1041),.PCURVE_S1.);
#1025 = CIRCLE('',#1026,3.);
#1026 = AXIS2_PLACEMENT_3D('',#1027,#1028,#1029);
#1027 = CARTESIAN_POINT('',(0.,0.,73.));
#1028 = DIRECTION('',(0.,0.,-1.));
#1029 = DIRECTION('',(1.,0.,0.));
#1030 = PCURVE('',#100,#1031);
#1031 = DEFINITIONAL_REPRESENTATION('',(#1032),#1040);
#1032 = ( BOUNDED_CURVE() B_SPLINE_CURVE(2,(#1033,#1034,#1035,#1036,
#1037,#1038,#1039),.UNSPECIFIED.,.T.,.F.) B_SPLINE_CURVE_WITH_KNOTS((1,2
    ,2,2,2,1),(-2.094395102393,0.,2.094395102393,4.188790204786,
6.28318530718,8.377580409573),.UNSPECIFIED.) CURVE() 
GEOMETRIC_REPRESENTATION_ITEM() RATIONAL_B_SPLINE_CURVE((1.,0.5,1.,0.5,
1.,0.5,1.)) REPRESENTATION_ITEM('') );
#1033 = CARTESIAN_POINT('',(29.,24.));
#1034 = CARTESIAN_POINT('',(29.,18.803847577293));
#1035 = CARTESIAN_POINT('',(24.5,21.401923788647));
#1036 = CARTESIAN_POINT('',(20.,24.));
#1037 = CARTESIAN_POINT('',(24.5,26.598076211353));
#1038 = CARTESIAN_POINT('',(29.,29.196152422707));
#1039 = CARTESIAN_POINT('',(29.,24.));
#1040 = ( GEOMETRIC_REPRESENTATION_CONTEXT(2) 
PARAMETRIC_REPRESENTATION_CONTEXT() REPRESENTATION_CONTEXT('2D SPACE',''
  ) );
#1041 = PCURVE('',#1042,#1047);
#1042 = CYLINDRICAL_SURFACE('',#1043,3.);
#1043 = AXIS2_PLACEMENT_3D('',#1044,#1045,#1046);
#1044 = CARTESIAN_POINT('',(0.,0.,72.99));
#1045 = DIRECTION('',(-0.,-0.,-1.));
#1046 = DIRECTION('',(1.,0.,0.));
#1047 = DEFINITIONAL_REPRESENTATION('',(#1048),#1052);
#1048 = LINE('',#1049,#1050);
#1049 = CARTESIAN_POINT('',(-6.28318530718,-1.000000000001E-02));
#1050 = VECTOR('',#1051,1.);
#1051 = DIRECTION('',(1.,-0.));
#1052 = ( GEOMETRIC_REPRESENTATION_CONTEXT(2) 
PARAMETRIC_REPRESENTATION_CONTEXT() REPRESENTATION_CONTEXT('2D SPACE',''
  ) );
#1053 = FACE_BOUND('',#1054,.F.);
#1054 = EDGE_LOOP('',(#1055));
#1055 = ORIENTED_EDGE('',*,*,#1056,.T.);
#1056 = EDGE_CURVE('',#1057,#1057,#1059,.T.);
#1057 = VERTEX_POINT('',#1058);
#1058 = CARTESIAN_POINT('',(1.7,11.5,73.));
#1059 = SURFACE_CURVE('',#1060,(#1065,#1076),.PCURVE_S1.);
#1060 = CIRCLE('',#1061,1.7);
#1061 = AXIS2_PLACEMENT_3D('',#1062,#1063,#1064);
#1062 = CARTESIAN_POINT('',(7.041719095097E-16,11.5,73.));
#1063 = DIRECTION('',(0.,0.,-1.));
#1064 = DIRECTION('',(1.,0.,0.));
#1065 = PCURVE('',#100,#1066);
#1066 = DEFINITIONAL_REPRESENTATION('',(#1067),#1075);
#1067 = ( BOUNDED_CURVE() B_SPLINE_CURVE(2,(#1068,#1069,#1070,#1071,
#1072,#1073,#1074),.UNSPECIFIED.,.T.,.F.) B_SPLINE_CURVE_WITH_KNOTS((1,2
    ,2,2,2,1),(-2.094395102393,0.,2.094395102393,4.188790204786,
6.28318530718,8.377580409573),.UNSPECIFIED.) CURVE() 
GEOMETRIC_REPRESENTATION_ITEM() RATIONAL_B_SPLINE_CURVE((1.,0.5,1.,0.5,
1.,0.5,1.)) REPRESENTATION_ITEM('') );
#1068 = CARTESIAN_POINT('',(27.7,35.5));
#1069 = CARTESIAN_POINT('',(27.7,32.555513627133));
#1070 = CARTESIAN_POINT('',(25.15,34.027756813566));
#1071 = CARTESIAN_POINT('',(22.6,35.5));
#1072 = CARTESIAN_POINT('',(25.15,36.972243186434));
#1073 = CARTESIAN_POINT('',(27.7,38.444486372867));
#1074 = CARTESIAN_POINT('',(27.7,35.5));
#1075 = ( GEOMETRIC_REPRESENTATION_CONTEXT(2) 
PARAMETRIC_REPRESENTATION_CONTEXT() REPRESENTATION_CONTEXT('2D SPACE',''
  ) );
#1076 = PCURVE('',#1077,#1082);
#1077 = CYLINDRICAL_SURFACE('',#1078,1.7);
#1078 = AXIS2_PLACEMENT_3D('',#1079,#1080,#1081);
#1079 = CARTESIAN_POINT('',(7.041719095097E-16,11.5,72.));
#1080 = DIRECTION('',(-0.,-0.,-1.));
#1081 = DIRECTION('',(1.,0.,0.));
#1082 = DEFINITIONAL_REPRESENTATION('',(#1083),#1087);
#1083 = LINE('',#1084,#1085);
#1084 = CARTESIAN_POINT('',(-6.28318530718,-1.));
#1085 = VECTOR('',#1086,1.);
#1086 = DIRECTION('',(1.,-0.));
#1087 = ( GEOMETRIC_REPRESENTATION_CONTEXT(2) 
PARAMETRIC_REPRESENTATION_CONTEXT() REPRESENTATION_CONTEXT('2D SPACE',''
  ) );
#1088 = ADVANCED_FACE('',(#1089),#128,.T.);
#1089 = FACE_BOUND('',#1090,.F.);
#1090 = EDGE_LOOP('',(#1091,#1092,#1093,#1114));
#1091 = ORIENTED_EDGE('',*,*,#112,.F.);
#1092 = ORIENTED_EDGE('',*,*,#923,.T.);
#1093 = ORIENTED_EDGE('',*,*,#1094,.T.);
#1094 = EDGE_CURVE('',#901,#1095,#1097,.T.);
#1095 = VERTEX_POINT('',#1096);
#1096 = CARTESIAN_POINT('',(-25.91918358845,20.,78.5));
#1097 = SURFACE_CURVE('',#1098,(#1102,#1108),.PCURVE_S1.);
#1098 = LINE('',#1099,#1100);
#1099 = CARTESIAN_POINT('',(-25.91918358845,20.,73.));
#1100 = VECTOR('',#1101,1.);
#1101 = DIRECTION('',(0.,0.,1.));
#1102 = PCURVE('',#128,#1103);
#1103 = DEFINITIONAL_REPRESENTATION('',(#1104),#1107);
#1104 = B_SPLINE_CURVE_WITH_KNOTS('',1,(#1105,#1106),.UNSPECIFIED.,.F.,
  .F.,(2,2),(-6.000000070117E-07,6.0000006),.PIECEWISE_BEZIER_KNOTS.);
#1105 = CARTESIAN_POINT('',(-0.20135792079,-6.000000070117E-07));
#1106 = CARTESIAN_POINT('',(-0.20135792079,6.0000006));
#1107 = ( GEOMETRIC_REPRESENTATION_CONTEXT(2) 
PARAMETRIC_REPRESENTATION_CONTEXT() REPRESENTATION_CONTEXT('2D SPACE',''
  ) );
#1108 = PCURVE('',#184,#1109);
#1109 = DEFINITIONAL_REPRESENTATION('',(#1110),#1113);
#1110 = B_SPLINE_CURVE_WITH_KNOTS('',1,(#1111,#1112),.UNSPECIFIED.,.F.,
  .F.,(2,2),(-6.000000070117E-07,6.0000006),.PIECEWISE_BEZIER_KNOTS.);
#1111 = CARTESIAN_POINT('',(-6.000000070117E-07,8.081641154691E-02));
#1112 = CARTESIAN_POINT('',(6.0000006,8.081641154691E-02));
#1113 = ( GEOMETRIC_REPRESENTATION_CONTEXT(2) 
PARAMETRIC_REPRESENTATION_CONTEXT() REPRESENTATION_CONTEXT('2D SPACE',''
  ) );
#1114 = ORIENTED_EDGE('',*,*,#1115,.T.);
#1115 = EDGE_CURVE('',#1095,#113,#1116,.T.);
#1116 = SURFACE_CURVE('',#1117,(#1122,#1129),.PCURVE_S1.);
#1117 = CIRCLE('',#1118,4.);
#1118 = AXIS2_PLACEMENT_3D('',#1119,#1120,#1121);
#1119 = CARTESIAN_POINT('',(-22.,19.2,78.5));
#1120 = DIRECTION('',(0.,0.,1.));
#1121 = DIRECTION('',(-1.,-0.,0.));
#1122 = PCURVE('',#128,#1123);
#1123 = DEFINITIONAL_REPRESENTATION('',(#1124),#1128);
#1124 = LINE('',#1125,#1126);
#1125 = CARTESIAN_POINT('',(-6.28318530718,5.5));
#1126 = VECTOR('',#1127,1.);
#1127 = DIRECTION('',(1.,-0.));
#1128 = ( GEOMETRIC_REPRESENTATION_CONTEXT(2) 
PARAMETRIC_REPRESENTATION_CONTEXT() REPRESENTATION_CONTEXT('2D SPACE',''
  ) );
#1129 = PCURVE('',#156,#1130);
#1130 = DEFINITIONAL_REPRESENTATION('',(#1131),#1135);
#1131 = CIRCLE('',#1132,4.);
#1132 = AXIS2_PLACEMENT_2D('',#1133,#1134);
#1133 = CARTESIAN_POINT('',(21.2,-4.));
#1134 = DIRECTION('',(0.,1.));
#1135 = ( GEOMETRIC_REPRESENTATION_CONTEXT(2) 
PARAMETRIC_REPRESENTATION_CONTEXT() REPRESENTATION_CONTEXT('2D SPACE',''
  ) );
#1136 = ADVANCED_FACE('',(#1137),#156,.F.);
#1137 = FACE_BOUND('',#1138,.F.);
#1138 = EDGE_LOOP('',(#1139,#1140,#1141));
#1139 = ORIENTED_EDGE('',*,*,#140,.F.);
#1140 = ORIENTED_EDGE('',*,*,#1115,.F.);
#1141 = ORIENTED_EDGE('',*,*,#1142,.F.);
#1142 = EDGE_CURVE('',#141,#1095,#1143,.T.);
#1143 = SURFACE_CURVE('',#1144,(#1148,#1154),.PCURVE_S1.);
#1144 = LINE('',#1145,#1146);
#1145 = CARTESIAN_POINT('',(-26.,20.,78.5));
#1146 = VECTOR('',#1147,1.);
#1147 = DIRECTION('',(1.,0.,0.));
#1148 = PCURVE('',#156,#1149);
#1149 = DEFINITIONAL_REPRESENTATION('',(#1150),#1153);
#1150 = B_SPLINE_CURVE_WITH_KNOTS('',1,(#1151,#1152),.UNSPECIFIED.,.F.,
  .F.,(2,2),(0.,4.),.PIECEWISE_BEZIER_KNOTS.);
#1151 = CARTESIAN_POINT('',(22.,0.));
#1152 = CARTESIAN_POINT('',(22.,-4.));
#1153 = ( GEOMETRIC_REPRESENTATION_CONTEXT(2) 
PARAMETRIC_REPRESENTATION_CONTEXT() REPRESENTATION_CONTEXT('2D SPACE',''
  ) );
#1154 = PCURVE('',#184,#1155);
#1155 = DEFINITIONAL_REPRESENTATION('',(#1156),#1159);
#1156 = B_SPLINE_CURVE_WITH_KNOTS('',1,(#1157,#1158),.UNSPECIFIED.,.F.,
  .F.,(2,2),(0.,4.),.PIECEWISE_BEZIER_KNOTS.);
#1157 = CARTESIAN_POINT('',(5.5,0.));
#1158 = CARTESIAN_POINT('',(5.5,4.));
#1159 = ( GEOMETRIC_REPRESENTATION_CONTEXT(2) 
PARAMETRIC_REPRESENTATION_CONTEXT() REPRESENTATION_CONTEXT('2D SPACE',''
  ) );
#1160 = ADVANCED_FACE('',(#1161),#184,.F.);
#1161 = FACE_BOUND('',#1162,.F.);
#1162 = EDGE_LOOP('',(#1163,#1164,#1165,#1166));
#1163 = ORIENTED_EDGE('',*,*,#168,.T.);
#1164 = ORIENTED_EDGE('',*,*,#1142,.T.);
#1165 = ORIENTED_EDGE('',*,*,#1094,.F.);
#1166 = ORIENTED_EDGE('',*,*,#900,.F.);
#1167 = ADVANCED_FACE('',(#1168,#1278,#1309,#1340,#1371,#1402),#235,.T.
  );
#1168 = FACE_BOUND('',#1169,.T.);
#1169 = EDGE_LOOP('',(#1170,#1171,#1172,#1196,#1224,#1257));
#1170 = ORIENTED_EDGE('',*,*,#878,.F.);
#1171 = ORIENTED_EDGE('',*,*,#219,.T.);
#1172 = ORIENTED_EDGE('',*,*,#1173,.T.);
#1173 = EDGE_CURVE('',#220,#1174,#1176,.T.);
#1174 = VERTEX_POINT('',#1175);
#1175 = CARTESIAN_POINT('',(-20.,23.2,124.15));
#1176 = SURFACE_CURVE('',#1177,(#1182,#1189),.PCURVE_S1.);
#1177 = CIRCLE('',#1178,6.);
#1178 = AXIS2_PLACEMENT_3D('',#1179,#1180,#1181);
#1179 = CARTESIAN_POINT('',(-20.,23.2,118.15));
#1180 = DIRECTION('',(0.,1.,0.));
#1181 = DIRECTION('',(0.,-0.,1.));
#1182 = PCURVE('',#235,#1183);
#1183 = DEFINITIONAL_REPRESENTATION('',(#1184),#1188);
#1184 = CIRCLE('',#1185,6.);
#1185 = AXIS2_PLACEMENT_2D('',#1186,#1187);
#1186 = CARTESIAN_POINT('',(45.15,6.));
#1187 = DIRECTION('',(1.,0.));
#1188 = ( GEOMETRIC_REPRESENTATION_CONTEXT(2) 
PARAMETRIC_REPRESENTATION_CONTEXT() REPRESENTATION_CONTEXT('2D SPACE',''
  ) );
#1189 = PCURVE('',#263,#1190);
#1190 = DEFINITIONAL_REPRESENTATION('',(#1191),#1195);
#1191 = LINE('',#1192,#1193);
#1192 = CARTESIAN_POINT('',(-4.712388980385,3.2));
#1193 = VECTOR('',#1194,1.);
#1194 = DIRECTION('',(1.,0.));
#1195 = ( GEOMETRIC_REPRESENTATION_CONTEXT(2) 
PARAMETRIC_REPRESENTATION_CONTEXT() REPRESENTATION_CONTEXT('2D SPACE',''
  ) );
#1196 = ORIENTED_EDGE('',*,*,#1197,.T.);
#1197 = EDGE_CURVE('',#1174,#1198,#1200,.T.);
#1198 = VERTEX_POINT('',#1199);
#1199 = CARTESIAN_POINT('',(20.,23.2,124.15));
#1200 = SURFACE_CURVE('',#1201,(#1205,#1212),.PCURVE_S1.);
#1201 = LINE('',#1202,#1203);
#1202 = CARTESIAN_POINT('',(-26.,23.2,124.15));
#1203 = VECTOR('',#1204,1.);
#1204 = DIRECTION('',(1.,0.,0.));
#1205 = PCURVE('',#235,#1206);
#1206 = DEFINITIONAL_REPRESENTATION('',(#1207),#1211);
#1207 = LINE('',#1208,#1209);
#1208 = CARTESIAN_POINT('',(51.15,0.));
#1209 = VECTOR('',#1210,1.);
#1210 = DIRECTION('',(0.,1.));
#1211 = ( GEOMETRIC_REPRESENTATION_CONTEXT(2) 
PARAMETRIC_REPRESENTATION_CONTEXT() REPRESENTATION_CONTEXT('2D SPACE',''
  ) );
#1212 = PCURVE('',#1213,#1218);
#1213 = PLANE('',#1214);
#1214 = AXIS2_PLACEMENT_3D('',#1215,#1216,#1217);
#1215 = CARTESIAN_POINT('',(-26.,20.,124.15));
#1216 = DIRECTION('',(0.,0.,1.));
#1217 = DIRECTION('',(1.,0.,0.));
#1218 = DEFINITIONAL_REPRESENTATION('',(#1219),#1223);
#1219 = LINE('',#1220,#1221);
#1220 = CARTESIAN_POINT('',(0.,3.2));
#1221 = VECTOR('',#1222,1.);
#1222 = DIRECTION('',(1.,0.));
#1223 = ( GEOMETRIC_REPRESENTATION_CONTEXT(2) 
PARAMETRIC_REPRESENTATION_CONTEXT() REPRESENTATION_CONTEXT('2D SPACE',''
  ) );
#1224 = ORIENTED_EDGE('',*,*,#1225,.F.);
#1225 = EDGE_CURVE('',#1226,#1198,#1228,.T.);
#1226 = VERTEX_POINT('',#1227);
#1227 = CARTESIAN_POINT('',(26.,23.2,118.15));
#1228 = SURFACE_CURVE('',#1229,(#1234,#1245),.PCURVE_S1.);
#1229 = CIRCLE('',#1230,6.);
#1230 = AXIS2_PLACEMENT_3D('',#1231,#1232,#1233);
#1231 = CARTESIAN_POINT('',(20.,23.2,118.15));
#1232 = DIRECTION('',(-0.,-1.,0.));
#1233 = DIRECTION('',(0.,-0.,1.));
#1234 = PCURVE('',#235,#1235);
#1235 = DEFINITIONAL_REPRESENTATION('',(#1236),#1244);
#1236 = ( BOUNDED_CURVE() B_SPLINE_CURVE(2,(#1237,#1238,#1239,#1240,
#1241,#1242,#1243),.UNSPECIFIED.,.T.,.F.) B_SPLINE_CURVE_WITH_KNOTS((1,2
    ,2,2,2,1),(-2.094395102393,0.,2.094395102393,4.188790204786,
6.28318530718,8.377580409573),.UNSPECIFIED.) CURVE() 
GEOMETRIC_REPRESENTATION_ITEM() RATIONAL_B_SPLINE_CURVE((1.,0.5,1.,0.5,
1.,0.5,1.)) REPRESENTATION_ITEM('') );
#1237 = CARTESIAN_POINT('',(51.15,46.));
#1238 = CARTESIAN_POINT('',(51.15,35.607695154587));
#1239 = CARTESIAN_POINT('',(42.15,40.803847577293));
#1240 = CARTESIAN_POINT('',(33.15,46.));
#1241 = CARTESIAN_POINT('',(42.15,51.196152422707));
#1242 = CARTESIAN_POINT('',(51.15,56.392304845413));
#1243 = CARTESIAN_POINT('',(51.15,46.));
#1244 = ( GEOMETRIC_REPRESENTATION_CONTEXT(2) 
PARAMETRIC_REPRESENTATION_CONTEXT() REPRESENTATION_CONTEXT('2D SPACE',''
  ) );
#1245 = PCURVE('',#1246,#1251);
#1246 = CYLINDRICAL_SURFACE('',#1247,6.);
#1247 = AXIS2_PLACEMENT_3D('',#1248,#1249,#1250);
#1248 = CARTESIAN_POINT('',(20.,20.,118.15));
#1249 = DIRECTION('',(0.,1.,0.));
#1250 = DIRECTION('',(1.,0.,-0.));
#1251 = DEFINITIONAL_REPRESENTATION('',(#1252),#1256);
#1252 = LINE('',#1253,#1254);
#1253 = CARTESIAN_POINT('',(4.712388980385,3.2));
#1254 = VECTOR('',#1255,1.);
#1255 = DIRECTION('',(-1.,0.));
#1256 = ( GEOMETRIC_REPRESENTATION_CONTEXT(2) 
PARAMETRIC_REPRESENTATION_CONTEXT() REPRESENTATION_CONTEXT('2D SPACE',''
  ) );
#1257 = ORIENTED_EDGE('',*,*,#1258,.F.);
#1258 = EDGE_CURVE('',#856,#1226,#1259,.T.);
#1259 = SURFACE_CURVE('',#1260,(#1264,#1271),.PCURVE_S1.);
#1260 = LINE('',#1261,#1262);
#1261 = CARTESIAN_POINT('',(26.,23.2,73.));
#1262 = VECTOR('',#1263,1.);
#1263 = DIRECTION('',(0.,0.,1.));
#1264 = PCURVE('',#235,#1265);
#1265 = DEFINITIONAL_REPRESENTATION('',(#1266),#1270);
#1266 = LINE('',#1267,#1268);
#1267 = CARTESIAN_POINT('',(0.,52.));
#1268 = VECTOR('',#1269,1.);
#1269 = DIRECTION('',(1.,0.));
#1270 = ( GEOMETRIC_REPRESENTATION_CONTEXT(2) 
PARAMETRIC_REPRESENTATION_CONTEXT() REPRESENTATION_CONTEXT('2D SPACE',''
  ) );
#1271 = PCURVE('',#434,#1272);
#1272 = DEFINITIONAL_REPRESENTATION('',(#1273),#1277);
#1273 = LINE('',#1274,#1275);
#1274 = CARTESIAN_POINT('',(0.,-47.2));
#1275 = VECTOR('',#1276,1.);
#1276 = DIRECTION('',(1.,0.));
#1277 = ( GEOMETRIC_REPRESENTATION_CONTEXT(2) 
PARAMETRIC_REPRESENTATION_CONTEXT() REPRESENTATION_CONTEXT('2D SPACE',''
  ) );
#1278 = FACE_BOUND('',#1279,.T.);
#1279 = EDGE_LOOP('',(#1280));
#1280 = ORIENTED_EDGE('',*,*,#1281,.F.);
#1281 = EDGE_CURVE('',#1282,#1282,#1284,.T.);
#1282 = VERTEX_POINT('',#1283);
#1283 = CARTESIAN_POINT('',(-13.9,23.2,84.65));
#1284 = SURFACE_CURVE('',#1285,(#1290,#1297),.PCURVE_S1.);
#1285 = CIRCLE('',#1286,1.6);
#1286 = AXIS2_PLACEMENT_3D('',#1287,#1288,#1289);
#1287 = CARTESIAN_POINT('',(-15.5,23.2,84.65));
#1288 = DIRECTION('',(-0.,1.,0.));
#1289 = DIRECTION('',(1.,0.,0.));
#1290 = PCURVE('',#235,#1291);
#1291 = DEFINITIONAL_REPRESENTATION('',(#1292),#1296);
#1292 = CIRCLE('',#1293,1.6);
#1293 = AXIS2_PLACEMENT_2D('',#1294,#1295);
#1294 = CARTESIAN_POINT('',(11.65,10.5));
#1295 = DIRECTION('',(0.,1.));
#1296 = ( GEOMETRIC_REPRESENTATION_CONTEXT(2) 
PARAMETRIC_REPRESENTATION_CONTEXT() REPRESENTATION_CONTEXT('2D SPACE',''
  ) );
#1297 = PCURVE('',#1298,#1303);
#1298 = CYLINDRICAL_SURFACE('',#1299,1.6);
#1299 = AXIS2_PLACEMENT_3D('',#1300,#1301,#1302);
#1300 = CARTESIAN_POINT('',(-15.5,24.2,84.65));
#1301 = DIRECTION('',(-0.,1.,-0.));
#1302 = DIRECTION('',(1.,0.,0.));
#1303 = DEFINITIONAL_REPRESENTATION('',(#1304),#1308);
#1304 = LINE('',#1305,#1306);
#1305 = CARTESIAN_POINT('',(-6.28318530718,-1.));
#1306 = VECTOR('',#1307,1.);
#1307 = DIRECTION('',(1.,-0.));
#1308 = ( GEOMETRIC_REPRESENTATION_CONTEXT(2) 
PARAMETRIC_REPRESENTATION_CONTEXT() REPRESENTATION_CONTEXT('2D SPACE',''
  ) );
#1309 = FACE_BOUND('',#1310,.T.);
#1310 = EDGE_LOOP('',(#1311));
#1311 = ORIENTED_EDGE('',*,*,#1312,.F.);
#1312 = EDGE_CURVE('',#1313,#1313,#1315,.T.);
#1313 = VERTEX_POINT('',#1314);
#1314 = CARTESIAN_POINT('',(-13.9,23.2,115.65));
#1315 = SURFACE_CURVE('',#1316,(#1321,#1328),.PCURVE_S1.);
#1316 = CIRCLE('',#1317,1.6);
#1317 = AXIS2_PLACEMENT_3D('',#1318,#1319,#1320);
#1318 = CARTESIAN_POINT('',(-15.5,23.2,115.65));
#1319 = DIRECTION('',(-0.,1.,0.));
#1320 = DIRECTION('',(1.,0.,0.));
#1321 = PCURVE('',#235,#1322);
#1322 = DEFINITIONAL_REPRESENTATION('',(#1323),#1327);
#1323 = CIRCLE('',#1324,1.6);
#1324 = AXIS2_PLACEMENT_2D('',#1325,#1326);
#1325 = CARTESIAN_POINT('',(42.65,10.5));
#1326 = DIRECTION('',(0.,1.));
#1327 = ( GEOMETRIC_REPRESENTATION_CONTEXT(2) 
PARAMETRIC_REPRESENTATION_CONTEXT() REPRESENTATION_CONTEXT('2D SPACE',''
  ) );
#1328 = PCURVE('',#1329,#1334);
#1329 = CYLINDRICAL_SURFACE('',#1330,1.6);
#1330 = AXIS2_PLACEMENT_3D('',#1331,#1332,#1333);
#1331 = CARTESIAN_POINT('',(-15.5,24.2,115.65));
#1332 = DIRECTION('',(-0.,1.,-0.));
#1333 = DIRECTION('',(1.,0.,0.));
#1334 = DEFINITIONAL_REPRESENTATION('',(#1335),#1339);
#1335 = LINE('',#1336,#1337);
#1336 = CARTESIAN_POINT('',(-6.28318530718,-1.));
#1337 = VECTOR('',#1338,1.);
#1338 = DIRECTION('',(1.,-0.));
#1339 = ( GEOMETRIC_REPRESENTATION_CONTEXT(2) 
PARAMETRIC_REPRESENTATION_CONTEXT() REPRESENTATION_CONTEXT('2D SPACE',''
  ) );
#1340 = FACE_BOUND('',#1341,.T.);
#1341 = EDGE_LOOP('',(#1342));
#1342 = ORIENTED_EDGE('',*,*,#1343,.F.);
#1343 = EDGE_CURVE('',#1344,#1344,#1346,.T.);
#1344 = VERTEX_POINT('',#1345);
#1345 = CARTESIAN_POINT('',(17.1,23.2,84.65));
#1346 = SURFACE_CURVE('',#1347,(#1352,#1359),.PCURVE_S1.);
#1347 = CIRCLE('',#1348,1.6);
#1348 = AXIS2_PLACEMENT_3D('',#1349,#1350,#1351);
#1349 = CARTESIAN_POINT('',(15.5,23.2,84.65));
#1350 = DIRECTION('',(-0.,1.,0.));
#1351 = DIRECTION('',(1.,0.,0.));
#1352 = PCURVE('',#235,#1353);
#1353 = DEFINITIONAL_REPRESENTATION('',(#1354),#1358);
#1354 = CIRCLE('',#1355,1.6);
#1355 = AXIS2_PLACEMENT_2D('',#1356,#1357);
#1356 = CARTESIAN_POINT('',(11.65,41.5));
#1357 = DIRECTION('',(0.,1.));
#1358 = ( GEOMETRIC_REPRESENTATION_CONTEXT(2) 
PARAMETRIC_REPRESENTATION_CONTEXT() REPRESENTATION_CONTEXT('2D SPACE',''
  ) );
#1359 = PCURVE('',#1360,#1365);
#1360 = CYLINDRICAL_SURFACE('',#1361,1.6);
#1361 = AXIS2_PLACEMENT_3D('',#1362,#1363,#1364);
#1362 = CARTESIAN_POINT('',(15.5,24.2,84.65));
#1363 = DIRECTION('',(-0.,1.,-0.));
#1364 = DIRECTION('',(1.,0.,0.));
#1365 = DEFINITIONAL_REPRESENTATION('',(#1366),#1370);
#1366 = LINE('',#1367,#1368);
#1367 = CARTESIAN_POINT('',(-6.28318530718,-1.));
#1368 = VECTOR('',#1369,1.);
#1369 = DIRECTION('',(1.,-0.));
#1370 = ( GEOMETRIC_REPRESENTATION_CONTEXT(2) 
PARAMETRIC_REPRESENTATION_CONTEXT() REPRESENTATION_CONTEXT('2D SPACE',''
  ) );
#1371 = FACE_BOUND('',#1372,.T.);
#1372 = EDGE_LOOP('',(#1373));
#1373 = ORIENTED_EDGE('',*,*,#1374,.F.);
#1374 = EDGE_CURVE('',#1375,#1375,#1377,.T.);
#1375 = VERTEX_POINT('',#1376);
#1376 = CARTESIAN_POINT('',(11.15,23.2,100.15));
#1377 = SURFACE_CURVE('',#1378,(#1383,#1390),.PCURVE_S1.);
#1378 = CIRCLE('',#1379,11.15);
#1379 = AXIS2_PLACEMENT_3D('',#1380,#1381,#1382);
#1380 = CARTESIAN_POINT('',(0.,23.2,100.15));
#1381 = DIRECTION('',(-0.,1.,0.));
#1382 = DIRECTION('',(1.,0.,0.));
#1383 = PCURVE('',#235,#1384);
#1384 = DEFINITIONAL_REPRESENTATION('',(#1385),#1389);
#1385 = CIRCLE('',#1386,11.15);
#1386 = AXIS2_PLACEMENT_2D('',#1387,#1388);
#1387 = CARTESIAN_POINT('',(27.15,26.));
#1388 = DIRECTION('',(0.,1.));
#1389 = ( GEOMETRIC_REPRESENTATION_CONTEXT(2) 
PARAMETRIC_REPRESENTATION_CONTEXT() REPRESENTATION_CONTEXT('2D SPACE',''
  ) );
#1390 = PCURVE('',#1391,#1396);
#1391 = CYLINDRICAL_SURFACE('',#1392,11.15);
#1392 = AXIS2_PLACEMENT_3D('',#1393,#1394,#1395);
#1393 = CARTESIAN_POINT('',(0.,24.2,100.15));
#1394 = DIRECTION('',(-0.,1.,-0.));
#1395 = DIRECTION('',(1.,0.,0.));
#1396 = DEFINITIONAL_REPRESENTATION('',(#1397),#1401);
#1397 = LINE('',#1398,#1399);
#1398 = CARTESIAN_POINT('',(-6.28318530718,-1.));
#1399 = VECTOR('',#1400,1.);
#1400 = DIRECTION('',(1.,-0.));
#1401 = ( GEOMETRIC_REPRESENTATION_CONTEXT(2) 
PARAMETRIC_REPRESENTATION_CONTEXT() REPRESENTATION_CONTEXT('2D SPACE',''
  ) );
#1402 = FACE_BOUND('',#1403,.T.);
#1403 = EDGE_LOOP('',(#1404));
#1404 = ORIENTED_EDGE('',*,*,#1405,.F.);
#1405 = EDGE_CURVE('',#1406,#1406,#1408,.T.);
#1406 = VERTEX_POINT('',#1407);
#1407 = CARTESIAN_POINT('',(17.1,23.2,115.65));
#1408 = SURFACE_CURVE('',#1409,(#1414,#1421),.PCURVE_S1.);
#1409 = CIRCLE('',#1410,1.6);
#1410 = AXIS2_PLACEMENT_3D('',#1411,#1412,#1413);
#1411 = CARTESIAN_POINT('',(15.5,23.2,115.65));
#1412 = DIRECTION('',(-0.,1.,0.));
#1413 = DIRECTION('',(1.,0.,0.));
#1414 = PCURVE('',#235,#1415);
#1415 = DEFINITIONAL_REPRESENTATION('',(#1416),#1420);
#1416 = CIRCLE('',#1417,1.6);
#1417 = AXIS2_PLACEMENT_2D('',#1418,#1419);
#1418 = CARTESIAN_POINT('',(42.65,41.5));
#1419 = DIRECTION('',(0.,1.));
#1420 = ( GEOMETRIC_REPRESENTATION_CONTEXT(2) 
PARAMETRIC_REPRESENTATION_CONTEXT() REPRESENTATION_CONTEXT('2D SPACE',''
  ) );
#1421 = PCURVE('',#1422,#1427);
#1422 = CYLINDRICAL_SURFACE('',#1423,1.6);
#1423 = AXIS2_PLACEMENT_3D('',#1424,#1425,#1426);
#1424 = CARTESIAN_POINT('',(15.5,24.2,115.65));
#1425 = DIRECTION('',(-0.,1.,-0.));
#1426 = DIRECTION('',(1.,0.,0.));
#1427 = DEFINITIONAL_REPRESENTATION('',(#1428),#1432);
#1428 = LINE('',#1429,#1430);
#1429 = CARTESIAN_POINT('',(-6.28318530718,-1.));
#1430 = VECTOR('',#1431,1.);
#1431 = DIRECTION('',(1.,-0.));
#1432 = ( GEOMETRIC_REPRESENTATION_CONTEXT(2) 
PARAMETRIC_REPRESENTATION_CONTEXT() REPRESENTATION_CONTEXT('2D SPACE',''
  ) );
#1433 = ADVANCED_FACE('',(#1434),#263,.T.);
#1434 = FACE_BOUND('',#1435,.T.);
#1435 = EDGE_LOOP('',(#1436,#1460,#1481,#1482));
#1436 = ORIENTED_EDGE('',*,*,#1437,.T.);
#1437 = EDGE_CURVE('',#248,#1438,#1440,.T.);
#1438 = VERTEX_POINT('',#1439);
#1439 = CARTESIAN_POINT('',(-20.,20.,124.15));
#1440 = SURFACE_CURVE('',#1441,(#1446,#1453),.PCURVE_S1.);
#1441 = CIRCLE('',#1442,6.);
#1442 = AXIS2_PLACEMENT_3D('',#1443,#1444,#1445);
#1443 = CARTESIAN_POINT('',(-20.,20.,118.15));
#1444 = DIRECTION('',(0.,1.,0.));
#1445 = DIRECTION('',(0.,-0.,1.));
#1446 = PCURVE('',#263,#1447);
#1447 = DEFINITIONAL_REPRESENTATION('',(#1448),#1452);
#1448 = LINE('',#1449,#1450);
#1449 = CARTESIAN_POINT('',(-4.712388980385,0.));
#1450 = VECTOR('',#1451,1.);
#1451 = DIRECTION('',(1.,0.));
#1452 = ( GEOMETRIC_REPRESENTATION_CONTEXT(2) 
PARAMETRIC_REPRESENTATION_CONTEXT() REPRESENTATION_CONTEXT('2D SPACE',''
  ) );
#1453 = PCURVE('',#291,#1454);
#1454 = DEFINITIONAL_REPRESENTATION('',(#1455),#1459);
#1455 = CIRCLE('',#1456,6.);
#1456 = AXIS2_PLACEMENT_2D('',#1457,#1458);
#1457 = CARTESIAN_POINT('',(45.15,6.));
#1458 = DIRECTION('',(1.,0.));
#1459 = ( GEOMETRIC_REPRESENTATION_CONTEXT(2) 
PARAMETRIC_REPRESENTATION_CONTEXT() REPRESENTATION_CONTEXT('2D SPACE',''
  ) );
#1460 = ORIENTED_EDGE('',*,*,#1461,.T.);
#1461 = EDGE_CURVE('',#1438,#1174,#1462,.T.);
#1462 = SURFACE_CURVE('',#1463,(#1467,#1474),.PCURVE_S1.);
#1463 = LINE('',#1464,#1465);
#1464 = CARTESIAN_POINT('',(-20.,20.,124.15));
#1465 = VECTOR('',#1466,1.);
#1466 = DIRECTION('',(0.,1.,0.));
#1467 = PCURVE('',#263,#1468);
#1468 = DEFINITIONAL_REPRESENTATION('',(#1469),#1473);
#1469 = LINE('',#1470,#1471);
#1470 = CARTESIAN_POINT('',(1.570796326795,0.));
#1471 = VECTOR('',#1472,1.);
#1472 = DIRECTION('',(0.,1.));
#1473 = ( GEOMETRIC_REPRESENTATION_CONTEXT(2) 
PARAMETRIC_REPRESENTATION_CONTEXT() REPRESENTATION_CONTEXT('2D SPACE',''
  ) );
#1474 = PCURVE('',#1213,#1475);
#1475 = DEFINITIONAL_REPRESENTATION('',(#1476),#1480);
#1476 = LINE('',#1477,#1478);
#1477 = CARTESIAN_POINT('',(6.,0.));
#1478 = VECTOR('',#1479,1.);
#1479 = DIRECTION('',(0.,1.));
#1480 = ( GEOMETRIC_REPRESENTATION_CONTEXT(2) 
PARAMETRIC_REPRESENTATION_CONTEXT() REPRESENTATION_CONTEXT('2D SPACE',''
  ) );
#1481 = ORIENTED_EDGE('',*,*,#1173,.F.);
#1482 = ORIENTED_EDGE('',*,*,#247,.F.);
#1483 = ADVANCED_FACE('',(#1484,#1643,#1669,#1695,#1721,#1747),#291,.F.
  );
#1484 = FACE_BOUND('',#1485,.F.);
#1485 = EDGE_LOOP('',(#1486,#1516,#1539,#1560,#1579,#1580,#1601,#1620,
    #1621,#1622));
#1486 = ORIENTED_EDGE('',*,*,#1487,.F.);
#1487 = EDGE_CURVE('',#1488,#1490,#1492,.T.);
#1488 = VERTEX_POINT('',#1489);
#1489 = CARTESIAN_POINT('',(26.,20.,118.15));
#1490 = VERTEX_POINT('',#1491);
#1491 = CARTESIAN_POINT('',(20.,20.,124.15));
#1492 = SURFACE_CURVE('',#1493,(#1498,#1509),.PCURVE_S1.);
#1493 = CIRCLE('',#1494,6.);
#1494 = AXIS2_PLACEMENT_3D('',#1495,#1496,#1497);
#1495 = CARTESIAN_POINT('',(20.,20.,118.15));
#1496 = DIRECTION('',(-0.,-1.,0.));
#1497 = DIRECTION('',(0.,-0.,1.));
#1498 = PCURVE('',#291,#1499);
#1499 = DEFINITIONAL_REPRESENTATION('',(#1500),#1508);
#1500 = ( BOUNDED_CURVE() B_SPLINE_CURVE(2,(#1501,#1502,#1503,#1504,
#1505,#1506,#1507),.UNSPECIFIED.,.T.,.F.) B_SPLINE_CURVE_WITH_KNOTS((1,2
    ,2,2,2,1),(-2.094395102393,0.,2.094395102393,4.188790204786,
6.28318530718,8.377580409573),.UNSPECIFIED.) CURVE() 
GEOMETRIC_REPRESENTATION_ITEM() RATIONAL_B_SPLINE_CURVE((1.,0.5,1.,0.5,
1.,0.5,1.)) REPRESENTATION_ITEM('') );
#1501 = CARTESIAN_POINT('',(51.15,46.));
#1502 = CARTESIAN_POINT('',(51.15,35.607695154587));
#1503 = CARTESIAN_POINT('',(42.15,40.803847577293));
#1504 = CARTESIAN_POINT('',(33.15,46.));
#1505 = CARTESIAN_POINT('',(42.15,51.196152422707));
#1506 = CARTESIAN_POINT('',(51.15,56.392304845413));
#1507 = CARTESIAN_POINT('',(51.15,46.));
#1508 = ( GEOMETRIC_REPRESENTATION_CONTEXT(2) 
PARAMETRIC_REPRESENTATION_CONTEXT() REPRESENTATION_CONTEXT('2D SPACE',''
  ) );
#1509 = PCURVE('',#1246,#1510);
#1510 = DEFINITIONAL_REPRESENTATION('',(#1511),#1515);
#1511 = LINE('',#1512,#1513);
#1512 = CARTESIAN_POINT('',(4.712388980385,-0.));
#1513 = VECTOR('',#1514,1.);
#1514 = DIRECTION('',(-1.,0.));
#1515 = ( GEOMETRIC_REPRESENTATION_CONTEXT(2) 
PARAMETRIC_REPRESENTATION_CONTEXT() REPRESENTATION_CONTEXT('2D SPACE',''
  ) );
#1516 = ORIENTED_EDGE('',*,*,#1517,.F.);
#1517 = EDGE_CURVE('',#1518,#1488,#1520,.T.);
#1518 = VERTEX_POINT('',#1519);
#1519 = CARTESIAN_POINT('',(26.,20.,113.35777777777));
#1520 = SURFACE_CURVE('',#1521,(#1525,#1532),.PCURVE_S1.);
#1521 = LINE('',#1522,#1523);
#1522 = CARTESIAN_POINT('',(26.,20.,73.));
#1523 = VECTOR('',#1524,1.);
#1524 = DIRECTION('',(0.,0.,1.));
#1525 = PCURVE('',#291,#1526);
#1526 = DEFINITIONAL_REPRESENTATION('',(#1527),#1531);
#1527 = LINE('',#1528,#1529);
#1528 = CARTESIAN_POINT('',(0.,52.));
#1529 = VECTOR('',#1530,1.);
#1530 = DIRECTION('',(1.,0.));
#1531 = ( GEOMETRIC_REPRESENTATION_CONTEXT(2) 
PARAMETRIC_REPRESENTATION_CONTEXT() REPRESENTATION_CONTEXT('2D SPACE',''
  ) );
#1532 = PCURVE('',#434,#1533);
#1533 = DEFINITIONAL_REPRESENTATION('',(#1534),#1538);
#1534 = LINE('',#1535,#1536);
#1535 = CARTESIAN_POINT('',(0.,-44.));
#1536 = VECTOR('',#1537,1.);
#1537 = DIRECTION('',(1.,0.));
#1538 = ( GEOMETRIC_REPRESENTATION_CONTEXT(2) 
PARAMETRIC_REPRESENTATION_CONTEXT() REPRESENTATION_CONTEXT('2D SPACE',''
  ) );
#1539 = ORIENTED_EDGE('',*,*,#1540,.T.);
#1540 = EDGE_CURVE('',#1518,#1541,#1543,.T.);
#1541 = VERTEX_POINT('',#1542);
#1542 = CARTESIAN_POINT('',(22.,20.,113.35777777777));
#1543 = SURFACE_CURVE('',#1544,(#1548,#1554),.PCURVE_S1.);
#1544 = LINE('',#1545,#1546);
#1545 = CARTESIAN_POINT('',(-2.,20.,113.35777777777));
#1546 = VECTOR('',#1547,1.);
#1547 = DIRECTION('',(-1.,0.,0.));
#1548 = PCURVE('',#291,#1549);
#1549 = DEFINITIONAL_REPRESENTATION('',(#1550),#1553);
#1550 = B_SPLINE_CURVE_WITH_KNOTS('',1,(#1551,#1552),.UNSPECIFIED.,.F.,
  .F.,(2,2),(-28.,-24.),.PIECEWISE_BEZIER_KNOTS.);
#1551 = CARTESIAN_POINT('',(40.357777777778,52.));
#1552 = CARTESIAN_POINT('',(40.357777777778,48.));
#1553 = ( GEOMETRIC_REPRESENTATION_CONTEXT(2) 
PARAMETRIC_REPRESENTATION_CONTEXT() REPRESENTATION_CONTEXT('2D SPACE',''
  ) );
#1554 = PCURVE('',#461,#1555);
#1555 = DEFINITIONAL_REPRESENTATION('',(#1556),#1559);
#1556 = B_SPLINE_CURVE_WITH_KNOTS('',1,(#1557,#1558),.UNSPECIFIED.,.F.,
  .F.,(2,2),(-28.,-24.),.PIECEWISE_BEZIER_KNOTS.);
#1557 = CARTESIAN_POINT('',(0.93681164029,-4.));
#1558 = CARTESIAN_POINT('',(0.93681164029,0.));
#1559 = ( GEOMETRIC_REPRESENTATION_CONTEXT(2) 
PARAMETRIC_REPRESENTATION_CONTEXT() REPRESENTATION_CONTEXT('2D SPACE',''
  ) );
#1560 = ORIENTED_EDGE('',*,*,#1561,.T.);
#1561 = EDGE_CURVE('',#1541,#473,#1562,.T.);
#1562 = SURFACE_CURVE('',#1563,(#1567,#1573),.PCURVE_S1.);
#1563 = LINE('',#1564,#1565);
#1564 = CARTESIAN_POINT('',(22.,20.,82.663315476631));
#1565 = VECTOR('',#1566,1.);
#1566 = DIRECTION('',(0.,0.,-1.));
#1567 = PCURVE('',#291,#1568);
#1568 = DEFINITIONAL_REPRESENTATION('',(#1569),#1572);
#1569 = B_SPLINE_CURVE_WITH_KNOTS('',1,(#1570,#1571),.UNSPECIFIED.,.F.,
  .F.,(2,2),(-31.48668452336,4.163315476631),.PIECEWISE_BEZIER_KNOTS.);
#1570 = CARTESIAN_POINT('',(41.15,48.));
#1571 = CARTESIAN_POINT('',(5.5,48.));
#1572 = ( GEOMETRIC_REPRESENTATION_CONTEXT(2) 
PARAMETRIC_REPRESENTATION_CONTEXT() REPRESENTATION_CONTEXT('2D SPACE',''
  ) );
#1573 = PCURVE('',#487,#1574);
#1574 = DEFINITIONAL_REPRESENTATION('',(#1575),#1578);
#1575 = B_SPLINE_CURVE_WITH_KNOTS('',1,(#1576,#1577),.UNSPECIFIED.,.F.,
  .F.,(2,2),(-31.48668452336,4.163315476631),.PIECEWISE_BEZIER_KNOTS.);
#1576 = CARTESIAN_POINT('',(21.823369046738,-6.751630953262));
#1577 = CARTESIAN_POINT('',(-13.82663095326,-6.751630953262));
#1578 = ( GEOMETRIC_REPRESENTATION_CONTEXT(2) 
PARAMETRIC_REPRESENTATION_CONTEXT() REPRESENTATION_CONTEXT('2D SPACE',''
  ) );
#1579 = ORIENTED_EDGE('',*,*,#498,.T.);
#1580 = ORIENTED_EDGE('',*,*,#1581,.F.);
#1581 = EDGE_CURVE('',#1582,#499,#1584,.T.);
#1582 = VERTEX_POINT('',#1583);
#1583 = CARTESIAN_POINT('',(-22.,20.,113.35777777777));
#1584 = SURFACE_CURVE('',#1585,(#1589,#1595),.PCURVE_S1.);
#1585 = LINE('',#1586,#1587);
#1586 = CARTESIAN_POINT('',(-22.,20.,82.663315476631));
#1587 = VECTOR('',#1588,1.);
#1588 = DIRECTION('',(0.,0.,-1.));
#1589 = PCURVE('',#291,#1590);
#1590 = DEFINITIONAL_REPRESENTATION('',(#1591),#1594);
#1591 = B_SPLINE_CURVE_WITH_KNOTS('',1,(#1592,#1593),.UNSPECIFIED.,.F.,
  .F.,(2,2),(-31.48668452336,4.163315476631),.PIECEWISE_BEZIER_KNOTS.);
#1592 = CARTESIAN_POINT('',(41.15,4.));
#1593 = CARTESIAN_POINT('',(5.5,4.));
#1594 = ( GEOMETRIC_REPRESENTATION_CONTEXT(2) 
PARAMETRIC_REPRESENTATION_CONTEXT() REPRESENTATION_CONTEXT('2D SPACE',''
  ) );
#1595 = PCURVE('',#534,#1596);
#1596 = DEFINITIONAL_REPRESENTATION('',(#1597),#1600);
#1597 = B_SPLINE_CURVE_WITH_KNOTS('',1,(#1598,#1599),.UNSPECIFIED.,.F.,
  .F.,(2,2),(-31.48668452336,4.163315476631),.PIECEWISE_BEZIER_KNOTS.);
#1598 = CARTESIAN_POINT('',(21.823369046738,-6.751630953262));
#1599 = CARTESIAN_POINT('',(-13.82663095326,-6.751630953262));
#1600 = ( GEOMETRIC_REPRESENTATION_CONTEXT(2) 
PARAMETRIC_REPRESENTATION_CONTEXT() REPRESENTATION_CONTEXT('2D SPACE',''
  ) );
#1601 = ORIENTED_EDGE('',*,*,#1602,.T.);
#1602 = EDGE_CURVE('',#1582,#276,#1603,.T.);
#1603 = SURFACE_CURVE('',#1604,(#1608,#1614),.PCURVE_S1.);
#1604 = LINE('',#1605,#1606);
#1605 = CARTESIAN_POINT('',(-26.,20.,113.35777777777));
#1606 = VECTOR('',#1607,1.);
#1607 = DIRECTION('',(-1.,0.,0.));
#1608 = PCURVE('',#291,#1609);
#1609 = DEFINITIONAL_REPRESENTATION('',(#1610),#1613);
#1610 = B_SPLINE_CURVE_WITH_KNOTS('',1,(#1611,#1612),.UNSPECIFIED.,.F.,
  .F.,(2,2),(-4.,0.),.PIECEWISE_BEZIER_KNOTS.);
#1611 = CARTESIAN_POINT('',(40.357777777778,4.));
#1612 = CARTESIAN_POINT('',(40.357777777778,0.));
#1613 = ( GEOMETRIC_REPRESENTATION_CONTEXT(2) 
PARAMETRIC_REPRESENTATION_CONTEXT() REPRESENTATION_CONTEXT('2D SPACE',''
  ) );
#1614 = PCURVE('',#317,#1615);
#1615 = DEFINITIONAL_REPRESENTATION('',(#1616),#1619);
#1616 = B_SPLINE_CURVE_WITH_KNOTS('',1,(#1617,#1618),.UNSPECIFIED.,.F.,
  .F.,(2,2),(-4.,0.),.PIECEWISE_BEZIER_KNOTS.);
#1617 = CARTESIAN_POINT('',(0.93681164029,-4.));
#1618 = CARTESIAN_POINT('',(0.93681164029,0.));
#1619 = ( GEOMETRIC_REPRESENTATION_CONTEXT(2) 
PARAMETRIC_REPRESENTATION_CONTEXT() REPRESENTATION_CONTEXT('2D SPACE',''
  ) );
#1620 = ORIENTED_EDGE('',*,*,#275,.T.);
#1621 = ORIENTED_EDGE('',*,*,#1437,.T.);
#1622 = ORIENTED_EDGE('',*,*,#1623,.T.);
#1623 = EDGE_CURVE('',#1438,#1490,#1624,.T.);
#1624 = SURFACE_CURVE('',#1625,(#1629,#1636),.PCURVE_S1.);
#1625 = LINE('',#1626,#1627);
#1626 = CARTESIAN_POINT('',(-26.,20.,124.15));
#1627 = VECTOR('',#1628,1.);
#1628 = DIRECTION('',(1.,0.,0.));
#1629 = PCURVE('',#291,#1630);
#1630 = DEFINITIONAL_REPRESENTATION('',(#1631),#1635);
#1631 = LINE('',#1632,#1633);
#1632 = CARTESIAN_POINT('',(51.15,0.));
#1633 = VECTOR('',#1634,1.);
#1634 = DIRECTION('',(0.,1.));
#1635 = ( GEOMETRIC_REPRESENTATION_CONTEXT(2) 
PARAMETRIC_REPRESENTATION_CONTEXT() REPRESENTATION_CONTEXT('2D SPACE',''
  ) );
#1636 = PCURVE('',#1213,#1637);
#1637 = DEFINITIONAL_REPRESENTATION('',(#1638),#1642);
#1638 = LINE('',#1639,#1640);
#1639 = CARTESIAN_POINT('',(0.,0.));
#1640 = VECTOR('',#1641,1.);
#1641 = DIRECTION('',(1.,0.));
#1642 = ( GEOMETRIC_REPRESENTATION_CONTEXT(2) 
PARAMETRIC_REPRESENTATION_CONTEXT() REPRESENTATION_CONTEXT('2D SPACE',''
  ) );
#1643 = FACE_BOUND('',#1644,.F.);
#1644 = EDGE_LOOP('',(#1645));
#1645 = ORIENTED_EDGE('',*,*,#1646,.F.);
#1646 = EDGE_CURVE('',#1647,#1647,#1649,.T.);
#1647 = VERTEX_POINT('',#1648);
#1648 = CARTESIAN_POINT('',(-13.9,20.,84.65));
#1649 = SURFACE_CURVE('',#1650,(#1655,#1662),.PCURVE_S1.);
#1650 = CIRCLE('',#1651,1.6);
#1651 = AXIS2_PLACEMENT_3D('',#1652,#1653,#1654);
#1652 = CARTESIAN_POINT('',(-15.5,20.,84.65));
#1653 = DIRECTION('',(-0.,1.,0.));
#1654 = DIRECTION('',(1.,0.,0.));
#1655 = PCURVE('',#291,#1656);
#1656 = DEFINITIONAL_REPRESENTATION('',(#1657),#1661);
#1657 = CIRCLE('',#1658,1.6);
#1658 = AXIS2_PLACEMENT_2D('',#1659,#1660);
#1659 = CARTESIAN_POINT('',(11.65,10.5));
#1660 = DIRECTION('',(0.,1.));
#1661 = ( GEOMETRIC_REPRESENTATION_CONTEXT(2) 
PARAMETRIC_REPRESENTATION_CONTEXT() REPRESENTATION_CONTEXT('2D SPACE',''
  ) );
#1662 = PCURVE('',#1298,#1663);
#1663 = DEFINITIONAL_REPRESENTATION('',(#1664),#1668);
#1664 = LINE('',#1665,#1666);
#1665 = CARTESIAN_POINT('',(-6.28318530718,-4.2));
#1666 = VECTOR('',#1667,1.);
#1667 = DIRECTION('',(1.,-0.));
#1668 = ( GEOMETRIC_REPRESENTATION_CONTEXT(2) 
PARAMETRIC_REPRESENTATION_CONTEXT() REPRESENTATION_CONTEXT('2D SPACE',''
  ) );
#1669 = FACE_BOUND('',#1670,.F.);
#1670 = EDGE_LOOP('',(#1671));
#1671 = ORIENTED_EDGE('',*,*,#1672,.F.);
#1672 = EDGE_CURVE('',#1673,#1673,#1675,.T.);
#1673 = VERTEX_POINT('',#1674);
#1674 = CARTESIAN_POINT('',(-13.9,20.,115.65));
#1675 = SURFACE_CURVE('',#1676,(#1681,#1688),.PCURVE_S1.);
#1676 = CIRCLE('',#1677,1.6);
#1677 = AXIS2_PLACEMENT_3D('',#1678,#1679,#1680);
#1678 = CARTESIAN_POINT('',(-15.5,20.,115.65));
#1679 = DIRECTION('',(-0.,1.,0.));
#1680 = DIRECTION('',(1.,0.,0.));
#1681 = PCURVE('',#291,#1682);
#1682 = DEFINITIONAL_REPRESENTATION('',(#1683),#1687);
#1683 = CIRCLE('',#1684,1.6);
#1684 = AXIS2_PLACEMENT_2D('',#1685,#1686);
#1685 = CARTESIAN_POINT('',(42.65,10.5));
#1686 = DIRECTION('',(0.,1.));
#1687 = ( GEOMETRIC_REPRESENTATION_CONTEXT(2) 
PARAMETRIC_REPRESENTATION_CONTEXT() REPRESENTATION_CONTEXT('2D SPACE',''
  ) );
#1688 = PCURVE('',#1329,#1689);
#1689 = DEFINITIONAL_REPRESENTATION('',(#1690),#1694);
#1690 = LINE('',#1691,#1692);
#1691 = CARTESIAN_POINT('',(-6.28318530718,-4.2));
#1692 = VECTOR('',#1693,1.);
#1693 = DIRECTION('',(1.,-0.));
#1694 = ( GEOMETRIC_REPRESENTATION_CONTEXT(2) 
PARAMETRIC_REPRESENTATION_CONTEXT() REPRESENTATION_CONTEXT('2D SPACE',''
  ) );
#1695 = FACE_BOUND('',#1696,.F.);
#1696 = EDGE_LOOP('',(#1697));
#1697 = ORIENTED_EDGE('',*,*,#1698,.F.);
#1698 = EDGE_CURVE('',#1699,#1699,#1701,.T.);
#1699 = VERTEX_POINT('',#1700);
#1700 = CARTESIAN_POINT('',(17.1,20.,84.65));
#1701 = SURFACE_CURVE('',#1702,(#1707,#1714),.PCURVE_S1.);
#1702 = CIRCLE('',#1703,1.6);
#1703 = AXIS2_PLACEMENT_3D('',#1704,#1705,#1706);
#1704 = CARTESIAN_POINT('',(15.5,20.,84.65));
#1705 = DIRECTION('',(-0.,1.,0.));
#1706 = DIRECTION('',(1.,0.,0.));
#1707 = PCURVE('',#291,#1708);
#1708 = DEFINITIONAL_REPRESENTATION('',(#1709),#1713);
#1709 = CIRCLE('',#1710,1.6);
#1710 = AXIS2_PLACEMENT_2D('',#1711,#1712);
#1711 = CARTESIAN_POINT('',(11.65,41.5));
#1712 = DIRECTION('',(0.,1.));
#1713 = ( GEOMETRIC_REPRESENTATION_CONTEXT(2) 
PARAMETRIC_REPRESENTATION_CONTEXT() REPRESENTATION_CONTEXT('2D SPACE',''
  ) );
#1714 = PCURVE('',#1360,#1715);
#1715 = DEFINITIONAL_REPRESENTATION('',(#1716),#1720);
#1716 = LINE('',#1717,#1718);
#1717 = CARTESIAN_POINT('',(-6.28318530718,-4.2));
#1718 = VECTOR('',#1719,1.);
#1719 = DIRECTION('',(1.,-0.));
#1720 = ( GEOMETRIC_REPRESENTATION_CONTEXT(2) 
PARAMETRIC_REPRESENTATION_CONTEXT() REPRESENTATION_CONTEXT('2D SPACE',''
  ) );
#1721 = FACE_BOUND('',#1722,.F.);
#1722 = EDGE_LOOP('',(#1723));
#1723 = ORIENTED_EDGE('',*,*,#1724,.F.);
#1724 = EDGE_CURVE('',#1725,#1725,#1727,.T.);
#1725 = VERTEX_POINT('',#1726);
#1726 = CARTESIAN_POINT('',(11.15,20.,100.15));
#1727 = SURFACE_CURVE('',#1728,(#1733,#1740),.PCURVE_S1.);
#1728 = CIRCLE('',#1729,11.15);
#1729 = AXIS2_PLACEMENT_3D('',#1730,#1731,#1732);
#1730 = CARTESIAN_POINT('',(0.,20.,100.15));
#1731 = DIRECTION('',(-0.,1.,0.));
#1732 = DIRECTION('',(1.,0.,0.));
#1733 = PCURVE('',#291,#1734);
#1734 = DEFINITIONAL_REPRESENTATION('',(#1735),#1739);
#1735 = CIRCLE('',#1736,11.15);
#1736 = AXIS2_PLACEMENT_2D('',#1737,#1738);
#1737 = CARTESIAN_POINT('',(27.15,26.));
#1738 = DIRECTION('',(0.,1.));
#1739 = ( GEOMETRIC_REPRESENTATION_CONTEXT(2) 
PARAMETRIC_REPRESENTATION_CONTEXT() REPRESENTATION_CONTEXT('2D SPACE',''
  ) );
#1740 = PCURVE('',#1391,#1741);
#1741 = DEFINITIONAL_REPRESENTATION('',(#1742),#1746);
#1742 = LINE('',#1743,#1744);
#1743 = CARTESIAN_POINT('',(-6.28318530718,-4.2));
#1744 = VECTOR('',#1745,1.);
#1745 = DIRECTION('',(1.,-0.));
#1746 = ( GEOMETRIC_REPRESENTATION_CONTEXT(2) 
PARAMETRIC_REPRESENTATION_CONTEXT() REPRESENTATION_CONTEXT('2D SPACE',''
  ) );
#1747 = FACE_BOUND('',#1748,.F.);
#1748 = EDGE_LOOP('',(#1749));
#1749 = ORIENTED_EDGE('',*,*,#1750,.F.);
#1750 = EDGE_CURVE('',#1751,#1751,#1753,.T.);
#1751 = VERTEX_POINT('',#1752);
#1752 = CARTESIAN_POINT('',(17.1,20.,115.65));
#1753 = SURFACE_CURVE('',#1754,(#1759,#1766),.PCURVE_S1.);
#1754 = CIRCLE('',#1755,1.6);
#1755 = AXIS2_PLACEMENT_3D('',#1756,#1757,#1758);
#1756 = CARTESIAN_POINT('',(15.5,20.,115.65));
#1757 = DIRECTION('',(-0.,1.,0.));
#1758 = DIRECTION('',(1.,0.,0.));
#1759 = PCURVE('',#291,#1760);
#1760 = DEFINITIONAL_REPRESENTATION('',(#1761),#1765);
#1761 = CIRCLE('',#1762,1.6);
#1762 = AXIS2_PLACEMENT_2D('',#1763,#1764);
#1763 = CARTESIAN_POINT('',(42.65,41.5));
#1764 = DIRECTION('',(0.,1.));
#1765 = ( GEOMETRIC_REPRESENTATION_CONTEXT(2) 
PARAMETRIC_REPRESENTATION_CONTEXT() REPRESENTATION_CONTEXT('2D SPACE',''
  ) );
#1766 = PCURVE('',#1422,#1767);
#1767 = DEFINITIONAL_REPRESENTATION('',(#1768),#1772);
#1768 = LINE('',#1769,#1770);
#1769 = CARTESIAN_POINT('',(-6.28318530718,-4.2));
#1770 = VECTOR('',#1771,1.);
#1771 = DIRECTION('',(1.,-0.));
#1772 = ( GEOMETRIC_REPRESENTATION_CONTEXT(2) 
PARAMETRIC_REPRESENTATION_CONTEXT() REPRESENTATION_CONTEXT('2D SPACE',''
  ) );
#1773 = ADVANCED_FACE('',(#1774),#317,.F.);
#1774 = FACE_BOUND('',#1775,.F.);
#1775 = EDGE_LOOP('',(#1776,#1777,#1778,#1799));
#1776 = ORIENTED_EDGE('',*,*,#303,.F.);
#1777 = ORIENTED_EDGE('',*,*,#1602,.F.);
#1778 = ORIENTED_EDGE('',*,*,#1779,.T.);
#1779 = EDGE_CURVE('',#1582,#520,#1780,.T.);
#1780 = SURFACE_CURVE('',#1781,(#1785,#1792),.PCURVE_S1.);
#1781 = LINE('',#1782,#1783);
#1782 = CARTESIAN_POINT('',(-22.,20.5,114.15));
#1783 = VECTOR('',#1784,1.);
#1784 = DIRECTION('',(0.,-0.533725221268,-0.845657961698));
#1785 = PCURVE('',#317,#1786);
#1786 = DEFINITIONAL_REPRESENTATION('',(#1787),#1791);
#1787 = LINE('',#1788,#1789);
#1788 = CARTESIAN_POINT('',(0.,-4.));
#1789 = VECTOR('',#1790,1.);
#1790 = DIRECTION('',(1.,0.));
#1791 = ( GEOMETRIC_REPRESENTATION_CONTEXT(2) 
PARAMETRIC_REPRESENTATION_CONTEXT() REPRESENTATION_CONTEXT('2D SPACE',''
  ) );
#1792 = PCURVE('',#534,#1793);
#1793 = DEFINITIONAL_REPRESENTATION('',(#1794),#1798);
#1794 = LINE('',#1795,#1796);
#1795 = CARTESIAN_POINT('',(21.823369046738,-7.251630953262));
#1796 = VECTOR('',#1797,1.);
#1797 = DIRECTION('',(-0.845657961698,0.533725221268));
#1798 = ( GEOMETRIC_REPRESENTATION_CONTEXT(2) 
PARAMETRIC_REPRESENTATION_CONTEXT() REPRESENTATION_CONTEXT('2D SPACE',''
  ) );
#1799 = ORIENTED_EDGE('',*,*,#545,.T.);
#1800 = ADVANCED_FACE('',(#1801),#373,.F.);
#1801 = FACE_BOUND('',#1802,.F.);
#1802 = EDGE_LOOP('',(#1803,#1804,#1805,#1806));
#1803 = ORIENTED_EDGE('',*,*,#724,.F.);
#1804 = ORIENTED_EDGE('',*,*,#696,.T.);
#1805 = ORIENTED_EDGE('',*,*,#357,.T.);
#1806 = ORIENTED_EDGE('',*,*,#1807,.F.);
#1807 = EDGE_CURVE('',#725,#358,#1808,.T.);
#1808 = SURFACE_CURVE('',#1809,(#1813,#1820),.PCURVE_S1.);
#1809 = LINE('',#1810,#1811);
#1810 = CARTESIAN_POINT('',(22.,-24.,73.));
#1811 = VECTOR('',#1812,1.);
#1812 = DIRECTION('',(0.,0.,1.));
#1813 = PCURVE('',#373,#1814);
#1814 = DEFINITIONAL_REPRESENTATION('',(#1815),#1819);
#1815 = LINE('',#1816,#1817);
#1816 = CARTESIAN_POINT('',(0.,48.));
#1817 = VECTOR('',#1818,1.);
#1818 = DIRECTION('',(1.,0.));
#1819 = ( GEOMETRIC_REPRESENTATION_CONTEXT(2) 
PARAMETRIC_REPRESENTATION_CONTEXT() REPRESENTATION_CONTEXT('2D SPACE',''
  ) );
#1820 = PCURVE('',#406,#1821);
#1821 = DEFINITIONAL_REPRESENTATION('',(#1822),#1826);
#1822 = LINE('',#1823,#1824);
#1823 = CARTESIAN_POINT('',(-1.570796326795,0.));
#1824 = VECTOR('',#1825,1.);
#1825 = DIRECTION('',(-0.,1.));
#1826 = ( GEOMETRIC_REPRESENTATION_CONTEXT(2) 
PARAMETRIC_REPRESENTATION_CONTEXT() REPRESENTATION_CONTEXT('2D SPACE',''
  ) );
#1827 = ADVANCED_FACE('',(#1828),#534,.T.);
#1828 = FACE_BOUND('',#1829,.T.);
#1829 = EDGE_LOOP('',(#1830,#1831,#1832));
#1830 = ORIENTED_EDGE('',*,*,#1581,.F.);
#1831 = ORIENTED_EDGE('',*,*,#1779,.T.);
#1832 = ORIENTED_EDGE('',*,*,#519,.T.);
#1833 = ADVANCED_FACE('',(#1834),#406,.T.);
#1834 = FACE_BOUND('',#1835,.F.);
#1835 = EDGE_LOOP('',(#1836,#1837,#1838,#1839));
#1836 = ORIENTED_EDGE('',*,*,#747,.T.);
#1837 = ORIENTED_EDGE('',*,*,#1807,.T.);
#1838 = ORIENTED_EDGE('',*,*,#385,.F.);
#1839 = ORIENTED_EDGE('',*,*,#1840,.F.);
#1840 = EDGE_CURVE('',#748,#386,#1841,.T.);
#1841 = SURFACE_CURVE('',#1842,(#1846,#1853),.PCURVE_S1.);
#1842 = LINE('',#1843,#1844);
#1843 = CARTESIAN_POINT('',(26.,-20.,73.));
#1844 = VECTOR('',#1845,1.);
#1845 = DIRECTION('',(0.,0.,1.));
#1846 = PCURVE('',#406,#1847);
#1847 = DEFINITIONAL_REPRESENTATION('',(#1848),#1852);
#1848 = LINE('',#1849,#1850);
#1849 = CARTESIAN_POINT('',(-0.,0.));
#1850 = VECTOR('',#1851,1.);
#1851 = DIRECTION('',(-0.,1.));
#1852 = ( GEOMETRIC_REPRESENTATION_CONTEXT(2) 
PARAMETRIC_REPRESENTATION_CONTEXT() REPRESENTATION_CONTEXT('2D SPACE',''
  ) );
#1853 = PCURVE('',#434,#1854);
#1854 = DEFINITIONAL_REPRESENTATION('',(#1855),#1859);
#1855 = LINE('',#1856,#1857);
#1856 = CARTESIAN_POINT('',(0.,-4.));
#1857 = VECTOR('',#1858,1.);
#1858 = DIRECTION('',(1.,0.));
#1859 = ( GEOMETRIC_REPRESENTATION_CONTEXT(2) 
PARAMETRIC_REPRESENTATION_CONTEXT() REPRESENTATION_CONTEXT('2D SPACE',''
  ) );
#1860 = ADVANCED_FACE('',(#1861),#434,.T.);
#1861 = FACE_BOUND('',#1862,.T.);
#1862 = EDGE_LOOP('',(#1863,#1864,#1865,#1866,#1889,#1917,#1938,#1939,
    #1940,#1961,#1962));
#1863 = ORIENTED_EDGE('',*,*,#418,.F.);
#1864 = ORIENTED_EDGE('',*,*,#1840,.F.);
#1865 = ORIENTED_EDGE('',*,*,#775,.T.);
#1866 = ORIENTED_EDGE('',*,*,#1867,.T.);
#1867 = EDGE_CURVE('',#776,#1868,#1870,.T.);
#1868 = VERTEX_POINT('',#1869);
#1869 = CARTESIAN_POINT('',(26.,19.2,78.5));
#1870 = SURFACE_CURVE('',#1871,(#1875,#1882),.PCURVE_S1.);
#1871 = LINE('',#1872,#1873);
#1872 = CARTESIAN_POINT('',(26.,19.2,73.));
#1873 = VECTOR('',#1874,1.);
#1874 = DIRECTION('',(0.,0.,1.));
#1875 = PCURVE('',#434,#1876);
#1876 = DEFINITIONAL_REPRESENTATION('',(#1877),#1881);
#1877 = LINE('',#1878,#1879);
#1878 = CARTESIAN_POINT('',(0.,-43.2));
#1879 = VECTOR('',#1880,1.);
#1880 = DIRECTION('',(1.,0.));
#1881 = ( GEOMETRIC_REPRESENTATION_CONTEXT(2) 
PARAMETRIC_REPRESENTATION_CONTEXT() REPRESENTATION_CONTEXT('2D SPACE',''
  ) );
#1882 = PCURVE('',#815,#1883);
#1883 = DEFINITIONAL_REPRESENTATION('',(#1884),#1888);
#1884 = LINE('',#1885,#1886);
#1885 = CARTESIAN_POINT('',(0.,0.));
#1886 = VECTOR('',#1887,1.);
#1887 = DIRECTION('',(0.,1.));
#1888 = ( GEOMETRIC_REPRESENTATION_CONTEXT(2) 
PARAMETRIC_REPRESENTATION_CONTEXT() REPRESENTATION_CONTEXT('2D SPACE',''
  ) );
#1889 = ORIENTED_EDGE('',*,*,#1890,.T.);
#1890 = EDGE_CURVE('',#1868,#1891,#1893,.T.);
#1891 = VERTEX_POINT('',#1892);
#1892 = CARTESIAN_POINT('',(26.,20.,78.5));
#1893 = SURFACE_CURVE('',#1894,(#1898,#1905),.PCURVE_S1.);
#1894 = LINE('',#1895,#1896);
#1895 = CARTESIAN_POINT('',(26.,-2.,78.5));
#1896 = VECTOR('',#1897,1.);
#1897 = DIRECTION('',(0.,1.,0.));
#1898 = PCURVE('',#434,#1899);
#1899 = DEFINITIONAL_REPRESENTATION('',(#1900),#1904);
#1900 = LINE('',#1901,#1902);
#1901 = CARTESIAN_POINT('',(5.5,-22.));
#1902 = VECTOR('',#1903,1.);
#1903 = DIRECTION('',(0.,-1.));
#1904 = ( GEOMETRIC_REPRESENTATION_CONTEXT(2) 
PARAMETRIC_REPRESENTATION_CONTEXT() REPRESENTATION_CONTEXT('2D SPACE',''
  ) );
#1905 = PCURVE('',#1906,#1911);
#1906 = PLANE('',#1907);
#1907 = AXIS2_PLACEMENT_3D('',#1908,#1909,#1910);
#1908 = CARTESIAN_POINT('',(22.,-2.,78.5));
#1909 = DIRECTION('',(0.,0.,1.));
#1910 = DIRECTION('',(0.,1.,0.));
#1911 = DEFINITIONAL_REPRESENTATION('',(#1912),#1916);
#1912 = LINE('',#1913,#1914);
#1913 = CARTESIAN_POINT('',(0.,-4.));
#1914 = VECTOR('',#1915,1.);
#1915 = DIRECTION('',(1.,0.));
#1916 = ( GEOMETRIC_REPRESENTATION_CONTEXT(2) 
PARAMETRIC_REPRESENTATION_CONTEXT() REPRESENTATION_CONTEXT('2D SPACE',''
  ) );
#1917 = ORIENTED_EDGE('',*,*,#1918,.F.);
#1918 = EDGE_CURVE('',#828,#1891,#1919,.T.);
#1919 = SURFACE_CURVE('',#1920,(#1924,#1931),.PCURVE_S1.);
#1920 = LINE('',#1921,#1922);
#1921 = CARTESIAN_POINT('',(26.,20.,73.));
#1922 = VECTOR('',#1923,1.);
#1923 = DIRECTION('',(0.,0.,1.));
#1924 = PCURVE('',#434,#1925);
#1925 = DEFINITIONAL_REPRESENTATION('',(#1926),#1930);
#1926 = LINE('',#1927,#1928);
#1927 = CARTESIAN_POINT('',(0.,-44.));
#1928 = VECTOR('',#1929,1.);
#1929 = DIRECTION('',(1.,0.));
#1930 = ( GEOMETRIC_REPRESENTATION_CONTEXT(2) 
PARAMETRIC_REPRESENTATION_CONTEXT() REPRESENTATION_CONTEXT('2D SPACE',''
  ) );
#1931 = PCURVE('',#843,#1932);
#1932 = DEFINITIONAL_REPRESENTATION('',(#1933),#1937);
#1933 = LINE('',#1934,#1935);
#1934 = CARTESIAN_POINT('',(0.,52.));
#1935 = VECTOR('',#1936,1.);
#1936 = DIRECTION('',(1.,0.));
#1937 = ( GEOMETRIC_REPRESENTATION_CONTEXT(2) 
PARAMETRIC_REPRESENTATION_CONTEXT() REPRESENTATION_CONTEXT('2D SPACE',''
  ) );
#1938 = ORIENTED_EDGE('',*,*,#855,.T.);
#1939 = ORIENTED_EDGE('',*,*,#1258,.T.);
#1940 = ORIENTED_EDGE('',*,*,#1941,.F.);
#1941 = EDGE_CURVE('',#1488,#1226,#1942,.T.);
#1942 = SURFACE_CURVE('',#1943,(#1947,#1954),.PCURVE_S1.);
#1943 = LINE('',#1944,#1945);
#1944 = CARTESIAN_POINT('',(26.,20.,118.15));
#1945 = VECTOR('',#1946,1.);
#1946 = DIRECTION('',(0.,1.,0.));
#1947 = PCURVE('',#434,#1948);
#1948 = DEFINITIONAL_REPRESENTATION('',(#1949),#1953);
#1949 = LINE('',#1950,#1951);
#1950 = CARTESIAN_POINT('',(45.15,-44.));
#1951 = VECTOR('',#1952,1.);
#1952 = DIRECTION('',(0.,-1.));
#1953 = ( GEOMETRIC_REPRESENTATION_CONTEXT(2) 
PARAMETRIC_REPRESENTATION_CONTEXT() REPRESENTATION_CONTEXT('2D SPACE',''
  ) );
#1954 = PCURVE('',#1246,#1955);
#1955 = DEFINITIONAL_REPRESENTATION('',(#1956),#1960);
#1956 = LINE('',#1957,#1958);
#1957 = CARTESIAN_POINT('',(-0.,0.));
#1958 = VECTOR('',#1959,1.);
#1959 = DIRECTION('',(-0.,1.));
#1960 = ( GEOMETRIC_REPRESENTATION_CONTEXT(2) 
PARAMETRIC_REPRESENTATION_CONTEXT() REPRESENTATION_CONTEXT('2D SPACE',''
  ) );
#1961 = ORIENTED_EDGE('',*,*,#1517,.F.);
#1962 = ORIENTED_EDGE('',*,*,#1963,.T.);
#1963 = EDGE_CURVE('',#1518,#419,#1964,.T.);
#1964 = SURFACE_CURVE('',#1965,(#1969,#1976),.PCURVE_S1.);
#1965 = LINE('',#1966,#1967);
#1966 = CARTESIAN_POINT('',(26.,20.5,114.15));
#1967 = VECTOR('',#1968,1.);
#1968 = DIRECTION('',(0.,-0.533725221268,-0.845657961698));
#1969 = PCURVE('',#434,#1970);
#1970 = DEFINITIONAL_REPRESENTATION('',(#1971),#1975);
#1971 = LINE('',#1972,#1973);
#1972 = CARTESIAN_POINT('',(41.15,-44.5));
#1973 = VECTOR('',#1974,1.);
#1974 = DIRECTION('',(-0.845657961698,0.533725221268));
#1975 = ( GEOMETRIC_REPRESENTATION_CONTEXT(2) 
PARAMETRIC_REPRESENTATION_CONTEXT() REPRESENTATION_CONTEXT('2D SPACE',''
  ) );
#1976 = PCURVE('',#461,#1977);
#1977 = DEFINITIONAL_REPRESENTATION('',(#1978),#1982);
#1978 = LINE('',#1979,#1980);
#1979 = CARTESIAN_POINT('',(0.,-4.));
#1980 = VECTOR('',#1981,1.);
#1981 = DIRECTION('',(1.,0.));
#1982 = ( GEOMETRIC_REPRESENTATION_CONTEXT(2) 
PARAMETRIC_REPRESENTATION_CONTEXT() REPRESENTATION_CONTEXT('2D SPACE',''
  ) );
#1983 = ADVANCED_FACE('',(#1984),#487,.F.);
#1984 = FACE_BOUND('',#1985,.F.);
#1985 = EDGE_LOOP('',(#1986,#1987,#2008));
#1986 = ORIENTED_EDGE('',*,*,#1561,.F.);
#1987 = ORIENTED_EDGE('',*,*,#1988,.T.);
#1988 = EDGE_CURVE('',#1541,#447,#1989,.T.);
#1989 = SURFACE_CURVE('',#1990,(#1994,#2001),.PCURVE_S1.);
#1990 = LINE('',#1991,#1992);
#1991 = CARTESIAN_POINT('',(22.,20.5,114.15));
#1992 = VECTOR('',#1993,1.);
#1993 = DIRECTION('',(0.,-0.533725221268,-0.845657961698));
#1994 = PCURVE('',#487,#1995);
#1995 = DEFINITIONAL_REPRESENTATION('',(#1996),#2000);
#1996 = LINE('',#1997,#1998);
#1997 = CARTESIAN_POINT('',(21.823369046738,-7.251630953262));
#1998 = VECTOR('',#1999,1.);
#1999 = DIRECTION('',(-0.845657961698,0.533725221268));
#2000 = ( GEOMETRIC_REPRESENTATION_CONTEXT(2) 
PARAMETRIC_REPRESENTATION_CONTEXT() REPRESENTATION_CONTEXT('2D SPACE',''
  ) );
#2001 = PCURVE('',#461,#2002);
#2002 = DEFINITIONAL_REPRESENTATION('',(#2003),#2007);
#2003 = LINE('',#2004,#2005);
#2004 = CARTESIAN_POINT('',(0.,0.));
#2005 = VECTOR('',#2006,1.);
#2006 = DIRECTION('',(1.,0.));
#2007 = ( GEOMETRIC_REPRESENTATION_CONTEXT(2) 
PARAMETRIC_REPRESENTATION_CONTEXT() REPRESENTATION_CONTEXT('2D SPACE',''
  ) );
#2008 = ORIENTED_EDGE('',*,*,#472,.T.);
#2009 = ADVANCED_FACE('',(#2010),#461,.F.);
#2010 = FACE_BOUND('',#2011,.F.);
#2011 = EDGE_LOOP('',(#2012,#2013,#2014,#2015));
#2012 = ORIENTED_EDGE('',*,*,#1988,.F.);
#2013 = ORIENTED_EDGE('',*,*,#1540,.F.);
#2014 = ORIENTED_EDGE('',*,*,#1963,.T.);
#2015 = ORIENTED_EDGE('',*,*,#446,.T.);
#2016 = ADVANCED_FACE('',(#2017),#587,.F.);
#2017 = FACE_BOUND('',#2018,.T.);
#2018 = EDGE_LOOP('',(#2019,#2048,#2069,#2070));
#2019 = ORIENTED_EDGE('',*,*,#2020,.F.);
#2020 = EDGE_CURVE('',#2021,#2021,#2023,.T.);
#2021 = VERTEX_POINT('',#2022);
#2022 = CARTESIAN_POINT('',(-6.659292143521,-5.75,76.));
#2023 = SURFACE_CURVE('',#2024,(#2029,#2036),.PCURVE_S1.);
#2024 = CIRCLE('',#2025,3.3);
#2025 = AXIS2_PLACEMENT_3D('',#2026,#2027,#2028);
#2026 = CARTESIAN_POINT('',(-9.959292143521,-5.75,76.));
#2027 = DIRECTION('',(0.,0.,1.));
#2028 = DIRECTION('',(1.,0.,0.));
#2029 = PCURVE('',#587,#2030);
#2030 = DEFINITIONAL_REPRESENTATION('',(#2031),#2035);
#2031 = LINE('',#2032,#2033);
#2032 = CARTESIAN_POINT('',(-0.,0.));
#2033 = VECTOR('',#2034,1.);
#2034 = DIRECTION('',(-1.,0.));
#2035 = ( GEOMETRIC_REPRESENTATION_CONTEXT(2) 
PARAMETRIC_REPRESENTATION_CONTEXT() REPRESENTATION_CONTEXT('2D SPACE',''
  ) );
#2036 = PCURVE('',#2037,#2042);
#2037 = PLANE('',#2038);
#2038 = AXIS2_PLACEMENT_3D('',#2039,#2040,#2041);
#2039 = CARTESIAN_POINT('',(-9.959292143521,-5.75,76.));
#2040 = DIRECTION('',(0.,0.,1.));
#2041 = DIRECTION('',(1.,0.,-0.));
#2042 = DEFINITIONAL_REPRESENTATION('',(#2043),#2047);
#2043 = CIRCLE('',#2044,3.3);
#2044 = AXIS2_PLACEMENT_2D('',#2045,#2046);
#2045 = CARTESIAN_POINT('',(-1.7763568394E-15,0.));
#2046 = DIRECTION('',(1.,0.));
#2047 = ( GEOMETRIC_REPRESENTATION_CONTEXT(2) 
PARAMETRIC_REPRESENTATION_CONTEXT() REPRESENTATION_CONTEXT('2D SPACE',''
  ) );
#2048 = ORIENTED_EDGE('',*,*,#2049,.T.);
#2049 = EDGE_CURVE('',#2021,#567,#2050,.T.);
#2050 = SEAM_CURVE('',#2051,(#2055,#2062),.PCURVE_S1.);
#2051 = LINE('',#2052,#2053);
#2052 = CARTESIAN_POINT('',(-6.659292143521,-5.75,76.));
#2053 = VECTOR('',#2054,1.);
#2054 = DIRECTION('',(0.,0.,1.));
#2055 = PCURVE('',#587,#2056);
#2056 = DEFINITIONAL_REPRESENTATION('',(#2057),#2061);
#2057 = LINE('',#2058,#2059);
#2058 = CARTESIAN_POINT('',(-6.28318530718,0.));
#2059 = VECTOR('',#2060,1.);
#2060 = DIRECTION('',(-0.,-1.));
#2061 = ( GEOMETRIC_REPRESENTATION_CONTEXT(2) 
PARAMETRIC_REPRESENTATION_CONTEXT() REPRESENTATION_CONTEXT('2D SPACE',''
  ) );
#2062 = PCURVE('',#587,#2063);
#2063 = DEFINITIONAL_REPRESENTATION('',(#2064),#2068);
#2064 = LINE('',#2065,#2066);
#2065 = CARTESIAN_POINT('',(-0.,0.));
#2066 = VECTOR('',#2067,1.);
#2067 = DIRECTION('',(-0.,-1.));
#2068 = ( GEOMETRIC_REPRESENTATION_CONTEXT(2) 
PARAMETRIC_REPRESENTATION_CONTEXT() REPRESENTATION_CONTEXT('2D SPACE',''
  ) );
#2069 = ORIENTED_EDGE('',*,*,#566,.F.);
#2070 = ORIENTED_EDGE('',*,*,#2049,.F.);
#2071 = ADVANCED_FACE('',(#2072),#622,.F.);
#2072 = FACE_BOUND('',#2073,.T.);
#2073 = EDGE_LOOP('',(#2074,#2103,#2124,#2125));
#2074 = ORIENTED_EDGE('',*,*,#2075,.F.);
#2075 = EDGE_CURVE('',#2076,#2076,#2078,.T.);
#2076 = VERTEX_POINT('',#2077);
#2077 = CARTESIAN_POINT('',(13.259292143521,-5.75,76.));
#2078 = SURFACE_CURVE('',#2079,(#2084,#2091),.PCURVE_S1.);
#2079 = CIRCLE('',#2080,3.3);
#2080 = AXIS2_PLACEMENT_3D('',#2081,#2082,#2083);
#2081 = CARTESIAN_POINT('',(9.959292143521,-5.75,76.));
#2082 = DIRECTION('',(0.,0.,1.));
#2083 = DIRECTION('',(1.,0.,0.));
#2084 = PCURVE('',#622,#2085);
#2085 = DEFINITIONAL_REPRESENTATION('',(#2086),#2090);
#2086 = LINE('',#2087,#2088);
#2087 = CARTESIAN_POINT('',(-0.,0.));
#2088 = VECTOR('',#2089,1.);
#2089 = DIRECTION('',(-1.,0.));
#2090 = ( GEOMETRIC_REPRESENTATION_CONTEXT(2) 
PARAMETRIC_REPRESENTATION_CONTEXT() REPRESENTATION_CONTEXT('2D SPACE',''
  ) );
#2091 = PCURVE('',#2092,#2097);
#2092 = PLANE('',#2093);
#2093 = AXIS2_PLACEMENT_3D('',#2094,#2095,#2096);
#2094 = CARTESIAN_POINT('',(9.959292143521,-5.75,76.));
#2095 = DIRECTION('',(0.,0.,1.));
#2096 = DIRECTION('',(1.,0.,-0.));
#2097 = DEFINITIONAL_REPRESENTATION('',(#2098),#2102);
#2098 = CIRCLE('',#2099,3.3);
#2099 = AXIS2_PLACEMENT_2D('',#2100,#2101);
#2100 = CARTESIAN_POINT('',(1.7763568394E-15,-8.881784197001E-16));
#2101 = DIRECTION('',(1.,0.));
#2102 = ( GEOMETRIC_REPRESENTATION_CONTEXT(2) 
PARAMETRIC_REPRESENTATION_CONTEXT() REPRESENTATION_CONTEXT('2D SPACE',''
  ) );
#2103 = ORIENTED_EDGE('',*,*,#2104,.T.);
#2104 = EDGE_CURVE('',#2076,#602,#2105,.T.);
#2105 = SEAM_CURVE('',#2106,(#2110,#2117),.PCURVE_S1.);
#2106 = LINE('',#2107,#2108);
#2107 = CARTESIAN_POINT('',(13.259292143521,-5.75,76.));
#2108 = VECTOR('',#2109,1.);
#2109 = DIRECTION('',(0.,0.,1.));
#2110 = PCURVE('',#622,#2111);
#2111 = DEFINITIONAL_REPRESENTATION('',(#2112),#2116);
#2112 = LINE('',#2113,#2114);
#2113 = CARTESIAN_POINT('',(-6.28318530718,0.));
#2114 = VECTOR('',#2115,1.);
#2115 = DIRECTION('',(-0.,-1.));
#2116 = ( GEOMETRIC_REPRESENTATION_CONTEXT(2) 
PARAMETRIC_REPRESENTATION_CONTEXT() REPRESENTATION_CONTEXT('2D SPACE',''
  ) );
#2117 = PCURVE('',#622,#2118);
#2118 = DEFINITIONAL_REPRESENTATION('',(#2119),#2123);
#2119 = LINE('',#2120,#2121);
#2120 = CARTESIAN_POINT('',(-0.,0.));
#2121 = VECTOR('',#2122,1.);
#2122 = DIRECTION('',(-0.,-1.));
#2123 = ( GEOMETRIC_REPRESENTATION_CONTEXT(2) 
PARAMETRIC_REPRESENTATION_CONTEXT() REPRESENTATION_CONTEXT('2D SPACE',''
  ) );
#2124 = ORIENTED_EDGE('',*,*,#601,.F.);
#2125 = ORIENTED_EDGE('',*,*,#2104,.F.);
#2126 = ADVANCED_FACE('',(#2127),#657,.F.);
#2127 = FACE_BOUND('',#2128,.T.);
#2128 = EDGE_LOOP('',(#2129,#2158,#2179,#2180));
#2129 = ORIENTED_EDGE('',*,*,#2130,.F.);
#2130 = EDGE_CURVE('',#2131,#2131,#2133,.T.);
#2131 = VERTEX_POINT('',#2132);
#2132 = CARTESIAN_POINT('',(3.3,11.5,76.));
#2133 = SURFACE_CURVE('',#2134,(#2139,#2146),.PCURVE_S1.);
#2134 = CIRCLE('',#2135,3.3);
#2135 = AXIS2_PLACEMENT_3D('',#2136,#2137,#2138);
#2136 = CARTESIAN_POINT('',(7.041719095097E-16,11.5,76.));
#2137 = DIRECTION('',(0.,0.,1.));
#2138 = DIRECTION('',(1.,0.,0.));
#2139 = PCURVE('',#657,#2140);
#2140 = DEFINITIONAL_REPRESENTATION('',(#2141),#2145);
#2141 = LINE('',#2142,#2143);
#2142 = CARTESIAN_POINT('',(-0.,0.));
#2143 = VECTOR('',#2144,1.);
#2144 = DIRECTION('',(-1.,0.));
#2145 = ( GEOMETRIC_REPRESENTATION_CONTEXT(2) 
PARAMETRIC_REPRESENTATION_CONTEXT() REPRESENTATION_CONTEXT('2D SPACE',''
  ) );
#2146 = PCURVE('',#2147,#2152);
#2147 = PLANE('',#2148);
#2148 = AXIS2_PLACEMENT_3D('',#2149,#2150,#2151);
#2149 = CARTESIAN_POINT('',(6.215636966088E-16,11.5,76.));
#2150 = DIRECTION('',(0.,0.,1.));
#2151 = DIRECTION('',(1.,0.,-0.));
#2152 = DEFINITIONAL_REPRESENTATION('',(#2153),#2157);
#2153 = CIRCLE('',#2154,3.3);
#2154 = AXIS2_PLACEMENT_2D('',#2155,#2156);
#2155 = CARTESIAN_POINT('',(8.26082129009E-17,0.));
#2156 = DIRECTION('',(1.,0.));
#2157 = ( GEOMETRIC_REPRESENTATION_CONTEXT(2) 
PARAMETRIC_REPRESENTATION_CONTEXT() REPRESENTATION_CONTEXT('2D SPACE',''
  ) );
#2158 = ORIENTED_EDGE('',*,*,#2159,.T.);
#2159 = EDGE_CURVE('',#2131,#637,#2160,.T.);
#2160 = SEAM_CURVE('',#2161,(#2165,#2172),.PCURVE_S1.);
#2161 = LINE('',#2162,#2163);
#2162 = CARTESIAN_POINT('',(3.3,11.5,76.));
#2163 = VECTOR('',#2164,1.);
#2164 = DIRECTION('',(0.,0.,1.));
#2165 = PCURVE('',#657,#2166);
#2166 = DEFINITIONAL_REPRESENTATION('',(#2167),#2171);
#2167 = LINE('',#2168,#2169);
#2168 = CARTESIAN_POINT('',(-6.28318530718,0.));
#2169 = VECTOR('',#2170,1.);
#2170 = DIRECTION('',(-0.,-1.));
#2171 = ( GEOMETRIC_REPRESENTATION_CONTEXT(2) 
PARAMETRIC_REPRESENTATION_CONTEXT() REPRESENTATION_CONTEXT('2D SPACE',''
  ) );
#2172 = PCURVE('',#657,#2173);
#2173 = DEFINITIONAL_REPRESENTATION('',(#2174),#2178);
#2174 = LINE('',#2175,#2176);
#2175 = CARTESIAN_POINT('',(-0.,0.));
#2176 = VECTOR('',#2177,1.);
#2177 = DIRECTION('',(-0.,-1.));
#2178 = ( GEOMETRIC_REPRESENTATION_CONTEXT(2) 
PARAMETRIC_REPRESENTATION_CONTEXT() REPRESENTATION_CONTEXT('2D SPACE',''
  ) );
#2179 = ORIENTED_EDGE('',*,*,#636,.F.);
#2180 = ORIENTED_EDGE('',*,*,#2159,.F.);
#2181 = ADVANCED_FACE('',(#2182),#815,.T.);
#2182 = FACE_BOUND('',#2183,.T.);
#2183 = EDGE_LOOP('',(#2184,#2185,#2186,#2207));
#2184 = ORIENTED_EDGE('',*,*,#1867,.F.);
#2185 = ORIENTED_EDGE('',*,*,#798,.T.);
#2186 = ORIENTED_EDGE('',*,*,#2187,.T.);
#2187 = EDGE_CURVE('',#799,#2188,#2190,.T.);
#2188 = VERTEX_POINT('',#2189);
#2189 = CARTESIAN_POINT('',(25.919183588453,20.,78.5));
#2190 = SURFACE_CURVE('',#2191,(#2195,#2201),.PCURVE_S1.);
#2191 = LINE('',#2192,#2193);
#2192 = CARTESIAN_POINT('',(25.919183588453,20.,73.));
#2193 = VECTOR('',#2194,1.);
#2194 = DIRECTION('',(0.,0.,1.));
#2195 = PCURVE('',#815,#2196);
#2196 = DEFINITIONAL_REPRESENTATION('',(#2197),#2200);
#2197 = B_SPLINE_CURVE_WITH_KNOTS('',1,(#2198,#2199),.UNSPECIFIED.,.F.,
  .F.,(2,2),(-6.000000070117E-07,6.0000006),.PIECEWISE_BEZIER_KNOTS.);
#2198 = CARTESIAN_POINT('',(0.20135792079,-6.000000070117E-07));
#2199 = CARTESIAN_POINT('',(0.20135792079,6.0000006));
#2200 = ( GEOMETRIC_REPRESENTATION_CONTEXT(2) 
PARAMETRIC_REPRESENTATION_CONTEXT() REPRESENTATION_CONTEXT('2D SPACE',''
  ) );
#2201 = PCURVE('',#843,#2202);
#2202 = DEFINITIONAL_REPRESENTATION('',(#2203),#2206);
#2203 = B_SPLINE_CURVE_WITH_KNOTS('',1,(#2204,#2205),.UNSPECIFIED.,.F.,
  .F.,(2,2),(-6.000000070117E-07,6.0000006),.PIECEWISE_BEZIER_KNOTS.);
#2204 = CARTESIAN_POINT('',(-6.000000070117E-07,51.919183588453));
#2205 = CARTESIAN_POINT('',(6.0000006,51.919183588453));
#2206 = ( GEOMETRIC_REPRESENTATION_CONTEXT(2) 
PARAMETRIC_REPRESENTATION_CONTEXT() REPRESENTATION_CONTEXT('2D SPACE',''
  ) );
#2207 = ORIENTED_EDGE('',*,*,#2208,.F.);
#2208 = EDGE_CURVE('',#1868,#2188,#2209,.T.);
#2209 = SURFACE_CURVE('',#2210,(#2215,#2222),.PCURVE_S1.);
#2210 = CIRCLE('',#2211,4.);
#2211 = AXIS2_PLACEMENT_3D('',#2212,#2213,#2214);
#2212 = CARTESIAN_POINT('',(22.,19.2,78.5));
#2213 = DIRECTION('',(0.,0.,1.));
#2214 = DIRECTION('',(1.,0.,-0.));
#2215 = PCURVE('',#815,#2216);
#2216 = DEFINITIONAL_REPRESENTATION('',(#2217),#2221);
#2217 = LINE('',#2218,#2219);
#2218 = CARTESIAN_POINT('',(0.,5.5));
#2219 = VECTOR('',#2220,1.);
#2220 = DIRECTION('',(1.,0.));
#2221 = ( GEOMETRIC_REPRESENTATION_CONTEXT(2) 
PARAMETRIC_REPRESENTATION_CONTEXT() REPRESENTATION_CONTEXT('2D SPACE',''
  ) );
#2222 = PCURVE('',#1906,#2223);
#2223 = DEFINITIONAL_REPRESENTATION('',(#2224),#2228);
#2224 = CIRCLE('',#2225,4.);
#2225 = AXIS2_PLACEMENT_2D('',#2226,#2227);
#2226 = CARTESIAN_POINT('',(21.2,0.));
#2227 = DIRECTION('',(0.,-1.));
#2228 = ( GEOMETRIC_REPRESENTATION_CONTEXT(2) 
PARAMETRIC_REPRESENTATION_CONTEXT() REPRESENTATION_CONTEXT('2D SPACE',''
  ) );
#2229 = ADVANCED_FACE('',(#2230),#843,.F.);
#2230 = FACE_BOUND('',#2231,.F.);
#2231 = EDGE_LOOP('',(#2232,#2251,#2252,#2253));
#2232 = ORIENTED_EDGE('',*,*,#2233,.T.);
#2233 = EDGE_CURVE('',#2188,#1891,#2234,.T.);
#2234 = SURFACE_CURVE('',#2235,(#2239,#2245),.PCURVE_S1.);
#2235 = LINE('',#2236,#2237);
#2236 = CARTESIAN_POINT('',(-2.,20.,78.5));
#2237 = VECTOR('',#2238,1.);
#2238 = DIRECTION('',(1.,0.,0.));
#2239 = PCURVE('',#843,#2240);
#2240 = DEFINITIONAL_REPRESENTATION('',(#2241),#2244);
#2241 = B_SPLINE_CURVE_WITH_KNOTS('',1,(#2242,#2243),.UNSPECIFIED.,.F.,
  .F.,(2,2),(24.,28.),.PIECEWISE_BEZIER_KNOTS.);
#2242 = CARTESIAN_POINT('',(5.5,48.));
#2243 = CARTESIAN_POINT('',(5.5,52.));
#2244 = ( GEOMETRIC_REPRESENTATION_CONTEXT(2) 
PARAMETRIC_REPRESENTATION_CONTEXT() REPRESENTATION_CONTEXT('2D SPACE',''
  ) );
#2245 = PCURVE('',#1906,#2246);
#2246 = DEFINITIONAL_REPRESENTATION('',(#2247),#2250);
#2247 = B_SPLINE_CURVE_WITH_KNOTS('',1,(#2248,#2249),.UNSPECIFIED.,.F.,
  .F.,(2,2),(24.,28.),.PIECEWISE_BEZIER_KNOTS.);
#2248 = CARTESIAN_POINT('',(22.,0.));
#2249 = CARTESIAN_POINT('',(22.,-4.));
#2250 = ( GEOMETRIC_REPRESENTATION_CONTEXT(2) 
PARAMETRIC_REPRESENTATION_CONTEXT() REPRESENTATION_CONTEXT('2D SPACE',''
  ) );
#2251 = ORIENTED_EDGE('',*,*,#1918,.F.);
#2252 = ORIENTED_EDGE('',*,*,#827,.F.);
#2253 = ORIENTED_EDGE('',*,*,#2187,.T.);
#2254 = ADVANCED_FACE('',(#2255),#972,.F.);
#2255 = FACE_BOUND('',#2256,.T.);
#2256 = EDGE_LOOP('',(#2257,#2280,#2281,#2282));
#2257 = ORIENTED_EDGE('',*,*,#2258,.F.);
#2258 = EDGE_CURVE('',#952,#2259,#2261,.T.);
#2259 = VERTEX_POINT('',#2260);
#2260 = CARTESIAN_POINT('',(-8.259292143521,-5.75,76.));
#2261 = SEAM_CURVE('',#2262,(#2266,#2273),.PCURVE_S1.);
#2262 = LINE('',#2263,#2264);
#2263 = CARTESIAN_POINT('',(-8.259292143521,-5.75,72.));
#2264 = VECTOR('',#2265,1.);
#2265 = DIRECTION('',(0.,0.,1.));
#2266 = PCURVE('',#972,#2267);
#2267 = DEFINITIONAL_REPRESENTATION('',(#2268),#2272);
#2268 = LINE('',#2269,#2270);
#2269 = CARTESIAN_POINT('',(-6.28318530718,0.));
#2270 = VECTOR('',#2271,1.);
#2271 = DIRECTION('',(-0.,-1.));
#2272 = ( GEOMETRIC_REPRESENTATION_CONTEXT(2) 
PARAMETRIC_REPRESENTATION_CONTEXT() REPRESENTATION_CONTEXT('2D SPACE',''
  ) );
#2273 = PCURVE('',#972,#2274);
#2274 = DEFINITIONAL_REPRESENTATION('',(#2275),#2279);
#2275 = LINE('',#2276,#2277);
#2276 = CARTESIAN_POINT('',(-0.,0.));
#2277 = VECTOR('',#2278,1.);
#2278 = DIRECTION('',(-0.,-1.));
#2279 = ( GEOMETRIC_REPRESENTATION_CONTEXT(2) 
PARAMETRIC_REPRESENTATION_CONTEXT() REPRESENTATION_CONTEXT('2D SPACE',''
  ) );
#2280 = ORIENTED_EDGE('',*,*,#951,.T.);
#2281 = ORIENTED_EDGE('',*,*,#2258,.T.);
#2282 = ORIENTED_EDGE('',*,*,#2283,.F.);
#2283 = EDGE_CURVE('',#2259,#2259,#2284,.T.);
#2284 = SURFACE_CURVE('',#2285,(#2290,#2297),.PCURVE_S1.);
#2285 = CIRCLE('',#2286,1.7);
#2286 = AXIS2_PLACEMENT_3D('',#2287,#2288,#2289);
#2287 = CARTESIAN_POINT('',(-9.959292143521,-5.75,76.));
#2288 = DIRECTION('',(0.,0.,-1.));
#2289 = DIRECTION('',(1.,0.,0.));
#2290 = PCURVE('',#972,#2291);
#2291 = DEFINITIONAL_REPRESENTATION('',(#2292),#2296);
#2292 = LINE('',#2293,#2294);
#2293 = CARTESIAN_POINT('',(-6.28318530718,-4.));
#2294 = VECTOR('',#2295,1.);
#2295 = DIRECTION('',(1.,-0.));
#2296 = ( GEOMETRIC_REPRESENTATION_CONTEXT(2) 
PARAMETRIC_REPRESENTATION_CONTEXT() REPRESENTATION_CONTEXT('2D SPACE',''
  ) );
#2297 = PCURVE('',#2037,#2298);
#2298 = DEFINITIONAL_REPRESENTATION('',(#2299),#2307);
#2299 = ( BOUNDED_CURVE() B_SPLINE_CURVE(2,(#2300,#2301,#2302,#2303,
#2304,#2305,#2306),.UNSPECIFIED.,.T.,.F.) B_SPLINE_CURVE_WITH_KNOTS((1,2
    ,2,2,2,1),(-2.094395102393,0.,2.094395102393,4.188790204786,
6.28318530718,8.377580409573),.UNSPECIFIED.) CURVE() 
GEOMETRIC_REPRESENTATION_ITEM() RATIONAL_B_SPLINE_CURVE((1.,0.5,1.,0.5,
1.,0.5,1.)) REPRESENTATION_ITEM('') );
#2300 = CARTESIAN_POINT('',(1.7,0.));
#2301 = CARTESIAN_POINT('',(1.7,-2.944486372867));
#2302 = CARTESIAN_POINT('',(-0.85,-1.472243186434));
#2303 = CARTESIAN_POINT('',(-3.4,-4.163799117101E-16));
#2304 = CARTESIAN_POINT('',(-0.85,1.472243186434));
#2305 = CARTESIAN_POINT('',(1.7,2.944486372867));
#2306 = CARTESIAN_POINT('',(1.7,0.));
#2307 = ( GEOMETRIC_REPRESENTATION_CONTEXT(2) 
PARAMETRIC_REPRESENTATION_CONTEXT() REPRESENTATION_CONTEXT('2D SPACE',''
  ) );
#2308 = ADVANCED_FACE('',(#2309),#1007,.F.);
#2309 = FACE_BOUND('',#2310,.T.);
#2310 = EDGE_LOOP('',(#2311,#2334,#2335,#2336));
#2311 = ORIENTED_EDGE('',*,*,#2312,.F.);
#2312 = EDGE_CURVE('',#987,#2313,#2315,.T.);
#2313 = VERTEX_POINT('',#2314);
#2314 = CARTESIAN_POINT('',(11.659292143521,-5.75,76.));
#2315 = SEAM_CURVE('',#2316,(#2320,#2327),.PCURVE_S1.);
#2316 = LINE('',#2317,#2318);
#2317 = CARTESIAN_POINT('',(11.659292143521,-5.75,72.));
#2318 = VECTOR('',#2319,1.);
#2319 = DIRECTION('',(0.,0.,1.));
#2320 = PCURVE('',#1007,#2321);
#2321 = DEFINITIONAL_REPRESENTATION('',(#2322),#2326);
#2322 = LINE('',#2323,#2324);
#2323 = CARTESIAN_POINT('',(-6.28318530718,0.));
#2324 = VECTOR('',#2325,1.);
#2325 = DIRECTION('',(-0.,-1.));
#2326 = ( GEOMETRIC_REPRESENTATION_CONTEXT(2) 
PARAMETRIC_REPRESENTATION_CONTEXT() REPRESENTATION_CONTEXT('2D SPACE',''
  ) );
#2327 = PCURVE('',#1007,#2328);
#2328 = DEFINITIONAL_REPRESENTATION('',(#2329),#2333);
#2329 = LINE('',#2330,#2331);
#2330 = CARTESIAN_POINT('',(-0.,0.));
#2331 = VECTOR('',#2332,1.);
#2332 = DIRECTION('',(-0.,-1.));
#2333 = ( GEOMETRIC_REPRESENTATION_CONTEXT(2) 
PARAMETRIC_REPRESENTATION_CONTEXT() REPRESENTATION_CONTEXT('2D SPACE',''
  ) );
#2334 = ORIENTED_EDGE('',*,*,#986,.T.);
#2335 = ORIENTED_EDGE('',*,*,#2312,.T.);
#2336 = ORIENTED_EDGE('',*,*,#2337,.F.);
#2337 = EDGE_CURVE('',#2313,#2313,#2338,.T.);
#2338 = SURFACE_CURVE('',#2339,(#2344,#2351),.PCURVE_S1.);
#2339 = CIRCLE('',#2340,1.7);
#2340 = AXIS2_PLACEMENT_3D('',#2341,#2342,#2343);
#2341 = CARTESIAN_POINT('',(9.959292143521,-5.75,76.));
#2342 = DIRECTION('',(0.,0.,-1.));
#2343 = DIRECTION('',(1.,0.,0.));
#2344 = PCURVE('',#1007,#2345);
#2345 = DEFINITIONAL_REPRESENTATION('',(#2346),#2350);
#2346 = LINE('',#2347,#2348);
#2347 = CARTESIAN_POINT('',(-6.28318530718,-4.));
#2348 = VECTOR('',#2349,1.);
#2349 = DIRECTION('',(1.,-0.));
#2350 = ( GEOMETRIC_REPRESENTATION_CONTEXT(2) 
PARAMETRIC_REPRESENTATION_CONTEXT() REPRESENTATION_CONTEXT('2D SPACE',''
  ) );
#2351 = PCURVE('',#2092,#2352);
#2352 = DEFINITIONAL_REPRESENTATION('',(#2353),#2361);
#2353 = ( BOUNDED_CURVE() B_SPLINE_CURVE(2,(#2354,#2355,#2356,#2357,
#2358,#2359,#2360),.UNSPECIFIED.,.T.,.F.) B_SPLINE_CURVE_WITH_KNOTS((1,2
    ,2,2,2,1),(-2.094395102393,0.,2.094395102393,4.188790204786,
6.28318530718,8.377580409573),.UNSPECIFIED.) CURVE() 
GEOMETRIC_REPRESENTATION_ITEM() RATIONAL_B_SPLINE_CURVE((1.,0.5,1.,0.5,
1.,0.5,1.)) REPRESENTATION_ITEM('') );
#2354 = CARTESIAN_POINT('',(1.7,-8.881784197001E-16));
#2355 = CARTESIAN_POINT('',(1.7,-2.944486372867));
#2356 = CARTESIAN_POINT('',(-0.85,-1.472243186434));
#2357 = CARTESIAN_POINT('',(-3.4,-1.30455833141E-15));
#2358 = CARTESIAN_POINT('',(-0.85,1.472243186434));
#2359 = CARTESIAN_POINT('',(1.7,2.944486372867));
#2360 = CARTESIAN_POINT('',(1.7,-8.881784197001E-16));
#2361 = ( GEOMETRIC_REPRESENTATION_CONTEXT(2) 
PARAMETRIC_REPRESENTATION_CONTEXT() REPRESENTATION_CONTEXT('2D SPACE',''
  ) );
#2362 = ADVANCED_FACE('',(#2363),#1042,.F.);
#2363 = FACE_BOUND('',#2364,.T.);
#2364 = EDGE_LOOP('',(#2365,#2366,#2389,#2416));
#2365 = ORIENTED_EDGE('',*,*,#1021,.T.);
#2366 = ORIENTED_EDGE('',*,*,#2367,.T.);
#2367 = EDGE_CURVE('',#1022,#2368,#2370,.T.);
#2368 = VERTEX_POINT('',#2369);
#2369 = CARTESIAN_POINT('',(3.,0.,76.49));
#2370 = SEAM_CURVE('',#2371,(#2375,#2382),.PCURVE_S1.);
#2371 = LINE('',#2372,#2373);
#2372 = CARTESIAN_POINT('',(3.,0.,72.99));
#2373 = VECTOR('',#2374,1.);
#2374 = DIRECTION('',(0.,0.,1.));
#2375 = PCURVE('',#1042,#2376);
#2376 = DEFINITIONAL_REPRESENTATION('',(#2377),#2381);
#2377 = LINE('',#2378,#2379);
#2378 = CARTESIAN_POINT('',(-6.28318530718,0.));
#2379 = VECTOR('',#2380,1.);
#2380 = DIRECTION('',(-0.,-1.));
#2381 = ( GEOMETRIC_REPRESENTATION_CONTEXT(2) 
PARAMETRIC_REPRESENTATION_CONTEXT() REPRESENTATION_CONTEXT('2D SPACE',''
  ) );
#2382 = PCURVE('',#1042,#2383);
#2383 = DEFINITIONAL_REPRESENTATION('',(#2384),#2388);
#2384 = LINE('',#2385,#2386);
#2385 = CARTESIAN_POINT('',(-0.,0.));
#2386 = VECTOR('',#2387,1.);
#2387 = DIRECTION('',(-0.,-1.));
#2388 = ( GEOMETRIC_REPRESENTATION_CONTEXT(2) 
PARAMETRIC_REPRESENTATION_CONTEXT() REPRESENTATION_CONTEXT('2D SPACE',''
  ) );
#2389 = ORIENTED_EDGE('',*,*,#2390,.T.);
#2390 = EDGE_CURVE('',#2368,#2368,#2391,.T.);
#2391 = SURFACE_CURVE('',#2392,(#2397,#2404),.PCURVE_S1.);
#2392 = CIRCLE('',#2393,3.);
#2393 = AXIS2_PLACEMENT_3D('',#2394,#2395,#2396);
#2394 = CARTESIAN_POINT('',(0.,0.,76.49));
#2395 = DIRECTION('',(0.,0.,1.));
#2396 = DIRECTION('',(1.,0.,0.));
#2397 = PCURVE('',#1042,#2398);
#2398 = DEFINITIONAL_REPRESENTATION('',(#2399),#2403);
#2399 = LINE('',#2400,#2401);
#2400 = CARTESIAN_POINT('',(-0.,-3.5));
#2401 = VECTOR('',#2402,1.);
#2402 = DIRECTION('',(-1.,0.));
#2403 = ( GEOMETRIC_REPRESENTATION_CONTEXT(2) 
PARAMETRIC_REPRESENTATION_CONTEXT() REPRESENTATION_CONTEXT('2D SPACE',''
  ) );
#2404 = PCURVE('',#2405,#2410);
#2405 = PLANE('',#2406);
#2406 = AXIS2_PLACEMENT_3D('',#2407,#2408,#2409);
#2407 = CARTESIAN_POINT('',(-1.709300165674E-16,-8.51133553645E-18,76.49
    ));
#2408 = DIRECTION('',(0.,0.,1.));
#2409 = DIRECTION('',(1.,0.,-0.));
#2410 = DEFINITIONAL_REPRESENTATION('',(#2411),#2415);
#2411 = CIRCLE('',#2412,3.);
#2412 = AXIS2_PLACEMENT_2D('',#2413,#2414);
#2413 = CARTESIAN_POINT('',(1.709300165674E-16,8.51133553645E-18));
#2414 = DIRECTION('',(1.,0.));
#2415 = ( GEOMETRIC_REPRESENTATION_CONTEXT(2) 
PARAMETRIC_REPRESENTATION_CONTEXT() REPRESENTATION_CONTEXT('2D SPACE',''
  ) );
#2416 = ORIENTED_EDGE('',*,*,#2367,.F.);
#2417 = ADVANCED_FACE('',(#2418),#1077,.F.);
#2418 = FACE_BOUND('',#2419,.T.);
#2419 = EDGE_LOOP('',(#2420,#2443,#2444,#2445));
#2420 = ORIENTED_EDGE('',*,*,#2421,.F.);
#2421 = EDGE_CURVE('',#1057,#2422,#2424,.T.);
#2422 = VERTEX_POINT('',#2423);
#2423 = CARTESIAN_POINT('',(1.7,11.5,76.));
#2424 = SEAM_CURVE('',#2425,(#2429,#2436),.PCURVE_S1.);
#2425 = LINE('',#2426,#2427);
#2426 = CARTESIAN_POINT('',(1.7,11.5,72.));
#2427 = VECTOR('',#2428,1.);
#2428 = DIRECTION('',(0.,0.,1.));
#2429 = PCURVE('',#1077,#2430);
#2430 = DEFINITIONAL_REPRESENTATION('',(#2431),#2435);
#2431 = LINE('',#2432,#2433);
#2432 = CARTESIAN_POINT('',(-6.28318530718,0.));
#2433 = VECTOR('',#2434,1.);
#2434 = DIRECTION('',(-0.,-1.));
#2435 = ( GEOMETRIC_REPRESENTATION_CONTEXT(2) 
PARAMETRIC_REPRESENTATION_CONTEXT() REPRESENTATION_CONTEXT('2D SPACE',''
  ) );
#2436 = PCURVE('',#1077,#2437);
#2437 = DEFINITIONAL_REPRESENTATION('',(#2438),#2442);
#2438 = LINE('',#2439,#2440);
#2439 = CARTESIAN_POINT('',(-0.,0.));
#2440 = VECTOR('',#2441,1.);
#2441 = DIRECTION('',(-0.,-1.));
#2442 = ( GEOMETRIC_REPRESENTATION_CONTEXT(2) 
PARAMETRIC_REPRESENTATION_CONTEXT() REPRESENTATION_CONTEXT('2D SPACE',''
  ) );
#2443 = ORIENTED_EDGE('',*,*,#1056,.T.);
#2444 = ORIENTED_EDGE('',*,*,#2421,.T.);
#2445 = ORIENTED_EDGE('',*,*,#2446,.F.);
#2446 = EDGE_CURVE('',#2422,#2422,#2447,.T.);
#2447 = SURFACE_CURVE('',#2448,(#2453,#2460),.PCURVE_S1.);
#2448 = CIRCLE('',#2449,1.7);
#2449 = AXIS2_PLACEMENT_3D('',#2450,#2451,#2452);
#2450 = CARTESIAN_POINT('',(7.041719095097E-16,11.5,76.));
#2451 = DIRECTION('',(0.,0.,-1.));
#2452 = DIRECTION('',(1.,0.,0.));
#2453 = PCURVE('',#1077,#2454);
#2454 = DEFINITIONAL_REPRESENTATION('',(#2455),#2459);
#2455 = LINE('',#2456,#2457);
#2456 = CARTESIAN_POINT('',(-6.28318530718,-4.));
#2457 = VECTOR('',#2458,1.);
#2458 = DIRECTION('',(1.,-0.));
#2459 = ( GEOMETRIC_REPRESENTATION_CONTEXT(2) 
PARAMETRIC_REPRESENTATION_CONTEXT() REPRESENTATION_CONTEXT('2D SPACE',''
  ) );
#2460 = PCURVE('',#2147,#2461);
#2461 = DEFINITIONAL_REPRESENTATION('',(#2462),#2470);
#2462 = ( BOUNDED_CURVE() B_SPLINE_CURVE(2,(#2463,#2464,#2465,#2466,
#2467,#2468,#2469),.UNSPECIFIED.,.T.,.F.) B_SPLINE_CURVE_WITH_KNOTS((1,2
    ,2,2,2,1),(-2.094395102393,0.,2.094395102393,4.188790204786,
6.28318530718,8.377580409573),.UNSPECIFIED.) CURVE() 
GEOMETRIC_REPRESENTATION_ITEM() RATIONAL_B_SPLINE_CURVE((1.,0.5,1.,0.5,
1.,0.5,1.)) REPRESENTATION_ITEM('') );
#2463 = CARTESIAN_POINT('',(1.7,0.));
#2464 = CARTESIAN_POINT('',(1.7,-2.944486372867));
#2465 = CARTESIAN_POINT('',(-0.85,-1.472243186434));
#2466 = CARTESIAN_POINT('',(-3.4,-4.163799117101E-16));
#2467 = CARTESIAN_POINT('',(-0.85,1.472243186434));
#2468 = CARTESIAN_POINT('',(1.7,2.944486372867));
#2469 = CARTESIAN_POINT('',(1.7,0.));
#2470 = ( GEOMETRIC_REPRESENTATION_CONTEXT(2) 
PARAMETRIC_REPRESENTATION_CONTEXT() REPRESENTATION_CONTEXT('2D SPACE',''
  ) );
#2471 = ADVANCED_FACE('',(#2472),#1246,.T.);
#2472 = FACE_BOUND('',#2473,.F.);
#2473 = EDGE_LOOP('',(#2474,#2475,#2496,#2497));
#2474 = ORIENTED_EDGE('',*,*,#1487,.T.);
#2475 = ORIENTED_EDGE('',*,*,#2476,.T.);
#2476 = EDGE_CURVE('',#1490,#1198,#2477,.T.);
#2477 = SURFACE_CURVE('',#2478,(#2482,#2489),.PCURVE_S1.);
#2478 = LINE('',#2479,#2480);
#2479 = CARTESIAN_POINT('',(20.,20.,124.15));
#2480 = VECTOR('',#2481,1.);
#2481 = DIRECTION('',(0.,1.,0.));
#2482 = PCURVE('',#1246,#2483);
#2483 = DEFINITIONAL_REPRESENTATION('',(#2484),#2488);
#2484 = LINE('',#2485,#2486);
#2485 = CARTESIAN_POINT('',(-1.570796326795,0.));
#2486 = VECTOR('',#2487,1.);
#2487 = DIRECTION('',(-0.,1.));
#2488 = ( GEOMETRIC_REPRESENTATION_CONTEXT(2) 
PARAMETRIC_REPRESENTATION_CONTEXT() REPRESENTATION_CONTEXT('2D SPACE',''
  ) );
#2489 = PCURVE('',#1213,#2490);
#2490 = DEFINITIONAL_REPRESENTATION('',(#2491),#2495);
#2491 = LINE('',#2492,#2493);
#2492 = CARTESIAN_POINT('',(46.,0.));
#2493 = VECTOR('',#2494,1.);
#2494 = DIRECTION('',(0.,1.));
#2495 = ( GEOMETRIC_REPRESENTATION_CONTEXT(2) 
PARAMETRIC_REPRESENTATION_CONTEXT() REPRESENTATION_CONTEXT('2D SPACE',''
  ) );
#2496 = ORIENTED_EDGE('',*,*,#1225,.F.);
#2497 = ORIENTED_EDGE('',*,*,#1941,.F.);
#2498 = ADVANCED_FACE('',(#2499),#1213,.T.);
#2499 = FACE_BOUND('',#2500,.T.);
#2500 = EDGE_LOOP('',(#2501,#2502,#2503,#2504));
#2501 = ORIENTED_EDGE('',*,*,#1197,.F.);
#2502 = ORIENTED_EDGE('',*,*,#1461,.F.);
#2503 = ORIENTED_EDGE('',*,*,#1623,.T.);
#2504 = ORIENTED_EDGE('',*,*,#2476,.T.);
#2505 = ADVANCED_FACE('',(#2506),#1298,.F.);
#2506 = FACE_BOUND('',#2507,.T.);
#2507 = EDGE_LOOP('',(#2508,#2509,#2530,#2531));
#2508 = ORIENTED_EDGE('',*,*,#1281,.T.);
#2509 = ORIENTED_EDGE('',*,*,#2510,.T.);
#2510 = EDGE_CURVE('',#1282,#1647,#2511,.T.);
#2511 = SEAM_CURVE('',#2512,(#2516,#2523),.PCURVE_S1.);
#2512 = LINE('',#2513,#2514);
#2513 = CARTESIAN_POINT('',(-13.9,24.2,84.65));
#2514 = VECTOR('',#2515,1.);
#2515 = DIRECTION('',(0.,-1.,0.));
#2516 = PCURVE('',#1298,#2517);
#2517 = DEFINITIONAL_REPRESENTATION('',(#2518),#2522);
#2518 = LINE('',#2519,#2520);
#2519 = CARTESIAN_POINT('',(-6.28318530718,0.));
#2520 = VECTOR('',#2521,1.);
#2521 = DIRECTION('',(-0.,-1.));
#2522 = ( GEOMETRIC_REPRESENTATION_CONTEXT(2) 
PARAMETRIC_REPRESENTATION_CONTEXT() REPRESENTATION_CONTEXT('2D SPACE',''
  ) );
#2523 = PCURVE('',#1298,#2524);
#2524 = DEFINITIONAL_REPRESENTATION('',(#2525),#2529);
#2525 = LINE('',#2526,#2527);
#2526 = CARTESIAN_POINT('',(-0.,0.));
#2527 = VECTOR('',#2528,1.);
#2528 = DIRECTION('',(-0.,-1.));
#2529 = ( GEOMETRIC_REPRESENTATION_CONTEXT(2) 
PARAMETRIC_REPRESENTATION_CONTEXT() REPRESENTATION_CONTEXT('2D SPACE',''
  ) );
#2530 = ORIENTED_EDGE('',*,*,#1646,.F.);
#2531 = ORIENTED_EDGE('',*,*,#2510,.F.);
#2532 = ADVANCED_FACE('',(#2533),#1329,.F.);
#2533 = FACE_BOUND('',#2534,.T.);
#2534 = EDGE_LOOP('',(#2535,#2536,#2557,#2558));
#2535 = ORIENTED_EDGE('',*,*,#1312,.T.);
#2536 = ORIENTED_EDGE('',*,*,#2537,.T.);
#2537 = EDGE_CURVE('',#1313,#1673,#2538,.T.);
#2538 = SEAM_CURVE('',#2539,(#2543,#2550),.PCURVE_S1.);
#2539 = LINE('',#2540,#2541);
#2540 = CARTESIAN_POINT('',(-13.9,24.2,115.65));
#2541 = VECTOR('',#2542,1.);
#2542 = DIRECTION('',(0.,-1.,0.));
#2543 = PCURVE('',#1329,#2544);
#2544 = DEFINITIONAL_REPRESENTATION('',(#2545),#2549);
#2545 = LINE('',#2546,#2547);
#2546 = CARTESIAN_POINT('',(-6.28318530718,0.));
#2547 = VECTOR('',#2548,1.);
#2548 = DIRECTION('',(-0.,-1.));
#2549 = ( GEOMETRIC_REPRESENTATION_CONTEXT(2) 
PARAMETRIC_REPRESENTATION_CONTEXT() REPRESENTATION_CONTEXT('2D SPACE',''
  ) );
#2550 = PCURVE('',#1329,#2551);
#2551 = DEFINITIONAL_REPRESENTATION('',(#2552),#2556);
#2552 = LINE('',#2553,#2554);
#2553 = CARTESIAN_POINT('',(-0.,0.));
#2554 = VECTOR('',#2555,1.);
#2555 = DIRECTION('',(-0.,-1.));
#2556 = ( GEOMETRIC_REPRESENTATION_CONTEXT(2) 
PARAMETRIC_REPRESENTATION_CONTEXT() REPRESENTATION_CONTEXT('2D SPACE',''
  ) );
#2557 = ORIENTED_EDGE('',*,*,#1672,.F.);
#2558 = ORIENTED_EDGE('',*,*,#2537,.F.);
#2559 = ADVANCED_FACE('',(#2560),#1360,.F.);
#2560 = FACE_BOUND('',#2561,.T.);
#2561 = EDGE_LOOP('',(#2562,#2563,#2584,#2585));
#2562 = ORIENTED_EDGE('',*,*,#1343,.T.);
#2563 = ORIENTED_EDGE('',*,*,#2564,.T.);
#2564 = EDGE_CURVE('',#1344,#1699,#2565,.T.);
#2565 = SEAM_CURVE('',#2566,(#2570,#2577),.PCURVE_S1.);
#2566 = LINE('',#2567,#2568);
#2567 = CARTESIAN_POINT('',(17.1,24.2,84.65));
#2568 = VECTOR('',#2569,1.);
#2569 = DIRECTION('',(0.,-1.,0.));
#2570 = PCURVE('',#1360,#2571);
#2571 = DEFINITIONAL_REPRESENTATION('',(#2572),#2576);
#2572 = LINE('',#2573,#2574);
#2573 = CARTESIAN_POINT('',(-6.28318530718,0.));
#2574 = VECTOR('',#2575,1.);
#2575 = DIRECTION('',(-0.,-1.));
#2576 = ( GEOMETRIC_REPRESENTATION_CONTEXT(2) 
PARAMETRIC_REPRESENTATION_CONTEXT() REPRESENTATION_CONTEXT('2D SPACE',''
  ) );
#2577 = PCURVE('',#1360,#2578);
#2578 = DEFINITIONAL_REPRESENTATION('',(#2579),#2583);
#2579 = LINE('',#2580,#2581);
#2580 = CARTESIAN_POINT('',(-0.,0.));
#2581 = VECTOR('',#2582,1.);
#2582 = DIRECTION('',(-0.,-1.));
#2583 = ( GEOMETRIC_REPRESENTATION_CONTEXT(2) 
PARAMETRIC_REPRESENTATION_CONTEXT() REPRESENTATION_CONTEXT('2D SPACE',''
  ) );
#2584 = ORIENTED_EDGE('',*,*,#1698,.F.);
#2585 = ORIENTED_EDGE('',*,*,#2564,.F.);
#2586 = ADVANCED_FACE('',(#2587),#1391,.F.);
#2587 = FACE_BOUND('',#2588,.T.);
#2588 = EDGE_LOOP('',(#2589,#2590,#2611,#2612));
#2589 = ORIENTED_EDGE('',*,*,#1374,.T.);
#2590 = ORIENTED_EDGE('',*,*,#2591,.T.);
#2591 = EDGE_CURVE('',#1375,#1725,#2592,.T.);
#2592 = SEAM_CURVE('',#2593,(#2597,#2604),.PCURVE_S1.);
#2593 = LINE('',#2594,#2595);
#2594 = CARTESIAN_POINT('',(11.15,24.2,100.15));
#2595 = VECTOR('',#2596,1.);
#2596 = DIRECTION('',(0.,-1.,0.));
#2597 = PCURVE('',#1391,#2598);
#2598 = DEFINITIONAL_REPRESENTATION('',(#2599),#2603);
#2599 = LINE('',#2600,#2601);
#2600 = CARTESIAN_POINT('',(-6.28318530718,0.));
#2601 = VECTOR('',#2602,1.);
#2602 = DIRECTION('',(-0.,-1.));
#2603 = ( GEOMETRIC_REPRESENTATION_CONTEXT(2) 
PARAMETRIC_REPRESENTATION_CONTEXT() REPRESENTATION_CONTEXT('2D SPACE',''
  ) );
#2604 = PCURVE('',#1391,#2605);
#2605 = DEFINITIONAL_REPRESENTATION('',(#2606),#2610);
#2606 = LINE('',#2607,#2608);
#2607 = CARTESIAN_POINT('',(-0.,0.));
#2608 = VECTOR('',#2609,1.);
#2609 = DIRECTION('',(-0.,-1.));
#2610 = ( GEOMETRIC_REPRESENTATION_CONTEXT(2) 
PARAMETRIC_REPRESENTATION_CONTEXT() REPRESENTATION_CONTEXT('2D SPACE',''
  ) );
#2611 = ORIENTED_EDGE('',*,*,#1724,.F.);
#2612 = ORIENTED_EDGE('',*,*,#2591,.F.);
#2613 = ADVANCED_FACE('',(#2614),#1422,.F.);
#2614 = FACE_BOUND('',#2615,.T.);
#2615 = EDGE_LOOP('',(#2616,#2617,#2638,#2639));
#2616 = ORIENTED_EDGE('',*,*,#1405,.T.);
#2617 = ORIENTED_EDGE('',*,*,#2618,.T.);
#2618 = EDGE_CURVE('',#1406,#1751,#2619,.T.);
#2619 = SEAM_CURVE('',#2620,(#2624,#2631),.PCURVE_S1.);
#2620 = LINE('',#2621,#2622);
#2621 = CARTESIAN_POINT('',(17.1,24.2,115.65));
#2622 = VECTOR('',#2623,1.);
#2623 = DIRECTION('',(0.,-1.,0.));
#2624 = PCURVE('',#1422,#2625);
#2625 = DEFINITIONAL_REPRESENTATION('',(#2626),#2630);
#2626 = LINE('',#2627,#2628);
#2627 = CARTESIAN_POINT('',(-6.28318530718,0.));
#2628 = VECTOR('',#2629,1.);
#2629 = DIRECTION('',(-0.,-1.));
#2630 = ( GEOMETRIC_REPRESENTATION_CONTEXT(2) 
PARAMETRIC_REPRESENTATION_CONTEXT() REPRESENTATION_CONTEXT('2D SPACE',''
  ) );
#2631 = PCURVE('',#1422,#2632);
#2632 = DEFINITIONAL_REPRESENTATION('',(#2633),#2637);
#2633 = LINE('',#2634,#2635);
#2634 = CARTESIAN_POINT('',(-0.,0.));
#2635 = VECTOR('',#2636,1.);
#2636 = DIRECTION('',(-0.,-1.));
#2637 = ( GEOMETRIC_REPRESENTATION_CONTEXT(2) 
PARAMETRIC_REPRESENTATION_CONTEXT() REPRESENTATION_CONTEXT('2D SPACE',''
  ) );
#2638 = ORIENTED_EDGE('',*,*,#1750,.F.);
#2639 = ORIENTED_EDGE('',*,*,#2618,.F.);
#2640 = ADVANCED_FACE('',(#2641),#1906,.F.);
#2641 = FACE_BOUND('',#2642,.F.);
#2642 = EDGE_LOOP('',(#2643,#2644,#2645));
#2643 = ORIENTED_EDGE('',*,*,#2208,.F.);
#2644 = ORIENTED_EDGE('',*,*,#1890,.T.);
#2645 = ORIENTED_EDGE('',*,*,#2233,.F.);
#2646 = ADVANCED_FACE('',(#2647,#2650),#2037,.T.);
#2647 = FACE_BOUND('',#2648,.T.);
#2648 = EDGE_LOOP('',(#2649));
#2649 = ORIENTED_EDGE('',*,*,#2020,.T.);
#2650 = FACE_BOUND('',#2651,.T.);
#2651 = EDGE_LOOP('',(#2652));
#2652 = ORIENTED_EDGE('',*,*,#2283,.T.);
#2653 = ADVANCED_FACE('',(#2654,#2657),#2092,.T.);
#2654 = FACE_BOUND('',#2655,.T.);
#2655 = EDGE_LOOP('',(#2656));
#2656 = ORIENTED_EDGE('',*,*,#2075,.T.);
#2657 = FACE_BOUND('',#2658,.T.);
#2658 = EDGE_LOOP('',(#2659));
#2659 = ORIENTED_EDGE('',*,*,#2337,.T.);
#2660 = ADVANCED_FACE('',(#2661,#2664),#2147,.T.);
#2661 = FACE_BOUND('',#2662,.T.);
#2662 = EDGE_LOOP('',(#2663));
#2663 = ORIENTED_EDGE('',*,*,#2130,.T.);
#2664 = FACE_BOUND('',#2665,.T.);
#2665 = EDGE_LOOP('',(#2666));
#2666 = ORIENTED_EDGE('',*,*,#2446,.T.);
#2667 = ADVANCED_FACE('',(#2668),#2405,.F.);
#2668 = FACE_BOUND('',#2669,.F.);
#2669 = EDGE_LOOP('',(#2670));
#2670 = ORIENTED_EDGE('',*,*,#2390,.T.);
#2671 = ( GEOMETRIC_REPRESENTATION_CONTEXT(3) 
GLOBAL_UNCERTAINTY_ASSIGNED_CONTEXT((#2675)) 
GLOBAL_UNIT_ASSIGNED_CONTEXT((#2672,#2673,#2674)) REPRESENTATION_CONTEXT
('Context #1','3D Context with UNIT and UNCERTAINTY') );
#2672 = ( LENGTH_UNIT() NAMED_UNIT(*) SI_UNIT(.MILLI.,.METRE.) );
#2673 = ( NAMED_UNIT(*) PLANE_ANGLE_UNIT() SI_UNIT($,.RADIAN.) );
#2674 = ( NAMED_UNIT(*) SI_UNIT($,.STERADIAN.) SOLID_ANGLE_UNIT() );
#2675 = UNCERTAINTY_MEASURE_WITH_UNIT(LENGTH_MEASURE(1.E-07),#2672,
  'distance_accuracy_value','confusion accuracy');
#2676 = PRODUCT_RELATED_PRODUCT_CATEGORY('part',$,(#7));
ENDSEC;
END-ISO-10303-21;
